{
  "dataset": "ENZYMES",
  "embedding_dim": 256,
  "epochs": 100,
  "lr": 0.001,
  "dropout": 0.3,
  "batch_size": 64,
  "num_layers": 5,
  "pooling": "mean",
  "train_time_sec": 17.683022499084473,
  "embed_time_sec": 0.1410691738128662,
  "total_time_sec": 17.82409167289734,
  "val_best_acc": 0.5081967213114754,
  "train_acc": 0.732776617954071,
  "val_acc": 0.5081967213114754,
  "test_acc": 0.36666666666666664,
  "peak_tracemalloc_mb": 0.7165956497192383,
  "rss_before_mb": 1457.51171875,
  "rss_after_mb": 1457.51171875,
  "device": "cuda"
}