{
  "dataset": "ENZYMES",
  "embedding_dim": 64,
  "epochs": 100,
  "lr": 0.001,
  "dropout": 0.0,
  "batch_size": 64,
  "num_layers": 5,
  "pooling": "mean",
  "train_time_sec": 17.72559690475464,
  "embed_time_sec": 0.14160728454589844,
  "total_time_sec": 17.867204189300537,
  "val_best_acc": 0.5081967213114754,
  "train_acc": 0.9081419624217119,
  "val_acc": 0.5081967213114754,
  "test_acc": 0.35,
  "peak_tracemalloc_mb": 0.3018989562988281,
  "rss_before_mb": 1454.296875,
  "rss_after_mb": 1454.38671875,
  "device": "cuda"
}