dataset,dim,epochs,lr,dropout,it_time_s,embed_time_s,total_time_s,val_acc,test_acc,peak_tracemalloc_mb,rss_before_mb,rss_after_mb
IMDB-MULTI,128,40,0.0005,0.0,21.002569913864136,0.4787602424621582,21.481330156326294,0.52,0.44666666666666666,0.8565683364868164,1467.01953125,1467.01953125
