{
  "dataset": "IMDB-MULTI",
  "embedding_dim": 128,
  "epochs": 100,
  "lr": 0.001,
  "dropout": 0.0,
  "batch_size": 64,
  "num_layers": 5,
  "pooling": "mean",
  "train_time_sec": 52.392478227615356,
  "embed_time_sec": 0.45580220222473145,
  "total_time_sec": 52.84828042984009,
  "val_best_acc": 0.5266666666666666,
  "train_acc": 0.49,
  "val_acc": 0.5266666666666666,
  "test_acc": 0.46,
  "peak_tracemalloc_mb": 0.8697834014892578,
  "rss_before_mb": 1467.01953125,
  "rss_after_mb": 1467.01953125,
  "device": "cuda"
}