{
  "dataset": "IMDB-MULTI",
  "embedding_dim": 64,
  "epochs": 100,
  "lr": 0.001,
  "dropout": 0.0,
  "batch_size": 64,
  "num_layers": 5,
  "pooling": "mean",
  "train_time_sec": 52.08370566368103,
  "embed_time_sec": 0.4541795253753662,
  "total_time_sec": 52.5378851890564,
  "val_best_acc": 0.5333333333333333,
  "train_acc": 0.4891666666666667,
  "val_acc": 0.5333333333333333,
  "test_acc": 0.48,
  "peak_tracemalloc_mb": 0.5184059143066406,
  "rss_before_mb": 1465.43359375,
  "rss_after_mb": 1465.43359375,
  "device": "cuda"
}