{
  "dataset": "MUTAG",
  "embedding_dim": 128,
  "epochs": 100,
  "lr": 0.001,
  "dropout": 0.3,
  "batch_size": 64,
  "num_layers": 5,
  "pooling": "mean",
  "train_time_sec": 6.7255964279174805,
  "embed_time_sec": 0.05778646469116211,
  "total_time_sec": 6.783382892608643,
  "val_best_acc": 0.9473684210526315,
  "train_acc": 0.92,
  "val_acc": 0.9473684210526315,
  "test_acc": 0.7894736842105263,
  "peak_tracemalloc_mb": 0.26166248321533203,
  "rss_before_mb": 1445.203125,
  "rss_after_mb": 1445.40234375,
  "device": "cuda"
}