label,dim0,dim1,dim2,dim3,dim4,dim5,dim6,dim7,dim8,dim9,dim10,dim11,dim12,dim13,dim14,dim15,dim16,dim17,dim18,dim19,dim20,dim21,dim22,dim23,dim24,dim25,dim26,dim27,dim28,dim29,dim30,dim31,dim32,dim33,dim34,dim35,dim36,dim37,dim38,dim39,dim40,dim41,dim42,dim43,dim44,dim45,dim46,dim47,dim48,dim49,dim50,dim51,dim52,dim53,dim54,dim55,dim56,dim57,dim58,dim59,dim60,dim61,dim62,dim63,dim64,dim65,dim66,dim67,dim68,dim69,dim70,dim71,dim72,dim73,dim74,dim75,dim76,dim77,dim78,dim79,dim80,dim81,dim82,dim83,dim84,dim85,dim86,dim87,dim88,dim89,dim90,dim91,dim92,dim93,dim94,dim95,dim96,dim97,dim98,dim99,dim100,dim101,dim102,dim103,dim104,dim105,dim106,dim107,dim108,dim109,dim110,dim111,dim112,dim113,dim114,dim115,dim116,dim117,dim118,dim119,dim120,dim121,dim122,dim123,dim124,dim125,dim126,dim127
1,0.7173560857772827,0.48172834515571594,0.5819724798202515,0.6004713177680969,0.6921570897102356,0.723061203956604,0.5355954766273499,0.7734596133232117,0.5055015683174133,0.5062995553016663,0.7365639805793762,0.36513441801071167,0.7488214373588562,0.7272590398788452,0.6046618819236755,0.6145837306976318,0.3201020359992981,0.7446973323822021,0.4558350145816803,0.6779397130012512,0.7311953902244568,0.7554137706756592,0.4381515681743622,0.3751298189163208,0.7417042255401611,0.7155221700668335,0.688797116279602,0.7683401703834534,0.6991031169891357,0.7427786588668823,0.29193830490112305,0.7290764451026917,0.701158344745636,0.713985800743103,0.3850167393684387,0.45585304498672485,0.7262996435165405,0.531775712966919,0.7490386366844177,0.6630962491035461,0.75502610206604,0.7121536731719971,0.743790864944458,0.4012906849384308,0.3455537259578705,0.4891696572303772,0.7469256520271301,0.7937856316566467,0.6497024893760681,0.39095067977905273,0.7903164029121399,0.627777099609375,0.7867611050605774,0.5707763433456421,0.712884783744812,0.3059085011482239,0.4066503345966339,0.22436366975307465,0.28659117221832275,0.709644615650177,0.6764542460441589,0.396838515996933,0.3383658826351166,0.6904243230819702,0.6306114196777344,0.707510232925415,0.6403634548187256,0.3930150270462036,0.7432458400726318,0.776749849319458,0.4847051799297333,0.39951828122138977,0.44621339440345764,0.6771142482757568,0.42501887679100037,0.5333741903305054,0.38006237149238586,0.538055419921875,0.4002852737903595,0.7326394319534302,0.5327398777008057,0.4311777949333191,0.3721805810928345,0.6244576573371887,0.7477251291275024,0.2771410048007965,0.5787728428840637,0.3891105055809021,0.5498907566070557,0.688555896282196,0.6926496624946594,0.7077692151069641,0.750045657157898,0.29816898703575134,0.7415664196014404,0.4312843084335327,0.646991491317749,0.6527513861656189,0.5520977973937988,0.6391003131866455,0.7362447381019592,0.6781613826751709,0.5235188007354736,0.5297744274139404,0.6886422634124756,0.5026546120643616,0.3341560661792755,0.7247079014778137,0.7530734539031982,0.37914779782295227,0.6274034976959229,0.6643327474594116,0.6454837322235107,0.47158539295196533,0.47514793276786804,0.6451497673988342,0.5711812973022461,0.4602665305137634,0.5115164518356323,0.6954755783081055,0.7097959518432617,0.5319647789001465,0.7316207885742188,0.5096567273139954,0.7368354797363281,0.6937690377235413,0.6376704573631287,0.5324541926383972
0,0.05026145651936531,0.23822957277297974,0.19773556292057037,0.06225619837641716,0.09864369034767151,0.10424022376537323,0.15056152641773224,0.00788747239857912,0.19763527810573578,0.26571258902549744,0.0,0.3324011564254761,0.0,0.0,0.0,0.07826019823551178,0.28844547271728516,0.017883948981761932,0.19161444902420044,0.008524982258677483,0.0033632104750722647,0.0,0.40220627188682556,0.4012511968612671,0.0,0.07182257622480392,0.06815946847200394,0.0,0.0,0.03580185025930405,0.27745264768600464,0.013214865699410439,0.0,0.0022496450692415237,0.3121030628681183,0.2828710973262787,0.0,0.18711541593074799,0.05681147053837776,0.0,0.0,0.05055113136768341,0.0,0.2829734981060028,0.48816171288490295,0.21217592060565948,0.0,0.0,0.10246798396110535,0.4104415774345398,0.0,0.25219962000846863,0.0,0.01740034483373165,0.0,0.5572020411491394,0.5195630192756653,0.3563012480735779,0.46152952313423157,0.0,0.025051148608326912,0.3353211283683777,0.3877674341201782,0.0,0.05073463171720505,0.0,0.06948380917310715,0.20016127824783325,0.02038673684000969,0.0,0.3623008728027344,0.3707846403121948,0.316073477268219,0.0,0.3472185432910919,0.23473188281059265,0.7339715361595154,0.2149777114391327,0.27327606081962585,0.02179539203643799,0.21910852193832397,0.35647833347320557,0.3338461220264435,0.0071327281184494495,0.0,0.13832753896713257,0.09247807413339615,0.9187463521957397,0.32743585109710693,0.0,0.0,0.0399635024368763,0.007546811364591122,0.22637580335140228,0.006255673710256815,0.3154907822608948,0.05480879172682762,0.09651651978492737,0.10579074919223785,0.0430939644575119,0.09441612660884857,0.005796696059405804,0.1296539157629013,0.07972303777933121,0.023455169051885605,0.04714156687259674,0.45364826917648315,0.06599787622690201,0.0981883704662323,0.44725117087364197,0.0,0.0,0.007225694600492716,0.345504492521286,0.4597240090370178,0.24736128747463226,0.18739065527915955,0.30409035086631775,0.21139775216579437,0.12136785686016083,0.0,0.06730559468269348,0.0,0.20854775607585907,0.002719152718782425,0.0,0.25165998935699463,0.23144690692424774
1,0.14331309497356415,0.0,0.009526742622256279,0.13825328648090363,0.19964925944805145,0.19361265003681183,0.4589892327785492,0.18190623819828033,0.0,0.001918948837555945,0.15788431465625763,0.0,0.2511489987373352,0.22067156434059143,0.06192971020936966,0.12075135856866837,0.0,0.15709692239761353,0.0,0.16576817631721497,0.18225768208503723,0.26234757900238037,0.0,0.0,0.14262938499450684,0.17544884979724884,0.17352284491062164,0.17379744350910187,0.14014559984207153,0.19281846284866333,0.0,0.17021968960762024,0.17085349559783936,0.10818890482187271,0.6968317031860352,0.0,0.11478251218795776,0.0,0.21781721711158752,0.22493259608745575,0.19620586931705475,0.20834171772003174,0.15378114581108093,0.0,0.8572651743888855,0.0,0.1911272555589676,0.22037185728549957,0.10586681962013245,0.0,0.2218596339225769,0.722120463848114,0.19383756816387177,0.3760721683502197,0.1490211933851242,0.005551906768232584,1.0786079168319702,0.0,0.0,0.12435311079025269,0.20387917757034302,0.0,0.0,0.08750976622104645,0.11366317421197891,0.22277820110321045,0.2540087401866913,0.0,0.15972314774990082,0.17621251940727234,0.004484666045755148,0.0,0.0,0.19237171113491058,0.0,0.006595828104764223,1.098239541053772,0.5893506407737732,0.0,0.12860849499702454,0.0,0.0,0.0,0.12696275115013123,0.24085752665996552,0.41400977969169617,0.14231470227241516,1.1091272830963135,0.0,0.2250278741121292,0.1506144255399704,0.13994093239307404,0.12779757380485535,0.03697530925273895,0.1630270779132843,0.0,0.181415393948555,0.1762687712907791,0.0,0.06614582985639572,0.19957759976387024,0.14776164293289185,0.0,0.39365991950035095,0.17732477188110352,0.0,0.0,0.13664095103740692,0.23077020049095154,1.0030138492584229,0.26194319128990173,0.10522288084030151,0.1073540598154068,0.0,0.014420349150896072,0.8575413823127747,0.0,0.0011078061070293188,0.6505323648452759,0.26128774881362915,0.18162202835083008,0.0,0.3547934293746948,0.008457202464342117,0.19953098893165588,0.18941214680671692,0.5380427241325378,0.0
1,0.9082726836204529,0.0,0.0,0.7893049120903015,0.8783983588218689,0.9188823103904724,0.7012268304824829,0.9655933380126953,0.0,0.0,0.9288162589073181,0.0,0.9422391653060913,0.8971359729766846,0.722659707069397,0.7550796270370483,0.0,0.9306181073188782,0.0,0.8290876150131226,0.9303615093231201,0.9638168215751648,0.0,0.0,0.9327488541603088,0.9121637344360352,0.8641625046730042,1.0046168565750122,0.8685447573661804,0.9230880737304688,0.0,0.953848659992218,0.9214902520179749,0.9101894497871399,0.5295388698577881,0.0,0.9236562848091125,0.0,0.9659366011619568,0.841892421245575,0.9436063766479492,0.8853971362113953,0.959231972694397,0.0,0.5112398266792297,0.0,0.9146013259887695,0.9772657155990601,0.8049817681312561,0.0,0.9880769848823547,0.886055052280426,1.0040314197540283,0.7530856728553772,0.8896562457084656,0.0,0.5835473537445068,0.0,0.0,0.8878821730613708,0.8836625814437866,0.0,0.0,0.8404613733291626,0.8132985830307007,0.9051075577735901,0.7822738885879517,0.0,0.9417919516563416,0.9645836353302002,0.0,0.0,0.0,0.842698872089386,0.0,0.0,0.5648233294487,0.7319437265396118,0.0,0.913820207118988,0.0,0.0,0.0,0.806243360042572,0.8989185094833374,0.3880676329135895,0.7399938702583313,0.5973959565162659,0.0,0.8772798180580139,0.8625669479370117,0.8740189075469971,0.9083308577537537,0.020659297704696655,0.9181643128395081,0.0,0.8064903616905212,0.8317922949790955,0.0,0.7681329250335693,0.9214708805084229,0.8607313632965088,0.0,0.6745412349700928,0.8457880616188049,0.0,0.0,0.9272210597991943,0.9587364792823792,0.5565900206565857,0.7967045307159424,0.8216224312782288,0.8309926390647888,0.0,0.0,0.8556963205337524,0.0,0.0,0.7178716659545898,0.8933667540550232,0.9142908453941345,0.0,0.9369487166404724,0.0,0.9244583249092102,0.8878988027572632,0.8614145517349243,0.0
0,0.2764990031719208,0.437466561794281,0.0,0.42156144976615906,0.41845181584358215,0.4504469633102417,0.1622188240289688,0.19673706591129303,0.0,0.050800614058971405,0.019149720668792725,0.43982622027397156,0.0,0.0,0.05787663161754608,0.18528875708580017,0.6550254225730896,0.17507116496562958,0.0,0.023358693346381187,0.0704619437456131,0.0017156598623842,0.5308383703231812,0.595024049282074,0.05714932456612587,0.3919571340084076,0.2950858771800995,0.10133303701877594,0.10208690911531448,0.1722363829612732,0.6246001720428467,0.27024126052856445,0.1503904014825821,0.1512152999639511,0.2701073884963989,0.23051053285598755,0.133589968085289,0.0,0.22104798257350922,0.0,0.016074813902378082,0.13791880011558533,0.002818184904754162,0.4193372428417206,0.3486397862434387,0.22654666006565094,0.02199273556470871,0.02232912927865982,0.269671231508255,0.5630505084991455,0.005255172494798899,0.3159956932067871,0.0805758386850357,0.024459362030029297,0.009730234742164612,0.17985330522060394,0.49885475635528564,0.6697378158569336,0.7692681550979614,0.12533897161483765,0.13699549436569214,0.2756228744983673,0.3952946662902832,0.005899835843592882,0.1641676127910614,0.06701647490262985,0.18409167230129242,0.5683766603469849,0.1875256896018982,0.0,0.023046376183629036,0.4692308008670807,0.33473142981529236,0.0,0.22346697747707367,0.0,0.7091379761695862,0.2645648121833801,0.4040205180644989,0.2427506446838379,0.0,0.26992273330688477,0.37735098600387573,0.06732693314552307,0.0,0.18479794263839722,0.4218202829360962,0.9803383350372314,0.10688916593790054,0.01014588214457035,0.06000252440571785,0.30767810344696045,0.12385798245668411,0.20818614959716797,0.17874404788017273,0.3452810049057007,0.09433751553297043,0.0,0.0,0.2135084718465805,0.3232734799385071,0.1669592708349228,0.04183393344283104,0.07083260267972946,0.2012871950864792,0.048567239195108414,0.34691286087036133,0.22837135195732117,0.3854864835739136,0.43631166219711304,0.01397747453302145,0.0,0.18362313508987427,0.29075029492378235,0.006165182217955589,0.18429908156394958,0.06261567026376724,0.2706007659435272,0.18623188138008118,0.34351152181625366,0.008815093897283077,0.0,0.0006462199962697923,0.0,0.09332963079214096,0.15400536358356476,0.24797354638576508,0.01164424978196621
0,0.0,0.8096778988838196,0.5941396355628967,0.0,0.0,0.0,0.2354259043931961,0.0,0.9367181658744812,0.9363301992416382,0.0,1.058240532875061,0.0,0.0,0.0,0.0,0.9616148471832275,0.0,1.031545639038086,0.0,0.0,0.0,1.0560142993927002,1.019780158996582,0.0,0.0,0.0,0.0,0.0,0.0,0.860913097858429,0.0,0.0,0.0,0.23937134444713593,0.8811517953872681,0.0,0.6613153219223022,0.0,0.0,0.0,0.0,0.0,0.9225482940673828,0.38162487745285034,0.8577442765235901,0.0,0.0,0.0,0.9947961568832397,0.0,0.2736908793449402,0.0,0.010010173544287682,0.0,0.8224195241928101,0.6528040766716003,0.9084676504135132,0.7942438125610352,0.0,0.0,0.8734514117240906,0.8007592558860779,0.0,0.0,0.0,0.0,0.7977249622344971,0.0,0.0,0.9517276883125305,0.9118057489395142,1.013516902923584,0.0,1.0997859239578247,0.6884278655052185,0.7130546569824219,0.2588528096675873,0.9991129040718079,0.0,0.7198632955551147,1.0062859058380127,0.9312177300453186,0.0,0.0,0.21783748269081116,0.0,0.7112155556678772,1.00938081741333,0.0,0.0,0.0,0.0,0.7354152798652649,0.0,0.8813486099243164,0.06887257844209671,0.01615328900516033,0.728772759437561,0.0,0.0,0.0,0.8559206128120422,0.09705562889575958,0.0,0.6865540742874146,0.8876112103462219,0.0,0.0,0.6198225617408752,0.0,0.0,0.0,1.0683141946792603,0.9928643703460693,0.38066986203193665,1.0037251710891724,0.9030357003211975,0.34270286560058594,0.0,0.0,0.5338216423988342,0.0,0.7722266912460327,0.0,0.0,0.1338033378124237,0.755187451839447
1,0.6504422426223755,0.0,0.0,0.5560179352760315,0.6483519077301025,0.6822165846824646,0.6776775121688843,0.7088338732719421,0.0,0.0,0.6678881645202637,0.0,0.7258296012878418,0.6859765648841858,0.49728766083717346,0.5391882061958313,0.0,0.671359121799469,0.0,0.6249337792396545,0.6898336410522461,0.7512734532356262,0.0,0.0,0.6646001935005188,0.6613338589668274,0.6303503513336182,0.7295260429382324,0.629296064376831,0.6846310496330261,0.0,0.7004790306091309,0.6870594620704651,0.6477462649345398,0.5984610319137573,0.0,0.6537368297576904,0.0,0.7063608765602112,0.6974416971206665,0.7080017328262329,0.665624737739563,0.69867342710495,0.0,0.6075993776321411,0.0,0.6759717464447021,0.7284220457077026,0.5678254961967468,0.0,0.7432408928871155,0.8352429866790771,0.7425379753112793,0.6709743142127991,0.6540492177009583,0.0,0.7451008558273315,0.0,0.0,0.6350095868110657,0.6762592792510986,0.0,0.0,0.5988059639930725,0.5796939730644226,0.6942477822303772,0.6176849007606506,0.0,0.6818684339523315,0.7051743268966675,0.0,0.0,0.0,0.6292226910591125,0.0,0.0,0.7201181650161743,0.7032135725021362,0.0,0.6570391654968262,0.0,0.0,0.0,0.5711483359336853,0.6895506381988525,0.4057498276233673,0.5528361797332764,0.7372620701789856,0.0,0.6716502904891968,0.6403970718383789,0.6288493275642395,0.6578493118286133,0.024656811729073524,0.6455867290496826,0.0,0.6082970499992371,0.6049626469612122,0.0,0.5417816638946533,0.683451235294342,0.6190686821937561,0.0,0.6286521553993225,0.6274501085281372,0.0,0.0,0.6697368621826172,0.7141736149787903,0.7183853387832642,0.6311284899711609,0.5913699269294739,0.5893696546554565,0.0,0.0,0.9080408811569214,0.0,0.0,0.7327264547348022,0.7057259678840637,0.6820332407951355,0.0,0.7587469220161438,0.0,0.6867530941963196,0.6634325385093689,0.7365952134132385,0.0
1,0.2011163830757141,0.040922898799180984,0.17617370188236237,0.13838286697864532,0.24755245447158813,0.2392185777425766,0.4590168595314026,0.24449937045574188,0.07538743317127228,0.08471867442131042,0.2213848978281021,0.019968630746006966,0.3044091463088989,0.3038414418697357,0.11345437169075012,0.1705152839422226,0.010676760226488113,0.21229586005210876,0.08200759440660477,0.2359246164560318,0.23557718098163605,0.3086332380771637,0.061868105083703995,0.05099917948246002,0.20072190463542938,0.21843396127223969,0.22731620073318481,0.2216288447380066,0.202492356300354,0.2408013641834259,0.004050385672599077,0.21496173739433289,0.22769252955913544,0.1533789336681366,0.6388050317764282,0.05792226269841194,0.16503942012786865,0.09473395347595215,0.26450395584106445,0.29228222370147705,0.25861528515815735,0.28048399090766907,0.20959368348121643,0.045905981212854385,0.6716228127479553,0.06285829842090607,0.26009976863861084,0.2918669879436493,0.1539679318666458,0.03789068013429642,0.2844616770744324,0.6467460989952087,0.257770836353302,0.4103822112083435,0.21372874081134796,0.10294914990663528,0.9261353611946106,0.0,0.03669968992471695,0.18075864017009735,0.2477208971977234,0.061942584812641144,0.04565426707267761,0.14954322576522827,0.15826259553432465,0.27559995651245117,0.3061039447784424,0.03783426806330681,0.21186476945877075,0.23904231190681458,0.13284306228160858,0.07161296904087067,0.04728322476148605,0.26947253942489624,0.03565233200788498,0.14082352817058563,0.872540295124054,0.5315607786178589,0.02270832471549511,0.19996890425682068,0.12439433485269547,0.07892462611198425,0.07929781824350357,0.17196249961853027,0.3261926770210266,0.33509981632232666,0.1744023859500885,0.8976256847381592,0.09198139607906342,0.28675347566604614,0.2173124998807907,0.19993647933006287,0.20244430005550385,0.07217621803283691,0.2266843020915985,0.07437847554683685,0.2153632491827011,0.20409516990184784,0.10528445243835449,0.11833856999874115,0.2455347329378128,0.19970151782035828,0.07830742001533508,0.4099122881889343,0.23564322292804718,0.06943684071302414,0.06657136976718903,0.18858113884925842,0.2676037549972534,0.8518375158309937,0.3083742558956146,0.17357222735881805,0.15733946859836578,0.05109027400612831,0.1613333374261856,0.8744770288467407,0.10257598757743835,0.09351211786270142,0.6191959977149963,0.317822128534317,0.21376091241836548,0.10767801851034164,0.3989028334617615,0.11949034780263901,0.2543732225894928,0.23672808706760406,0.49630245566368103,0.099054716527462
0,0.0,1.0849045515060425,0.9551098346710205,0.0,0.0,0.0,0.25107061862945557,0.0,1.3222784996032715,1.282365322113037,0.0,1.352895736694336,0.0,0.0,0.0,0.0,1.3088730573654175,0.0,1.3945374488830566,0.0,0.0,0.0,1.2388367652893066,1.193953037261963,0.0,0.0,0.0,0.0,0.0,0.0,1.103584885597229,0.0,0.0,0.0,0.15901784598827362,1.1710139513015747,0.0,1.0181366205215454,0.0,0.0,0.0,0.0,0.0,1.1698589324951172,0.4030267596244812,1.2512898445129395,0.0,0.0,0.0,1.2043877840042114,0.0,0.2577197253704071,0.0,0.0,0.0,0.9855361580848694,0.6178544163703918,1.0876576900482178,0.8828506469726562,0.0,0.0,1.0608001947402954,1.023929238319397,0.0,0.0,0.0,0.0,1.0644726753234863,0.0,0.0,1.2073222398757935,1.1220033168792725,1.3173611164093018,0.0,1.3512299060821533,0.9827317595481873,0.6876276135444641,0.2425670474767685,1.3175921440124512,0.0,0.9803690314292908,1.2336047887802124,1.1789661645889282,0.005152006167918444,0.0,0.22674237191677094,0.0,0.7024692893028259,1.3018507957458496,0.0,0.0,0.0,0.0,0.9218161106109619,0.0,1.139276385307312,0.0754818245768547,0.0035435177851468325,1.2457689046859741,0.0,0.0,0.0,1.2302438020706177,0.09458229690790176,0.0,1.0736043453216553,1.1736494302749634,0.0,0.0,0.6398842334747314,0.0,0.0,0.0,1.293874740600586,1.0868099927902222,0.23376423120498657,1.2886338233947754,1.192798137664795,0.27875643968582153,0.0,0.0,0.8954555988311768,0.0,1.0743247270584106,0.0,0.0,0.10377819836139679,1.1484075784683228
1,0.5073051452636719,0.04035058617591858,0.1778634488582611,0.4161384403705597,0.5187614560127258,0.5268856883049011,0.532332181930542,0.5498507022857666,0.08237249404191971,0.07987511903047562,0.5249558687210083,0.02219260297715664,0.5581933856010437,0.534564733505249,0.36811116337776184,0.41204747557640076,0.009638722985982895,0.535973072052002,0.07003320008516312,0.47840866446495056,0.5456990003585815,0.5745401382446289,0.06494245678186417,0.04866991937160492,0.5150055289268494,0.5051244497299194,0.4930364787578583,0.5647491812705994,0.4906558096408844,0.5404284000396729,0.0069546871818602085,0.5309250950813293,0.525913417339325,0.4841242730617523,0.543419599533081,0.06156868115067482,0.5020082592964172,0.09860826283693314,0.5723586678504944,0.5059865117073059,0.5454742312431335,0.537882924079895,0.5367367267608643,0.04133714362978935,0.5908036828041077,0.05401453375816345,0.5303254127502441,0.5834203362464905,0.4353901743888855,0.040646422654390335,0.5934230089187622,0.7028002738952637,0.578613817691803,0.5390110015869141,0.5039791464805603,0.0987878367304802,0.7359773516654968,0.0,0.036740899085998535,0.4763917028903961,0.5184215307235718,0.05348999425768852,0.046743519604206085,0.45030608773231506,0.4504605829715729,0.5416321158409119,0.47653234004974365,0.03782352805137634,0.5195977091789246,0.5619395971298218,0.12726707756519318,0.07632187008857727,0.0492003858089447,0.49865666031837463,0.030167952179908752,0.14286303520202637,0.6540045738220215,0.6022049188613892,0.02137630619108677,0.5039374828338623,0.1251470148563385,0.07769463211297989,0.0681857168674469,0.4382088780403137,0.5595315098762512,0.3280622363090515,0.42365336418151855,0.745570719242096,0.09673846513032913,0.5196021199226379,0.4952269494533539,0.4743006229400635,0.4946258068084717,0.065068818628788,0.5267007350921631,0.0775863379240036,0.4648774266242981,0.4664761424064636,0.10419883579015732,0.40901464223861694,0.5409078598022461,0.4736681878566742,0.07424703240394592,0.513007640838623,0.48561397194862366,0.06798332184553146,0.06156556308269501,0.5158699154853821,0.5588627457618713,0.6423216462135315,0.49317365884780884,0.44245851039886475,0.44301745295524597,0.0571490041911602,0.16489678621292114,0.8333772420883179,0.09549182653427124,0.101360984146595,0.618620753288269,0.547308623790741,0.5364996790885925,0.11437949538230896,0.6234185695648193,0.12566566467285156,0.5347669720649719,0.5235296487808228,0.6651503443717957,0.11099813878536224
0,0.054815005511045456,0.8004857301712036,0.9008004665374756,0.12145767360925674,0.1470315307378769,0.15030404925346375,0.10460374504327774,0.04504872113466263,0.8062117099761963,0.8192312121391296,0.0,0.7326174974441528,0.0,0.0,0.009509209543466568,0.044522326439619064,0.6540231704711914,0.05610097944736481,0.7912960052490234,0.00300477328710258,0.025537431240081787,0.002419788623228669,0.8747183084487915,0.7451927065849304,0.0345257930457592,0.11752386391162872,0.09082037955522537,0.021372223272919655,0.02204582281410694,0.05933523550629616,0.6139441728591919,0.05232086405158043,0.010371203534305096,0.02569766528904438,0.17266114056110382,0.7896276116371155,0.02342129498720169,0.844821035861969,0.08273094147443771,0.0,0.0030036575626581907,0.07464884966611862,0.005643343087285757,0.767778754234314,0.36064574122428894,0.7742306590080261,0.002863099332898855,0.002779801143333316,0.1119881346821785,0.8501576781272888,0.0,0.1798170655965805,0.006811450235545635,0.0036366910208016634,0.00014677394938189536,0.8153744339942932,0.32449373602867126,0.5595115423202515,0.6887015700340271,0.034851837903261185,0.03515803813934326,0.6879333257675171,0.7265788316726685,0.0,0.08581670373678207,0.008127108216285706,0.054224804043769836,0.6760954260826111,0.048954837024211884,0.002929729875177145,0.8292566537857056,0.7771872878074646,0.822731614112854,0.0,0.8606010675430298,0.8091943264007568,0.5021094083786011,0.15636520087718964,0.7568898797035217,0.0688403770327568,0.8451554775238037,0.7975236773490906,0.7110287547111511,0.03351932391524315,0.0,0.11443591117858887,0.11255697906017303,0.6796570420265198,0.9155088663101196,0.0,0.006847234908491373,0.07472161948680878,0.003548369510099292,0.5168408751487732,0.052778180688619614,0.7786539196968079,0.07599204033613205,0.06424616277217865,0.8953467011451721,0.07050131261348724,0.11879435926675797,0.02325120009481907,0.7704748511314392,0.05378573387861252,0.06231381744146347,0.6800267696380615,0.7536828517913818,0.09190438687801361,0.13921383023262024,0.2971652150154114,0.0,0.0,0.023737935349345207,0.8416321277618408,0.8569823503494263,0.11507658660411835,0.8549087047576904,0.8159005045890808,0.12744130194187164,0.10302363336086273,0.0049207257106900215,0.7781774997711182,0.0,0.8075346350669861,0.017982592806220055,0.02194288745522499,0.17135079205036163,0.8632928133010864
0,0.16265347599983215,0.6080194711685181,0.9156787395477295,0.07147498428821564,0.22513677179813385,0.19283321499824524,0.28763335943222046,0.22094286978244781,0.6700690984725952,0.6796761751174927,0.17519095540046692,0.4481871426105499,0.2451341301202774,0.25980454683303833,0.09961294382810593,0.14098836481571198,0.37756723165512085,0.17978626489639282,0.6257746815681458,0.18976372480392456,0.20030632615089417,0.27510565519332886,0.5373868346214294,0.41443151235580444,0.1632561832666397,0.16001072525978088,0.19393672049045563,0.15735474228858948,0.16327251493930817,0.20873767137527466,0.339069664478302,0.14592692255973816,0.14374282956123352,0.07888317108154297,0.45870769023895264,0.6110155582427979,0.1183130294084549,0.7767026424407959,0.2305295616388321,0.2104628086090088,0.2218402475118637,0.25104010105133057,0.1495327353477478,0.5080190896987915,0.4972640573978424,0.6132867336273193,0.22934508323669434,0.2599166929721832,0.11794982850551605,0.5209746956825256,0.24442221224308014,0.46059519052505493,0.21783694624900818,0.33422237634658813,0.1784818321466446,0.4090888202190399,0.5731691122055054,0.22481687366962433,0.3751765489578247,0.1452663242816925,0.19295808672904968,0.4775015711784363,0.44054368138313293,0.10137312114238739,0.11873679608106613,0.2232041358947754,0.2622864246368408,0.5412725806236267,0.16762001812458038,0.21306398510932922,0.6699391007423401,0.5007368922233582,0.5467745065689087,0.23402608931064606,0.5084680318832397,0.7821345925331116,0.5440441966056824,0.3501613736152649,0.5048585534095764,0.15606467425823212,0.7712544202804565,0.5587645173072815,0.45925992727279663,0.12729857861995697,0.28631073236465454,0.23568002879619598,0.10454992949962616,0.5529065728187561,0.7167593240737915,0.22711552679538727,0.17416635155677795,0.16061823070049286,0.1717362403869629,0.3545910120010376,0.2040855586528778,0.5536261200904846,0.1481553018093109,0.1317727416753769,0.8168936967849731,0.08391006290912628,0.20828470587730408,0.14141899347305298,0.6734570860862732,0.316834032535553,0.21293392777442932,0.708257794380188,0.45822492241859436,0.1147424727678299,0.23486797511577606,0.5529992580413818,0.2511441111564636,0.12284114956855774,0.08179954439401627,0.5774427652359009,0.6803324818611145,0.5926229953765869,0.7465195059776306,0.6307888627052307,0.39201033115386963,0.2739669680595398,0.1597113013267517,0.8001108765602112,0.3434261083602905,0.725175142288208,0.23385606706142426,0.200308695435524,0.3921968638896942,0.7443532347679138
0,0.022755742073059082,0.6176667213439941,0.7512540221214294,0.010396407917141914,0.04584536328911781,0.03357551619410515,0.18117167055606842,0.0,0.7752636075019836,0.7271966934204102,0.0,0.653427243232727,0.0,0.0,0.0,0.05403899401426315,0.5531818270683289,0.0,0.7485371828079224,0.007439154200255871,0.0,0.0,0.660138726234436,0.5270726680755615,0.0,0.029217666015028954,0.040360383689403534,0.0,0.0,0.02381410263478756,0.5332682132720947,0.018507596105337143,0.0,0.0,0.30112525820732117,0.661159336566925,0.0,0.7454959750175476,0.01411114539951086,0.0,0.0,0.04700380563735962,0.0,0.6436753273010254,0.4516748785972595,0.6548475623130798,0.0005024648853577673,0.0,0.08241136372089386,0.6925371289253235,0.0,0.3404073417186737,0.0,0.03866857662796974,0.0013202844420447946,0.6124552488327026,0.5904093980789185,0.4075982868671417,0.4855266511440277,0.0,0.006748849991708994,0.5269781947135925,0.5869458317756653,0.0,0.03187232464551926,0.0021133222617208958,0.07197769731283188,0.5565916895866394,0.016456326469779015,0.0,0.6760292649269104,0.6142191886901855,0.6662232279777527,0.0,0.7405157089233398,0.6319387555122375,0.7410897016525269,0.2673787474632263,0.7008141875267029,0.0,0.6304572820663452,0.707132875919342,0.5792473554611206,0.0,0.0,0.18333637714385986,0.04821614548563957,0.873100757598877,0.7915722131729126,0.0,0.0,0.0018959649605676532,0.0,0.43253788352012634,0.0,0.6216246485710144,0.06317553669214249,0.018106630071997643,0.82074373960495,0.011499831452965736,0.053674373775720596,0.005072304513305426,0.6424835920333862,0.1066170334815979,0.0,0.5696088075637817,0.6051689982414246,0.04184839501976967,0.0676766186952591,0.5559925436973572,0.001622783369384706,0.0,0.0,0.750816285610199,0.7265763282775879,0.3513430953025818,0.6441734433174133,0.6607826352119446,0.2585807740688324,0.06999096274375916,0.0,0.6476792693138123,0.0,0.7241293787956238,0.002841383218765259,0.003566887928172946,0.27996185421943665,0.7674587965011597
0,0.0,0.48704707622528076,0.12130019813776016,0.0,0.0,0.0,0.22741641104221344,0.0,0.34813711047172546,0.43752411007881165,0.0,0.6409821510314941,0.0,0.0,0.0,0.0,0.6750765442848206,0.0,0.31167033314704895,0.0,0.0,0.0,0.7521741390228271,0.873884379863739,0.0,0.0,0.0,0.0,0.0,0.0,0.5179758071899414,0.0,0.0,0.0,0.20069478452205658,0.5367093086242676,0.0,0.1825159639120102,0.0,0.0,0.0,0.0,0.0,0.5490444898605347,0.3910294473171234,0.4364788830280304,0.0,0.0,0.0,0.6791757941246033,0.0,0.2025156468153,0.0,0.003234764328226447,0.0,0.8397701382637024,0.6171461343765259,0.8584917187690735,0.8730728030204773,0.0,0.0,0.6852724552154541,0.5635474324226379,0.0,0.0,0.0,0.0,0.46345528960227966,0.0,0.0,0.5685343146324158,0.5587019920349121,0.5991683602333069,0.0,0.6522760987281799,0.29323047399520874,0.649005115032196,0.18443885445594788,0.5199670195579529,0.0,0.41609814763069153,0.5473203063011169,0.6682193279266357,0.0,0.0,0.3156936764717102,0.0,0.6178165078163147,0.5135884881019592,0.0,0.0,0.0,0.0035740204621106386,0.502153754234314,0.0,0.5531998872756958,0.07007718831300735,0.1044924259185791,0.11896779388189316,0.0,0.0,0.0,0.3032354414463043,0.07356122136116028,0.0,0.11421021819114685,0.6734800934791565,0.0,0.0,0.5197073817253113,0.0,0.0,0.0,0.615178644657135,0.5761978626251221,0.20540419220924377,0.4234127700328827,0.5268108248710632,0.18934689462184906,0.0,0.0,0.07838168740272522,0.0,0.21762241423130035,0.0,0.0,0.06917674094438553,0.2442251741886139
1,1.3513683080673218,0.0,0.0,1.3589184284210205,1.6341594457626343,1.5954010486602783,0.20851285755634308,1.0386090278625488,0.0,0.0,0.6122509241104126,0.0,0.0,0.0,0.5518003702163696,0.9005185961723328,0.0,1.017211675643921,0.0,0.5779963731765747,0.6890044808387756,0.2031884491443634,0.0,0.0,0.8376973867416382,1.4525794982910156,1.398657202720642,0.9049344062805176,0.49475449323654175,1.093082308769226,0.0,1.1493680477142334,0.8681862950325012,0.8946874737739563,0.3009934723377228,0.0,0.7911807298660278,0.0,1.1968297958374023,0.0,0.44486314058303833,1.015377402305603,0.2911630868911743,0.0,0.623578667640686,0.0,0.6582951545715332,0.6554734706878662,1.2188849449157715,0.0,0.3650076985359192,0.5540768504142761,0.6112531423568726,0.018407873809337616,0.5992807149887085,0.0,0.5897987484931946,0.0,0.0,0.6751204133033752,0.9878362417221069,0.0,0.0,0.5110315680503845,1.0690966844558716,0.5809358358383179,0.7311809062957764,0.0,1.1294249296188354,0.27484312653541565,0.0,0.0,0.0,0.2108304500579834,0.0,0.0,0.8496817350387573,0.3851601481437683,0.0,1.0373597145080566,0.0,0.0,0.0,0.6251542568206787,0.009466089308261871,0.2210918366909027,1.3097423315048218,1.8383715152740479,0.0,0.22360014915466309,0.42295965552330017,1.2507351636886597,0.3182166814804077,0.026494750753045082,1.1468439102172852,0.0,0.5603927373886108,0.0,0.0,1.2043613195419312,1.3427164554595947,0.9185370206832886,0.0,0.09015174210071564,0.9280732870101929,0.0,0.0,1.2832720279693604,1.669193983078003,0.5541634559631348,0.03511720150709152,0.4821217656135559,0.7542349696159363,0.0,0.0,0.23443417251110077,0.0,0.0,0.23434320092201233,1.4767935276031494,0.1411808580160141,0.0,0.03692448139190674,0.0,0.6936115622520447,0.7981160879135132,1.0616819858551025,0.0
1,0.584700882434845,0.39808863401412964,0.6524580717086792,0.4561861753463745,0.5796143412590027,0.5929779410362244,0.44995439052581787,0.6205978393554688,0.4319990873336792,0.4524007737636566,0.5913125276565552,0.27083027362823486,0.599150538444519,0.608823299407959,0.4917645752429962,0.5075777173042297,0.23035366833209991,0.610059916973114,0.4066900312900543,0.5479376912117004,0.6030459403991699,0.6231711506843567,0.3809923827648163,0.2954598069190979,0.5924355983734131,0.5775196552276611,0.5596867799758911,0.612337589263916,0.5715779662132263,0.5916099548339844,0.2146053910255432,0.5544799566268921,0.5226622819900513,0.531491756439209,0.3970661461353302,0.4017411470413208,0.5807488560676575,0.49361369013786316,0.6346514821052551,0.5169888138771057,0.5969076752662659,0.6030762791633606,0.5841491222381592,0.31930336356163025,0.3791041970252991,0.41358497738838196,0.6154294013977051,0.6617105007171631,0.5089918375015259,0.3236621916294098,0.6443132162094116,0.57126784324646,0.628812849521637,0.5194123387336731,0.5756797790527344,0.3076182007789612,0.43604058027267456,0.13516923785209656,0.2555258274078369,0.5641358494758606,0.554149329662323,0.3585112988948822,0.30047929286956787,0.5457174181938171,0.5171061158180237,0.5787341594696045,0.527146577835083,0.33433353900909424,0.5922620296478271,0.6362774968147278,0.4857950210571289,0.3601412773132324,0.3610834777355194,0.5712617635726929,0.31266626715660095,0.5493879914283752,0.3917214870452881,0.5142450928688049,0.31211763620376587,0.5702357888221741,0.5194304585456848,0.38488638401031494,0.3331441581249237,0.5075510740280151,0.647205114364624,0.21819810569286346,0.4315583407878876,0.40499526262283325,0.4900566041469574,0.5452902913093567,0.5637423992156982,0.5698724985122681,0.5883111357688904,0.2700846493244171,0.6098806858062744,0.38071444630622864,0.5377182960510254,0.474967896938324,0.49412643909454346,0.5002751350402832,0.5952010154724121,0.5381001830101013,0.44885608553886414,0.4897337555885315,0.567190945148468,0.4524456858634949,0.2978675961494446,0.5508168935775757,0.6030040979385376,0.38541245460510254,0.5396353006362915,0.5190104842185974,0.5069535970687866,0.391252338886261,0.4889698028564453,0.6407083868980408,0.5057320594787598,0.43561404943466187,0.458154559135437,0.5691866874694824,0.5899114012718201,0.5170157551765442,0.6410584449768066,0.4871581494808197,0.5872435569763184,0.54063880443573,0.5976052284240723,0.5119432210922241
0,0.0,0.6319125890731812,0.3548003137111664,0.0,0.0,0.0,0.35460272431373596,0.0,0.5387507677078247,0.6298453211784363,0.0,0.8384366035461426,0.0,0.0,0.0,0.0,0.9716746211051941,0.0,0.5074378252029419,0.0,0.0,0.0,0.7822952270507812,0.8787276148796082,0.0,0.0,0.0,0.0,0.0,0.0,0.7947255969047546,0.0,0.0,0.0,0.17693236470222473,0.5882083177566528,0.0,0.3400729298591614,0.0,0.0,0.0,0.0,0.0,0.6379896402359009,0.5412813425064087,0.6274641156196594,0.0,0.0,0.0,0.7489444017410278,0.0,0.2609221041202545,0.0,0.0,0.0,0.5763662457466125,0.7991679310798645,0.9570301175117493,0.879940390586853,0.0,0.0,0.7186692953109741,0.6542072892189026,0.0,0.0,0.0,0.0,0.7078280448913574,0.0,0.0,0.619529128074646,0.6708893179893494,0.7764012813568115,0.0,0.585466206073761,0.4045855402946472,0.7329157590866089,0.261210560798645,0.7406548261642456,0.0,0.37439608573913574,0.6614779233932495,0.8248451352119446,0.005673793610185385,0.0,0.41282886266708374,0.0,0.7920140027999878,0.6393924951553345,0.0,0.0,0.0,0.010334312915802002,0.7583217620849609,0.0,0.7271678447723389,0.09279842674732208,0.0004552380123641342,0.4025745987892151,0.0,0.0,0.0,0.4431145191192627,0.09670805931091309,0.0,0.3830440044403076,0.7611629962921143,0.0,0.0,0.6755785942077637,0.0,0.0,0.0,0.6169067621231079,0.6130884289741516,0.22124788165092468,0.47783151268959045,0.6949260234832764,0.2515528202056885,0.0,0.0,0.28756165504455566,0.0,0.40055856108665466,0.0,0.0,0.11537680774927139,0.42276230454444885
1,0.0,0.4599488079547882,0.075004443526268,0.013852229341864586,0.0,0.0,0.4197424650192261,0.0,0.022961415350437164,0.08636054396629333,0.0,0.4249762296676636,0.0,0.0,0.0037758287508040667,0.0,0.7958542704582214,0.0,0.019439697265625,0.0,0.0,0.0,0.5138713717460632,0.7161625623703003,0.0,0.028446512296795845,0.0,0.0,0.0,0.0,0.8498009443283081,0.0,0.0,0.0,0.25809377431869507,0.19865083694458008,0.0,0.052658431231975555,0.0,0.0,0.0,0.0,0.0,0.5506011247634888,0.614774763584137,0.20896083116531372,0.0,0.0,0.0,0.5464487671852112,0.0,0.19549638032913208,0.0,0.02862364985048771,0.0,0.19299067556858063,0.8565704822540283,0.8904243111610413,0.8653011918067932,0.0,0.0,0.15197883546352386,0.38232168555259705,0.0,0.00412790710106492,0.0,0.0,0.8195492625236511,6.547261000378057e-05,0.0,0.06976869702339172,0.5682996511459351,0.36913755536079407,0.0,0.1229674443602562,0.05604332312941551,0.9075795412063599,0.19124889373779297,0.4501071274280548,0.0,0.016817545518279076,0.2191062569618225,0.4335139989852905,0.01892775110900402,0.0,0.3613484501838684,0.0055891769006848335,0.8763079047203064,0.17324693500995636,0.0,0.0,0.0,0.1180417463183403,0.2817035913467407,0.0,0.42193418741226196,0.1557273119688034,0.0,0.040176328271627426,0.0,0.0,0.0470585897564888,0.027549104765057564,0.059376589953899384,0.0,0.04535647854208946,0.3594139516353607,0.0,0.0,0.5066261887550354,0.0,0.0,0.005959776695817709,0.2572469413280487,0.10901352018117905,0.1538546234369278,0.009773914702236652,0.2013985812664032,0.16086895763874054,0.0,0.0,0.015280217863619328,0.0,0.049774691462516785,0.0,0.0,0.06438155472278595,0.05106574296951294
0,0.0,1.0994937419891357,0.06157028302550316,0.0,0.0,0.0,0.4450068473815918,0.0,0.17744721472263336,0.3596212565898895,0.0,1.3290064334869385,0.0,0.0,0.024190815165638924,0.0,1.8747304677963257,0.0,0.14486999809741974,0.0,0.0,0.0,1.3304141759872437,1.7149409055709839,0.0,0.0,0.0,0.0,0.0,0.0,2.05912709236145,0.0,0.0,0.0,0.0980413481593132,0.7762659192085266,0.02728438191115856,0.10091310739517212,0.0,0.0,0.0,0.0,0.0,1.4506772756576538,0.7234063148498535,0.6298796534538269,0.0,0.0,0.0,1.2673028707504272,0.0,0.11516789346933365,0.0,0.0,0.0,0.3871283531188965,0.6157572269439697,2.1258373260498047,1.8846417665481567,0.0,0.0,0.6601929068565369,1.065231204032898,0.0,0.0,0.0,0.0,1.8338675498962402,0.023488229140639305,0.0,0.24525727331638336,1.4509824514389038,1.164290428161621,0.0,0.6680623888969421,0.14637762308120728,0.536710798740387,0.09302300959825516,1.3483524322509766,0.0,0.16479751467704773,0.7742751240730286,1.111374020576477,0.02007504366338253,0.0,0.559723436832428,0.0,0.4804952144622803,0.5240958333015442,0.0,0.0,0.0,0.4416796863079071,0.7405753135681152,0.0,1.0186198949813843,0.10733906179666519,0.040168870240449905,0.043361108750104904,0.0,0.0,0.14373643696308136,0.30976906418800354,0.025525139644742012,0.0,0.3172817826271057,0.800788402557373,0.0,0.0,0.33440765738487244,0.0,0.0,0.009585714899003506,0.9056220054626465,0.1971692591905594,0.022091947495937347,0.2893080413341522,0.7022778987884521,0.07202695310115814,0.0,0.0,0.048515379428863525,0.0,0.11984846740961075,0.0,0.0,0.026071196421980858,0.14196477830410004
1,1.0280780792236328,0.28502827882766724,0.49327030777931213,0.8609760403633118,0.9949580430984497,1.0096851587295532,0.511259138584137,1.0680475234985352,0.31690898537635803,0.3277216851711273,1.0394171476364136,0.19572553038597107,0.9895780086517334,1.0028389692306519,0.8954556584358215,0.8905525207519531,0.16579994559288025,1.0775998830795288,0.28936517238616943,0.8802103996276855,1.028419852256775,0.9933950901031494,0.26566189527511597,0.20602074265480042,1.0707683563232422,1.0138806104660034,0.9784157872200012,1.0915580987930298,1.0123233795166016,1.019925832748413,0.15599142014980316,1.003344178199768,0.9763098955154419,0.9903467297554016,0.3142567574977875,0.28862467408180237,1.0615565776824951,0.3633550703525543,1.070428490638733,0.8032077550888062,1.0412906408309937,0.9859549403190613,1.0549256801605225,0.2265479862689972,0.24114787578582764,0.29208076000213623,1.0413331985473633,1.1213948726654053,0.9389582872390747,0.22870662808418274,1.064758062362671,0.6853337287902832,1.0858376026153564,0.6795823574066162,0.9734039902687073,0.20491762459278107,0.2595145106315613,0.09773997962474823,0.17466792464256287,1.0092496871948242,0.9018245339393616,0.25882983207702637,0.2168859988451004,0.9760023951530457,0.9177250862121582,0.9644448757171631,0.8224143385887146,0.23722371459007263,1.0296021699905396,1.066221833229065,0.3581159710884094,0.26496997475624084,0.25431692600250244,0.9678643345832825,0.20826949179172516,0.42604926228523254,0.20663917064666748,0.575080394744873,0.2265145629644394,1.0069751739501953,0.3897736966609955,0.2752833366394043,0.23399919271469116,0.8971604108810425,1.000815749168396,0.2404789924621582,0.7822635769844055,0.25376105308532715,0.35566291213035583,0.9019493460655212,0.9614344239234924,0.9916142225265503,1.0310509204864502,0.19039222598075867,1.0760924816131592,0.270781546831131,0.9020119309425354,0.8758894801139832,0.3665745258331299,0.9003191590309143,1.0338006019592285,0.9492759704589844,0.32536768913269043,0.575106143951416,0.967056930065155,0.3409082293510437,0.20197774469852448,1.003954291343689,1.0471330881118774,0.21190941333770752,0.8089775443077087,0.9068406224250793,0.9184924960136414,0.28385424613952637,0.3883081078529358,0.5950677990913391,0.3722997009754181,0.3247126638889313,0.480516642332077,0.9530084133148193,0.976443886756897,0.3885965049266815,0.9812103509902954,0.3646547198295593,1.011715054512024,0.958911657333374,0.8379417061805725,0.39195582270622253
1,0.9142137765884399,0.28488025069236755,0.364418089389801,0.7479592561721802,0.8955416679382324,0.9189502596855164,0.517818808555603,0.9674577713012695,0.29014381766319275,0.2971770167350769,0.9427339434623718,0.19001948833465576,0.9417231678962708,0.9159663319587708,0.7631400227546692,0.782037615776062,0.1723560392856598,0.9572712779045105,0.2583571970462799,0.8496078252792358,0.9269629716873169,0.9282382726669312,0.2552061080932617,0.2076316773891449,0.9420766830444336,0.9156030416488647,0.8861614465713501,0.9786090850830078,0.8922830820083618,0.9365606307983398,0.14633452892303467,0.9219456911087036,0.8759395480155945,0.8761484026908875,0.40172210335731506,0.2692115902900696,0.9214200973510742,0.3062921166419983,0.9685612916946411,0.7689127326011658,0.9573957324028015,0.9010848999023438,0.9433885812759399,0.22539584338665009,0.29926708340644836,0.28185954689979553,0.9456259608268738,0.9984501600265503,0.8184239268302917,0.2285880148410797,0.9926462173461914,0.6965534090995789,1.0001962184906006,0.689156174659729,0.8913739919662476,0.17204347252845764,0.2962943911552429,0.10366475582122803,0.17641150951385498,0.8892804980278015,0.8402423858642578,0.23020406067371368,0.1899958699941635,0.8514159917831421,0.8093419075012207,0.8890570402145386,0.7898291349411011,0.23615488409996033,0.9418414235115051,0.9865812063217163,0.297444611787796,0.22135305404663086,0.2513052523136139,0.8685877919197083,0.21948662400245667,0.34439945220947266,0.25868818163871765,0.5793641209602356,0.21600861847400665,0.905367374420166,0.34333929419517517,0.25154048204421997,0.21558305621147156,0.8011879920959473,0.9208656549453735,0.2822674810886383,0.7066976428031921,0.3012891113758087,0.33119505643844604,0.8663493394851685,0.8679285049438477,0.8894729614257812,0.9386011362075806,0.17894308269023895,0.9654223322868347,0.2566588819026947,0.7746598124504089,0.8253499865531921,0.31433263421058655,0.783320963382721,0.9377435445785522,0.860696017742157,0.3020917475223541,0.6077766418457031,0.8769181370735168,0.297353595495224,0.20729632675647736,0.9098331332206726,0.9567221403121948,0.2716439962387085,0.7882267236709595,0.8161640167236328,0.8115490078926086,0.2667897045612335,0.32002192735671997,0.6801668405532837,0.33142343163490295,0.2721535861492157,0.4944337010383606,0.8758828043937683,0.8929466009140015,0.3326207995414734,0.9147146940231323,0.3081860840320587,0.9253622889518738,0.8669428825378418,0.7913627624511719,0.31038713455200195
0,0.0,0.7904313802719116,0.6245434880256653,0.0,0.0,0.0,0.16698779165744781,0.0,0.8246046304702759,0.7898467779159546,0.0,0.9929906129837036,0.0,0.0,0.0,0.0,0.8566151261329651,0.0,0.8001627326011658,0.0,0.0,0.0,1.0409977436065674,0.9734846353530884,0.0,0.0,0.0,0.0,0.0,0.0,0.8031212687492371,0.0,0.0,0.0,0.18988393247127533,0.8834870457649231,0.0,0.5820467472076416,0.0,0.0,0.0,0.0,0.0,0.8859186172485352,0.31077682971954346,0.7627324461936951,0.0,0.0,0.0,0.9734724760055542,0.0,0.2280764877796173,0.0,0.015852849930524826,0.0,0.8776852488517761,0.5369945764541626,0.8827254176139832,0.9881290793418884,0.0,0.0,0.8556088805198669,0.8569589257240295,0.0,0.0,0.0,0.0,0.8244450092315674,0.0,0.0,0.8952712416648865,0.9300356507301331,0.933870255947113,0.0,0.9672810435295105,0.7132517099380493,0.5379772186279297,0.20847930014133453,0.882712721824646,0.0,0.7687861919403076,0.9149529933929443,0.8578210473060608,0.0,0.0,0.14413094520568848,0.0,0.5901558995246887,0.9707742929458618,0.0,0.0,0.0,0.10938823968172073,0.5991248488426208,0.0,0.932894766330719,0.046664759516716,0.08203380554914474,0.6026324033737183,0.0,0.0,0.0,0.718380868434906,0.09324638545513153,0.0,0.5912478566169739,0.8525720834732056,0.0,0.0,0.4638558030128479,0.0,0.0,0.0,0.9730479717254639,0.9611144661903381,0.3186034560203552,0.94093918800354,0.8961058259010315,0.27554938197135925,0.0,0.0,0.5705325603485107,0.0,0.7201666235923767,0.0,0.0,0.12551601231098175,0.7836952209472656
0,0.0,0.574657678604126,0.0,0.0,0.0,0.0,0.42333030700683594,0.0,0.0,0.05800808221101761,0.0,0.5572174787521362,0.0,0.0,0.0,0.0,0.9417668581008911,0.0,0.0,0.0,0.0,0.0,0.6564232707023621,0.9139530658721924,0.0,0.0,0.0,0.0,0.0,0.0,0.9825254082679749,0.0,0.0,0.0,0.3288581073284149,0.25489914417266846,0.0,0.0,0.0,0.012544059194624424,0.0,0.0,0.0,0.5988593697547913,0.4344237446784973,0.217179536819458,0.0,0.0,0.0,0.6124101877212524,0.0,0.33714941143989563,0.0,0.042682942003011703,0.0,0.12095450609922409,1.051267385482788,1.0162341594696045,1.0795787572860718,0.0,0.0,0.2001349776983261,0.4852702021598816,0.0003649487334769219,0.0,0.0,0.0,0.996223509311676,7.186348739196546e-06,0.0,0.0,0.6541783809661865,0.4810366928577423,0.0,0.19991403818130493,0.0,0.7822204232215881,0.28383126854896545,0.5171496868133545,0.0,0.0,0.2454359382390976,0.5018395185470581,0.0,0.0,0.2688165009021759,0.0,0.6946113109588623,0.2078380286693573,0.0,0.0,0.0,0.1531723588705063,0.3048033118247986,0.0,0.5220399498939514,0.07312578707933426,0.0,0.0,0.0,0.0,0.04765265807509422,0.026659468188881874,0.11879296600818634,0.0,0.0595344677567482,0.27752894163131714,0.0,0.0,0.5746012330055237,0.0,0.0,0.0017154632369056344,0.3486260175704956,0.0,0.4123917818069458,0.0,0.2535247206687927,0.3193512558937073,0.0,0.0,0.0,0.0,0.0,0.0,0.0,0.154683455824852,0.0
1,0.6469558477401733,0.4400797486305237,0.6091268062591553,0.5212448239326477,0.6357554197311401,0.664375901222229,0.4902160167694092,0.6954911351203918,0.47098278999328613,0.4744795858860016,0.6554649472236633,0.31076571345329285,0.6699211597442627,0.6307570934295654,0.5425918698310852,0.5583457350730896,0.27120286226272583,0.6684361100196838,0.4407862722873688,0.609978199005127,0.6670423746109009,0.6913686394691467,0.39483121037483215,0.30744364857673645,0.6657015681266785,0.6432434320449829,0.6131877899169922,0.6741979718208313,0.6291982531547546,0.6525648236274719,0.24970775842666626,0.6419488787651062,0.6128950119018555,0.6310033202171326,0.3852164149284363,0.4380117654800415,0.6641893982887268,0.5205358862876892,0.6740868091583252,0.5958128571510315,0.672650933265686,0.644318699836731,0.6594216227531433,0.3556983768939972,0.37267085909843445,0.43817248940467834,0.6734095215797424,0.7045331597328186,0.5830385684967041,0.35976022481918335,0.7134899497032166,0.6339585781097412,0.7098644971847534,0.539168655872345,0.6423969268798828,0.2924001216888428,0.44398418068885803,0.16123011708259583,0.26743200421333313,0.636195182800293,0.6206181645393372,0.35778260231018066,0.3201865553855896,0.6126490235328674,0.5758477449417114,0.6332144141197205,0.5722768902778625,0.3790275454521179,0.6547887921333313,0.7016772627830505,0.48140138387680054,0.37264129519462585,0.39088761806488037,0.5943453907966614,0.34675681591033936,0.5365142822265625,0.419766366481781,0.5407113432884216,0.35917872190475464,0.6419494152069092,0.5178559422492981,0.4028327465057373,0.3432021737098694,0.5579131245613098,0.6712290048599243,0.26890671253204346,0.49027976393699646,0.43380168080329895,0.5193924903869629,0.6101768016815186,0.6290546655654907,0.631232500076294,0.6513906717300415,0.2701333463191986,0.6720284819602966,0.3899524211883545,0.5988240838050842,0.5739167928695679,0.5400327444076538,0.5623214840888977,0.65757155418396,0.6014594435691833,0.483378142118454,0.520134449005127,0.6158202290534973,0.4909944534301758,0.3181374669075012,0.6461544632911682,0.679558515548706,0.41332292556762695,0.5759208798408508,0.580689013004303,0.5761013031005859,0.42361462116241455,0.4639032483100891,0.6515971422195435,0.5322935581207275,0.4486253261566162,0.5025662779808044,0.6456563472747803,0.6466323733329773,0.5290956497192383,0.6404059529304504,0.49824637174606323,0.6468042135238647,0.5976625680923462,0.6170600652694702,0.5268372297286987
1,0.21020379662513733,0.4569545090198517,0.4181707501411438,0.1464959979057312,0.25033608078956604,0.237213596701622,0.3111720085144043,0.2512924373149872,0.44033318758010864,0.4928705096244812,0.2236035317182541,0.4752127230167389,0.29434633255004883,0.28959593176841736,0.13649418950080872,0.17879821360111237,0.4216397702693939,0.2160608470439911,0.47422271966934204,0.23962904512882233,0.2379472404718399,0.29796871542930603,0.5979213714599609,0.5417216420173645,0.218580961227417,0.222013458609581,0.23079587519168854,0.22072523832321167,0.20577748119831085,0.24634848535060883,0.40195173025131226,0.21489089727401733,0.21740275621414185,0.15811654925346375,0.46019452810287476,0.46970778703689575,0.17372576892375946,0.4204150438308716,0.2582201659679413,0.27362820506095886,0.25957128405570984,0.2785370945930481,0.20965680480003357,0.48559144139289856,0.4010149836540222,0.4479925036430359,0.25666090846061707,0.2879553735256195,0.16849260032176971,0.5123596787452698,0.2831670939922333,0.4342762231826782,0.25871458649635315,0.3402036726474762,0.2145511358976364,0.4772827625274658,0.5094338059425354,0.4195435643196106,0.4289780855178833,0.18912255764007568,0.23819822072982788,0.5356487035751343,0.4443384110927582,0.1716279238462448,0.16194415092468262,0.26536205410957336,0.30014345049858093,0.3736438751220703,0.21323271095752716,0.23731675744056702,0.5590316653251648,0.4767407476902008,0.5380954742431641,0.2594957649707794,0.6083917021751404,0.510888397693634,0.4946460723876953,0.35520127415657043,0.4382670819759369,0.2198040783405304,0.5478077530860901,0.4998089671134949,0.49651604890823364,0.17162585258483887,0.3480091094970703,0.22704054415225983,0.1734847128391266,0.47767922282218933,0.5479709506034851,0.28116917610168457,0.2160344272851944,0.20503565669059753,0.21985489130020142,0.41703397035598755,0.23768675327301025,0.49972525238990784,0.18768520653247833,0.26165932416915894,0.35089462995529175,0.14102457463741302,0.24653112888336182,0.2005218267440796,0.4742065966129303,0.325367271900177,0.23483923077583313,0.3673386871814728,0.4584496021270752,0.19716860353946686,0.26537632942199707,0.49370241165161133,0.28841912746429443,0.19035588204860687,0.15898942947387695,0.5381499528884888,0.60843425989151,0.5972297787666321,0.5813989043235779,0.5155156850814819,0.3875720798969269,0.2866225242614746,0.2082558274269104,0.35981279611587524,0.3756392300128937,0.45232701301574707,0.247934952378273,0.23255230486392975,0.38276124000549316,0.4336003363132477
1,0.9138445854187012,0.28488022089004517,0.3626556992530823,0.7471818327903748,0.8956460952758789,0.9197579622268677,0.5162147879600525,0.9665818214416504,0.29014381766319275,0.2971770465373993,0.9423171281814575,0.19001948833465576,0.9418631792068481,0.9142478108406067,0.7630692720413208,0.7824573516845703,0.1723560392856598,0.9576752781867981,0.2583571672439575,0.8514156341552734,0.9268122911453247,0.9280918836593628,0.2552061378955841,0.2076316773891449,0.9418724179267883,0.9148909449577332,0.8864486813545227,0.977451503276825,0.8926568031311035,0.9363497495651245,0.14633454382419586,0.9203407168388367,0.8753964304924011,0.8758779764175415,0.40214815735816956,0.2692115902900696,0.9214522242546082,0.3062921166419983,0.9682208895683289,0.7695150971412659,0.9576960802078247,0.9013859033584595,0.9434701204299927,0.22539584338665009,0.2980656325817108,0.28185954689979553,0.9455951452255249,0.9978426098823547,0.8178819417953491,0.2285880148410797,0.9924651384353638,0.6970736384391785,0.999717116355896,0.6891772747039795,0.8910717964172363,0.17204347252845764,0.2962943911552429,0.10366474092006683,0.17641153931617737,0.8882225751876831,0.8404951095581055,0.2302040308713913,0.1899958848953247,0.8518241047859192,0.809116005897522,0.8895145654678345,0.7904718518257141,0.23615486919879913,0.9400259852409363,0.9859594106674194,0.2974446415901184,0.22135305404663086,0.2513052523136139,0.8680809736251831,0.21948662400245667,0.3426681458950043,0.25868821144104004,0.5792697072029114,0.21600858867168427,0.903931736946106,0.34180426597595215,0.25154048204421997,0.21558304131031036,0.801315426826477,0.9213234782218933,0.2819436490535736,0.7059728503227234,0.3012891113758087,0.33028435707092285,0.8668544888496399,0.8681087493896484,0.8899863362312317,0.9380489587783813,0.17894305288791656,0.965416431427002,0.2566588521003723,0.7743000984191895,0.8264186978340149,0.3143325746059418,0.7829326391220093,0.9372773170471191,0.8607791066169739,0.3015800416469574,0.6081680655479431,0.8765532374382019,0.2958046793937683,0.20729632675647736,0.9095635414123535,0.9564427137374878,0.2716439664363861,0.7887646555900574,0.8162621259689331,0.8121637105941772,0.26588350534439087,0.31809642910957336,0.6812995672225952,0.33142343163490295,0.2721535563468933,0.4939994812011719,0.8753603100776672,0.893488883972168,0.3326207995414734,0.915459156036377,0.3069247603416443,0.9250475764274597,0.8663766980171204,0.792835533618927,0.30888426303863525
0,0.0,0.5087246298789978,0.0,0.0,0.0,0.0,0.4942396879196167,0.0,0.0,0.04008323699235916,0.0,0.5104337334632874,0.0,0.0,0.0,0.0,0.8726426362991333,0.0,0.0,0.0,0.0,0.0,0.5848692059516907,0.8249171376228333,0.0,0.0,0.0,0.0,0.0,0.0,0.9273166060447693,0.0,0.0,0.0,0.3578494191169739,0.22223258018493652,0.0,0.0,0.0,0.022804465144872665,0.0,0.0,0.0,0.5680676102638245,0.4082351326942444,0.19564427435398102,0.0,0.0,0.0,0.5562313199043274,0.0,0.3674597442150116,0.0,0.055497050285339355,0.0,0.060491763055324554,1.1308497190475464,0.9588233232498169,0.9962142705917358,0.0,0.0,0.13506105542182922,0.42563489079475403,0.002598981373012066,0.0,0.0,0.0,0.9342040419578552,0.007573901675641537,0.0,0.0,0.6069144010543823,0.428381085395813,0.0,0.16407588124275208,0.0,0.8765079975128174,0.3038599193096161,0.4616776704788208,0.0,0.0,0.2000826746225357,0.45209693908691406,0.0,0.0,0.34537187218666077,0.0,0.7405691146850586,0.20716561377048492,0.0,0.0,0.0,0.1578531265258789,0.2579084634780884,0.0,0.4668179154396057,0.07396120578050613,0.0,0.0,0.0,0.0,0.06115473061800003,0.025234321132302284,0.14104364812374115,0.0,0.05588775873184204,0.23986798524856567,0.0,0.0,0.6260247826576233,0.0,0.0,0.00011817401536973193,0.3054078221321106,0.0,0.4734265208244324,0.0,0.21045514941215515,0.3756718933582306,0.0,0.0,0.0,0.0,0.0,0.0,0.0,0.15671777725219727,0.0
1,0.663411557674408,0.0,0.0,0.6176115274429321,0.7337903380393982,0.73464035987854,0.5241709351539612,0.7282129526138306,0.0,0.0,0.677869975566864,0.0,0.706662118434906,0.6926226019859314,0.48444703221321106,0.5339317917823792,0.0,0.7233008742332458,0.0,0.5899170637130737,0.7200503349304199,0.7195063233375549,0.0,0.0,0.701535701751709,0.720375120639801,0.6789330840110779,0.7695014476776123,0.6487424969673157,0.6820027828216553,0.0,0.7525187730789185,0.7286456227302551,0.6610918641090393,0.5685447454452515,0.0,0.684166669845581,0.0,0.7598775625228882,0.5702802538871765,0.7241377234458923,0.6627469062805176,0.718484103679657,0.0,0.6150810122489929,0.0,0.6791067719459534,0.7310823202133179,0.5855206847190857,0.0,0.7478602528572083,0.823438823223114,0.7689397931098938,0.5989294052124023,0.6348584890365601,0.0,0.7020478844642639,0.0,0.0,0.6347005367279053,0.678499162197113,0.0,0.0,0.5662717223167419,0.6106643676757812,0.7029401659965515,0.5970579385757446,0.0,0.7087878584861755,0.696240246295929,0.0,0.0,0.0,0.6202055811882019,0.0,0.0,0.6758882999420166,0.6617059111595154,0.0,0.6571609973907471,0.0,0.0,0.0,0.5745599865913391,0.6618044972419739,0.39487215876579285,0.5885897874832153,0.7922077775001526,0.0,0.6521825194358826,0.6284433603286743,0.6227081418037415,0.6354560256004333,0.030688701197504997,0.7094966173171997,0.0,0.5645723938941956,0.6206817030906677,0.0,0.5226047039031982,0.7282388806343079,0.6172149777412415,0.0,0.533947229385376,0.6440911293029785,0.0,0.0,0.6908305287361145,0.7829440832138062,0.6246679425239563,0.6174142360687256,0.546384871006012,0.5797982215881348,0.0,0.0,0.8088666796684265,0.0,0.0,0.6349104642868042,0.732373833656311,0.717741847038269,0.0,0.7512298822402954,4.1409817640669644e-05,0.677563488483429,0.6730039119720459,0.8201051950454712,0.0
0,0.0,0.9249381422996521,1.153823733329773,0.0,0.0,0.0,0.2659720480442047,0.0,1.1220545768737793,1.035847544670105,0.0,0.8316185474395752,0.0,0.0,0.0,0.0,0.7045841217041016,0.0,1.0427155494689941,0.0,0.0038172693457454443,0.009772200137376785,0.8919708728790283,0.6928849220275879,0.0,0.0,0.0,0.0,0.0,0.0,0.6102874279022217,0.0,0.0,0.0,0.3657727539539337,0.9564874172210693,0.0,1.1085940599441528,0.0,0.04327690973877907,0.0,0.0,0.0,0.8842504024505615,0.4593198597431183,0.9890188574790955,0.0,0.0,0.0,0.84873366355896,0.0,0.35325372219085693,0.0,0.09069430083036423,0.0,0.7306312918663025,0.7576655745506287,0.4672321379184723,0.5909953713417053,0.0,0.0,0.7430331707000732,0.7353511452674866,0.0,0.0,0.0,0.0,0.8773252367973328,0.0,0.0,0.9985240697860718,0.806145429611206,0.9321027994155884,0.0,0.9459331035614014,1.0328320264816284,0.7581651210784912,0.36251190304756165,0.8869119882583618,0.0,1.066948652267456,0.9058741927146912,0.7661332488059998,0.0,0.0,0.2431381195783615,0.0,0.7762203812599182,1.1161973476409912,0.0,0.0,0.0,0.0,0.5727949738502502,0.0,0.8988401889801025,0.08632277697324753,0.0,1.2067147493362427,0.0,0.0,0.0,1.0720993280410767,0.17362529039382935,0.0,1.0345988273620605,0.7115498781204224,0.0,0.0,0.7183110117912292,0.0,0.0,0.0,0.981194257736206,0.9694810509681702,0.5313918590545654,1.1215600967407227,0.9223306179046631,0.4038432836532593,0.0,0.0,1.1223821640014648,0.0374673455953598,1.1288996934890747,0.0,0.0,0.18460334837436676,1.1198267936706543
0,0.04096801578998566,0.6863687634468079,0.8848694562911987,0.010543720796704292,0.06447752565145493,0.048348069190979004,0.18278305232524872,0.06374989449977875,0.7610134482383728,0.8039873242378235,0.04563456028699875,0.6730955243110657,0.06609580665826797,0.08122238516807556,0.013684555888175964,0.03173915669322014,0.5573524236679077,0.04237465187907219,0.7820802927017212,0.03941201791167259,0.05156811326742172,0.0737287774682045,0.8333112597465515,0.723677396774292,0.041845012456178665,0.03697998821735382,0.050165627151727676,0.03376678377389908,0.03968837857246399,0.05410727858543396,0.5258337259292603,0.029485438019037247,0.03253866732120514,0.008216080255806446,0.2878550887107849,0.7330677509307861,0.025181826204061508,0.7635226845741272,0.0672583132982254,0.05196380987763405,0.060551345348358154,0.10928438603878021,0.0315963439643383,0.7139623165130615,0.36781615018844604,0.7233946323394775,0.06832674145698547,0.09724929928779602,0.024981383234262466,0.7173959016799927,0.08242140710353851,0.2742873430252075,0.055059902369976044,0.13689741492271423,0.043038368225097656,0.6774841547012329,0.5448194742202759,0.5050594210624695,0.5721524953842163,0.035151444375514984,0.04760850965976715,0.7340532541275024,0.6263521909713745,0.015043084509670734,0.029062781482934952,0.06001659482717514,0.07288520038127899,0.5982328057289124,0.03924626111984253,0.06126561388373375,0.9015001058578491,0.7299591302871704,0.7623719573020935,0.07648426294326782,0.8223913908004761,0.8880469799041748,0.48757803440093994,0.2351452261209488,0.6448149681091309,0.035996466875076294,0.9211217164993286,0.7739407420158386,0.7197701334953308,0.026006316766142845,0.13049930334091187,0.15469571948051453,0.01871686428785324,0.5331948399543762,0.8696748614311218,0.05622398108243942,0.04308248311281204,0.03691156208515167,0.03713177144527435,0.5552130341529846,0.06000269204378128,0.7564966082572937,0.06345321238040924,0.06625090539455414,0.7425284385681152,0.010356293991208076,0.05409836024045944,0.029172999784350395,0.7843219041824341,0.13331487774848938,0.053855255246162415,0.7046830654144287,0.6460862159729004,0.019201181828975677,0.06521743535995483,0.4637787640094757,0.07285994291305542,0.020831765606999397,0.005430528894066811,0.78790283203125,0.9690200090408325,0.4324339032173157,0.948843777179718,0.8207405805587769,0.3001282811164856,0.07724249362945557,0.04002964496612549,0.7486823201179504,0.13521961867809296,0.8111006617546082,0.06419188529253006,0.061608705669641495,0.20107358694076538,0.7691454887390137
0,0.0,0.5075585842132568,0.0,0.0,0.0,0.0,0.47221678495407104,0.0,0.05395088344812393,0.24071507155895233,0.0,0.9101966619491577,0.0,0.0,0.03004884161055088,0.0,1.298457384109497,0.0,0.03127753362059593,0.0,0.0,0.0,0.8243423104286194,1.1263399124145508,0.0,0.0,0.0,0.0,0.0,0.0,1.2113205194473267,0.0,0.0,0.0,0.1590341478586197,0.3523814082145691,0.0,0.0,0.0,0.0,0.0,0.0,0.0,0.6177332997322083,0.5092780590057373,0.3641054034233093,0.0,0.0,0.0,0.8162239193916321,0.0,0.2119189351797104,0.0,0.0,0.0,0.24680976569652557,0.8179664015769958,1.531337857246399,1.340638279914856,0.0,0.0,0.5372632741928101,0.7395780682563782,0.0032985121943056583,0.0,0.0,0.0,1.0392940044403076,0.0,0.0,0.19825254380702972,0.7869985699653625,0.7242749929428101,0.0,0.32909533381462097,0.047814227640628815,0.676751434803009,0.21488557755947113,0.8523346185684204,0.0,0.018577517941594124,0.5222968459129333,0.9254193902015686,0.009828911162912846,0.0,0.4500696063041687,0.0,0.6882447600364685,0.31095266342163086,0.0,0.0,0.0,0.12625464797019958,0.8714603781700134,0.0,0.6547327041625977,0.13225708901882172,0.007148535456508398,0.0,0.0,0.0,0.01046531181782484,0.07366593927145004,0.0768958032131195,0.0,0.160023033618927,0.6522329449653625,0.0,0.0,0.6126697659492493,0.0,0.0,0.0,0.36118653416633606,0.19280840456485748,0.18972958624362946,0.0818181037902832,0.7108161449432373,0.2231767624616623,0.0,0.0,0.0,0.0,0.0038156905211508274,0.0,0.0,0.0955372080206871,0.04375248774886131
1,0.0,0.0,0.0,0.0,0.0,0.0,0.5427142381668091,0.0,0.0,0.0,0.0,0.0,0.0,0.0,0.0,0.0,0.0,0.0,0.0,0.0,0.0,0.01575140282511711,0.0,0.0,0.0,0.0,0.0,0.0,0.0,0.0,0.0,0.0,0.0,0.0,0.7292048335075378,0.0,0.0,0.0,0.0,0.09627601504325867,0.0,0.0,0.0,0.0,0.8529949188232422,0.0,0.0,0.0,0.0,0.0,0.0,0.8017919659614563,0.0,0.10222510248422623,0.0,0.0,1.567368984222412,0.0,0.0,0.0,0.0,0.0,0.0,0.0,0.0,0.0,0.0,0.0,0.0,0.0,0.0,0.0,0.0,0.0,0.0,0.0,1.6858865022659302,0.7226387858390808,0.0,0.0,0.0,0.0,0.0,0.0,0.0,0.5513741970062256,0.0,1.4847346544265747,0.0,0.0,0.0,0.0,0.0,0.040873873978853226,0.0,0.0,0.1737338751554489,0.0,0.0,0.0,0.0,0.0,0.0,0.2949555218219757,0.0,0.0,0.0,0.0,0.0,1.4785572290420532,0.0,0.0,0.0,0.0,0.0,1.004548192024231,0.0,0.0,0.841460645198822,0.0,0.0,0.0,0.062043964862823486,0.0,0.0,0.0,0.4053665101528168,0.0
1,0.8960720300674438,0.4844840168952942,0.5914516448974609,0.72303706407547,0.8735722303390503,0.8812010288238525,0.47119688987731934,0.9565386772155762,0.5245408415794373,0.5052365064620972,0.9112862348556519,0.4487939774990082,0.8829702138900757,0.8910287618637085,0.7535210251808167,0.7581107020378113,0.3862602412700653,0.9349375367164612,0.51273113489151,0.7986412644386292,0.8988698720932007,0.8807114958763123,0.4753779172897339,0.41820356249809265,0.9249013066291809,0.8760958909988403,0.8506917357444763,0.9412676095962524,0.8700642585754395,0.9006847143173218,0.3570820689201355,0.8764461278915405,0.8263102769851685,0.8493633270263672,0.33446112275123596,0.46239325404167175,0.9065816402435303,0.5561383962631226,0.9351758360862732,0.6993287205696106,0.9163480997085571,0.8858012557029724,0.8971254229545593,0.4616599678993225,0.2508533000946045,0.5004453063011169,0.9214706420898438,0.9801788330078125,0.8088027238845825,0.4358062446117401,0.9531413316726685,0.6117389798164368,0.973651111125946,0.6307870149612427,0.8645182847976685,0.32966282963752747,0.2563903331756592,0.3148629069328308,0.3012169897556305,0.8713183403015137,0.7896147966384888,0.40950602293014526,0.3675960898399353,0.8287277817726135,0.7875338196754456,0.840994656085968,0.7453131675720215,0.4184851050376892,0.9063165783882141,0.9576201438903809,0.5076437592506409,0.44240209460258484,0.4760974049568176,0.833356499671936,0.5036396980285645,0.5468114018440247,0.2062104195356369,0.5018129348754883,0.46452829241752625,0.8861880898475647,0.5245060920715332,0.4694842994213104,0.4034862816333771,0.7555224299430847,0.902071475982666,0.2340133935213089,0.6642504334449768,0.24650882184505463,0.5649564266204834,0.8075027465820312,0.8340152502059937,0.8555040955543518,0.9139847755432129,0.3219393193721771,0.9528870582580566,0.4437054395675659,0.7533340454101562,0.7803688645362854,0.5592009425163269,0.7723789215087891,0.9100069999694824,0.8224434852600098,0.540921151638031,0.5483661890029907,0.8451476097106934,0.524630606174469,0.3575862944126129,0.8754076957702637,0.922606348991394,0.21502314507961273,0.7387229204177856,0.7843329310417175,0.7688601016998291,0.5169969201087952,0.5135881304740906,0.5965580344200134,0.6009050607681274,0.48970574140548706,0.4388108551502228,0.8380492925643921,0.851804256439209,0.532595157623291,0.8553574681282043,0.5199099183082581,0.9027965664863586,0.8411897420883179,0.7388691902160645,0.5512741208076477
1,0.2577889859676361,0.09906959533691406,0.3310527205467224,0.1482536941766739,0.32640308141708374,0.2820563018321991,0.39061030745506287,0.3446832597255707,0.10174558311700821,0.1545265167951584,0.27276185154914856,0.021214403212070465,0.3670499324798584,0.4304560422897339,0.15211765468120575,0.21676349639892578,0.005107137840241194,0.2687491774559021,0.08612078428268433,0.2865120470523834,0.28714457154273987,0.3817763030529022,0.10168064385652542,0.10588336735963821,0.2536363899707794,0.25041714310646057,0.28490149974823,0.24494914710521698,0.263875275850296,0.31403017044067383,0.009928935207426548,0.2406589537858963,0.2427283674478531,0.1631329357624054,0.5816177725791931,0.09306228160858154,0.18447428941726685,0.1768099069595337,0.3481140434741974,0.29900887608528137,0.33591318130493164,0.39647093415260315,0.24078725278377533,0.049117397516965866,0.5960404872894287,0.1129257008433342,0.358042448759079,0.41327789425849915,0.17635701596736908,0.05695493891835213,0.3588060438632965,0.5662468671798706,0.3204818069934845,0.47766515612602234,0.2695629596710205,0.090729258954525,0.6773251891136169,0.006738690193742514,0.05850818753242493,0.21537227928638458,0.27268460392951965,0.1340959519147873,0.07283512502908707,0.1666867882013321,0.1797986477613449,0.31611600518226624,0.3937249183654785,0.04099327698349953,0.24818497896194458,0.32319676876068115,0.211508110165596,0.13071651756763458,0.06751294434070587,0.36076125502586365,0.024808702990412712,0.27206817269325256,0.5893811583518982,0.42354366183280945,0.023488415405154228,0.23495207726955414,0.23105305433273315,0.11196025460958481,0.11025582998991013,0.2019749879837036,0.47128358483314514,0.2553200125694275,0.18308322131633759,0.5989820957183838,0.13863718509674072,0.3567131459712982,0.24916867911815643,0.25454261898994446,0.26144713163375854,0.11592207103967667,0.3214307129383087,0.13767489790916443,0.22128398716449738,0.24915887415409088,0.1621013581752777,0.14021864533424377,0.29882827401161194,0.22797437012195587,0.11812818050384521,0.4079505205154419,0.31255868077278137,0.13306526839733124,0.07052599638700485,0.1964864730834961,0.3394280970096588,0.5990826487541199,0.3802386522293091,0.19800059497356415,0.16687361896038055,0.07254790514707565,0.2545680105686188,0.7477505207061768,0.1813073754310608,0.17684702575206757,0.46020159125328064,0.397593230009079,0.23271387815475464,0.21154366433620453,0.4931267201900482,0.17742986977100372,0.35912367701530457,0.3152370750904083,0.5162721276283264,0.18398268520832062
1,0.14764364063739777,0.03578386455774307,0.15643882751464844,0.18991991877555847,0.2104889154434204,0.21070532500743866,0.41176706552505493,0.1952238529920578,0.06544448435306549,0.07384096086025238,0.15017297863960266,0.018259599804878235,0.2091534435749054,0.20078623294830322,0.07182883471250534,0.11798280477523804,0.009151505306363106,0.17863859236240387,0.07213617861270905,0.15356753766536713,0.17451278865337372,0.2270747423171997,0.05451969802379608,0.04436270520091057,0.15142817795276642,0.20971141755580902,0.17880012094974518,0.18656571209430695,0.15071427822113037,0.1761292964220047,0.003471764735877514,0.17744596302509308,0.17938582599163055,0.13015863299369812,0.5721673965454102,0.050542984157800674,0.1277804672718048,0.08259366452693939,0.20188362896442413,0.16576817631721497,0.19397050142288208,0.20604558289051056,0.16761822998523712,0.04113761708140373,0.81280916929245,0.05513273924589157,0.1822260171175003,0.20780642330646515,0.12087763845920563,0.03345805034041405,0.21502983570098877,0.6190385818481445,0.20009587705135345,0.2752525806427002,0.1459130346775055,0.08916673064231873,1.0377496480941772,0.0,0.032168399542570114,0.12923046946525574,0.1793014258146286,0.0536128468811512,0.03979508578777313,0.09237774461507797,0.14537890255451202,0.20228955149650574,0.22037306427955627,0.033414699137210846,0.16789233684539795,0.16994670033454895,0.11518081277608871,0.06285401433706284,0.04157295078039169,0.18435223400592804,0.030923476442694664,0.12472663819789886,1.1312410831451416,0.5177463293075562,0.020585836842656136,0.13592097163200378,0.10860482603311539,0.06884973496198654,0.06901783496141434,0.14578187465667725,0.21528387069702148,0.3382048010826111,0.16320207715034485,1.1912424564361572,0.08023287355899811,0.1921072006225586,0.14037615060806274,0.14935055375099182,0.1345539391040802,0.08067510277032852,0.16448742151260376,0.06504009664058685,0.25760599970817566,0.13580521941184998,0.09208763390779495,0.07669554650783539,0.20613591372966766,0.14531876146793365,0.06852304190397263,0.30296790599823,0.18323972821235657,0.06118667125701904,0.05851607024669647,0.139492005109787,0.23172885179519653,0.9658401012420654,0.21567174792289734,0.09891761839389801,0.11242194473743439,0.04447716102004051,0.14463727176189423,0.6477758288383484,0.08997951447963715,0.08180562406778336,0.5294013023376465,0.24722124636173248,0.1707356721162796,0.0936904102563858,0.29203304648399353,0.10494353622198105,0.18235012888908386,0.17987437546253204,0.42271333932876587,0.08605420589447021
1,0.5499720573425293,0.2515548765659332,0.3787906765937805,0.5666919946670532,0.6281185746192932,0.6169807314872742,0.43830645084381104,0.5966082215309143,0.2793550193309784,0.27787551283836365,0.5364118814468384,0.18068137764930725,0.5260456800460815,0.526325523853302,0.4452758729457855,0.4539099931716919,0.1523454338312149,0.629676342010498,0.25873494148254395,0.4366362392902374,0.6021931171417236,0.5767372846603394,0.2336125373840332,0.17591993510723114,0.5937091708183289,0.6048533320426941,0.5603176355361938,0.6470464468002319,0.5393372774124146,0.5530540347099304,0.14369182288646698,0.6099448800086975,0.5833905339241028,0.5732195377349854,0.4098789691925049,0.2537171244621277,0.6076977252960205,0.30255451798439026,0.6109438538551331,0.42667657136917114,0.5704942345619202,0.517617404460907,0.5846506357192993,0.20755527913570404,0.5902950167655945,0.2565044164657593,0.5348494052886963,0.6131855845451355,0.5208691358566284,0.2058277130126953,0.5867568254470825,0.7023566961288452,0.6129932999610901,0.40255823731422424,0.5056250095367432,0.1763128787279129,0.7027201056480408,0.08978227525949478,0.1536572128534317,0.5435489416122437,0.5350003838539124,0.2142343670129776,0.19187936186790466,0.4938715994358063,0.5402311682701111,0.5665082931518555,0.429916650056839,0.21550220251083374,0.5760088562965393,0.5485600233078003,0.28951266407966614,0.22346702218055725,0.2290695160627365,0.4967896342277527,0.1911769062280655,0.3298782408237457,0.7484856247901917,0.5975397825241089,0.20881865918636322,0.5498311519622803,0.3188548982143402,0.24149145185947418,0.20230822265148163,0.4809965193271637,0.49354442954063416,0.3353751301765442,0.5023155808448792,0.8704056739807129,0.3082221746444702,0.45808565616607666,0.5152039527893066,0.5172244310379028,0.503627598285675,0.18838870525360107,0.5689053535461426,0.23175396025180817,0.551838755607605,0.44920769333839417,0.3162703216075897,0.48027947545051575,0.6072332262992859,0.4945305287837982,0.2854611873626709,0.3873612880706787,0.525615930557251,0.29767587780952454,0.17956769466400146,0.5737593770027161,0.6521810293197632,0.6573898196220398,0.4367297887802124,0.4359038472175598,0.4900914132595062,0.253528892993927,0.2906768023967743,0.5676389336585999,0.3148083984851837,0.26971766352653503,0.5320678949356079,0.5946171283721924,0.6053274273872375,0.31715694069862366,0.5890494585037231,0.30192703008651733,0.5381866693496704,0.531541645526886,0.6403133869171143,0.32234421372413635
1,0.6077290773391724,0.40739578008651733,0.5847896933555603,0.48895150423049927,0.5996092557907104,0.6397637724876404,0.5001792907714844,0.6659351587295532,0.44982337951660156,0.4479692876338959,0.6310615539550781,0.29629576206207275,0.6622617244720459,0.6430964469909668,0.48416614532470703,0.5220045447349548,0.25315049290657043,0.6350852251052856,0.42216286063194275,0.6079544425010681,0.6282468438148499,0.6760396361351013,0.3734006881713867,0.2881118655204773,0.6275995373725891,0.6181403994560242,0.5974425077438354,0.6507275700569153,0.5944210290908813,0.6388405561447144,0.23230180144309998,0.6208489537239075,0.5914097428321838,0.5615371465682983,0.44011393189430237,0.41461241245269775,0.5888781547546387,0.49593544006347656,0.6519400477409363,0.6001516580581665,0.6506721377372742,0.63334059715271,0.6268803477287292,0.337517648935318,0.344279408454895,0.4155209958553314,0.6493210792541504,0.6793520450592041,0.5254673957824707,0.3423682451248169,0.6860522627830505,0.6201717257499695,0.6813158988952637,0.5614285469055176,0.6079397201538086,0.28225594758987427,0.4288870096206665,0.14979328215122223,0.2530974745750427,0.5825151801109314,0.6007068157196045,0.3389718532562256,0.303443044424057,0.5600958466529846,0.5381242632865906,0.6200986504554749,0.5986138582229614,0.3598051071166992,0.6247509121894836,0.6731675267219543,0.45777565240859985,0.3506154417991638,0.3696582615375519,0.6076972484588623,0.32723841071128845,0.5099905729293823,0.4046531617641449,0.5361634492874146,0.3384079933166504,0.6059787273406982,0.499767929315567,0.3840635418891907,0.3220474421977997,0.5460814833641052,0.6766712069511414,0.25336819887161255,0.48884207010269165,0.41341325640678406,0.4894821047782898,0.6361218690872192,0.5918758511543274,0.6072307825088501,0.6324275732040405,0.2557998299598694,0.6461688280105591,0.3720458149909973,0.546339213848114,0.5462192296981812,0.5155318379402161,0.5066999197006226,0.6347694396972656,0.5936974883079529,0.45961856842041016,0.5300896167755127,0.5991887450218201,0.47060152888298035,0.30105629563331604,0.5999497771263123,0.648635983467102,0.4068204164505005,0.5811079144477844,0.566358745098114,0.5474602580070496,0.4015076160430908,0.44539526104927063,0.6648823022842407,0.5030120611190796,0.4231574237346649,0.48248010873794556,0.623028039932251,0.5996651649475098,0.5093348026275635,0.6638598442077637,0.47614872455596924,0.6311483979225159,0.5793145298957825,0.6078532338142395,0.49495333433151245
1,0.9441278576850891,0.033857058733701706,0.21281301975250244,0.7542498707771301,0.9244556427001953,0.9089080691337585,0.5472030639648438,1.0056695938110352,0.037262093275785446,0.0755956694483757,0.9519078135490417,0.0,0.9329605102539062,1.019403338432312,0.8324846029281616,0.8246407508850098,0.0,0.9900785684585571,0.01926557719707489,0.8401208519935608,0.9513666033744812,0.9524552226066589,0.03186176344752312,0.045664362609386444,0.9674054980278015,0.9039002656936646,0.8878626823425293,0.9650905132293701,0.9426788687705994,0.9517928957939148,0.0,0.8812111020088196,0.8395534753799438,0.8702826499938965,0.4196280837059021,0.03198644518852234,0.9410315155982971,0.0921304002404213,1.0058616399765015,0.7581880688667297,0.9719326496124268,0.957573413848877,0.9332013130187988,0.004566503223031759,0.3959708511829376,0.03621754050254822,1.0017114877700806,1.0726885795593262,0.8466525077819824,0.012178074568510056,0.9975229501724243,0.7131772041320801,1.000836730003357,0.7295825481414795,0.9176647067070007,0.0409051887691021,0.4144700765609741,0.0,0.018642038106918335,0.9160128235816956,0.82416170835495,0.07140719890594482,0.02208101935684681,0.8792586922645569,0.8132497668266296,0.8869056701660156,0.8022990822792053,0.007624777499586344,0.9361264109611511,1.0066760778427124,0.11632870137691498,0.06489705294370651,0.013698038645088673,0.9287869334220886,0.004599905107170343,0.18141750991344452,0.35072970390319824,0.605879545211792,0.0,0.9042964577674866,0.11632976680994034,0.03474246338009834,0.04322442412376404,0.803437352180481,0.9933757781982422,0.25283029675483704,0.6722834706306458,0.3623206913471222,0.05811695009469986,0.8543346524238586,0.8786195516586304,0.920129656791687,0.9668646454811096,0.04581553861498833,0.9965286254882812,0.06042288616299629,0.8379676938056946,0.7707571983337402,0.06612517684698105,0.8111758232116699,0.9398824572563171,0.8437890410423279,0.04357277601957321,0.61137455701828,0.9109628796577454,0.05546274781227112,0.01865062117576599,0.8590381145477295,0.9580605030059814,0.3444727957248688,0.7954652905464172,0.8087623715400696,0.8020874261856079,0.02033218741416931,0.18285994231700897,0.7246366739273071,0.08444637060165405,0.09062346816062927,0.5413276553153992,0.9084707498550415,0.8839731812477112,0.12084075063467026,0.9565286040306091,0.101035937666893,0.9794971346855164,0.9070897102355957,0.8462966084480286,0.11428748816251755
1,0.14341235160827637,0.6265833973884583,0.6383764147758484,0.0995611697435379,0.18454228341579437,0.16684770584106445,0.29401469230651855,0.18504509329795837,0.657890260219574,0.6773221492767334,0.15406152606010437,0.6360070705413818,0.22772946953773499,0.23036658763885498,0.07670847326517105,0.12446057796478271,0.5383127927780151,0.1455347239971161,0.6684605479240417,0.17326954007148743,0.16813862323760986,0.22770705819129944,0.7475390434265137,0.6594306826591492,0.14083585143089294,0.15356943011283875,0.16061833500862122,0.15131716430187225,0.1462193727493286,0.17707094550132751,0.5115978121757507,0.14970292150974274,0.1605158895254135,0.10470618307590485,0.4177776575088501,0.6539809703826904,0.11052469909191132,0.6167372465133667,0.19536645710468292,0.22495995461940765,0.185980886220932,0.21594436466693878,0.14487504959106445,0.644538402557373,0.3999524414539337,0.6402952671051025,0.19342344999313354,0.2225094735622406,0.10825362801551819,0.662080705165863,0.21204397082328796,0.4135630428791046,0.18115442991256714,0.2958790361881256,0.15156686305999756,0.5499660968780518,0.5060360431671143,0.5011115074157715,0.5234708189964294,0.12373171746730804,0.17967547476291656,0.656658947467804,0.5649979710578918,0.10371438413858414,0.10460236668586731,0.20168736577033997,0.23399776220321655,0.54102623462677,0.14839261770248413,0.17039301991462708,0.7145475149154663,0.6313027143478394,0.6970267295837402,0.193244069814682,0.7650527954101562,0.6783830523490906,0.4946461021900177,0.33792710304260254,0.6068464517593384,0.14417794346809387,0.7333968281745911,0.6716158390045166,0.6193383932113647,0.11369722336530685,0.25996923446655273,0.22228384017944336,0.12181781232357025,0.4776792526245117,0.7499619722366333,0.21397100389003754,0.15311962366104126,0.14088258147239685,0.14763601124286652,0.4994218349456787,0.1692926287651062,0.6543806791305542,0.12626899778842926,0.17505508661270142,0.5727524161338806,0.08007470518350601,0.17411351203918457,0.1413649469614029,0.6736807823181152,0.2930149734020233,0.1722515970468521,0.5897890329360962,0.558547854423523,0.12653453648090363,0.19473648071289062,0.49446243047714233,0.23603099584579468,0.12079840898513794,0.10781343281269073,0.7173682451248169,0.7376247644424438,0.534234881401062,0.7952274084091187,0.6763511896133423,0.3784824311733246,0.2354913055896759,0.15083254873752594,0.5862839818000793,0.30738067626953125,0.6314675211906433,0.18709853291511536,0.1690826714038849,0.3304867148399353,0.6212144494056702
1,0.17485745251178741,0.9093380570411682,1.1599700450897217,0.09082070738077164,0.20298977196216583,0.19158557057380676,0.30451321601867676,0.2272661328315735,0.9881585240364075,0.9515195488929749,0.19689859449863434,0.7241063117980957,0.2947530448436737,0.30158913135528564,0.09736107289791107,0.16287052631378174,0.6107574701309204,0.18477804958820343,0.9199783205986023,0.21638323366641998,0.19794480502605438,0.2657252848148346,0.7583459615707397,0.5990387201309204,0.1687561273574829,0.19422225654125214,0.20677673816680908,0.16082826256752014,0.1850186437368393,0.22503790259361267,0.5491340756416321,0.1698608100414276,0.15928293764591217,0.1027638241648674,0.47473564743995667,0.881043016910553,0.11068753898143768,1.0794521570205688,0.2315884530544281,0.2584824860095978,0.23064683377742767,0.24189376831054688,0.15400008857250214,0.7849753499031067,0.4154767096042633,0.9039039611816406,0.24145103991031647,0.2589744031429291,0.12281877547502518,0.7695208787918091,0.22357529401779175,0.466553270816803,0.219930961728096,0.362400621175766,0.1741638034582138,0.5694805979728699,0.5105524659156799,0.3991541564464569,0.5278114080429077,0.1507122963666916,0.19547268748283386,0.6624001860618591,0.6373238563537598,0.10837197303771973,0.1179456114768982,0.2215396761894226,0.29175829887390137,0.8036787509918213,0.17224940657615662,0.2021108716726303,0.8798207640647888,0.7245895862579346,0.8100970387458801,0.24201612174510956,0.7589839696884155,0.9906987547874451,0.4799332916736603,0.34269213676452637,0.7960441708564758,0.16196699440479279,0.9667271971702576,0.8009520173072815,0.641373872756958,0.1363564133644104,0.29303619265556335,0.20865216851234436,0.11723966896533966,0.46277835965156555,1.0157477855682373,0.26803943514823914,0.17511112987995148,0.18804195523262024,0.18555545806884766,0.48357418179512024,0.21214406192302704,0.7956855297088623,0.1278863251209259,0.1856766939163208,1.1360923051834106,0.08012721687555313,0.1982831060886383,0.17642338573932648,0.9660372734069824,0.3324151337146759,0.2145717591047287,0.9937981963157654,0.6471496820449829,0.1241639256477356,0.22755096852779388,0.4851037263870239,0.28835296630859375,0.13551555573940277,0.11259587854146957,0.8624400496482849,0.8484794497489929,0.5797774791717529,1.0355989933013916,0.8380714654922485,0.3881305158138275,0.299663245677948,0.1468750238418579,1.0632061958312988,0.34640491008758545,0.9817512631416321,0.2675718069076538,0.1993301957845688,0.3753189146518707,1.047985315322876
1,0.9740910530090332,0.34968045353889465,0.5806983709335327,0.8113628029823303,0.9168281555175781,0.9475398659706116,0.5383203625679016,0.9987903833389282,0.39067450165748596,0.39797160029411316,0.987480103969574,0.2379157692193985,0.9358569383621216,0.928705632686615,0.8420431613922119,0.8240092992782593,0.200624480843544,1.0021575689315796,0.36410561203956604,0.847928524017334,0.9639617204666138,0.9389605522155762,0.3258952796459198,0.24986612796783447,1.0096665620803833,0.9599513411521912,0.9167524576187134,1.0266226530075073,0.9464635252952576,0.9674201011657715,0.1815708428621292,0.9627678990364075,0.9104222059249878,0.9432032108306885,0.29004743695259094,0.3585945963859558,0.9995662569999695,0.450408399105072,1.009731411933899,0.7821788191795349,0.9853857159614563,0.9614389538764954,0.9963241815567017,0.2869299054145813,0.2437475472688675,0.360088050365448,0.9827383160591125,1.0398591756820679,0.8895933628082275,0.2923125624656677,1.0299144983291626,0.6496215462684631,1.0267459154129028,0.6514375805854797,0.934963047504425,0.26331818103790283,0.2641444802284241,0.11893467605113983,0.21394789218902588,0.9564148187637329,0.8574911952018738,0.30523598194122314,0.263385146856308,0.9278594851493835,0.8664029836654663,0.910092294216156,0.7684673070907593,0.29888617992401123,0.9812382459640503,1.0247802734375,0.43276768922805786,0.3176196813583374,0.31210795044898987,0.9175196886062622,0.2725827097892761,0.5011067390441895,0.2103017270565033,0.5668010115623474,0.27178239822387695,0.956989049911499,0.47170647978782654,0.3386625647544861,0.2863594591617584,0.8489094376564026,0.9594653844833374,0.2333272397518158,0.7535677552223206,0.2486552596092224,0.4262852370738983,0.8601624965667725,0.9122729301452637,0.9258156418800354,0.962247908115387,0.2303812950849533,1.0133213996887207,0.33380332589149475,0.8612158298492432,0.8472059369087219,0.4608913064002991,0.8689298033714294,0.9692554473876953,0.8967149257659912,0.3990318477153778,0.570122241973877,0.8983767032623291,0.4146677553653717,0.2615579664707184,0.9594979286193848,0.9763597249984741,0.21979688107967377,0.7550877928733826,0.8671550154685974,0.861640453338623,0.3402174413204193,0.4496409296989441,0.6206660866737366,0.4533776342868805,0.39295271039009094,0.4683675765991211,0.881098210811615,0.9376915693283081,0.4733385145664215,0.8987792730331421,0.440062552690506,0.9397491216659546,0.9110239148139954,0.7929103970527649,0.4581572413444519
0,0.0,1.2705178260803223,1.8126296997070312,0.0,0.0,0.0,0.1679287850856781,0.0,1.6902306079864502,1.5235657691955566,0.0,1.2442189455032349,0.0,0.0,0.0,0.0,0.9984996914863586,0.0,1.7140116691589355,0.0,0.0,0.0,1.1591429710388184,0.8527042269706726,0.0,0.0,0.0,0.0,0.0,0.0,0.8336594104766846,0.0,0.0,0.0,0.18253494799137115,1.4037494659423828,0.0,1.6977660655975342,0.0,0.0,0.0,0.0,0.0,1.2193785905838013,0.32167819142341614,1.4172602891921997,0.0,0.0,0.0,1.2530735731124878,0.0,0.22088362276554108,0.0,0.01709781400859356,0.0,1.0211626291275024,0.5752734541893005,0.5960542559623718,0.808763861656189,0.0,0.0,0.9283422231674194,0.9784752130508423,0.0,0.0,0.0,0.0,1.3007575273513794,0.0,0.0,1.4776328802108765,1.1836562156677246,1.2403717041015625,0.0,1.2650697231292725,1.4805516004562378,0.6131327152252197,0.22627092897891998,1.347854495048523,0.0,1.4460817575454712,1.3406848907470703,1.0736534595489502,0.0,0.0,0.16753743588924408,0.0,0.6629958152770996,1.6574584245681763,0.0,0.0,0.0,0.0,0.7524189352989197,0.0,1.2424750328063965,0.051063381135463715,0.0,2.035463333129883,0.0,0.0,0.0,1.6109435558319092,0.10868740826845169,0.0,1.63051176071167,1.11489737033844,0.0,0.0,0.5328829884529114,0.0,0.0,0.0,1.3999630212783813,1.3529105186462402,0.28792116045951843,1.6310772895812988,1.3135464191436768,0.29170262813568115,0.0,0.0,1.6958740949630737,0.0,1.6210650205612183,0.0,0.0,0.11841054260730743,1.697493314743042
0,0.0,1.2277694940567017,1.2368522882461548,0.0,0.0,0.0,0.23534192144870758,0.0,1.4114688634872437,1.2937194108963013,0.0,1.181122899055481,0.0,0.0,0.0,0.0,1.04891836643219,0.0,1.3324434757232666,0.0,0.006053753662854433,0.012908395379781723,1.2250722646713257,1.0017069578170776,0.0,0.0,0.0,0.0,0.0,0.0,0.9662246108055115,0.0,0.0,0.0,0.33190441131591797,1.2206038236618042,0.0,1.3172913789749146,0.0,0.0367334745824337,0.0,0.0,0.0,1.2063264846801758,0.41723397374153137,1.274770736694336,0.0,0.0,0.0,1.125346302986145,0.0,0.30935561656951904,0.0,0.07980716228485107,0.0,0.864356517791748,0.6780192255973816,0.7888281941413879,0.7567004561424255,0.0,0.0,1.0041958093643188,0.9908769130706787,0.0,0.0,0.0,0.0,1.13459050655365,0.0,0.0,1.2107542753219604,1.0808197259902954,1.2791064977645874,0.0,1.296241283416748,1.1882561445236206,0.6784791350364685,0.3160792887210846,1.266411304473877,0.0,1.2115483283996582,1.210591197013855,1.031388759613037,0.0,0.0,0.21665512025356293,0.0,0.6964015960693359,1.4046822786331177,0.0,0.0,0.0,0.0,0.797665536403656,0.0,1.1002072095870972,0.07944116741418839,0.0,1.4448628425598145,0.0,0.0,0.0,1.4034724235534668,0.15325471758842468,0.0,1.3437937498092651,0.9249956011772156,0.0,0.0,0.6433863639831543,0.0,0.00434767035767436,0.0,1.3535128831863403,1.152296781539917,0.47067272663116455,1.4598932266235352,1.156765341758728,0.3632696866989136,0.0,0.0,1.2498914003372192,0.0334758423268795,1.3474215269088745,0.0,0.0,0.1723017692565918,1.3408207893371582
1,0.6213759183883667,0.3765215575695038,0.18844741582870483,0.5130202174186707,0.6092603802680969,0.6336221694946289,0.48055246472358704,0.6643552780151367,0.31078803539276123,0.3503302037715912,0.6389781832695007,0.41710954904556274,0.647855281829834,0.6203161478042603,0.517718493938446,0.5345687866210938,0.3808010220527649,0.6439168453216553,0.32256901264190674,0.5872983932495117,0.637446939945221,0.6645771861076355,0.4974517822265625,0.47130265831947327,0.6452749371528625,0.6243293285369873,0.5948783755302429,0.6662864089012146,0.6045124530792236,0.6492440700531006,0.3787478804588318,0.6236603260040283,0.5929487943649292,0.5954647064208984,0.3671809434890747,0.36709779500961304,0.6285569071769714,0.2338191717863083,0.6544111371040344,0.5883818864822388,0.6545765399932861,0.6303015351295471,0.6383752226829529,0.3939143419265747,0.3329431116580963,0.33261415362358093,0.6457736492156982,0.681932806968689,0.5612179636955261,0.41585874557495117,0.6910099983215332,0.5709751844406128,0.6862652897834778,0.5217422246932983,0.617458701133728,0.3637751340866089,0.40774327516555786,0.41480910778045654,0.4061003029346466,0.6124759912490845,0.5896052718162537,0.4632970094680786,0.3763818144798279,0.5952629446983337,0.5562653541564941,0.6196897625923157,0.5605742931365967,0.326506108045578,0.6384067535400391,0.6758949756622314,0.4001421630382538,0.3960701525211334,0.43655669689178467,0.5947325825691223,0.43859386444091797,0.34620994329452515,0.38006237149238586,0.49605581164360046,0.3727017641067505,0.6300743222236633,0.34609153866767883,0.3943725526332855,0.4170132279396057,0.5402579307556152,0.660918116569519,0.2510072588920593,0.49403926730155945,0.3891105055809021,0.40509548783302307,0.5959729552268982,0.6044536828994751,0.6103114485740662,0.6723243594169617,0.3417208790779114,0.6340163350105286,0.38719189167022705,0.5622429847717285,0.6054437160491943,0.16112379729747772,0.5456824898719788,0.6396294236183167,0.5849697589874268,0.3429868817329407,0.4950939416885376,0.5985689759254456,0.26443514227867126,0.3812415599822998,0.6286249756813049,0.6523734927177429,0.37914779782295227,0.5556299090385437,0.5698248744010925,0.5605201125144958,0.4348960816860199,0.45304155349731445,0.6286261081695557,0.42643603682518005,0.39890897274017334,0.47182416915893555,0.60349041223526,0.6267023682594299,0.17369568347930908,0.6555972099304199,0.28191301226615906,0.631305992603302,0.5982170701026917,0.5838325619697571,0.2723223865032196
0,0.0,0.5368143916130066,0.0719476193189621,0.0011675760615617037,0.0,0.0,0.41172435879707336,0.0,0.026073602959513664,0.11917728930711746,0.0,0.4933849573135376,0.0,0.0,0.019938519224524498,0.0,0.8807710409164429,0.0,0.0238655973225832,0.0,0.0,0.0,0.5772936940193176,0.8327076435089111,0.0,0.025922855362296104,0.0,0.0,0.0,0.0,0.9342536330223083,0.0,0.0,0.0,0.23755834996700287,0.2261010706424713,0.0022381397429853678,0.0521707721054554,0.0,0.0,0.0,0.0,0.0,0.614017128944397,0.6225764155387878,0.22825053334236145,0.0,0.0,0.0,0.5986539125442505,0.0,0.17725679278373718,0.0,0.020493702962994576,0.0,0.22380544245243073,0.7433932423591614,0.9859551787376404,0.979342520236969,0.0,0.0,0.21521887183189392,0.427894651889801,0.0,0.004057928454130888,0.0,0.0,0.8961601257324219,0.0,0.0,0.07715646177530289,0.6159099340438843,0.4322361648082733,0.0,0.12223760783672333,0.055928368121385574,0.7907587289810181,0.15533773601055145,0.5148172974586487,0.0,0.028938740491867065,0.2505985498428345,0.5142605304718018,0.01644122041761875,0.0,0.31509366631507874,0.002062766347080469,0.7680925130844116,0.1876382976770401,0.0,0.0,0.0,0.10668851435184479,0.3342323899269104,0.0,0.5026050209999084,0.1273931860923767,0.0,0.040817394852638245,0.0,0.0,0.033783551305532455,0.02806049957871437,0.05735449492931366,0.0,0.03432707116007805,0.3990122973918915,0.0,0.0,0.4470670819282532,0.0,0.0,0.01888441853225231,0.30704861879348755,0.11409594118595123,0.11889977008104324,0.005798731464892626,0.20891904830932617,0.13826178014278412,0.0,0.0,0.01108391210436821,0.0,0.05126071721315384,0.0,0.0,0.05768376216292381,0.05617823824286461
0,0.014839902520179749,0.5246697664260864,0.8492271900177002,0.06485553085803986,0.07591211795806885,0.0639188289642334,0.27622801065444946,0.028541583567857742,0.6155768632888794,0.5951404571533203,0.016592219471931458,0.40456151962280273,0.036220721900463104,0.03200147673487663,0.0,0.010289771482348442,0.32441067695617676,0.023212160915136337,0.5751180052757263,0.0139304893091321,0.045050978660583496,0.08389800786972046,0.47395145893096924,0.3242320418357849,0.025201115757226944,0.036629386246204376,0.035938724875450134,0.015874838456511497,0.014693430624902248,0.044930990785360336,0.2974603772163391,0.01993511989712715,0.019915126264095306,0.007444593124091625,0.42479944229125977,0.538698136806488,0.004537571221590042,0.6839932203292847,0.07564464211463928,0.02576562762260437,0.04021502286195755,0.08007824420928955,0.021878760308027267,0.4606027603149414,0.7233219146728516,0.525244414806366,0.0563579797744751,0.060174375772476196,0.017376311123371124,0.4594873785972595,0.06720899045467377,0.4635177254676819,0.019867289811372757,0.14906328916549683,0.018397703766822815,0.374926894903183,0.8729546070098877,0.18700945377349854,0.31477484107017517,0.02731637842953205,0.048447683453559875,0.3888353109359741,0.3900696635246277,0.0,0.01724063791334629,0.042223114520311356,0.06439106166362762,0.4791083335876465,0.02307940647006035,0.053266629576683044,0.5883952379226685,0.45860642194747925,0.4750238060951233,0.04398103803396225,0.46990054845809937,0.6813757419586182,0.8980334997177124,0.4217497408390045,0.45039403438568115,0.011143446899950504,0.6926478147506714,0.49331775307655334,0.41414758563041687,0.024642616510391235,0.07416707277297974,0.29377421736717224,0.01943613961338997,0.9783225059509277,0.63783198595047,0.035321950912475586,0.01602838933467865,0.01519634947180748,0.00677221454679966,0.30943530797958374,0.036760613322257996,0.49604272842407227,0.1085585206747055,0.05628843605518341,0.7701601386070251,0.0,0.05851813778281212,0.005994860548526049,0.6122144460678101,0.1717478334903717,0.04145369678735733,0.6342411041259766,0.40475499629974365,0.002760719507932663,0.08143775910139084,0.7754022479057312,0.04907635599374771,0.0,0.0037690226454287767,0.518374502658844,0.615241527557373,0.48994582891464233,0.6739110946655273,0.5899181365966797,0.4293937385082245,0.06544981151819229,0.049626924097537994,0.7227086424827576,0.1159665510058403,0.6890784502029419,0.03651411458849907,0.045736126601696014,0.3431284427642822,0.6909668445587158
1,0.49555137753486633,0.129848450422287,0.4931935667991638,0.3379618525505066,0.535015881061554,0.49624112248420715,0.3517526686191559,0.5730693340301514,0.1486070305109024,0.2136515974998474,0.506466269493103,0.030110009014606476,0.5235414505004883,0.6071295142173767,0.347589910030365,0.3972013592720032,0.004250047728419304,0.53520667552948,0.1175948902964592,0.45442360639572144,0.5127982497215271,0.5314109325408936,0.14397868514060974,0.13688746094703674,0.4939056932926178,0.46818044781684875,0.4801802635192871,0.48377567529678345,0.48226121068000793,0.5105411410331726,0.01194765605032444,0.44641560316085815,0.43708211183547974,0.386964350938797,0.4485792815685272,0.13502316176891327,0.43928927183151245,0.2547580599784851,0.5767744183540344,0.368391215801239,0.5326842069625854,0.6265851855278015,0.4479637145996094,0.07619547843933105,0.4609246551990509,0.15592679381370544,0.5722232460975647,0.641574501991272,0.3888251483440399,0.07660865783691406,0.5858020186424255,0.5068730711936951,0.5627933740615845,0.5421027541160583,0.4855395257472992,0.15018945932388306,0.45213931798934937,0.006074023433029652,0.0756976380944252,0.43132954835891724,0.4284285306930542,0.19826765358448029,0.10476268827915192,0.36862364411354065,0.40483036637306213,0.49895960092544556,0.48859986662864685,0.06073782965540886,0.4757094085216522,0.5746534466743469,0.32190799713134766,0.1997670978307724,0.09278352558612823,0.5285770297050476,0.0483085960149765,0.41929638385772705,0.32485926151275635,0.41014522314071655,0.035480160266160965,0.44397979974746704,0.3387891948223114,0.1644412875175476,0.15707778930664062,0.38070088624954224,0.6681938171386719,0.1689566969871521,0.32364287972450256,0.381872296333313,0.2031220942735672,0.49657830595970154,0.43634554743766785,0.46358218789100647,0.47082382440567017,0.15230853855609894,0.5966684222221375,0.19501321017742157,0.388980895280838,0.4343382716178894,0.22612684965133667,0.3407522141933441,0.5146241188049316,0.405310720205307,0.17296841740608215,0.43086159229278564,0.4858390688896179,0.19924694299697876,0.09095592051744461,0.41442570090293884,0.541346549987793,0.3389304578304291,0.5134559869766235,0.36884328722953796,0.3619380593299866,0.11257299780845642,0.40377146005630493,0.6894060969352722,0.2684287428855896,0.27312228083610535,0.38152292370796204,0.5481687188148499,0.4539504945278168,0.3240033984184265,0.6311405301094055,0.2713613212108612,0.5397502183914185,0.5047439932823181,0.6309625506401062,0.29428765177726746
1,0.0,0.1736067682504654,0.1549646556377411,0.0,0.0,0.0,0.44900593161582947,0.0,0.2606092095375061,0.29443100094795227,0.0,0.28600290417671204,0.0,0.0,0.0,0.0,0.27244842052459717,0.0,0.32253462076187134,0.0,0.0,0.0,0.2665656805038452,0.288854718208313,0.0,0.0,0.0,0.0,0.0,0.0,0.18416287004947662,0.0,0.0,0.0,0.4217754900455475,0.23261941969394684,0.0,0.1414511352777481,0.0,0.0,0.0,0.0,0.0,0.22065861523151398,0.7500746250152588,0.2507794201374054,0.0,0.0,0.0,0.27861854434013367,0.0,0.5098969340324402,0.0,0.0049616554751992226,0.0,0.3108183741569519,1.209027886390686,0.22990690171718597,0.24558036029338837,0.0,0.0,0.23600541055202484,0.18416531383991241,0.0,0.0,0.0,0.0,0.18788212537765503,0.0,0.0,0.31916993856430054,0.23642399907112122,0.25081369280815125,0.0,0.2539192736148834,0.18494337797164917,1.4258873462677002,0.47642266750335693,0.24967257678508759,0.0,0.1828915774822235,0.2730388641357422,0.3082418441772461,0.01161701325327158,0.0,0.4456871449947357,0.0,1.3246732950210571,0.27053302526474,0.0,0.0,0.0,0.0,0.2531125247478485,0.0,0.2633289098739624,0.20974582433700562,0.0052552721463143826,0.2446107119321823,0.0,0.0,0.0,0.22105635702610016,0.14871640503406525,0.0,0.12870755791664124,0.3281790316104889,0.0,0.0,1.197837233543396,0.0,0.0,0.0,0.2598564922809601,0.3020796477794647,0.5140829086303711,0.24773861467838287,0.2525026500225067,0.5757992267608643,0.0,0.0,0.13284733891487122,0.0,0.1874527931213379,0.0,0.0,0.21078182756900787,0.19461983442306519
1,1.065679907798767,0.49681150913238525,0.5693556070327759,0.9048621654510498,1.0149365663528442,1.0498168468475342,0.5611889362335205,1.0902923345565796,0.526272714138031,0.523719847202301,1.0896360874176025,0.3762498199939728,1.0405434370040894,0.9975665807723999,0.9266059398651123,0.9158772230148315,0.34149470925331116,1.1013108491897583,0.4930782616138458,0.9411048293113708,1.0634396076202393,1.0338506698608398,0.43540889024734497,0.3408437967300415,1.103643536567688,1.0596312284469604,1.0136494636535645,1.1444733142852783,1.0389386415481567,1.0617958307266235,0.29758888483047485,1.069420337677002,1.027985692024231,1.061889886856079,0.312458336353302,0.47902411222457886,1.1099516153335571,0.5491596460342407,1.1008847951889038,0.8624049425125122,1.0832996368408203,0.9986081123352051,1.1102049350738525,0.4144884943962097,0.22920583188533783,0.49267083406448364,1.063233733177185,1.1220582723617554,0.9775186777114868,0.4148445129394531,1.1176769733428955,0.7000358700752258,1.1316556930541992,0.6916263699531555,1.0279347896575928,0.27346208691596985,0.23829416930675507,0.20377174019813538,0.2873343527317047,1.0568339824676514,0.9516198039054871,0.3742453455924988,0.3309735357761383,1.0304276943206787,0.9495625495910645,1.002967119216919,0.844642698764801,0.4413972496986389,1.0868480205535889,1.1177783012390137,0.4866071939468384,0.38680312037467957,0.44593480229377747,0.9808801412582397,0.4153994619846344,0.5413850545883179,0.2069505751132965,0.6009140610694885,0.4301014840602875,1.0592447519302368,0.5221755504608154,0.43168365955352783,0.36710891127586365,0.9406103491783142,1.003545880317688,0.28798291087150574,0.8390118479728699,0.24103130400180817,0.572945237159729,0.9497893452644348,1.0067262649536133,1.0309160947799683,1.071238398551941,0.28478094935417175,1.0964771509170532,0.42790767550468445,0.9376586079597473,0.9427309632301331,0.591503381729126,0.9519315958023071,1.072164535522461,0.9979038834571838,0.5546425580978394,0.60709547996521,0.9913337230682373,0.5371716022491455,0.34718263149261475,1.082189679145813,1.08340585231781,0.2173151969909668,0.8355312347412109,0.9616659283638,0.9699565768241882,0.4724227488040924,0.46409469842910767,0.6185508370399475,0.5754030346870422,0.45830586552619934,0.5046512484550476,0.9659727215766907,1.0323090553283691,0.571441113948822,0.9859020709991455,0.5295167565345764,1.0395008325576782,0.995465874671936,0.8352822065353394,0.5476574301719666
1,1.534688949584961,0.13317951560020447,0.2275211662054062,1.4104623794555664,1.7952567338943481,1.7722991704940796,0.08872528374195099,1.098372459411621,0.16737841069698334,0.15418416261672974,0.6042445302009583,0.11923249810934067,0.0,0.0,0.5711426734924316,1.0240956544876099,0.0714445486664772,1.0541396141052246,0.14905929565429688,0.6293958425521851,0.6900959014892578,0.17024029791355133,0.10458608716726303,0.06451493501663208,0.8779057860374451,1.5678436756134033,1.5779331922531128,0.9256000518798828,0.4755968749523163,1.2485626935958862,0.12395436316728592,1.131064534187317,0.8582240343093872,0.905482828617096,0.1866542547941208,0.12553523480892181,0.8221611976623535,0.1844530999660492,1.3309903144836426,0.0,0.4365040063858032,1.1301286220550537,0.2799614667892456,0.12712854146957397,0.6424717903137207,0.1296008825302124,0.6391718983650208,0.6201637387275696,1.4547464847564697,0.12670639157295227,0.3576469123363495,0.29801085591316223,0.5826215147972107,0.0012265420518815517,0.6454046964645386,0.14671416580677032,0.24604670703411102,0.04403947666287422,0.08024894446134567,0.7480522990226746,1.0464946031570435,0.09925977885723114,0.12299610674381256,0.5521414279937744,1.2040627002716064,0.5627983212471008,0.8022930026054382,0.08594827353954315,1.1951515674591064,0.25087296962738037,0.14732514321804047,0.12048031389713287,0.11497912555932999,0.176407590508461,0.0824330747127533,0.14413690567016602,0.5065214037895203,0.1347343474626541,0.14866667985916138,1.1488902568817139,0.10838669538497925,0.15688906610012054,0.10451237112283707,0.6839526891708374,0.0018763156840577722,0.09443918615579605,1.421210527420044,1.778071403503418,0.17807187139987946,0.19488920271396637,0.43706774711608887,1.3922696113586426,0.3098396062850952,0.09584072232246399,1.2610529661178589,0.13075602054595947,0.6482143998146057,0.0,0.19933952391147614,1.362035870552063,1.4708822965621948,0.977017343044281,0.11480411887168884,0.043462738394737244,1.0036040544509888,0.11622472107410431,0.12519122660160065,1.4820367097854614,1.8496458530426025,0.23955023288726807,0.003196658566594124,0.5769248604774475,0.7802284359931946,0.14801475405693054,0.19706991314888,0.08477040380239487,0.09523186087608337,0.12317304313182831,0.08869073539972305,1.73763108253479,0.08896578103303909,0.14406909048557281,0.028199253603816032,0.16672073304653168,0.7338082790374756,0.842780351638794,1.0769095420837402,0.19768324494361877
0,0.007060351315885782,0.30249810218811035,0.5410486459732056,0.04233477637171745,0.035889796912670135,0.0414593443274498,0.31909260153770447,0.013940825127065182,0.4077199697494507,0.36681464314460754,0.009311615489423275,0.2766057848930359,0.03416286036372185,0.010748998261988163,0.0,0.009707796387374401,0.20782352983951569,0.013517962768673897,0.40049847960472107,0.004749880637973547,0.02410878986120224,0.05405537411570549,0.29057762026786804,0.19054988026618958,0.011428583413362503,0.033113352954387665,0.019210781902074814,0.010186799801886082,0.004139398690313101,0.030342642217874527,0.18180003762245178,0.024727756157517433,0.015074540860950947,0.005959243979305029,0.47435224056243896,0.3384910225868225,0.008222665637731552,0.42196327447891235,0.03259299322962761,0.017661528661847115,0.02769620716571808,0.05004841834306717,0.015818122774362564,0.29148879647254944,0.787927508354187,0.3296178877353668,0.029489608481526375,0.031089868396520615,0.012956280261278152,0.3011641502380371,0.02587050199508667,0.5506285429000854,0.010485093109309673,0.1310575306415558,0.006354890298098326,0.2820306122303009,1.0355650186538696,0.10972074419260025,0.20343521237373352,0.017728133127093315,0.041714832186698914,0.2225574254989624,0.23925136029720306,0.0,0.01158479880541563,0.03173662722110748,0.056709591299295425,0.3111032247543335,0.024305354803800583,0.02501717396080494,0.3833359181880951,0.3005293905735016,0.2941673696041107,0.01614271104335785,0.29868921637535095,0.4065059423446655,1.0307735204696655,0.4602183401584625,0.2935340404510498,0.005288475658744574,0.40192222595214844,0.3324400782585144,0.26471009850502014,0.02286251075565815,0.038907937705516815,0.33333560824394226,0.010890449397265911,1.194803237915039,0.41357922554016113,0.03373578563332558,0.010964101180434227,0.007561942096799612,0.0,0.20356428623199463,0.008078229613602161,0.31694647669792175,0.11224497109651566,0.0939413458108902,0.5042958855628967,0.0,0.03755434229969978,0.014460748061537743,0.3833843767642975,0.1974194347858429,0.020263340324163437,0.38796770572662354,0.2822059988975525,0.012215660884976387,0.046848561614751816,0.9164465069770813,0.050005242228507996,0.0,0.0067578647285699844,0.33359915018081665,0.4089246392250061,0.6141979098320007,0.41104647517204285,0.3630337119102478,0.49670636653900146,0.04549727961421013,0.032833367586135864,0.44325923919677734,0.08701314777135849,0.449903666973114,0.025744350627064705,0.029620425775647163,0.35899126529693604,0.4318346679210663
0,0.0,0.5839371085166931,0.191563218832016,0.0,0.0,0.0,0.19856812059879303,0.0,0.39721763134002686,0.4806874394416809,0.0,0.7448862195014954,0.0,0.0,0.0,0.0,0.8225398659706116,0.0,0.300361305475235,0.0,0.0,0.0,0.8560380339622498,1.0006026029586792,0.0,0.0,0.0,0.0,0.0,0.0,0.6347542405128479,0.0,0.0,0.0,0.1629677563905716,0.5899563431739807,0.0,0.22369509935379028,0.0,0.0,0.0,0.0,0.0,0.67379230260849,0.41690510511398315,0.515848696231842,0.0,0.0,0.0,0.7959572076797485,0.0,0.15615974366664886,0.0,0.002206464996561408,0.0,0.887050449848175,0.5210995674133301,0.9552755951881409,1.0890697240829468,0.0,0.0,0.7429416179656982,0.6180530786514282,0.0,0.0,0.0,0.0,0.6372794508934021,0.0,0.0,0.596611738204956,0.6264881491661072,0.6613671183586121,0.0,0.6502188444137573,0.3135960102081299,0.4995689392089844,0.15485484898090363,0.6467955708503723,0.0,0.41530436277389526,0.5861111283302307,0.7834770679473877,0.0016121120424941182,0.0,0.30820319056510925,0.0,0.5064602494239807,0.5549533367156982,0.0,0.0,0.0,0.012516748160123825,0.5351009368896484,0.0,0.6224973797798157,0.057603467255830765,0.07914305478334427,0.2271052449941635,0.0,0.0,0.0,0.2803395986557007,0.06471633166074753,0.0,0.13208402693271637,0.7625534534454346,0.0,0.0,0.40409424901008606,0.0,0.0,0.0,0.6924502849578857,0.591763436794281,0.14595116674900055,0.38320353627204895,0.5891465544700623,0.15561634302139282,0.0,0.0,0.18005061149597168,0.0,0.2559559941291809,0.0,0.0,0.048722926527261734,0.2978423833847046
0,0.0,0.5823942422866821,0.0,0.011354668065905571,0.0,0.0,0.3857669234275818,0.0,0.0,0.06224847584962845,0.0,0.5430172085762024,0.0,0.0,0.0,0.0,0.9199113249778748,0.0,0.0,0.0,0.0,0.0,0.64426589012146,0.8910349607467651,0.0,0.003114871447905898,0.0,0.0,0.0,0.0,0.9741812348365784,0.0,0.0,0.0,0.3097981810569763,0.2520979642868042,0.0,0.0,0.0,0.006185035686939955,0.0,0.0,0.0,0.608651340007782,0.4897550344467163,0.22895632684230804,0.0,0.0,0.0,0.6080999970436096,0.0,0.2943933606147766,0.0,0.053323905915021896,0.0,0.12321245670318604,0.9929424524307251,0.9988390803337097,1.0669032335281372,0.0,0.0,0.1968896985054016,0.4717664420604706,0.0,0.0,0.0,0.0016265796730294824,0.9658458232879639,0.0,0.0,0.005003938917070627,0.6421086192131042,0.48148980736732483,0.0,0.19833657145500183,0.0,0.7657714486122131,0.25290390849113464,0.5170794129371643,0.0,0.0,0.23619133234024048,0.507300853729248,0.0022128368727862835,0.0,0.27559298276901245,0.0,0.7193355560302734,0.19560709595680237,0.0,0.0,0.0,0.1486571878194809,0.3107011914253235,0.0,0.5168491005897522,0.08774720877408981,0.010019964538514614,0.0,0.0,0.0,0.0445844791829586,0.027227286249399185,0.08948885649442673,0.0,0.05386784300208092,0.3086368441581726,0.0,0.0,0.5549441576004028,0.0,0.0,0.005821376573294401,0.3441096842288971,0.004986953921616077,0.32071492075920105,0.0,0.23748618364334106,0.25605452060699463,0.0,0.0,0.0,0.004201765637844801,0.0,0.0,0.0,0.1295255869626999,0.0
1,0.8321897387504578,0.2574247419834137,0.48182693123817444,0.64769047498703,0.7892366647720337,0.8079145550727844,0.4606085419654846,0.8847007751464844,0.31297630071640015,0.3206091523170471,0.8512887954711914,0.18854181468486786,0.8236395120620728,0.8533815145492554,0.7097966074943542,0.7214204668998718,0.15265925228595734,0.8746107220649719,0.29032275080680847,0.7645987272262573,0.8364200592041016,0.8131797909736633,0.24779316782951355,0.19965431094169617,0.8457077145576477,0.8111026883125305,0.7957878112792969,0.8532978296279907,0.8103157877922058,0.8501757383346558,0.12803857028484344,0.7903880476951599,0.7375026941299438,0.7634075284004211,0.35638904571533203,0.2749917805194855,0.8207046389579773,0.35391539335250854,0.8703734278678894,0.6489542126655579,0.8470171093940735,0.8392935991287231,0.8182056546211243,0.22029165923595428,0.2796446979045868,0.27636927366256714,0.8692518472671509,0.9195305109024048,0.7455252408981323,0.22693872451782227,0.8839621543884277,0.6049832701683044,0.892458438873291,0.6035455465316772,0.8013965487480164,0.21120581030845642,0.32053741812705994,0.08441349118947983,0.16505217552185059,0.7967808246612549,0.7263978123664856,0.23348888754844666,0.19764956831932068,0.7782078385353088,0.728998064994812,0.7680133581161499,0.7095837593078613,0.23377785086631775,0.8346322774887085,0.8938682675361633,0.35407379269599915,0.2597649097442627,0.2416822612285614,0.7945877313613892,0.23041129112243652,0.42027392983436584,0.26350027322769165,0.5241936445236206,0.2087399959564209,0.8155455589294434,0.393781840801239,0.26240381598472595,0.2282884120941162,0.7136075496673584,0.8683773875236511,0.22716203331947327,0.5997818112373352,0.3215809762477875,0.35611751675605774,0.7674574851989746,0.771196722984314,0.808842658996582,0.8606704473495483,0.1748621016740799,0.8937073945999146,0.27017784118652344,0.7044802904129028,0.7252693176269531,0.3713070750236511,0.7165998220443726,0.8365548849105835,0.7724255323410034,0.3181307911872864,0.5483735203742981,0.7929021716117859,0.319576621055603,0.2105189561843872,0.7915803790092468,0.8339350819587708,0.26295721530914307,0.691685676574707,0.7326070070266724,0.7146622538566589,0.2684323787689209,0.39593255519866943,0.625346839427948,0.36428380012512207,0.3136095702648163,0.437661349773407,0.7603892087936401,0.777654230594635,0.4088096618652344,0.8044329881668091,0.372994601726532,0.848671555519104,0.7710093855857849,0.7238094210624695,0.38543087244033813
0,0.10887981951236725,0.5112088322639465,0.6310895085334778,0.05080636218190193,0.13441571593284607,0.11682100594043732,0.20831871032714844,0.13955157995224,0.5319571495056152,0.5995253920555115,0.1099882572889328,0.49967819452285767,0.13216346502304077,0.15179339051246643,0.06830021739006042,0.08844588696956635,0.43481650948524475,0.11088031530380249,0.5697365999221802,0.10637371242046356,0.11542803049087524,0.14230242371559143,0.6749916076660156,0.6016928553581238,0.11434564739465714,0.1065358892083168,0.1205095499753952,0.09914624691009521,0.10107925534248352,0.12679363787174225,0.40812814235687256,0.08936415612697601,0.08312059938907623,0.05177142098546028,0.33959925174713135,0.5363622903823853,0.08013227581977844,0.535470187664032,0.13839171826839447,0.09870369732379913,0.13260748982429504,0.17688852548599243,0.08752244710922241,0.5399422645568848,0.38206449151039124,0.5209071040153503,0.14155055582523346,0.16629531979560852,0.0783599317073822,0.556830108165741,0.15760256350040436,0.3050229549407959,0.13309800624847412,0.18011607229709625,0.10594221949577332,0.5954352617263794,0.5487790703773499,0.42119520902633667,0.4722909927368164,0.0940173789858818,0.09844979643821716,0.6079863905906677,0.4970676898956299,0.07369299978017807,0.08207790553569794,0.12176357954740524,0.14701057970523834,0.4179110825061798,0.10059445351362228,0.13262194395065308,0.7188447713851929,0.5643683075904846,0.5929928421974182,0.151296466588974,0.6511537432670593,0.6808213591575623,0.4869617223739624,0.2482665479183197,0.4654610753059387,0.10638415813446045,0.6981008052825928,0.5911773443222046,0.5879501700401306,0.08010943979024887,0.22988957166671753,0.15470346808433533,0.06882955133914948,0.5321496725082397,0.6600874662399292,0.12382069230079651,0.1004214733839035,0.09963347017765045,0.10803434252738953,0.4679967761039734,0.13221848011016846,0.5889646410942078,0.11554273217916489,0.13873203098773956,0.4801221787929535,0.06307245790958405,0.12265630811452866,0.08753500133752823,0.569972574710846,0.1770610809326172,0.12039697170257568,0.4560411274433136,0.5357935428619385,0.08050811290740967,0.13847915828227997,0.46385473012924194,0.13114023208618164,0.08203914016485214,0.05010829493403435,0.5990844964981079,0.8022153973579407,0.5028285384178162,0.7078704237937927,0.631081223487854,0.3099576234817505,0.14128945767879486,0.09212806820869446,0.4938201904296875,0.20886173844337463,0.596251904964447,0.13403815031051636,0.1246582418680191,0.2659093737602234,0.554648756980896
0,0.13834959268569946,1.1745351552963257,1.4670859575271606,0.09621980041265488,0.17233894765377045,0.16413651406764984,0.2954252362251282,0.1732218712568283,1.3114333152770996,1.2338120937347412,0.15546254813671112,0.9497625231742859,0.2286255955696106,0.231448695063591,0.08000468462705612,0.12164802849292755,0.8079619407653809,0.1503223329782486,1.2375538349151611,0.17347419261932373,0.1710737645626068,0.22855469584465027,1.0109881162643433,0.7564706802368164,0.13513003289699554,0.14987432956695557,0.1585560292005539,0.14787016808986664,0.14950044453144073,0.17051061987876892,0.7203060984611511,0.14700055122375488,0.15733949840068817,0.10223613679409027,0.41894254088401794,1.1723510026931763,0.10865455865859985,1.3856295347213745,0.19070251286029816,0.2230967879295349,0.18688559532165527,0.1934206783771515,0.14029838144779205,1.018949031829834,0.39806100726127625,1.1880919933319092,0.18577855825424194,0.20490042865276337,0.10776834189891815,0.9973169565200806,0.1983562558889389,0.4135896861553192,0.1828848123550415,0.29661425948143005,0.1557149440050125,0.6896982789039612,0.5008398294448853,0.5069010853767395,0.6735213994979858,0.12264133989810944,0.17915655672550201,0.8439140319824219,0.8344097137451172,0.10276814550161362,0.10128796100616455,0.20199057459831238,0.22720780968666077,1.0771516561508179,0.15167489647865295,0.16431421041488647,1.143664002418518,0.952537477016449,1.0684444904327393,0.18807104229927063,1.024364709854126,1.2736796140670776,0.4932308495044708,0.3449583649635315,1.0688406229019165,0.1330300122499466,1.2660870552062988,1.0426867008209229,0.8333157300949097,0.1114204004406929,0.2246861606836319,0.22224803268909454,0.11313251405954361,0.4767313003540039,1.3560973405838013,0.21118846535682678,0.15655747056007385,0.14141309261322021,0.14100416004657745,0.6327387094497681,0.1534552425146103,1.0119075775146484,0.1322336494922638,0.14122673869132996,1.509855031967163,0.08157822489738464,0.17468374967575073,0.1373821496963501,1.3193719387054443,0.2974615693092346,0.17143705487251282,1.3519096374511719,0.8293991684913635,0.11748252063989639,0.19096508622169495,0.49541643261909485,0.23746639490127563,0.11814280599355698,0.10379224270582199,1.14618980884552,1.0458283424377441,0.5359901189804077,1.388322114944458,1.0947539806365967,0.38018929958343506,0.23778946697711945,0.1538444310426712,1.4171022176742554,0.2855347692966461,1.286126971244812,0.18632467091083527,0.16666370630264282,0.32708629965782166,1.379464864730835
0,0.0,0.5044673681259155,0.0,0.0,0.0,0.0,0.4131377041339874,0.0,0.013583999127149582,0.3056352138519287,0.0,0.7560622692108154,0.0,0.0,0.020959464833140373,0.0,1.1300956010818481,0.0,0.0,0.0,0.0,0.0,0.7634218335151672,1.0271254777908325,0.0,0.0,0.0,0.0,0.0,0.0,1.0313847064971924,0.0,0.0,0.0,0.1486975997686386,0.31684020161628723,0.0,0.0,0.0,0.0,0.0,0.0,0.0,0.46852895617485046,0.4894392192363739,0.3109220862388611,0.0,0.0,0.0,0.7567539811134338,0.0,0.20804880559444427,0.0,0.0,0.0,0.29399922490119934,0.8800722360610962,1.416549801826477,1.2319506406784058,0.0,0.0,0.6066799163818359,0.6678306460380554,0.0,0.0,0.0,0.0,0.8725231289863586,0.0,0.0,0.23469281196594238,0.638506293296814,0.7060877680778503,0.0,0.3032442331314087,0.03850043937563896,0.6170684099197388,0.21717023849487305,0.725257933139801,0.0,0.0,0.5094886422157288,0.8572279214859009,0.00109485920984298,0.0,0.5098183751106262,0.0,0.6137884855270386,0.3383624255657196,0.0,0.0,0.0,0.050958774983882904,0.9077290892601013,0.0,0.6253367066383362,0.09609498828649521,0.016526268795132637,0.0,0.0,0.0,0.0,0.05589273199439049,0.07960718125104904,0.0,0.11324936896562576,0.712980329990387,0.0,0.0,0.5614500641822815,0.0,0.0,0.0,0.2912825644016266,0.3018822968006134,0.17979954183101654,0.10244610160589218,0.6992121338844299,0.20892907679080963,0.0,0.0,0.0,0.0,0.0,0.0,0.0,0.09687811881303787,0.04806429147720337
1,1.2880299091339111,0.0,0.0,1.1508815288543701,1.2392710447311401,1.2795734405517578,0.7106021046638489,1.321859359741211,0.0,0.0,1.3113062381744385,0.0,1.2554686069488525,1.2022887468338013,1.0871496200561523,1.091070294380188,0.0,1.3375130891799927,0.0,1.088334083557129,1.2960246801376343,1.2506182193756104,0.0,0.0,1.3431651592254639,1.291434645652771,1.2338792085647583,1.4241306781768799,1.2542505264282227,1.2701990604400635,0.0,1.3408409357070923,1.325095534324646,1.3184033632278442,0.4410947859287262,0.0,1.3574434518814087,0.0,1.3310445547103882,1.0431978702545166,1.3084245920181274,1.1768077611923218,1.3717399835586548,0.0,0.35200566053390503,0.0,1.2639318704605103,1.3573871850967407,1.1846177577972412,0.0,1.3211753368377686,0.9335851669311523,1.3712717294692993,0.8522303700447083,1.2169265747070312,0.0,0.39528194069862366,0.0,0.0,1.2767295837402344,1.1768805980682373,0.0,0.0,1.2289659976959229,1.158011794090271,1.2401466369628906,1.002707839012146,0.0,1.3184717893600464,1.312404990196228,0.0,0.0,0.0,1.184144377708435,0.0,0.0,0.35205942392349243,0.764345645904541,0.0,1.2844104766845703,0.0,0.0,0.0,1.1330738067626953,1.1618963479995728,0.388397216796875,1.0681395530700684,0.4206661283969879,0.0,1.142471432685852,1.213097333908081,1.2245575189590454,1.2697190046310425,0.01679328642785549,1.3012453317642212,0.0,1.1336311101913452,1.148560643196106,0.0,1.1304142475128174,1.3121181726455688,1.2200623750686646,0.0,0.712873101234436,1.1861076354980469,0.0,0.0,1.3275983333587646,1.3365551233291626,0.3643764555454254,0.9968346357345581,1.1512879133224487,1.1875132322311401,0.0,0.0011327804531902075,0.7711393237113953,0.0,0.0,0.6929773092269897,1.217397928237915,1.2548152208328247,0.0,1.212287187576294,0.0,1.253780484199524,1.2347661256790161,1.0564342737197876,0.0
0,0.0,0.9063957929611206,0.8600039482116699,0.0,0.0,0.0,0.27593106031417847,0.0,1.1490812301635742,1.082249402999878,0.0,1.13079833984375,0.0,0.0,0.0,0.0,1.001356840133667,0.0,1.2092792987823486,0.0,0.0,0.0,1.047384262084961,0.9296758770942688,0.0,0.0,0.0,0.0,0.0,0.0,0.8495151400566101,0.0,0.0,0.0,0.21354779601097107,0.9822162389755249,0.0,0.8842853307723999,0.0,0.0,0.0,0.0,0.0,0.9851560592651367,0.40038102865219116,1.0705124139785767,0.0,0.0,0.0,0.9804824590682983,0.0,0.30651432275772095,0.0,0.0063730208203196526,0.0,0.8359648585319519,0.7478410005569458,0.829222559928894,0.7293145656585693,0.0,0.0,0.8625643849372864,0.8411880731582642,0.0,0.0,0.0,0.0,0.9037731885910034,0.0,0.0,1.0429903268814087,0.9627065658569336,1.068175196647644,0.0,1.0568714141845703,0.8693116903305054,0.8317858576774597,0.2951633930206299,1.108386754989624,0.0,0.8880897760391235,1.0745736360549927,0.9631094932556152,0.0,0.0,0.23681402206420898,0.0,0.8271773457527161,1.144436240196228,0.0,0.0,0.0,0.0,0.7467373013496399,0.0,0.9634815454483032,0.09318967163562775,0.0,1.1066871881484985,0.0,0.0,0.0,1.0772489309310913,0.103485107421875,0.0,0.9330615997314453,0.9240080118179321,0.0,0.0,0.7299161553382874,0.0,0.0,0.0,1.1378707885742188,0.9919283986091614,0.39439862966537476,1.1236323118209839,0.9894108772277832,0.3584521412849426,0.0,0.0,0.7973140478134155,0.0,0.9786580204963684,0.0,0.0,0.15818488597869873,1.0156549215316772
0,0.00844720657914877,0.3867760896682739,0.0,0.1486826092004776,0.10496220737695694,0.1746767908334732,0.1879250854253769,0.017344586551189423,0.0,0.04060138389468193,0.0,0.27202433347702026,0.0,0.0,0.0,0.015673832967877388,0.5130053758621216,0.016237596049904823,0.0,0.0,0.0024864410515874624,0.0,0.4205595552921295,0.44765040278434753,0.0,0.14537371695041656,0.04038023576140404,0.0,0.016028542071580887,0.02067379653453827,0.4379633963108063,0.0399249903857708,0.008270284160971642,0.011398435570299625,0.2971375584602356,0.12835751473903656,0.00031325631425715983,0.0,0.015008497051894665,0.0,0.0,0.0028778768610209227,0.0,0.28831732273101807,0.36368998885154724,0.1426326185464859,0.0,0.0,0.03631248697638512,0.4612949788570404,0.0,0.33668991923332214,0.0,0.02294226549565792,0.0,0.19478291273117065,0.6461247801780701,0.544723629951477,0.6737906336784363,0.003497896483168006,0.003139687702059746,0.16369590163230896,0.30286726355552673,0.0,0.005435876082628965,0.005822399631142616,0.06558199971914291,0.4718600809574127,0.01425811368972063,0.0,0.0,0.32480406761169434,0.2111021727323532,0.0,0.10987487435340881,0.0,0.8580021858215332,0.2695465087890625,0.22050076723098755,0.04196232929825783,0.0,0.13108037412166595,0.23852109909057617,0.015533789992332458,0.0,0.23114199936389923,0.16693615913391113,0.8860532641410828,0.0738031193614006,0.0,0.0,0.08244481682777405,0.02724403887987137,0.15046952664852142,0.0025672060437500477,0.27167415618896484,0.0953478217124939,0.0,0.0,0.0068762521259486675,0.08876366168260574,0.0015189549885690212,0.0013064030790701509,0.07821062207221985,0.036132555454969406,0.002776532433927059,0.3248732089996338,0.004886248614639044,0.09019136428833008,0.49304577708244324,0.0,0.0,0.060140565037727356,0.15358038246631622,0.0,0.212454155087471,0.007971017621457577,0.12985047698020935,0.21892963349819183,0.0821024551987648,0.003374554216861725,0.0,0.0,0.0,0.005252663511782885,0.012021384201943874,0.18034213781356812,0.0032785525545477867
0,0.03789800778031349,0.3277365565299988,0.3371960520744324,0.12137038260698318,0.13043095171451569,0.14488905668258667,0.133732408285141,0.03552456945180893,0.30945661664009094,0.34937620162963867,0.0,0.35839197039604187,0.0,0.0,0.0018205450614914298,0.033187299966812134,0.3154275119304657,0.04981013387441635,0.286714106798172,0.0,0.014499709941446781,0.0,0.44467636942863464,0.4298056364059448,0.020433010533452034,0.11152492463588715,0.08882537484169006,0.007961897179484367,0.011876999400556087,0.04546108469367027,0.30791062116622925,0.04633874446153641,0.004836241714656353,0.027935057878494263,0.2325815111398697,0.33943429589271545,0.008552132174372673,0.31092369556427,0.07673780620098114,0.0,0.0,0.05322801321744919,0.0008527826867066324,0.36096176505088806,0.48205438256263733,0.2932913601398468,0.0,0.0,0.13162845373153687,0.4454466998577118,0.0,0.2237977683544159,0.0,0.012541876174509525,0.0,0.5920653939247131,0.4362700283527374,0.35128191113471985,0.4424023926258087,0.019645754247903824,0.024569204077124596,0.3756858706474304,0.4127785861492157,0.0,0.05910713970661163,0.002540093380957842,0.042863957583904266,0.24677610397338867,0.03172125667333603,0.0,0.4202515184879303,0.4211948812007904,0.3817561864852905,0.0,0.35870838165283203,0.3506212532520294,0.6870482563972473,0.1874118596315384,0.3319336175918579,0.05396951735019684,0.34631142020225525,0.4215066134929657,0.37241697311401367,0.03452068194746971,0.0,0.13558131456375122,0.10975810885429382,0.9099533557891846,0.4036797881126404,0.0,0.004045924637466669,0.07373812794685364,0.004094268195331097,0.28063639998435974,0.03417539224028587,0.3825124204158783,0.10192794352769852,0.04259651526808739,0.27366992831230164,0.07712646573781967,0.10817047208547592,0.012180373072624207,0.23445561528205872,0.06072741746902466,0.04529239982366562,0.13546600937843323,0.4753519296646118,0.08078961074352264,0.14071793854236603,0.38964465260505676,0.0,0.0,0.014940263703465462,0.39406922459602356,0.5105472803115845,0.13240185379981995,0.2741232216358185,0.37835007905960083,0.1442064493894577,0.09865390509366989,0.0,0.21870532631874084,0.0,0.33778607845306396,0.010078181512653828,0.014517668634653091,0.19714921712875366,0.35430318117141724
0,0.005097204353660345,0.8004230260848999,0.21435491740703583,0.0018597899470478296,0.017905769869685173,0.002627332927659154,0.19800245761871338,0.02630428411066532,0.16904829442501068,0.4362040162086487,0.003529792418703437,0.9397875666618347,0.01101780403405428,0.0037223075050860643,0.010398288257420063,0.0004232788924127817,1.2566821575164795,0.0038886014372110367,0.185410737991333,0.009019695222377777,0.0,0.0,1.2130823135375977,1.2856218814849854,0.0021531933452934027,0.0002119263372151181,0.001728229457512498,0.0,0.004459845367819071,0.009036252275109291,1.1866090297698975,0.0,0.0,0.0,0.11080139875411987,0.6359716057777405,0.0,0.1816505640745163,0.0,0.0,0.0026652689557522535,0.03539072722196579,0.0,0.8226240277290344,0.2615973651409149,0.5889595746994019,0.014412657357752323,0.009564399719238281,0.003810497932136059,1.0060266256332397,0.02440202236175537,0.08912037312984467,0.014953902922570705,0.02309580147266388,0.009463407099246979,0.5114891529083252,0.43245169520378113,1.4406614303588867,1.4314881563186646,0.0,0.0,0.8979722261428833,0.849782407283783,0.0,0.002602529712021351,0.0022290493361651897,0.016055943444371223,1.0728566646575928,0.005164038389921188,0.00860441755503416,0.580727219581604,1.0253002643585205,0.944748044013977,0.0,0.633281946182251,0.35947680473327637,0.27187734842300415,0.09994940459728241,0.8697630763053894,0.0,0.2634966969490051,0.6968702673912048,1.0674076080322266,0.000804274226538837,0.06400056183338165,0.2190628945827484,0.0,0.26843729615211487,0.6400898098945618,0.00474788760766387,0.0023465652484446764,0.0,0.1459820568561554,0.9419371485710144,0.014058463275432587,0.769896388053894,0.03567323088645935,0.03189418837428093,0.09460888803005219,0.0002589134965091944,0.009487762115895748,0.02115221880376339,0.3643008768558502,0.06405752897262573,0.0013581985840573907,0.31500160694122314,0.874578595161438,0.0038507289718836546,0.0065849777311086655,0.2293148785829544,0.020082363858819008,0.0,0.0,0.6728387475013733,0.6140608787536621,0.16420337557792664,0.41614678502082825,0.9351354241371155,0.09747888892889023,0.0022611399181187153,0.011534844525158405,0.08935731649398804,0.008335591293871403,0.2177383303642273,0.024686872959136963,0.010262183845043182,0.055029693990945816,0.1782924234867096
1,0.6133537888526917,0.6670514941215515,0.8041727542877197,0.500199019908905,0.6091850996017456,0.6265656352043152,0.47849154472351074,0.6628516316413879,0.7402899861335754,0.7082037925720215,0.6237518787384033,0.532855749130249,0.631619393825531,0.615298330783844,0.5130626559257507,0.5269903540611267,0.4794611632823944,0.6461970210075378,0.6925638914108276,0.5791754722595215,0.6266642808914185,0.6523104310035706,0.5985103845596313,0.4736616015434265,0.6259109377861023,0.6052370667457581,0.5918659567832947,0.6506247520446777,0.5908026099205017,0.6365713477134705,0.4260537028312683,0.6100265383720398,0.5792136192321777,0.5864073634147644,0.3707086145877838,0.6619541049003601,0.6170800924301147,0.7566997408866882,0.6511236429214478,0.5743010640144348,0.6400701403617859,0.6231151223182678,0.6276755332946777,0.5790791511535645,0.34639477729797363,0.6811559796333313,0.6444268822669983,0.6843259930610657,0.5483524799346924,0.5654386878013611,0.6877276301383972,0.5841094255447388,0.6733819842338562,0.5124962329864502,0.6133917570114136,0.3877425491809845,0.41793909668922424,0.3113831877708435,0.3860327899456024,0.5963444709777832,0.583915114402771,0.5003265142440796,0.478953093290329,0.5797604322433472,0.5401638746261597,0.6047950983047485,0.5499510765075684,0.5920364260673523,0.6227639317512512,0.6732968688011169,0.6571745872497559,0.5486551523208618,0.6284329891204834,0.5883249044418335,0.5842394828796387,0.721412718296051,0.40241891145706177,0.5167015194892883,0.6049710512161255,0.6183784604072571,0.7138038873672485,0.6046342253684998,0.5058810114860535,0.53505539894104,0.6503823399543762,0.25108468532562256,0.483038067817688,0.4119994044303894,0.7758806943893433,0.5837473273277283,0.5915501713752747,0.602518618106842,0.633355438709259,0.3880639374256134,0.641429603099823,0.5821340084075928,0.5632408261299133,0.5291097164154053,0.8247488737106323,0.536358118057251,0.6302911043167114,0.5743811130523682,0.7570575475692749,0.4875403046607971,0.5937758684158325,0.750532329082489,0.45320212841033936,0.6091444492340088,0.6417208909988403,0.40145063400268555,0.5406026244163513,0.5586681365966797,0.545781135559082,0.6703425645828247,0.6166509985923767,0.6258395910263062,0.7946322560310364,0.6323695778846741,0.48062729835510254,0.5944161415100098,0.6126896142959595,0.7623597383499146,0.6459665298461914,0.7211026549339294,0.625507116317749,0.5841714143753052,0.5945382118225098,0.7693179249763489
1,0.8376448154449463,0.0852297991514206,0.3563566207885742,0.653396725654602,0.827749490737915,0.8277193307876587,0.4785401225090027,0.9092459678649902,0.09792246669530869,0.14719116687774658,0.8533867001533508,0.022791430354118347,0.8372378945350647,0.8919117450714111,0.6876576542854309,0.707263171672821,0.003355305874720216,0.8876085877418518,0.08315669000148773,0.7481344938278198,0.8498966693878174,0.8416885733604431,0.0983545109629631,0.09453269839286804,0.8630316853523254,0.8183946013450623,0.7994312047958374,0.8619642853736877,0.8137337565422058,0.8504565358161926,0.009432366117835045,0.8031386137008667,0.7675865292549133,0.764713704586029,0.4042902886867523,0.08710682392120361,0.8240360617637634,0.17889142036437988,0.8989753723144531,0.665818452835083,0.8705740571022034,0.8944098949432373,0.8231425881385803,0.058082085102796555,0.33770987391471863,0.10310190916061401,0.8885229229927063,0.9601991772651672,0.7354009747505188,0.05630853399634361,0.9108497500419617,0.6327341794967651,0.9202541708946228,0.678679347038269,0.8086323738098145,0.10801027715206146,0.34728342294692993,0.004795285407453775,0.048091672360897064,0.7968525886535645,0.7370365262031555,0.14158575236797333,0.07049248367547989,0.7463826537132263,0.7359395623207092,0.7961375713348389,0.7299614548683167,0.04535733908414841,0.8319430947303772,0.912453830242157,0.23232929408550262,0.13635501265525818,0.06642414629459381,0.8156185746192932,0.0352260060608387,0.3050002157688141,0.2551206648349762,0.5137198567390442,0.02649795636534691,0.8112446069717407,0.24355168640613556,0.1097208559513092,0.10741627961397171,0.7039332985877991,0.9253217577934265,0.22548840939998627,0.6057772040367126,0.3010883629322052,0.14300349354743958,0.7835452556610107,0.7702642679214478,0.805768609046936,0.8418882489204407,0.10651510953903198,0.9220450520515442,0.1347256451845169,0.6970012187957764,0.7517549991607666,0.15393739938735962,0.6888909339904785,0.8491132855415344,0.7553181648254395,0.1178804412484169,0.5628364682197571,0.7990407943725586,0.13505953550338745,0.06667818129062653,0.7868971228599548,0.8681382536888123,0.26628509163856506,0.7331438660621643,0.7081424593925476,0.7072476744651794,0.07600057125091553,0.30194732546806335,0.6959424018859863,0.1879562884569168,0.19402027130126953,0.4521479308605194,0.8122391104698181,0.7865120768547058,0.2313786745071411,0.8695501089096069,0.19555510580539703,0.8584387898445129,0.7967321276664734,0.7757152915000916,0.21564990282058716
1,0.5672726631164551,0.35180240869522095,0.27684563398361206,0.458431601524353,0.5742252469062805,0.5869016647338867,0.4656217098236084,0.62010657787323,0.3424362242221832,0.37384554743766785,0.5818234086036682,0.37651532888412476,0.5978797674179077,0.5747696161270142,0.4471126198768616,0.48638153076171875,0.33179354667663574,0.5871022939682007,0.3639059066772461,0.5438442826271057,0.5869948863983154,0.614032506942749,0.47199317812919617,0.4289834499359131,0.5782659649848938,0.568795919418335,0.5369499325752258,0.6042943596839905,0.5446871519088745,0.5985873937606812,0.3268866240978241,0.5687835812568665,0.536239504814148,0.5285966396331787,0.4018193185329437,0.372714638710022,0.5639192461967468,0.30729857087135315,0.6012226939201355,0.5417886972427368,0.599535346031189,0.6043715476989746,0.5777228474617004,0.37589117884635925,0.35330912470817566,0.34663712978363037,0.5960151553153992,0.6383557319641113,0.4975547194480896,0.40786081552505493,0.6507124900817871,0.5574797987937927,0.6313475370407104,0.5192591547966003,0.5627295970916748,0.373146653175354,0.42251625657081604,0.3386581540107727,0.33895790576934814,0.5464680194854736,0.5431406497955322,0.42360398173332214,0.3475353717803955,0.5243552327156067,0.5087260007858276,0.5692310929298401,0.5280839204788208,0.293943852186203,0.5742904543876648,0.6297792792320251,0.4136665463447571,0.3751482665538788,0.42118170857429504,0.540273129940033,0.49757933616638184,0.3613988757133484,0.40241897106170654,0.48995208740234375,0.3418537676334381,0.5701279640197754,0.39731746912002563,0.38881367444992065,0.388571560382843,0.4882400631904602,0.6389413475990295,0.2423860877752304,0.44974228739738464,0.411999374628067,0.42532944679260254,0.5485091209411621,0.5502586960792542,0.5481224060058594,0.5800538063049316,0.31969699263572693,0.5826688408851624,0.38210779428482056,0.5080834627151489,0.5447447299957275,0.23089294135570526,0.480220228433609,0.5901650786399841,0.5269302129745483,0.36920303106307983,0.49884033203125,0.5456185340881348,0.2791973054409027,0.3469623625278473,0.5741701722145081,0.598883867263794,0.40145057439804077,0.528137743473053,0.5105274319648743,0.5019460916519165,0.42780518531799316,0.4403054714202881,0.6679732799530029,0.4395177364349365,0.3881458044052124,0.47892919182777405,0.5506300330162048,0.5795207023620605,0.25349289178848267,0.6359118819236755,0.335585355758667,0.5910834074020386,0.5446216464042664,0.569532573223114,0.309922993183136
1,0.9082727432250977,0.0,0.0,0.7893049120903015,0.8783984780311584,0.9188823699951172,0.7012268304824829,0.9655933976173401,0.0,0.0,0.9288161993026733,0.0,0.9422390460968018,0.8971359133720398,0.722659707069397,0.7550798058509827,0.0,0.9306181073188782,0.0,0.8290876150131226,0.9303613901138306,0.9638168215751648,0.0,0.0,0.9327487945556641,0.9121637940406799,0.8641625046730042,1.0046168565750122,0.8685446381568909,0.923088014125824,0.0,0.9538488984107971,0.9214902520179749,0.9101893901824951,0.5295388698577881,0.0,0.9236562848091125,0.0,0.9659366011619568,0.841892421245575,0.9436063766479492,0.88539719581604,0.959231972694397,0.0,0.511239767074585,0.0,0.9146013259887695,0.9772658944129944,0.8049816489219666,0.0,0.9880771040916443,0.8860549926757812,1.0040314197540283,0.7530856728553772,0.889656126499176,0.0,0.5835473537445068,0.0,0.0,0.8878822326660156,0.8836626410484314,0.0,0.0,0.8404613733291626,0.8132984042167664,0.9051076769828796,0.7822740077972412,0.0,0.9417919516563416,0.9645838141441345,0.0,0.0,0.0,0.8426988124847412,0.0,0.0,0.5648233294487,0.7319438457489014,0.0,0.913820207118988,0.0,0.0,0.0,0.8062434792518616,0.8989185690879822,0.38806769251823425,0.7399938702583313,0.5973959565162659,0.0,0.8772798776626587,0.8625668883323669,0.8740189075469971,0.9083307385444641,0.020659292116761208,0.9181643128395081,0.0,0.8064903616905212,0.831792414188385,0.0,0.7681328058242798,0.9214710593223572,0.8607313632965088,0.0,0.6745412349700928,0.8457880020141602,0.0,0.0,0.9272210597991943,0.9587365984916687,0.5565900206565857,0.7967046499252319,0.8216224312782288,0.8309926390647888,0.0,0.0,0.8556962609291077,0.0,0.0,0.7178716063499451,0.8933667540550232,0.9142908453941345,0.0,0.9369487166404724,0.0,0.9244583249092102,0.887898862361908,0.8614146709442139,0.0
1,0.7007518410682678,0.07134262472391129,0.2634962499141693,0.5556452870368958,0.7101085782051086,0.7283502817153931,0.5097790360450745,0.7804209589958191,0.08702506124973297,0.11763833463191986,0.736598789691925,0.021480968222022057,0.7682411670684814,0.7655375003814697,0.5443780422210693,0.5910919904708862,0.004250057507306337,0.7407376766204834,0.07673998922109604,0.6739368438720703,0.7322591543197632,0.7635976672172546,0.08533009141683578,0.07253686338663101,0.7319291234016418,0.7158735394477844,0.6905140280723572,0.7479276657104492,0.6836445331573486,0.7460333704948425,0.010049138218164444,0.7172303795814514,0.6956203579902649,0.649440348148346,0.5009852647781372,0.07938098907470703,0.6742491126060486,0.13956350088119507,0.7765395641326904,0.6396751403808594,0.7659555673599243,0.781410276889801,0.7263115644454956,0.05453178659081459,0.43053457140922546,0.08876090496778488,0.7660557627677917,0.8071975111961365,0.6034355163574219,0.05043184757232666,0.8136081695556641,0.67219477891922,0.7970863580703735,0.6801061630249023,0.6957485675811768,0.09014429897069931,0.4343113899230957,0.005378571338951588,0.04296821728348732,0.6650779247283936,0.6747428774833679,0.10741432011127472,0.06369075179100037,0.6242789030075073,0.6222743988037109,0.7188299298286438,0.6733531951904297,0.041503243148326874,0.7260721325874329,0.7912725806236267,0.17502199113368988,0.10752119868993759,0.06031119078397751,0.7081159949302673,0.0358595997095108,0.22261998057365417,0.35115161538124084,0.5488709211349487,0.024814851582050323,0.6961931586265564,0.18703101575374603,0.09520034492015839,0.08868971467018127,0.6183393597602844,0.8223599195480347,0.26529842615127563,0.549846351146698,0.40814676880836487,0.11307425051927567,0.7299463152885437,0.6715688109397888,0.6903913021087646,0.7187725901603699,0.09286247938871384,0.7793307900428772,0.10751474648714066,0.5910658240318298,0.6996773481369019,0.1269231140613556,0.5648707747459412,0.7399154901504517,0.6704025864601135,0.10024024546146393,0.5723734498023987,0.6897979378700256,0.1100652664899826,0.0575098991394043,0.6934863924980164,0.7688124775886536,0.36566686630249023,0.6855275630950928,0.6226230263710022,0.6217864155769348,0.06931557506322861,0.21544353663921356,0.7787317633628845,0.1469605416059494,0.14967520534992218,0.504336416721344,0.7311734557151794,0.6923512816429138,0.1748141646385193,0.8061675429344177,0.15102212131023407,0.7427911162376404,0.6929280161857605,0.7268255352973938,0.16003671288490295
0,0.3857317566871643,0.3950199484825134,0.641135573387146,0.27373161911964417,0.45176491141319275,0.41003862023353577,0.15613216161727905,0.24532951414585114,0.4964749217033386,0.4485083818435669,0.07475438714027405,0.3399342894554138,0.0,0.0,0.016369782388210297,0.3774346709251404,0.2528955936431885,0.24438580870628357,0.45720893144607544,0.19176295399665833,0.162825345993042,0.01293770968914032,0.3324814736843109,0.2219347208738327,0.10700595378875732,0.3636544644832611,0.42628157138824463,0.12401241064071655,0.035722099244594574,0.3378606140613556,0.30798307061195374,0.26943349838256836,0.17616048455238342,0.14025096595287323,0.3090718388557434,0.3971068859100342,0.13806116580963135,0.5583633184432983,0.2942318022251129,0.0,0.04444906488060951,0.35266855359077454,0.00140772620216012,0.36738505959510803,0.4949816167354584,0.4036363363265991,0.18975631892681122,0.13623499870300293,0.46797463297843933,0.39213499426841736,0.026278363540768623,0.40271276235580444,0.09319082647562027,0.0465305894613266,0.18191219866275787,0.3381768465042114,0.5025026798248291,0.1413329690694809,0.23958928883075714,0.17068210244178772,0.23201137781143188,0.28484493494033813,0.3245205283164978,0.07214266061782837,0.3518165051937103,0.13081783056259155,0.37093043327331543,0.3467719256877899,0.28394222259521484,0.05361200496554375,0.4183698296546936,0.369374543428421,0.3646465241909027,0.0020367891993373632,0.32718998193740845,0.4648808240890503,0.6158474683761597,0.25198420882225037,0.3935364782810211,0.1942489892244339,0.43494242429733276,0.42708155512809753,0.2992435693740845,0.14181828498840332,0.014241183176636696,0.17366108298301697,0.33987295627593994,1.2157721519470215,0.5131902694702148,0.05099881440401077,0.028351005166769028,0.26471060514450073,0.009576152078807354,0.2308037281036377,0.21952742338180542,0.38063323497772217,0.05501571297645569,0.1522933840751648,0.5920889377593994,0.2687947750091553,0.42219454050064087,0.27902525663375854,0.414592981338501,0.09844594448804855,0.24246348440647125,0.44394999742507935,0.31500890851020813,0.42998215556144714,0.4943685829639435,0.4670557677745819,0.01579192653298378,0.007836655713617802,0.14146848022937775,0.4155522584915161,0.4708782136440277,0.2991487681865692,0.40901750326156616,0.4029097855091095,0.2164003551006317,0.5106418132781982,0.0,0.49451571702957153,0.0015059014549478889,0.5386147499084473,0.19671788811683655,0.15842175483703613,0.5958774089813232,0.5673633813858032
0,0.0,0.4347662925720215,0.0,0.0,0.0,0.0,0.35192862153053284,0.0,0.22315916419029236,0.3194539546966553,0.0,0.6539903283119202,0.0,0.0,0.0,0.0,0.7134516835212708,0.0,0.15036317706108093,0.0,0.0,0.0,0.6450787782669067,0.821549117565155,0.0,0.0,0.0,0.0,0.0,0.0,0.715295672416687,0.0,0.0,0.0,0.3456904888153076,0.43751829862594604,0.0,0.02430853247642517,0.0,0.0,0.0,0.0,0.0,0.5487502217292786,0.6577191948890686,0.3419964611530304,0.0,0.0,0.0,0.6124417185783386,0.0,0.3679642081260681,0.0,0.008577045984566212,0.0,0.49163931608200073,0.9492383003234863,0.9185980558395386,0.7524694800376892,0.0,0.0,0.5836342573165894,0.5045561790466309,0.0,0.0,0.0,0.0,0.4920758903026581,0.0,0.0,0.3521212637424469,0.5537838339805603,0.5753449201583862,0.0,0.5090295076370239,0.12839291989803314,1.0935693979263306,0.3449632525444031,0.6024696230888367,0.0,0.12559983134269714,0.5330696702003479,0.6634882688522339,0.006400357000529766,0.0,0.44783979654312134,0.0,1.0509315729141235,0.3101908564567566,0.0,0.0,0.0,0.137098029255867,0.5077347159385681,0.0,0.4265044331550598,0.10396935045719147,0.03816346451640129,0.005147323478013277,0.0,0.0,0.0,0.2741415798664093,0.13107362389564514,0.0,0.22706782817840576,0.550220251083374,0.0,0.0,0.8924466371536255,0.0,0.0,0.0,0.5623679757118225,0.3528709411621094,0.3472910225391388,0.38903847336769104,0.5087937116622925,0.38453835248947144,0.0,0.0,0.0,0.0,0.049883704632520676,0.0,0.0,0.1312781125307083,0.0864032655954361
1,0.5793442130088806,0.5443819761276245,0.6393210291862488,0.47375068068504333,0.5874733328819275,0.596506655216217,0.4592477083206177,0.6280099749565125,0.6276670098304749,0.6103047728538513,0.5963136553764343,0.5033011436462402,0.6051238775253296,0.5865022540092468,0.48005765676498413,0.49736136198043823,0.44016343355178833,0.608051061630249,0.6095881462097168,0.5535185933113098,0.5986646413803101,0.6272295713424683,0.573616623878479,0.4619517922401428,0.5951638221740723,0.5805526375770569,0.5585131645202637,0.6200088262557983,0.5606977343559265,0.6080672144889832,0.39134037494659424,0.5804676413536072,0.5484462976455688,0.5505003333091736,0.38029101490974426,0.5656603574752808,0.58633953332901,0.608931839466095,0.6193217635154724,0.5523817539215088,0.6088933348655701,0.6004058718681335,0.5967816710472107,0.5058669447898865,0.3429667353630066,0.5812665224075317,0.6139665842056274,0.6541221141815186,0.5173292756080627,0.520778477191925,0.6607569456100464,0.5677725672721863,0.640048623085022,0.5004045963287354,0.578506588935852,0.39582765102386475,0.4163799285888672,0.3316110372543335,0.3568251430988312,0.5661177635192871,0.5624117851257324,0.482853502035141,0.45152291655540466,0.5510190725326538,0.5210719108581543,0.5806136131286621,0.5262287259101868,0.4871531128883362,0.5931223630905151,0.6441259384155273,0.5899218320846558,0.5046294927597046,0.5772729516029358,0.5578740239143372,0.5868949890136719,0.6054758429527283,0.40241894125938416,0.5009262561798096,0.5266610383987427,0.5899320244789124,0.6212351322174072,0.5505342483520508,0.4715111553668976,0.5082299709320068,0.6326478719711304,0.24652278423309326,0.45980045199394226,0.411999374628067,0.6775702238082886,0.560248851776123,0.5667642951011658,0.5652957558631897,0.6017757654190063,0.391867458820343,0.6087595224380493,0.5196182131767273,0.5356306433677673,0.5086122155189514,0.6249334812164307,0.5052218437194824,0.5990357995033264,0.5467802286148071,0.6322359442710876,0.4802130460739136,0.5631520748138428,0.5953637361526489,0.4301718771457672,0.5847123265266418,0.6075340509414673,0.40145060420036316,0.5223922729492188,0.5337717533111572,0.5210028290748596,0.6080467104911804,0.5789610147476196,0.6268072128295898,0.6899349093437195,0.5512290596961975,0.4643455445766449,0.569776713848114,0.5893710851669312,0.6092677116394043,0.6291366815567017,0.6092742085456848,0.5924445390701294,0.5529595017433167,0.5709233283996582,0.6301596760749817
1,1.4760549068450928,0.13317950069904327,0.22404499351978302,1.3545873165130615,1.718662142753601,1.672322154045105,0.12265460938215256,1.0617072582244873,0.16737841069698334,0.15418414771556854,0.6301109194755554,0.11923249810934067,0.0,0.0,0.5392362475395203,1.0109554529190063,0.0714445412158966,1.0323443412780762,0.14905929565429688,0.6433140635490417,0.6957886815071106,0.18812260031700134,0.10458607971668243,0.06451492756605148,0.8403735160827637,1.4897725582122803,1.5015125274658203,0.9121261239051819,0.47162678837776184,1.2115087509155273,0.12418203055858612,1.1261502504348755,0.8761477470397949,0.8776895999908447,0.1845199167728424,0.12553521990776062,0.8018743395805359,0.184453085064888,1.2627897262573242,0.0,0.4401998519897461,1.0852160453796387,0.2841671407222748,0.12712855637073517,0.6097047924995422,0.1296008825302124,0.6886037588119507,0.6560222506523132,1.3562607765197754,0.12670639157295227,0.3672252297401428,0.3832671344280243,0.5990566611289978,0.010828161612153053,0.6465892791748047,0.13961714506149292,0.34694045782089233,0.04403947666287422,0.08024894446134567,0.7090421915054321,1.029605746269226,0.09925979375839233,0.12330080568790436,0.5241413116455078,1.1407289505004883,0.5766510963439941,0.7901127338409424,0.08594826608896255,1.1854771375656128,0.28782474994659424,0.14732512831687927,0.12079975008964539,0.11497912555932999,0.20046982169151306,0.0824330672621727,0.14413690567016602,0.5351526737213135,0.2314964085817337,0.14927183091640472,1.0835402011871338,0.10838668793439865,0.1579560488462448,0.10451237112283707,0.6366941928863525,0.008710412308573723,0.1300540268421173,1.345379114151001,1.6881593465805054,0.17807188630104065,0.22492440044879913,0.4290696382522583,1.3172426223754883,0.32513049244880676,0.09068387001752853,1.2125859260559082,0.13075602054595947,0.5249072313308716,0.0,0.19933950901031494,1.2720675468444824,1.411604404449463,0.9904271364212036,0.11480412632226944,0.05303042382001877,0.9715905785560608,0.1162247359752655,0.1127854660153389,1.4080923795700073,1.7558987140655518,0.32597851753234863,0.026082411408424377,0.5056869387626648,0.7731302976608276,0.14801476895809174,0.19273221492767334,0.13790245354175568,0.09523185342550278,0.12317302823066711,0.13784892857074738,1.6479556560516357,0.10068883001804352,0.14406907558441162,0.02685125172138214,0.16672074794769287,0.7454097867012024,0.8136305809020996,1.0614205598831177,0.19908972084522247
1,0.6686723232269287,0.5170878171920776,0.8846971392631531,0.5261148810386658,0.6443637013435364,0.6374091506004333,0.3258424401283264,0.6841877102851868,0.6096799969673157,0.6164134740829468,0.6750119924545288,0.3793451488018036,0.6142075061798096,0.6607784032821655,0.5959738492965698,0.5909594893455505,0.3141350746154785,0.7075030207633972,0.5684885382652283,0.5683646202087402,0.6629872918128967,0.6208295822143555,0.496194452047348,0.38497763872146606,0.6823477149009705,0.6339520812034607,0.6311140656471252,0.6781567335128784,0.6645994186401367,0.6544371247291565,0.29250699281692505,0.6014390587806702,0.5717319250106812,0.6091534495353699,0.21774935722351074,0.5515856742858887,0.6835653185844421,0.6759253740310669,0.6955168843269348,0.4694672226905823,0.6557744741439819,0.6583136320114136,0.6489621996879578,0.43359747529029846,0.25567060708999634,0.5419760346412659,0.6816197633743286,0.7531459927558899,0.6168485879898071,0.44867706298828125,0.6880525946617126,0.47682929039001465,0.6889979243278503,0.423945814371109,0.6277621388435364,0.41433224081993103,0.3112606406211853,0.17768944799900055,0.32611337304115295,0.6432286500930786,0.5512481331825256,0.4663258492946625,0.403018057346344,0.6364983916282654,0.5884004831314087,0.6021789312362671,0.5184776186943054,0.4480302929878235,0.6467042565345764,0.6938281655311584,0.6698289513587952,0.49480563402175903,0.4852665364742279,0.6370756030082703,0.44151806831359863,0.7629448175430298,0.232444167137146,0.4257022440433502,0.43299517035484314,0.6402280926704407,0.7141014337539673,0.5149040222167969,0.4531639516353607,0.5668038725852966,0.681423544883728,0.15758749842643738,0.4621609151363373,0.30198147892951965,0.6779893636703491,0.5559189319610596,0.6110970377922058,0.6386131644248962,0.670271635055542,0.33905819058418274,0.714819073677063,0.5068774819374084,0.5947344899177551,0.5205510258674622,0.7123075723648071,0.589792788028717,0.6576624512672424,0.5947707891464233,0.6193450093269348,0.38346272706985474,0.6297985315322876,0.6355147361755371,0.3975059390068054,0.6176825761795044,0.6541557312011719,0.2359727919101715,0.506072998046875,0.5759164690971375,0.567843496799469,0.5383751392364502,0.7055506706237793,0.4572311341762543,0.690501868724823,0.6002113223075867,0.3583802580833435,0.5866016149520874,0.6120461225509644,0.7268271446228027,0.6267064809799194,0.6801308393478394,0.6618787050247192,0.6068645119667053,0.6079963445663452,0.7181524038314819
1,0.5331628322601318,0.535730242729187,0.3298521637916565,0.4233720302581787,0.5457271933555603,0.5577240586280823,0.42345312237739563,0.5761951208114624,0.5167516469955444,0.5401343107223511,0.5445894002914429,0.5900502800941467,0.5655773878097534,0.5395748019218445,0.43425142765045166,0.4631298780441284,0.5516846179962158,0.5629201531410217,0.517271876335144,0.528001070022583,0.5616519451141357,0.5801771283149719,0.651279866695404,0.5889049172401428,0.5471398234367371,0.5313608646392822,0.5148053169250488,0.5735071301460266,0.5226650238037109,0.559960126876831,0.5402067303657532,0.5179475545883179,0.4860265254974365,0.4917733371257782,0.3769841194152832,0.5112375020980835,0.5394617319107056,0.394684374332428,0.5718382596969604,0.5098866820335388,0.5632480382919312,0.556597113609314,0.539316713809967,0.5390045046806335,0.35221442580223083,0.5225574970245361,0.564119815826416,0.5952668786048889,0.4717634320259094,0.5505035519599915,0.606282651424408,0.5355984568595886,0.5960031747817993,0.47847989201545715,0.5410774350166321,0.39741042256355286,0.4163798987865448,0.5036536455154419,0.42243072390556335,0.5188860893249512,0.5132423639297485,0.5708914399147034,0.4846108853816986,0.5037280321121216,0.4769124984741211,0.5428221225738525,0.4939236342906952,0.46238747239112854,0.5431095957756042,0.5968344211578369,0.5263848304748535,0.5274122953414917,0.6230595707893372,0.511143147945404,0.614555299282074,0.4634864628314972,0.40241894125938416,0.49018988013267517,0.5770559310913086,0.5326891541481018,0.4513481855392456,0.5759562849998474,0.5350372791290283,0.4614807963371277,0.5785314440727234,0.23790311813354492,0.4128357768058777,0.4119994044303894,0.5887262225151062,0.5155786871910095,0.5281871557235718,0.5232502818107605,0.5561829805374146,0.4726405441761017,0.5553703308105469,0.4923315644264221,0.48119494318962097,0.45984140038490295,0.3787156343460083,0.46481791138648987,0.5575700998306274,0.49742215871810913,0.5537948608398438,0.47498124837875366,0.5234003067016602,0.49206656217575073,0.46945521235466003,0.5364925265312195,0.5624929070472717,0.40145057439804077,0.4941951036453247,0.4900040328502655,0.47312450408935547,0.6386052966117859,0.5521400570869446,0.6239719986915588,0.6047898530960083,0.5245020389556885,0.4554387032985687,0.5271462798118591,0.5558282732963562,0.327559232711792,0.5913387537002563,0.45040735602378845,0.552405834197998,0.504854679107666,0.546707808971405,0.4149330258369446
1,1.0385544300079346,0.02648739144206047,0.1427409052848816,0.8555000424385071,0.9828891754150391,1.0252482891082764,0.6404404640197754,1.1128058433532715,0.02881140448153019,0.05463706701993942,1.059309959411621,0.005246129352599382,1.0510002374649048,1.0595201253890991,0.879024088382721,0.8845076560974121,0.0,1.0729480981826782,0.02432982809841633,0.9504066109657288,1.0422499179840088,1.0556344985961914,0.028871169313788414,0.03782174736261368,1.0733040571212769,1.0282611846923828,0.9828490018844604,1.0952107906341553,1.0057241916656494,1.0546035766601562,0.00019931152928620577,1.034120798110962,0.9804778695106506,0.9996082782745361,0.44126495718955994,0.026150355115532875,1.0353766679763794,0.07011901587247849,1.084972620010376,0.8924667835235596,1.0717509984970093,1.0341473817825317,1.0585896968841553,0.014787093736231327,0.3397645056247711,0.03217392787337303,1.0742554664611816,1.1283601522445679,0.9274320006370544,0.016373146325349808,1.111898422241211,0.7831193208694458,1.1284160614013672,0.7862306833267212,1.0113115310668945,0.03175574168562889,0.3676005005836487,0.0,0.016431935131549835,1.0126348733901978,0.9490153789520264,0.05524604022502899,0.019662203267216682,0.9738368988037109,0.9127535820007324,0.9847372770309448,0.8973987102508545,0.013985740952193737,1.060072898864746,1.112861156463623,0.08974772691726685,0.04960136115550995,0.01902071386575699,0.9835394620895386,0.00933830626308918,0.1257203072309494,0.32700297236442566,0.6446526050567627,0.006450085900723934,1.0345760583877563,0.09318763017654419,0.031779710203409195,0.035124387592077255,0.9135344624519348,1.069540023803711,0.30569732189178467,0.7929841876029968,0.3458607494831085,0.05228107050061226,0.9842166900634766,0.9737039804458618,1.0165681838989258,1.0673933029174805,0.04261444881558418,1.0892229080200195,0.047108929604291916,0.9030112028121948,0.9426352977752686,0.05154547095298767,0.8933456540107727,1.0435904264450073,0.9771216511726379,0.036481961607933044,0.6850867867469788,0.981387197971344,0.04174765571951866,0.022632798179984093,1.0151605606079102,1.064024567604065,0.3222362995147705,0.8860237002372742,0.9375999569892883,0.9261972308158875,0.019762666895985603,0.1263895481824875,0.7527419924736023,0.06862881034612656,0.07113642990589142,0.5752501487731934,0.9743984341621399,0.9898301959037781,0.09310515224933624,1.0149812698364258,0.07389767467975616,1.0539230108261108,0.9842020273208618,0.855667233467102,0.08507543057203293
1,0.6253737211227417,0.3107864558696747,0.5649504661560059,0.6086434721946716,0.6733654737472534,0.6722859740257263,0.3841019868850708,0.6648914813995361,0.3480529487133026,0.35829684138298035,0.6129957437515259,0.20375637710094452,0.5697108507156372,0.5936416983604431,0.564537763595581,0.54091477394104,0.1700579971075058,0.7006057500839233,0.3161260783672333,0.4972345232963562,0.647648274898529,0.6051653027534485,0.2932264804840088,0.2202218919992447,0.6736772060394287,0.6727180480957031,0.6207019686698914,0.688425600528717,0.6147622466087341,0.6205055713653564,0.15941132605075836,0.6372889876365662,0.5925745368003845,0.6314319372177124,0.3031615912914276,0.310435026884079,0.6799724102020264,0.3959527015686035,0.6657164096832275,0.44799211621284485,0.6233312487602234,0.6134889125823975,0.6420131921768188,0.24885649979114532,0.4892410337924957,0.31326815485954285,0.6366406679153442,0.7055265307426453,0.6062797904014587,0.2531631290912628,0.6534619331359863,0.5851443409919739,0.6585612893104553,0.4073299467563629,0.5743294358253479,0.2345164269208908,0.5375815033912659,0.10048983246088028,0.1879158467054367,0.618367612361908,0.5461423993110657,0.2821149528026581,0.23752669990062714,0.5879870653152466,0.5969376564025879,0.5829219818115234,0.4729098379611969,0.24917393922805786,0.6326544880867004,0.6330931186676025,0.40172329545021057,0.2939701974391937,0.2781544029712677,0.5771053433418274,0.2166803479194641,0.47708579897880554,0.5970245003700256,0.531051516532898,0.23676061630249023,0.6058946251869202,0.43785399198532104,0.3084307014942169,0.2611062228679657,0.5615705847740173,0.6022424101829529,0.25830498337745667,0.5202000141143799,0.7042893171310425,0.39000949263572693,0.5066460967063904,0.5706460475921631,0.6001338362693787,0.5986127853393555,0.23049473762512207,0.6643472909927368,0.3052321672439575,0.6403300762176514,0.5053040981292725,0.40418946743011475,0.5636878609657288,0.6626965999603271,0.5636745691299438,0.35399487614631653,0.35400068759918213,0.5934178829193115,0.3743042051792145,0.21971455216407776,0.6216439604759216,0.693372905254364,0.4924735724925995,0.46212318539619446,0.5136136412620544,0.556757390499115,0.30996257066726685,0.444388747215271,0.4484002888202667,0.4130503833293915,0.370503693819046,0.4149166941642761,0.6074807643890381,0.6378120183944702,0.4280383884906769,0.5989238619804382,0.4063618779182434,0.6021692156791687,0.5777032375335693,0.6210311651229858,0.43799516558647156
0,0.19071951508522034,0.8624101281166077,1.1554176807403564,0.1269921362400055,0.23072004318237305,0.21234551072120667,0.32879629731178284,0.23301121592521667,0.965329110622406,0.9153165817260742,0.19970442354679108,0.6764989495277405,0.2646770179271698,0.2833097279071808,0.12402520328760147,0.16097354888916016,0.5703728795051575,0.20012198388576508,0.892867922782898,0.217397540807724,0.21660469472408295,0.27697664499282837,0.7394395470619202,0.5824496150016785,0.18931764364242554,0.1887894719839096,0.20990635454654694,0.18928499519824982,0.18687301874160767,0.2211981862783432,0.5275827050209045,0.18741251528263092,0.19777561724185944,0.14136244356632233,0.445917010307312,0.8521975874900818,0.14603739976882935,1.0518195629119873,0.2441595494747162,0.2612967789173126,0.23252537846565247,0.25493714213371277,0.18272432684898376,0.7363755702972412,0.42157450318336487,0.8732505440711975,0.24413810670375824,0.27239665389060974,0.1431221067905426,0.7249595522880554,0.2580031156539917,0.4557594656944275,0.23027585446834564,0.3309997618198395,0.2012719064950943,0.534155547618866,0.5347359776496887,0.36315056681632996,0.4987480938434601,0.16678716242313385,0.2172601968050003,0.6504555940628052,0.6231292486190796,0.14503982663154602,0.13472694158554077,0.24094191193580627,0.27909520268440247,0.7577629685401917,0.18661652505397797,0.2248910516500473,0.8717981576919556,0.7149659991264343,0.779117226600647,0.24456773698329926,0.7356384992599487,0.9742507338523865,0.5276225209236145,0.37638846039772034,0.75709068775177,0.1925940215587616,0.9632489085197449,0.7824643850326538,0.6337390542030334,0.14991052448749542,0.29219314455986023,0.2385718822479248,0.14979152381420135,0.5095245242118835,0.9983375072479248,0.2610057592391968,0.19136358797550201,0.186247780919075,0.20249320566654205,0.481296569108963,0.22893907129764557,0.7605118155479431,0.1663987934589386,0.18484443426132202,1.117409586906433,0.12132541835308075,0.22421064972877502,0.1732121855020523,0.9543127417564392,0.3218008875846863,0.22013473510742188,0.9927979111671448,0.598478376865387,0.16498059034347534,0.24310073256492615,0.5266159176826477,0.26811638474464417,0.16045260429382324,0.14444245398044586,0.8449403047561646,0.8289030194282532,0.570733368396759,1.0209089517593384,0.8346260786056519,0.41067954897880554,0.2757982015609741,0.18318887054920197,1.0468239784240723,0.34565794467926025,0.9567921757698059,0.23057891428470612,0.2122865468263626,0.3694895803928375,1.0305869579315186
1,0.5353296995162964,0.0,0.04524415358901024,0.43440893292427063,0.5391778349876404,0.561614990234375,0.7244308590888977,0.574052631855011,0.0,0.09353722631931305,0.5499025583267212,0.01978108286857605,0.5693967938423157,0.509111762046814,0.4427468180656433,0.46705523133277893,0.21555227041244507,0.5533828735351562,0.0,0.49336308240890503,0.5548263788223267,0.5718779563903809,0.0,0.07098107784986496,0.5353336930274963,0.543237030506134,0.5205678343772888,0.5709758996963501,0.49966195225715637,0.5517148375511169,0.21236495673656464,0.5524566769599915,0.5371242165565491,0.501699686050415,0.4075067639350891,0.0,0.516849160194397,0.0014723434578627348,0.5609022974967957,0.49696263670921326,0.5665372610092163,0.5638881325721741,0.531873881816864,0.02619793824851513,0.7124477028846741,0.0,0.5571873784065247,0.6006197929382324,0.4775121212005615,0.02689744345843792,0.5773968696594238,0.5959413647651672,0.5897398591041565,0.4964490830898285,0.5127831101417542,0.014417806640267372,0.6041370630264282,0.1682731807231903,0.11271695792675018,0.5050548315048218,0.5003480315208435,0.0,0.024327177554368973,0.473621129989624,0.4889223575592041,0.5406612157821655,0.5116415619850159,0.20167672634124756,0.5374680161476135,0.5706923007965088,0.0028782659210264683,0.002418078249320388,0.0,0.5020490288734436,0.0,0.00262594036757946,0.6004530191421509,0.3921414613723755,0.039039723575115204,0.5157211422920227,0.005349289160221815,0.0037708296440541744,0.14232340455055237,0.4845213294029236,0.5752801299095154,0.639535665512085,0.4303651452064514,0.7738878726959229,0.0,0.5238850116729736,0.48989859223365784,0.5113353133201599,0.5067398548126221,0.2625453770160675,0.5265624523162842,0.05290944501757622,0.4879871904850006,0.59162437915802,0.0,0.42526066303253174,0.5762454867362976,0.5025409460067749,0.0,0.45172446966171265,0.5017908215522766,0.016350943595170975,0.12680017948150635,0.5517842173576355,0.5869506597518921,0.5770307779312134,0.5026936531066895,0.4491270184516907,0.46938619017601013,0.0,0.03278101980686188,0.5915616154670715,0.0,0.005288079380989075,0.40078023076057434,0.577745258808136,0.5093680024147034,0.0,0.5676256418228149,0.0028275034856051207,0.5617677569389343,0.5266662836074829,0.5733140110969543,0.0
0,0.10901723802089691,1.0378707647323608,1.4750921726226807,0.05116381123661995,0.1240759864449501,0.1053365170955658,0.1857755184173584,0.13935275375843048,1.22257661819458,1.1697442531585693,0.1086282879114151,0.8438853621482849,0.1319740265607834,0.15826378762722015,0.08356064558029175,0.08897995203733444,0.7261781692504883,0.11318770051002502,1.156561255455017,0.10590649396181107,0.11077018082141876,0.13672861456871033,0.9439621567726135,0.7562735676765442,0.11004888266324997,0.09433740377426147,0.117802195250988,0.08466736227273941,0.10595022886991501,0.12292015552520752,0.6333398818969727,0.07939949631690979,0.06816420704126358,0.05491475388407707,0.2638159394264221,1.0810153484344482,0.07159765064716339,1.317746877670288,0.13326559960842133,0.10548261553049088,0.12634193897247314,0.16679710149765015,0.07147683948278427,0.9186718463897705,0.3228212594985962,1.0955591201782227,0.14528344571590424,0.16187609732151031,0.08096194267272949,0.9188789129257202,0.1480322629213333,0.2744671404361725,0.12479019910097122,0.16268032789230347,0.11216352880001068,0.731005072593689,0.4254870116710663,0.4411550462245941,0.6442940831184387,0.08858577907085419,0.07999058812856674,0.8306341171264648,0.7780801057815552,0.0754798874258995,0.06781642138957977,0.1115732192993164,0.14710289239883423,0.9483308792114258,0.09348591417074203,0.1398516446352005,1.1505868434906006,0.9083315134048462,0.9802104830741882,0.1503487378358841,0.9391452074050903,1.2632086277008057,0.4055778682231903,0.21346040070056915,0.935823917388916,0.09870496392250061,1.2465407848358154,1.0002436637878418,0.8470199108123779,0.07265007495880127,0.18704962730407715,0.16531018912792206,0.06029769778251648,0.44547566771507263,1.27293860912323,0.1183713972568512,0.09807374328374863,0.10152371972799301,0.11364904046058655,0.6162797212600708,0.14437054097652435,0.964328944683075,0.0920650064945221,0.08485613763332367,1.4435150623321533,0.06916096061468124,0.11438993364572525,0.08136725425720215,1.2182914018630981,0.19682854413986206,0.12270815670490265,1.2443468570709229,0.8064925670623779,0.06690851598978043,0.13006795942783356,0.39256295561790466,0.13199026882648468,0.08039094507694244,0.05521626025438309,1.061766505241394,1.1156257390975952,0.3963293731212616,1.2860612869262695,1.0621073246002197,0.2742472290992737,0.1406291425228119,0.07331083714962006,1.3330934047698975,0.17901158332824707,1.2234039306640625,0.13831381499767303,0.1203390508890152,0.22514301538467407,1.286621332168579
1,0.5101667642593384,0.0,0.0,0.5309842824935913,0.6241479516029358,0.6113401055335999,0.4559248983860016,0.5757864117622375,0.0,0.0,0.5078710913658142,0.0,0.527199923992157,0.5433319211006165,0.35373783111572266,0.39928221702575684,0.0,0.5920757055282593,0.0,0.43045684695243835,0.5833086967468262,0.5628909468650818,0.0,0.0,0.553708016872406,0.5917471051216125,0.5501155257225037,0.6217361092567444,0.5074434876441956,0.5179405808448792,0.0,0.6197531819343567,0.5886529088020325,0.5188648104667664,0.5689007043838501,0.0,0.54428631067276,0.0,0.6187237501144409,0.3990170359611511,0.5596351027488708,0.5035730004310608,0.5564143657684326,0.0,0.7079870104789734,0.0,0.5147026181221008,0.5555002093315125,0.4594588279724121,0.0,0.5789890289306641,0.799301266670227,0.6098673939704895,0.4714917540550232,0.4780762791633606,0.0,0.83549964427948,0.0,0.0,0.4836708605289459,0.547586977481842,0.0,0.0,0.41258105635643005,0.488660991191864,0.5543855428695679,0.461788147687912,0.0,0.5608779788017273,0.5162401795387268,0.0,0.0,0.0,0.4642622768878937,0.0,0.0,0.8373889327049255,0.6531301140785217,0.0,0.5005580186843872,0.0,0.0,0.0,0.434253454208374,0.48977136611938477,0.4115566313266754,0.49127671122550964,0.9842437505722046,0.0,0.4873288571834564,0.47418317198753357,0.4696625769138336,0.46289417147636414,0.038041550666093826,0.5622850656509399,0.0,0.44142648577690125,0.4568935036659241,0.0,0.3908974528312683,0.594186007976532,0.4663250744342804,0.0,0.43861350417137146,0.5017138123512268,0.0,0.0,0.5364084839820862,0.6509159207344055,0.7274156212806702,0.4759451448917389,0.38612100481987,0.4339565634727478,0.0,0.0,0.7544468641281128,0.0,0.0,0.6170621514320374,0.6117827296257019,0.5947424173355103,0.0,0.5916878581047058,0.0,0.5157824754714966,0.5245212912559509,0.7677811980247498,0.0
1,0.05396425724029541,0.042683977633714676,0.1942845582962036,0.06476567685604095,0.10567382723093033,0.0996045246720314,0.3676947355270386,0.07866416871547699,0.07601348310709,0.09095154702663422,0.06886021047830582,0.028200825676321983,0.11806277185678482,0.08815921097993851,0.00961469765752554,0.043290331959724426,0.010397238656878471,0.06736095994710922,0.08369956165552139,0.058509521186351776,0.08656124025583267,0.1347096711397171,0.063245989382267,0.048417408019304276,0.0578252375125885,0.07722137868404388,0.07869642227888107,0.06674987822771072,0.05439276993274689,0.09641122817993164,0.00833500549197197,0.06749607622623444,0.06306161731481552,0.026644786819815636,0.586432158946991,0.06000160053372383,0.037997767329216,0.09895671904087067,0.11647003889083862,0.07705408334732056,0.09223072975873947,0.12565796077251434,0.06411886215209961,0.05104130133986473,0.8407641649246216,0.06302329897880554,0.09437637776136398,0.11107085645198822,0.041518740355968475,0.04195670783519745,0.10964866727590561,0.6225031614303589,0.08084314316511154,0.2472798079252243,0.05932149291038513,0.10648109763860703,1.1147738695144653,0.0014427014393731952,0.037466417998075485,0.05186448618769646,0.09927166253328323,0.05850478634238243,0.04595893621444702,0.018145473673939705,0.045986760407686234,0.10858260840177536,0.1269931048154831,0.04283016175031662,0.06836520880460739,0.08833702653646469,0.14088422060012817,0.07173112779855728,0.05095329135656357,0.09478119015693665,0.03974597901105881,0.15341997146606445,1.0987886190414429,0.5119545459747314,0.02837848663330078,0.04141845554113388,0.13594307005405426,0.07812650501728058,0.0744628757238388,0.054818253964185715,0.13284450769424438,0.36806875467300415,0.051003556698560715,1.1710925102233887,0.09147245436906815,0.10104995965957642,0.06049269065260887,0.05046571418642998,0.036408718675374985,0.08005712926387787,0.06983552128076553,0.07273192703723907,0.1283802092075348,0.11335641145706177,0.11711911112070084,0.011303726583719254,0.10356710851192474,0.05586611479520798,0.07841630280017853,0.26627835631370544,0.08163699507713318,0.0761004164814949,0.0662725642323494,0.04516633599996567,0.12102223932743073,0.9854027628898621,0.1278904676437378,0.02611968107521534,0.02622736059129238,0.052881304174661636,0.1862751692533493,0.7682065367698669,0.1074938178062439,0.11014381796121597,0.5874442458152771,0.1310715526342392,0.08666727691888809,0.10994332283735275,0.20752732455730438,0.13902075588703156,0.09502872824668884,0.09480923414230347,0.43060433864593506,0.10204683244228363
1,0.5726039409637451,0.4742675721645355,0.6207937002182007,0.4411589801311493,0.5844197273254395,0.6120257377624512,0.4394214153289795,0.6504116654396057,0.49968114495277405,0.5017759799957275,0.5836014151573181,0.33419254422187805,0.6274953484535217,0.5550510287284851,0.44758033752441406,0.48874855041503906,0.29923316836357117,0.5919966697692871,0.468458890914917,0.5842278003692627,0.5779227018356323,0.6316666007041931,0.41299501061439514,0.32898202538490295,0.5773730278015137,0.563910186290741,0.548791229724884,0.5750459432601929,0.5568192005157471,0.5856105089187622,0.2722645699977875,0.5673732757568359,0.5285648107528687,0.5489469170570374,0.4228527247905731,0.4709685742855072,0.5751352906227112,0.5538921356201172,0.5901181697845459,0.5270913243293762,0.6077897548675537,0.5991697311401367,0.5534039735794067,0.38067370653152466,0.4155576229095459,0.46312928199768066,0.6206774711608887,0.6271365284919739,0.5127253532409668,0.3899434506893158,0.6629207730293274,0.6128008961677551,0.6528436541557312,0.5355506539344788,0.58539217710495,0.3041355013847351,0.4361744821071625,0.1768689900636673,0.2864112854003906,0.5473901629447937,0.5566983222961426,0.3639521896839142,0.3353238105773926,0.5147772431373596,0.4765982925891876,0.5654615759849548,0.5545492172241211,0.41330236196517944,0.5884495377540588,0.6452237367630005,0.49026185274124146,0.3852786421775818,0.41677334904670715,0.5156586766242981,0.39393356442451477,0.5412232875823975,0.4069571793079376,0.4957641661167145,0.3860245943069458,0.5577622652053833,0.5273997783660889,0.417386531829834,0.35647857189178467,0.46326756477355957,0.6304574012756348,0.2515149414539337,0.41764184832572937,0.41942763328552246,0.5464819669723511,0.5774902701377869,0.5484558343887329,0.5575157403945923,0.5753218531608582,0.2734428942203522,0.6073976159095764,0.40709447860717773,0.5019041299819946,0.5239763855934143,0.5785817503929138,0.4753625988960266,0.5998895764350891,0.5280184149742126,0.5116215348243713,0.5291134119033813,0.5436795353889465,0.5136286616325378,0.3488111197948456,0.5524839758872986,0.6194122433662415,0.4012391269207001,0.5781863927841187,0.48778557777404785,0.4835823178291321,0.43685299158096313,0.4545867443084717,0.6778655052185059,0.5544188022613525,0.4650031626224518,0.4674692451953888,0.6060765385627747,0.5576052069664001,0.5598962903022766,0.5611169934272766,0.5145679116249084,0.6053848266601562,0.5391840934753418,0.5843842625617981,0.5424463152885437
1,0.6062790155410767,0.01925366371870041,0.07664313912391663,0.497824102640152,0.617730438709259,0.6297410726547241,0.6141493320465088,0.6577447652816772,0.014672299847006798,0.02994980849325657,0.6214583516120911,0.0,0.6629635095596313,0.6564461588859558,0.4643213152885437,0.508014440536499,0.0,0.6304722428321838,0.016612032428383827,0.5719987154006958,0.6451479196548462,0.6932414770126343,0.02716260775923729,0.02411307767033577,0.6081064343452454,0.6114306449890137,0.5835320353507996,0.6645874977111816,0.586593747138977,0.6238998174667358,0.0,0.6197168827056885,0.6060109734535217,0.5714021325111389,0.5887486338615417,0.017212193459272385,0.6038225889205933,0.03068765439093113,0.6737374067306519,0.6072619557380676,0.6444541811943054,0.6302176713943481,0.6226949095726013,0.009773219004273415,0.6202269196510315,0.025218600407242775,0.6346192955970764,0.6948348879814148,0.5185868144035339,0.011562662199139595,0.6832983493804932,0.7767934203147888,0.6810352206230164,0.6425827741622925,0.6062259674072266,0.03878060355782509,0.7176046371459961,0.0,0.019445238634943962,0.582880973815918,0.6137858033180237,0.032192785292863846,0.015522670932114124,0.5437264442443848,0.5372314453125,0.6391052603721619,0.5679759979248047,0.007844050414860249,0.6294832825660706,0.6616281867027283,0.045235659927129745,0.024568112567067146,0.015528574585914612,0.5903295278549194,0.015076860785484314,0.05604862421751022,0.6690465211868286,0.6717780828475952,0.0013281911378726363,0.6002516746520996,0.04275947064161301,0.02328210324048996,0.02586532197892666,0.5182528495788574,0.6663492321968079,0.35538268089294434,0.48024600744247437,0.6920037269592285,0.027368685230612755,0.6027655601501465,0.5895059704780579,0.5824295282363892,0.6015496253967285,0.04749399051070213,0.6083940267562866,0.029932985082268715,0.5625969171524048,0.529350757598877,0.018210284411907196,0.4938502311706543,0.6311744451522827,0.559617817401886,0.01910085417330265,0.5892947912216187,0.5854606628417969,0.01366459857672453,0.021196192130446434,0.5903721451759338,0.6550910472869873,0.6702440977096558,0.6054646372795105,0.5262104272842407,0.5261974334716797,0.013357318937778473,0.052607905119657516,0.8846184015274048,0.031125139445066452,0.0320945680141449,0.6822066307067871,0.6493046879768372,0.6362212300300598,0.0373578779399395,0.7298821210861206,0.03440525755286217,0.641694188117981,0.6081701517105103,0.7267767786979675,0.03779901564121246
0,0.0,1.2103962898254395,1.5771925449371338,0.0,0.0,0.0,0.16969452798366547,0.0,1.490373969078064,1.353773832321167,0.0,1.157442331314087,0.0029179202392697334,0.0,0.0,0.0,0.9274081587791443,0.0,1.4460477828979492,0.0,0.0,0.0052494630217552185,1.2331486940383911,0.9365090131759644,0.0,0.0,0.0,0.0,0.0,0.0,0.8615705370903015,0.0,0.0,0.0,0.2324441373348236,1.3098559379577637,0.0,1.4887754917144775,0.0,0.01293554063886404,0.0,0.010083851404488087,0.0,1.198591709136963,0.3374648690223694,1.2741879224777222,0.0,0.0,0.0,1.18798828125,0.0,0.2438441812992096,0.0,0.05833596736192703,0.0,0.9886407256126404,0.5465748310089111,0.6644476652145386,0.8194516897201538,0.0,0.0,1.0121088027954102,1.0097358226776123,0.0,0.0,0.0,0.004709837958216667,1.1635783910751343,0.0,0.0,1.3754009008407593,1.1325759887695312,1.2474706172943115,0.000573337369132787,1.3663336038589478,1.4039705991744995,0.4997604191303253,0.21786674857139587,1.1990238428115845,0.0,1.451217770576477,1.237112045288086,1.0370255708694458,0.0,0.0017096234951168299,0.14366452395915985,0.0,0.5645415186882019,1.5223172903060913,0.0,0.0,0.0,0.0,0.7582907676696777,0.0,1.1931134462356567,0.05276511609554291,0.0,1.5869696140289307,0.0,0.0,0.0,1.4317420721054077,0.1046515554189682,0.0,1.4205005168914795,0.9771711230278015,0.0,0.0,0.470220148563385,0.008450884371995926,0.0,0.0,1.3461472988128662,1.3550434112548828,0.37173691391944885,1.5777842998504639,1.272355318069458,0.2889137268066406,0.0008333842270076275,0.0,1.4897550344467163,0.02672063373029232,1.4827502965927124,0.0,0.0,0.13570815324783325,1.5007593631744385
0,0.16203269362449646,0.45457521080970764,0.07179079949855804,0.11289499700069427,0.20314326882362366,0.18553726375102997,0.24890224635601044,0.23299327492713928,0.016511335968971252,0.23427537083625793,0.15978394448757172,0.6257602572441101,0.19306905567646027,0.14323298633098602,0.090624138712883,0.14893721044063568,0.8680869340896606,0.16601122915744781,0.041255027055740356,0.20360517501831055,0.16596731543540955,0.15631785988807678,0.7883611917495728,0.8841137886047363,0.13904115557670593,0.15149715542793274,0.13946357369422913,0.12904506921768188,0.15711160004138947,0.18437710404396057,0.8283982276916504,0.12088878452777863,0.10422153770923615,0.12298685312271118,0.25738680362701416,0.3740307092666626,0.16666635870933533,0.0,0.1511332392692566,0.13867253065109253,0.15735796093940735,0.2509804368019104,0.10813939571380615,0.5191922187805176,0.4287245273590088,0.3452201187610626,0.19504448771476746,0.18530915677547455,0.1477278172969818,0.6774225831031799,0.2458086758852005,0.2422679364681244,0.21621401607990265,0.2298201024532318,0.21232664585113525,0.29379981756210327,0.4978978633880615,1.0584204196929932,1.0136966705322266,0.1518915444612503,0.1312585175037384,0.6111337542533875,0.5720849633216858,0.11937101185321808,0.15561336278915405,0.1612790822982788,0.16934292018413544,0.6957204937934875,0.17064407467842102,0.20602598786354065,0.2901289761066437,0.6775707006454468,0.6201578378677368,0.11413054168224335,0.3489212393760681,0.12375038862228394,0.3544924259185791,0.24351823329925537,0.5816735029220581,0.14044883847236633,0.0221326295286417,0.462210476398468,0.6948673725128174,0.07476086914539337,0.2759737968444824,0.23113131523132324,0.10190842300653458,0.3858822286128998,0.35830971598625183,0.16228750348091125,0.1608763337135315,0.1486131101846695,0.297359824180603,0.6236670017242432,0.18790914118289948,0.5172242522239685,0.11512575298547745,0.200032040476799,0.0,0.12313274294137955,0.17862001061439514,0.1525026261806488,0.13160014152526855,0.2791288197040558,0.15950964391231537,0.11344786733388901,0.5412746667861938,0.15717647969722748,0.16406041383743286,0.32611531019210815,0.20552639663219452,0.10251190513372421,0.10743783414363861,0.39567631483078003,0.3782448172569275,0.4359579086303711,0.17947539687156677,0.6031900644302368,0.2663336396217346,0.1850355714559555,0.18224459886550903,0.0,0.17061254382133484,0.02593046985566616,0.23269891738891602,0.15139533579349518,0.24188050627708435,0.02584891952574253
1,0.3437064588069916,0.3645772635936737,0.04744892194867134,0.26261386275291443,0.38767537474632263,0.3938753008842468,0.3300589621067047,0.4365428686141968,0.007667048368602991,0.15548259019851685,0.35078245401382446,0.5345799922943115,0.41185513138771057,0.34070634841918945,0.22628574073314667,0.29704415798187256,0.6988223791122437,0.36133715510368347,0.028884705156087875,0.37687239050865173,0.3606792390346527,0.38995903730392456,0.6503487229347229,0.727421224117279,0.328661173582077,0.337980180978775,0.32497161626815796,0.345811128616333,0.32970207929611206,0.3676145374774933,0.713080883026123,0.3412441909313202,0.3386525511741638,0.32670414447784424,0.3800504505634308,0.3124390244483948,0.35146769881248474,0.0,0.3561474084854126,0.3443931043148041,0.3674553334712982,0.41254252195358276,0.3163309693336487,0.4521803557872772,0.39595144987106323,0.2806129455566406,0.38993650674819946,0.39523348212242126,0.30248165130615234,0.5642926692962646,0.438671350479126,0.451847642660141,0.42538782954216003,0.4199264347553253,0.3793381154537201,0.20098614692687988,0.45175883173942566,0.8785138130187988,0.8279656767845154,0.32833823561668396,0.3447641432285309,0.4869285821914673,0.47436338663101196,0.29205361008644104,0.2953757643699646,0.3619433343410492,0.36700308322906494,0.5815643072128296,0.36183062195777893,0.40449485182762146,0.20887139439582825,0.5884259343147278,0.5160596370697021,0.30198249220848083,0.2922614514827728,0.06793477386236191,0.36411958932876587,0.3694692552089691,0.5083039999008179,0.33122310042381287,0.0062053450383245945,0.3873656690120697,0.561139702796936,0.2523253560066223,0.4473681151866913,0.198688343167305,0.25696250796318054,0.3752773702144623,0.2814745604991913,0.36826154589653015,0.3407134413719177,0.32908961176872253,0.4829445779323578,0.46840646862983704,0.3684745132923126,0.41754746437072754,0.2749996781349182,0.36770281195640564,0.0,0.2693197429180145,0.38456305861473083,0.3349025547504425,0.11687729507684708,0.4141314625740051,0.3390345275402069,0.1068459302186966,0.4130017161369324,0.35085365176200867,0.38249635696411133,0.3590034246444702,0.3987039625644684,0.26993241906166077,0.28450146317481995,0.3392432928085327,0.2681698799133301,0.6098951101303101,0.15234744548797607,0.5003984570503235,0.3968522250652313,0.39804086089134216,0.3712814748287201,0.0,0.38559359312057495,0.012468871660530567,0.41363489627838135,0.34016454219818115,0.41481295228004456,0.011732915416359901
1,0.8101426959037781,0.05162324383854866,0.3661000728607178,0.6139543652534485,0.7998256683349609,0.7710347771644592,0.40701016783714294,0.8613587617874146,0.08687248826026917,0.12600871920585632,0.8157787919044495,0.012800204567611217,0.7803401350975037,0.8809293508529663,0.7080159187316895,0.7073700428009033,0.0008266138029284775,0.8715232014656067,0.06688264012336731,0.704639196395874,0.8154886960983276,0.7937225699424744,0.07878284901380539,0.07501071691513062,0.8356077671051025,0.7666929960250854,0.7699369192123413,0.8048381209373474,0.8159000277519226,0.8195387721061707,0.0010363556211814284,0.7192899584770203,0.6807443499565125,0.7054377198219299,0.36994418501853943,0.07202830910682678,0.798586905002594,0.16427914798259735,0.8707000613212585,0.5994755625724792,0.826849102973938,0.8453599214553833,0.7773701548576355,0.034677159041166306,0.3763817846775055,0.06364931911230087,0.8654451966285706,0.9293151497840881,0.7339513301849365,0.04206109046936035,0.8581218719482422,0.5858020782470703,0.8556944131851196,0.628036618232727,0.7777164578437805,0.12549515068531036,0.4059484004974365,0.0,0.04567044973373413,0.7710394859313965,0.6756879687309265,0.10927191376686096,0.05371186509728432,0.73981112241745,0.6957983374595642,0.7466570138931274,0.6744977831840515,0.03223223239183426,0.7828250527381897,0.864487886428833,0.2189212143421173,0.11898811161518097,0.04714125022292137,0.8130150437355042,0.025531915947794914,0.29998376965522766,0.2835778295993805,0.49962306022644043,0.011926503852009773,0.7644756436347961,0.2104167491197586,0.08627616614103317,0.08874581009149551,0.6725516319274902,0.8718075752258301,0.17163120210170746,0.5385423898696899,0.3737579584121704,0.12352628260850906,0.7096160054206848,0.7463024258613586,0.7761061787605286,0.8248116374015808,0.06940896809101105,0.8804824948310852,0.11309772729873657,0.699954092502594,0.6350617408752441,0.13738301396369934,0.682623565196991,0.8121142387390137,0.7028139233589172,0.08949105441570282,0.514295756816864,0.7845850586891174,0.09503430128097534,0.07190676033496857,0.7053939700126648,0.818488597869873,0.2763005197048187,0.6697667837142944,0.6721163988113403,0.6533210277557373,0.05548833683133125,0.33042025566101074,0.6659333109855652,0.15077969431877136,0.16825687885284424,0.4330989420413971,0.7654862999916077,0.7438413500785828,0.20524859428405762,0.8275214433670044,0.2062271535396576,0.8394083976745605,0.7675052881240845,0.7690590023994446,0.20472849905490875
0,0.0756593570113182,0.8725554347038269,1.36514413356781,0.008059852756559849,0.10215027630329132,0.06694821268320084,0.14847370982170105,0.10502804070711136,1.0482898950576782,1.0439375638961792,0.07571552693843842,0.6697253584861755,0.08027707040309906,0.11095792800188065,0.0446777418255806,0.0529257170855999,0.5732972025871277,0.07439129799604416,0.9959476590156555,0.05957603082060814,0.07803856581449509,0.09693282842636108,0.8270807862281799,0.6495359539985657,0.07809837907552719,0.048886142671108246,0.07924328744411469,0.03889603167772293,0.06737629324197769,0.08877609670162201,0.4846265912055969,0.03108176589012146,0.02449065074324608,0.008192211389541626,0.22916816174983978,0.9407849907875061,0.03607400134205818,1.151925802230835,0.1007174700498581,0.04668396711349487,0.09233032166957855,0.13483642041683197,0.026510654017329216,0.7550843358039856,0.3458258807659149,0.9305601119995117,0.10721458494663239,0.13289478421211243,0.05145340412855148,0.7848545908927917,0.11342352628707886,0.25462737679481506,0.08548588305711746,0.11416377127170563,0.07606037706136703,0.6505537629127502,0.4652557969093323,0.32646170258522034,0.564289391040802,0.05671656131744385,0.044164080172777176,0.7310885190963745,0.6616455912590027,0.034893427044153214,0.03825686126947403,0.07276678085327148,0.0967903733253479,0.8039994835853577,0.05726880580186844,0.10639623552560806,1.0765752792358398,0.7988041043281555,0.8293136954307556,0.1139388307929039,0.7849162220954895,1.1858028173446655,0.41797876358032227,0.21512727439403534,0.7525649070739746,0.06621898710727692,1.1832540035247803,0.8766518831253052,0.7544403672218323,0.029737338423728943,0.14964307844638824,0.15801343321800232,0.007697078865021467,0.48492005467414856,1.1286890506744385,0.06856217235326767,0.06013640761375427,0.06456159055233002,0.06556529551744461,0.5423316955566406,0.1111297756433487,0.8455901741981506,0.06580770760774612,0.05428691580891609,1.2895967960357666,0.035569388419389725,0.0838402584195137,0.03244869038462639,1.0821285247802734,0.1555997133255005,0.0802636593580246,1.1063061952590942,0.7273829579353333,0.023604193702340126,0.10046438872814178,0.42008253931999207,0.08863785117864609,0.034612707793712616,0.009139152243733406,0.8966827988624573,1.0747253894805908,0.3779435455799103,1.162859559059143,0.9809850454330444,0.2681396007537842,0.0982593521475792,0.039812054485082626,1.224647879600525,0.14454181492328644,1.1159331798553467,0.10047314316034317,0.09545736014842987,0.21542182564735413,1.1367560625076294
0,0.0,0.24174602329730988,0.135380819439888,0.0,0.017142007127404213,0.0037711141631007195,0.21319949626922607,0.0,0.1811063140630722,0.2538989186286926,0.0,0.33489885926246643,0.0,0.0,0.0,0.034539733082056046,0.2882704734802246,0.0,0.1702294796705246,0.0,0.0,0.0,0.3722856938838959,0.3597564399242401,0.0,0.001631360501050949,0.006554411258548498,0.0,0.0,0.0,0.2689608037471771,0.0,0.0,0.0,0.3727264702320099,0.2784886360168457,0.0,0.1512209177017212,0.0,0.0,0.0,0.011032643727958202,0.0,0.2743978500366211,0.49505147337913513,0.19864130020141602,0.0,0.0,0.02669374644756317,0.38718223571777344,0.0,0.39027872681617737,0.0,0.04255073890089989,0.0,0.4833463430404663,0.7017766833305359,0.32044491171836853,0.4656328856945038,0.0,0.0,0.3446418344974518,0.3848198354244232,0.0,0.0022373353131115437,0.0,0.043947216123342514,0.17687731981277466,0.0,0.0,0.30049481987953186,0.32227686047554016,0.2913196086883545,0.0,0.3569830656051636,0.17612969875335693,0.8802440166473389,0.319778710603714,0.25445449352264404,0.0,0.22696258127689362,0.32893988490104675,0.29845336079597473,0.0,0.0,0.2082800716161728,0.025207212194800377,0.9454386234283447,0.2864603102207184,0.0,0.0,0.0,0.0,0.2135940045118332,0.0,0.31830981373786926,0.07327599078416824,0.09144701808691025,0.07655579596757889,0.0,0.015535596758127213,0.0,0.11330682784318924,0.13438040018081665,0.0,0.03189431503415108,0.3884085714817047,0.020268768072128296,0.022991081699728966,0.6582788228988647,0.0,0.0,0.0,0.34424662590026855,0.3949752151966095,0.4284982979297638,0.17639760673046112,0.27343717217445374,0.30460885167121887,0.04581247642636299,0.0,0.07534229755401611,0.0,0.16273705661296844,0.0,0.0,0.259475976228714,0.18942822515964508
0,0.0,0.3767860531806946,0.33445578813552856,0.027454128488898277,0.0,0.0,0.37606003880500793,0.0,0.4662039875984192,0.4958304762840271,0.0,0.4795020520687103,0.0,0.0,0.0,0.0,0.46354416012763977,0.0,0.5205956697463989,0.0,0.0,0.0,0.46563026309013367,0.43937018513679504,0.0,0.03313712775707245,0.0,0.0,0.0,0.0,0.36866992712020874,0.0,0.0,0.0024408004246652126,0.36658400297164917,0.41098782420158386,0.0,0.3567461371421814,0.0,0.0,0.0,0.0,0.0,0.42495399713516235,0.7343904972076416,0.4534083604812622,0.0,0.0,0.0,0.4574233293533325,0.0,0.3910228908061981,0.0,0.001146554364822805,0.0,0.45893019437789917,1.0299904346466064,0.39343002438545227,0.36180922389030457,0.0,0.0,0.3815078139305115,0.3590245544910431,0.0,0.007331222295761108,0.0,0.0,0.37928247451782227,0.0,0.0,0.4717668294906616,0.41813787817955017,0.4539722800254822,0.0,0.47062498331069946,0.35473501682281494,1.3957785367965698,0.39958399534225464,0.48856276273727417,0.0,0.3554564118385315,0.47487691044807434,0.46848779916763306,0.02791556343436241,0.0,0.3414829969406128,0.0,1.2817940711975098,0.46997401118278503,0.0,0.0,0.0,0.0,0.4071351885795593,0.0,0.4140288531780243,0.26710912585258484,0.0,0.46308594942092896,0.0,0.0,0.0,0.42633116245269775,0.12010746449232101,0.0,0.34291088581085205,0.4876531958580017,0.0,0.0,1.1228536367416382,0.0,0.0,0.0,0.47744160890579224,0.44332367181777954,0.28756552934646606,0.42515265941619873,0.4247676432132721,0.3814161717891693,0.0,0.0,0.3307024836540222,0.0,0.3719187378883362,0.0,0.0,0.14296919107437134,0.4025508761405945
1,0.4170524477958679,0.31581971049308777,0.09805648773908615,0.4371028244495392,0.5997602939605713,0.5762841105461121,0.09209524840116501,0.2786047160625458,0.19101041555404663,0.26424574851989746,0.10184349119663239,0.3742178976535797,0.0,0.0,0.08612781763076782,0.31434327363967896,0.38452577590942383,0.30003622174263,0.1914464235305786,0.149910107254982,0.1869560033082962,0.012042327784001827,0.4768213927745819,0.48172587156295776,0.19729623198509216,0.4690941274166107,0.45146578550338745,0.21037480235099792,0.09278489649295807,0.36518412828445435,0.3583660125732422,0.31360340118408203,0.19000457227230072,0.1965988427400589,0.1957850307226181,0.2962643802165985,0.1890646517276764,0.13183462619781494,0.37529683113098145,0.0,0.07424068450927734,0.30671772360801697,0.04506237059831619,0.3115308880805969,0.43839675188064575,0.24270054697990417,0.15276560187339783,0.1261499673128128,0.4344826638698578,0.46403050422668457,0.05940783768892288,0.2220931053161621,0.10752386599779129,0.015691349282860756,0.14171423017978668,0.5599505305290222,0.28732943534851074,0.455913245677948,0.5442437529563904,0.18239842355251312,0.2716596722602844,0.44081926345825195,0.4392308294773102,0.08717644214630127,0.36551225185394287,0.13706910610198975,0.27060720324516296,0.22178418934345245,0.33012595772743225,0.017314543947577477,0.32059213519096375,0.3645305633544922,0.34114739298820496,0.0,0.38226908445358276,0.19647300243377686,0.43528375029563904,0.16858462989330292,0.3110389709472656,0.3169732987880707,0.2368767112493515,0.3432127833366394,0.3519226908683777,0.15826070308685303,0.0,0.1085115298628807,0.46943584084510803,0.9456886053085327,0.3123506009578705,0.0537990927696228,0.09371638298034668,0.4060721695423126,0.038247060030698776,0.26364463567733765,0.31362560391426086,0.31694474816322327,0.09188215434551239,0.08463488519191742,0.07660792022943497,0.36876416206359863,0.4609709084033966,0.261879563331604,0.1464540958404541,0.060363203287124634,0.29306384921073914,0.04029756039381027,0.4276069402694702,0.4360898733139038,0.5496335029602051,0.26816269755363464,0.008276763372123241,0.06506713479757309,0.19622096419334412,0.36598891019821167,0.3509480953216553,0.15390731394290924,0.2188873142004013,0.30961301922798157,0.14010128378868103,0.5572095513343811,0.008512236177921295,0.08286664634943008,0.0,0.13847731053829193,0.19638971984386444,0.19733645021915436,0.4225541949272156,0.19980119168758392
1,1.757042407989502,0.0,0.0,1.586804986000061,1.6105552911758423,1.7019836902618408,0.8561382293701172,1.7690309286117554,0.0,0.0,1.7697560787200928,0.0,1.6311284303665161,1.5651627779006958,1.5555895566940308,1.5053764581680298,0.0,1.8072396516799927,0.0,1.4666270017623901,1.7178196907043457,1.6249146461486816,0.0,0.0,1.8280997276306152,1.738865613937378,1.6532511711120605,1.905434489250183,1.7090649604797363,1.6902791261672974,0.0,1.799043893814087,1.7600065469741821,1.81662118434906,0.33626309037208557,0.0,1.8614435195922852,0.0,1.7618077993392944,1.3547744750976562,1.7327558994293213,1.550774097442627,1.8500574827194214,0.0,0.16697494685649872,0.0,1.690722107887268,1.7927284240722656,1.6406140327453613,0.0,1.7432142496109009,1.000994324684143,1.8158800601959229,0.9875013828277588,1.6540868282318115,0.0,0.19777004420757294,0.0,0.0,1.7477378845214844,1.555567979812622,0.0,0.0,1.7342480421066284,1.5762213468551636,1.604095458984375,1.2992475032806396,0.0,1.7787655591964722,1.763371229171753,0.0,0.0,0.0,1.587619662284851,0.0,0.0,0.17609363794326782,0.84429931640625,0.0,1.739692211151123,0.0,0.0,0.0,1.5661637783050537,1.520440936088562,0.38728365302085876,1.4384948015213013,0.20847207307815552,0.0,1.5078256130218506,1.630128026008606,1.6860295534133911,1.7401833534240723,0.008494457229971886,1.7693536281585693,0.0,1.5769762992858887,1.5229566097259521,0.0,1.6007952690124512,1.7544753551483154,1.6814590692520142,0.0,0.821513295173645,1.5806825160980225,0.0,0.0,1.7957879304885864,1.750030279159546,0.18390275537967682,1.2557626962661743,1.6116094589233398,1.645079255104065,0.0,0.0,0.6779817938804626,0.0,0.0,0.7006301879882812,1.5579339265823364,1.6525477170944214,0.0,1.4913986921310425,0.0,1.6701676845550537,1.6383620500564575,1.2368507385253906,0.0
1,0.0,0.2167961746454239,0.09484615921974182,0.0,0.0,0.0,0.5522632598876953,0.0,0.06584852933883667,0.12172779440879822,0.0,0.1710086613893509,0.0,0.0,0.002937708282843232,0.0,0.4137306213378906,0.0,0.06324457377195358,0.0,0.0,0.0,0.18487823009490967,0.3719486892223358,0.0,0.01761838234961033,0.0,0.0,0.0,0.0,0.3653648793697357,0.0,0.0,0.0,0.2517137825489044,0.08135778456926346,0.0,0.06512283533811569,0.0,0.0,0.0,0.0,0.0,0.24101485311985016,0.7192173004150391,0.09941823035478592,0.0,0.0,0.0,0.26184162497520447,0.0,0.2305188924074173,0.0,0.02334931679069996,0.0,0.1794278472661972,1.028157353401184,0.5100840926170349,0.4640064537525177,0.0,0.0,0.060785602778196335,0.17158178985118866,0.0,0.0023776672314852476,0.0,0.0,0.3866764008998871,0.0,0.0,0.10438082367181778,0.2469068318605423,0.1578393131494522,0.0,0.043709415942430496,0.07747987657785416,1.146100401878357,0.2052815705537796,0.1365979164838791,0.0,0.06597407907247543,0.10815028101205826,0.23845775425434113,0.016390396282076836,0.0,0.6884963512420654,0.0,1.0036753416061401,0.14707699418067932,0.0,0.0,0.0,0.0,0.21802301704883575,0.0,0.2569459080696106,0.19192640483379364,0.00451755290850997,0.06997328251600266,0.0,0.0,0.0,0.030215879902243614,0.06432464718818665,0.0,0.0022701749112457037,0.27247557044029236,0.0,0.0,0.6433162689208984,0.0,0.0,0.0,0.08486068248748779,0.1378733515739441,0.1765947788953781,0.03942970931529999,0.06664273887872696,0.19536332786083221,0.0,0.0,0.049973711371421814,0.0,0.07955353707075119,0.0,0.0,0.0606384240090847,0.08453991264104843
1,0.5852870941162109,0.4344545304775238,0.603516697883606,0.4788500964641571,0.5787947177886963,0.6182677149772644,0.49317196011543274,0.6372625827789307,0.4780687391757965,0.4724009335041046,0.6111637949943542,0.317335844039917,0.6431854367256165,0.6210001707077026,0.4675694704055786,0.5061846375465393,0.27215468883514404,0.6146666407585144,0.4476713538169861,0.5931506156921387,0.601847767829895,0.655461311340332,0.39106929302215576,0.3043876588344574,0.6049291491508484,0.5925444960594177,0.5845748782157898,0.6262888312339783,0.5748410224914551,0.624426543712616,0.2454451322555542,0.6061129570007324,0.570382297039032,0.5429517030715942,0.4377938508987427,0.44032496213912964,0.5668701529502869,0.5246421098709106,0.6262449026107788,0.5875234007835388,0.6332621574401855,0.6161408424377441,0.6063730120658875,0.35947954654693604,0.34185323119163513,0.440605103969574,0.6293975114822388,0.657052218914032,0.5169699192047119,0.36681848764419556,0.6672431826591492,0.6059035062789917,0.6570726037025452,0.5531992316246033,0.5883604884147644,0.29980024695396423,0.432342529296875,0.16134603321552277,0.2692185640335083,0.5579237937927246,0.5868132710456848,0.3511054515838623,0.319213330745697,0.5472522377967834,0.5124728083610535,0.606838047504425,0.5935274958610535,0.38495707511901855,0.6004616022109985,0.6489188075065613,0.47560909390449524,0.3640805184841156,0.3903818726539612,0.601981520652771,0.3530992865562439,0.5257568955421448,0.41064396500587463,0.5202696919441223,0.36014631390571594,0.5842270851135254,0.5219785571098328,0.4032405614852905,0.3369455337524414,0.523139476776123,0.6567195653915405,0.2587617039680481,0.48800355195999146,0.41753894090652466,0.5147207975387573,0.6230552792549133,0.5763945579528809,0.5801661610603333,0.6068373322486877,0.2654707431793213,0.6209068894386292,0.3922504186630249,0.523789644241333,0.5274481773376465,0.5487192869186401,0.49518871307373047,0.6225094795227051,0.5739412307739258,0.4833568036556244,0.5291579961776733,0.5822427272796631,0.4947924315929413,0.3235931992530823,0.5816101431846619,0.6291419267654419,0.4140576422214508,0.5621992349624634,0.5492491722106934,0.5270453691482544,0.420564204454422,0.45721980929374695,0.6678285598754883,0.5266450643539429,0.4411817193031311,0.4634816646575928,0.6053760647773743,0.5814724564552307,0.5353701114654541,0.6414665579795837,0.49775779247283936,0.609147846698761,0.5682724714279175,0.5943177342414856,0.5134081244468689
1,0.9082725644111633,0.0,0.0,0.7893049716949463,0.8783983588218689,0.9188821911811829,0.7012268304824829,0.965593159198761,0.0,0.0,0.9288162589073181,0.0,0.9422390460968018,0.8971359133720398,0.7226597666740417,0.7550796270370483,0.0,0.9306180477142334,0.0,0.8290876150131226,0.9303615093231201,0.9638168811798096,0.0,0.0,0.9327489733695984,0.9121636748313904,0.8641625046730042,1.0046168565750122,0.8685447573661804,0.923088014125824,0.0,0.9538487792015076,0.9214902520179749,0.9101895689964294,0.5295388698577881,0.0,0.9236561059951782,0.0,0.9659364819526672,0.841892421245575,0.9436063170433044,0.8853971362113953,0.959231972694397,0.0,0.511239767074585,0.0,0.9146013259887695,0.9772657155990601,0.8049816489219666,0.0,0.9880769848823547,0.886055052280426,1.0040315389633179,0.7530855536460876,0.8896562457084656,0.0,0.5835473537445068,0.0,0.0,0.8878822326660156,0.8836625814437866,0.0,0.0,0.8404613733291626,0.8132984638214111,0.9051075577735901,0.7822738885879517,0.0,0.9417919516563416,0.9645836353302002,0.0,0.0,0.0,0.8426988124847412,0.0,0.0,0.5648233294487,0.7319438457489014,0.0,0.9138202667236328,0.0,0.0,0.0,0.8062434792518616,0.8989183902740479,0.38806769251823425,0.7399938106536865,0.5973958969116211,0.0,0.8772798180580139,0.8625668883323669,0.8740188479423523,0.9083309769630432,0.020659295842051506,0.9181643128395081,0.0,0.8064904808998108,0.8317922949790955,0.0,0.7681329250335693,0.9214708209037781,0.8607313632965088,0.0,0.6745411157608032,0.8457879424095154,0.0,0.0,0.9272211194038391,0.9587366580963135,0.5565899610519409,0.7967046499252319,0.8216223120689392,0.8309926390647888,0.0,0.0,0.855696439743042,0.0,0.0,0.7178715467453003,0.8933666348457336,0.9142908453941345,0.0,0.9369487166404724,0.0,0.9244583249092102,0.8878986835479736,0.8614146709442139,0.0
1,0.03118918649852276,0.1290617287158966,0.5288459062576294,0.052602656185626984,0.07424446940422058,0.06053691357374191,0.2461085021495819,0.038112614303827286,0.20573502779006958,0.23385852575302124,0.018470708280801773,0.07374775409698486,0.014279494062066078,0.018373601138591766,0.005467750132083893,0.006323550827801228,0.018936511129140854,0.03926362097263336,0.19387467205524445,0.0012343310518190265,0.04838602989912033,0.04640519991517067,0.1799468696117401,0.1197662353515625,0.04376213997602463,0.05810585618019104,0.04327618330717087,0.023480519652366638,0.02291962504386902,0.03273782506585121,0.027899576351046562,0.030929237604141235,0.020189069211483,0.01411486230790615,0.4248073399066925,0.15955165028572083,0.022584687918424606,0.2736942172050476,0.060106270015239716,0.0,0.04208076000213623,0.08455853164196014,0.022465327754616737,0.13774794340133667,0.7869420647621155,0.15962925553321838,0.0476885661482811,0.03393954411149025,0.036229707300662994,0.1379273533821106,0.05149666965007782,0.4491582214832306,0.023314058780670166,0.12866245210170746,0.021374497562646866,0.2588457763195038,0.9167100787162781,0.0,0.09042593091726303,0.03586892783641815,0.053852468729019165,0.14486685395240784,0.1225363239645958,0.0,0.02617516554892063,0.02473173663020134,0.03910259157419205,0.105200856924057,0.03192164748907089,0.03260289877653122,0.3443424105644226,0.21127167344093323,0.14519302546977997,0.023997195065021515,0.10253039002418518,0.3871869444847107,0.871305525302887,0.37875261902809143,0.07402462512254715,0.027937892824411392,0.34467244148254395,0.21450726687908173,0.1838541030883789,0.03400434926152229,0.05908174812793732,0.2454122006893158,0.01725679449737072,1.104841709136963,0.2512369155883789,0.017339274287223816,0.013599480502307415,0.027453791350126266,0.006570497527718544,0.15136869251728058,0.04441964626312256,0.21593910455703735,0.0921613946557045,0.06510598957538605,0.3158378303050995,0.0067068180069327354,0.05480154603719711,0.012570766732096672,0.20198026299476624,0.1390441656112671,0.03775804489850998,0.20937016606330872,0.19337806105613708,0.017612414434552193,0.07241617143154144,0.7505877017974854,0.022530224174261093,0.0,0.006863666698336601,0.14177682995796204,0.4626840353012085,0.5465718507766724,0.2816365361213684,0.2956048846244812,0.4067833423614502,0.06053350120782852,0.04106927663087845,0.3165581524372101,0.07267025113105774,0.3365266025066376,0.0162289347499609,0.03237921744585037,0.3488180637359619,0.2985425591468811
0,0.0,0.4942305386066437,0.0,0.0,0.0,0.0,0.2675628960132599,0.0,0.14397338032722473,0.3449762463569641,0.0,0.6666830778121948,0.0,0.0,0.0,0.0,0.8798301219940186,0.0,0.06274008005857468,0.0,0.0,0.0,0.760241687297821,0.9559415578842163,0.0,0.0,0.0,0.0,0.0,0.0,0.7613072991371155,0.0,0.0,0.0,0.1716599315404892,0.40800631046295166,0.0,0.00698115536943078,0.0,0.0,0.0,0.0,0.0,0.4732626974582672,0.43696165084838867,0.36095473170280457,0.0,0.0,0.0,0.6797874569892883,0.0,0.19530898332595825,0.0,0.002160757314413786,0.0,0.5847442746162415,0.7796396613121033,1.1330007314682007,1.0850129127502441,0.0,0.0,0.714682400226593,0.605910062789917,0.0,0.0,0.0,0.0,0.6611362099647522,0.0,0.0,0.3915500342845917,0.5642351508140564,0.6469166278839111,0.0,0.4328281283378601,0.15667805075645447,0.5968019366264343,0.19541922211647034,0.5799055695533752,0.0,0.10646943747997284,0.4945281147956848,0.7705042362213135,0.0,0.0,0.3717597723007202,0.0,0.6119040250778198,0.3885480761528015,0.0,0.0,0.0,0.03422347456216812,0.6732839941978455,0.0,0.575690507888794,0.06311414390802383,0.0823754072189331,0.0,0.0,0.0,0.0,0.14595741033554077,0.07588096708059311,0.0,0.08725562691688538,0.6829807162284851,0.0,0.0,0.5324753522872925,0.0,0.0,0.0,0.44431859254837036,0.437282919883728,0.2075178623199463,0.26353904604911804,0.6106908321380615,0.19923944771289825,0.0,0.0,0.0,0.0,0.01974799484014511,0.0,0.0,0.0796663761138916,0.10524071007966995
1,0.9826512336730957,0.3402040898799896,0.5926670432090759,0.8186918497085571,0.9287216067314148,0.9544996023178101,0.5360696911811829,1.010805606842041,0.38019081950187683,0.39751294255256653,0.99657142162323,0.23004260659217834,0.9410540461540222,0.9368149042129517,0.8520376682281494,0.8337491154670715,0.18738393485546112,1.0161458253860474,0.35570746660232544,0.8480729460716248,0.9806612133979797,0.9455035924911499,0.3232336640357971,0.2519562244415283,1.022641658782959,0.9687652587890625,0.9268394708633423,1.0431318283081055,0.9573253393173218,0.9728540182113647,0.17697879672050476,0.9731652736663818,0.9266208410263062,0.958508312702179,0.28291043639183044,0.34836697578430176,1.0140248537063599,0.4463476240634918,1.0204366445541382,0.7793769240379333,0.9908052682876587,0.9578015804290771,1.0073593854904175,0.2814253866672516,0.2270410805940628,0.3554757535457611,0.9814453125,1.0516555309295654,0.8966860771179199,0.28237196803092957,1.027872920036316,0.6521011590957642,1.0412746667861938,0.6404566764831543,0.9379124641418457,0.2630150318145752,0.2614278197288513,0.11318346858024597,0.20913642644882202,0.9695467948913574,0.8617693781852722,0.31333521008491516,0.2591274380683899,0.9379172921180725,0.8821297287940979,0.9173972010612488,0.7668325304985046,0.2877872884273529,0.9908974766731262,1.031309962272644,0.4424436390399933,0.32078665494918823,0.30880576372146606,0.9199168086051941,0.25983577966690063,0.5122745037078857,0.20624342560768127,0.5614285469055176,0.26324376463890076,0.9734805822372437,0.4807596206665039,0.33727511763572693,0.2876441478729248,0.85938560962677,0.9595797061920166,0.24002154171466827,0.7621801495552063,0.2470693737268448,0.4279416501522064,0.8612971305847168,0.9212292432785034,0.9371216893196106,0.9761456251144409,0.23267397284507751,1.0267189741134644,0.33657798171043396,0.8702661991119385,0.8554261922836304,0.4508861005306244,0.8779329061508179,0.9763897061347961,0.9064846634864807,0.3945465385913849,0.5565029382705688,0.9091883897781372,0.41004982590675354,0.25529345870018005,0.9764374494552612,0.9862957000732422,0.21610350906848907,0.7513496279716492,0.8748834729194641,0.8736783862113953,0.33581626415252686,0.4628841280937195,0.5966699719429016,0.4567663073539734,0.4008514881134033,0.47344550490379333,0.8876650333404541,0.9438117742538452,0.47832363843917847,0.9100764989852905,0.44178256392478943,0.9507918953895569,0.912434458732605,0.7865613102912903,0.4653337001800537
1,0.5367960929870605,0.2509065866470337,0.37810471653938293,0.5684038996696472,0.6365980505943298,0.6224759817123413,0.4014531373977661,0.5895334482192993,0.27927133440971375,0.27736225724220276,0.5194637775421143,0.18039889633655548,0.5083485841751099,0.5134277939796448,0.43287554383277893,0.4459240734577179,0.15215130150318146,0.6162235736846924,0.25844505429267883,0.4183245003223419,0.5908660292625427,0.5551562309265137,0.23311784863471985,0.17566530406475067,0.5924116969108582,0.620657742023468,0.5599815845489502,0.6324365735054016,0.5320419669151306,0.5415947437286377,0.14347587525844574,0.6043354272842407,0.5816276669502258,0.5585762858390808,0.40972694754600525,0.2533775866031647,0.590957760810852,0.3022646903991699,0.5984270572662354,0.3972945809364319,0.5652057528495789,0.507186770439148,0.567170262336731,0.20710010826587677,0.575402557849884,0.25610625743865967,0.5338639616966248,0.6000791192054749,0.5082502961158752,0.20561230182647705,0.5689491629600525,0.6903719305992126,0.59696364402771,0.387714147567749,0.48281392455101013,0.1754773110151291,0.6854708790779114,0.0897904708981514,0.15346390008926392,0.5332764983177185,0.5163867473602295,0.21402034163475037,0.19139263033866882,0.47606727480888367,0.5325247049331665,0.5526405572891235,0.4216129183769226,0.21503154933452606,0.5753576755523682,0.5276508331298828,0.28913021087646484,0.22303451597690582,0.2288874089717865,0.4790296256542206,0.19052615761756897,0.32945337891578674,0.7336246371269226,0.5771557092666626,0.20844614505767822,0.5350014567375183,0.3181396424770355,0.24105563759803772,0.20196545124053955,0.4721739888191223,0.4767187535762787,0.3442516326904297,0.49816077947616577,0.8837287425994873,0.3078159689903259,0.4426296651363373,0.4971938729286194,0.5154701471328735,0.48503997921943665,0.18833282589912415,0.5657100677490234,0.2314571887254715,0.5332289338111877,0.4586135447025299,0.31572434306144714,0.4684373140335083,0.603785514831543,0.48567208647727966,0.2851371467113495,0.36722105741500854,0.513693630695343,0.2971782982349396,0.17893490195274353,0.5655372142791748,0.6562644243240356,0.6295097470283508,0.4319624602794647,0.42022034525871277,0.4788283109664917,0.25325915217399597,0.29055312275886536,0.5593414902687073,0.3140799105167389,0.26924192905426025,0.4881867468357086,0.5967192649841309,0.595923662185669,0.31666404008865356,0.5651484131813049,0.30121710896492004,0.5169416666030884,0.5152914524078369,0.6410914063453674,0.3218505084514618
1,1.008678674697876,0.02648739702999592,0.14274092018604279,0.8190214037895203,0.979664146900177,1.0083787441253662,0.5867766737937927,1.0876009464263916,0.028811408206820488,0.05463706701993942,1.0380064249038696,0.0052461340092122555,1.0459522008895874,1.0521461963653564,0.8374215364456177,0.8555653095245361,0.0,1.0486291646957397,0.024329833686351776,0.9279678463935852,1.020863652229309,1.0300371646881104,0.028871173039078712,0.037821732461452484,1.0476964712142944,1.0106899738311768,0.9694651365280151,1.0679839849472046,0.9813444018363953,1.035434603691101,0.00019931454153265804,1.0169923305511475,0.9715830087661743,0.9602934122085571,0.46299031376838684,0.026150356978178024,0.9992011189460754,0.07011901587247849,1.0687150955200195,0.8604815602302551,1.064368724822998,1.0210421085357666,1.0387687683105469,0.01478710025548935,0.33203810453414917,0.03217393159866333,1.0585427284240723,1.114778995513916,0.8937470316886902,0.016373150050640106,1.0964574813842773,0.7645840644836426,1.1096774339675903,0.7898101806640625,0.9783685803413391,0.031755734235048294,0.3378732204437256,0.0,0.016431940719485283,0.9774163961410522,0.9259147644042969,0.05524604395031929,0.019662203267216682,0.9276871681213379,0.8863768577575684,0.9762170910835266,0.8911905884742737,0.013985743746161461,1.0346547365188599,1.0892363786697388,0.08974772691726685,0.04960136488080025,0.019020717591047287,0.9689122438430786,0.009338303469121456,0.1257202923297882,0.27230337262153625,0.6109495759010315,0.00645009009167552,1.001572608947754,0.09318764507770538,0.03177972510457039,0.035124391317367554,0.8817530274391174,1.0583312511444092,0.29978060722351074,0.7787496447563171,0.3171464204788208,0.05228109285235405,0.9744289517402649,0.9515668153762817,0.98297119140625,1.0370937585830688,0.04300306737422943,1.0765472650527954,0.04710894078016281,0.8512598276138306,0.9407099485397339,0.05154547095298767,0.8480120301246643,1.029955267906189,0.9484013915061951,0.036481961607933044,0.6744332313537598,0.9694368243217468,0.04174765944480896,0.02263280190527439,0.9919307231903076,1.0596038103103638,0.2859410345554352,0.8857961893081665,0.8958553671836853,0.8871477842330933,0.019762670621275902,0.1263895481824875,0.7652570605278015,0.06862883269786835,0.07113643735647202,0.5390070080757141,0.9711617827415466,0.9651630520820618,0.09310515224933624,1.024239182472229,0.07395216077566147,1.0281143188476562,0.9673141837120056,0.8684113025665283,0.08507543802261353
1,0.0,0.10656014829874039,0.0,0.0,0.0,0.0,0.5790046453475952,0.0,0.0,0.07340891659259796,0.0,0.1644957810640335,0.0,0.0,0.000731828564312309,0.0,0.3097793161869049,0.0,0.0,0.0,0.0,0.0,0.1836048811674118,0.27006256580352783,0.0,0.0,0.0,0.0,0.0,0.0,0.22677788138389587,0.0,0.0,0.0,0.3931151032447815,0.06291820108890533,0.0,0.0,0.0,0.0038148299790918827,0.0,0.0,0.0,0.09523098170757294,0.8595723509788513,0.0715174749493599,0.0,0.0,0.0,0.1864749789237976,0.0,0.48789021372795105,0.0,0.004961676429957151,0.0,0.10810407996177673,1.3988295793533325,0.3864485025405884,0.3683953285217285,0.0,0.0,0.15013612806797028,0.15845145285129547,0.0,0.0,0.0,0.0,0.20113709568977356,0.0,0.0,0.05808484926819801,0.1447228491306305,0.16180147230625153,0.0,0.059364236891269684,0.00738137261942029,1.3997483253479004,0.4761418104171753,0.13721869885921478,0.0,0.0,0.1042349711060524,0.2331913411617279,0.007233553100377321,0.0,0.7322292923927307,0.0,1.3208270072937012,0.07799827307462692,0.0,0.0,0.0,0.0,0.3202633559703827,0.0,0.16578064858913422,0.2245645523071289,0.0,0.0,0.0,0.0,0.0,0.0,0.1632019579410553,0.0,0.0031624645926058292,0.19352196156978607,0.0,0.0,1.2208728790283203,0.0,0.0,0.0,0.04493033513426781,0.07125171273946762,0.5128755569458008,0.0,0.16594593226909637,0.5387824773788452,0.0,0.0,0.0,0.0,0.0,0.0,0.0,0.20341451466083527,0.007711939513683319
0,0.0,1.0401420593261719,1.2565737962722778,0.0,0.0,0.0,0.2519225478172302,0.0,1.2090439796447754,1.1288681030273438,0.0,0.8873307704925537,0.0,0.0,0.0,0.0,0.7587059140205383,0.0,1.13535737991333,0.0,0.0037696687504649162,0.008815302513539791,0.9567742943763733,0.7334689497947693,0.0,0.0,0.0,0.0,0.0,0.0,0.6665377020835876,0.0,0.0,0.0,0.36029931902885437,1.049831748008728,0.0,1.229259967803955,0.0,0.03162157163023949,0.0,0.0,0.0,0.9661367535591125,0.4468929171562195,1.0788912773132324,0.0,0.0,0.0,0.9236282110214233,0.0,0.3390333950519562,0.0,0.08077608793973923,0.0,0.7634245157241821,0.7552579641342163,0.4888868033885956,0.6229072213172913,0.0,0.0,0.7769953012466431,0.7703515887260437,0.0,0.0,0.0,0.0,0.9587562084197998,0.0,0.0,1.074735164642334,0.8639549612998962,1.0090991258621216,0.0,1.0141600370407104,1.1294810771942139,0.7497349381446838,0.345077782869339,0.9711570739746094,0.0,1.1517322063446045,0.9646875262260437,0.8285415768623352,0.0,0.0,0.2376384288072586,0.0,0.772691547870636,1.216893196105957,0.0,0.0,0.0,0.0,0.6036333441734314,0.0,0.965999186038971,0.08713468164205551,0.0,1.357062816619873,0.0,0.0,0.0,1.201599359512329,0.1554328352212906,0.0,1.1598917245864868,0.7851568460464478,0.0,0.0,0.7098586559295654,0.0,0.0,0.0,1.0543917417526245,1.006942868232727,0.5174752473831177,1.2449239492416382,0.9975645542144775,0.4046185612678528,0.0,0.0,1.243293285369873,0.031836722046136856,1.223341941833496,0.0,0.0,0.17726241052150726,1.227021336555481
0,0.026104895398020744,0.24133114516735077,0.18158090114593506,0.06767147034406662,0.07594253867864609,0.08070122450590134,0.19789831340312958,0.010813918896019459,0.19803215563297272,0.255323201417923,0.0,0.2957947552204132,0.0,0.0,0.0,0.04924270883202553,0.2673904299736023,0.02203288860619068,0.16976219415664673,0.003561812685802579,0.008123363368213177,0.0028284750878810883,0.35954034328460693,0.3513396084308624,0.0,0.060361698269844055,0.050930220633745193,0.0,0.005644914228469133,0.01851179637014866,0.24364274740219116,0.016492152586579323,0.0,0.009212368167936802,0.3662797212600708,0.26230186223983765,0.0,0.16879962384700775,0.03658672794699669,0.004487801808863878,0.0,0.03348488733172417,0.0,0.27421966195106506,0.5050171613693237,0.21549443900585175,0.0,0.0,0.05369391664862633,0.37000343203544617,0.0,0.32503068447113037,0.0,0.0681539997458458,0.0,0.47846707701683044,0.6136186122894287,0.29794177412986755,0.41321563720703125,0.0,0.01364370808005333,0.32819005846977234,0.37089821696281433,0.0,0.03345369175076485,0.003866171231493354,0.06302695721387863,0.16368229687213898,0.010939743369817734,0.0,0.31213855743408203,0.31264540553092957,0.29138100147247314,0.0,0.33869293332099915,0.22011776268482208,0.7990458607673645,0.304483026266098,0.23530001938343048,0.012828431092202663,0.26797157526016235,0.31595730781555176,0.2982270419597626,0.006298201158642769,0.0,0.21236920356750488,0.07698642462491989,0.935889720916748,0.29151812195777893,0.0,0.0,0.03772818669676781,0.0,0.2257937788963318,0.0,0.3207583427429199,0.08506514877080917,0.08387359231710434,0.1102151945233345,0.022210218012332916,0.07189065963029861,0.0,0.11998066306114197,0.10805216431617737,0.01708776131272316,0.032511156052351,0.37453803420066833,0.05074380338191986,0.07532423734664917,0.5484992265701294,0.0,0.0,0.0001518443168606609,0.31894931197166443,0.4085244834423065,0.333261638879776,0.1704496592283249,0.27236783504486084,0.2682156264781952,0.08065646141767502,0.0,0.09923819452524185,0.015649959444999695,0.21559666097164154,0.0006289298180490732,0.003983172122389078,0.24217982590198517,0.21595531702041626
1,0.710519015789032,0.042941704392433167,0.19164161384105682,0.5340967178344727,0.735480546951294,0.7331842184066772,0.4881957769393921,0.8107319474220276,0.044709041714668274,0.07904858887195587,0.744986355304718,0.006645100191235542,0.792385995388031,0.8184136748313904,0.5328665971755981,0.5907698273658752,0.0,0.7510066628456116,0.03081778809428215,0.6925352215766907,0.739389955997467,0.7769389748573303,0.04370890557765961,0.05478450283408165,0.7266212105751038,0.714540421962738,0.6987450122833252,0.7452558279037476,0.6924183368682861,0.7569844126701355,0.0002524650772102177,0.70856773853302,0.6855467557907104,0.6264889240264893,0.5346545577049255,0.03904768452048302,0.6622019410133362,0.09695269167423248,0.7947558164596558,0.6273118853569031,0.780403733253479,0.790400505065918,0.706104576587677,0.018730325624346733,0.4297388195991516,0.05018913000822067,0.7889977097511292,0.8425887227058411,0.5935690402984619,0.020739318802952766,0.8237301111221313,0.68022620677948,0.814436137676239,0.6973155736923218,0.7068945169448853,0.04557322710752487,0.4348319470882416,0.0,0.02329198084771633,0.6610167026519775,0.6706949472427368,0.07749196141958237,0.029314951971173286,0.6018772125244141,0.6077215671539307,0.7343603372573853,0.70878666639328,0.017715275287628174,0.7355718016624451,0.8035718202590942,0.12449978291988373,0.07058475911617279,0.024092912673950195,0.7225224375724792,0.011828521266579628,0.1707690805196762,0.3471745550632477,0.5394698977470398,0.008170113898813725,0.6930498480796814,0.12828782200813293,0.04899724945425987,0.05281778797507286,0.595486044883728,0.8448585271835327,0.26042062044143677,0.5373731255531311,0.40232232213020325,0.07055976241827011,0.746805727481842,0.669788122177124,0.6891309022903442,0.7269179224967957,0.06185752525925636,0.7964676022529602,0.06916899979114532,0.5665251016616821,0.6809056997299194,0.07594501227140427,0.5417563915252686,0.7517930865287781,0.6554811000823975,0.05433575436472893,0.5940859913825989,0.7096809148788452,0.06437982618808746,0.02866821363568306,0.6718419790267944,0.7854161858558655,0.36468321084976196,0.7226185202598572,0.5979477167129517,0.5880939960479736,0.028377952054142952,0.1668233871459961,0.7924008965492249,0.09645969420671463,0.09943363070487976,0.4954599440097809,0.757534384727478,0.6840489506721497,0.12639477849006653,0.8344822525978088,0.10238240659236908,0.7668001055717468,0.7153149843215942,0.7575604319572449,0.11286131292581558
1,0.5566242337226868,0.24744252860546112,0.37449193000793457,0.5862410068511963,0.6293273568153381,0.6242243647575378,0.4332253336906433,0.6020957827568054,0.2748240530490875,0.27349019050598145,0.5397392511367798,0.17626775801181793,0.5242874622344971,0.5117177367210388,0.4797166883945465,0.4662773609161377,0.14985117316246033,0.632695198059082,0.25313103199005127,0.43578171730041504,0.6015926599502563,0.5654649138450623,0.22916732728481293,0.17432084679603577,0.603665292263031,0.618078887462616,0.5631453990936279,0.6481404900550842,0.5468457937240601,0.5527486205101013,0.14042222499847412,0.6145836114883423,0.5758347511291504,0.5924036502838135,0.3893090784549713,0.24841812252998352,0.6144007444381714,0.2970767617225647,0.6040040850639343,0.41411879658699036,0.5640859007835388,0.5118973255157471,0.585110068321228,0.20214231312274933,0.5839787125587463,0.2519298493862152,0.5524642467498779,0.6187262535095215,0.5336869955062866,0.20230811834335327,0.5756677389144897,0.6998938918113708,0.6021357178688049,0.38559481501579285,0.5043308138847351,0.17017003893852234,0.708753764629364,0.08840568363666534,0.15170139074325562,0.5549821257591248,0.5239253044128418,0.2126389741897583,0.18700960278511047,0.5126166343688965,0.5487248301506042,0.5537217855453491,0.4259507656097412,0.2100447118282318,0.5910848379135132,0.5508906245231628,0.2857132852077484,0.2188841998577118,0.22522254288196564,0.49979540705680847,0.1838250309228897,0.3246251940727234,0.7875576019287109,0.5973924398422241,0.20427446067333221,0.5504001379013062,0.31126299500465393,0.23748688399791718,0.19913196563720703,0.4968510568141937,0.48556414246559143,0.3519364297389984,0.5096256732940674,0.9282569885253906,0.3032887279987335,0.45137912034988403,0.5115509033203125,0.5279092192649841,0.513261079788208,0.18647386133670807,0.5683884620666504,0.22799687087535858,0.5790309906005859,0.45553845167160034,0.308445543050766,0.49763843417167664,0.610673189163208,0.5040429830551147,0.28031161427497864,0.37524592876434326,0.5237089991569519,0.2908024489879608,0.17435714602470398,0.578661322593689,0.6491157412528992,0.673065721988678,0.4227929711341858,0.4468268156051636,0.5040892958641052,0.2498624473810196,0.28889673948287964,0.5411557555198669,0.308851957321167,0.2641628682613373,0.5152540802955627,0.5836217999458313,0.6172232627868652,0.31018295884132385,0.5457854270935059,0.29524052143096924,0.5361076593399048,0.5252108573913574,0.6284997463226318,0.31697896122932434
1,0.6911943554878235,0.3247782588005066,0.424767404794693,0.5652221441268921,0.6989270448684692,0.6999025940895081,0.43228277564048767,0.756644070148468,0.3569996654987335,0.36387187242507935,0.7163215279579163,0.2879112958908081,0.7240190505981445,0.7064155340194702,0.5392464995384216,0.5810257196426392,0.2356937676668167,0.7179385423660278,0.3370925784111023,0.632301926612854,0.7039238214492798,0.7129012942314148,0.4016287922859192,0.32466140389442444,0.7087224721908569,0.6977067589759827,0.665644109249115,0.7401503324508667,0.6705366373062134,0.7348429560661316,0.23595114052295685,0.7037839293479919,0.6767562031745911,0.6487584114074707,0.38901758193969727,0.33375945687294006,0.6880611777305603,0.35206034779548645,0.7408614754676819,0.6009198427200317,0.7338459491729736,0.7411774396896362,0.7137408256530762,0.3152349889278412,0.30788612365722656,0.33089393377304077,0.7277892827987671,0.7881512641906738,0.6078163385391235,0.33470532298088074,0.7877324819564819,0.5807269215583801,0.7686783075332642,0.5868604779243469,0.665573000907898,0.30767399072647095,0.3076701760292053,0.21050703525543213,0.26464223861694336,0.6593039035797119,0.6444985270500183,0.36691412329673767,0.29356423020362854,0.6189969778060913,0.6190022826194763,0.6845060586929321,0.634573221206665,0.2573022246360779,0.703323245048523,0.7524674534797668,0.41014519333839417,0.345624178647995,0.35378891229629517,0.6653504371643066,0.383178174495697,0.43448606133461,0.25868818163871765,0.47086301445961,0.27935081720352173,0.6763573884963989,0.43175798654556274,0.3483521342277527,0.32996320724487305,0.5968729257583618,0.7808204889297485,0.2277803122997284,0.5410523414611816,0.3012891113758087,0.4191882610321045,0.6709796190261841,0.6504778861999512,0.661199688911438,0.6918889284133911,0.2760494351387024,0.7367938160896301,0.35060349106788635,0.5725590586662292,0.6758518218994141,0.3056354224681854,0.5629194378852844,0.7137511372566223,0.6437861323356628,0.3584815561771393,0.5098605751991272,0.6604677438735962,0.3143582344055176,0.2854321300983429,0.6915169358253479,0.7445764541625977,0.2716440260410309,0.6376617550849915,0.6035887002944946,0.6081541180610657,0.37652871012687683,0.46670642495155334,0.6554707288742065,0.4361688494682312,0.376993328332901,0.4359963834285736,0.6729879379272461,0.6802701354026794,0.3439010679721832,0.7701253294944763,0.37576431035995483,0.7156891226768494,0.6670947074890137,0.6753600835800171,0.36780136823654175
1,0.9243465662002563,0.5857585668563843,0.8478602766990662,0.7836031913757324,0.8745057582855225,0.8984153866767883,0.47862550616264343,0.9338507652282715,0.6502070426940918,0.6439629197120667,0.9300578832626343,0.42563027143478394,0.8637076616287231,0.8378903865814209,0.8060696721076965,0.7914793491363525,0.3618917167186737,0.9611343145370483,0.6061649918556213,0.7783748507499695,0.9223994612693787,0.8723000288009644,0.538112998008728,0.4125628173351288,0.9579738974571228,0.9036796689033508,0.8682919144630432,0.9942039251327515,0.8994907140731812,0.899731457233429,0.3361520767211914,0.9128528237342834,0.8782698512077332,0.9126662611961365,0.21853050589561462,0.5945780277252197,0.9765892624855042,0.7103697061538696,0.9541187286376953,0.7139631509780884,0.9143430590629578,0.8532891273498535,0.9519981741905212,0.48357951641082764,0.17336051166057587,0.5981443524360657,0.8974897265434265,0.9745932817459106,0.8491401672363281,0.48799777030944824,0.9439213871955872,0.6076219081878662,0.9687505960464478,0.5429688096046448,0.8704575300216675,0.40824466943740845,0.23714768886566162,0.21414649486541748,0.3602180480957031,0.9151365160942078,0.8114342093467712,0.49137476086616516,0.43863505125045776,0.89271479845047,0.8396030068397522,0.8645533919334412,0.6918989419937134,0.5126757621765137,0.9270837306976318,0.9549235701560974,0.6649836897850037,0.5078815221786499,0.5308747291564941,0.8408462405204773,0.4602324962615967,0.7428025603294373,0.1980283111333847,0.5364341139793396,0.48780661821365356,0.9115181565284729,0.7226248979568481,0.5546156764030457,0.4660937190055847,0.806412398815155,0.8446882367134094,0.22399212419986725,0.7298530340194702,0.2400437891483307,0.7076185345649719,0.7767584323883057,0.8704251646995544,0.8694714903831482,0.9021240472793579,0.3632197976112366,0.9501579999923706,0.5352151989936829,0.8251594305038452,0.7595200538635254,0.7396870255470276,0.8383224606513977,0.9188174605369568,0.8507406711578369,0.6606026887893677,0.49814051389694214,0.8495301008224487,0.6809443831443787,0.42673617601394653,0.9318973422050476,0.9235700368881226,0.20784065127372742,0.6747140288352966,0.8217868804931641,0.8331539034843445,0.5822811126708984,0.6516147255897522,0.4960278570652008,0.723918080329895,0.6136616468429565,0.4434250593185425,0.8250148892402649,0.8978618383407593,0.728352427482605,0.831292450428009,0.6893079876899719,0.8769272565841675,0.846656858921051,0.7304022312164307,0.7219763994216919
1,0.6787857413291931,0.28045445680618286,0.42472684383392334,0.6027201414108276,0.7037367224693298,0.6968835592269897,0.4965018033981323,0.7117842435836792,0.31222328543663025,0.31021934747695923,0.6801042556762695,0.19999493658542633,0.6726918816566467,0.6574742794036865,0.5577091574668884,0.5777959227561951,0.170058012008667,0.7258765697479248,0.2873125374317169,0.5709295868873596,0.7218325138092041,0.7049086689949036,0.2598470449447632,0.19784045219421387,0.7105535864830017,0.6838251948356628,0.652454674243927,0.7589592337608337,0.6613072752952576,0.6720098257064819,0.15933404862880707,0.7055078148841858,0.6973124146461487,0.6763026714324951,0.41174766421318054,0.281901091337204,0.7193370461463928,0.3372809588909149,0.7387988567352295,0.5701609253883362,0.7032831907272339,0.6585109233856201,0.7239096164703369,0.22917231917381287,0.4663987457752228,0.28584492206573486,0.6875940561294556,0.7627494931221008,0.6045892834663391,0.2296317219734192,0.7262868285179138,0.7313612103462219,0.7375926971435547,0.5390183925628662,0.6426878571510315,0.19245296716690063,0.5668044686317444,0.10048983246088028,0.17218442261219025,0.6717725992202759,0.6494746804237366,0.24140691757202148,0.21198059618473053,0.6267377138137817,0.6323328614234924,0.6905844807624817,0.5425487756729126,0.23812875151634216,0.7015402317047119,0.7050050497055054,0.32422351837158203,0.24827998876571655,0.2557174861431122,0.6325880289077759,0.20817376673221588,0.3684355914592743,0.5255836248397827,0.5947644114494324,0.2316848635673523,0.6661824584007263,0.35286882519721985,0.2693791091442108,0.2258910983800888,0.5952579975128174,0.64646315574646,0.33373668789863586,0.5519957542419434,0.609713077545166,0.3441534638404846,0.5986572504043579,0.6522262096405029,0.6392098069190979,0.6481775045394897,0.19469670951366425,0.7024959325790405,0.25876790285110474,0.6167301535606384,0.5994412899017334,0.34988805651664734,0.5803506374359131,0.7007378935813904,0.6199824213981628,0.318149596452713,0.4874563217163086,0.6326025128364563,0.32992005348205566,0.1974123865365982,0.6815616488456726,0.7311830520629883,0.5241916179656982,0.5630468130111694,0.5747774839401245,0.6145658493041992,0.2836323380470276,0.32817330956459045,0.6930285692214966,0.35011130571365356,0.2996591329574585,0.5717777609825134,0.686509907245636,0.7156792283058167,0.3519394099712372,0.7186583280563354,0.33467748761177063,0.6701371073722839,0.6511530876159668,0.7281198501586914,0.35959088802337646
1,0.2920750379562378,0.0,0.0,0.2262910157442093,0.34948644042015076,0.3475358188152313,0.5531947612762451,0.34676095843315125,0.0,0.0,0.32313260436058044,0.0,0.4480637311935425,0.4282010793685913,0.1759636551141739,0.2508774697780609,0.0,0.3069091737270355,0.0,0.35409051179885864,0.346420556306839,0.4479113817214966,0.0,0.0,0.29555371403694153,0.32242482900619507,0.32466503977775574,0.3307790160179138,0.2957446873188019,0.34844735264778137,0.0,0.32903724908828735,0.3486841320991516,0.2513427436351776,0.7406459450721741,0.0,0.25080612301826477,0.0,0.3710978329181671,0.44728177785873413,0.3729425072669983,0.3711109161376953,0.3201545476913452,0.0,0.6928970217704773,0.0,0.36280739307403564,0.39943206310272217,0.23748233914375305,0.0,0.3954002261161804,0.7601479887962341,0.3702359199523926,0.5521314144134521,0.3114413917064667,0.0,0.8912266492843628,0.0,0.0,0.26792192459106445,0.375034362077713,0.0,0.0,0.23971755802631378,0.23165008425712585,0.4026870131492615,0.44209086894989014,0.0,0.3144405484199524,0.3332989513874054,0.0,0.0,0.0,0.36465755105018616,0.0,0.0,0.8793708682060242,0.6314688920974731,0.0,0.3048053979873657,0.0,0.0,0.0,0.25497856736183167,0.4304041862487793,0.40362757444381714,0.2684014141559601,0.8492075800895691,0.0,0.4277800917625427,0.32131779193878174,0.2946273982524872,0.30492377281188965,0.02724924124777317,0.32219257950782776,0.0,0.2824757993221283,0.3214961588382721,0.0,0.18991608917713165,0.35620829463005066,0.30141201615333557,0.0,0.5384054183959961,0.3378482460975647,0.0,0.0,0.29506716132164,0.38165101408958435,0.8776931762695312,0.44746673107147217,0.2712838053703308,0.2559192180633545,0.0,0.0,0.9534921646118164,0.0,0.0,0.6890170574188232,0.4462543725967407,0.318825900554657,0.0,0.5454950332641602,0.0,0.3557562530040741,0.335074782371521,0.5963727235794067,0.0
1,0.7677112817764282,0.022875474765896797,0.1232762560248375,0.6876459717750549,0.8082748651504517,0.8190429210662842,0.493716835975647,0.8478477001190186,0.024882573634386063,0.04718656465411186,0.775911271572113,0.004530752077698708,0.7761308550834656,0.8181310892105103,0.6230282187461853,0.6428024172782898,0.0,0.8397689461708069,0.02101212926208973,0.681387186050415,0.8105601668357849,0.79140305519104,0.024934196844697,0.0326642245054245,0.8154016137123108,0.8124861121177673,0.7718931436538696,0.8412404656410217,0.7582318782806396,0.7804691791534424,0.00017213528917636722,0.8151378631591797,0.7659585475921631,0.7444398403167725,0.48606598377227783,0.022584399208426476,0.7822969555854797,0.06055733188986778,0.8489492535591125,0.6110824942588806,0.8149410486221313,0.7712940573692322,0.7912971377372742,0.012770676985383034,0.48365142941474915,0.027786575257778168,0.8001236319541931,0.8460452556610107,0.6919991970062256,0.014140447601675987,0.8369064927101135,0.7455317974090576,0.8625625371932983,0.6070860624313354,0.7333627343177795,0.027425400912761688,0.5573810935020447,0.0,0.014191221445798874,0.7409802079200745,0.7325973510742188,0.047712501138448715,0.016980992630124092,0.6859855055809021,0.693418562412262,0.7540380358695984,0.6782158017158508,0.012078597210347652,0.803398072719574,0.8088028430938721,0.07750939577817917,0.042837537825107574,0.01642698235809803,0.7233455181121826,0.008064898662269115,0.10857661068439484,0.5328837633132935,0.6089191436767578,0.005570532288402319,0.7628448009490967,0.08048023283481598,0.02744612656533718,0.030334699898958206,0.6640435457229614,0.7840355038642883,0.33084115386009216,0.6300972104072571,0.626336932182312,0.04515184462070465,0.7233058214187622,0.7130939364433289,0.7436425685882568,0.7656530141830444,0.05068199336528778,0.8382705450057983,0.04068499431014061,0.6575533747673035,0.6956984996795654,0.04451654106378555,0.6385005116462708,0.8185722827911377,0.7132732272148132,0.03150714933872223,0.5303686261177063,0.7465184926986694,0.036054786294698715,0.01954651065170765,0.7608894109725952,0.8574900031089783,0.462900847196579,0.6730437278747559,0.6482425332069397,0.6643456816673279,0.017067760229110718,0.10915462672710419,0.7018827795982361,0.05927034839987755,0.061436012387275696,0.538732647895813,0.7843879461288452,0.7815880179405212,0.08040899783372879,0.7883962988853455,0.0638207271695137,0.7816290259361267,0.745617687702179,0.8009695410728455,0.07347424328327179
1,1.0657875537872314,0.5124696493148804,0.5926523804664612,0.9088119268417358,1.0156166553497314,1.0484648942947388,0.5598551034927368,1.0913549661636353,0.5465335249900818,0.5360866785049438,1.0885570049285889,0.394733726978302,1.040243148803711,1.0008149147033691,0.9308226704597473,0.9164884686470032,0.3570827543735504,1.1003326177597046,0.5152485370635986,0.9442859888076782,1.0629101991653442,1.034172534942627,0.447956919670105,0.3491215407848358,1.1034979820251465,1.0587453842163086,1.0129399299621582,1.1437867879867554,1.0396136045455933,1.0608471632003784,0.31096339225769043,1.065695881843567,1.0221588611602783,1.0610088109970093,0.31316468119621277,0.49790316820144653,1.1083823442459106,0.5679198503494263,1.1036558151245117,0.8598811626434326,1.0850201845169067,1.0022742748260498,1.1099672317504883,0.43250057101249695,0.23147732019424438,0.5083017945289612,1.064814805984497,1.1235085725784302,0.9796241521835327,0.4332079589366913,1.1181535720825195,0.69706130027771,1.1295568943023682,0.6902779340744019,1.0320147275924683,0.27924636006355286,0.2371143102645874,0.21462002396583557,0.296082466840744,1.057874083518982,0.9488306641578674,0.3758833408355713,0.34119102358818054,1.030740737915039,0.949958860874176,1.0033222436904907,0.8407804369926453,0.4597007632255554,1.090406060218811,1.1193164587020874,0.49330753087997437,0.39596787095069885,0.4634901285171509,0.9821639060974121,0.43886101245880127,0.5469691753387451,0.2069505751132965,0.6045714020729065,0.44874900579452515,1.0577582120895386,0.5272457003593445,0.44633087515830994,0.3756687045097351,0.9428153038024902,1.0034593343734741,0.2867125868797302,0.8386965394020081,0.24103128910064697,0.589359700679779,0.9519814848899841,1.0081837177276611,1.0293465852737427,1.0747543573379517,0.29104673862457275,1.0956448316574097,0.4397439658641815,0.9405553936958313,0.9366779327392578,0.6151120662689209,0.954708456993103,1.070022463798523,0.9963997602462769,0.5718163847923279,0.6057783961296082,0.9915035963058472,0.5559530854225159,0.3587949872016907,1.0782819986343384,1.0808334350585938,0.2173151969909668,0.8318363428115845,0.9648101329803467,0.9670214056968689,0.4896801710128784,0.46825867891311646,0.617424488067627,0.5921627879142761,0.4655446708202362,0.5045209527015686,0.9648922085762024,1.033159613609314,0.5844374895095825,0.9837040901184082,0.5400782227516174,1.039923071861267,1.0003091096878052,0.8365584015846252,0.5636401176452637
1,1.4522559642791748,0.0,0.00914422981441021,1.4617133140563965,1.7599382400512695,1.765708327293396,0.15034499764442444,1.0994303226470947,0.0,0.0,0.5662907958030701,0.0,0.0,0.0,0.6083969473838806,0.9251376986503601,0.0,1.0507514476776123,0.0,0.5495733022689819,0.6762506365776062,0.17023758590221405,0.0,0.0,0.9008430242538452,1.5833263397216797,1.5290718078613281,0.9235860705375671,0.5017048120498657,1.1543285846710205,0.0,1.154252529144287,0.8342822790145874,0.946147620677948,0.30538156628608704,0.0,0.8247259855270386,0.0,1.3089390993118286,0.0,0.4363810122013092,1.0890436172485352,0.28328466415405273,0.0,0.6772645711898804,0.0,0.5683057904243469,0.5924355387687683,1.390302300453186,0.0,0.3478354215621948,0.4082028269767761,0.586286187171936,0.0020851080771535635,0.5957711338996887,0.012064917013049126,0.4182794988155365,0.0,0.0,0.7389219999313354,1.0143619775772095,0.0,0.0,0.5612757802009583,1.175613522529602,0.5541689395904541,0.751816987991333,0.0,1.143265962600708,0.20932535827159882,0.0,0.0,0.0,0.16659128665924072,0.0,0.0,0.7992165088653564,0.21952447295188904,0.0,1.144810676574707,0.0,0.0,0.0,0.7031416296958923,0.0006181535427458584,0.16054660081863403,1.4433534145355225,1.992473840713501,0.0,0.17296870052814484,0.43813157081604004,1.3737516403198242,0.28999024629592896,0.03526141867041588,1.2265894412994385,0.0,0.7705760598182678,0.0,0.0,1.353713035583496,1.443333387374878,0.8971999883651733,0.0,0.07388665527105331,0.9784719347953796,0.0,0.023544568568468094,1.40896475315094,1.8270280361175537,0.40723538398742676,0.0004410013498272747,0.6079123020172119,0.7670638561248779,0.0,0.011068537831306458,0.14410965144634247,0.0,0.0,0.15077419579029083,1.627044677734375,0.11794853210449219,0.0,0.031183412298560143,0.0,0.6785839200019836,0.8474079966545105,1.0854178667068481,0.0
1,1.4011389017105103,0.0,0.004572112578898668,1.4075367450714111,1.6986888647079468,1.6805286407470703,0.17967292666435242,1.0698440074920654,0.0,0.0,0.5917131900787354,0.0,0.0,0.0,0.5806533098220825,0.9119164347648621,0.0,1.0352436304092407,0.0,0.5654283761978149,0.6837567090988159,0.18848326802253723,0.0,0.0,0.8714672923088074,1.5181227922439575,1.4636578559875488,0.9160270690917969,0.49887675046920776,1.1241315603256226,0.0,1.153440237045288,0.853192925453186,0.9196411371231079,0.3018622100353241,0.0,0.8080585598945618,0.0,1.2550725936889648,0.0,0.4425853192806244,1.0535314083099365,0.2881905734539032,0.0,0.6499479413032532,0.0,0.6158542037010193,0.6259005069732666,1.303549885749817,0.0,0.35763564705848694,0.4819636940956116,0.5991838574409485,0.009754206985235214,0.5980719327926636,0.0060324580408632755,0.5040390491485596,0.0,0.0,0.7075706720352173,1.0024102926254272,0.0,0.0,0.5365228652954102,1.1227200031280518,0.5685042142868042,0.7417653799057007,0.0,1.1373432874679565,0.24358442425727844,0.0,0.0,0.0,0.19065231084823608,0.0,0.0,0.8258794546127319,0.302084356546402,0.0,1.0922296047210693,0.0,0.0,0.0,0.665490448474884,0.0023120723199099302,0.19081924855709076,1.3748993873596191,1.9135719537734985,0.0,0.19841554760932922,0.43065181374549866,1.3139402866363525,0.3063216805458069,0.030878085643053055,1.187653660774231,0.0,0.6647931337356567,0.0,0.0,1.2806614637374878,1.3928649425506592,0.9071458578109741,0.0,0.08201919496059418,0.9549835324287415,0.0,0.011772291734814644,1.345967411994934,1.7484554052352905,0.48069944977760315,0.015186560340225697,0.5452863574028015,0.7606077194213867,0.0,0.005534270312637091,0.18927191197872162,0.0,0.0,0.19255872070789337,1.5527489185333252,0.13073626160621643,0.0,0.038458339869976044,0.0,0.6842290163040161,0.8228918313980103,1.0754516124725342,0.0
1,0.779636800289154,0.3591346740722656,0.6553356647491455,0.6482822299003601,0.7748606204986572,0.769905149936676,0.44076046347618103,0.8056275844573975,0.4067453145980835,0.41782259941101074,0.7830323576927185,0.23598696291446686,0.7395203709602356,0.7743441462516785,0.6764065027236938,0.6800394654273987,0.19664591550827026,0.8189642429351807,0.37224188446998596,0.6608802676200867,0.7941704988479614,0.762863039970398,0.3446582555770874,0.25988635420799255,0.8086419701576233,0.7686172723770142,0.7352907061576843,0.8272794485092163,0.7631099820137024,0.7677178978919983,0.18482756614685059,0.7472207546234131,0.7312699556350708,0.7381461262702942,0.3071615397930145,0.3664195239543915,0.812993049621582,0.4647549092769623,0.8304087519645691,0.6232829093933105,0.7936671376228333,0.7993199825286865,0.8087296485900879,0.29056844115257263,0.3259875774383545,0.3718656897544861,0.8062106966972351,0.8811535835266113,0.7044099569320679,0.2916814982891083,0.8395158052444458,0.5933771133422852,0.8193177580833435,0.5761289000511169,0.7481098771095276,0.27203378081321716,0.3410605490207672,0.11639002710580826,0.2182236909866333,0.7654038071632385,0.6912903785705566,0.3346477746963501,0.27768370509147644,0.7332152128219604,0.7129800915718079,0.7399057149887085,0.6129233241081238,0.29233792424201965,0.7728381156921387,0.820672869682312,0.4721298813819885,0.3447091281414032,0.32461684942245483,0.7442747354507446,0.25400736927986145,0.5598575472831726,0.2740289866924286,0.517301082611084,0.2752438485622406,0.7520005106925964,0.5104871392250061,0.3603403866291046,0.30605220794677734,0.689836323261261,0.8052718639373779,0.21727976202964783,0.5773848295211792,0.31711041927337646,0.453669935464859,0.6821408271789551,0.7372545599937439,0.7456236481666565,0.7673621773719788,0.2540646195411682,0.8385149240493774,0.3525939881801605,0.701593816280365,0.6609148979187012,0.4714164733886719,0.6746256351470947,0.7742171287536621,0.7052714824676514,0.4185699224472046,0.478358656167984,0.7314004898071289,0.44045183062553406,0.25477761030197144,0.7528306245803833,0.7962557673454285,0.2843770384788513,0.6210237145423889,0.6762405633926392,0.693348228931427,0.363483190536499,0.5139940977096558,0.5987715721130371,0.48181357979774475,0.427150160074234,0.4508589804172516,0.7229403853416443,0.7578466534614563,0.5007386207580566,0.7990399599075317,0.4730454087257385,0.760775089263916,0.727705180644989,0.7319257259368896,0.5095227956771851
1,0.2577889859676361,0.09906958788633347,0.3310526907444,0.1482536941766739,0.32640305161476135,0.2820563018321991,0.39061033725738525,0.34468328952789307,0.10174556821584702,0.1545265018939972,0.27276182174682617,0.02121438831090927,0.36705005168914795,0.43045613169670105,0.15211763978004456,0.21676351130008698,0.005107135511934757,0.2687492072582245,0.08612075448036194,0.2865120470523834,0.28714460134506226,0.3817763030529022,0.10168063640594482,0.10588332265615463,0.2536364495754242,0.25041720271110535,0.28490152955055237,0.24494920670986176,0.263875275850296,0.31403014063835144,0.009928924962878227,0.24065899848937988,0.24272841215133667,0.163132905960083,0.5816178321838379,0.09306225180625916,0.18447428941726685,0.1768098622560501,0.3481140434741974,0.29900887608528137,0.33591318130493164,0.3964709937572479,0.24078722298145294,0.04911740496754646,0.5960404276847839,0.112925685942173,0.35804247856140137,0.41327789425849915,0.17635707557201385,0.056954920291900635,0.3588060438632965,0.5662468671798706,0.3204818069934845,0.47766515612602234,0.2695629894733429,0.0907292440533638,0.6773251891136169,0.006738686468452215,0.058508168905973434,0.21537233889102936,0.27268460392951965,0.1340959221124649,0.07283509522676468,0.1666867882013321,0.1797986477613449,0.316116064786911,0.3937250077724457,0.04099324718117714,0.24818497896194458,0.32319676876068115,0.21150809526443481,0.1307164877653122,0.06751290708780289,0.36076125502586365,0.024808702990412712,0.2720681428909302,0.5893811583518982,0.4235436022281647,0.02348840981721878,0.2349521368741989,0.23105303943157196,0.11196023970842361,0.11025580018758774,0.2019750028848648,0.4712836742401123,0.2553200423717499,0.18308323621749878,0.5989820957183838,0.13863717019557953,0.35671308636665344,0.24916864931583405,0.25454264879226685,0.26144713163375854,0.11592207103967667,0.32143065333366394,0.13767488300800323,0.22128403186798096,0.24915893375873566,0.16210134327411652,0.14021864533424377,0.29882824420928955,0.22797437012195587,0.11812815815210342,0.4079505205154419,0.31255868077278137,0.13306522369384766,0.07052598148584366,0.1964864879846573,0.3394280970096588,0.5990825295448303,0.38023868203163147,0.19800062477588654,0.16687358915805817,0.07254787534475327,0.2545679807662964,0.7477505803108215,0.1813073605298996,0.17684702575206757,0.46020159125328064,0.39759325981140137,0.23271386325359344,0.21154363453388214,0.49312663078308105,0.17742985486984253,0.35912367701530457,0.3152371346950531,0.516272246837616,0.18398267030715942
1,0.8573026657104492,0.0,0.0,0.7226267457008362,0.8715547919273376,0.8871997594833374,0.6076319813728333,0.9187374114990234,0.0,0.0,0.8913475275039673,0.0,0.930759847164154,0.8792835474014282,0.6519656777381897,0.7032197713851929,0.0,0.8873763680458069,0.0,0.7900850772857666,0.889347493648529,0.9164905548095703,0.0,0.0,0.8875238299369812,0.8786821365356445,0.8378151059150696,0.955142080783844,0.8269424438476562,0.8891220688819885,0.0,0.9191263318061829,0.9011057019233704,0.8380967974662781,0.5603781938552856,0.0,0.8592941164970398,0.0,0.9370126724243164,0.7810097336769104,0.9277951717376709,0.8629947304725647,0.9226728081703186,0.0,0.5015419125556946,0.0,0.8864109516143799,0.9493892788887024,0.7461900115013123,0.0,0.9605712294578552,0.8509311079978943,0.9698352813720703,0.7565523386001587,0.8329744338989258,0.0,0.5322001576423645,0.0,0.0,0.8255832195281982,0.8395490646362305,0.0,0.0,0.7595586776733398,0.7654790878295898,0.8879614472389221,0.7704066634178162,0.0,0.8954668641090393,0.9226152300834656,0.0,0.0,0.0,0.8183925747871399,0.0,0.0,0.4703421890735626,0.6690060496330261,0.0,0.8499904870986938,0.0,0.0,0.0,0.7500684261322021,0.8817474246025085,0.3752913177013397,0.7110083103179932,0.5477983951568604,0.0,0.8584975600242615,0.8232823014259338,0.813718855381012,0.8528867363929749,0.021330535411834717,0.8970415592193604,0.0,0.7199017405509949,0.8213388323783875,0.0,0.6884863376617432,0.8985807299613953,0.8066667914390564,0.0,0.6580770611763,0.8235904574394226,0.0,0.0,0.8814404010772705,0.9479748010635376,0.4938981235027313,0.7939054369926453,0.7468211650848389,0.7607019543647766,0.0,0.0,0.877705991268158,0.0,0.0,0.649198055267334,0.8862704634666443,0.86783367395401,0.0,0.9494806528091431,9.41179387154989e-05,0.8771877884864807,0.8552863597869873,0.882381796836853,0.0
1,1.026650309562683,0.28067532181739807,0.4872451424598694,0.8592571020126343,0.9936750531196594,1.0017398595809937,0.5224875807762146,1.062039852142334,0.3122290074825287,0.32249850034713745,1.0329736471176147,0.19100351631641388,0.9795987606048584,1.001192569732666,0.8937411904335022,0.8901286721229553,0.16244661808013916,1.0698281526565552,0.2824564576148987,0.8821372389793396,1.025874137878418,0.9891158938407898,0.2601587474346161,0.20389947295188904,1.0602012872695923,1.0049806833267212,0.9657388925552368,1.0844591856002808,1.0087156295776367,1.006221890449524,0.1521800458431244,0.9925042986869812,0.9684153199195862,0.9851480722427368,0.32007092237472534,0.2824811637401581,1.0608237981796265,0.35698845982551575,1.069825530052185,0.8024913668632507,1.036804437637329,0.9882540702819824,1.0541647672653198,0.22058284282684326,0.26412466168403625,0.28665390610694885,1.0399621725082397,1.1194219589233398,0.9286274313926697,0.22442542016506195,1.0674347877502441,0.6829797625541687,1.076504111289978,0.6839818954467773,0.9795212149620056,0.1978885382413864,0.27593308687210083,0.096148282289505,0.1722034513950348,1.0041272640228271,0.8995608687400818,0.2563032805919647,0.21137718856334686,0.9679738879203796,0.9163729548454285,0.9578513503074646,0.8086547255516052,0.23039056360721588,1.0224788188934326,1.0658334493637085,0.3531656265258789,0.25946319103240967,0.2500494122505188,0.9592199921607971,0.20033560693264008,0.4198284149169922,0.22271697223186493,0.5868261456489563,0.22118569910526276,0.9937630295753479,0.381134033203125,0.27054348587989807,0.23010651767253876,0.8981529474258423,1.0008124113082886,0.2455090582370758,0.7696426510810852,0.25806349515914917,0.35008448362350464,0.9006891846656799,0.9580737948417664,0.988093912601471,1.0266540050506592,0.187631756067276,1.078413963317871,0.26673832535743713,0.9059052467346191,0.863233208656311,0.3579089641571045,0.891177237033844,1.0197237730026245,0.9398419857025146,0.3189724087715149,0.5775182843208313,0.9604053497314453,0.33309435844421387,0.19584336876869202,0.9918397665023804,1.0392011404037476,0.2323824018239975,0.8023950457572937,0.9012317657470703,0.9119061827659607,0.2794094681739807,0.38426631689071655,0.6107335090637207,0.36510491371154785,0.31882888078689575,0.49384838342666626,0.9379721879959106,0.9720649123191833,0.3809789717197418,0.9833579659461975,0.35671141743659973,1.0028024911880493,0.9530158638954163,0.8518941402435303,0.3860492408275604
1,0.6387956738471985,0.6760938763618469,1.0064761638641357,0.5095087289810181,0.6232755780220032,0.6423582434654236,0.3924260437488556,0.6747371554374695,0.7660571336746216,0.7503014802932739,0.6553578972816467,0.5063676238059998,0.6375510096549988,0.6173370480537415,0.5263153910636902,0.5393290519714355,0.42156150937080383,0.6698088049888611,0.7188166379928589,0.5763319134712219,0.6483070850372314,0.6498369574546814,0.6169761419296265,0.4622444808483124,0.6656977534294128,0.6338987946510315,0.6162432432174683,0.6792181730270386,0.6218876242637634,0.6439985036849976,0.3897498846054077,0.6299827694892883,0.587774932384491,0.5928338170051575,0.2788522243499756,0.6964419484138489,0.6420837044715881,0.8380345106124878,0.6841818690299988,0.5194292664527893,0.6586434841156006,0.6404967904090881,0.645374059677124,0.5719091296195984,0.23114946484565735,0.6949509978294373,0.6574795842170715,0.6937198638916016,0.5745234489440918,0.5746310949325562,0.6947842240333557,0.5134223103523254,0.6965430974960327,0.4655178487300873,0.6213784217834473,0.4801708459854126,0.27264219522476196,0.2458115518093109,0.4161827862262726,0.6230955719947815,0.5802938342094421,0.551530122756958,0.5119706988334656,0.584351658821106,0.5762832760810852,0.6178401112556458,0.5398544669151306,0.6094237565994263,0.651350200176239,0.6973813772201538,0.7565985321998596,0.5876376628875732,0.6182817816734314,0.6131734251976013,0.5714579820632935,0.8555812835693359,0.2321774661540985,0.441908597946167,0.5728604197502136,0.6284085512161255,0.8375471830368042,0.6422483921051025,0.5335912108421326,0.5600402355194092,0.6477879881858826,0.18361078202724457,0.482530415058136,0.27601101994514465,0.818718671798706,0.5855087041854858,0.6100320219993591,0.6126912236213684,0.6353931427001953,0.40636399388313293,0.6877923607826233,0.6229859590530396,0.557976245880127,0.5453411340713501,0.8832255601882935,0.5474603176116943,0.6580126881599426,0.5926913619041443,0.7719864845275879,0.4389246106147766,0.6070363521575928,0.7982175946235657,0.5047141313552856,0.6251965761184692,0.6667585968971252,0.24198415875434875,0.527607262134552,0.56735759973526,0.5524755716323853,0.6722794771194458,0.746048092842102,0.5057528018951416,0.8379502892494202,0.7083144187927246,0.3680982291698456,0.6061837673187256,0.6297181844711304,0.8700340986251831,0.6193974614143372,0.81492680311203,0.6267253756523132,0.5872381329536438,0.5843569040298462,0.8480321168899536
0,0.036962948739528656,1.0992926359176636,1.3312265872955322,0.009752635844051838,0.0626426413655281,0.04186643660068512,0.2378290593624115,0.06237417459487915,1.3044672012329102,1.206413745880127,0.042705222964286804,1.0500413179397583,0.11479537934064865,0.1128300279378891,0.0,0.028234414756298065,0.8645243048667908,0.023794839158654213,1.254807710647583,0.052446939051151276,0.05434928461909294,0.11329032480716705,1.0883926153182983,0.8310194611549377,0.02993590757250786,0.03558264672756195,0.052452780306339264,0.027399113401770592,0.04041903465986252,0.06806927919387817,0.7986228466033936,0.0266196820884943,0.03537916764616966,0.005179677624255419,0.3683367073535919,1.1465752124786377,0.006632616743445396,1.2911752462387085,0.08585073053836823,0.12399718165397644,0.07295124977827072,0.11695751547813416,0.02194870263338089,1.0608689785003662,0.4163781404495239,1.1219662427902222,0.07919380813837051,0.10687270015478134,0.019450459629297256,1.0639476776123047,0.09390488266944885,0.3361404538154602,0.05327831581234932,0.2212064117193222,0.045208483934402466,0.7947075366973877,0.5225687026977539,0.6379122138023376,0.7172866463661194,0.02265223115682602,0.06681481748819351,0.8874775767326355,0.8893331289291382,0.0,0.01041028555482626,0.08873715251684189,0.1276906281709671,1.0319236516952515,0.03444730117917061,0.046478550881147385,1.1642277240753174,0.975301206111908,1.108696460723877,0.0945756733417511,1.2190982103347778,1.2038025856018066,0.49713408946990967,0.2706347405910492,1.088991641998291,0.02444031648337841,1.2223912477493286,1.0670151710510254,0.8873109817504883,0.010898140259087086,0.14170077443122864,0.18555106222629547,0.017270220443606377,0.4805794060230255,1.3164831399917603,0.08646029233932495,0.05070479214191437,0.031546443700790405,0.031079620122909546,0.6814131140708923,0.047714557498693466,1.037886381149292,0.059415362775325775,0.06135210394859314,1.363538384437561,0.0,0.060736313462257385,0.025061234831809998,1.2450717687606812,0.22014561295509338,0.05987899750471115,1.2389178276062012,0.8355752229690552,0.005726863630115986,0.08643370866775513,0.4845690131187439,0.1353786289691925,0.015420781448483467,0.00014197277778293937,1.2011582851409912,1.1309770345687866,0.4802737534046173,1.361451268196106,1.085947036743164,0.3339915871620178,0.11975449323654175,0.04396899789571762,1.2508922815322876,0.2046205848455429,1.2813348770141602,0.08063558489084244,0.07972089946269989,0.25258299708366394,1.2936421632766724
0,0.0,1.359471321105957,1.7440271377563477,0.0,0.0009664506651461124,0.0,0.17933392524719238,0.0,1.4431474208831787,1.4540916681289673,0.0,1.009415864944458,0.040288835763931274,0.04869573190808296,0.0,0.0,0.8603206276893616,0.0,1.3337360620498657,0.0,0.012305337004363537,0.03924247622489929,1.1745985746383667,0.9342007637023926,0.0,0.0,0.0,0.0,0.0,0.005095080938190222,0.7513582706451416,0.0,0.0,0.0,0.2971595525741577,1.289959192276001,0.0,1.583918571472168,0.01554815098643303,0.0596829354763031,0.0,0.03431667760014534,0.0,1.139003872871399,0.3386157155036926,1.355768084526062,0.015041825361549854,0.030510786920785904,0.0,1.1212587356567383,0.01579318195581436,0.23636187613010406,0.0,0.15360380709171295,0.0,0.8512542843818665,0.4595765471458435,0.5472328066825867,0.8062998652458191,0.0,0.013600567355751991,1.0348271131515503,0.9271618723869324,0.0,0.0,0.019671829417347908,0.043851327151060104,1.1546721458435059,0.0,0.0006563052884303033,1.3657891750335693,1.0876595973968506,1.1970402002334595,0.015324884094297886,1.0917247533798218,1.5307295322418213,0.4213280975818634,0.2264792025089264,1.1209354400634766,0.0,1.5293846130371094,1.1990305185317993,1.002238392829895,0.0,0.05627836659550667,0.15621769428253174,0.0,0.4134751260280609,1.5194370746612549,0.009860428981482983,0.009340928867459297,0.0,0.0,0.7526147365570068,0.0,1.2391353845596313,0.05017337203025818,0.02650214172899723,1.6822454929351807,0.0,0.0004026880778837949,0.0,1.4458165168762207,0.14043155312538147,0.0019019346218556166,1.443255066871643,0.9793846011161804,0.0,0.013469499535858631,0.40988627076148987,0.06214439123868942,0.0,0.0,1.2463874816894531,1.3171226978302002,0.3710906207561493,1.5939157009124756,1.3038240671157837,0.25895628333091736,0.033264681696891785,0.006321772467344999,1.6260887384414673,0.11115770787000656,1.4857617616653442,0.013821832835674286,0.017534181475639343,0.151714026927948,1.558384895324707
0,0.0,1.352912425994873,1.7792550325393677,0.0,0.0,0.0,0.16819016635417938,0.0,1.6986331939697266,1.5672812461853027,0.0,1.269244909286499,0.0,0.0,0.0,0.0,1.0602213144302368,0.0,1.6837167739868164,0.0,0.0,0.0,1.2637451887130737,0.9658083319664001,0.0,0.0,0.0,0.0,0.0,0.0,0.9187245965003967,0.0,0.0,0.0,0.1771184653043747,1.4511243104934692,0.0,1.7165093421936035,0.0,0.0,0.0,0.0,0.0,1.29347825050354,0.3330347239971161,1.458842158317566,0.0,0.0,0.0,1.2876747846603394,0.0,0.2210017293691635,0.0,0.01429892610758543,0.0,1.063187837600708,0.5404275059700012,0.6806700825691223,0.8475967049598694,0.0,0.0,0.9996488094329834,1.0547343492507935,0.0,0.0,0.0,0.0,1.3380156755447388,0.0,0.0,1.4645029306411743,1.2191195487976074,1.3366776704788208,0.0,1.4233688116073608,1.5208028554916382,0.5476098656654358,0.2159077525138855,1.3774021863937378,0.0,1.5109645128250122,1.371516227722168,1.1213594675064087,0.0,0.0,0.1552242636680603,0.0,0.6068712472915649,1.697250485420227,0.0,0.0,0.0,0.0,0.8033456206321716,0.0,1.2755625247955322,0.04544473811984062,0.0,1.9839162826538086,0.0,0.0,0.0,1.6546152830123901,0.09805045276880264,0.0,1.6195658445358276,1.1295802593231201,0.0,0.0,0.5016523599624634,0.0,0.0,0.0,1.4543994665145874,1.3256102800369263,0.2913234531879425,1.6735734939575195,1.3730586767196655,0.27052041888237,0.0,0.0,1.7149821519851685,0.0,1.6436430215835571,0.0,0.0,0.11891596764326096,1.7118991613388062
1,0.5536332726478577,0.6136273145675659,0.629294216632843,0.4465041756629944,0.5603191256523132,0.5733017921447754,0.43647217750549316,0.5935164093971252,0.6850131154060364,0.6561586260795593,0.5683039426803589,0.5842993259429932,0.5817853212356567,0.5609101057052612,0.4587250053882599,0.47736430168151855,0.5232120752334595,0.5800767540931702,0.6480632424354553,0.5389962196350098,0.5755071640014648,0.6030097603797913,0.6409707069396973,0.5319492220878601,0.5688937306404114,0.5525962710380554,0.5350568294525146,0.5930997133255005,0.539273202419281,0.5766916871070862,0.4869738221168518,0.545554518699646,0.5124816298484802,0.5156380534172058,0.37514185905456543,0.6070939898490906,0.5576724410057068,0.6368168592453003,0.5941389799118042,0.5261682271957397,0.5831794142723083,0.5699112415313721,0.5628838539123535,0.5793356895446777,0.3440898358821869,0.6386164426803589,0.5837043523788452,0.6188457608222961,0.49244701862335205,0.565626323223114,0.6268114447593689,0.5516595244407654,0.6149783730506897,0.48580145835876465,0.5573832392692566,0.43371620774269104,0.4163799285888672,0.39901596307754517,0.3956090211868286,0.5381791591644287,0.5359691381454468,0.5535356998443604,0.5128960013389587,0.525111973285675,0.4938592314720154,0.5591714382171631,0.5080981254577637,0.5475460290908813,0.5659894943237305,0.6142711639404297,0.6208959221839905,0.5590323209762573,0.6424916386604309,0.5356529355049133,0.6596627235412598,0.6401492357254028,0.40241891145706177,0.49345505237579346,0.6065823435783386,0.554080605506897,0.6476378440856934,0.6131947636604309,0.5302677750587463,0.4838244915008545,0.5985699892044067,0.24227027595043182,0.4334266185760498,0.4119994044303894,0.7191837430000305,0.5367323756217957,0.5451352596282959,0.5422788858413696,0.569550096988678,0.44223666191101074,0.5751731991767883,0.5615298748016357,0.5095951557159424,0.4740031659603119,0.6609106659889221,0.48317280411720276,0.5741844177246094,0.5193377137184143,0.6912354826927185,0.47505417466163635,0.5400979518890381,0.6603200435638428,0.48230424523353577,0.5530313849449158,0.5823728442192078,0.40145063400268555,0.5066356658935547,0.5062565207481384,0.49248194694519043,0.6758649945259094,0.5995221138000488,0.6180555820465088,0.7352481484413147,0.6052433252334595,0.4556254744529724,0.5481485724449158,0.5680856704711914,0.6144301295280457,0.6016916036605835,0.6390724182128906,0.5672112703323364,0.5287649035453796,0.5598514676094055,0.6572378277778625
1,0.9875531196594238,0.3363739848136902,0.5876890420913696,0.8285049200057983,0.9376934766769409,0.9621090888977051,0.5280387997627258,1.0175319910049438,0.37521037459373474,0.39318200945854187,0.9998034834861755,0.22579282522201538,0.9434875249862671,0.9412224888801575,0.8548985123634338,0.8401381373405457,0.18395689129829407,1.0258845090866089,0.3490038812160492,0.8468405604362488,0.9867361187934875,0.9480430483818054,0.31915804743766785,0.2491825819015503,1.0288879871368408,0.9732918739318848,0.9340961575508118,1.0500237941741943,0.9625099897384644,0.9748321175575256,0.17344437539577484,0.9808603525161743,0.9349276423454285,0.9661204218864441,0.28616780042648315,0.3423420488834381,1.0221408605575562,0.43936774134635925,1.0234827995300293,0.7766104340553284,0.9940030574798584,0.9570760130882263,1.0120961666107178,0.27650609612464905,0.22325848042964935,0.35095903277397156,0.9883825778961182,1.060514211654663,0.9029094576835632,0.2773938477039337,1.027919054031372,0.6556132435798645,1.0472748279571533,0.6427741050720215,0.9385608434677124,0.2590690851211548,0.2602002024650574,0.1114622950553894,0.2061069905757904,0.9728881120681763,0.8683070540428162,0.310800164937973,0.2560296356678009,0.9419301748275757,0.8860540986061096,0.9197054505348206,0.7706705331802368,0.28130146861076355,0.9938509464263916,1.031556248664856,0.4379624128341675,0.3177722990512848,0.30414167046546936,0.9213330745697021,0.2519187927246094,0.5086344480514526,0.2058001458644867,0.5598778128623962,0.2586771845817566,0.9751328229904175,0.4760631024837494,0.3340722918510437,0.28446441888809204,0.8622573614120483,0.957419753074646,0.23902490735054016,0.7653291821479797,0.24747009575366974,0.4232480525970459,0.862844705581665,0.9239668846130371,0.9429508447647095,0.981621265411377,0.23160922527313232,1.0347553491592407,0.3335699737071991,0.872439444065094,0.8544116020202637,0.44318678975105286,0.8800991773605347,0.9847911596298218,0.9150400757789612,0.38869592547416687,0.5534329414367676,0.9136284589767456,0.4048577547073364,0.25028613209724426,0.9813130497932434,0.9936985969543457,0.21571508049964905,0.7557273507118225,0.8763880729675293,0.8813798427581787,0.3316585421562195,0.46103209257125854,0.5886197686195374,0.45098963379859924,0.39736491441726685,0.4714896082878113,0.899351954460144,0.9466111660003662,0.4724683463573456,0.913960337638855,0.4365745484828949,0.9578449130058289,0.9140567183494568,0.7910053133964539,0.4623613655567169
1,0.7105190753936768,0.04294172301888466,0.19164162874221802,0.5340965986251831,0.7354804873466492,0.7331841588020325,0.4881958067417145,0.8107320070266724,0.044709041714668274,0.07904858142137527,0.744986355304718,0.0066451034508645535,0.7923859357833862,0.8184136152267456,0.5328666567802429,0.59076988697052,0.0,0.7510066628456116,0.03081778809428215,0.6925351619720459,0.739389955997467,0.7769390344619751,0.04370890185236931,0.054784487932920456,0.7266212701797485,0.714540421962738,0.6987449526786804,0.7452558279037476,0.6924183964729309,0.7569844126701355,0.0002524650772102177,0.7085676789283752,0.6855467557907104,0.6264889240264893,0.5346546173095703,0.03904768452048302,0.6622020602226257,0.09695269167423248,0.7947558164596558,0.6273120045661926,0.7804036736488342,0.790400505065918,0.706104576587677,0.018730325624346733,0.4297387897968292,0.050189126282930374,0.7889977693557739,0.8425886631011963,0.5935690402984619,0.020739322528243065,0.8237301111221313,0.6802262663841248,0.8144360780715942,0.6973157525062561,0.7068942785263062,0.04557322710752487,0.43483197689056396,0.0,0.023291978985071182,0.6610167026519775,0.6706949472427368,0.07749196141958237,0.029314948245882988,0.6018772721290588,0.6077215671539307,0.73436039686203,0.7087865471839905,0.017715275287628174,0.7355719208717346,0.8035718202590942,0.12449978291988373,0.0705847516655922,0.024092908948659897,0.7225223779678345,0.01182851754128933,0.17076906561851501,0.3471745252609253,0.5394698977470398,0.008170113898813725,0.6930498480796814,0.12828783690929413,0.04899723827838898,0.05281778797507286,0.5954861044883728,0.8448584675788879,0.26042062044143677,0.5373731255531311,0.40232232213020325,0.07055976986885071,0.7468056082725525,0.669788122177124,0.689130961894989,0.7269178628921509,0.061857517808675766,0.796467661857605,0.06916899979114532,0.5665251612663269,0.6809056401252747,0.07594500482082367,0.5417563915252686,0.7517930865287781,0.6554811596870422,0.05433573201298714,0.5940858721733093,0.7096809148788452,0.06437982618808746,0.02866821549832821,0.6718420386314392,0.7854161858558655,0.36468321084976196,0.7226184606552124,0.5979477167129517,0.5880939960479736,0.028377952054142952,0.1668233871459961,0.7924009561538696,0.09645970910787582,0.09943363070487976,0.4954599440097809,0.757534384727478,0.6840488910675049,0.12639476358890533,0.8344822525978088,0.10238240659236908,0.7668002247810364,0.715315043926239,0.7575604915618896,0.11286135017871857
1,1.1268680095672607,0.2927896976470947,0.4240669310092926,0.9688440561294556,1.0546356439590454,1.1095200777053833,0.6231207847595215,1.1548082828521729,0.3251819610595703,0.32208412885665894,1.1481438875198364,0.21274328231811523,1.1040970087051392,1.0555431842803955,0.976839005947113,0.9617095589637756,0.18117858469486237,1.1528552770614624,0.30345436930656433,0.9861965775489807,1.120322823524475,1.0979572534561157,0.26916050910949707,0.20650063455104828,1.1759140491485596,1.1268620491027832,1.0644909143447876,1.2124061584472656,1.0946857929229736,1.1185808181762695,0.16824385523796082,1.1426786184310913,1.1023919582366943,1.1311832666397095,0.3303821086883545,0.29766494035720825,1.1681573390960693,0.35553649067878723,1.1625808477401733,0.9338617920875549,1.1475504636764526,1.058384895324707,1.1899460554122925,0.24184392392635345,0.23482608795166016,0.2991359233856201,1.1198723316192627,1.1774072647094727,1.0294203758239746,0.24429309368133545,1.1791025400161743,0.7538117170333862,1.194880485534668,0.7336243987083435,1.0818601846694946,0.20390155911445618,0.26112377643585205,0.10721651464700699,0.1802213340997696,1.1196931600570679,1.0164306163787842,0.2459561675786972,0.21933810412883759,1.0883060693740845,1.007605791091919,1.058274269104004,0.8930490612983704,0.2566761076450348,1.1525670289993286,1.1753467321395874,0.33290332555770874,0.25402021408081055,0.26573267579078674,1.0370231866836548,0.2303110659122467,0.3714155852794647,0.2249462753534317,0.6433972716331482,0.2440059632062912,1.1200708150863647,0.3612085282802582,0.27736952900886536,0.23324039578437805,1.0091652870178223,1.0639870166778564,0.30490511655807495,0.9035008549690247,0.2619905173778534,0.353803813457489,1.0167033672332764,1.0665028095245361,1.0876007080078125,1.1318966150283813,0.18697062134742737,1.154615879058838,0.26762428879737854,1.0033719539642334,1.0130764245986938,0.3699752986431122,1.0036933422088623,1.1278531551361084,1.0639022588729858,0.33061376214027405,0.6452498435974121,1.0447182655334473,0.3402755558490753,0.21362200379371643,1.1503554582595825,1.1451969146728516,0.23621216416358948,0.8780093193054199,1.0264114141464233,1.0368326902389526,0.2913256883621216,0.3260328769683838,0.6490635871887207,0.36209893226623535,0.30680379271507263,0.5456626415252686,1.0171414613723755,1.0864760875701904,0.3643183410167694,1.0364996194839478,0.34472447633743286,1.0852643251419067,1.049010157585144,0.872265636920929,0.36072272062301636
1,0.6720110774040222,0.5894566774368286,0.894323468208313,0.5597288608551025,0.6524062156677246,0.6699570417404175,0.44855600595474243,0.7028586268424988,0.6557741165161133,0.6525610089302063,0.6729066967964172,0.42006397247314453,0.6458497047424316,0.6466796398162842,0.6024687886238098,0.5921536087989807,0.35781341791152954,0.7019995450973511,0.6055923104286194,0.5905448198318481,0.6895138025283813,0.6764094233512878,0.5469603538513184,0.41649681329727173,0.6997462511062622,0.6635445356369019,0.6318359971046448,0.7166820764541626,0.6591967940330505,0.6632023453712463,0.33555713295936584,0.641893208026886,0.6245504021644592,0.6491340398788452,0.2550447881221771,0.5944617390632629,0.7041241526603699,0.7112104892730713,0.7096066474914551,0.5788549780845642,0.6785396933555603,0.6590659022331238,0.6990918517112732,0.48247963190078735,0.27325499057769775,0.6011650562286377,0.6866690516471863,0.7459006309509277,0.6077786684036255,0.483957976102829,0.7216137051582336,0.5449711680412292,0.7099142670631409,0.4693349599838257,0.6489202380180359,0.405123770236969,0.3389468789100647,0.21129119396209717,0.36248549818992615,0.6710979342460632,0.6137751936912537,0.5078359842300415,0.4456440508365631,0.6551365852355957,0.6187814474105835,0.6373534202575684,0.5371354818344116,0.5029723644256592,0.6751803159713745,0.7088197469711304,0.6828322410583496,0.522368848323822,0.5381811857223511,0.6261808276176453,0.4410749077796936,0.7745900750160217,0.3173268735408783,0.4984996020793915,0.48704078793525696,0.6666784882545471,0.742172360420227,0.5661740899085999,0.47535523772239685,0.6093713045120239,0.6814925074577332,0.21139435470104218,0.510191798210144,0.3278357982635498,0.7235611081123352,0.5944198369979858,0.6499049663543701,0.657966136932373,0.6808727979660034,0.376036673784256,0.7138327956199646,0.5440579652786255,0.638271689414978,0.5526037812232971,0.7367005348205566,0.606370747089386,0.663284420967102,0.6213560700416565,0.6699820160865784,0.4391636252403259,0.6367647051811218,0.6925020217895508,0.4174495041370392,0.6653904914855957,0.6768789291381836,0.312303751707077,0.5271597504615784,0.6164278984069824,0.6185336709022522,0.5961103439331055,0.6895424723625183,0.5017039775848389,0.7372641563415527,0.6299712061882019,0.4358338713645935,0.6112607717514038,0.6657613515853882,0.7412045001983643,0.6693424582481384,0.7039097547531128,0.6516586542129517,0.6052258610725403,0.5898364782333374,0.7541471123695374
1,0.8914873600006104,0.24411028623580933,0.3682614862918854,0.774891197681427,0.894990086555481,0.9075138568878174,0.5227361917495728,0.9320002198219299,0.27269771695137024,0.27124518156051636,0.9107178449630737,0.1775328814983368,0.8910784125328064,0.8565213084220886,0.7255280017852783,0.750390887260437,0.14949440956115723,0.9419345855712891,0.2549940347671509,0.7538096308708191,0.9178515672683716,0.8936818242073059,0.22903966903686523,0.17099301517009735,0.9344017505645752,0.901705801486969,0.8701663613319397,0.9948329329490662,0.8684043288230896,0.8983689546585083,0.14081759750843048,0.924521803855896,0.919345498085022,0.8843851089477539,0.40469470620155334,0.24915774166584015,0.9344673156738281,0.2965879738330841,0.9471219182014465,0.7367820143699646,0.9198185801506042,0.8439773917198181,0.943101167678833,0.20388787984848022,0.35783231258392334,0.2513965964317322,0.8886573314666748,0.9765427112579346,0.8111267685890198,0.2016131728887558,0.9370882511138916,0.7572295069694519,0.972698450088501,0.6474876999855042,0.8368752598762512,0.17452500760555267,0.4187076985836029,0.08804820477962494,0.15009769797325134,0.8776727914810181,0.8254044651985168,0.20802852511405945,0.18831917643547058,0.8269399404525757,0.8109966516494751,0.8912240266799927,0.7245263457298279,0.21287661790847778,0.9130712747573853,0.920421302318573,0.2824324667453766,0.21935048699378967,0.22368094325065613,0.8334593176841736,0.189319908618927,0.3221679925918579,0.365592360496521,0.6115785241127014,0.2048754096031189,0.8942047953605652,0.31326982378959656,0.23571929335594177,0.19754068553447723,0.7725921869277954,0.8426806926727295,0.3077971339225769,0.73521488904953,0.44896188378334045,0.3005363643169403,0.796585202217102,0.8478490114212036,0.8422631025314331,0.8711374998092651,0.1691267490386963,0.9141969680786133,0.22602024674415588,0.7714685201644897,0.7898476719856262,0.31140947341918945,0.7620111703872681,0.924262285232544,0.8322648406028748,0.28031525015830994,0.5555673837661743,0.8400397896766663,0.2929426431655884,0.17709383368492126,0.918609619140625,0.9511721134185791,0.37491661310195923,0.7298442125320435,0.778422474861145,0.8068822622299194,0.24739034473896027,0.284399151802063,0.6761487722396851,0.3080523908138275,0.2635475993156433,0.5676978230476379,0.8849760890007019,0.8907495141029358,0.31093862652778625,0.9076418280601501,0.29636305570602417,0.8814904093742371,0.8613106608390808,0.8234225511550903,0.3140164613723755
1,0.02099313586950302,0.0,0.02358340471982956,0.08631659299135208,0.07472922652959824,0.08154327422380447,0.3842443525791168,0.03402949497103691,0.0,0.001736789126880467,0.022404834628105164,0.0,0.06513760983943939,0.02542436122894287,0.0,0.023130960762500763,0.0,0.03459812328219414,0.0,0.016291186213493347,0.050250887870788574,0.10049799829721451,0.0012378916144371033,0.0,0.027190128341317177,0.06690230965614319,0.04165044054389,0.0305747389793396,0.015072676353156567,0.06211436912417412,0.0,0.05439640209078789,0.03630579635500908,0.017946956679224968,0.6283405423164368,0.0,0.022249100729823112,0.0,0.06401049345731735,0.03493784740567207,0.0546175092458725,0.07355912774801254,0.03447035700082779,0.0,0.9438034892082214,0.0,0.0591130368411541,0.06215465068817139,0.025956392288208008,0.0,0.05237432196736336,0.7076573371887207,0.028432631865143776,0.2076735943555832,0.01617194153368473,0.01589086838066578,1.2374267578125,0.0,0.0008273545536212623,0.036944784224033356,0.07904022186994553,0.0,0.0,0.002989931730553508,0.029324233531951904,0.06515128165483475,0.10734021663665771,0.0,0.05119231715798378,0.05118173733353615,0.011058974079787731,0.0,0.0,0.03346740081906319,0.0,0.010252547450363636,1.2834333181381226,0.5653288960456848,0.0,0.017400691285729408,0.004127657040953636,0.0,0.0,0.0437096506357193,0.07312502712011337,0.4341634511947632,0.029422366991639137,1.4099873304367065,0.0,0.06521341949701309,0.021928340196609497,0.020546404644846916,0.00572969438508153,0.0442698635160923,0.02149968408048153,0.004862093832343817,0.15348927676677704,0.14279238879680634,0.0,0.0,0.07344915717840195,0.033162329345941544,0.0,0.25078147649765015,0.04382074996829033,0.0,0.0010102897649630904,0.03158522769808769,0.0902658998966217,1.1108930110931396,0.09317723661661148,0.0,0.019632438197731972,0.0,0.03376888111233711,0.7410556674003601,0.0,0.012964688241481781,0.590763509273529,0.08787215501070023,0.07043842226266861,0.0,0.148822620511055,0.014465305022895336,0.051324862986803055,0.05491161346435547,0.455695241689682,0.0
1,0.8190575838088989,0.2521404027938843,0.43635451793670654,0.7415695190429688,0.8493841886520386,0.8490671515464783,0.44236326217651367,0.869996964931488,0.28034257888793945,0.28990766406059265,0.8127959966659546,0.17314177751541138,0.7664339542388916,0.8105752468109131,0.7074753642082214,0.6999879479408264,0.1466691792011261,0.8961873650550842,0.2559768855571747,0.6711859107017517,0.8514825105667114,0.7957775592803955,0.2350085824728012,0.18224914371967316,0.8723621368408203,0.8440845012664795,0.8126236796379089,0.8982365131378174,0.8225180506706238,0.8091179728507996,0.13799241185188293,0.8348938226699829,0.8015228509902954,0.8055321574211121,0.35435253381729126,0.25532180070877075,0.8698927164077759,0.32142946124076843,0.8833428621292114,0.5995522141456604,0.8331356644630432,0.7783282399177551,0.8428853750228882,0.20040783286094666,0.37242934107780457,0.25837910175323486,0.8253252506256104,0.8862040638923645,0.7629721164703369,0.20231740176677704,0.8508848547935486,0.6797361373901367,0.8803154230117798,0.5357233881950378,0.7651287317276001,0.18127325177192688,0.448635995388031,0.08646227419376373,0.15451392531394958,0.8064209222793579,0.7422147393226624,0.22896482050418854,0.19186070561408997,0.7655642628669739,0.755052924156189,0.777961790561676,0.6501303315162659,0.20985175669193268,0.8351449966430664,0.8302621245384216,0.31679490208625793,0.23439651727676392,0.224972665309906,0.761488676071167,0.18423835933208466,0.37688973546028137,0.42858076095581055,0.5823766589164734,0.20037826895713806,0.8045711517333984,0.34479984641075134,0.2435198873281479,0.2069993019104004,0.7110852599143982,0.7647171020507812,0.27365830540657043,0.6595054268836975,0.5246381163597107,0.3146249055862427,0.6934878826141357,0.7585681080818176,0.7886277437210083,0.7989846467971802,0.18019796907901764,0.872966468334198,0.2395375370979309,0.7320563793182373,0.6676958799362183,0.32427746057510376,0.720450758934021,0.8544950485229492,0.7438218593597412,0.28782525658607483,0.4694964587688446,0.7787125706672668,0.30157262086868286,0.17960286140441895,0.8097366690635681,0.8789634704589844,0.3659672141075134,0.6365243196487427,0.6910897493362427,0.7225096821784973,0.2511018216609955,0.3422834277153015,0.5624176263809204,0.3293420672416687,0.2872457802295685,0.4871569275856018,0.8018763661384583,0.8199155330657959,0.3437584340572357,0.7853178381919861,0.32257917523384094,0.7972170114517212,0.7677895426750183,0.7792966365814209,0.34673017263412476
1,0.5230181217193604,0.24676328897476196,0.025435877963900566,0.4123987853527069,0.5318208932876587,0.5422598123550415,0.43943339586257935,0.5678577423095703,0.1300634741783142,0.23763443529605865,0.5381495356559753,0.33165329694747925,0.5552105903625488,0.5212854146957397,0.4030475914478302,0.45014163851737976,0.3461762070655823,0.5343418121337891,0.18151289224624634,0.5160114169120789,0.5453546643257141,0.5685669779777527,0.426385760307312,0.43002229928970337,0.5212253928184509,0.522224485874176,0.4902162551879883,0.5520472526550293,0.5073900818824768,0.5531307458877563,0.3566974699497223,0.5162069797515869,0.4782324433326721,0.47769901156425476,0.4237877130508423,0.24784934520721436,0.5250934362411499,0.06343811750411987,0.5537548065185547,0.5130200982093811,0.5403884053230286,0.562446117401123,0.5276459455490112,0.26147207617759705,0.35621243715286255,0.21268782019615173,0.5457065105438232,0.5711814761161804,0.45198407769203186,0.3407709002494812,0.5968183279037476,0.5350633859634399,0.5811032056808472,0.5163331627845764,0.5341143608093262,0.2999058961868286,0.485768586397171,0.4374070465564728,0.4181402027606964,0.5085063576698303,0.4993879795074463,0.4285963773727417,0.3269721269607544,0.4790588915348053,0.4755655825138092,0.542447030544281,0.48977673053741455,0.2620916962623596,0.5378826856613159,0.5768051743507385,0.28101474046707153,0.3094465732574463,0.3489692807197571,0.49343541264533997,0.28688845038414,0.20112870633602142,0.40241897106170654,0.48709163069725037,0.28589698672294617,0.5114368200302124,0.09739506989717484,0.2759762406349182,0.3725625276565552,0.43333470821380615,0.597947359085083,0.2465037703514099,0.4125111401081085,0.411999374628067,0.2640751302242279,0.5081112384796143,0.5115174055099487,0.503629744052887,0.543939471244812,0.32963061332702637,0.5235012173652649,0.3068988025188446,0.45467856526374817,0.5481476783752441,0.0015048040077090263,0.4391469955444336,0.5391814708709717,0.48795121908187866,0.17333738505840302,0.5078504085540771,0.5050743818283081,0.08532693982124329,0.3418924808502197,0.5292146801948547,0.5462259650230408,0.40145063400268555,0.49849599599838257,0.4641118347644806,0.4660380184650421,0.2803049683570862,0.338942289352417,0.6977037191390991,0.22732330858707428,0.3318767547607422,0.4838741421699524,0.5168350338935852,0.5469321012496948,0.003598976181820035,0.588239312171936,0.07144024223089218,0.5502064824104309,0.49693652987480164,0.5342784523963928,0.1164168044924736
1,0.6357687711715698,0.4218994975090027,0.6116248369216919,0.5191918015480042,0.6108148694038391,0.652346134185791,0.5178046822547913,0.6771751046180725,0.46893784403800964,0.46491628885269165,0.6474176049232483,0.3069095313549042,0.6628312468528748,0.6375150084495544,0.525771975517273,0.5456053614616394,0.26171430945396423,0.6609164476394653,0.43903833627700806,0.6029090881347656,0.6530210375785828,0.6850464344024658,0.3889201283454895,0.2981807589530945,0.6553669571876526,0.6350213885307312,0.6086022853851318,0.6817042231559753,0.6191104650497437,0.655315637588501,0.2424696683883667,0.6385810375213623,0.6116238236427307,0.6052017211914062,0.3950642943382263,0.43067121505737305,0.6395728588104248,0.5142003297805786,0.6737659573554993,0.6105566620826721,0.6655508279800415,0.64158034324646,0.6588711142539978,0.3490981161594391,0.36019599437713623,0.4319130778312683,0.6576811075210571,0.6942193508148193,0.5632125735282898,0.35308483242988586,0.704460620880127,0.6225469708442688,0.6962341666221619,0.5453486442565918,0.6320479512214661,0.294797420501709,0.4517347514629364,0.15458859503269196,0.2605869770050049,0.6208125948905945,0.6155015230178833,0.3543053865432739,0.31617218255996704,0.6017844676971436,0.5689291954040527,0.6346358060836792,0.5765672922134399,0.37181463837623596,0.649128794670105,0.6892052888870239,0.4809393286705017,0.366721510887146,0.3835180401802063,0.6129581928253174,0.3345533609390259,0.5352404117584229,0.4275701642036438,0.5506295561790466,0.3519808053970337,0.6286226511001587,0.5211995244026184,0.3999413847923279,0.3369208574295044,0.5657678842544556,0.6695970892906189,0.2638576924800873,0.506578803062439,0.43774935603141785,0.5100862383842468,0.6185540556907654,0.6183500289916992,0.6226954460144043,0.6465842723846436,0.26942896842956543,0.6539912819862366,0.3858070969581604,0.5887424349784851,0.5561708807945251,0.5351467728614807,0.5506733059883118,0.6522397398948669,0.6015828251838684,0.47784560918807983,0.5223086476325989,0.6120637655258179,0.4908316731452942,0.3097032308578491,0.6334973573684692,0.6643083095550537,0.426541268825531,0.5647439360618591,0.5835878252983093,0.5740542411804199,0.42009255290031433,0.4694461524486542,0.6540287733078003,0.5234345197677612,0.4423939287662506,0.5069891214370728,0.6285985708236694,0.635521411895752,0.5266923308372498,0.6630925536155701,0.4976128041744232,0.6375634074211121,0.5979198217391968,0.6128003001213074,0.5190849900245667
1,0.889983057975769,0.24054044485092163,0.3640100061893463,0.7731301188468933,0.8925390839576721,0.9003027677536011,0.5318835973739624,0.924411416053772,0.26826393604278564,0.2666356563568115,0.9043649435043335,0.17314179241657257,0.8826761841773987,0.8559989929199219,0.7249541878700256,0.750394880771637,0.1466691792011261,0.934842050075531,0.24893754720687866,0.7555223703384399,0.9156399965286255,0.8900769948959351,0.22425617277622223,0.16906723380088806,0.9252532124519348,0.8933143019676208,0.8596165776252747,0.9880186915397644,0.8649905323982239,0.8862940073013306,0.13799241185188293,0.9157997965812683,0.9118559956550598,0.8810577392578125,0.4086010158061981,0.24363446235656738,0.9342855215072632,0.29076436161994934,0.9460446238517761,0.7371416687965393,0.9160718321800232,0.8451119065284729,0.9434570074081421,0.19873932003974915,0.37813013792037964,0.2462979406118393,0.8867526650428772,0.9754868745803833,0.8020026683807373,0.1978677213191986,0.9396594166755676,0.7554903626441956,0.964559018611908,0.6513054370880127,0.8411012291908264,0.1682826429605484,0.43336743116378784,0.08646227419376373,0.1477024257183075,0.873732328414917,0.8246842622756958,0.20630916953086853,0.1837926208972931,0.8205586671829224,0.809986412525177,0.8855213522911072,0.7129408121109009,0.20706574618816376,0.9063679575920105,0.918463408946991,0.2783408761024475,0.21457189321517944,0.21996761858463287,0.825326681137085,0.18255765736103058,0.3168698847293854,0.3798150420188904,0.6203590035438538,0.20037831366062164,0.8821634650230408,0.30551400780677795,0.2317124903202057,0.19424770772457123,0.7731304168701172,0.842706024646759,0.31254133582115173,0.7248483896255493,0.45276787877082825,0.2957246005535126,0.7952836751937866,0.845339834690094,0.8389638066291809,0.8678795695304871,0.1671123504638672,0.9157752990722656,0.22226382791996002,0.7734360098838806,0.779423713684082,0.30320170521736145,0.754547119140625,0.9114179015159607,0.8240112662315369,0.2745339572429657,0.5577321648597717,0.8349915742874146,0.2856207489967346,0.17185796797275543,0.9088957905769348,0.9447330832481384,0.3930273652076721,0.7238248586654663,0.7732571959495544,0.8013700842857361,0.24367275834083557,0.2811603248119354,0.6898841857910156,0.3018876016139984,0.25831758975982666,0.5780110955238342,0.8718375563621521,0.8875647187232971,0.3040753901004791,0.9101870656013489,0.28951889276504517,0.8737620115280151,0.8557170033454895,0.83531254529953,0.3089759647846222
0,0.014803696423768997,0.7482505440711975,1.3919283151626587,0.0,0.026825236156582832,0.0,0.17217271029949188,0.018041670322418213,0.9387243986129761,0.9244730472564697,0.00592364277690649,0.5575329065322876,0.0035216358955949545,0.022022174671292305,0.0,0.0,0.41683974862098694,0.0,0.882457435131073,0.0,0.0023592798970639706,0.023491401225328445,0.7257363200187683,0.5228732228279114,0.014427559450268745,0.0,0.016437295824289322,0.0,0.0032715173438191414,0.013874595053493977,0.38814491033554077,0.0,0.0,0.0,0.26262563467025757,0.815061628818512,0.0,1.069406270980835,0.04045197740197182,0.0008670370443724096,0.011585626751184464,0.08602271974086761,0.0,0.6747270822525024,0.4885605275630951,0.8004770278930664,0.046043481677770615,0.054136477410793304,0.0034527559764683247,0.6665138602256775,0.045368991792201996,0.25454074144363403,0.0,0.10449488461017609,0.013171141967177391,0.6269828081130981,0.5771232843399048,0.23293887078762054,0.46995416283607483,0.006342766340821981,0.001143386005423963,0.6231870651245117,0.5918927788734436,0.0,0.0,0.0021634534932672977,0.013969402760267258,0.6920864582061768,0.0,0.03854474052786827,0.9916009902954102,0.7526006102561951,0.7105714082717896,0.04805179312825203,0.6374127268791199,1.1410150527954102,0.4734402298927307,0.2406679093837738,0.6156370639801025,0.00804369617253542,1.1140873432159424,0.7943575382232666,0.6550289988517761,0.0,0.08649622648954391,0.14917944371700287,0.0,0.600804328918457,0.9979404807090759,0.008174112997949123,0.0031171096488833427,0.0003271542373113334,0.004723493475466967,0.46794721484184265,0.042021770030260086,0.7821536660194397,0.03833455219864845,0.02476484328508377,1.1692185401916504,0.0,0.012455581687390804,0.0,0.9405017495155334,0.1145341768860817,0.008824593387544155,0.9731906652450562,0.6311475038528442,0.0,0.03163546696305275,0.45423510670661926,0.0015287635615095496,0.0,0.0,0.7694176435470581,1.048054575920105,0.4077574610710144,1.0630497932434082,0.9262771010398865,0.286220520734787,0.014749804511666298,0.0,1.1480051279067993,0.0833660215139389,1.0799860954284668,0.018998226150870323,0.029246758669614792,0.2095162272453308,1.0781021118164062
1,0.6965450644493103,0.28118470311164856,0.42555901408195496,0.6231684684753418,0.715501606464386,0.7035041451454163,0.5403438210487366,0.7245090007781982,0.31230008602142334,0.31078436970710754,0.6964290142059326,0.2003043293952942,0.682270348072052,0.6811332702636719,0.57619309425354,0.5938323140144348,0.1702854335308075,0.7397399544715881,0.2876489460468292,0.5942306518554688,0.7385399341583252,0.7264347076416016,0.2604174315929413,0.19809187948703766,0.7196820378303528,0.6836790442466736,0.6618137955665588,0.7783475518226624,0.6736283898353577,0.6913788914680481,0.15957072377204895,0.7149636745452881,0.7018706798553467,0.7001219391822815,0.40499308705329895,0.28229331970214844,0.7462291121482849,0.33758723735809326,0.759691596031189,0.6042237877845764,0.7100923657417297,0.6720144748687744,0.7392746210098267,0.22970719635486603,0.4908941984176636,0.286283940076828,0.6940348744392395,0.7802730798721313,0.6248767971992493,0.22989563643932343,0.7495110034942627,0.7376759052276611,0.7591409087181091,0.553307294845581,0.6771913170814514,0.19337505102157593,0.5745489597320557,0.10046100616455078,0.17238794267177582,0.6895709037780762,0.6739693284034729,0.24163521826267242,0.21251092851161957,0.6510661244392395,0.6488757729530334,0.7107630372047424,0.5532935857772827,0.2386871725320816,0.7126530408859253,0.7246682047843933,0.32467415928840637,0.2487320750951767,0.2559347450733185,0.6453914046287537,0.2088921070098877,0.36889228224754333,0.5558032989501953,0.6226680278778076,0.23213006556034088,0.6915373206138611,0.3537079691886902,0.26987144351005554,0.22628630697727203,0.6114701628684998,0.6668772101402283,0.3251311480998993,0.5637795925140381,0.5986169576644897,0.34464624524116516,0.6161237359046936,0.6746326088905334,0.6539576649665833,0.6718536019325256,0.19478295743465424,0.7131585478782654,0.25908735394477844,0.6375462412834167,0.5824952721595764,0.3505062758922577,0.6035508513450623,0.7087199687957764,0.6368002891540527,0.3185359239578247,0.5001879930496216,0.6499418616294861,0.33045732975006104,0.19813309609889984,0.6972855925559998,0.7372032403945923,0.5482913851737976,0.5740212202072144,0.6031226515769958,0.6338306069374084,0.2839345633983612,0.32829177379608154,0.6852255463600159,0.3509681224822998,0.30018505454063416,0.6068360209465027,0.6888010501861572,0.7302910089492798,0.3524807095527649,0.7413762807846069,0.3355005979537964,0.6972004175186157,0.6728795766830444,0.7271561026573181,0.360203355550766
1,0.6976101994514465,0.27972421050071716,0.4238946735858917,0.6627267599105835,0.7612685561180115,0.7544578909873962,0.4074786305427551,0.7442210912704468,0.31214648485183716,0.3096543252468109,0.6865254640579224,0.19968551397323608,0.670942485332489,0.6584425568580627,0.5706614851951599,0.585847795009613,0.1698305606842041,0.7611405849456787,0.286976158618927,0.5703421235084534,0.739706814289093,0.6995481848716736,0.25927671790122986,0.19758902490139008,0.7488548755645752,0.742195188999176,0.6851370930671692,0.7897447943687439,0.6807041764259338,0.6821169257164001,0.1590973436832428,0.7448553442955017,0.7097131609916687,0.6978530287742615,0.3897993862628937,0.2815088927745819,0.7472675442695618,0.3369745910167694,0.7542147040367126,0.5333057641983032,0.7205432653427124,0.6622453331947327,0.726247251033783,0.2286374419927597,0.4682060480117798,0.28540587425231934,0.6988343000411987,0.7658790349960327,0.6302023530006409,0.22936786711215973,0.7374415993690491,0.7025602459907532,0.749463677406311,0.49742814898490906,0.6369466185569763,0.19153089821338654,0.5306958556175232,0.10051865875720978,0.17198090255260468,0.688298761844635,0.6543722152709961,0.24117860198020935,0.21145027875900269,0.6358737945556641,0.6592655181884766,0.6870601773262024,0.5462310314178467,0.2375703752040863,0.7289848327636719,0.7049652338027954,0.32377293705940247,0.2478279173374176,0.25550028681755066,0.6190370321273804,0.20745544135570526,0.36797896027565,0.5163043141365051,0.5699948668479919,0.23123961687088013,0.6799757480621338,0.3520296812057495,0.2688867449760437,0.22549587488174438,0.6090394258499146,0.6400845050811768,0.33463871479034424,0.5828147530555725,0.6481820940971375,0.34366071224212646,0.5901343822479248,0.6424375772476196,0.6664669513702393,0.6606757640838623,0.1978730708360672,0.7280288934707642,0.2584484815597534,0.6173657774925232,0.5977094769477844,0.349269837141037,0.5987011790275574,0.7391631603240967,0.6326953768730164,0.3177632987499237,0.4364248514175415,0.654441773891449,0.3293827474117279,0.19669166207313538,0.7113367319107056,0.7848266959190369,0.47138768434524536,0.5506927967071533,0.5666444897651672,0.6248106360435486,0.2833300828933716,0.32805487513542175,0.6004641056060791,0.3492545187473297,0.2991332709789276,0.5030979514122009,0.701979398727417,0.7387727499008179,0.3513980209827423,0.6990675926208496,0.3338543772697449,0.6677857637405396,0.6533447504043579,0.7392879128456116,0.35897839069366455
0,0.18637636303901672,0.2890652120113373,0.3660034239292145,0.24408899247646332,0.30707818269729614,0.3234235644340515,0.11814519017934799,0.12865877151489258,0.3049783706665039,0.3356798589229584,0.021043244749307632,0.2798692286014557,0.0,0.0,0.03871410712599754,0.12735380232334137,0.24025103449821472,0.15193608403205872,0.2651028037071228,0.04899299889802933,0.06984391063451767,0.009396357461810112,0.373548299074173,0.33899441361427307,0.08241572231054306,0.26115694642066956,0.2362367808818817,0.07541587203741074,0.04618724808096886,0.1732478141784668,0.25223085284233093,0.14142151176929474,0.051481448113918304,0.09232854098081589,0.22555041313171387,0.3004569709300995,0.06586287170648575,0.3039562404155731,0.20797351002693176,0.0,0.02528524026274681,0.17231567203998566,0.01649007759988308,0.3371570110321045,0.5328657031059265,0.287320613861084,0.0382302962243557,0.02873701974749565,0.25603461265563965,0.3698435127735138,0.01783800683915615,0.21354161202907562,0.030926743522286415,0.010544457472860813,0.0455067940056324,0.46994540095329285,0.3813098967075348,0.24459125101566315,0.3372807502746582,0.07657589018344879,0.1205403134226799,0.3115268647670746,0.3294397294521332,0.030470658093690872,0.1862965077161789,0.03638042137026787,0.16087783873081207,0.2146027386188507,0.14058654010295868,0.0,0.3910878002643585,0.34713712334632874,0.32657143473625183,0.0,0.3031575381755829,0.3391125202178955,0.6051344871520996,0.175257608294487,0.27432072162628174,0.1584632694721222,0.32603883743286133,0.3752746284008026,0.3347247242927551,0.08925406634807587,0.0,0.12015573680400848,0.2595779597759247,1.0102611780166626,0.38383692502975464,0.014539633877575397,0.022278180345892906,0.19993284344673157,0.010017636232078075,0.25750136375427246,0.1439945548772812,0.35117393732070923,0.12317752093076706,0.027584480121731758,0.2865440845489502,0.18991884589195251,0.25779879093170166,0.0993884950876236,0.1948758214712143,0.05638974905014038,0.15381288528442383,0.10926412791013718,0.39804062247276306,0.22397790849208832,0.309749037027359,0.33171382546424866,0.0,0.015597179532051086,0.07214327156543732,0.3546372056007385,0.5183483362197876,0.1172088235616684,0.22239339351654053,0.3392777740955353,0.130528062582016,0.2772212028503418,0.005386314820498228,0.22985246777534485,0.0,0.30934444069862366,0.07539176940917969,0.08894983679056168,0.31772223114967346,0.32911428809165955
1,1.0385544300079346,0.026487400755286217,0.14274094998836517,0.8555000424385071,0.9828890562057495,1.0252481698989868,0.6404404640197754,1.1128058433532715,0.02881142683327198,0.05463707447052002,1.059309959411621,0.005246136337518692,1.0510002374649048,1.0595201253890991,0.8790242075920105,0.8845075368881226,0.0,1.0729480981826782,0.024329839274287224,0.950406551361084,1.0422497987747192,1.055634617805481,0.02887118235230446,0.03782173991203308,1.0733040571212769,1.0282610654830933,0.9828490018844604,1.0952109098434448,1.005724310874939,1.0546035766601562,0.00019932074064854532,1.034120798110962,0.9804778099060059,0.9996082782745361,0.4412650167942047,0.026150360703468323,1.0353766679763794,0.07011903822422028,1.0849727392196655,0.8924667835235596,1.0717509984970093,1.0341473817825317,1.0585895776748657,0.01478710025548935,0.3397645056247711,0.03217395022511482,1.0742555856704712,1.1283600330352783,0.927432119846344,0.016373148187994957,1.11189866065979,0.7831192016601562,1.1284161806106567,0.7862306833267212,1.0113115310668945,0.03175574168562889,0.3676004707813263,0.0,0.016431942582130432,1.0126349925994873,0.9490151405334473,0.05524607002735138,0.01966220699250698,0.9738370180130005,0.9127535820007324,0.9847372770309448,0.8973987102508545,0.013985748402774334,1.060072898864746,1.1128612756729126,0.08974774181842804,0.04960137978196144,0.019020726904273033,0.9835394024848938,0.009338296949863434,0.1257203072309494,0.32700297236442566,0.6446526646614075,0.0064500970765948296,1.0345758199691772,0.09318765997886658,0.031779736280441284,0.03512440621852875,0.9135344624519348,1.069540023803711,0.30569735169410706,0.7929841876029968,0.3458607494831085,0.05228108912706375,0.984216570854187,0.9737039804458618,1.0165683031082153,1.067393183708191,0.042614467442035675,1.0892229080200195,0.047108959406614304,0.9030113220214844,0.9426353573799133,0.05154549330472946,0.8933456540107727,1.0435901880264282,0.9771217703819275,0.036481983959674835,0.6850868463516235,0.9813873171806335,0.04174768924713135,0.02263280190527439,1.0151605606079102,1.0640243291854858,0.3222362995147705,0.8860237002372742,0.937599778175354,0.9261971712112427,0.019762670621275902,0.12638956308364868,0.7527419924736023,0.06862884014844894,0.07113645225763321,0.5752502679824829,0.9743983745574951,0.9898300170898438,0.09310517460107803,1.0149815082550049,0.07389769703149796,1.0539230108261108,0.9842020273208618,0.8556672930717468,0.08507543802261353
1,1.0385544300079346,0.02648739144206047,0.14274092018604279,0.8555000424385071,0.9828890562057495,1.0252481698989868,0.6404404640197754,1.112805962562561,0.02881140075623989,0.05463707447052002,1.059309959411621,0.0052461340092122555,1.0510001182556152,1.0595202445983887,0.879024088382721,0.8845076560974121,0.0,1.0729479789733887,0.024329833686351776,0.950406551361084,1.0422497987747192,1.055634617805481,0.02887117490172386,0.03782173618674278,1.0733040571212769,1.0282611846923828,0.9828490018844604,1.0952110290527344,1.005724310874939,1.0546035766601562,0.00019931454153265804,1.0341209173202515,0.9804778695106506,0.9996082186698914,0.44126495718955994,0.026150356978178024,1.0353765487670898,0.07011901587247849,1.0849727392196655,0.8924667835235596,1.0717509984970093,1.0341473817825317,1.0585898160934448,0.01478710025548935,0.33976447582244873,0.03217392787337303,1.0742557048797607,1.1283600330352783,0.9274320006370544,0.016373150050640106,1.1118985414505005,0.783119261264801,1.1284161806106567,0.786230742931366,1.0113115310668945,0.0317557267844677,0.3676004409790039,0.0,0.016431940719485283,1.0126349925994873,0.9490151405334473,0.05524605140089989,0.019662203267216682,0.9738368988037109,0.9127536416053772,0.9847372174263,0.8973987102508545,0.013985743746161461,1.060072898864746,1.1128612756729126,0.08974772691726685,0.04960136115550995,0.019020717591047287,0.9835394024848938,0.009338303469121456,0.1257202923297882,0.32700297236442566,0.6446526050567627,0.00645009009167552,1.0345759391784668,0.09318763762712479,0.03177972510457039,0.035124391317367554,0.9135345816612244,1.069540023803711,0.3056972920894623,0.7929842472076416,0.3458607494831085,0.05228108540177345,0.9842166900634766,0.9737038612365723,1.0165683031082153,1.067393183708191,0.04261444881558418,1.0892229080200195,0.04710894078016281,0.9030113220214844,0.9426353573799133,0.05154547095298767,0.8933456540107727,1.0435903072357178,0.9771217703819275,0.036481961607933044,0.6850868463516235,0.981387197971344,0.041747648268938065,0.02263280190527439,1.0151605606079102,1.064024567604065,0.3222362995147705,0.8860237002372742,0.9375998973846436,0.9261971712112427,0.019762670621275902,0.12638956308364868,0.7527419924736023,0.06862882524728775,0.07113643735647202,0.5752502083778381,0.9743983745574951,0.9898301362991333,0.09310515224933624,1.0149813890457153,0.07389768213033676,1.0539230108261108,0.9842019081115723,0.8556672930717468,0.08507543802261353
0,0.0,0.07112254202365875,0.0,0.023552056401968002,0.0,0.0,0.4009389877319336,0.0,0.016602935269474983,0.06435737013816833,0.0,0.10715328902006149,0.0,0.0,0.0,0.0,0.14128901064395905,0.0,0.0071626645512878895,0.0,0.0,0.0,0.15679894387722015,0.21638616919517517,0.0,0.010573368519544601,0.0,0.0,0.0,0.0,0.06136611849069595,0.0,0.0,0.0,0.4877426326274872,0.07594381272792816,0.0,0.002568929921835661,0.0,0.002103757346048951,0.0,0.0,0.0,0.0785786360502243,0.7175866365432739,0.06521535664796829,0.0,0.0,0.0,0.1357363909482956,0.0,0.4668872654438019,0.0,0.023466527462005615,0.0,0.261642724275589,1.215835690498352,0.1868964284658432,0.2577568292617798,0.0,0.0,0.1374422162771225,0.10991677641868591,0.0,0.0,0.0,0.0,0.08589454740285873,0.0,0.0,0.10430669039487839,0.10169876366853714,0.09150096029043198,0.0,0.09329713881015778,0.03144293650984764,1.403603434562683,0.4111993610858917,0.07036861777305603,0.0,0.041415803134441376,0.09074331820011139,0.1586109697818756,0.003869300242513418,0.0,0.48937469720840454,0.0051788995042443275,1.2676843404769897,0.07412353903055191,0.0,0.0,0.0,0.0,0.15255841612815857,0.0,0.09993088990449905,0.19719380140304565,0.023727353662252426,0.0,0.0,0.0,0.0,0.00723962252959609,0.1391291469335556,0.0,0.0,0.17575976252555847,0.0,0.0,1.0502395629882812,0.0,0.0,0.0,0.09617959707975388,0.10238157957792282,0.475061297416687,0.033996663987636566,0.08462189137935638,0.4755290746688843,0.0,0.0,0.0,0.0,0.01105736754834652,0.0,0.0,0.1714230477809906,0.015681784600019455
1,1.026650309562683,0.28067532181739807,0.4872451424598694,0.859257161617279,0.9936749935150146,1.0017400979995728,0.5224875211715698,1.0620396137237549,0.3122290372848511,0.32249850034713745,1.0329736471176147,0.19100353121757507,0.9795985817909241,1.0011926889419556,0.8937411904335022,0.8901288509368896,0.16244661808013916,1.0698281526565552,0.2824564576148987,0.8821372985839844,1.025874137878418,0.989115834236145,0.2601587176322937,0.20389947295188904,1.0602011680603027,1.0049806833267212,0.9657390713691711,1.0844591856002808,1.0087156295776367,1.006221890449524,0.15218007564544678,0.9925041794776917,0.9684151411056519,0.9851479530334473,0.32007086277008057,0.2824811637401581,1.0608235597610474,0.35698845982551575,1.069825530052185,0.8024914860725403,1.036804437637329,0.9882541298866272,1.0541646480560303,0.22058284282684326,0.26412463188171387,0.28665387630462646,1.0399620532989502,1.1194220781326294,0.9286273717880249,0.22442542016506195,1.0674346685409546,0.6829797625541687,1.076504111289978,0.6839818954467773,0.9795212745666504,0.1978885382413864,0.27593308687210083,0.096148282289505,0.1722034513950348,1.0041273832321167,0.8995608687400818,0.2563032805919647,0.21137718856334686,0.9679737687110901,0.916373074054718,0.9578513503074646,0.8086546063423157,0.23039056360721588,1.0224788188934326,1.065833330154419,0.3531656265258789,0.25946322083473206,0.2500494420528412,0.9592200517654419,0.20033560693264008,0.4198284447193146,0.22271697223186493,0.5868262052536011,0.22118569910526276,0.9937629699707031,0.3811340630054474,0.27054351568222046,0.23010651767253876,0.8981529474258423,1.0008125305175781,0.2455091029405594,0.7696427702903748,0.25806349515914917,0.35008448362350464,0.9006893038749695,0.9580739140510559,0.988093912601471,1.0266538858413696,0.1876317262649536,1.078413963317871,0.26673832535743713,0.9059052467346191,0.8632330894470215,0.3579089939594269,0.8911771178245544,1.0197237730026245,0.9398420453071594,0.3189724385738373,0.5775182843208313,0.9604053497314453,0.33309435844421387,0.19584336876869202,0.9918398857116699,1.039201021194458,0.23238244652748108,0.8023949265480042,0.9012318253517151,0.9119063019752502,0.2794094681739807,0.38426631689071655,0.6107335090637207,0.365105003118515,0.31882888078689575,0.49384838342666626,0.9379721283912659,0.9720650315284729,0.3809789717197418,0.9833579063415527,0.35671141743659973,1.0028026103973389,0.9530158638954163,0.851894199848175,0.3860492706298828
1,0.09216942638158798,0.0,0.010259266942739487,0.17744028568267822,0.1724846214056015,0.16977696120738983,0.4076906740665436,0.13370318710803986,0.0,0.0020173012744635344,0.09739159792661667,0.0,0.1593039184808731,0.12841862440109253,0.024093830958008766,0.0787203386425972,0.0,0.1276695281267166,0.0,0.0961080864071846,0.13172604143619537,0.19127637147903442,0.0,0.0,0.09485741704702377,0.16689322888851166,0.12643879652023315,0.13334335386753082,0.09321532398462296,0.13939177989959717,0.0,0.13512088358402252,0.12946055829524994,0.08233452588319778,0.631745457649231,0.0,0.07745828479528427,0.0,0.1609138697385788,0.11119958013296127,0.14113090932369232,0.14631566405296326,0.11964350938796997,0.0,0.951238214969635,0.0,0.12849242985248566,0.14663733541965485,0.08116790652275085,0.0,0.15622954070568085,0.6934694647789001,0.13629396259784698,0.26030296087265015,0.08917412161827087,0.005947275087237358,1.1648865938186646,0.0,0.0,0.08574524521827698,0.14705510437488556,0.0,0.0,0.04462765157222748,0.10236016660928726,0.16071800887584686,0.18824012577533722,0.0,0.11775633692741394,0.11879589408636093,0.00475453631952405,0.0,0.0,0.11985963582992554,0.0,0.005529528949409723,1.305119276046753,0.5691499710083008,0.0,0.07898632436990738,0.0,0.0,0.0,0.10623607784509659,0.14765866100788116,0.41357436776161194,0.12974600493907928,1.3536783456802368,0.0,0.14787019789218903,0.08470930904150009,0.09436554461717606,0.06703969091176987,0.04818936064839363,0.10438350588083267,0.0,0.22307921946048737,0.1457938402891159,0.0,0.030850155279040337,0.16430138051509857,0.103951595723629,0.0,0.29292622208595276,0.13373680412769318,0.0,0.0,0.09709960967302322,0.19146953523159027,1.090321660041809,0.17926836013793945,0.044285282492637634,0.07299130409955978,0.0,0.01940295286476612,0.6514695286750793,0.0,0.002398594981059432,0.5587838888168335,0.1958855241537094,0.13992004096508026,0.0,0.2552492916584015,0.006828805431723595,0.13369551301002502,0.13454319536685944,0.4570445716381073,0.0
1,0.6335873603820801,0.3023800551891327,0.5288336873054504,0.6036233305931091,0.6953195333480835,0.6868531703948975,0.3665613830089569,0.6935842037200928,0.3347298800945282,0.3487150967121124,0.6201143264770508,0.20499874651432037,0.5847380757331848,0.6280521154403687,0.5486999750137329,0.5388561487197876,0.17289920151233673,0.7192997336387634,0.3042309582233429,0.5071720480918884,0.6627511382102966,0.6273146867752075,0.2814290225505829,0.2183856964111328,0.6834729909896851,0.6809045076370239,0.6373867988586426,0.6954864263534546,0.6341173648834229,0.6334354877471924,0.16304077208042145,0.6433126926422119,0.602867841720581,0.622562050819397,0.3266375660896301,0.30283287167549133,0.678007185459137,0.38427773118019104,0.6856685280799866,0.4402272403240204,0.6487924456596375,0.616737961769104,0.6360728740692139,0.2392638772726059,0.4661407768726349,0.3065449595451355,0.6388341784477234,0.7145663499832153,0.6050992012023926,0.2406165599822998,0.6643794775009155,0.5976067185401917,0.6827343106269836,0.410680890083313,0.5813028812408447,0.2208501249551773,0.5338390469551086,0.10203462094068527,0.18280178308486938,0.6188246607780457,0.5583323836326599,0.27576977014541626,0.22816862165927887,0.5758917927742004,0.5984504222869873,0.5975178480148315,0.49891236424446106,0.2489248365163803,0.6406093239784241,0.6383249759674072,0.38405275344848633,0.28262266516685486,0.26759645342826843,0.5860733389854431,0.21845774352550507,0.45675402879714966,0.5706678032875061,0.525257408618927,0.23687058687210083,0.6147304177284241,0.41595879197120667,0.2916422188282013,0.25009849667549133,0.5446295738220215,0.6115724444389343,0.2475147694349289,0.5181806087493896,0.6812909841537476,0.37680113315582275,0.5183253884315491,0.5731917023658752,0.6133542656898499,0.6060884594917297,0.22055302560329437,0.6820842027664185,0.2903068959712982,0.6208605170249939,0.4942886233329773,0.3914623260498047,0.5573791265487671,0.6829600930213928,0.5576152205467224,0.3450514078140259,0.37453651428222656,0.6128218173980713,0.36699581146240234,0.21265985071659088,0.6203786134719849,0.7200422883033752,0.47026655077934265,0.48958444595336914,0.5038933157920837,0.5444626808166504,0.2980589270591736,0.41436001658439636,0.46901121735572815,0.39715415239334106,0.34992602467536926,0.4117736518383026,0.6388646364212036,0.6394784450531006,0.4130905866622925,0.6304051876068115,0.3899020850658417,0.6217580437660217,0.5896753072738647,0.6406439542770386,0.4193557798862457
1,1.0280780792236328,0.2850283086299896,0.49327024817466736,0.8609760999679565,0.9949578642845154,1.0096852779388428,0.5112591981887817,1.0680477619171143,0.31690898537635803,0.32772165536880493,1.0394171476364136,0.19572550058364868,0.9895780682563782,1.0028388500213623,0.895455539226532,0.8905524611473083,0.16579994559288025,1.0775997638702393,0.28936517238616943,0.8802103996276855,1.0284199714660645,0.9933949112892151,0.26566189527511597,0.20602074265480042,1.0707683563232422,1.013880729675293,0.9784157872200012,1.0915580987930298,1.0123234987258911,1.0199259519577026,0.15599140524864197,1.003344178199768,0.9763098955154419,0.9903467297554016,0.3142567574977875,0.28862467408180237,1.0615565776824951,0.3633550703525543,1.070428490638733,0.8032076358795166,1.0412906408309937,0.9859548807144165,1.054925799369812,0.2265479862689972,0.24114784598350525,0.29208076000213623,1.0413333177566528,1.1213949918746948,0.9389582276344299,0.22870662808418274,1.0647581815719604,0.6853336691856384,1.0858376026153564,0.6795822978019714,0.9734041094779968,0.20491762459278107,0.2595145106315613,0.09773997962474823,0.17466792464256287,1.0092496871948242,0.9018245935440063,0.25882983207702637,0.2168859988451004,0.97600257396698,0.9177250862121582,0.9644448757171631,0.8224143385887146,0.23722372949123383,1.0296021699905396,1.0662219524383545,0.35811594128608704,0.26496997475624084,0.25431695580482483,0.9678643345832825,0.20826947689056396,0.42604926228523254,0.2066391408443451,0.5750804543495178,0.22651459276676178,1.0069750547409058,0.38977375626564026,0.2752833664417267,0.23399916291236877,0.8971602320671082,1.0008156299591064,0.24047893285751343,0.7822636365890503,0.25376105308532715,0.35566291213035583,0.901949405670166,0.9614344239234924,0.9916141629219055,1.0310508012771606,0.19039221107959747,1.0760924816131592,0.270781546831131,0.9020119309425354,0.8758895993232727,0.3665745258331299,0.9003192782402039,1.033800482749939,0.9492759108543396,0.32536768913269043,0.5751062631607056,0.9670571684837341,0.3409081995487213,0.20197772979736328,1.0039544105529785,1.047132968902588,0.21190938353538513,0.808977484703064,0.9068406820297241,0.9184924960136414,0.28385424613952637,0.3883080780506134,0.5950677990913391,0.3722996413707733,0.3247126340866089,0.48051661252975464,0.9530084133148193,0.976443886756897,0.3885965049266815,0.9812102913856506,0.3646547198295593,1.011715054512024,0.9589114785194397,0.8379417657852173,0.39195579290390015
1,0.17769213020801544,0.0,0.0,0.29393237829208374,0.25962546467781067,0.2702975273132324,0.4463006556034088,0.2347867488861084,0.0,0.0,0.17247693240642548,0.0,0.24568462371826172,0.22049038112163544,0.08399835973978043,0.14025188982486725,0.0,0.22564883530139923,0.0,0.18198026716709137,0.21125976741313934,0.26952797174453735,0.0,0.0,0.18445689976215363,0.28116318583488464,0.21661025285720825,0.24412012100219727,0.18342377245426178,0.2071693390607834,0.0,0.23517560958862305,0.23462553322315216,0.186242938041687,0.6039000153541565,0.0,0.16309688985347748,0.0,0.2361469715833664,0.18868117034435272,0.23030763864517212,0.2177286297082901,0.21686410903930664,0.0,0.9259225726127625,0.0,0.20350991189479828,0.22725732624530792,0.15580366551876068,0.0,0.24684052169322968,0.6822368502616882,0.24300122261047363,0.2809706926345825,0.16886408627033234,0.0,1.0935373306274414,0.0,0.0,0.1528673619031906,0.2205747812986374,0.0,0.0,0.11475541442632675,0.18930132687091827,0.2437121421098709,0.2602634131908417,0.0,0.21042867004871368,0.18910975754261017,0.0,0.0,0.0,0.19425208866596222,0.0,0.0,1.329567313194275,0.5842443108558655,0.0,0.16450518369674683,0.0,0.0,0.0,0.18562453985214233,0.21193625032901764,0.3889169692993164,0.22621631622314453,1.3737478256225586,0.0,0.2263435274362564,0.15904274582862854,0.18265782296657562,0.15844258666038513,0.05210886895656586,0.18974216282367706,0.0,0.3358061611652374,0.16432999074459076,0.0,0.09629297256469727,0.2588455379009247,0.18009793758392334,0.0,0.3232667148113251,0.2186371237039566,0.0,0.0,0.18178397417068481,0.2910180389881134,1.0718485116958618,0.2545950710773468,0.11207761615514755,0.15098083019256592,0.0,0.0026677155401557684,0.5419729948043823,0.0,0.0,0.516426146030426,0.2961437702178955,0.2172817587852478,0.0,0.3239666521549225,0.0,0.20579276978969574,0.21095357835292816,0.4482208490371704,0.0
0,0.0,0.4588693082332611,0.6486032605171204,0.01719631813466549,0.0,0.0,0.3387589156627655,0.0,0.6034551858901978,0.5553732514381409,0.0,0.4374231696128845,0.0,0.0,0.0,0.0,0.3610653877258301,0.0,0.6111937761306763,0.0,0.0,0.005861987359821796,0.44694170355796814,0.35401034355163574,0.0,0.0007920080097392201,0.0,0.0,0.0,0.0,0.3023621439933777,0.0,0.0,0.0,0.4563121497631073,0.5095818042755127,0.0,0.6057277321815491,0.0,0.006630412302911282,0.0,0.0,0.0,0.45937371253967285,0.7209741473197937,0.51643306016922,0.0,0.0,0.0,0.4560317099094391,0.0,0.4876542091369629,0.0,0.05311756208539009,0.0,0.4177054464817047,1.0884047746658325,0.22584842145442963,0.3065361976623535,0.0,0.0,0.34014663100242615,0.3610669672489166,0.0,0.0,0.0,0.0,0.45797252655029297,0.0,0.0,0.5407038331031799,0.43712273240089417,0.4689936935901642,0.0,0.4945296347141266,0.5437368750572205,1.1827142238616943,0.47114405035972595,0.4730120301246643,0.0,0.5473567247390747,0.494079053401947,0.40859347581863403,0.0020409689750522375,0.0,0.35169363021850586,0.0,1.1934741735458374,0.604570746421814,0.0,0.0,0.0,0.0,0.31088656187057495,0.0,0.4595227539539337,0.12919417023658752,0.0,0.7166717648506165,0.0,0.0,0.0,0.5839104652404785,0.1702880561351776,0.0,0.563051164150238,0.40852978825569153,0.0,0.0,1.0118324756622314,0.0,0.0,0.0,0.511074960231781,0.5114661455154419,0.5686025619506836,0.5943347811698914,0.49235883355140686,0.5218988060951233,0.0,0.004426405765116215,0.6159557104110718,0.012625383213162422,0.6001701951026917,0.0,0.0,0.25764384865760803,0.5985902547836304
1,0.43128204345703125,0.017833875492215157,0.07624957710504532,0.40609869360923767,0.490881085395813,0.48401662707328796,0.5071035623550415,0.4823894798755646,0.014276647008955479,0.02772808074951172,0.43262702226638794,0.000327274581650272,0.4692092537879944,0.47687485814094543,0.30054816603660583,0.34198758006095886,0.0,0.4740448296070099,0.01606433279812336,0.3816869556903839,0.480425626039505,0.5028765201568604,0.025194523856043816,0.021664392203092575,0.4403765797615051,0.46985891461372375,0.4347774386405945,0.49545562267303467,0.417130708694458,0.4428384304046631,0.0,0.46629542112350464,0.4554673135280609,0.40369436144828796,0.5961441993713379,0.01679905317723751,0.4345480799674988,0.02857699617743492,0.5104809403419495,0.39094117283821106,0.46423983573913574,0.44962629675865173,0.44314149022102356,0.010092361830174923,0.7123631238937378,0.02326388657093048,0.44610291719436646,0.49971985816955566,0.36350104212760925,0.011704914271831512,0.49152544140815735,0.7500292062759399,0.501644492149353,0.4776461720466614,0.4155140817165375,0.03456658497452736,0.8749045729637146,0.0,0.01765964925289154,0.40426361560821533,0.45260515809059143,0.029185427352786064,0.014855417422950268,0.35500356554985046,0.39528992772102356,0.4701922833919525,0.40307751297950745,0.009052218869328499,0.4534345269203186,0.45867323875427246,0.04087097942829132,0.023105284199118614,0.014997896738350391,0.4187043309211731,0.014622715301811695,0.05555654689669609,0.8647208213806152,0.6415432095527649,0.0026728317607194185,0.42408445477485657,0.03972000256180763,0.021938225254416466,0.02365741692483425,0.3600223660469055,0.4613645374774933,0.37419793009757996,0.37054604291915894,0.9376276135444641,0.025675052776932716,0.4150884747505188,0.4069097340106964,0.39849111437797546,0.39812201261520386,0.054940927773714066,0.44548743963241577,0.027699770405888557,0.41455045342445374,0.36766719818115234,0.018405381590127945,0.33207637071609497,0.47888511419296265,0.3836072087287903,0.018509140238165855,0.457767516374588,0.41909483075141907,0.01939457654953003,0.01969623751938343,0.42082804441452026,0.5083664059638977,0.7835409045219421,0.43833640217781067,0.3339771330356598,0.3556450605392456,0.013233394362032413,0.05323715880513191,0.7966707348823547,0.029408276081085205,0.029998574405908585,0.6379875540733337,0.506195604801178,0.4937272369861603,0.034946780651807785,0.5463486909866333,0.03679880499839783,0.45364707708358765,0.44477421045303345,0.6610510349273682,0.038791168481111526
0,0.0,0.10909981280565262,0.0,0.05221344158053398,0.0,0.005455236416310072,0.5658402442932129,0.0,0.0,0.03379376605153084,0.0,0.06000375747680664,0.003090503392741084,0.0,0.0,0.0,0.20701365172863007,0.0,0.0,0.0,0.0,0.0,0.09250568598508835,0.17506524920463562,0.0,0.04454607516527176,0.0,0.0,0.0,0.0,0.1971607208251953,0.0,0.0,0.002935609547421336,0.4407516419887543,0.03370455652475357,0.0,0.0,0.0,0.002714571775868535,0.0,0.0,0.0,0.10817459970712662,0.8407727479934692,0.04346397891640663,0.0,0.0,0.0,0.1138724610209465,0.0,0.4639292061328888,0.0,0.02121657133102417,0.0,0.03443462774157524,1.383863091468811,0.25154587626457214,0.24504484236240387,0.0,0.0,0.03812245652079582,0.07614922523498535,0.0,0.0007747365161776543,0.0,0.0,0.2049190104007721,0.0,0.0,0.0012779004173353314,0.12292049825191498,0.07651247084140778,0.0,0.028723349794745445,0.0,1.5398428440093994,0.4154064953327179,0.054360635578632355,0.0,0.0,0.03138379380106926,0.08114761859178543,0.01672842539846897,0.0,0.7048563957214355,0.01110739354044199,1.3697164058685303,0.0527040958404541,0.0,0.0,0.0,0.0,0.14330141246318817,0.0,0.11348901689052582,0.2625989019870758,0.0,0.0,0.0,0.0,0.0,0.0,0.1450137197971344,0.0,0.0,0.06625214964151382,0.0,0.0,1.114349603652954,0.0,0.0,0.0,0.0224472489207983,0.0,0.38933688402175903,0.0,0.019798101857304573,0.442348450422287,0.0,0.0,0.0,0.0,0.0,0.0,0.0,0.16301095485687256,0.01104719191789627
1,0.9912196397781372,0.3371448814868927,0.538557767868042,0.8106178045272827,0.9411885738372803,0.9605037569999695,0.5278998017311096,1.0298067331314087,0.3695487678050995,0.3811073303222656,1.0041816234588623,0.23397356271743774,0.9652713537216187,0.9640703797340393,0.844307541847229,0.8362591862678528,0.200624480843544,1.019504189491272,0.3400973081588745,0.8725001215934753,0.9772697687149048,0.9620850682258606,0.30520057678222656,0.24288465082645416,1.0219975709915161,0.9676182866096497,0.9318761229515076,1.0365879535675049,0.9672078490257263,0.9882587790489197,0.1810673028230667,0.9693554639816284,0.9128241539001465,0.9438621401786804,0.30802395939826965,0.33896201848983765,1.0009337663650513,0.4273531138896942,1.033534288406372,0.787111759185791,1.0052582025527954,0.9682589769363403,0.9958006143569946,0.2686188817024231,0.23170910775661469,0.34085598587989807,1.0031687021255493,1.0665581226348877,0.8927699327468872,0.27682802081108093,1.043725848197937,0.6594211459159851,1.0509023666381836,0.6625353693962097,0.9469738602638245,0.24178601801395416,0.2586918771266937,0.11893467605113983,0.20624959468841553,0.9621611833572388,0.8661571145057678,0.2906770706176758,0.24564887583255768,0.9295349717140198,0.8683626651763916,0.9281399846076965,0.7996762990951538,0.2881075143814087,0.9960449934005737,1.0474849939346313,0.40454620122909546,0.29716360569000244,0.29477158188819885,0.932351291179657,0.2616823613643646,0.4689578115940094,0.203842431306839,0.5652414560317993,0.2655927538871765,0.969234049320221,0.4379821717739105,0.3149626851081848,0.26867687702178955,0.8465839624404907,0.9774785041809082,0.23419705033302307,0.757000744342804,0.24211740493774414,0.40611734986305237,0.8835908770561218,0.9208673238754272,0.9393611550331116,0.9836828112602234,0.21265852451324463,1.0324294567108154,0.3161320686340332,0.853752613067627,0.8417019248008728,0.4364812970161438,0.8696343898773193,0.9886968731880188,0.9038782715797424,0.3773004412651062,0.5894947648048401,0.921119213104248,0.3937412202358246,0.24715115129947662,0.9628319144248962,0.9991253018379211,0.2130260318517685,0.7878917455673218,0.8722004294395447,0.8617759943008423,0.32017743587493896,0.41891586780548096,0.6231265068054199,0.4276202619075775,0.367756187915802,0.4638347625732422,0.9098634123802185,0.9424777030944824,0.4459984004497528,0.9225326776504517,0.4141237139701843,0.9735039472579956,0.9323429465293884,0.8055197596549988,0.43067941069602966
1,0.6646637320518494,0.0457986555993557,0.2744733691215515,0.5487874746322632,0.683631181716919,0.6674509048461914,0.4603384733200073,0.6932899951934814,0.08184770494699478,0.09485357254743576,0.6766834259033203,0.016827600076794624,0.6568480134010315,0.6887420415878296,0.5320578217506409,0.5637050867080688,0.0007138937362469733,0.7164895534515381,0.0757877305150032,0.5600815415382385,0.7031819820404053,0.6802464127540588,0.07895965129137039,0.05228882655501366,0.6906342506408691,0.6587804555892944,0.6445079445838928,0.7198389172554016,0.6524319052696228,0.676654577255249,0.002385480562224984,0.654043436050415,0.6466931700706482,0.6221409440040588,0.4540349841117859,0.06968916207551956,0.6881928443908691,0.12773996591567993,0.7343349456787109,0.553583562374115,0.6935101747512817,0.69631028175354,0.6909035444259644,0.048365820199251175,0.5232605934143066,0.05958249419927597,0.6878740787506104,0.7591827511787415,0.6023116111755371,0.04791783168911934,0.7297379970550537,0.6723921298980713,0.7253794074058533,0.5947433114051819,0.6391456127166748,0.11805102974176407,0.5908607840538025,0.0,0.03984588384628296,0.6438261866569519,0.6123001575469971,0.08251598477363586,0.05552903562784195,0.5992801785469055,0.607319176197052,0.6678420305252075,0.5370304584503174,0.03605618700385094,0.662447988986969,0.7023057341575623,0.17546245455741882,0.09651914238929749,0.05388132110238075,0.6517899036407471,0.03052224963903427,0.21721158921718597,0.4815694987773895,0.5694065690040588,0.0183220487087965,0.6459521651268005,0.17117957770824432,0.0865679606795311,0.07817868888378143,0.5670018196105957,0.6899205446243286,0.2724445164203644,0.5015764832496643,0.5966591238975525,0.10472478717565536,0.5951083898544312,0.6351800560951233,0.6172205209732056,0.6421837210655212,0.07677505910396576,0.7032328248023987,0.09133213013410568,0.5877543091773987,0.570983350276947,0.11949405819177628,0.5488243699073792,0.685252845287323,0.5910291075706482,0.0835934430360794,0.4920872747898102,0.6320285201072693,0.0850939080119133,0.06945798546075821,0.6399117708206177,0.7094662189483643,0.484221488237381,0.5612801313400269,0.5520521402359009,0.5662909150123596,0.06091247871518135,0.24278655648231506,0.7684264779090881,0.12434960156679153,0.13943138718605042,0.5582438111305237,0.666774332523346,0.6731229424476624,0.15573713183403015,0.7447670102119446,0.16550037264823914,0.6748902797698975,0.6540068984031677,0.7642362713813782,0.15950149297714233
0,0.0,0.5051944255828857,0.0,0.003057954367250204,0.0,0.0,0.45453816652297974,0.0,0.0,0.04122292995452881,0.0,0.4976218044757843,0.0,0.0,0.0,0.0,0.866906464099884,0.0,0.0,0.0,0.0,0.0,0.5846104025840759,0.822166383266449,0.0,0.0,0.0,0.0,0.0,0.0,0.9241396188735962,0.0,0.0,0.0,0.3308761417865753,0.2241373211145401,0.0,0.0,0.0,0.009348530322313309,0.0,0.0,0.0,0.5692009925842285,0.45676714181900024,0.1973213106393814,0.0,0.0,0.0,0.565570592880249,0.0,0.3306308090686798,0.0,0.05897414684295654,0.0,0.08054196834564209,1.0695738792419434,0.9549464583396912,0.9892005920410156,0.0,0.0,0.14489740133285522,0.4129140079021454,0.0022207999136298895,0.0,0.0,0.0,0.9196233749389648,0.0070791179314255714,0.0,0.0018198726465925574,0.5995754599571228,0.4226689636707306,0.0,0.159806489944458,0.0,0.8802341818809509,0.2742108404636383,0.4610634446144104,0.0,0.0,0.2011251300573349,0.45986446738243103,0.0005730653065256774,0.0,0.37888339161872864,0.0,0.7788712382316589,0.1939558982849121,0.0,0.0,0.0,0.15541322529315948,0.2667716145515442,0.0,0.46347665786743164,0.09358758479356766,0.007209564093500376,0.0,0.0,0.0,0.060174934566020966,0.025675367563962936,0.10793909430503845,0.0,0.056374844163656235,0.26285454630851746,0.0,0.0,0.6241782903671265,0.0,0.0,0.0010075884638354182,0.2995144724845886,0.002130045322701335,0.39110806584358215,0.0,0.21382944285869598,0.3119899332523346,0.0,0.0,0.0,0.002580443164333701,0.0,0.0,0.0,0.13540220260620117,0.0
1,0.22765883803367615,0.0,0.0,0.26448699831962585,0.29745227098464966,0.3037970960140228,0.49201393127441406,0.28287601470947266,0.0,0.0,0.238014355301857,0.0,0.3336697220802307,0.30973032116889954,0.12211489677429199,0.18735229969024658,0.0,0.2614579200744629,0.0,0.2562416195869446,0.2696443796157837,0.3459835350513458,0.0,0.0,0.23260407149791718,0.2996196746826172,0.2641732692718506,0.28224778175354004,0.23215875029563904,0.26807665824890137,0.0,0.27597367763519287,0.28479504585266113,0.21476638317108154,0.6632067561149597,0.0,0.2009088397026062,0.0,0.29491376876831055,0.30029383301734924,0.2922077775001526,0.2836008667945862,0.2612372040748596,0.0,0.8191285133361816,0.0,0.2719474732875824,0.3024144768714905,0.19030028581619263,0.0,0.31073611974716187,0.7141095995903015,0.2986721992492676,0.39769846200942993,0.23025208711624146,0.0,1.0056856870651245,0.0,0.0,0.20110481977462769,0.2865281403064728,0.0,0.0,0.16866403818130493,0.20629703998565674,0.3124668598175049,0.3380122184753418,0.0,0.25535887479782104,0.2503562569618225,0.0,0.0,0.0,0.26826468110084534,0.0,0.0,1.1360692977905273,0.6046611070632935,0.0,0.22382228076457977,0.0,0.0,0.0,0.2144305557012558,0.3057900667190552,0.3956647217273712,0.24424639344215393,1.1484696865081787,0.0,0.3132897615432739,0.22827742993831635,0.23088805377483368,0.22088134288787842,0.04145475849509239,0.24623148143291473,0.0,0.3110761344432831,0.23018118739128113,0.0,0.1364823579788208,0.3013171851634979,0.23164492845535278,0.0,0.41702035069465637,0.2692234516143799,0.0,0.0,0.23093926906585693,0.3310372829437256,0.9891868829727173,0.33831986784935,0.1792619526386261,0.19506385922431946,0.0,0.0006560474867001176,0.7215048670768738,0.0,0.0,0.5907270908355713,0.3614042401313782,0.2621581256389618,0.0,0.41975054144859314,0.0,0.27057868242263794,0.2655484676361084,0.51418137550354,0.0
