{
  "dataset": "IMDB-MULTI",
  "embedding_dim": 64,
  "epochs": 100,
  "lr": 0.0005,
  "dropout": 0.0,
  "batch_size": 64,
  "num_layers": 5,
  "pooling": "mean",
  "train_time_sec": 53.147695779800415,
  "embed_time_sec": 0.46022963523864746,
  "total_time_sec": 53.60792541503906,
  "val_best_acc": 0.54,
  "train_acc": 0.49166666666666664,
  "val_acc": 0.54,
  "test_acc": 0.48,
  "peak_tracemalloc_mb": 0.5210361480712891,
  "rss_before_mb": 1465.43359375,
  "rss_after_mb": 1465.43359375,
  "device": "cuda"
}