{
  "dataset": "IMDB-MULTI",
  "embedding_dim": 256,
  "epochs": 40,
  "lr": 0.001,
  "dropout": 0.3,
  "batch_size": 64,
  "num_layers": 5,
  "pooling": "mean",
  "train_time_sec": 21.11765146255493,
  "embed_time_sec": 0.45735669136047363,
  "total_time_sec": 21.575008153915405,
  "val_best_acc": 0.5133333333333333,
  "train_acc": 0.48,
  "val_acc": 0.5133333333333333,
  "test_acc": 0.44666666666666666,
  "peak_tracemalloc_mb": 1.5881280899047852,
  "rss_before_mb": 1471.0546875,
  "rss_after_mb": 1471.27734375,
  "device": "cuda"
}