{
  "dataset": "IMDB-MULTI",
  "embedding_dim": 256,
  "epochs": 100,
  "lr": 0.0005,
  "dropout": 0.0,
  "batch_size": 64,
  "num_layers": 5,
  "pooling": "mean",
  "train_time_sec": 52.379889488220215,
  "embed_time_sec": 0.4636702537536621,
  "total_time_sec": 52.84355974197388,
  "val_best_acc": 0.5466666666666666,
  "train_acc": 0.4891666666666667,
  "val_acc": 0.5466666666666666,
  "test_acc": 0.44,
  "peak_tracemalloc_mb": 1.6027469635009766,
  "rss_before_mb": 1472.359375,
  "rss_after_mb": 1472.359375,
  "device": "cuda"
}