{
  "dataset": "MUTAG",
  "embedding_dim": 64,
  "epochs": 40,
  "lr": 0.001,
  "dropout": 0.3,
  "batch_size": 64,
  "num_layers": 5,
  "pooling": "mean",
  "train_time_sec": 3.010605573654175,
  "embed_time_sec": 0.06603050231933594,
  "total_time_sec": 3.0766360759735107,
  "val_best_acc": 0.9473684210526315,
  "train_acc": 0.8733333333333333,
  "val_acc": 0.9473684210526315,
  "test_acc": 0.7894736842105263,
  "peak_tracemalloc_mb": 0.22298240661621094,
  "rss_before_mb": 1430.88671875,
  "rss_after_mb": 1443.2421875,
  "device": "cuda"
}