{
  "dataset": "IMDB-MULTI",
  "embedding_dim": 128,
  "epochs": 40,
  "lr": 0.001,
  "dropout": 0.3,
  "batch_size": 64,
  "num_layers": 5,
  "pooling": "mean",
  "train_time_sec": 21.48310112953186,
  "embed_time_sec": 0.4598560333251953,
  "total_time_sec": 21.942957162857056,
  "val_best_acc": 0.52,
  "train_acc": 0.4775,
  "val_acc": 0.52,
  "test_acc": 0.47333333333333333,
  "peak_tracemalloc_mb": 0.8554868698120117,
  "rss_before_mb": 1466.43359375,
  "rss_after_mb": 1467.01953125,
  "device": "cuda"
}