dataset,dim,epochs,lr,dropout,it_time_s,embed_time_s,total_time_s,val_acc,test_acc,peak_tracemalloc_mb,rss_before_mb,rss_after_mb
IMDB-MULTI,64,40,0.0005,0.0,20.991536378860474,0.45430803298950195,21.445844411849976,0.5133333333333333,0.47333333333333333,0.5061845779418945,1465.31640625,1465.31640625
