{
  "dataset": "IMDB-MULTI",
  "embedding_dim": 256,
  "epochs": 100,
  "lr": 0.0005,
  "dropout": 0.3,
  "batch_size": 64,
  "num_layers": 5,
  "pooling": "mean",
  "train_time_sec": 52.603107213974,
  "embed_time_sec": 0.4703867435455322,
  "total_time_sec": 53.07349395751953,
  "val_best_acc": 0.5333333333333333,
  "train_acc": 0.49333333333333335,
  "val_acc": 0.5333333333333333,
  "test_acc": 0.46,
  "peak_tracemalloc_mb": 1.6039209365844727,
  "rss_before_mb": 1472.359375,
  "rss_after_mb": 1472.359375,
  "device": "cuda"
}