{
  "dataset": "MUTAG",
  "embedding_dim": 128,
  "epochs": 100,
  "lr": 0.001,
  "dropout": 0.0,
  "batch_size": 64,
  "num_layers": 5,
  "pooling": "mean",
  "train_time_sec": 6.777718544006348,
  "embed_time_sec": 0.06337356567382812,
  "total_time_sec": 6.841092109680176,
  "val_best_acc": 1.0,
  "train_acc": 0.7933333333333333,
  "val_acc": 1.0,
  "test_acc": 0.7368421052631579,
  "peak_tracemalloc_mb": 0.2628517150878906,
  "rss_before_mb": 1445.17578125,
  "rss_after_mb": 1445.203125,
  "device": "cuda"
}