label,dim0,dim1,dim2,dim3,dim4,dim5,dim6,dim7,dim8,dim9,dim10,dim11,dim12,dim13,dim14,dim15,dim16,dim17,dim18,dim19,dim20,dim21,dim22,dim23,dim24,dim25,dim26,dim27,dim28,dim29,dim30,dim31,dim32,dim33,dim34,dim35,dim36,dim37,dim38,dim39,dim40,dim41,dim42,dim43,dim44,dim45,dim46,dim47,dim48,dim49,dim50,dim51,dim52,dim53,dim54,dim55,dim56,dim57,dim58,dim59,dim60,dim61,dim62,dim63,dim64,dim65,dim66,dim67,dim68,dim69,dim70,dim71,dim72,dim73,dim74,dim75,dim76,dim77,dim78,dim79,dim80,dim81,dim82,dim83,dim84,dim85,dim86,dim87,dim88,dim89,dim90,dim91,dim92,dim93,dim94,dim95,dim96,dim97,dim98,dim99,dim100,dim101,dim102,dim103,dim104,dim105,dim106,dim107,dim108,dim109,dim110,dim111,dim112,dim113,dim114,dim115,dim116,dim117,dim118,dim119,dim120,dim121,dim122,dim123,dim124,dim125,dim126,dim127
1,-0.31578457,0.173326,0.17490739,-0.1178107,-0.42674384,-0.05369876,-0.42211506,-0.49625754,0.29252243,0.21353853,0.06484606,0.08370274,-0.017612938,-0.110627174,-0.49369112,-0.40468833,0.109339274,0.122518435,-0.0980995,0.11189516,0.205469,-0.281025,-0.06535056,-0.2569564,-0.38711286,0.0077993013,-0.07654324,0.26887417,0.27084866,-0.0017856956,0.23497026,0.2031827,0.27533078,0.1762451,-0.0058990344,-0.39182574,-0.27430946,-0.042483836,0.15296355,0.20608841,0.3157196,-0.2093049,-0.06056294,-0.37275705,-0.17523956,0.3101146,-0.042639837,0.18221645,0.051538993,0.20395304,0.14871466,0.35292348,0.061003752,0.08685829,-0.40632457,0.04902246,0.07371554,-0.5478425,-0.02640652,0.21122228,0.109376766,0.07609108,0.13828361,0.21245785,0.29899582,-0.18353423,0.09805264,-0.0034661796,0.30702925,0.44945785,0.08049172,-0.4804784,0.16865724,-0.10416801,-0.27520978,-0.47159413,-0.061121132,-0.3044616,-0.2898252,0.091156155,0.38944957,-0.021360148,-0.10945514,-0.13500154,-0.47434396,0.21912995,0.34961998,0.2254766,-0.23332992,0.21175791,-0.33324647,-0.0026799515,-0.1441964,0.21463813,0.16727142,-0.2853741,0.39040565,0.05727863,-0.24458775,-0.086604215,-0.059013728,0.19772431,-0.10166644,0.09636741,-0.06638345,-0.23236912,0.19215074,0.0018906444,0.2681735,0.07773812,-0.005663149,-0.032484278,0.39798713,-0.29397395,-0.26831618,-0.30189985,0.3304445,0.04560841,0.21450788,-0.19232373,0.027690776,0.038005564,-0.2559963,-0.23659065,0.08925738,-0.18444552,-0.13502574,0.1935814
0,-0.012276255,-0.12654033,0.17351985,-0.082597144,-0.07589114,0.09963375,-0.12982696,0.0119878035,-0.0302164,-0.2016277,-0.061376974,-0.094478086,-0.15257387,0.034047406,-0.010224916,-0.06428892,-0.1791004,-0.056053955,0.06635925,-0.10244407,-0.10595548,0.013163712,0.24413553,0.04979775,-0.017474893,0.16862789,0.096933275,-0.2028095,0.008164793,0.21824582,-0.005197228,-0.05539219,-0.0932875,-0.15830667,0.25641552,0.03774697,0.035947375,-0.075582474,0.0016649738,-0.12382826,0.007984195,0.118045874,0.16792487,-0.018427752,0.099821344,-0.062143616,0.20801035,-0.01540295,0.1410284,-0.102735005,-0.15322693,-0.0023600943,-0.204178,-0.04828663,-0.15823597,0.10318326,-0.14641005,-0.043081436,0.20209092,-0.028207913,-0.06452063,-0.03641817,-0.18124202,-0.0012023132,-0.05710323,0.11681683,-0.19167367,-0.027511662,0.045705676,0.102675855,-0.12485206,0.056133054,-0.078204915,0.1957255,0.18899195,0.08497397,-0.22931388,0.07243952,0.059276387,-0.10280795,0.07335453,0.15989706,0.1640985,0.14888936,0.017399255,-0.05130792,-0.03271291,-0.13792875,-0.13867962,-0.10161978,0.023719005,0.044364788,0.09448386,-0.14042503,-0.14691351,-0.009036953,0.0067818565,-0.029653404,0.093874335,0.1842421,0.051868957,-0.007186711,0.014518676,-0.13845336,-0.17020188,-0.0016600527,-0.051158525,-0.26891103,-0.012725756,-0.19594894,0.25786543,0.19836736,-0.057601992,0.013885209,0.056727637,0.059820917,-0.11475002,-0.06125312,-0.09410331,0.15006496,0.02235863,-0.110087216,-0.023840431,0.09654061,-0.19024399,0.070690036,0.22637008,-0.05062804
0,-0.0585201,-0.07103911,0.14699325,-0.0746205,-0.11750519,0.07949573,-0.17119832,-0.048325896,0.01824734,-0.11284308,-0.04050689,-0.039750922,-0.12830697,-0.0005013235,-0.062270086,-0.11294336,-0.13192773,-0.021179058,0.026233807,-0.06457646,-0.05123664,-0.023045368,0.18393043,0.009546988,-0.07594554,0.11747794,0.072991244,-0.11818885,0.037935507,0.17139089,0.048387207,0.005013492,-0.037646428,-0.10033859,0.1888076,-0.029695328,-0.017531462,-0.04823249,0.027074534,-0.06940504,0.053847753,0.055814713,0.12201291,-0.071678355,0.048405323,-0.0058530997,0.15522642,0.014384756,0.12828206,-0.053939078,-0.08934386,0.059377864,-0.14027885,-0.030169487,-0.18445015,0.096144676,-0.082172126,-0.09892942,0.15809296,0.0037522614,-0.04489394,0.0067087524,-0.11243806,0.020292083,-0.008863859,0.07762633,-0.13430232,-0.019056467,0.08106083,0.1414351,-0.072202474,-0.014111131,-0.025578702,0.1377279,0.11743754,0.00175515,-0.1890758,0.012292545,0.015216351,-0.057554517,0.098758996,0.1248823,0.11064927,0.09317322,-0.052607995,-0.009215459,0.014066547,-0.06908357,-0.14501917,-0.055364415,-0.029956758,0.028839104,0.03312414,-0.099010244,-0.08326282,-0.044268698,0.06403523,-0.005467532,0.044211924,0.12742423,0.02426051,0.015734743,-0.016810732,-0.0956904,-0.13605343,-0.042187758,-0.009065252,-0.21370208,0.040302582,-0.14579366,0.1984382,0.1391396,0.015816871,-0.030002154,-0.007142883,0.016689435,-0.0378879,-0.031000186,-0.045603402,0.09328516,0.0151718,-0.07212712,-0.06716481,0.05881188,-0.1306045,0.036286414,0.14652309,-0.018525422
1,-0.5264125,0.39110595,0.23460004,-0.157174,-0.6918411,-0.17265768,-0.6617693,-0.88813955,0.5422911,0.4770397,0.17460346,0.17989738,0.04957499,-0.18439047,-0.8742654,-0.67915523,0.32169574,0.27136326,-0.19169208,0.2391457,0.4183422,-0.51016855,-0.24254933,-0.50946367,-0.6247196,-0.055687267,-0.19804141,0.59382224,0.4748926,-0.11457327,0.39011848,0.35675302,0.5300546,0.3646753,-0.14770168,-0.6825798,-0.49948615,-0.03829351,0.252662,0.43045318,0.5338082,-0.41911206,-0.22738735,-0.65179384,-0.35742387,0.56438327,-0.21276015,0.34685287,0.0035224222,0.41841456,0.34347832,0.5858443,0.22421318,0.19289358,-0.6101523,0.0057522217,0.18780482,-0.9404007,-0.18303975,0.38398153,0.23888642,0.10441833,0.34536895,0.3869879,0.56998396,-0.4108519,0.30448747,0.019907648,0.4905705,0.71797043,0.18867394,-0.8724648,0.31686887,-0.32035702,-0.5810075,-0.8776931,0.026626639,-0.548575,-0.57789344,0.20578389,0.64626724,-0.12550235,-0.2979309,-0.33891314,-0.85154974,0.4326034,0.64656514,0.4838923,-0.34590462,0.43955117,-0.57647336,-0.04108175,-0.29033777,0.48826915,0.38645327,-0.47966725,0.672918,0.09255189,-0.47074047,-0.24924415,-0.11909939,0.35602346,-0.17182565,0.25190493,-0.008715138,-0.4122276,0.33398354,0.17997874,0.4590131,0.2593947,-0.13808599,-0.14994517,0.7285278,-0.53140414,-0.48584652,-0.5775595,0.6392123,0.111151665,0.43595308,-0.42135838,0.03525769,0.12228681,-0.41601264,-0.50863093,0.25987172,-0.3772321,-0.3567711,0.38513476
0,0.3312848,-0.54198724,0.40115365,-0.19272806,0.16493957,0.28423664,0.063191906,0.39727226,-0.30248448,-0.6524655,-0.20073155,-0.45919955,-0.39561704,0.24432425,0.15429841,0.14744696,-0.42909157,-0.2839169,0.3149612,-0.30664015,-0.4152721,0.15761615,0.58707166,0.27195963,0.30717626,0.5401575,0.1782954,-0.693799,0.00092237815,0.4435669,-0.32506022,-0.4305101,-0.3008589,-0.47231802,0.65258944,0.49532017,0.31139344,-0.26454675,-0.15939057,-0.46965975,-0.21633494,0.396319,0.4192163,0.2935311,0.35121688,-0.3425381,0.48615924,-0.19253214,0.23109788,-0.3526137,-0.5557261,-0.32949597,-0.5971273,-0.110188946,-0.05680142,0.1215074,-0.5803306,0.16972513,0.4216313,-0.12835509,-0.16843909,-0.37498277,-0.62800777,-0.0627947,-0.35440513,0.26526347,-0.53549343,-0.078436546,-0.09543239,-0.025099337,-0.504059,0.40995342,-0.4073288,0.5702785,0.56642383,0.53989226,-0.51284754,0.34673193,0.19923373,-0.37304842,0.003108263,0.38647106,0.50140023,0.47774744,0.35611504,-0.2636529,-0.20927939,-0.5680626,-0.16123767,-0.29107368,0.31307322,0.16590557,0.41794902,-0.3491425,-0.5396221,0.11768723,-0.25132006,-0.24133551,0.39961538,0.49266517,0.27218032,-0.17388868,0.22829165,-0.37284368,-0.40649498,0.19346687,-0.23579195,-0.58878374,-0.2682276,-0.5224707,0.63884556,0.6216577,-0.5037243,0.317549,0.41270742,0.18054262,-0.50548285,-0.20530793,-0.33249572,0.48155794,0.08683681,-0.3498537,0.2760125,0.2571405,-0.6001871,0.23776211,0.59877014,-0.2540804
1,-0.42466053,0.31840867,0.1285755,-0.10795586,-0.51666033,-0.08879253,-0.5665729,-0.6305087,0.42404118,0.3620069,0.12815693,0.20126314,0.010311272,-0.16206664,-0.5929775,-0.54076,0.18822363,0.22423519,-0.16372992,0.17863494,0.31039387,-0.36055684,-0.14624868,-0.36674398,-0.48715055,-0.075537294,-0.08996984,0.43040586,0.32495454,-0.06285778,0.3704592,0.3386535,0.37042844,0.24601933,-0.11896893,-0.5245565,-0.36776528,0.008599788,0.1926701,0.31912258,0.3921442,-0.31526467,-0.12120089,-0.4935109,-0.24957134,0.38439974,-0.122297704,0.26161945,0.05400441,0.27313787,0.2809304,0.47637293,0.1911375,0.124856785,-0.4829425,0.07748738,0.19371594,-0.660082,-0.10241308,0.27820182,0.15510052,0.17559096,0.2778315,0.24890395,0.40431648,-0.23392278,0.21401775,0.012427734,0.3798885,0.53413445,0.1784246,-0.6135901,0.2818845,-0.21735643,-0.36770225,-0.64853615,-0.0036359057,-0.4201131,-0.37101227,0.18004376,0.41476753,-0.050310984,-0.22473702,-0.23525159,-0.62806064,0.32139832,0.4368227,0.37974945,-0.28154832,0.296301,-0.4319514,-0.0049276724,-0.2692993,0.2892021,0.32395846,-0.3344941,0.51783884,0.12616587,-0.32911542,-0.18849766,-0.12200707,0.23910089,-0.20653947,0.17880735,0.033803895,-0.31732556,0.24677199,0.06751463,0.38503766,0.15930504,-0.092556216,-0.11590263,0.5765655,-0.42818442,-0.3897365,-0.37762472,0.5032325,0.09941931,0.29697037,-0.27449217,0.01944805,0.11692998,-0.36754167,-0.30404213,0.20403707,-0.25415158,-0.2611746,0.2791135
0,-0.052542884,-0.104167834,0.17024353,-0.095436685,-0.12383272,0.08274479,-0.15756884,-0.05327473,0.0038837679,-0.13513261,-0.057046693,-0.079667464,-0.1262718,0.0099866055,-0.091506034,-0.09606259,-0.13637117,-0.04815857,0.039699096,-0.06692558,-0.060787596,-0.026793301,0.18336222,0.015451081,-0.083670095,0.13967156,0.06129793,-0.13388583,0.058430243,0.17020875,0.017762385,-0.020544104,-0.02706407,-0.0883699,0.21672356,-0.027303036,-0.009064361,-0.07964173,0.028004834,-0.074933454,0.053855117,0.06241702,0.1350017,-0.058943376,0.050546408,0.00698583,0.16748618,0.0026950503,0.11513123,-0.05166228,-0.12057657,0.049510997,-0.1706703,-0.03178689,-0.18906897,0.08672599,-0.11791268,-0.11957529,0.16443858,0.017685905,-0.04478082,-0.02850698,-0.14238493,0.030861685,-0.011348821,0.062838025,-0.15793595,-0.027305497,0.09244069,0.15865615,-0.090303645,-0.026156045,-0.042108305,0.16407022,0.10333063,0.0034666248,-0.20151967,0.006270159,0.005670294,-0.07509431,0.13052158,0.120562896,0.1332734,0.11497761,-0.043177616,-0.02705663,0.02486211,-0.10229561,-0.13629827,-0.053095475,-0.029407311,0.044421606,0.06339375,-0.081553996,-0.11502356,-0.06272127,0.061668422,-0.025728358,0.041504554,0.13843173,0.038619522,0.024500303,0.009953802,-0.10172619,-0.1653198,-0.025606647,0.0032976978,-0.21592703,0.0269816,-0.15524828,0.20394465,0.15552709,-0.0028625913,-0.015196707,0.008536074,-0.0024161637,-0.050198514,-0.05192876,-0.046731804,0.092623696,0.030747816,-0.09484336,-0.051089965,0.05300238,-0.15428056,0.031820543,0.16568048,-0.028382456
1,-0.17451961,0.013114359,0.27669573,-0.16019201,-0.32844195,0.018498417,-0.3539381,-0.34328553,0.18684928,0.028351195,0.016731307,-0.0633312,-0.12502564,-0.022666465,-0.42705205,-0.3259069,0.00934384,0.039099082,0.004864387,0.022526383,0.07574731,-0.22349325,0.08692673,-0.17270926,-0.24254891,0.16429153,-0.037679937,0.06744085,0.2687491,0.10170545,0.10807724,0.04902511,0.1836804,0.032204922,0.15960571,-0.20050924,-0.16388655,-0.119219676,0.08466981,0.06202388,0.22080365,-0.08841767,0.038360357,-0.25235066,-0.06565224,0.18746798,0.06962784,0.11908165,0.09661147,0.0992153,-0.016118638,0.21634236,-0.10149271,0.06392269,-0.36927265,0.05708293,-0.104794964,-0.46059236,0.06540988,0.165415,0.067933895,-0.063923195,-0.041806713,0.18905826,0.17949456,-0.12079933,-0.037502773,-0.021289004,0.24580848,0.39761895,-0.080920875,-0.33252072,0.030405896,0.04416738,-0.11010578,-0.2864807,-0.1811414,-0.18449229,-0.23705967,-0.02254276,0.35781363,0.080976814,0.025613539,-0.0024053939,-0.34215352,0.1400142,0.27783448,0.055997957,-0.25373048,0.13260339,-0.20974924,0.0442537,-0.014685713,0.13017063,0.0113569945,-0.22836718,0.28597435,-0.031541612,-0.112230286,0.043300536,0.03395584,0.12994751,-0.018513286,-0.003881,-0.15917566,-0.15958007,0.107715316,-0.13220398,0.16307375,-0.059173096,0.1612176,0.15118912,0.22192307,-0.17654672,-0.122278765,-0.24977645,0.17146504,-0.01242208,0.114959985,-0.053449698,0.05086904,-0.059468117,-0.13437626,-0.17533618,-0.08354159,-0.116139844,0.021576367,0.1143252
0,-0.0134758465,-0.12639661,0.19485609,-0.104529515,-0.09794454,0.10770734,-0.17616455,-0.01320021,-0.0026520304,-0.18328044,-0.055481404,-0.102050394,-0.17575496,0.039275926,-0.06868753,-0.11165018,-0.1670636,-0.046375014,0.07006636,-0.08977866,-0.088654056,-0.02186054,0.24029753,0.021277651,-0.03759462,0.19196185,0.0832122,-0.18583658,0.058292177,0.20727077,0.012113295,-0.047965236,-0.053418964,-0.1501325,0.25589338,0.035000283,0.01863081,-0.086497545,0.0017994493,-0.11359878,0.029589407,0.08790445,0.16925883,-0.03655934,0.08556911,-0.047154963,0.2027453,-0.0021713038,0.14754122,-0.09077262,-0.14695944,0.021534897,-0.20021802,-0.029166367,-0.18992785,0.10977213,-0.15987629,-0.097880065,0.18850517,0.006002672,-0.049819857,-0.051779747,-0.18212996,0.02407425,-0.040146746,0.093146764,-0.18693718,-0.02818725,0.076565996,0.14488927,-0.13771702,0.0151506215,-0.0707315,0.19410048,0.17151187,0.049575068,-0.24292448,0.036168866,0.018012568,-0.09914583,0.104388654,0.17031664,0.15756921,0.144365,-0.028758775,-0.024296839,0.009909123,-0.12429634,-0.16774052,-0.06818979,-0.00030888058,0.06146776,0.08087658,-0.11540836,-0.13248292,-0.03547862,0.04737433,-0.03657655,0.0820243,0.1719576,0.060155105,-0.006645296,0.0051823542,-0.12370856,-0.16613607,-0.020467505,-0.03481193,-0.27462023,0.017017066,-0.19787899,0.26863998,0.22026783,-0.033436853,-0.004287109,0.04254816,0.009183824,-0.075927295,-0.052454304,-0.0712246,0.14794673,0.029661402,-0.10806975,-0.030250765,0.06818103,-0.19480152,0.0491634,0.20356368,-0.03401176
1,-0.4058819,0.2765895,0.1984556,-0.12955348,-0.53836584,-0.10845159,-0.5296102,-0.6657957,0.40235665,0.32890907,0.1169048,0.13043442,0.010475349,-0.14368959,-0.6503851,-0.52333814,0.20126897,0.19251248,-0.14134987,0.16718563,0.29724953,-0.37875926,-0.1376667,-0.36554065,-0.48352376,-0.022263747,-0.12345998,0.4090646,0.3527368,-0.045442015,0.3094552,0.27355176,0.3760578,0.2510487,-0.07089674,-0.5156239,-0.3715331,-0.037056252,0.1946989,0.3006527,0.406827,-0.297732,-0.13322084,-0.49295557,-0.249011,0.41200143,-0.11858353,0.25814906,0.036732983,0.29163268,0.23559654,0.45348468,0.13378191,0.1330372,-0.49269605,0.034221523,0.12988545,-0.7088951,-0.09142684,0.28000367,0.166904,0.098507,0.23235992,0.283915,0.41564527,-0.27573392,0.18952197,0.008626962,0.38265228,0.5614604,0.12671085,-0.6451771,0.23344435,-0.20083384,-0.4000767,-0.6446572,-0.02199407,-0.40504915,-0.40826815,0.13965648,0.49089888,-0.060412824,-0.19540742,-0.22329436,-0.63867646,0.31601167,0.47280532,0.34311345,-0.2842251,0.30567795,-0.43606883,-0.019615773,-0.21131822,0.32895744,0.2663464,-0.3621473,0.5118696,0.075944126,-0.33943793,-0.15716621,-0.08683254,0.26493418,-0.13946314,0.16150585,-0.036354594,-0.31333485,0.24896774,0.0764343,0.3508154,0.15421394,-0.06166347,-0.08061834,0.5463004,-0.39999583,-0.36189762,-0.4153109,0.4630086,0.07569085,0.3080489,-0.28993362,0.025910024,0.07765877,-0.32751322,-0.35104465,0.163982,-0.26494563,-0.23094666,0.2769824
1,-0.16951585,0.013291772,0.19677931,-0.116738394,-0.2702973,0.01954284,-0.27943835,-0.26850873,0.1360476,0.0064537004,-0.0028400943,-0.02756055,-0.08194871,-0.037287045,-0.29334188,-0.24029,-0.023364775,0.024957329,-0.012293113,0.010325097,0.052643124,-0.15123063,0.08131355,-0.11524483,-0.2179333,0.10284853,-0.003638085,0.040546253,0.165396,0.10352927,0.102482006,0.06304243,0.11337808,0.025765713,0.1376422,-0.19189867,-0.12699372,-0.08057252,0.083948314,0.04760742,0.17393094,-0.051775098,0.051987197,-0.20380507,-0.046383847,0.14744197,0.08041294,0.08576669,0.086474776,0.064835176,-0.013898566,0.17813988,-0.085179746,0.024124641,-0.297599,0.06496861,-0.055632383,-0.33268383,0.0834413,0.10889995,0.029852763,-0.0043735653,-0.031458013,0.12432335,0.13550776,-0.058119755,-0.050580222,-0.018879214,0.19266126,0.30472896,-0.033293087,-0.2422449,0.04104323,0.050813776,-0.06873827,-0.21489106,-0.14968082,-0.13075703,-0.14053327,-0.013206337,0.26821068,0.06190224,0.031687684,0.008836653,-0.24452108,0.08581852,0.18516383,0.03577921,-0.18871108,0.070236996,-0.16573474,0.026737615,-0.013667237,0.06329413,0.0011807084,-0.17137444,0.21375032,-4.1797757e-06,-0.08789228,0.047914445,0.0033470658,0.109450564,-0.027244667,-0.017057836,-0.13904554,-0.11785345,0.084338866,-0.12605482,0.1273613,-0.056235533,0.12367533,0.0886877,0.17723297,-0.14359911,-0.1064747,-0.15040207,0.114828,-0.018047731,0.07150093,-0.034695324,0.035507023,-0.04831855,-0.13562319,-0.091836296,-0.058783844,-0.070486665,0.044931367,0.07591238
1,-0.3796522,0.23208411,0.21079817,-0.13964938,-0.51607597,-0.08944617,-0.49905726,-0.6278149,0.37169206,0.29084313,0.09793363,0.098067835,-0.0019350462,-0.12850778,-0.63296634,-0.4951358,0.17770368,0.16438814,-0.120748475,0.15137875,0.2693097,-0.35997835,-0.11768107,-0.34009853,-0.46214238,0.0036023892,-0.12113625,0.36805546,0.3494444,-0.033849552,0.27294004,0.24028268,0.36344957,0.23683816,-0.038559653,-0.4802516,-0.34681228,-0.05230555,0.1840393,0.2738627,0.38762498,-0.27444074,-0.11230463,-0.46253765,-0.23308448,0.39620617,-0.09252785,0.23540576,0.035882436,0.2751804,0.19913927,0.4240869,0.09994712,0.12349482,-0.47795415,0.029669493,0.09244884,-0.6887686,-0.07608218,0.2712112,0.15389323,0.065411426,0.1926282,0.27671018,0.3869955,-0.26622823,0.15761381,0.0023344178,0.37028322,0.54585236,0.10039616,-0.61373067,0.20729205,-0.16568062,-0.3775015,-0.6030317,-0.040957976,-0.3834523,-0.3935789,0.11966722,0.4889833,-0.052789167,-0.16251203,-0.19577555,-0.60048383,0.28676063,0.4554419,0.29942024,-0.2750682,0.28952664,-0.41017377,-0.012579173,-0.18119457,0.3109718,0.22701849,-0.35736758,0.483721,0.056630854,-0.31612143,-0.13295397,-0.0694675,0.25038552,-0.11218346,0.14387712,-0.06107144,-0.28922367,0.23821601,0.05602148,0.32567242,0.13121852,-0.03993,-0.05787892,0.49918258,-0.3670216,-0.33198673,-0.40267488,0.4256697,0.06271953,0.28696167,-0.2657281,0.03598752,0.05529927,-0.29783666,-0.33435842,0.13180363,-0.25072443,-0.20037904,0.25529388
1,-0.5545623,0.44692355,0.20188066,-0.13974194,-0.7021028,-0.18139108,-0.70544356,-0.9076189,0.5801968,0.51903015,0.19731534,0.2344156,0.05472551,-0.20268923,-0.868064,-0.714567,0.33577526,0.30878395,-0.21411806,0.25461817,0.44525495,-0.51985824,-0.25992763,-0.53280973,-0.6400858,-0.09408361,-0.18793589,0.6357665,0.46916738,-0.12721364,0.44153443,0.40662253,0.54021555,0.36980155,-0.1908178,-0.71510917,-0.518919,-0.0077029914,0.26082125,0.4595817,0.5455527,-0.444898,-0.24013324,-0.67865235,-0.36948735,0.5666442,-0.23253423,0.36956415,0.01302385,0.42436737,0.39472333,0.6207137,0.274342,0.19794296,-0.6205208,0.026836693,0.24139464,-0.9416201,-0.20195156,0.38950443,0.2466135,0.15904737,0.39538312,0.38216034,0.5898475,-0.4037848,0.34329915,0.028286176,0.4999167,0.72143173,0.22704312,-0.8863989,0.356304,-0.3586737,-0.58484024,-0.91526324,0.046876587,-0.57237977,-0.5800755,0.23804168,0.618951,-0.12573144,-0.33841604,-0.36878532,-0.8828977,0.46138936,0.64908975,0.5353693,-0.3581613,0.4505086,-0.5955536,-0.041561097,-0.3379988,0.48886275,0.44423145,-0.4741331,0.699102,0.1262817,-0.4842305,-0.2787198,-0.14705376,0.3573629,-0.22130573,0.27305666,0.040794984,-0.43422723,0.33899003,0.19193,0.49479234,0.28027996,-0.16461349,-0.17805281,0.78128946,-0.57224965,-0.52253866,-0.5757692,0.68678623,0.13281138,0.44817573,-0.43522695,0.023473248,0.15639144,-0.45632437,-0.50878185,0.3019641,-0.38642734,-0.39151525,0.40685079
0,-0.014165096,-0.12289332,0.18607706,-0.09539159,-0.09463644,0.10275383,-0.16529544,-0.009373935,-0.0068752132,-0.18113548,-0.055692986,-0.095107615,-0.1673463,0.034079608,-0.054887455,-0.10137903,-0.1659995,-0.0471929,0.065805316,-0.09142541,-0.089492574,-0.014584407,0.23569545,0.027118828,-0.03630168,0.17904356,0.08424613,-0.1839734,0.04653873,0.20559596,0.009166456,-0.045787238,-0.06033559,-0.14863071,0.24972284,0.031971056,0.018357955,-0.081130505,0.0037275217,-0.11269793,0.027968995,0.09019205,0.16276622,-0.03561003,0.08404894,-0.046441607,0.19882685,-0.0034980474,0.14441863,-0.08994038,-0.14243698,0.018806402,-0.19567256,-0.033236157,-0.18105504,0.10591898,-0.14928317,-0.086446,0.18755427,-0.002534844,-0.05354577,-0.044365138,-0.17620343,0.018490458,-0.04118982,0.09687707,-0.18190736,-0.026746882,0.071769685,0.13515335,-0.12877442,0.022059847,-0.06729726,0.18905619,0.17116699,0.053377785,-0.236298,0.041255042,0.025179818,-0.09549233,0.096471325,0.16362473,0.15403707,0.14019953,-0.021512154,-0.0281962,0.0009771287,-0.12348834,-0.16067594,-0.07156827,0.0021466855,0.054311104,0.078522064,-0.1190847,-0.1323506,-0.030764114,0.040636025,-0.034055673,0.08111367,0.17020184,0.05494919,-0.004545577,0.0053438605,-0.12346574,-0.16320157,-0.018481895,-0.035571605,-0.26632676,0.015199184,-0.19317633,0.2602859,0.20926356,-0.034614343,-0.0014717206,0.039399046,0.019436188,-0.08087929,-0.050804418,-0.07411906,0.14252019,0.023747988,-0.10382725,-0.032110326,0.072892986,-0.1876812,0.052914288,0.20272315,-0.037942104
1,-0.502563,0.3633647,0.20182255,-0.14349939,-0.65052485,-0.15374912,-0.6179087,-0.82511795,0.5022064,0.4582566,0.15519923,0.18316835,0.052696403,-0.18823175,-0.8063736,-0.63164186,0.29156873,0.24661548,-0.19023609,0.23247385,0.3945544,-0.47054467,-0.23619515,-0.46254665,-0.6015786,-0.06951748,-0.18117803,0.5574713,0.44,-0.115923,0.37840506,0.3513922,0.49694788,0.3580564,-0.1506651,-0.6494092,-0.46955138,-0.027979784,0.24204066,0.40488192,0.5051663,-0.39929295,-0.20690359,-0.6075535,-0.3384368,0.5335612,-0.1956648,0.3181967,0.0055296086,0.3924613,0.32722542,0.56387126,0.21516788,0.17611994,-0.5720815,0.012385697,0.1927667,-0.87331915,-0.16508722,0.35791445,0.2201702,0.123777814,0.32961848,0.35313407,0.5282013,-0.37540203,0.2796777,0.01491447,0.4647934,0.6707724,0.19003645,-0.81624514,0.3089098,-0.2943055,-0.5507486,-0.8192213,0.029688142,-0.52301896,-0.5234092,0.20125918,0.59845656,-0.12213924,-0.27793232,-0.31433806,-0.792553,0.39700297,0.59590924,0.45433506,-0.3133412,0.40765584,-0.5480499,-0.037756808,-0.28324622,0.4433949,0.36068422,-0.452968,0.63076216,0.098801,-0.44658443,-0.24127716,-0.11873551,0.33016172,-0.16827306,0.23604533,-0.007296644,-0.3852646,0.32547483,0.16337699,0.43807495,0.24227837,-0.14318359,-0.15509897,0.6843188,-0.4934514,-0.46336144,-0.5313277,0.60113513,0.10885961,0.40575552,-0.39827678,0.031796783,0.12178771,-0.3968145,-0.4598644,0.25027105,-0.34810257,-0.34371763,0.35501185
1,-0.55484366,0.44727612,0.19958499,-0.14129029,-0.70217276,-0.17795156,-0.70832634,-0.905659,0.5805298,0.51817244,0.19704923,0.2363052,0.053262938,-0.20195433,-0.86601067,-0.7174466,0.33396107,0.30927074,-0.21433872,0.2555692,0.4452347,-0.5212296,-0.25755364,-0.53310376,-0.6412424,-0.09286764,-0.1850399,0.6335285,0.46810427,-0.12738869,0.44600594,0.40878063,0.5401057,0.3677509,-0.19034693,-0.71349853,-0.51729834,-0.007848769,0.25925535,0.4588593,0.54354584,-0.44520426,-0.23646288,-0.67795795,-0.3683776,0.56345093,-0.23077878,0.36857426,0.014544375,0.422675,0.39466134,0.6209179,0.27508202,0.19805574,-0.62107223,0.031494476,0.24073529,-0.9398309,-0.19933885,0.39002585,0.24672315,0.16163453,0.39519748,0.38113227,0.5895563,-0.40050495,0.34202322,0.027646894,0.5007098,0.7216164,0.2271603,-0.88587594,0.35724843,-0.3562031,-0.58178455,-0.9136656,0.04613679,-0.573348,-0.57682353,0.23857664,0.61574733,-0.122224115,-0.33689648,-0.36697513,-0.88277453,0.4627508,0.648232,0.5357951,-0.35939726,0.44943446,-0.5959857,-0.0381162,-0.33849773,0.48485172,0.44540232,-0.47114375,0.7002407,0.1286437,-0.48357198,-0.2794832,-0.14784065,0.35481372,-0.22572966,0.27323636,0.04257308,-0.43380266,0.33799303,0.18709138,0.49561116,0.2775327,-0.16211891,-0.17589778,0.7813273,-0.5739083,-0.5213113,-0.5745678,0.6879576,0.1331813,0.44700563,-0.4308945,0.024135053,0.15716743,-0.45724034,-0.505235,0.30129656,-0.38572282,-0.39111453,0.40625206
0,0.13661258,-0.2990068,0.25427765,-0.1168077,0.04283578,0.17068729,-0.022707,0.18722495,-0.16442211,-0.404352,-0.12260447,-0.2440756,-0.24117328,0.12336852,0.0998822,0.057385035,-0.28922966,-0.15458499,0.16758248,-0.19732189,-0.24543403,0.09438613,0.39213184,0.15958786,0.13298187,0.31343538,0.14298454,-0.41942698,-0.029451676,0.32271916,-0.14854743,-0.21704188,-0.20983283,-0.2983586,0.4222932,0.23433663,0.16176283,-0.15102741,-0.06675167,-0.28010595,-0.10180149,0.2557057,0.2746297,0.12583116,0.21589583,-0.19414294,0.32395336,-0.09580966,0.17846195,-0.21764468,-0.32755664,-0.16045544,-0.37420285,-0.08720233,-0.092977256,0.11040256,-0.31773558,0.082501024,0.30599153,-0.09095947,-0.11821188,-0.16804962,-0.370012,-0.04525155,-0.18780273,0.19852291,-0.34161237,-0.042620115,-0.03535212,0.020689763,-0.27531722,0.22973922,-0.22082181,0.35547104,0.36004224,0.29980317,-0.34102312,0.21640122,0.14537732,-0.2207994,0.025639083,0.24877137,0.3066421,0.2930754,0.18866178,-0.15451512,-0.13327593,-0.32664064,-0.13039881,-0.20266187,0.16147305,0.08621233,0.24094084,-0.24688976,-0.32064074,0.06528467,-0.12718838,-0.119252324,0.23113686,0.320794,0.13566239,-0.07516189,0.109667346,-0.24743474,-0.27246255,0.09385383,-0.14309347,-0.39571583,-0.13754037,-0.33325788,0.41164675,0.36205044,-0.25541013,0.15309492,0.21393915,0.1393087,-0.30847564,-0.12870859,-0.2074316,0.29484138,0.043233134,-0.21374871,0.1035244,0.1835865,-0.359056,0.1544156,0.40338326,-0.14731322
1,-0.19778658,0.04038335,0.18346989,-0.117566034,-0.29894397,0.009489685,-0.30805725,-0.3055647,0.16547376,0.055891387,0.0054483563,-0.0053608194,-0.06799896,-0.050489347,-0.335968,-0.27270135,0.00021883845,0.04083325,-0.03174725,0.034595847,0.085847005,-0.1751138,0.045801576,-0.14335692,-0.25866687,0.07932274,-0.023456033,0.087604284,0.19007331,0.07305163,0.12940393,0.097792104,0.1517017,0.064432666,0.10305879,-0.22838469,-0.15755907,-0.069607325,0.09889833,0.082408324,0.20355362,-0.09463205,0.030556902,-0.23409145,-0.07948537,0.18101095,0.053438347,0.10304241,0.07565478,0.09354004,0.022562347,0.21751934,-0.04841701,0.03652421,-0.31562403,0.062039755,-0.024411827,-0.3728148,0.05524473,0.13451943,0.043631263,0.013123136,0.0038805064,0.14109589,0.16333401,-0.0850918,-0.022126582,-0.017132314,0.21849346,0.33321324,-0.003385391,-0.28838116,0.07167247,0.02167064,-0.11296329,-0.26470512,-0.13025394,-0.17371747,-0.1715346,0.014214519,0.29006356,0.042045005,0.0044245273,-0.021409046,-0.28916943,0.10985098,0.21822488,0.072976634,-0.19637245,0.10104409,-0.20228554,0.021739475,-0.046823815,0.09209187,0.037366763,-0.20088896,0.25018692,0.012641702,-0.11877419,0.015487421,-0.00952867,0.12246552,-0.044029437,0.010237932,-0.11929031,-0.13916859,0.11095116,-0.09558432,0.16074999,-0.026754308,0.09130368,0.057199225,0.21566145,-0.1701804,-0.14421947,-0.18283674,0.16469744,3.5536475e-05,0.10280673,-0.065869525,0.035065554,-0.028186038,-0.15994397,-0.11608606,-0.02662991,-0.09384051,-0.0019034445,0.09393541
0,-0.01892567,-0.11437678,0.17056313,-0.0810927,-0.08483082,0.09285663,-0.14307132,-0.0018736289,-0.017270055,-0.18320414,-0.053982906,-0.08269459,-0.15238252,0.03014354,-0.025359135,-0.07702296,-0.16702083,-0.0473756,0.059230167,-0.09612389,-0.09317443,0.0020480454,0.23092099,0.03977443,-0.029363975,0.15984449,0.08958039,-0.1860523,0.01795768,0.20741668,0.0064505627,-0.04266137,-0.0792735,-0.14719972,0.24038056,0.02629396,0.023369439,-0.067467466,0.007479403,-0.1129401,0.020075839,0.10105388,0.15672272,-0.028923903,0.08647752,-0.050855093,0.1955895,-0.008249555,0.14071563,-0.09276589,-0.13809504,0.012652401,-0.19041324,-0.041288026,-0.16425015,0.101019435,-0.1331507,-0.059833188,0.19171795,-0.019919135,-0.060167275,-0.029798314,-0.16741464,0.0070679244,-0.0463211,0.1084136,-0.17826697,-0.023085987,0.056394514,0.11301622,-0.113124564,0.039513893,-0.06775785,0.18166836,0.1746795,0.06586673,-0.22207916,0.057210237,0.047859117,-0.0931774,0.080343075,0.15053228,0.14952952,0.136783,-0.0015228726,-0.038510937,-0.020018905,-0.12175581,-0.14353308,-0.08950504,0.008734491,0.042949118,0.08082189,-0.12962934,-0.13310258,-0.016344892,0.022277683,-0.026683278,0.08304394,0.17175727,0.043995623,-0.0025399774,0.005646488,-0.12955728,-0.16024564,-0.013113327,-0.04140564,-0.2566824,0.0040116087,-0.18501483,0.24867865,0.18982755,-0.03913698,0.0052015185,0.04085547,0.045449443,-0.096702896,-0.053086862,-0.07916212,0.13863362,0.01869351,-0.100997016,-0.03517359,0.086372875,-0.17708221,0.062735766,0.20897311,-0.04285936
1,-0.3107442,0.16760239,0.23616147,-0.14523883,-0.45454717,-0.05607297,-0.45926553,-0.53540933,0.31473836,0.20049801,0.07669384,0.04594135,-0.04682428,-0.09040573,-0.56268364,-0.44386086,0.12139409,0.12962528,-0.0787227,0.10643029,0.2051426,-0.31696042,-0.040861532,-0.28885084,-0.38401535,0.059714843,-0.0884027,0.26595718,0.31955895,0.019046605,0.22444797,0.17728943,0.2977317,0.15791672,0.030471567,-0.38552675,-0.28563967,-0.073747486,0.14835092,0.2021674,0.33070412,-0.20995072,-0.06032051,-0.3948995,-0.17329083,0.31871423,-0.038616553,0.20120363,0.06190042,0.21141157,0.13042223,0.35425523,0.034478113,0.104824886,-0.44583485,0.045026656,0.028227106,-0.6102096,-0.025071286,0.2351784,0.12642622,0.026328348,0.11570195,0.2472017,0.32044202,-0.21239883,0.09422686,-0.004827557,0.32594132,0.49684873,0.038325027,-0.51797533,0.14725845,-0.098498166,-0.27798226,-0.49760142,-0.09098607,-0.3135285,-0.34060377,0.07108313,0.43938792,-0.0008421801,-0.10300259,-0.13180535,-0.5181398,0.24372226,0.3953369,0.22311357,-0.27482954,0.23461844,-0.3432446,0.007909171,-0.12629816,0.24777241,0.16095047,-0.30819306,0.4189617,0.030715302,-0.24510491,-0.0703579,-0.036426652,0.21151581,-0.08804958,0.09158201,-0.08965526,-0.24954382,0.18803048,-0.012265205,0.2716781,0.065397665,0.03453665,0.018426696,0.41301644,-0.3092936,-0.26187506,-0.3482072,0.34103778,0.037557904,0.22958362,-0.18969162,0.037989378,0.018487439,-0.24815664,-0.28112808,0.0590683,-0.20403732,-0.121649146,0.2108562
1,-0.19106233,0.06593692,0.10175623,-0.07119998,-0.24188964,0.023352798,-0.29541844,-0.22703235,0.14992706,0.071000315,0.0103492215,0.068291575,-0.063930586,-0.07235919,-0.2201576,-0.24322206,-0.027567044,0.05737137,-0.055128325,0.028566971,0.079500824,-0.12303133,0.044282414,-0.102340214,-0.22909044,0.014030341,0.017572371,0.080552846,0.12220928,0.06730673,0.17189088,0.14244851,0.10309258,0.039661426,0.052544896,-0.2088808,-0.1382646,-0.00784342,0.08962445,0.07426596,0.1674445,-0.08573549,0.035147764,-0.2057228,-0.063007206,0.13048904,0.0548775,0.0886096,0.09356258,0.059687853,0.055538386,0.21466419,-0.0026380643,0.016114108,-0.26782477,0.090847954,0.04398436,-0.26317137,0.060433835,0.0943452,0.014133804,0.096106105,0.039789177,0.08246423,0.11950987,-0.019138556,-0.008747421,-0.009098491,0.18439707,0.25582314,0.045336746,-0.20820177,0.100142755,0.010053642,-0.05833449,-0.21804696,-0.1042538,-0.14829999,-0.09618124,0.040761456,0.18199532,0.04940649,-0.012628637,-0.024203721,-0.23278385,0.09112542,0.13973202,0.091677815,-0.1664729,0.060020417,-0.17151193,0.016668744,-0.09042568,0.025035873,0.06548414,-0.13911892,0.21111962,0.057553794,-0.08923526,0.00048344582,-0.03933424,0.08347171,-0.095125504,0.009239517,-0.05452185,-0.13082501,0.095222466,-0.10259947,0.16809168,-0.02913662,0.06760167,0.017554162,0.20479842,-0.16046982,-0.15091637,-0.1033276,0.15841195,0.023523778,0.07079452,-0.039341837,0.010814965,0.011027511,-0.1800426,-0.041478895,0.0045789555,-0.058165837,-0.015659608,0.07419241
1,-0.27969104,0.1326676,0.23120151,-0.14282367,-0.41810822,-0.037726242,-0.42717585,-0.48078004,0.2797633,0.16163185,0.05849524,0.027095173,-0.058625963,-0.077583864,-0.5160462,-0.40920213,0.09219567,0.10736391,-0.063943796,0.08847076,0.17468907,-0.28824183,-0.015233092,-0.25660944,-0.35236982,0.07454193,-0.07410602,0.21904401,0.29592985,0.03421943,0.19954222,0.15299425,0.2658851,0.13173047,0.054171175,-0.34277183,-0.25489026,-0.07708754,0.13488975,0.17065485,0.3012585,-0.18272805,-0.03522124,-0.3558162,-0.14892274,0.28365391,-0.012769833,0.17813574,0.0674396,0.1816133,0.09985801,0.32037103,0.00940457,0.090585455,-0.41891772,0.04948125,0.006414473,-0.55990046,-0.00443615,0.21448116,0.10789976,0.016750626,0.08274419,0.2261885,0.28182295,-0.18399936,0.06301322,-0.008596359,0.30345488,0.46360865,0.019319562,-0.46543896,0.12518705,-0.06569746,-0.23650599,-0.44133028,-0.10685921,-0.28157082,-0.30525833,0.05209758,0.40794966,0.015779674,-0.07406376,-0.10220255,-0.46665668,0.21543384,0.35947937,0.18424466,-0.26223463,0.20580874,-0.31049946,0.014435582,-0.104988106,0.21242462,0.12808888,-0.28533116,0.3828563,0.021914419,-0.2136623,-0.046254486,-0.024782527,0.18801945,-0.07560275,0.07217602,-0.100769445,-0.22415325,0.16835496,-0.039028656,0.24567014,0.038790233,0.057102986,0.03900189,0.36307445,-0.2760699,-0.22938503,-0.31622007,0.29931006,0.027706936,0.19920635,-0.15679006,0.038265727,0.0040799864,-0.22386846,-0.24546844,0.031891964,-0.1790325,-0.09180337,0.18395141
1,-0.54816425,0.41258547,0.25298294,-0.16571872,-0.7264322,-0.18989052,-0.68686515,-0.9412356,0.56799567,0.5035178,0.18673468,0.18003444,0.0563625,-0.19155405,-0.9256468,-0.70805997,0.34788764,0.28554028,-0.20000237,0.253156,0.44128567,-0.5411681,-0.2594187,-0.5393777,-0.6502068,-0.054786857,-0.21481091,0.6277338,0.5027954,-0.12312247,0.40221387,0.3658069,0.5584478,0.38529,-0.15600312,-0.7151162,-0.5250667,-0.046979427,0.26326746,0.45382866,0.5610691,-0.43894324,-0.24565043,-0.6837561,-0.37543172,0.5953604,-0.23374751,0.36688483,-0.0017658547,0.44229186,0.35904378,0.60889244,0.23410091,0.20680712,-0.6369353,-0.0020072153,0.19257429,-0.9927733,-0.1965105,0.40523523,0.2567887,0.09929297,0.36212614,0.4113195,0.6036802,-0.44133717,0.32293373,0.021506349,0.51069635,0.7538433,0.19155379,-0.92314047,0.32656083,-0.34233335,-0.61924446,-0.9237496,0.033962674,-0.5736936,-0.61561567,0.21158113,0.6852477,-0.13678867,-0.3162281,-0.35868764,-0.8975399,0.45803726,0.6860383,0.5091326,-0.35958454,0.4666233,-0.6049033,-0.044689074,-0.29848728,0.52537763,0.4045868,-0.50564545,0.7060332,0.09018628,-0.49719033,-0.2623108,-0.12062417,0.37888458,-0.17173417,0.26497844,-0.012467004,-0.4320993,0.35062578,0.19931138,0.47464305,0.27891478,-0.14869294,-0.15623572,0.7670817,-0.5563415,-0.5060079,-0.61439097,0.6687352,0.11262809,0.46322858,-0.44956473,0.03779108,0.1254316,-0.429555,-0.5464893,0.27220154,-0.4005965,-0.37703985,0.40746745
1,-0.9659471,0.84671986,0.30864364,-0.21436168,-1.2227541,-0.41071603,-1.1353018,-1.6676985,1.0469841,1.0407695,0.39394936,0.4175609,0.20517741,-0.36168948,-1.610135,-1.2326003,0.7481719,0.5692217,-0.4009694,0.51695377,0.8640097,-0.9704884,-0.6307935,-1.0016457,-1.1269821,-0.22708535,-0.43979004,1.2633234,0.8687396,-0.37227267,0.7311581,0.6954034,1.0509415,0.770795,-0.4768757,-1.2871052,-0.95663744,-0.0041891187,0.45999604,0.89659053,0.9819828,-0.85933363,-0.563147,-1.2101433,-0.7349871,1.0815896,-0.56747997,0.6685249,-0.09726629,0.85457224,0.76981544,1.0842662,0.58828425,0.4074698,-1.0118767,-0.07041579,0.45899144,-1.7131962,-0.49987382,0.7288055,0.50550336,0.21724136,0.7916578,0.7216689,1.1148784,-0.85626596,0.73731226,0.06290173,0.8591721,1.2391655,0.438667,-1.6675208,0.6413887,-0.7735039,-1.2156445,-1.6972827,0.23363754,-1.0614427,-1.1290226,0.46163207,1.1345403,-0.35042322,-0.69546014,-0.7640347,-1.6117238,0.8649313,1.2304864,1.0256497,-0.54625654,0.9001208,-1.086293,-0.12151885,-0.6120965,1.0226655,0.846536,-0.8650377,1.2405802,0.19888008,-0.94499254,-0.603763,-0.25911173,0.66981965,-0.3363793,0.5768924,0.13240837,-0.7781507,0.6365215,0.5431154,0.85661596,0.64464545,-0.43760222,-0.41959876,1.4056742,-1.0107303,-0.9402612,-1.1138316,1.2760981,0.25902876,0.8865039,-0.89843947,0.039264612,0.32389674,-0.7567208,-1.0411452,0.6419062,-0.7644047,-0.8361656,0.7736884
1,-0.31058392,0.17150289,0.21266091,-0.13219358,-0.43988165,-0.05603024,-0.44478068,-0.51807076,0.30406362,0.20320323,0.07237483,0.060924128,-0.03756107,-0.097148225,-0.53022134,-0.427466,0.11586445,0.12862547,-0.08572184,0.1059214,0.20312028,-0.30134705,-0.04660377,-0.27636385,-0.37916207,0.040236343,-0.080837056,0.26463473,0.29666546,0.014344618,0.22841321,0.18657047,0.28359288,0.15950724,0.017530985,-0.38490477,-0.28038618,-0.060444966,0.14906035,0.20102905,0.32147604,-0.20592746,-0.05985228,-0.38442755,-0.17072497,0.30962917,-0.039337434,0.19450013,0.06082725,0.20452787,0.13651493,0.35038495,0.043519057,0.09643422,-0.4281723,0.046840772,0.047029138,-0.58064914,-0.02385401,0.22234769,0.11814486,0.04817167,0.124056794,0.23174553,0.3097377,-0.19682282,0.094788365,-0.002691714,0.31479517,0.47477597,0.052903734,-0.49814868,0.15417238,-0.10074465,-0.27148744,-0.48361692,-0.08026247,-0.30513352,-0.3181581,0.07585385,0.4148657,-0.00506204,-0.10619852,-0.13192634,-0.49838334,0.23538217,0.37483948,0.22440135,-0.25994924,0.22299723,-0.33581507,0.0024346635,-0.13385244,0.23202305,0.16375269,-0.29544377,0.4060436,0.040171485,-0.24109977,-0.0743751,-0.044893462,0.20436415,-0.09459937,0.09166593,-0.07957388,-0.24259117,0.18570408,-0.00847064,0.26889524,0.06823796,0.022083156,0.0010105614,0.40597448,-0.30335814,-0.26186034,-0.32727727,0.33371845,0.040440585,0.22095865,-0.18825509,0.03131307,0.025143187,-0.25160038,-0.26126,0.06949622,-0.1938044,-0.12420763,0.20348975
1,-0.1495805,0.030958068,0.13201712,-0.08391012,-0.21198069,0.05029567,-0.29136333,-0.18182866,0.12861098,0.0012663454,0.0031695105,0.02903557,-0.10402912,-0.036547866,-0.18610431,-0.2390357,-0.065092914,0.047775798,-0.01921286,0.00024054945,0.041802328,-0.11094019,0.1108249,-0.08705851,-0.17874558,0.07377918,0.043194287,0.012325779,0.107540965,0.11523786,0.14897002,0.09687205,0.06403354,-0.02566409,0.11197837,-0.14353639,-0.10003543,-0.026721232,0.060446292,0.026131172,0.13527665,-0.042643026,0.07871682,-0.173609,-0.020942006,0.0746201,0.09810185,0.07466796,0.12142333,0.014791674,0.011193812,0.16934104,-0.04794333,0.0104800165,-0.26510444,0.11324452,-0.013265252,-0.2291181,0.09657928,0.07618298,0.0058878735,0.062296197,-0.015129792,0.07120638,0.087433554,0.016458504,-0.05167772,-0.014740815,0.15749793,0.23487881,-0.010744404,-0.15716422,0.058826186,0.053189546,0.017063146,-0.1564671,-0.15014005,-0.10322168,-0.071926475,0.0061665364,0.15779391,0.09849212,0.026518483,0.0153202005,-0.19934148,0.0793022,0.116372526,0.04901951,-0.18943006,0.03313425,-0.13156947,0.033923544,-0.050299164,-0.015545696,0.029767081,-0.107036926,0.180746,0.04287019,-0.044295654,0.048290405,-0.013575401,0.059079323,-0.08494628,-0.02243755,-0.0761414,-0.11130555,0.04850655,-0.1683682,0.13677737,-0.077741325,0.1375201,0.08496965,0.15741746,-0.14055112,-0.100892246,-0.07867834,0.10716357,0.00936205,0.03726789,0.0210793,0.014700767,-0.016294084,-0.15132014,-0.019190334,-0.045419622,-0.032775786,0.044344082,0.058656193
1,-0.61888415,0.48805285,0.2456131,-0.16669305,-0.80211365,-0.22355698,-0.7552512,-1.0506914,0.6434945,0.59870404,0.2200763,0.23249486,0.085867375,-0.22652186,-1.0214866,-0.78988904,0.4103629,0.33203697,-0.23921685,0.30120632,0.5122674,-0.60452735,-0.326617,-0.6069701,-0.7291738,-0.0967229,-0.24788016,0.73467374,0.5535008,-0.170971,0.4651243,0.42994252,0.63607866,0.45422193,-0.22188386,-0.81032515,-0.5948927,-0.029530399,0.2953901,0.52798647,0.6279423,-0.51144356,-0.29803252,-0.765839,-0.43570668,0.67207557,-0.2892327,0.4126927,-0.017254189,0.50939727,0.435231,0.6916166,0.3013597,0.2372623,-0.69088745,-0.00985448,0.25011486,-1.0963802,-0.24700204,0.4531651,0.29581052,0.13502541,0.44158635,0.4539983,0.6825731,-0.5014381,0.39353356,0.027983377,0.56469405,0.8227036,0.24196516,-1.0375575,0.38606715,-0.41630414,-0.7169371,-1.0453678,0.075128816,-0.65538067,-0.68631727,0.2601323,0.74444693,-0.17506146,-0.38227564,-0.4277329,-1.0081422,0.5219458,0.76543355,0.598898,-0.38206458,0.5345027,-0.68433195,-0.05867876,-0.35901073,0.5975122,0.48181695,-0.55838084,0.7890416,0.11725782,-0.5717951,-0.32492948,-0.14935444,0.42128304,-0.20649649,0.31850028,0.021057352,-0.4878603,0.3991658,0.2560463,0.5408424,0.3413438,-0.20651117,-0.2105495,0.8719455,-0.62921655,-0.58082396,-0.6863347,0.76910317,0.14257295,0.53060454,-0.5234301,0.034127966,0.16649593,-0.48595497,-0.6169273,0.3412666,-0.4559477,-0.45993358,0.4654437
1,-0.25857833,0.10642055,0.24592093,-0.15103923,-0.4045295,-0.025519494,-0.4170537,-0.4580684,0.2641249,0.13519296,0.048450403,0.0035586916,-0.07398863,-0.06429951,-0.51034635,-0.39928356,0.07719853,0.09324066,-0.048792977,0.07720171,0.15621866,-0.2821158,0.0055622756,-0.24483472,-0.3352826,0.098887205,-0.07106492,0.18925802,0.29842365,0.04669012,0.17977393,0.12960944,0.25584483,0.11398777,0.07910421,-0.31467873,-0.23842749,-0.08933329,0.12544805,0.15079197,0.28965214,-0.1688132,-0.019028932,-0.33784008,-0.13492952,0.26774663,0.0044825226,0.16747148,0.07215374,0.1672649,0.07567405,0.30169123,-0.01419165,0.08732693,-0.41402954,0.05048691,-0.021687277,-0.5501071,0.007860094,0.21074866,0.10285502,-0.006088771,0.055009477,0.22466697,0.2638765,-0.17707908,0.041713804,-0.012592895,0.29731473,0.45899695,-0.0049458817,-0.4458009,0.10556564,-0.042424988,-0.21471477,-0.41507062,-0.12564918,-0.26798266,-0.29920286,0.03652227,0.40552273,0.03004324,-0.052535594,-0.08252576,-0.44781098,0.20391488,0.35268423,0.15797338,-0.26542932,0.19645457,-0.29502445,0.0228028,-0.085770205,0.20123737,0.10394667,-0.28098541,0.3699146,0.008973073,-0.19635983,-0.027491502,-0.009600449,0.17700608,-0.061800145,0.060330786,-0.116217375,-0.21277249,0.15793967,-0.059359763,0.23131987,0.01896859,0.080998525,0.06604655,0.3349335,-0.2585717,-0.20824386,-0.31237492,0.27831113,0.019511007,0.18590634,-0.13659324,0.04321348,-0.010835666,-0.20528017,-0.23705918,0.006892085,-0.16998254,-0.07176034,0.17165503
1,-0.29239425,0.17560026,0.11567856,-0.09018327,-0.3634191,-0.02225412,-0.41959098,-0.40580523,0.27219078,0.19289684,0.05849737,0.12300043,-0.035096377,-0.10834858,-0.38564256,-0.38192374,0.06424854,0.12965916,-0.09850913,0.096281305,0.17934237,-0.23334217,-0.034639075,-0.22156918,-0.3432348,-0.017188672,-0.027821463,0.23048057,0.21181867,0.011030085,0.26017448,0.22628888,0.22168942,0.1280383,-0.01701957,-0.34558195,-0.23672912,-0.004487917,0.1335769,0.18052466,0.26670274,-0.1879668,-0.024664238,-0.33012205,-0.1423193,0.23826593,-0.016354203,0.16311237,0.07894322,0.14955862,0.15441307,0.33036795,0.079911835,0.06377959,-0.36546156,0.091064945,0.104516484,-0.44140086,-0.008924253,0.17718397,0.07993204,0.1317603,0.14052391,0.15692191,0.24416247,-0.110098764,0.08496394,-0.0014982801,0.27197,0.38211194,0.097071484,-0.38796163,0.1807717,-0.085679024,-0.1895276,-0.40674794,-0.06442751,-0.2711634,-0.21565033,0.10021448,0.2832281,0.013757998,-0.102706045,-0.11339599,-0.40962166,0.1975795,0.27366877,0.21624139,-0.22303744,0.16601637,-0.28802654,0.012369461,-0.16775396,0.13826416,0.17987417,-0.22636908,0.3498181,0.09079054,-0.19511063,-0.07995746,-0.07356232,0.1488713,-0.14664665,0.08529843,-0.017381042,-0.2115638,0.15878102,-0.039339036,0.26447088,0.0491409,0.003672205,-0.03218212,0.367513,-0.28290454,-0.25178072,-0.2270532,0.31121472,0.05718192,0.169087,-0.13810085,0.014465407,0.056553308,-0.2633441,-0.15604219,0.091284014,-0.14409454,-0.12060219,0.16617301
1,-0.52625114,0.39087296,0.24772714,-0.16155766,-0.6988647,-0.17794847,-0.6619674,-0.9013856,0.5413787,0.47780937,0.17530203,0.17041035,0.049602184,-0.18474561,-0.88698846,-0.6792863,0.32710388,0.27071345,-0.19133171,0.24017811,0.41962823,-0.517957,-0.2405957,-0.5135118,-0.62492967,-0.04844332,-0.20201536,0.5955753,0.48178533,-0.111928016,0.38656306,0.35010648,0.5314077,0.36557713,-0.14157113,-0.68459266,-0.50232106,-0.04847151,0.25344172,0.43045813,0.5394459,-0.4174288,-0.22849517,-0.655171,-0.3555254,0.56890285,-0.21768072,0.35046855,0.004029244,0.41955167,0.33921683,0.5849763,0.21698844,0.19522403,-0.6163398,0.0023078257,0.18115303,-0.95255506,-0.17993847,0.38722157,0.24415097,0.097640134,0.34150842,0.39305833,0.57631165,-0.41776592,0.30159223,0.019360842,0.49198574,0.7270429,0.17920785,-0.8832629,0.31073454,-0.32020175,-0.58854526,-0.88216233,0.024873145,-0.5488589,-0.5860968,0.19934727,0.6589475,-0.12496271,-0.2970768,-0.33670297,-0.8591081,0.4365667,0.6565886,0.48279634,-0.34803542,0.44315147,-0.57960117,-0.041454367,-0.28396472,0.49808127,0.3820551,-0.48602223,0.6782403,0.08592914,-0.47418132,-0.24599707,-0.11316553,0.36268497,-0.16376477,0.2488639,-0.020013072,-0.4143856,0.3364174,0.18171982,0.4544451,0.2597882,-0.13588986,-0.14386351,0.73436815,-0.5321516,-0.4829524,-0.5868385,0.63716775,0.10507415,0.4397981,-0.42626384,0.03658455,0.1160637,-0.41313538,-0.51972127,0.25402504,-0.38116944,-0.35478324,0.38700548
1,-0.520837,0.39802775,0.21116391,-0.14952649,-0.6704923,-0.15881212,-0.67102224,-0.85716397,0.5401854,0.4681682,0.17595387,0.19738834,0.040498022,-0.18175523,-0.83346564,-0.67739815,0.30425942,0.27916443,-0.19168378,0.23444578,0.41050038,-0.49532327,-0.22677392,-0.5013323,-0.6099863,-0.062699944,-0.174923,0.57855725,0.45314798,-0.1071593,0.4080084,0.370833,0.5104723,0.34271172,-0.15062118,-0.666935,-0.48376328,-0.025442868,0.24346796,0.4220381,0.51428026,-0.41035086,-0.20828621,-0.638294,-0.342564,0.5335281,-0.20243743,0.34262455,0.017300937,0.39532277,0.347133,0.57901037,0.23301724,0.18568198,-0.6002654,0.030992541,0.19949578,-0.90201575,-0.17364386,0.3744774,0.22992101,0.13089564,0.34821546,0.36613026,0.5531518,-0.37917775,0.2997904,0.020605551,0.47879267,0.69662035,0.19526152,-0.8399195,0.32338625,-0.31320015,-0.54358524,-0.85673195,0.022739366,-0.53787655,-0.5486499,0.21014668,0.6028692,-0.10622787,-0.29716602,-0.32927954,-0.83072656,0.42887422,0.6189369,0.4836994,-0.34652558,0.4215402,-0.5611599,-0.028862,-0.30045918,0.45687604,0.397206,-0.45438972,0.6623193,0.10905877,-0.4514694,-0.24777788,-0.12758036,0.33762825,-0.19739795,0.24689993,0.0135849565,-0.40483475,0.31893554,0.15792635,0.4603033,0.24586886,-0.13144365,-0.14493698,0.7243658,-0.5344902,-0.4803505,-0.54928565,0.63675064,0.114015,0.4184331,-0.39685437,0.032164156,0.13025396,-0.42358,-0.47668692,0.26125157,-0.36257237,-0.34958678,0.3770937
1,-0.2780153,0.17405169,0.07845386,-0.070859335,-0.32468462,-0.0055902153,-0.40698102,-0.34816778,0.252465,0.18181932,0.05692441,0.14781731,-0.040560003,-0.10891183,-0.31377468,-0.36058792,0.03592793,0.13425551,-0.102508396,0.085810214,0.16518794,-0.20180473,-0.017855912,-0.19227058,-0.3167007,-0.036845684,0.0017324947,0.20367785,0.16902795,0.020178229,0.27748054,0.23716229,0.1846218,0.09797162,-0.025655024,-0.31540477,-0.21535787,0.025516838,0.1186896,0.16270451,0.2361899,-0.17111206,-0.0075420206,-0.30333847,-0.124304846,0.19529776,-0.0024432614,0.14698027,0.09377287,0.11778174,0.15528652,0.31357837,0.090343006,0.05079024,-0.33741227,0.11260312,0.12285315,-0.3680736,0.007020347,0.15220916,0.059328787,0.16302961,0.14212835,0.12215465,0.20912474,-0.06326689,0.074718826,-0.0018367749,0.24464759,0.3311473,0.109345764,-0.32991454,0.18411386,-0.07597682,-0.1386056,-0.36005446,-0.061652496,-0.24536645,-0.16681032,0.103739426,0.21845311,0.029448943,-0.096723735,-0.10263848,-0.36451435,0.17988592,0.22573277,0.20953122,-0.20767719,0.13448198,-0.26118362,0.015446238,-0.17678565,0.08846086,0.1800117,-0.18263668,0.31501022,0.11152017,-0.16630436,-0.073093094,-0.08101708,0.11999607,-0.16954152,0.07613512,0.010529026,-0.1996608,0.13923055,-0.06271221,0.2559367,0.03483472,0.012700431,-0.03770315,0.342154,-0.26949665,-0.23953639,-0.17618209,0.29165962,0.06460821,0.14442036,-0.10256797,0.0043291077,0.068274036,-0.2660392,-0.1045715,0.09286193,-0.11647807,-0.1119754,0.14631584
1,-0.4514241,0.3451976,0.1301197,-0.10711852,-0.54798687,-0.10362281,-0.5851251,-0.67566943,0.44661835,0.39958394,0.1389342,0.21701829,0.024703633,-0.17677511,-0.6309096,-0.57116365,0.21155939,0.23713256,-0.18000329,0.19955888,0.33925298,-0.38924104,-0.17166713,-0.38975477,-0.5185347,-0.08839896,-0.10521832,0.46789384,0.34195605,-0.08121668,0.3947601,0.35692763,0.3985461,0.27523378,-0.14173213,-0.5609927,-0.3962264,0.013307907,0.20414773,0.34466624,0.42046452,-0.3416,-0.14233609,-0.52295184,-0.2725211,0.41599128,-0.14385843,0.27643818,0.046610985,0.3019846,0.30868295,0.5088897,0.21294048,0.13770725,-0.50552136,0.07149177,0.21156637,-0.69888276,-0.11574372,0.2943641,0.17395175,0.19071324,0.3064902,0.2677531,0.43424928,-0.2566067,0.23690039,0.012351351,0.39671382,0.5594884,0.19105561,-0.6623384,0.29891133,-0.24573769,-0.41058218,-0.6930814,0.014915161,-0.45089167,-0.39712065,0.19319527,0.44083342,-0.062759764,-0.24682334,-0.26089326,-0.6717315,0.3479096,0.4719743,0.41322055,-0.28691083,0.32209015,-0.466055,-0.015157856,-0.28706157,0.31650037,0.34815592,-0.3543113,0.5466178,0.13763066,-0.36110935,-0.20917499,-0.12699944,0.25670156,-0.21325749,0.19757357,0.03860806,-0.33928555,0.26589188,0.086027324,0.40415666,0.18238792,-0.10997414,-0.13285165,0.6120172,-0.4538439,-0.41430324,-0.4046376,0.5361361,0.11053081,0.32431263,-0.30386046,0.014759295,0.13169633,-0.38539293,-0.33361906,0.22868937,-0.27317065,-0.29343566,0.2998652
0,-0.085100815,-0.06205074,0.15243813,-0.08959389,-0.14970353,0.069583684,-0.19581793,-0.09169814,0.040442828,-0.08967434,-0.04060041,-0.044565167,-0.113268316,-0.009329069,-0.11918564,-0.13205758,-0.11345149,-0.021791149,0.017559696,-0.045107372,-0.03116433,-0.04806505,0.15321209,-0.013182722,-0.11526657,0.11069605,0.0560968,-0.08550478,0.07211465,0.14840704,0.05671347,0.019770946,0.0012354925,-0.06284016,0.17887211,-0.07028696,-0.036149234,-0.06286326,0.042694565,-0.040320814,0.07678273,0.029389767,0.11648937,-0.09247854,0.028400343,0.030477675,0.14394386,0.023972992,0.11236228,-0.030526849,-0.07918786,0.08717785,-0.13094088,-0.022118289,-0.20736513,0.09221472,-0.079068,-0.14896119,0.14142318,0.035344586,-0.032723553,0.0035682619,-0.10045334,0.04018911,0.01803074,0.0477906,-0.12341812,-0.022309406,0.114518255,0.18056837,-0.05864883,-0.06553194,-0.0062236637,0.12978306,0.07216664,-0.04798936,-0.18055731,-0.0295524,-0.015804872,-0.04853232,0.13735859,0.10885431,0.09880276,0.08526492,-0.086098924,0.0005172454,0.04831028,-0.057595816,-0.14427081,-0.02959431,-0.060510185,0.04292482,0.025859684,-0.05901519,-0.06971691,-0.07718332,0.096701264,-0.0038976446,0.014654003,0.106339246,0.01828302,0.03665012,-0.020300614,-0.07593956,-0.13463876,-0.049070634,0.02287674,-0.19355485,0.060092404,-0.12869546,0.17303863,0.12534009,0.049071018,-0.052350268,-0.028342526,-0.023293123,0.00038024783,-0.035737302,-0.021734219,0.06610662,0.026028916,-0.0679495,-0.08243075,0.034983255,-0.11815837,0.010559741,0.1260339,-0.003990419
1,-0.30581978,0.16641791,0.21301854,-0.13201997,-0.43491185,-0.05340771,-0.44040093,-0.5104475,0.29919702,0.19721279,0.07015448,0.0578841,-0.03994048,-0.09501897,-0.52422893,-0.42278397,0.111681305,0.12543163,-0.08326657,0.10301092,0.19846307,-0.29734543,-0.042342007,-0.27174422,-0.3741921,0.043251093,-0.07877432,0.2575447,0.29392174,0.016984165,0.22442332,0.18246236,0.27910173,0.15531635,0.02140341,-0.37813905,-0.2760802,-0.061160095,0.14693841,0.19603439,0.31712544,-0.20169976,-0.056606993,-0.37902927,-0.16703169,0.30456668,-0.035512716,0.1914729,0.06194684,0.20069607,0.13165626,0.34546325,0.038985543,0.09471525,-0.4245031,0.04711633,0.042978168,-0.57417744,-0.020952053,0.21911852,0.11584995,0.045614444,0.11900801,0.22911279,0.30424616,-0.19323042,0.09046491,-0.0029144268,0.31166425,0.47033352,0.04931327,-0.49095154,0.15037203,-0.09603441,-0.26566488,-0.47568277,-0.08295047,-0.30021727,-0.3137111,0.07273928,0.41103902,-0.00247214,-0.10193628,-0.12752086,-0.49149412,0.23151854,0.37001613,0.21869907,-0.25871852,0.21904819,-0.3308848,0.0032251328,-0.13036971,0.22730885,0.15859528,-0.29215553,0.4008131,0.038146183,-0.2363213,-0.07064382,-0.04292621,0.2009989,-0.09245797,0.08854202,-0.08158786,-0.23921776,0.18257779,-0.012450691,0.26510915,0.06402284,0.026186392,0.0050071273,0.39879107,-0.29855752,-0.25698143,-0.3231626,0.32751998,0.03910153,0.2165176,-0.1835592,0.03157842,0.022765644,-0.24742308,-0.25701335,0.06498303,-0.19058092,-0.1195322,0.19972524
0,-0.06812745,-0.084155396,0.16262707,-0.09216854,-0.13696955,0.07451896,-0.17168882,-0.07534853,0.019703496,-0.11187377,-0.05067886,-0.06409459,-0.11773127,-0.00064301863,-0.106407166,-0.11032194,-0.12239296,-0.036304303,0.028134655,-0.05630646,-0.04599895,-0.036954254,0.16605967,0.0019384399,-0.1003128,0.12464017,0.057029046,-0.10798536,0.06435217,0.15907276,0.0330955,-0.0024688207,-0.0139134675,-0.07305812,0.19812542,-0.050635982,-0.023484215,-0.073150665,0.036279567,-0.05773799,0.06552252,0.047401868,0.123170435,-0.07616381,0.03895553,0.02209832,0.15443935,0.013106216,0.111109555,-0.039049704,-0.10197134,0.06644813,-0.1528819,-0.028220031,-0.19614571,0.08589118,-0.098869234,-0.13597174,0.15170164,0.025329769,-0.03826892,-0.014480829,-0.12108078,0.036197886,0.0042484403,0.05273027,-0.14106792,-0.024082256,0.10323678,0.17043775,-0.07472727,-0.04678172,-0.02526381,0.14719793,0.08385201,-0.023070527,-0.18980983,-0.0100672245,-0.0068542585,-0.06366307,0.13761763,0.11287817,0.11700959,0.09969187,-0.063488424,-0.01401291,0.037736997,-0.08119558,-0.13824722,-0.04147011,-0.044125594,0.04089523,0.04656571,-0.068346836,-0.094531626,-0.07248905,0.07878095,-0.017105943,0.026249014,0.122771375,0.029397242,0.03206722,-0.000944601,-0.08824901,-0.15453371,-0.036437824,0.014283091,-0.20031491,0.040945962,-0.14084524,0.18611535,0.13856797,0.021223404,-0.03220091,-0.008835271,-0.013620347,-0.026879515,-0.04497858,-0.03485996,0.07545817,0.028801873,-0.08439006,-0.06480935,0.042578742,-0.13574342,0.020705193,0.1457791,-0.016990926
1,0.05922306,-0.21186225,0.2040898,-0.09077635,-0.010597482,0.12753311,-0.06119681,0.10910373,-0.10316633,-0.31203413,-0.09593933,-0.16594675,-0.18563381,0.075235024,0.06451653,0.013999271,-0.23920459,-0.10912494,0.11527707,-0.15267256,-0.18240102,0.06611399,0.31701273,0.11260521,0.061778367,0.22949332,0.12596248,-0.3168807,-0.031894002,0.27106488,-0.07953285,-0.13876411,-0.16659954,-0.23087996,0.33863497,0.12921302,0.10842859,-0.10693987,-0.028102197,-0.20182498,-0.055516146,0.1954476,0.22200425,0.061128076,0.16072221,-0.13133782,0.26883408,-0.061570156,0.15296355,-0.16665979,-0.2435871,-0.09106487,-0.288618,-0.074940845,-0.114235796,0.103321135,-0.22652939,0.04313571,0.25858608,-0.071208864,-0.09913893,-0.09559734,-0.27559638,-0.03204216,-0.13029608,0.16587947,-0.2680221,-0.036801845,-0.0028228648,0.04575719,-0.19000418,0.15859658,-0.14683238,0.2746657,0.28189823,0.20125502,-0.27720162,0.15454486,0.12090196,-0.16186304,0.035317324,0.19744655,0.23909704,0.22297025,0.12034689,-0.11408927,-0.100353904,-0.23967607,-0.12009469,-0.16637579,0.100077525,0.062376864,0.17170501,-0.20135722,-0.23889263,0.040774748,-0.073096804,-0.065618575,0.16558662,0.25738946,0.085616045,-0.038899947,0.06013356,-0.19577838,-0.21914996,0.05326646,-0.1002605,-0.33139586,-0.08531124,-0.26284707,0.3290612,0.2683972,-0.16069071,0.088116355,0.13820241,0.119498834,-0.2237342,-0.102153234,-0.15538733,0.22476554,0.029440634,-0.15955617,0.038244173,0.15477702,-0.26976886,0.11942058,0.32373893,-0.10481201
0,-0.061879065,-0.09159753,0.16237897,-0.094091386,-0.1294666,0.08146852,-0.17350037,-0.059282772,0.015552033,-0.12169743,-0.05170048,-0.06736328,-0.12471527,0.0050409175,-0.09688389,-0.10849681,-0.13285424,-0.03938643,0.03326804,-0.060579844,-0.052428946,-0.03248635,0.17633863,0.007351324,-0.09215783,0.13065353,0.06189437,-0.122092485,0.06240158,0.16407852,0.03340745,-0.0059758164,-0.01873377,-0.08364785,0.20496526,-0.03719536,-0.01525107,-0.07279922,0.03141652,-0.06491354,0.05932457,0.051453188,0.1327764,-0.0672293,0.045087274,0.008935699,0.16181105,0.008405808,0.11693971,-0.048397645,-0.106109224,0.061799407,-0.15625465,-0.0287325,-0.19504693,0.092599384,-0.10488634,-0.1242512,0.15955943,0.024291188,-0.04336684,-0.016027242,-0.13044007,0.03151442,-0.005019471,0.06240455,-0.14850429,-0.026214147,0.09860195,0.16304617,-0.07987033,-0.03481763,-0.030512968,0.15497978,0.09961183,-0.009790519,-0.19677377,-0.0056806877,0.0019190013,-0.065763175,0.1269155,0.11921453,0.12239659,0.107245475,-0.054699425,-0.019066814,0.029503979,-0.08863315,-0.13937236,-0.047098055,-0.03873545,0.04756783,0.05019947,-0.07822184,-0.099093534,-0.06380248,0.07177493,-0.016790733,0.036671825,0.12858327,0.031953197,0.025737163,-0.003092283,-0.09456106,-0.15090422,-0.0325042,0.008496914,-0.21295644,0.039063074,-0.14879446,0.19645354,0.14778174,0.012743983,-0.026856303,-0.0027917065,-0.0065808743,-0.033460777,-0.046122234,-0.03962334,0.08968745,0.028801486,-0.08379465,-0.062329307,0.051217657,-0.14426102,0.027003497,0.1538018,-0.02177051
0,0.08176033,-0.2421623,0.2378938,-0.11748731,-0.0113058835,0.155427,-0.08168973,0.115800865,-0.1033964,-0.31739986,-0.101052195,-0.1954284,-0.22065829,0.08840154,0.027335797,-0.011397026,-0.2454252,-0.118787214,0.13123612,-0.15499784,-0.18795034,0.04816099,0.33584613,0.108225055,0.0670304,0.2722228,0.11768879,-0.33412272,0.015390463,0.2777325,-0.08887661,-0.15647715,-0.14296532,-0.24051316,0.36399418,0.16070177,0.10784439,-0.1308285,-0.04258681,-0.21803597,-0.051577695,0.19077238,0.23734955,0.06426224,0.16676484,-0.13405564,0.28103244,-0.06270615,0.16657308,-0.16774647,-0.2647102,-0.08880985,-0.31085777,-0.06395187,-0.13531071,0.11015978,-0.2664801,0.010369878,0.26055762,-0.048373673,-0.09114329,-0.13049997,-0.3033295,-0.015557593,-0.13666666,0.15323456,-0.28573483,-0.041697204,0.011077061,0.07366418,-0.23203437,0.14641798,-0.16709925,0.29945052,0.2867753,0.20514303,-0.30810598,0.14207032,0.090690106,-0.17663123,0.059459027,0.22406146,0.25806946,0.23879947,0.1047733,-0.10780822,-0.074569836,-0.2558314,-0.14655852,-0.14946948,0.10153927,0.08055686,0.17980087,-0.1953981,-0.25355166,0.01989109,-0.059504956,-0.08796266,0.17723787,0.26574817,0.115229756,-0.052595604,0.07371258,-0.20006195,-0.237727,0.05092694,-0.09797952,-0.35586095,-0.08122378,-0.28631228,0.3609159,0.31468052,-0.17782621,0.09681722,0.15246981,0.08671296,-0.21716142,-0.10054205,-0.15718189,0.2393044,0.04362812,-0.17636958,0.059480146,0.13801405,-0.30464825,0.11376831,0.32243448,-0.107231766
0,0.0035701506,-0.15435365,0.17590192,-0.08907861,-0.061285265,0.10586038,-0.10948874,0.03417924,-0.051998544,-0.21828827,-0.077312134,-0.115726754,-0.1529797,0.038081948,-0.004060041,-0.036476787,-0.18868977,-0.0750229,0.07138249,-0.109414205,-0.121754885,0.024923187,0.24745733,0.066385955,-0.010256484,0.17450634,0.098398134,-0.22297713,0.008516099,0.21904325,-0.025777053,-0.07150451,-0.10125439,-0.16141507,0.26993358,0.05058219,0.050657317,-0.088544086,-0.00045369193,-0.13652372,-0.0056731403,0.12834468,0.17955895,0.0017124489,0.10735269,-0.06638894,0.21544394,-0.029418048,0.13387215,-0.1135131,-0.17919588,-0.022779468,-0.22352514,-0.057212435,-0.14481631,0.09801351,-0.16244927,-0.026730035,0.2094161,-0.028118394,-0.07609572,-0.053298518,-0.20406653,-0.007819349,-0.07449756,0.11927141,-0.21075714,-0.030008765,0.04262848,0.096247084,-0.13253233,0.0737299,-0.08936557,0.21788539,0.19649032,0.10434375,-0.23543361,0.08289671,0.06839591,-0.115373254,0.071959786,0.15988669,0.18338127,0.16912712,0.045547295,-0.07345364,-0.04474992,-0.16862303,-0.12373319,-0.11372151,0.0383435,0.053661175,0.11035349,-0.1455321,-0.17165807,-0.0071337894,-0.008333896,-0.043592412,0.10663608,0.19432601,0.0590143,-0.011163324,0.029268188,-0.14645563,-0.1850081,0.015251521,-0.047589317,-0.2703018,-0.028480344,-0.20794284,0.2596513,0.20426342,-0.080796674,0.03544217,0.070694655,0.064808615,-0.13338864,-0.076622516,-0.1054441,0.15995668,0.029793642,-0.124869585,-0.009444598,0.11340105,-0.20832205,0.07654189,0.23908944,-0.06941586
1,-0.35288027,0.2166441,0.21265009,-0.13543777,-0.48712277,-0.07849383,-0.48605457,-0.5864761,0.34989116,0.25596225,0.09317469,0.086447075,-0.018414583,-0.114690214,-0.59162694,-0.47290173,0.15371221,0.1567547,-0.10842286,0.13270377,0.24441884,-0.33894646,-0.08333111,-0.31927967,-0.42659384,0.018059086,-0.10134682,0.32680655,0.32671162,-0.009479307,0.26234856,0.22185382,0.32813758,0.19839203,-0.015890047,-0.4425348,-0.32094178,-0.05453361,0.16837463,0.2456777,0.36088365,-0.24661046,-0.09053167,-0.43495,-0.20582616,0.35579205,-0.07340723,0.22364016,0.050291497,0.24361902,0.17870224,0.39556372,0.08125741,0.11392476,-0.46208993,0.042267933,0.077926554,-0.6439092,-0.052481063,0.25251722,0.1408417,0.063299485,0.1681443,0.2585528,0.35936838,-0.23443043,0.13495484,0.00079225935,0.34696913,0.5182767,0.082171276,-0.56644803,0.1866484,-0.14351937,-0.32722795,-0.5571038,-0.05851271,-0.35128605,-0.36302507,0.103472605,0.4541981,-0.028969638,-0.14372988,-0.17168595,-0.5635884,0.27150935,0.42336255,0.27527702,-0.2743065,0.2614689,-0.38164246,-0.0044444352,-0.16470864,0.27777475,0.20837389,-0.32801905,0.45493266,0.0542241,-0.2842639,-0.1079805,-0.06191035,0.23390363,-0.11253808,0.121220626,-0.06315307,-0.27414376,0.21273804,0.027060106,0.30475515,0.10538587,-0.011073284,-0.030562242,0.46913648,-0.34742907,-0.30573288,-0.36973283,0.39136645,0.05388026,0.2619456,-0.23126425,0.031616233,0.045768436,-0.28480795,-0.30443266,0.10748588,-0.22676654,-0.16839159,0.23672128
0,0.022533063,-0.16663891,0.20159216,-0.100325145,-0.060874343,0.11991766,-0.1287164,0.039691433,-0.045887854,-0.23185158,-0.071841545,-0.12960786,-0.18518685,0.054120187,-0.017844804,-0.06181358,-0.19467978,-0.07349742,0.08958824,-0.11636677,-0.12739141,0.01336056,0.27139127,0.060426973,0.004601836,0.20971644,0.09710725,-0.23931082,0.029368967,0.23162788,-0.02916633,-0.08656115,-0.094963476,-0.18213964,0.28879276,0.08106266,0.051775448,-0.09663415,-0.012717038,-0.15297784,-0.0028641,0.12906179,0.18763208,0.00310551,0.11518203,-0.080181636,0.22724216,-0.02662754,0.15138173,-0.11924128,-0.1866909,-0.023431566,-0.23788965,-0.046388287,-0.15865517,0.10462637,-0.18888354,-0.04611386,0.21480656,-0.02408364,-0.06980691,-0.073828995,-0.2215799,0.0033280272,-0.077482834,0.11961372,-0.21945468,-0.030658884,0.045432854,0.107473984,-0.16310997,0.07279857,-0.104602195,0.22898377,0.21486253,0.11325196,-0.26008865,0.08331864,0.053357795,-0.124507844,0.07971747,0.18267336,0.19148037,0.17557031,0.029962871,-0.059826955,-0.032071613,-0.17224637,-0.15197623,-0.10347704,0.040410403,0.059982367,0.11615684,-0.15001796,-0.17740196,-0.008555386,-0.0003886493,-0.055535972,0.11763926,0.20501238,0.075223304,-0.022438847,0.03183908,-0.15433045,-0.18992057,0.007643301,-0.059385076,-0.29473484,-0.022153698,-0.22591527,0.29417345,0.2436267,-0.089185014,0.03846702,0.08059077,0.048775952,-0.13535869,-0.06836264,-0.10569696,0.17780213,0.028575897,-0.12979048,0.0023154467,0.09912217,-0.22888976,0.07761742,0.2481721,-0.06475444
1,-0.57236934,0.44343108,0.24457942,-0.16322564,-0.747874,-0.19977556,-0.7164705,-0.97282493,0.59761417,0.53542095,0.20054999,0.2043515,0.06352757,-0.20106436,-0.9523201,-0.7401504,0.36709347,0.30688047,-0.21331751,0.26715016,0.4652777,-0.5596144,-0.28001282,-0.5646246,-0.67481124,-0.071677536,-0.22259617,0.664753,0.5159637,-0.13762978,0.42795023,0.39282718,0.5825087,0.40284172,-0.18094864,-0.7462317,-0.54820806,-0.034661785,0.27353218,0.47993872,0.5812791,-0.4648667,-0.26272696,-0.7126923,-0.3955205,0.61617625,-0.25019392,0.38412392,-0.005013332,0.4619853,0.38994935,0.63779926,0.26271892,0.21559046,-0.6540162,-1.4444813e-06,0.21689226,-1.0215656,-0.21668148,0.42023128,0.26723042,0.11620706,0.39345762,0.42292118,0.6287094,-0.45672154,0.35053524,0.02586768,0.52841717,0.77439183,0.21401374,-0.95552623,0.35060048,-0.3699941,-0.64381915,-0.9657302,0.04662419,-0.6008388,-0.63844186,0.23194133,0.69622606,-0.14561951,-0.34144336,-0.384327,-0.9334134,0.48144543,0.7093358,0.5432496,-0.37116945,0.48741496,-0.62966913,-0.048969425,-0.32444927,0.54518265,0.43791586,-0.5190914,0.7341697,0.103154,-0.5191399,-0.28454727,-0.13420458,0.38948146,-0.19165893,0.2856609,0.007996738,-0.45216608,0.3630217,0.21755072,0.50147206,0.2991452,-0.167126,-0.1754514,0.8035739,-0.5851209,-0.53445363,-0.63456035,0.7071389,0.12672128,0.48339587,-0.47005162,0.03468986,0.14307325,-0.45358244,-0.56549925,0.2998614,-0.4180858,-0.40553197,0.42738256
1,-0.31578454,0.17332599,0.17490739,-0.11781071,-0.4267438,-0.053698745,-0.42211506,-0.4962575,0.29252243,0.21353847,0.064846076,0.08370274,-0.017612938,-0.110627204,-0.49369106,-0.40468833,0.10933923,0.122518405,-0.098099515,0.11189516,0.205469,-0.281025,-0.06535052,-0.2569564,-0.3871128,0.007799316,-0.07654327,0.26887417,0.27084866,-0.0017856658,0.23497023,0.2031827,0.27533078,0.1762451,-0.0058990344,-0.39182577,-0.27430943,-0.042483836,0.15296355,0.20608835,0.3157196,-0.20930487,-0.06056295,-0.37275708,-0.17523955,0.31011462,-0.04263982,0.18221645,0.05153898,0.20395303,0.14871466,0.35292345,0.061003737,0.08685829,-0.40632457,0.049022436,0.073715545,-0.5478425,-0.026406504,0.21122225,0.109376766,0.076091066,0.1382836,0.21245784,0.2989958,-0.1835342,0.0980526,-0.003466187,0.30702925,0.44945785,0.08049171,-0.48047835,0.16865724,-0.104168,-0.27520975,-0.47159413,-0.06112114,-0.30446154,-0.28982514,0.09115614,0.38944957,-0.021360151,-0.10945514,-0.13500154,-0.47434396,0.21912992,0.34961993,0.22547656,-0.2333299,0.21175794,-0.33324644,-0.0026799366,-0.14419636,0.21463816,0.16727142,-0.2853741,0.3904056,0.0572786,-0.24458772,-0.0866042,-0.059013728,0.19772431,-0.10166642,0.09636738,-0.066383466,-0.23236912,0.19215074,0.0018906146,0.26817346,0.07773812,-0.005663134,-0.032484308,0.39798713,-0.29397392,-0.26831618,-0.30189988,0.33044448,0.04560839,0.21450785,-0.19232371,0.02769076,0.038005587,-0.2559963,-0.23659062,0.08925735,-0.1844455,-0.13502571,0.19358134
1,-0.3107445,0.22643693,0.065189734,-0.064090036,-0.3610561,-0.028795213,-0.4543428,-0.40218633,0.30135506,0.22334516,0.081705086,0.18400511,-0.031865206,-0.11682485,-0.35048667,-0.41126457,0.06744561,0.17035119,-0.11966148,0.10743652,0.20567892,-0.23526719,-0.044647574,-0.2354269,-0.3551619,-0.058648817,-0.012183998,0.25569975,0.1808624,-0.0011252612,0.3198703,0.2762503,0.21437146,0.12163329,-0.062975086,-0.3579671,-0.24847242,0.04488246,0.13423108,0.20176362,0.271263,-0.21268111,-0.032739617,-0.3439294,-0.15670155,0.22267964,-0.032609202,0.17697933,0.09188381,0.14162841,0.2047734,0.3543161,0.13549104,0.07040095,-0.36146677,0.11681146,0.16066647,-0.41516462,-0.019611351,0.1697349,0.07823955,0.19210024,0.1876638,0.14274134,0.25055173,-0.081600174,0.1145945,0.005514359,0.27074468,0.36054203,0.14513141,-0.378968,0.21919277,-0.12197055,-0.17133012,-0.4202247,-0.042696543,-0.28394628,-0.19278489,0.13589986,0.23280114,0.011354549,-0.13887276,-0.14153089,-0.42546237,0.22278613,0.26098844,0.2655442,-0.22961259,0.16735145,-0.3039698,0.0104819015,-0.21342793,0.11868349,0.23150943,-0.2004826,0.36290973,0.13345586,-0.20209633,-0.10466347,-0.10650525,0.13758227,-0.20405197,0.10398657,0.0425777,-0.22992241,0.15391979,-0.03990907,0.30038223,0.06779328,-0.0102356,-0.063924864,0.40395105,-0.31507817,-0.2840412,-0.20845458,0.3460388,0.086394794,0.18382299,-0.13201737,-0.0063374788,0.09690605,-0.30567393,-0.13422158,0.13662684,-0.13914768,-0.1521334,0.18036765
1,-0.61888415,0.48805285,0.24561308,-0.16669305,-0.80211365,-0.22355698,-0.7552512,-1.0506914,0.6434945,0.59870404,0.2200763,0.23249483,0.08586739,-0.2265219,-1.0214868,-0.78988904,0.4103629,0.33203697,-0.2392169,0.30120638,0.5122674,-0.60452724,-0.32661703,-0.60696995,-0.7291738,-0.096722886,-0.24788013,0.73467374,0.5535008,-0.170971,0.46512428,0.42994255,0.63607866,0.4542219,-0.22188386,-0.8103252,-0.5948927,-0.029530317,0.29539007,0.52798647,0.6279423,-0.5114435,-0.29803258,-0.76583904,-0.43570668,0.6720755,-0.28923267,0.4126927,-0.017254204,0.50939727,0.43523094,0.69161654,0.3013597,0.2372623,-0.6908875,-0.00985445,0.2501148,-1.0963804,-0.24700207,0.4531651,0.2958105,0.13502535,0.4415864,0.45399824,0.682573,-0.501438,0.39353353,0.027983347,0.56469417,0.82270354,0.24196514,-1.0375575,0.38606724,-0.41630417,-0.7169372,-1.0453678,0.075128786,-0.6553807,-0.6863174,0.2601323,0.74444693,-0.17506146,-0.38227564,-0.42773288,-1.0081422,0.5219457,0.76543355,0.598898,-0.3820646,0.5345027,-0.68433195,-0.05867873,-0.35901073,0.5975122,0.48181695,-0.55838084,0.7890416,0.11725785,-0.5717951,-0.32492945,-0.14935441,0.42128304,-0.20649649,0.31850028,0.02105739,-0.4878603,0.39916584,0.2560463,0.5408424,0.34134376,-0.20651114,-0.21054947,0.87194556,-0.62921655,-0.58082396,-0.6863347,0.7691032,0.14257297,0.53060454,-0.52343005,0.03412798,0.16649587,-0.4859549,-0.61692727,0.3412666,-0.45594776,-0.45993358,0.4654437
1,-0.5468835,0.4344164,0.17300253,-0.12736984,-0.6802169,-0.17215122,-0.675421,-0.8738304,0.5576842,0.5210318,0.18537089,0.24483517,0.06555623,-0.21303561,-0.8297658,-0.6852696,0.3224937,0.29140306,-0.22007936,0.25811043,0.43805295,-0.4971896,-0.26906562,-0.5031835,-0.63532794,-0.11402182,-0.18324746,0.6261287,0.44799918,-0.13977641,0.43883088,0.41063,0.52734506,0.3818378,-0.2045798,-0.70487016,-0.5077104,0.0026753396,0.25897723,0.45122653,0.53450817,-0.44020772,-0.235164,-0.65422046,-0.3648043,0.5572673,-0.22944808,0.35142276,0.010160454,0.4161356,0.3928139,0.61700183,0.2769404,0.1882974,-0.59890074,0.027045093,0.25544363,-0.9057835,-0.19581866,0.3746717,0.2377252,0.18267804,0.3961185,0.36100858,0.56852686,-0.3857362,0.33437076,0.024111392,0.48750916,0.69466686,0.23760168,-0.860955,0.35782066,-0.34846872,-0.5803127,-0.88841254,0.059307553,-0.5662585,-0.5460548,0.24112086,0.59242713,-0.13147575,-0.3324979,-0.35912448,-0.8522831,0.44176006,0.62103146,0.52487254,-0.331086,0.43525583,-0.58607525,-0.044158876,-0.34126228,0.46514207,0.4332738,-0.46383822,0.6785731,0.13622656,-0.47952804,-0.28368598,-0.15072411,0.34446242,-0.21973844,0.26726368,0.04234208,-0.4213796,0.34344405,0.1908347,0.48603737,0.27772254,-0.18166888,-0.19385377,0.7604131,-0.5499685,-0.5158799,-0.5490807,0.670726,0.13696809,0.4355831,-0.4315865,0.019432738,0.1617368,-0.44802544,-0.48213091,0.30556318,-0.37044588,-0.39534003,0.39021736
1,-0.28277835,0.13582999,0.17052194,-0.11308007,-0.38623857,-0.035754435,-0.3842015,-0.43703634,0.25282007,0.16961116,0.046672516,0.065366745,-0.029343583,-0.098203406,-0.43702337,-0.3638786,0.07750871,0.09895536,-0.08071296,0.09037876,0.1711652,-0.24780545,-0.035580784,-0.2194182,-0.34876475,0.022253048,-0.0585584,0.21770735,0.24039707,0.016381301,0.2075556,0.17464283,0.23643355,0.14418451,0.020689938,-0.34502938,-0.23927486,-0.04694345,0.13831535,0.17047812,0.28282148,-0.17425266,-0.033590022,-0.3307103,-0.14570616,0.27113554,-0.015655339,0.15668301,0.05902892,0.17012061,0.115488134,0.31365478,0.0322527,0.07028408,-0.37663278,0.05351378,0.050643064,-0.4902996,-0.0005277544,0.184877,0.08976903,0.06667312,0.10290862,0.18692651,0.257737,-0.14984769,0.06414897,-0.007342262,0.27874583,0.40869197,0.059093338,-0.4211302,0.14347379,-0.07020502,-0.22831863,-0.40804237,-0.07644771,-0.26511088,-0.24727531,0.070503265,0.35379127,-0.0042840056,-0.07731755,-0.10246652,-0.41657862,0.1867936,0.3066913,0.18243888,-0.21745008,0.17805986,-0.2946307,0.0021693483,-0.1187765,0.17502065,0.13011202,-0.25656056,0.34742612,0.04884738,-0.20920095,-0.058913,-0.04586934,0.17405483,-0.08615594,0.0716163,-0.07975999,-0.20497808,0.16885528,-0.027532108,0.2364124,0.04899794,0.018785313,-0.010745795,0.34557888,-0.25678337,-0.23172836,-0.26206258,0.2804736,0.032403667,0.18066457,-0.15614189,0.026824828,0.022313606,-0.2298938,-0.19760099,0.059687383,-0.15654132,-0.09792152,0.16458195
1,-0.34523043,0.26008308,0.06670201,-0.07477893,-0.39770216,-0.032342065,-0.50281894,-0.45338458,0.33959523,0.25966558,0.095570244,0.20190404,-0.026258353,-0.12650642,-0.39819777,-0.46100858,0.08894526,0.19550629,-0.13208291,0.13010865,0.23523344,-0.27252138,-0.061288744,-0.27493614,-0.3919898,-0.06534466,-0.016320448,0.29569995,0.20992748,-0.01523456,0.35831517,0.3063654,0.25073135,0.14297733,-0.07914797,-0.3982797,-0.27416766,0.043717958,0.14264497,0.23162313,0.29769754,-0.24136394,-0.03907973,-0.38140613,-0.1762134,0.24846214,-0.049302608,0.19915958,0.09249896,0.16406655,0.23204997,0.38901806,0.16036302,0.08613619,-0.3983227,0.13004659,0.17564699,-0.46514425,-0.033439733,0.20065685,0.09821341,0.20829283,0.2155956,0.16314985,0.28835395,-0.1013037,0.13830185,0.0031897072,0.29770577,0.40065914,0.15846783,-0.43351728,0.24514276,-0.144312,-0.20201612,-0.4763675,-0.03560211,-0.32268295,-0.22526626,0.1532535,0.25629756,0.011168044,-0.16298425,-0.16255532,-0.47799724,0.25606868,0.30200684,0.30290997,-0.25010633,0.19865523,-0.33895695,0.018296286,-0.23761272,0.14605974,0.26896483,-0.22328839,0.4065764,0.15012357,-0.2295852,-0.12889832,-0.115364105,0.15438925,-0.22850041,0.12776604,0.056886807,-0.25259155,0.17206684,-0.03451518,0.32971433,0.08531022,-0.023559704,-0.0724826,0.45454717,-0.35934776,-0.3121746,-0.24347454,0.39689907,0.09502827,0.2097294,-0.15207402,-0.00022246689,0.112175286,-0.33569196,-0.16134569,0.15991095,-0.16341768,-0.18223384,0.20812073
1,-0.11759651,-0.0053622834,0.11959608,-0.064757094,-0.16586381,0.051366445,-0.22083707,-0.121252716,0.073918626,-0.03642978,-0.016124252,0.014879709,-0.09630613,-0.03337552,-0.114878386,-0.16255292,-0.08996228,0.017880067,-0.011647418,-0.027761612,0.0041541792,-0.05904624,0.124542624,-0.035092175,-0.13664523,0.06353128,0.055560734,-0.033633903,0.06001005,0.12966576,0.10460787,0.06767824,0.010846294,-0.046855606,0.1268215,-0.10645946,-0.067684546,-0.020388622,0.053258687,-0.0058119334,0.09482311,0.00071789697,0.084727414,-0.12760773,0.0030808933,0.04691387,0.11481714,0.045031954,0.11462125,-0.011368089,-0.024895288,0.122093946,-0.07696588,-0.013821337,-0.21282282,0.094706975,-0.020953685,-0.15423821,0.11657738,0.034850582,-0.02258686,0.052568518,-0.041028097,0.040339835,0.041038387,0.04473254,-0.07830408,-0.014108567,0.119334556,0.17731422,-0.013208818,-0.08598626,0.032508902,0.07926594,0.04974404,-0.08599126,-0.14763282,-0.049552165,-0.02232968,-0.015713222,0.12274231,0.09213105,0.055720773,0.04120331,-0.121740505,0.031013839,0.05752684,0.0030447878,-0.14945313,-0.014488623,-0.08674975,0.018485986,-0.022437321,-0.05212885,-0.017174229,-0.07526949,0.118040666,0.029376935,-0.011609726,0.07599306,-0.007967684,0.04094716,-0.056396347,-0.050803274,-0.09301819,-0.08029397,0.030423347,-0.16776517,0.09215707,-0.09280759,0.14268039,0.07944797,0.0947302,-0.08752939,-0.06681992,-0.021810807,0.04271587,-0.006339821,0.00087515265,0.03945996,0.01002644,-0.03493046,-0.12051758,0.025496803,-0.06688536,0.00015220791,0.079837546,0.01938112
1,-0.5912944,0.47461963,0.21807197,-0.15081112,-0.7535274,-0.20206787,-0.7375501,-0.98022,0.6192418,0.56541634,0.21152702,0.24244429,0.070704505,-0.2169366,-0.9451549,-0.7576329,0.37484005,0.32506722,-0.22934964,0.2794833,0.48284772,-0.5620643,-0.29691294,-0.57414424,-0.68766606,-0.10211378,-0.21652013,0.6928374,0.5116559,-0.15264162,0.45942047,0.42671388,0.59150195,0.41390103,-0.212995,-0.76796687,-0.5595965,-0.012933902,0.28006455,0.49872056,0.5875885,-0.48235798,-0.27205345,-0.72695893,-0.405616,0.6213227,-0.26337785,0.39394987,-0.0016917288,0.46869427,0.42187116,0.66190827,0.29635143,0.2180603,-0.6576428,0.01070241,0.25374833,-1.0207133,-0.22985357,0.4230199,0.27117205,0.15397692,0.42629182,0.4167957,0.63864577,-0.45252997,0.37591153,0.029339718,0.53527147,0.7731879,0.24246518,-0.963349,0.37852722,-0.3921694,-0.6521644,-0.98757774,0.06358371,-0.618902,-0.6350366,0.25549126,0.67857355,-0.15103912,-0.36597386,-0.40272778,-0.9502235,0.49404472,0.7066112,0.5742078,-0.37192374,0.49453807,-0.64142555,-0.0506096,-0.35693118,0.5432282,0.4722429,-0.51656973,0.74870944,0.12749666,-0.5296496,-0.30740124,-0.15315227,0.38894752,-0.22155595,0.30005363,0.039259896,-0.46432307,0.3706052,0.22722727,0.52426773,0.3137565,-0.1905663,-0.20036945,0.83337396,-0.60666656,-0.55820787,-0.6303997,0.73723394,0.14186446,0.49051917,-0.4815643,0.028792799,0.16652948,-0.4770103,-0.56292486,0.3284269,-0.42325282,-0.43144503,0.43944436
1,-0.5796965,0.45566708,0.22471534,-0.15866733,-0.7452314,-0.1936201,-0.7298246,-0.9665574,0.6068568,0.5448337,0.20399168,0.22480966,0.06421298,-0.20595422,-0.9389816,-0.7496759,0.36449337,0.31629568,-0.2191593,0.27250683,0.47169665,-0.5583526,-0.28324687,-0.5672015,-0.68053985,-0.08525829,-0.21317253,0.67115504,0.50988203,-0.1439042,0.44804478,0.41324657,0.5837047,0.4034266,-0.19466403,-0.7502843,-0.5476921,-0.0223542,0.27289388,0.4856474,0.5784144,-0.47171718,-0.25791144,-0.7145779,-0.3975264,0.6101286,-0.2513022,0.38530502,-0.00029198825,0.45858508,0.40283015,0.6464474,0.27939308,0.21574466,-0.6536488,0.0139397355,0.23340708,-1.0124463,-0.21926937,0.42207783,0.26653534,0.13881129,0.40677246,0.41475698,0.6284685,-0.44581807,0.3579978,0.026081095,0.53006464,0.7694614,0.22871263,-0.9515768,0.36571243,-0.37476853,-0.636987,-0.9693411,0.051523335,-0.6081761,-0.6277737,0.24427901,0.67700046,-0.14273223,-0.3500116,-0.38828284,-0.9350985,0.48554277,0.7014217,0.55504185,-0.37192798,0.48746943,-0.6324113,-0.043095846,-0.34075,0.53455764,0.45472312,-0.51177555,0.73894423,0.11886813,-0.5195538,-0.2953227,-0.14495969,0.3829302,-0.21294747,0.29218224,0.027705066,-0.45445225,0.36327204,0.21233678,0.5136962,0.30071807,-0.1745553,-0.18428835,0.8134932,-0.59569156,-0.542871,-0.6270404,0.7212271,0.13385628,0.48213202,-0.46652943,0.033484787,0.15522267,-0.46675113,-0.55359775,0.31268868,-0.41675204,-0.41554385,0.4303221
1,-0.46305433,0.3608216,0.14114395,-0.105304286,-0.569702,-0.12535991,-0.59078246,-0.7119607,0.46323124,0.42094135,0.14766833,0.22018906,0.034623835,-0.1845822,-0.66573185,-0.5801346,0.23688975,0.24387677,-0.18765014,0.20583919,0.35475802,-0.4028691,-0.19317782,-0.4052999,-0.53393924,-0.09700088,-0.1253034,0.49872434,0.35862502,-0.091255575,0.39147213,0.3608681,0.41717207,0.29515675,-0.15600157,-0.5864507,-0.41825655,0.011354007,0.21764368,0.36297026,0.44191808,-0.3574909,-0.16889064,-0.54445404,-0.2892206,0.44420698,-0.16468519,0.29118767,0.03661379,0.32428896,0.32407758,0.52524155,0.22258765,0.14515771,-0.5145578,0.052220352,0.22338323,-0.7352208,-0.13390905,0.30193436,0.18333632,0.18462254,0.32241645,0.2852411,0.45796618,-0.28481552,0.2581831,0.018463599,0.41117328,0.57986706,0.20118828,-0.69444937,0.30590618,-0.2685612,-0.4449616,-0.724965,0.025757499,-0.46568257,-0.42544413,0.2004466,0.4720757,-0.08352983,-0.26465744,-0.28118086,-0.7019464,0.36186767,0.4947468,0.43198827,-0.29131788,0.34041333,-0.48510092,-0.028071277,-0.29501483,0.3481269,0.3592084,-0.37510082,0.5658653,0.13042396,-0.3825356,-0.22130519,-0.1323795,0.27661133,-0.20726818,0.20679882,0.03621535,-0.35427552,0.2805624,0.11789915,0.4159737,0.20440832,-0.1273072,-0.14877033,0.6364725,-0.46243474,-0.43318102,-0.42995945,0.5532604,0.1150057,0.34542185,-0.3343693,0.010819413,0.1359375,-0.39270857,-0.36503094,0.24218905,-0.29014423,-0.31007096,0.31477818
1,-0.095850535,-0.029911522,0.1725305,-0.10317587,-0.1779677,0.07612772,-0.2688046,-0.12754792,0.08891766,-0.078447685,-0.015225429,-0.031067867,-0.14666961,0.0036314838,-0.1608639,-0.2102796,-0.10426784,0.01597844,0.025011152,-0.0362347,-0.008066762,-0.09304485,0.17329726,-0.058684446,-0.12615076,0.13846281,0.059874386,-0.07084194,0.103737295,0.15523957,0.100003995,0.03627599,0.027057782,-0.08308774,0.18154576,-0.07147032,-0.053657044,-0.06059698,0.034000136,-0.028473508,0.09929952,0.005920764,0.12306761,-0.12414159,0.021398429,0.026006693,0.14416741,0.0495866,0.1385031,-0.029464113,-0.055463992,0.115369394,-0.11446643,0.0031519942,-0.25314626,0.12103578,-0.08649625,-0.19994739,0.13698041,0.060189918,-0.008152239,0.007991716,-0.08813812,0.06463611,0.04517255,0.044992726,-0.10806121,-0.022239944,0.1350795,0.21857283,-0.07243857,-0.10215594,0.0046991836,0.11268787,0.08386439,-0.086623564,-0.19881094,-0.05782009,-0.047384672,-0.0387669,0.14594649,0.13839057,0.07906222,0.07080291,-0.14774325,0.051197045,0.09097567,-0.019362401,-0.19871724,0.001531668,-0.086995155,0.058784537,0.005470142,-0.048374154,-0.031714447,-0.08399379,0.14354688,0.0105882585,0.005851552,0.10073817,0.018612977,0.03517922,-0.056218825,-0.06251686,-0.11238277,-0.0791581,0.014614133,-0.22607295,0.09737849,-0.13232799,0.20646751,0.16152379,0.093139574,-0.09888995,-0.043358743,-0.060235396,0.045440406,-0.017950062,0.0007753894,0.077588126,0.024764013,-0.05628925,-0.108395204,0.0063551217,-0.11115114,-0.0049712323,0.11147405,0.028816164
0,-0.1025941,-0.050113957,0.1545289,-0.09327988,-0.17254041,0.059322845,-0.20159675,-0.12575899,0.05387247,-0.065276556,-0.03763175,-0.038699854,-0.10080345,-0.017883372,-0.1509456,-0.14758661,-0.09446106,-0.01719809,0.00992009,-0.031222492,-0.011420328,-0.06694265,0.13145037,-0.02798111,-0.14033492,0.10193531,0.039142992,-0.05612637,0.0879087,0.13211153,0.062621094,0.02992706,0.025198683,-0.03510348,0.16569635,-0.095959425,-0.05610073,-0.06395806,0.051786132,-0.020313041,0.098776236,0.009190433,0.09972757,-0.11234635,0.00810755,0.06083267,0.12897018,0.03111194,0.101914555,-0.007549261,-0.06367156,0.10761896,-0.11957671,-0.014476571,-0.22001159,0.08188,-0.07043455,-0.18508925,0.12690428,0.0488161,-0.020164587,0.0037963167,-0.08339367,0.055418827,0.038886406,0.02461974,-0.10937871,-0.022564927,0.12867802,0.20261881,-0.04783636,-0.10095903,0.004962364,0.11376084,0.03569778,-0.08083231,-0.1678412,-0.052547455,-0.038182527,-0.03777726,0.16405113,0.09195268,0.085991725,0.06791921,-0.11394003,0.014312707,0.07451975,-0.039321315,-0.14661826,-0.007731825,-0.08344735,0.034929827,0.017363645,-0.034854114,-0.05734681,-0.09946493,0.117913306,-0.0031288862,-0.0109545365,0.091843694,0.015876915,0.05011822,-0.017201865,-0.061477937,-0.1380609,-0.060741104,0.04065851,-0.17402187,0.07303411,-0.10918915,0.1549455,0.108915456,0.06919719,-0.06679051,-0.046060987,-0.04888256,0.023254834,-0.02997585,-0.002459161,0.040556386,0.027114578,-0.064641684,-0.0930406,0.011559449,-0.10146509,-0.004391182,0.10395851,0.009891756
1,-0.2557878,0.15692009,0.08621548,-0.07034391,-0.30711913,0.0008838028,-0.3915533,-0.3223201,0.2358587,0.14434654,0.0522388,0.13006033,-0.053335175,-0.08996862,-0.28618634,-0.34557834,0.019404091,0.12572871,-0.085579135,0.06849523,0.14568257,-0.18864694,0.012297168,-0.18242943,-0.29285696,-0.014360961,0.010406256,0.16612488,0.15063852,0.041430954,0.25939855,0.21316579,0.15752192,0.06936218,0.0008483827,-0.2835878,-0.19286045,0.018676102,0.10743299,0.13796435,0.22009826,-0.14789468,0.008467865,-0.28245795,-0.10719626,0.16925627,0.013637409,0.13957696,0.10050732,0.09667771,0.1329759,0.2845018,0.06884382,0.04820447,-0.3260687,0.115942426,0.09910525,-0.34311578,0.025080398,0.13493098,0.05162347,0.14820044,0.114917286,0.1156396,0.1926145,-0.044888947,0.05448862,-0.0035030004,0.22737718,0.31315336,0.09125214,-0.29763114,0.16019921,-0.05888926,-0.10396162,-0.322664,-0.07978864,-0.21473464,-0.1453225,0.08882371,0.20317161,0.04234018,-0.07804322,-0.08355023,-0.33921146,0.16843203,0.20690137,0.18715191,-0.21153297,0.11601123,-0.24024378,0.016533956,-0.15391372,0.068154484,0.15727003,-0.1660564,0.29443684,0.10260342,-0.14416403,-0.049711026,-0.07348428,0.11025281,-0.16089545,0.057750873,-0.0034091473,-0.18516901,0.11592354,-0.086581096,0.23690218,0.016159542,0.041045416,-0.013298115,0.31294817,-0.25258246,-0.21693622,-0.15609491,0.25848627,0.05615037,0.12746328,-0.0776335,0.0036860704,0.05517077,-0.25073662,-0.08923965,0.07137578,-0.09924033,-0.08169593,0.13467303
1,-0.2397821,0.1283003,0.08435178,-0.06781964,-0.28529885,0.006908045,-0.35707343,-0.2912498,0.20676054,0.13641626,0.036361106,0.11790343,-0.050181374,-0.09418549,-0.2676914,-0.30825093,0.00716649,0.10272406,-0.08370152,0.06128867,0.12911128,-0.16578351,0.00788746,-0.15041393,-0.27748594,-0.019342385,0.010181103,0.1514646,0.14462411,0.038796082,0.23442686,0.19783351,0.14689864,0.070729345,0.0046056733,-0.267631,-0.18242171,0.015352678,0.10539356,0.124568716,0.20568609,-0.1351926,0.010242357,-0.25989217,-0.09750852,0.1649539,0.02124532,0.12033063,0.09498159,0.09023776,0.11462367,0.270913,0.053135432,0.034399617,-0.3045951,0.10439224,0.09362485,-0.31645843,0.029723674,0.124799535,0.03859008,0.13830054,0.10014289,0.101432174,0.16772401,-0.040936258,0.03937266,-0.004610935,0.21682206,0.293395,0.08410266,-0.2738458,0.15022422,-0.040012192,-0.10154599,-0.29628676,-0.077723265,-0.20254111,-0.13291924,0.07821323,0.19718608,0.03800364,-0.06137991,-0.070065886,-0.30501387,0.14154148,0.18567145,0.15987693,-0.18812253,0.100796744,-0.22082005,0.014490828,-0.14244351,0.05748722,0.13160135,-0.16059813,0.26800662,0.091077104,-0.13224307,-0.042409442,-0.06342362,0.101936,-0.13945034,0.04818482,-0.014257677,-0.17065352,0.11983853,-0.0789928,0.21843359,0.008015417,0.035557352,-0.01700999,0.28143063,-0.22137925,-0.20155652,-0.14182763,0.2336022,0.048618667,0.1123998,-0.07372974,0.004825007,0.04540314,-0.23074046,-0.073861174,0.057878472,-0.09014547,-0.072723925,0.113359116
1,-0.47191,0.3289193,0.25923896,-0.164858,-0.64505064,-0.1464737,-0.6167868,-0.8195713,0.48873284,0.4042381,0.150563,0.12925316,0.018823933,-0.1566961,-0.82416165,-0.6327864,0.27796534,0.23350503,-0.15664986,0.20689854,0.36569735,-0.47840527,-0.1882748,-0.4635011,-0.5668578,-0.0065506063,-0.17926009,0.5109514,0.4553791,-0.07760048,0.3401056,0.29784086,0.48289853,0.3136753,-0.09037722,-0.6086932,-0.45122433,-0.06112718,0.2267986,0.37224236,0.4927293,-0.36670458,-0.18633686,-0.59598327,-0.3118666,0.5121524,-0.16868022,0.31469056,0.018469244,0.37256044,0.2813121,0.5293721,0.16296825,0.17780387,-0.5826331,0.008889598,0.12797934,-0.88602936,-0.14207956,0.3552913,0.21974239,0.06380334,0.27773038,0.36713415,0.51665336,-0.3761313,0.24823588,0.012311244,0.4561173,0.6806461,0.13235736,-0.8042277,0.26523525,-0.26304457,-0.5179576,-0.7919863,-0.010520287,-0.49423724,-0.5377882,0.16240849,0.62067354,-0.091521785,-0.24463251,-0.28613946,-0.78485256,0.3941769,0.60566217,0.41586497,-0.3387956,0.39983147,-0.52591753,-0.027990121,-0.23853046,0.44381553,0.32097596,-0.44988137,0.6203016,0.064052224,-0.42028335,-0.19854933,-0.086686835,0.3264883,-0.13758537,0.21121174,-0.04537213,-0.37651768,0.2992957,0.12827177,0.41047817,0.20919514,-0.08252249,-0.09066743,0.6524841,-0.47783265,-0.42545736,-0.54220676,0.5644398,0.087632686,0.39210635,-0.36825985,0.04049716,0.0870859,-0.3667734,-0.47254434,0.19981578,-0.3438115,-0.2954116,0.34900162
1,-0.55353194,0.41754925,0.25360686,-0.16636933,-0.7329458,-0.19239946,-0.6921991,-0.95066357,0.57439196,0.50983864,0.1890117,0.18267128,0.05842756,-0.19313349,-0.93512565,-0.7154458,0.35298815,0.28885722,-0.20191589,0.2564846,0.44683412,-0.5467731,-0.26475608,-0.54537094,-0.65727973,-0.0565671,-0.2182124,0.6358955,0.5075389,-0.12675582,0.40566555,0.36953586,0.5654057,0.39086905,-0.15996873,-0.7225118,-0.5305598,-0.046097323,0.2658823,0.45955214,0.5668115,-0.44477308,-0.24969758,-0.6906665,-0.38075018,0.60238844,-0.23728982,0.3703654,-0.0035474822,0.44822824,0.36427212,0.6152259,0.2386455,0.20952211,-0.6417232,-0.0035178056,0.19518754,-1.0029066,-0.20100611,0.40956205,0.26001626,0.09985621,0.36739323,0.41590416,0.6104557,-0.4470765,0.32823354,0.022058258,0.51557934,0.76036924,0.19498701,-0.93295896,0.3305745,-0.3478745,-0.62746125,-0.933942,0.036272116,-0.58049625,-0.6227128,0.21518745,0.69206977,-0.13998348,-0.32063112,-0.36428767,-0.9067952,0.46282613,0.6935354,0.51544213,-0.3621618,0.47268653,-0.6115075,-0.045958284,-0.30213588,0.53201234,0.4099254,-0.51083714,0.7128634,0.09151587,-0.50345004,-0.2666909,-0.122322544,0.38248184,-0.17340033,0.26971897,-0.010961778,-0.4364042,0.35418946,0.20370236,0.47996905,0.2837499,-0.15230775,-0.15983385,0.7742148,-0.56222475,-0.51171726,-0.6212323,0.67670316,0.11496721,0.4688782,-0.45542648,0.037933223,0.12799661,-0.4336642,-0.5530865,0.27754474,-0.40543762,-0.38305846,0.41246262
1,-0.25103942,0.1486987,0.08828212,-0.07005136,-0.29981425,0.0015287343,-0.3810769,-0.31391805,0.22636677,0.13812205,0.047662027,0.124526545,-0.05293779,-0.091463864,-0.27981898,-0.3323258,0.014622539,0.118997246,-0.08408301,0.06459531,0.136898,-0.17994025,0.012944967,-0.17060706,-0.2837349,-0.014130399,0.013242852,0.16058221,0.1480124,0.044150896,0.25020406,0.20759642,0.1515251,0.06699866,0.0042573214,-0.27912417,-0.18910718,0.017348066,0.10637074,0.13336064,0.21167308,-0.13971335,0.010475959,-0.27560085,-0.099890485,0.16550918,0.02008637,0.13286819,0.10008233,0.093231425,0.12528887,0.2790884,0.06065961,0.041485634,-0.31801236,0.11252653,0.095521376,-0.33383867,0.02808366,0.13104685,0.046936713,0.1435099,0.11038507,0.11023052,0.1830222,-0.041886415,0.048742436,-0.0031711087,0.22249752,0.3069824,0.08622284,-0.28763378,0.15707697,-0.051034477,-0.10010834,-0.3140395,-0.07980833,-0.20919433,-0.1415635,0.08254664,0.200882,0.04401292,-0.071462125,-0.07791753,-0.32647675,0.15944916,0.19774312,0.17734703,-0.20430523,0.1084712,-0.23233278,0.017676614,-0.148312,0.064138874,0.14912571,-0.1615628,0.28331953,0.098388195,-0.13897276,-0.044163622,-0.07006689,0.106600985,-0.15408722,0.053294368,-0.005544178,-0.180332,0.11465229,-0.08647301,0.22890037,0.011400692,0.041848693,-0.011429021,0.3034251,-0.24419513,-0.20929243,-0.14958343,0.24931505,0.052207712,0.12018618,-0.07511707,0.0042030215,0.050799135,-0.24370824,-0.08301311,0.064856954,-0.09571834,-0.07376227,0.12899059
1,-0.3242216,0.18427894,0.2185036,-0.1370712,-0.45935267,-0.06304577,-0.46211433,-0.54484344,0.32132256,0.2200405,0.07934866,0.064508855,-0.03323002,-0.1011845,-0.55935925,-0.44654056,0.12974206,0.13772653,-0.09191598,0.11498952,0.2175015,-0.31832063,-0.05766678,-0.29436037,-0.39721006,0.03778525,-0.090349555,0.28502518,0.3129285,0.0072613806,0.23813127,0.19568631,0.30276132,0.17235541,0.010468043,-0.40412933,-0.295267,-0.06275677,0.15506339,0.2165718,0.33761445,-0.22151467,-0.06941813,-0.40380335,-0.18380529,0.3271016,-0.050384983,0.20501655,0.056952827,0.21879221,0.14913735,0.3655339,0.054499306,0.10422446,-0.44367117,0.045207363,0.052490845,-0.60952497,-0.033286594,0.23737858,0.12731507,0.04713802,0.13562939,0.24484973,0.32892844,-0.21314466,0.10716095,-0.0027122106,0.32885244,0.4953551,0.0589614,-0.52561545,0.16282533,-0.113811165,-0.29145455,-0.5110774,-0.07638435,-0.32303107,-0.33921403,0.083689995,0.4343911,-0.012126934,-0.11734161,-0.14516282,-0.52482045,0.2494069,0.39691672,0.24064258,-0.26850343,0.2393278,-0.354226,0.0019832999,-0.14209211,0.25172335,0.17759575,-0.31027186,0.42597017,0.04245686,-0.25672123,-0.08402244,-0.047986124,0.21633798,-0.098383985,0.10211489,-0.07688684,-0.2541701,0.19551396,0.0023326874,0.28189132,0.080078945,0.0140604675,-0.005521631,0.42782587,-0.31920233,-0.27633575,-0.34733796,0.35507062,0.043766435,0.2370961,-0.20276548,0.033090025,0.030116733,-0.2621398,-0.2802678,0.078984864,-0.206858,-0.1386112,0.2160066
0,0.07595904,-0.23548698,0.2409768,-0.122493476,-0.024130628,0.15404798,-0.09994407,0.102115065,-0.088827595,-0.3065949,-0.09539543,-0.19174914,-0.2249629,0.089291856,0.005196225,-0.030930366,-0.23770809,-0.11139706,0.13022915,-0.14778617,-0.1773697,0.03469603,0.3295884,0.095076375,0.05623731,0.27494246,0.11170448,-0.3210553,0.0317598,0.26976153,-0.078995705,-0.14832774,-0.1255247,-0.2330867,0.35722044,0.15437956,0.09815981,-0.1313642,-0.040812932,-0.20989998,-0.040085316,0.17478728,0.23211467,0.053365108,0.15624735,-0.12549987,0.2752434,-0.05551746,0.16604964,-0.15984686,-0.25442004,-0.076070815,-0.30298787,-0.056028474,-0.14737794,0.11113743,-0.26413935,-0.012678193,0.2533866,-0.035993166,-0.08465743,-0.12997438,-0.29717237,-0.0061290916,-0.12555611,0.14285076,-0.27779892,-0.041836508,0.022360276,0.09003557,-0.22748835,0.12778457,-0.15883993,0.29276448,0.27561733,0.18649592,-0.3082393,0.12643471,0.07553668,-0.16954325,0.06996712,0.22333762,0.24932425,0.23181252,0.08365776,-0.095552236,-0.058161378,-0.24345668,-0.1575526,-0.13391772,0.08734392,0.08349345,0.17122474,-0.18473572,-0.24128899,0.0113318,-0.042046748,-0.08864978,0.16721666,0.25700703,0.112713285,-0.04915974,0.06626814,-0.19268672,-0.23062241,0.040703855,-0.09028761,-0.3526107,-0.06511624,-0.28119335,0.35932454,0.3160214,-0.16193636,0.085819244,0.14108272,0.06719142,-0.1979726,-0.09387795,-0.14591242,0.23425098,0.0434487,-0.17137529,0.051266827,0.1257515,-0.29927284,0.10400221,0.309862,-0.096853815
1,0.0614576,-0.21822104,0.23180342,-0.11726712,-0.035336234,0.14568324,-0.10969955,0.08490148,-0.076800436,-0.28113073,-0.0891749,-0.17460632,-0.21660717,0.077775195,-0.007462159,-0.042447057,-0.22444999,-0.10121961,0.11906071,-0.13796917,-0.16307575,0.027691878,0.31142318,0.08493275,0.04033105,0.2570517,0.10539071,-0.2966647,0.03776749,0.25576282,-0.06482325,-0.13021296,-0.11255723,-0.21609144,0.33598086,0.13512398,0.08349219,-0.12161745,-0.03238637,-0.1933107,-0.027887143,0.15898949,0.21811594,0.037358526,0.14282055,-0.11015303,0.26075137,-0.047657277,0.16145663,-0.14560844,-0.23528486,-0.057220545,-0.28464922,-0.051944297,-0.15259887,0.10708574,-0.24389175,-0.027157161,0.23990479,-0.030366704,-0.079608075,-0.1159717,-0.27525666,-0.0010692384,-0.112979494,0.13360393,-0.26099798,-0.039179318,0.031119794,0.09827378,-0.21117929,0.11004022,-0.14364368,0.27447334,0.25544804,0.1634131,-0.29510558,0.11015308,0.065437734,-0.15532812,0.07533646,0.21221295,0.23368849,0.21455511,0.06599444,-0.08526109,-0.047922373,-0.22290143,-0.1571907,-0.12264028,0.07208927,0.07679225,0.152935,-0.172627,-0.22313066,0.0019830465,-0.027686227,-0.0805215,0.15359524,0.2402387,0.10510334,-0.043264795,0.058343433,-0.1814554,-0.21879895,0.028961435,-0.07856431,-0.33540753,-0.050800033,-0.26561335,0.34036773,0.2973785,-0.1419778,0.0738287,0.12251593,0.058824472,-0.17663094,-0.08529112,-0.13244313,0.21726336,0.040049456,-0.15895568,0.039904885,0.115802474,-0.28024024,0.094879106,0.2874519,-0.087296434
1,-0.31726596,0.19362445,0.13240519,-0.09654184,-0.40398362,-0.043247644,-0.43243477,-0.46342114,0.29648682,0.22795111,0.06762756,0.123963445,-0.01879209,-0.1206377,-0.44679388,-0.4069099,0.0967918,0.13647512,-0.11026806,0.11482918,0.20666282,-0.2635814,-0.066013545,-0.2480897,-0.37888473,-0.02308964,-0.055834945,0.2731877,0.24373958,-0.009219691,0.26429707,0.23447856,0.2597307,0.16594839,-0.03365478,-0.38582915,-0.26898387,-0.0118870735,0.1506167,0.20859216,0.302678,-0.21594357,-0.053811938,-0.36433056,-0.1706041,0.28465798,-0.04203844,0.18091887,0.06295318,0.18761776,0.1742264,0.36031917,0.09237514,0.07820578,-0.3892777,0.06994334,0.111707315,-0.5028322,-0.030640222,0.19845022,0.10035644,0.12299669,0.1619034,0.18685536,0.2821262,-0.15299734,0.10938948,0.0002972465,0.29723814,0.4212822,0.10570797,-0.4482984,0.19216968,-0.113573566,-0.24870333,-0.4592462,-0.049856998,-0.30413646,-0.2595852,0.11126049,0.33487663,-0.011537045,-0.122672975,-0.1404615,-0.4590996,0.2195512,0.3194846,0.2423127,-0.22992702,0.19951428,-0.3240859,-0.0010998026,-0.17725217,0.184289,0.19475685,-0.26303113,0.38347548,0.0857943,-0.23262739,-0.09983189,-0.07578735,0.17677847,-0.1370519,0.1037836,-0.026523814,-0.23317033,0.18434933,-0.0048280805,0.28258225,0.07730299,-0.019146375,-0.050716355,0.40254927,-0.3018268,-0.27799803,-0.2704892,0.34247026,0.06280583,0.2018627,-0.18012835,0.016319111,0.06156594,-0.27348888,-0.2033675,0.11056756,-0.17209513,-0.15083571,0.18802688
0,-0.1396428,0.014535215,0.13376468,-0.08480583,-0.19876926,0.050895866,-0.27006385,-0.16491912,0.10796507,-0.023672005,-0.0061375946,0.0142813865,-0.10186373,-0.03145897,-0.1661255,-0.20916718,-0.076695964,0.033928476,-0.011552788,-0.011652701,0.022343863,-0.09547059,0.12129269,-0.070272915,-0.16350833,0.07694398,0.053091932,-0.010184437,0.09280142,0.124382906,0.12994865,0.08175126,0.044580966,-0.037829906,0.12826782,-0.13485806,-0.08252088,-0.0357851,0.057636056,0.0142189,0.11670963,-0.020135634,0.091818914,-0.15485987,-0.005655255,0.062774554,0.11092849,0.0620105,0.11771571,-9.756291e-05,-0.011776369,0.14727455,-0.06842443,-0.0012159795,-0.24974152,0.11234436,-0.025866814,-0.20656614,0.110478975,0.066257045,-0.0044941083,0.05243543,-0.033063166,0.06105672,0.07292117,0.028928198,-0.06783055,-0.016971646,0.14664656,0.22103164,-0.0162579,-0.13403782,0.0476626,0.07203047,0.03342646,-0.13397813,-0.15346543,-0.08395132,-0.053053007,-0.0068776403,0.14821754,0.1013194,0.04261843,0.034594063,-0.16746545,0.059157774,0.09621987,0.022302292,-0.17408052,0.01238849,-0.113652736,0.041058324,-0.03069565,-0.026993841,0.008163527,-0.094969206,0.15890892,0.03581008,-0.030361302,0.06344304,-0.011865746,0.05623371,-0.07526396,-0.035864003,-0.08611411,-0.093526825,0.04265477,-0.17476687,0.11567387,-0.08941501,0.14341816,0.09239351,0.13933568,-0.12558928,-0.08371425,-0.059866697,0.08291178,-0.0075849695,0.020715695,0.032738976,0.019270185,-0.029664125,-0.14159623,0.00040897727,-0.05939869,-0.02266809,0.07010113,0.043949388
0,0.026955891,-0.1885993,0.20295912,-0.104319796,-0.0526198,0.12089194,-0.10348928,0.05190923,-0.066464856,-0.24433577,-0.08681833,-0.14880253,-0.17544886,0.05556934,-0.015462805,-0.03202829,-0.20087945,-0.0941561,0.091897756,-0.12068314,-0.14019611,0.025663134,0.267132,0.07586597,0.0052603334,0.21002439,0.09532803,-0.2534152,0.026681501,0.22912908,-0.051884204,-0.09987304,-0.10017735,-0.173735,0.29975006,0.08243929,0.06350025,-0.108622536,-0.009442396,-0.15978019,-0.01245527,0.13927193,0.19383092,0.01945455,0.11881001,-0.0774146,0.23328097,-0.039013464,0.13954332,-0.121529825,-0.2082364,-0.03691494,-0.25461185,-0.055279773,-0.14732164,0.09449909,-0.20105818,-0.03405817,0.22055215,-0.025470216,-0.07818057,-0.08676945,-0.23779798,-0.0006102156,-0.08852143,0.1178022,-0.23428926,-0.03359864,0.043275334,0.10303643,-0.16555208,0.08220287,-0.114165924,0.24550197,0.21006155,0.12621586,-0.26004526,0.09034794,0.06264487,-0.13582404,0.08485724,0.17546147,0.20711243,0.19101527,0.055545513,-0.08240458,-0.041771367,-0.19800714,-0.13331605,-0.114998884,0.049838413,0.064409055,0.13332772,-0.14888932,-0.20067339,-0.01187849,-0.0150347585,-0.06589699,0.122963965,0.21160722,0.07977877,-0.019650519,0.04946482,-0.16034013,-0.20734146,0.02413565,-0.05327194,-0.2898898,-0.03913846,-0.2307124,0.28774217,0.241878,-0.10966499,0.056444064,0.093020946,0.055348605,-0.1528753,-0.08404032,-0.11441572,0.17654766,0.03714326,-0.14285654,0.014777668,0.11035066,-0.24089476,0.08097155,0.25886685,-0.08044395
1,-0.4360853,0.29324937,0.25015786,-0.15912728,-0.59996855,-0.12961245,-0.5742394,-0.75493586,0.4464556,0.35486436,0.13236779,0.10802598,0.010774765,-0.13954784,-0.7601268,-0.5800348,0.24365127,0.21069159,-0.14009063,0.18014702,0.32782233,-0.434575,-0.1557529,-0.42486763,-0.5255363,0.004863281,-0.1585598,0.45738113,0.41544956,-0.05271189,0.3087667,0.2706459,0.43439138,0.2781343,-0.06199021,-0.56112194,-0.41230398,-0.063218325,0.2112804,0.33578166,0.45183206,-0.32702726,-0.16037557,-0.5510465,-0.28119934,0.46950832,-0.1408805,0.2890574,0.02315228,0.3367043,0.24473828,0.48227853,0.13464004,0.15678741,-0.54497,0.01287089,0.10792872,-0.8166205,-0.117904596,0.32493907,0.1930579,0.051109932,0.24194175,0.3372267,0.4719793,-0.339245,0.21232805,0.011026295,0.4225795,0.63432765,0.11735077,-0.7326913,0.23816724,-0.22669898,-0.46153706,-0.7242601,-0.026839845,-0.44644135,-0.4929757,0.14237943,0.5801031,-0.07706138,-0.21130711,-0.25252265,-0.7160727,0.35337698,0.5528535,0.36972144,-0.31894484,0.3566503,-0.47890514,-0.024303854,-0.20991549,0.40030837,0.28485435,-0.41570848,0.5688829,0.05559149,-0.3783525,-0.16709125,-0.07906,0.3037301,-0.12311789,0.18404147,-0.056324504,-0.34399602,0.2707439,0.10478529,0.37350446,0.1796976,-0.06039826,-0.076341525,0.59552485,-0.438818,-0.38865626,-0.4912214,0.50940204,0.07294673,0.35395142,-0.3276066,0.04111532,0.0682361,-0.3401029,-0.42523316,0.17002884,-0.30991226,-0.25116575,0.3146322
1,-0.6178305,0.48741883,0.24631973,-0.16701926,-0.8014498,-0.22323455,-0.75504297,-1.0496155,0.6428182,0.59780973,0.22004801,0.23159869,0.08508183,-0.22582589,-1.021246,-0.7888508,0.4098767,0.33178985,-0.23895991,0.30046105,0.51154435,-0.6038399,-0.3255812,-0.60663795,-0.7281431,-0.096098825,-0.24748349,0.7334136,0.55361134,-0.17010286,0.46443638,0.42940235,0.6352501,0.4531835,-0.22097501,-0.80913633,-0.59423685,-0.029816575,0.29481107,0.5271197,0.62711936,-0.5106782,-0.2976274,-0.76529723,-0.4350343,0.67123145,-0.28890803,0.41246703,-0.01694613,0.5085259,0.4341535,0.6907369,0.300659,0.23711924,-0.6905145,-0.009658015,0.24939357,-1.0956093,-0.24665046,0.45303124,0.29525518,0.13408762,0.44060436,0.45367327,0.6817196,-0.50103635,0.3927911,0.027977103,0.5642489,0.8224614,0.24141416,-1.0362859,0.38519162,-0.41531998,-0.7157185,-1.0443705,0.07424087,-0.6545332,-0.6863115,0.25952727,0.7440935,-0.17443961,-0.3816858,-0.4268182,-1.0071745,0.5211818,0.76482636,0.59817255,-0.3822529,0.5336767,-0.68338275,-0.058350816,-0.3582835,0.5969506,0.4812495,-0.5579575,0.7883881,0.116599694,-0.57064736,-0.3240825,-0.1490285,0.42093316,-0.20631973,0.31774366,0.020750813,-0.4873074,0.39863312,0.25578102,0.5401417,0.34057423,-0.20567918,-0.20974927,0.87105405,-0.62846565,-0.58005995,-0.6858468,0.7682974,0.1421209,0.52993673,-0.52246225,0.034471385,0.16556773,-0.48528716,-0.6163379,0.34004226,-0.4554165,-0.45897788,0.46472362
1,-0.37545025,0.26009437,0.13972093,-0.100493655,-0.47015962,-0.079163775,-0.49258003,-0.56515753,0.36175677,0.3038585,0.10166056,0.16065812,0.003183253,-0.14630076,-0.5341281,-0.471392,0.15580463,0.17997822,-0.14068216,0.14808169,0.26463887,-0.31685206,-0.11629169,-0.31125483,-0.4376106,-0.05234165,-0.08438066,0.36364907,0.28997746,-0.039191693,0.3114993,0.28278425,0.3204689,0.21618125,-0.08123971,-0.4665604,-0.32834262,-0.0040345043,0.17796741,0.26997063,0.35666507,-0.2673565,-0.10381605,-0.43851012,-0.21713382,0.35031837,-0.09419833,0.22656254,0.051761355,0.24384849,0.23001948,0.42194054,0.14051923,0.10523726,-0.43913418,0.05807901,0.15482083,-0.5968847,-0.07146051,0.23830722,0.1320062,0.14271918,0.22556847,0.22678383,0.35380974,-0.20831266,0.16923806,0.0092846025,0.3412063,0.4839991,0.1433792,-0.5457855,0.2345602,-0.17645834,-0.32879126,-0.565208,-0.019662857,-0.36329117,-0.32760805,0.14424773,0.39435247,-0.043565877,-0.1791955,-0.1967747,-0.55434394,0.27421564,0.38869017,0.31718338,-0.25265837,0.2542166,-0.3852571,-0.014772698,-0.22125667,0.2525531,0.25716323,-0.30691996,0.4545887,0.098911986,-0.29106286,-0.14686671,-0.097895935,0.21933259,-0.16082247,0.14194149,-0.0049518123,-0.28230664,0.22171241,0.048318885,0.3325897,0.12904283,-0.062200643,-0.09062344,0.4963885,-0.3637475,-0.33896825,-0.33380708,0.42288935,0.080171764,0.25922784,-0.24376188,0.015538219,0.088064626,-0.31878325,-0.27028832,0.16045776,-0.21997406,-0.21160567,0.23911035
0,0.07403928,-0.23061167,0.24343872,-0.12316139,-0.031910837,0.1492389,-0.11304326,0.09136811,-0.078163445,-0.29636118,-0.093196146,-0.18909818,-0.2288274,0.08718765,-0.011502776,-0.045461904,-0.2305328,-0.107132226,0.12928212,-0.1440825,-0.17027512,0.02446264,0.32209313,0.08584197,0.047651626,0.27244446,0.103958234,-0.31006825,0.043533865,0.26225913,-0.073864676,-0.14204961,-0.11510241,-0.2279128,0.35031837,0.14891678,0.09039474,-0.12825772,-0.036549352,-0.20057796,-0.030579738,0.16186634,0.22642663,0.045888375,0.14875917,-0.118085675,0.27112284,-0.049492624,0.16594777,-0.15432611,-0.24612051,-0.06420246,-0.295829,-0.049439292,-0.15252307,0.10853026,-0.25971553,-0.029022507,0.24304217,-0.03001935,-0.08088767,-0.1309173,-0.29032534,0.0019059423,-0.12014023,0.13413404,-0.26987165,-0.040434882,0.034775343,0.100512095,-0.22448893,0.11496564,-0.15110055,0.28504372,0.26715478,0.17172728,-0.30762354,0.111910746,0.062916264,-0.1645873,0.07762322,0.22096804,0.24212289,0.22496721,0.06729996,-0.084435165,-0.04678966,-0.23442851,-0.16464612,-0.12201536,0.076780826,0.08452491,0.16082868,-0.17290834,-0.23404141,0.0012165271,-0.02721677,-0.08712675,0.15968928,0.24938434,0.11230239,-0.048694607,0.061030008,-0.18366554,-0.22393674,0.032238483,-0.08197291,-0.34804428,-0.051853158,-0.27630314,0.35699093,0.31627405,-0.1520409,0.07846621,0.13131142,0.052607216,-0.18119127,-0.087569386,-0.13573074,0.22685663,0.040469237,-0.16478658,0.046729475,0.11543972,-0.29336223,0.09644735,0.29717118,-0.09035368
1,-0.57919127,0.45880294,0.2151475,-0.14905304,-0.7387489,-0.19534107,-0.72129166,-0.95786345,0.60368264,0.549174,0.20389932,0.23508692,0.06783505,-0.21281093,-0.9242948,-0.7408322,0.36309803,0.31408012,-0.2232944,0.27201673,0.47001657,-0.5490947,-0.28781128,-0.5588683,-0.6747916,-0.09743026,-0.21075074,0.67328435,0.5004578,-0.1475659,0.44802102,0.4157492,0.5782759,0.4047126,-0.20381406,-0.75102,-0.5465911,-0.014952816,0.2750472,0.48550144,0.5748995,-0.46934128,-0.26290435,-0.71021545,-0.3957586,0.6079912,-0.25351796,0.38315466,-0.0003477037,0.45772475,0.40813488,0.6469158,0.28515214,0.21222065,-0.64595824,0.010865168,0.24507718,-0.99976075,-0.219922,0.41293854,0.26367217,0.15040067,0.4125819,0.40756738,0.6231201,-0.44057035,0.36295733,0.027453603,0.52520746,0.7575848,0.23535754,-0.94171894,0.36909586,-0.3788085,-0.63643545,-0.96346515,0.059110872,-0.6046054,-0.6179618,0.2473848,0.6665419,-0.14649302,-0.35377145,-0.3903613,-0.92797303,0.48104554,0.69011724,0.55740786,-0.3639459,0.48196155,-0.6275644,-0.048954587,-0.34713626,0.52838737,0.45688528,-0.5063161,0.73211265,0.12437585,-0.51727784,-0.29813722,-0.14877664,0.38067332,-0.21452747,0.29043752,0.033341847,-0.45337346,0.36324212,0.21672171,0.51215047,0.3034388,-0.18233904,-0.19329397,0.8122635,-0.5912752,-0.544458,-0.6151929,0.7181823,0.1369702,0.47865582,-0.46907106,0.028722517,0.16070145,-0.46607593,-0.5479134,0.31729844,-0.41249505,-0.4183782,0.42814782
1,-0.39445195,0.2643847,0.1909504,-0.12740104,-0.5222015,-0.099222854,-0.5158839,-0.6396068,0.3872595,0.3154332,0.11065253,0.12747383,0.0067844056,-0.1401984,-0.62616724,-0.5064506,0.18764201,0.18385404,-0.13731977,0.16051699,0.28533378,-0.3637593,-0.12834978,-0.35013404,-0.4707202,-0.022300478,-0.11565271,0.3904016,0.3405871,-0.041035786,0.30259332,0.26761252,0.36358416,0.24145642,-0.06476913,-0.49947304,-0.35809922,-0.035578556,0.18833023,0.28974628,0.3934624,-0.28669736,-0.12220828,-0.47577378,-0.23979987,0.3964202,-0.108982265,0.24691969,0.039108485,0.2789948,0.22694314,0.44098413,0.12771451,0.12601677,-0.48057497,0.038710933,0.12625104,-0.6838961,-0.08263426,0.27162707,0.15723228,0.09900599,0.22154737,0.27268544,0.39883178,-0.26038963,0.17728952,0.006380493,0.37166694,0.54413664,0.12460981,-0.620137,0.22697815,-0.1882255,-0.3808459,-0.6203467,-0.025854744,-0.39307415,-0.38977534,0.13615331,0.4726157,-0.056489505,-0.18539038,-0.21201785,-0.6140581,0.30138725,0.454202,0.32858574,-0.27590168,0.29210228,-0.422203,-0.015609786,-0.20540664,0.31039727,0.25658602,-0.35086632,0.49437022,0.07668953,-0.32525808,-0.1488781,-0.08592264,0.2550232,-0.13785183,0.15212557,-0.0359907,-0.30136076,0.24119943,0.06643778,0.34108812,0.14512752,-0.05637724,-0.07715195,0.5276909,-0.3858964,-0.35133168,-0.3967271,0.44639096,0.072339796,0.2958782,-0.27494273,0.026358832,0.07400988,-0.32032397,-0.3317536,0.1552186,-0.25222075,-0.21905157,0.26460916
0,0.09871754,-0.26155674,0.23048472,-0.10699731,0.017043501,0.15202741,-0.038856722,0.15194316,-0.1373413,-0.35904086,-0.11231397,-0.20920776,-0.21275522,0.09811461,0.078494176,0.04000448,-0.26598713,-0.13607487,0.14105077,-0.17488182,-0.21592845,0.081987634,0.35370958,0.13865402,0.09606987,0.27121103,0.13392997,-0.3710556,-0.026327698,0.29533398,-0.11780633,-0.17974517,-0.18536572,-0.26270506,0.38308656,0.18195061,0.1363771,-0.13208984,-0.0478696,-0.24078025,-0.081349604,0.22600931,0.25109535,0.09570235,0.18832925,-0.16008997,0.29899937,-0.08244354,0.16316852,-0.19265041,-0.2915894,-0.12649521,-0.3349276,-0.08298576,-0.10333258,0.10595178,-0.27689132,0.063164234,0.2817835,-0.07784065,-0.1101262,-0.13589992,-0.32699528,-0.03897287,-0.16276509,0.17977764,-0.3077753,-0.041836046,-0.017226912,0.03454534,-0.23400898,0.1950534,-0.18530495,0.31992662,0.31901598,0.2510837,-0.3102227,0.1836594,0.13224621,-0.1932496,0.03190395,0.22346258,0.27757227,0.26210022,0.15958935,-0.14041448,-0.116485156,-0.28954187,-0.12188318,-0.18620372,0.13244961,0.077293165,0.20838916,-0.22258583,-0.2841019,0.049775667,-0.1019374,-0.09493014,0.19998989,0.28972262,0.11334742,-0.058291752,0.08773311,-0.22252753,-0.24950397,0.076859064,-0.117781214,-0.36458558,-0.1143881,-0.29974413,0.36860594,0.31554854,-0.21289036,0.123719715,0.1786036,0.12882492,-0.26611608,-0.11950745,-0.1839003,0.2597979,0.04093013,-0.19171871,0.07450411,0.17172717,-0.3186378,0.13628097,0.3622591,-0.13029537
1,-0.67230505,0.54481804,0.24797522,-0.17172281,-0.86343145,-0.25283265,-0.8169167,-1.1415703,0.70547557,0.67430824,0.2465994,0.267403,0.104600325,-0.2484848,-1.1097935,-0.8582424,0.46479577,0.3729056,-0.26807755,0.33366507,0.569635,-0.6588353,-0.37826413,-0.6691806,-0.79287755,-0.123993635,-0.27773976,0.8222728,0.60136276,-0.20649105,0.5105582,0.47818515,0.7006051,0.5038324,-0.26848888,-0.8844699,-0.6541241,-0.020119697,0.32259944,0.5879175,0.6830173,-0.5700859,-0.3424161,-0.83563215,-0.48480842,0.73526776,-0.3362508,0.4531991,-0.030783646,0.5627541,0.4915276,0.75382924,0.3536791,0.2619425,-0.73654,-0.019204095,0.2902952,-1.1866053,-0.29129875,0.4974352,0.3233387,0.15221077,0.50113106,0.4930587,0.7477559,-0.55511343,0.4499782,0.03607104,0.61155105,0.8846543,0.2808819,-1.1321553,0.43094996,-0.47503078,-0.79396033,-1.148384,0.10213306,-0.71966916,-0.75677484,0.29550433,0.7997497,-0.20395741,-0.4334761,-0.4824211,-1.0994587,0.5752945,0.83586043,0.66856676,-0.40679285,0.5921758,-0.7469631,-0.06975975,-0.40535626,0.6635122,0.5438375,-0.605369,0.86035603,0.13026069,-0.628765,-0.3725267,-0.16860525,0.4571552,-0.23071973,0.36328056,0.04586011,-0.5338942,0.43879887,0.30737704,0.59481305,0.39128262,-0.24696568,-0.2507663,0.9552927,-0.688236,-0.6418044,-0.7529216,0.8535505,0.16345508,0.5867763,-0.5817681,0.033252418,0.19454582,-0.53210545,-0.6782362,0.39214742,-0.5040187,-0.52501035,0.5116964
1,-0.22737965,0.10399796,0.09051879,-0.07124731,-0.27709424,0.009947306,-0.33084545,-0.27614942,0.18723994,0.123792686,0.025789566,0.099589914,-0.048119258,-0.09242326,-0.26389053,-0.28216067,0.00092832,0.07919632,-0.07692916,0.0556909,0.11706136,-0.15281764,0.0069380775,-0.13273561,-0.2708032,-0.013064215,0.0017073974,0.13536476,0.1469152,0.038719237,0.20867877,0.18051225,0.14419432,0.07862367,0.014637258,-0.2570789,-0.17328435,0.0043658316,0.105541945,0.113109544,0.20052865,-0.1257492,0.010699096,-0.24349111,-0.09467992,0.16915853,0.026146874,0.1086867,0.08648157,0.09223695,0.097406454,0.26057896,0.035937704,0.030638877,-0.2935199,0.090989195,0.078786105,-0.31057742,0.03429307,0.11975904,0.031918533,0.12111026,0.08215385,0.09999935,0.15507984,-0.045726504,0.025962524,-0.0068565346,0.21134466,0.2875406,0.07537264,-0.2637329,0.134105,-0.025721345,-0.10753843,-0.2790278,-0.08070201,-0.19423354,-0.12773484,0.0697986,0.20538412,0.028413983,-0.04720041,-0.058370303,-0.2857041,0.12026899,0.17598212,0.13765123,-0.17383727,0.09340337,-0.21167888,0.0131119415,-0.12515599,0.05759108,0.107664704,-0.16498446,0.2521185,0.07608287,-0.12591967,-0.03496123,-0.055787984,0.10137151,-0.116638534,0.036832787,-0.03183234,-0.15667984,0.12344008,-0.07390041,0.20410183,0.0032733977,0.03331745,-0.015089199,0.25774193,-0.19648318,-0.19174209,-0.13766317,0.2125426,0.04076611,0.104866534,-0.074746296,0.0091710985,0.03507952,-0.2106918,-0.07143829,0.041734613,-0.08340049,-0.06150697,0.10094278
0,0.060430046,-0.21598746,0.21412112,-0.10228296,-0.019755926,0.14125612,-0.08020568,0.10244774,-0.09142637,-0.29052296,-0.09072888,-0.16531482,-0.19812919,0.07260722,0.0328935,-0.011786305,-0.23264903,-0.10682695,0.11196545,-0.14436872,-0.16856012,0.050916225,0.3111307,0.103594124,0.051409736,0.23827237,0.11315681,-0.30357492,0.0033703558,0.26304752,-0.072682574,-0.13320872,-0.13497117,-0.22061075,0.3334775,0.13334464,0.09221827,-0.11150496,-0.032484703,-0.1982901,-0.03989677,0.17533383,0.21669984,0.0491965,0.14858806,-0.118131526,0.26252866,-0.056265492,0.15760848,-0.15272991,-0.23402184,-0.0726935,-0.28064176,-0.064591065,-0.13384947,0.10482571,-0.23128134,0.012987424,0.24723774,-0.050015986,-0.09040885,-0.10334231,-0.27323568,-0.019254973,-0.12179186,0.14826223,-0.2614416,-0.03794291,0.011037327,0.06701781,-0.19869249,0.13567466,-0.1465686,0.27134457,0.26485202,0.18587458,-0.28379327,0.13284884,0.09236908,-0.15641686,0.05476846,0.20179173,0.23368214,0.21468525,0.09439796,-0.10384856,-0.07576643,-0.22858128,-0.13639176,-0.14333369,0.08885041,0.064164855,0.16009724,-0.18821259,-0.22962233,0.020058915,-0.055969864,-0.073345,0.15945178,0.24648386,0.09547538,-0.040719245,0.062295496,-0.18876922,-0.22009028,0.040784463,-0.088651165,-0.3297023,-0.06877705,-0.2604527,0.3295409,0.2748885,-0.15530032,0.08535117,0.13010201,0.09276141,-0.20261824,-0.08936638,-0.14597544,0.21776037,0.035512358,-0.15930991,0.03968878,0.13470557,-0.27437258,0.10705097,0.30021727,-0.09843466
0,0.06242952,-0.21759675,0.21025372,-0.09760629,-0.011803027,0.13306497,-0.06589974,0.107182465,-0.103843,-0.30789092,-0.09784638,-0.17096159,-0.19125964,0.07674956,0.051030546,0.009674176,-0.23793688,-0.11154781,0.11623132,-0.15095907,-0.1808303,0.060381092,0.3152473,0.1116189,0.058390006,0.23531678,0.121451855,-0.31631655,-0.017923884,0.2683421,-0.08230928,-0.14082503,-0.15604055,-0.22705266,0.34037077,0.1325744,0.10473729,-0.11237432,-0.029348046,-0.20173316,-0.05233807,0.19006655,0.22311498,0.0607319,0.1584775,-0.1270006,0.26889065,-0.06230511,0.15366817,-0.16394226,-0.24624425,-0.087039545,-0.29249144,-0.073607,-0.11920986,0.10324309,-0.23259667,0.030214459,0.2559762,-0.06232381,-0.09641166,-0.102940515,-0.27985963,-0.02689406,-0.12953722,0.16003934,-0.26958752,-0.036552563,0.0036290996,0.055235274,-0.19586232,0.15098721,-0.14907748,0.27937105,0.27550337,0.19702028,-0.2813911,0.14751416,0.11087155,-0.16368096,0.044557083,0.20033744,0.24090464,0.22529435,0.1153041,-0.11248995,-0.090386875,-0.24200106,-0.12435306,-0.15997818,0.09730691,0.06648814,0.1717093,-0.19614728,-0.24055411,0.031191744,-0.067077726,-0.072503015,0.16467744,0.2556613,0.09173683,-0.04130997,0.064560704,-0.19371414,-0.22351922,0.052306227,-0.094159536,-0.3304269,-0.081583954,-0.26490274,0.33004206,0.27466822,-0.16251986,0.08969709,0.13845976,0.10685432,-0.2180078,-0.10120319,-0.15356272,0.22304885,0.034019962,-0.16417025,0.04154674,0.14926252,-0.2747221,0.11507363,0.31810662,-0.10521029
0,-0.11942783,-0.032661904,0.15725075,-0.095755056,-0.19405313,0.050928436,-0.22061534,-0.15536211,0.07487951,-0.045555096,-0.02873931,-0.030242171,-0.09516323,-0.02237774,-0.17981045,-0.17063068,-0.080383174,-0.006376628,0.0028008465,-0.019135699,0.005154744,-0.08459796,0.117441505,-0.046464257,-0.16063145,0.09778562,0.030307805,-0.033773795,0.102470875,0.12165891,0.07659338,0.041596092,0.045801625,-0.019152487,0.15314922,-0.11774023,-0.07159735,-0.06118004,0.05976966,-0.0037373304,0.11798031,-0.009237669,0.08977626,-0.13237633,-0.005991675,0.079045296,0.116707094,0.042937186,0.09931876,0.008652187,-0.046400934,0.12805925,-0.105907075,-0.0048239455,-0.23666143,0.080852866,-0.06165804,-0.21541359,0.1160574,0.061514273,-0.008120485,0.00811436,-0.06700881,0.07064513,0.060956575,0.008904997,-0.09290091,-0.021792395,0.14400135,0.22304782,-0.039488245,-0.13228166,0.017095463,0.09613776,0.01235896,-0.109957255,-0.16158745,-0.07429185,-0.057097524,-0.025973922,0.18301052,0.08351667,0.071302906,0.052131284,-0.14475513,0.03123141,0.09752448,-0.01916429,-0.15537411,0.009791747,-0.10481797,0.03303252,0.0059168525,-0.016358502,-0.041319378,-0.114197545,0.13961183,0.0038336478,-0.03002084,0.07816328,0.009560492,0.06207684,-0.0241033,-0.04972171,-0.13307093,-0.0752188,0.05048355,-0.16350761,0.08935071,-0.09565032,0.1456685,0.100786425,0.09513679,-0.08446681,-0.06375353,-0.06872009,0.04619067,-0.022577953,0.016506847,0.024876105,0.027399711,-0.054588042,-0.10598554,-0.009848259,-0.08520452,-0.018863034,0.08691548,0.024191014
1,-0.24054545,0.14115329,0.09006516,-0.06961234,-0.29242367,0.0055405404,-0.37493175,-0.30217677,0.21972989,0.12531498,0.046053953,0.11838107,-0.059064306,-0.08302806,-0.2682337,-0.32766172,0.0088587105,0.11554927,-0.07750365,0.05812165,0.13181557,-0.17620361,0.024398766,-0.16826168,-0.27667898,-0.0052494705,0.0148148425,0.14548317,0.1403781,0.050673887,0.24401744,0.19785339,0.14205669,0.056495976,0.01358676,-0.26522616,-0.1799458,0.014992617,0.101876244,0.12306802,0.207495,-0.13287365,0.016062457,-0.26653183,-0.09630078,0.1561975,0.02273735,0.13038346,0.10295707,0.08506983,0.117071606,0.2680388,0.054041736,0.042162914,-0.3147349,0.11443576,0.08724599,-0.32475165,0.034415297,0.124313444,0.044379152,0.13864776,0.099195294,0.108255535,0.17786795,-0.034992125,0.040718228,-0.003467206,0.21630216,0.29947928,0.08036367,-0.2762293,0.14699936,-0.045482796,-0.08754465,-0.29870757,-0.08710813,-0.1976187,-0.13261575,0.07860103,0.1949033,0.047533065,-0.06482001,-0.071110845,-0.31783757,0.15581185,0.19194451,0.16829017,-0.20600307,0.10239731,-0.22452374,0.017549857,-0.14026871,0.05539553,0.13974588,-0.15630743,0.2776387,0.095189735,-0.130406,-0.03690272,-0.06765254,0.102968514,-0.15092978,0.04612773,-0.012465611,-0.1746365,0.10619708,-0.094560064,0.22281748,0.004789993,0.052448772,-0.0029815342,0.2919604,-0.23567107,-0.2021773,-0.14283124,0.23585841,0.049752604,0.11573893,-0.065179236,0.0035340488,0.045871843,-0.23771873,-0.07792229,0.057737626,-0.08876039,-0.064508036,0.12311726
1,-0.53312,0.39584067,0.22777368,-0.15607928,-0.6973647,-0.17643,-0.66308093,-0.89639664,0.5457502,0.4951995,0.17583555,0.18737246,0.057237577,-0.19104297,-0.883419,-0.6817331,0.330993,0.27527827,-0.20034942,0.24573702,0.4288545,-0.5137749,-0.25750986,-0.513549,-0.6378608,-0.067388654,-0.20516154,0.60929334,0.48100194,-0.12597719,0.39618954,0.36804634,0.53964496,0.37911674,-0.1622344,-0.6927044,-0.50933546,-0.033557408,0.25751874,0.4399482,0.5421847,-0.43113685,-0.23736799,-0.6597598,-0.36888823,0.5763099,-0.22469878,0.35019574,-0.0021664575,0.42883644,0.35204306,0.5954381,0.23493093,0.19545966,-0.6109182,0.00028639007,0.19931367,-0.9483353,-0.1921514,0.39094222,0.24034083,0.109988585,0.3571641,0.38995993,0.577221,-0.42043015,0.31259292,0.021533387,0.496574,0.72329295,0.2008093,-0.8844545,0.32546812,-0.32963544,-0.5981802,-0.89017177,0.034880795,-0.55841464,-0.5863384,0.21370794,0.6531179,-0.13573799,-0.3056095,-0.34817713,-0.85963684,0.43596107,0.65429616,0.49357232,-0.34245685,0.44819742,-0.5862366,-0.04608605,-0.29982117,0.49726778,0.39336556,-0.4880544,0.68053424,0.09312253,-0.48100206,-0.26086074,-0.122552484,0.36014506,-0.17285681,0.26054293,-0.0049582943,-0.419059,0.34462634,0.195698,0.46765727,0.27016,-0.15229094,-0.16499627,0.73621464,-0.5331731,-0.4966762,-0.58584535,0.65070444,0.115918875,0.4443348,-0.4340832,0.034879915,0.12745436,-0.4219938,-0.51401407,0.27069432,-0.3837522,-0.37402493,0.38749748
1,-0.3029634,0.21061833,0.067297265,-0.06362826,-0.34837693,-0.02093292,-0.43704048,-0.38267025,0.28663212,0.21491265,0.07331566,0.17584956,-0.03293459,-0.11642015,-0.33767626,-0.3962597,0.056879945,0.15929532,-0.11559895,0.10264811,0.19484495,-0.2229794,-0.038672745,-0.22059941,-0.34412843,-0.05440855,-0.009947158,0.24110295,0.17576364,0.004995741,0.30776414,0.26562488,0.2053731,0.11692381,-0.053913005,-0.3438343,-0.23912707,0.042289305,0.13008052,0.18987869,0.2606923,-0.20131034,-0.027651029,-0.33212122,-0.14816575,0.21510975,-0.023781538,0.16745327,0.09206161,0.13685596,0.19284645,0.34439614,0.12495419,0.06417745,-0.35437757,0.11395253,0.15179814,-0.39766908,-0.012387611,0.16239753,0.071627595,0.18743303,0.17609254,0.13538124,0.23603812,-0.076876104,0.103738956,0.0022985283,0.2610394,0.34872228,0.13466853,-0.3631003,0.20810926,-0.109683394,-0.16174664,-0.4008126,-0.0467368,-0.27296174,-0.1842541,0.12708817,0.22655946,0.01580204,-0.12653318,-0.13334973,-0.40786344,0.20931214,0.24925148,0.25116512,-0.22227784,0.15708365,-0.2910263,0.0071107894,-0.20483285,0.10746829,0.21796684,-0.19495311,0.34691533,0.12913994,-0.1916115,-0.096884646,-0.09709765,0.13095693,-0.19181736,0.09606046,0.033031352,-0.22298074,0.14914049,-0.04568595,0.28668615,0.05927515,-0.005018592,-0.058930784,0.38134325,-0.30013576,-0.27106062,-0.19461352,0.32933757,0.08318547,0.1711789,-0.12411812,-0.0050495714,0.09093736,-0.2926148,-0.12615633,0.12570655,-0.13042168,-0.14318398,0.16965637
1,-0.51111066,0.40579313,0.1774976,-0.13052471,-0.6391759,-0.14710811,-0.66600007,-0.8130658,0.5308447,0.46142,0.17553446,0.22395161,0.035536867,-0.18539517,-0.7730734,-0.6618676,0.28349447,0.28370935,-0.19489896,0.22745201,0.39906943,-0.46791682,-0.21529675,-0.4803033,-0.58700836,-0.083250314,-0.14993122,0.56253934,0.4189988,-0.10156244,0.42223984,0.38508698,0.48144794,0.32106084,-0.16247174,-0.6484542,-0.46517357,-0.0026398748,0.23550037,0.41066113,0.49054915,-0.39917395,-0.19455089,-0.61649394,-0.32610545,0.49930453,-0.19196609,0.33415267,0.03064723,0.36984867,0.3557767,0.5705349,0.2461665,0.17381445,-0.57703584,0.050688773,0.22268969,-0.84525573,-0.16523111,0.35271597,0.21610487,0.16652213,0.35468102,0.33682033,0.5274765,-0.34142447,0.29843426,0.022885056,0.45922628,0.6587753,0.20859872,-0.79231,0.33146614,-0.30926156,-0.5034165,-0.8242937,0.025753349,-0.5200795,-0.5073262,0.2175572,0.5457867,-0.09330698,-0.29918334,-0.3217694,-0.7976696,0.41710895,0.5765907,0.48335096,-0.33757183,0.39681298,-0.5391282,-0.024733853,-0.31477448,0.41722196,0.40664327,-0.42252326,0.6394214,0.12898232,-0.42869,-0.24657768,-0.13924463,0.31523833,-0.22227792,0.24040803,0.041392863,-0.3944742,0.30295718,0.1417798,0.4589514,0.23528582,-0.13328418,-0.15067157,0.7132523,-0.52869153,-0.47573704,-0.5073396,0.62651837,0.12095907,0.39515266,-0.37448224,0.022701688,0.1431953,-0.42903164,-0.43661425,0.26729035,-0.34077865,-0.34379816,0.36466697
1,-0.08976315,-0.041232187,0.13426177,-0.07217285,-0.14333871,0.06501202,-0.1969262,-0.08567909,0.045039866,-0.0770552,-0.031847876,-0.015855331,-0.11043839,-0.016792212,-0.09353688,-0.13531503,-0.11318052,-0.004483387,0.007850975,-0.045444123,-0.024261665,-0.04182677,0.1527388,-0.010888614,-0.108897455,0.0900372,0.06597026,-0.07615201,0.050750602,0.14801176,0.07512057,0.03484354,-0.012855813,-0.072975025,0.15937512,-0.07018234,-0.041217294,-0.03907817,0.04089032,-0.03639333,0.07393305,0.028480465,0.10720648,-0.0976597,0.027986817,0.02002413,0.13788515,0.027154032,0.11990042,-0.03394987,-0.061111756,0.09152569,-0.11189011,-0.024031159,-0.19922835,0.096879534,-0.0540518,-0.12769206,0.13935082,0.022310406,-0.033050645,0.02833252,-0.08036419,0.029226476,0.015842102,0.061322745,-0.10893161,-0.018352525,0.10364431,0.16069669,-0.04323874,-0.052654788,0.0051454715,0.11274153,0.082434416,-0.044404186,-0.16847943,-0.021802612,-0.0027331114,-0.038074214,0.11228113,0.10937389,0.08510267,0.07190657,-0.084961146,0.008631438,0.03655398,-0.03750022,-0.14454736,-0.03516029,-0.058523584,0.029475562,0.008456629,-0.073207684,-0.05328447,-0.06035556,0.09141206,0.012928318,0.015094735,0.101793066,0.009313043,0.030885441,-0.036189552,-0.071968414,-0.114623725,-0.05921416,0.014582434,-0.19137992,0.06562656,-0.12055887,0.16989738,0.11095015,0.05578881,-0.059274673,-0.0344416,-0.004393451,0.003995493,-0.023216996,-0.023211408,0.06683718,0.015283328,-0.05497469,-0.095143095,0.04371527,-0.099343866,0.01587763,0.11551,-0.0004145503
0,-0.031198025,-0.10529308,0.16901463,-0.08040008,-0.094610006,0.0901131,-0.15204364,-0.01221882,-0.005813118,-0.17640698,-0.051044583,-0.07546356,-0.14813665,0.02555881,-0.034923654,-0.08892013,-0.1640403,-0.041954465,0.056894723,-0.0897916,-0.08566501,-0.004732378,0.22590964,0.031756062,-0.038613614,0.15427339,0.08758424,-0.17524765,0.020691365,0.20273374,0.015323899,-0.03629902,-0.071025476,-0.14230599,0.23706105,0.013401214,0.017377004,-0.064770505,0.0106538385,-0.10195996,0.026233766,0.09448477,0.15352054,-0.03867287,0.07998423,-0.04324905,0.19483607,-0.004648391,0.138572,-0.08773488,-0.12882817,0.021912195,-0.18095209,-0.03875298,-0.17430198,0.10253268,-0.12859108,-0.06861244,0.18775284,-0.014384188,-0.056568116,-0.023629509,-0.15898645,0.010289514,-0.0395703,0.10391359,-0.17102098,-0.027037522,0.06187945,0.119510494,-0.10638715,0.02907414,-0.059436165,0.17405507,0.16858672,0.051443256,-0.21752685,0.04645697,0.042871743,-0.08735685,0.08283965,0.14842397,0.14418188,0.12880874,-0.012719993,-0.03287631,-0.012899771,-0.111770526,-0.14638734,-0.08309989,0.00070818886,0.042745315,0.07437005,-0.12310878,-0.12286224,-0.020329973,0.031163137,-0.017445933,0.074494,0.16747078,0.040741894,0.0016171988,-0.00072565826,-0.123098105,-0.15423094,-0.019053988,-0.036961585,-0.2566325,0.01036324,-0.17843482,0.24377698,0.18413597,-0.027905207,-0.006519735,0.034153182,0.04218617,-0.084490284,-0.050255906,-0.07270029,0.13378052,0.018420115,-0.09509154,-0.044583153,0.081352785,-0.1694215,0.057845917,0.20208238,-0.03557172
1,-0.56503016,0.43166977,0.26526067,-0.17192726,-0.7511625,-0.19972567,-0.7128722,-0.9773735,0.59308046,0.5194459,0.19941849,0.18299586,0.057302374,-0.19233333,-0.9631246,-0.73531586,0.36546624,0.3000034,-0.20376016,0.26085287,0.45722464,-0.5624248,-0.26780432,-0.5652618,-0.6671523,-0.05267066,-0.22404683,0.6517212,0.5227789,-0.12612757,0.41368842,0.37519062,0.5805967,0.39485785,-0.16115868,-0.7377425,-0.5428412,-0.04914786,0.27014416,0.47148135,0.57822716,-0.45379376,-0.2575187,-0.7096817,-0.3890025,0.61428523,-0.2458153,0.3835239,-0.0036939979,0.45931566,0.37298927,0.62615097,0.24476728,0.21746247,-0.6587048,-0.0041147796,0.19606823,-1.0307583,-0.20862105,0.42104888,0.26812834,0.094347864,0.37596026,0.4296933,0.6288426,-0.46123987,0.3393443,0.023700977,0.5263863,0.779732,0.19647755,-0.95637286,0.33565766,-0.35988873,-0.6394442,-0.9585585,0.036072142,-0.5925485,-0.64413023,0.21930988,0.7107263,-0.14246994,-0.33116466,-0.37553704,-0.9323865,0.47716612,0.713282,0.5296618,-0.37521276,0.48548836,-0.6243311,-0.045543205,-0.30742016,0.54971564,0.4235199,-0.52153164,0.7305901,0.09086171,-0.51287436,-0.27163655,-0.12534599,0.3941411,-0.17846228,0.274985,-0.0081202015,-0.4478441,0.35763672,0.21041149,0.4903299,0.29200625,-0.15208128,-0.15901116,0.7962566,-0.5794642,-0.52299404,-0.63931656,0.69406325,0.116619304,0.4828639,-0.46475893,0.040081955,0.12981547,-0.44285068,-0.57248634,0.28224227,-0.4177605,-0.38955614,0.42563996
1,-0.5254398,0.38772437,0.24245787,-0.16090311,-0.6953671,-0.17549574,-0.658829,-0.8955542,0.53832024,0.47823924,0.17314786,0.17185014,0.050570507,-0.185353,-0.8820289,-0.67526066,0.3249777,0.26797342,-0.19180581,0.24031013,0.41862765,-0.5141473,-0.24299449,-0.5097781,-0.6253383,-0.051673207,-0.20144762,0.5940082,0.4800901,-0.11480808,0.38606557,0.35189244,0.531593,0.3682526,-0.14412174,-0.683133,-0.4999512,-0.046993896,0.25345483,0.4301845,0.53740764,-0.41735864,-0.22680093,-0.651741,-0.3556395,0.5677172,-0.21720436,0.3474535,0.0028755292,0.41889805,0.33897474,0.5846487,0.21821964,0.1938334,-0.6133581,0.0028868997,0.18332085,-0.9480373,-0.17968515,0.38687873,0.24190342,0.10020755,0.34149554,0.39028206,0.5732291,-0.41530663,0.30011207,0.018935772,0.49113336,0.7233961,0.18229601,-0.8792636,0.31197208,-0.31834182,-0.5878015,-0.87856776,0.026280798,-0.54900986,-0.5816658,0.2007307,0.6557782,-0.12672403,-0.29592955,-0.33519253,-0.85392636,0.43275878,0.65230453,0.48065814,-0.3438798,0.44143653,-0.5785216,-0.040419273,-0.28503582,0.49472708,0.3811112,-0.4849196,0.6755967,0.08713797,-0.47289965,-0.24767244,-0.114282474,0.36082765,-0.16400716,0.24832854,-0.018492982,-0.41183898,0.3376844,0.18192606,0.45451128,0.25964335,-0.13894671,-0.14664985,0.73106605,-0.52874935,-0.48273486,-0.5832342,0.636066,0.10534582,0.43878555,-0.42524225,0.037117116,0.11706357,-0.41236025,-0.51478696,0.25489867,-0.3795203,-0.35583147,0.38444233
1,-0.033772267,-0.10707854,0.15114295,-0.073124275,-0.08844739,0.08793065,-0.13371523,-0.0066311155,-0.018104155,-0.15122032,-0.059418414,-0.06431441,-0.1315853,0.008791316,-0.028926145,-0.06768416,-0.15661906,-0.04732943,0.040161546,-0.08384258,-0.08141519,0.0049816966,0.20155722,0.042960964,-0.04816068,0.12734178,0.08478952,-0.1595659,0.01784322,0.18445404,0.014926194,-0.025100872,-0.06909019,-0.1213326,0.2140139,0.0015439652,0.011033177,-0.058085226,0.018686302,-0.096435115,0.025400793,0.08723066,0.14164612,-0.036500767,0.07111655,-0.03010662,0.17843021,-0.009356361,0.12694648,-0.07730336,-0.12586054,0.025624823,-0.17254354,-0.046009306,-0.15917529,0.09090568,-0.105766654,-0.05661883,0.17841005,-0.0149394125,-0.061491113,-0.011975527,-0.14615694,0.0022283848,-0.04172568,0.096882865,-0.16374682,-0.023069417,0.062128015,0.11173899,-0.08872041,0.028543413,-0.048487514,0.17009538,0.14587834,0.04900398,-0.19998753,0.04333029,0.04504434,-0.08038818,0.08232128,0.13274443,0.13964148,0.12386012,-0.0011678971,-0.043486375,-0.019062445,-0.11206743,-0.12339318,-0.085512966,0.0018715747,0.03315866,0.063110955,-0.12128854,-0.123796545,-0.025002105,0.025128882,-0.017167618,0.0691711,0.15166706,0.03631035,0.0037401803,0.0047569857,-0.11552949,-0.1534526,-0.01811982,-0.020395756,-0.22791702,0.008113019,-0.16676095,0.21455318,0.15396953,-0.02979488,0.0047051273,0.025901336,0.046461545,-0.081397355,-0.048785366,-0.07279589,0.117170975,0.019081753,-0.09143646,-0.043803893,0.08782959,-0.15667692,0.054342538,0.18115771,-0.045645487
0,0.04517336,-0.19871117,0.21985582,-0.10526733,-0.04190386,0.13305102,-0.10828027,0.074182495,-0.06686419,-0.2755656,-0.08207234,-0.15716717,-0.20185377,0.071766555,0.0008813739,-0.04244313,-0.22034135,-0.093363196,0.11204195,-0.13494611,-0.15375309,0.02790799,0.30235258,0.081605144,0.033043936,0.23716712,0.10534088,-0.28442794,0.020547956,0.2528344,-0.05618547,-0.11938057,-0.11544585,-0.21134597,0.3255505,0.11633104,0.07831069,-0.10802366,-0.026273571,-0.17970265,-0.02311971,0.15624252,0.20977733,0.030529212,0.13605526,-0.10522615,0.25684974,-0.04425134,0.1585656,-0.14240621,-0.21806538,-0.05014662,-0.26848075,-0.05250289,-0.1524198,0.10697075,-0.22583488,-0.021806503,0.23664728,-0.036401905,-0.07951228,-0.09858702,-0.25859985,-0.0031003188,-0.10523859,0.13635497,-0.24747345,-0.03906309,0.030390024,0.09150141,-0.19168355,0.106859654,-0.13376439,0.25804868,0.2518587,0.15351483,-0.28116894,0.10659935,0.0728139,-0.14719348,0.0674381,0.19970256,0.21960936,0.20175672,0.062256973,-0.08064033,-0.051622577,-0.20816262,-0.15194465,-0.12402022,0.06519912,0.0694902,0.14639789,-0.16980608,-0.21008676,0.006758917,-0.026905276,-0.06556022,0.14249992,0.23532566,0.09134511,-0.03564216,0.047531046,-0.17571098,-0.20769724,0.024684146,-0.07761538,-0.32789496,-0.04672932,-0.25141698,0.3284961,0.27870262,-0.12868644,0.061592128,0.11355007,0.06895682,-0.17118561,-0.08175127,-0.12735021,0.20711124,0.033179663,-0.14864106,0.022882625,0.11600725,-0.26137066,0.09504636,0.28407258,-0.0815785
0,0.030592222,-0.17783374,0.19883555,-0.09738558,-0.048022605,0.12386033,-0.11062154,0.05675116,-0.061196145,-0.24304068,-0.078853086,-0.13586132,-0.18198422,0.0542113,0.002167631,-0.04321309,-0.20350513,-0.0830181,0.091188684,-0.12335477,-0.13832435,0.027127452,0.27871928,0.073723435,0.015603274,0.21004422,0.10180932,-0.25345916,0.017845493,0.23945165,-0.040903367,-0.095250495,-0.10931592,-0.18979877,0.29715875,0.091212004,0.06164036,-0.09940056,-0.016210414,-0.16311091,-0.013960883,0.14258876,0.1922579,0.014690127,0.12459628,-0.08930094,0.23368013,-0.03403261,0.15022899,-0.12579536,-0.1987755,-0.037976597,-0.24655038,-0.05323366,-0.14650643,0.10306636,-0.19453551,-0.023969056,0.2215141,-0.03388279,-0.076678514,-0.077536926,-0.23121792,-0.006200915,-0.089540526,0.12728554,-0.2280789,-0.032098785,0.034783605,0.09254485,-0.1691006,0.09118585,-0.113575116,0.23794106,0.2251496,0.13311437,-0.2624472,0.10002639,0.06603335,-0.131759,0.070150316,0.18501246,0.20236447,0.18440218,0.050629225,-0.07340287,-0.048356175,-0.18576273,-0.14334077,-0.11550553,0.05457299,0.05706971,0.12484195,-0.16016442,-0.19177324,-0.0016052462,-0.017857227,-0.05902993,0.12813419,0.21361822,0.08021507,-0.026315127,0.0412103,-0.16168395,-0.1977646,0.01855063,-0.06628198,-0.29836854,-0.036483265,-0.23277405,0.29704598,0.24509849,-0.1084014,0.051100317,0.09188993,0.06537917,-0.15329127,-0.07422049,-0.11962384,0.183144,0.030070752,-0.1357929,0.012950733,0.11125203,-0.23839572,0.08619615,0.2592305,-0.07566878
1,-0.62629867,0.49251223,0.25487846,-0.1723072,-0.815529,-0.22858943,-0.7680325,-1.069545,0.656497,0.60450613,0.2239176,0.22989175,0.08581686,-0.22414668,-1.0464567,-0.8052426,0.4205854,0.3378359,-0.23851249,0.3028287,0.5204608,-0.6168364,-0.33203128,-0.6224912,-0.7407111,-0.09191862,-0.2560634,0.7464913,0.5671947,-0.17357218,0.465045,0.431305,0.65058196,0.4596109,-0.22088173,-0.8212182,-0.6048935,-0.033373505,0.30014777,0.5367324,0.6378662,-0.51975596,-0.30534083,-0.77994376,-0.44505495,0.68527323,-0.29363605,0.42017278,-0.021484457,0.5199213,0.43847412,0.69864976,0.30438918,0.24272381,-0.70248276,-0.014334745,0.24628505,-1.1209027,-0.25528622,0.46395874,0.30079618,0.12553056,0.4452773,0.46610713,0.695941,-0.51566875,0.40170068,0.029390568,0.5756389,0.83945787,0.24365921,-1.0570444,0.38912115,-0.42325616,-0.7294194,-1.065783,0.073338844,-0.6656996,-0.70646,0.2623706,0.7629483,-0.17831272,-0.38738918,-0.43584588,-1.0266206,0.53153485,0.7832099,0.6061708,-0.3916652,0.54662097,-0.6945133,-0.060075805,-0.3607175,0.6134365,0.4884029,-0.57010514,0.8032451,0.11370717,-0.5811275,-0.32900044,-0.1495182,0.4295108,-0.20550428,0.3260928,0.019626051,-0.4955126,0.404233,0.26382396,0.5489126,0.3477174,-0.20570433,-0.2105346,0.88219255,-0.63943636,-0.58897144,-0.7037784,0.78331083,0.1437571,0.5405068,-0.53197324,0.036787786,0.16597225,-0.49170735,-0.6330703,0.34539688,-0.4667712,-0.465711,0.47449806
1,-0.48338684,0.3414988,0.26176333,-0.16597717,-0.659062,-0.15238036,-0.6289288,-0.8392477,0.5030546,0.41733047,0.1576634,0.13602814,0.022524465,-0.16037096,-0.84210974,-0.6467685,0.2881571,0.24124987,-0.16099256,0.21394402,0.3771678,-0.4890422,-0.19767821,-0.47533667,-0.5791346,-0.010934126,-0.18527608,0.5283606,0.46410587,-0.08335143,0.34902894,0.30683243,0.49597865,0.32399133,-0.098571815,-0.6242343,-0.46296442,-0.05947545,0.23150861,0.38349578,0.5034406,-0.37814876,-0.19562091,-0.6096414,-0.32207254,0.52540755,-0.17667568,0.32309356,0.016334366,0.38440192,0.29313603,0.54295194,0.1723445,0.18357323,-0.59286124,0.0076093012,0.1350908,-0.905426,-0.15080741,0.3627119,0.22756058,0.0670781,0.28990218,0.37504607,0.53089577,-0.38736334,0.2600488,0.013402486,0.4651731,0.6935109,0.13917303,-0.8241356,0.2736554,-0.2748956,-0.5332722,-0.81338304,-0.005035959,-0.5070266,-0.55102676,0.16996896,0.63230854,-0.09729,-0.25543565,-0.2976124,-0.80537033,0.40482974,0.618771,0.43003267,-0.34458268,0.4109332,-0.5381364,-0.030178554,-0.24653414,0.45674092,0.333552,-0.45862767,0.63360786,0.06753464,-0.4322312,-0.20770192,-0.09186305,0.334526,-0.14315443,0.21858096,-0.04094509,-0.38614044,0.3066303,0.13756058,0.4213102,0.21865147,-0.090478085,-0.097967535,0.67019296,-0.49067208,-0.4372991,-0.55470407,0.5805219,0.09292318,0.40298563,-0.38070557,0.040130742,0.09245619,-0.37577236,-0.48646495,0.20982793,-0.35325408,-0.30627376,0.35927257
1,-0.5391261,0.40461886,0.20824705,-0.14746854,-0.69462645,-0.17540295,-0.6603569,-0.89208436,0.5459977,0.50488657,0.17569616,0.20314282,0.06501959,-0.20192866,-0.8680439,-0.67900985,0.32838723,0.2735029,-0.20790488,0.2549689,0.4319318,-0.5096588,-0.26711693,-0.5056052,-0.6420897,-0.083119564,-0.20107889,0.61411107,0.47190216,-0.13523252,0.40813962,0.37973517,0.53941214,0.3899666,-0.17770386,-0.7005076,-0.50872785,-0.025783166,0.25939065,0.44400615,0.54267186,-0.43527502,-0.23546673,-0.6548101,-0.36853862,0.5749333,-0.22611162,0.34736642,-0.0016929582,0.42753738,0.36396137,0.6048869,0.24626422,0.19398448,-0.60692734,0.0073441574,0.21646771,-0.9379534,-0.19099724,0.3860327,0.24248984,0.13532838,0.36793253,0.3816268,0.57534903,-0.4112401,0.316511,0.019417511,0.49518317,0.7152386,0.2113343,-0.8825617,0.33522472,-0.33348578,-0.60087353,-0.8888955,0.046743445,-0.56469554,-0.56971574,0.22172877,0.6381165,-0.13899249,-0.31299412,-0.3499514,-0.85741466,0.43559352,0.6451275,0.5014626,-0.33201897,0.44508398,-0.5909523,-0.044063516,-0.31056628,0.4883362,0.40157825,-0.48449355,0.679462,0.107821584,-0.48568127,-0.27027172,-0.13150196,0.3574027,-0.18398494,0.2617896,0.0051621944,-0.41638207,0.34941065,0.19372615,0.47136465,0.2744058,-0.16699806,-0.17606884,0.74372876,-0.53550935,-0.5021573,-0.5759747,0.6549465,0.12145139,0.44385272,-0.4373568,0.030739643,0.13871706,-0.42687944,-0.5046557,0.28195924,-0.37971234,-0.3823217,0.38817915
1,-0.64022326,0.51055324,0.25796688,-0.1741859,-0.83241343,-0.23629816,-0.78640586,-1.0950853,0.67425597,0.62300056,0.2325508,0.23841801,0.08924456,-0.22889186,-1.0700673,-0.8244811,0.43393838,0.35032552,-0.24539143,0.31148097,0.53514653,-0.63164294,-0.34259355,-0.6398115,-0.7555853,-0.09741296,-0.26271018,0.76894605,0.57979405,-0.17957097,0.4780194,0.4438514,0.6656988,0.47026142,-0.23150039,-0.8407166,-0.61975,-0.030909501,0.30590883,0.55193096,0.65247947,-0.5347131,-0.3157764,-0.7990207,-0.4564034,0.7005833,-0.30481878,0.43241903,-0.023150817,0.53249663,0.45430067,0.7158668,0.3171974,0.24934147,-0.71572953,-0.014512501,0.25628456,-1.1448253,-0.266756,0.47538596,0.30941105,0.12977521,0.4611082,0.47661236,0.71372867,-0.52928776,0.41659832,0.031496964,0.5871901,0.85719913,0.25196576,-1.0818206,0.40013745,-0.4386093,-0.74755555,-1.093294,0.078609236,-0.6821146,-0.7257609,0.2718026,0.7766303,-0.18361801,-0.4012462,-0.4500765,-1.0519924,0.5464607,0.80195254,0.62525445,-0.40067104,0.5610792,-0.7104846,-0.06202296,-0.3719553,0.63029814,0.505816,-0.581881,0.82215554,0.11740276,-0.59553957,-0.33964157,-0.15463836,0.43890777,-0.21355684,0.3372405,0.0264178,-0.5080252,0.41265354,0.27581385,0.56286824,0.35956678,-0.21522784,-0.21875197,0.90621907,-0.6569685,-0.6047913,-0.72110426,0.804989,0.14947066,0.5540577,-0.54639274,0.036831528,0.17280288,-0.5042706,-0.65014786,0.3584491,-0.47913098,-0.48067302,0.48744288
1,-0.43649608,0.293685,0.21359156,-0.1440037,-0.5815152,-0.12309508,-0.55717444,-0.7265636,0.43297893,0.36784437,0.12570348,0.1317127,0.022898149,-0.15393803,-0.7217129,-0.55810815,0.23479551,0.20496024,-0.15279919,0.18665576,0.32740542,-0.4144846,-0.17089668,-0.402576,-0.52675414,-0.026702795,-0.14965107,0.45737314,0.3947517,-0.06874603,0.31918842,0.28867114,0.4253863,0.29041436,-0.08612818,-0.5610949,-0.4054699,-0.046847463,0.2121206,0.33607778,0.4429885,-0.3297642,-0.15752108,-0.533451,-0.28114367,0.46134934,-0.14406782,0.2772894,0.021111492,0.3295853,0.2546604,0.4853639,0.1503591,0.14807433,-0.52504784,0.01920494,0.13579082,-0.78055096,-0.11692128,0.31459665,0.18427268,0.08658645,0.2541621,0.31572142,0.457109,-0.3202639,0.21338356,0.009348327,0.41539118,0.6093324,0.14002806,-0.7116884,0.25166312,-0.22540312,-0.4587142,-0.70784324,-0.010432944,-0.4463383,-0.46092975,0.15393896,0.5469294,-0.084670626,-0.21584168,-0.2498308,-0.69170517,0.33927643,0.5258507,0.3704322,-0.29488695,0.34505695,-0.47392437,-0.023676232,-0.22535345,0.37875754,0.2885983,-0.404677,0.5547441,0.0721437,-0.3762659,-0.18105578,-0.09055686,0.29226705,-0.13474475,0.18543664,-0.040140495,-0.33477572,0.27814794,0.10955006,0.37529376,0.18344733,-0.08532069,-0.10051045,0.5888179,-0.42756745,-0.3926496,-0.46620604,0.50700027,0.079157986,0.34441838,-0.3282227,0.035683863,0.081770554,-0.34440312,-0.39667597,0.1837469,-0.29818362,-0.26373792,0.30224994
1,-0.23907167,0.13393494,0.09129253,-0.07090524,-0.28861016,0.0059884656,-0.36652625,-0.2980722,0.21208532,0.12536499,0.040359147,0.11398655,-0.055912256,-0.08898133,-0.26782843,-0.31587163,0.006833233,0.10780114,-0.07855898,0.057245046,0.12471579,-0.1689989,0.019737586,-0.15806806,-0.27187744,-0.008020602,0.01573729,0.1455064,0.14334416,0.04990819,0.2353162,0.19576311,0.14151117,0.060253512,0.013505343,-0.26668036,-0.17835721,0.0107810125,0.10375063,0.12245412,0.20236477,-0.12812558,0.016252097,-0.26273036,-0.09057486,0.1575855,0.027474172,0.12500362,0.09938826,0.08571931,0.11176344,0.26699436,0.047869958,0.03522924,-0.3088536,0.1097119,0.08568531,-0.32038355,0.03468296,0.12431894,0.041204505,0.13557795,0.09731926,0.10418026,0.1714125,-0.036876556,0.037981123,-0.0032334626,0.21531895,0.29839608,0.076824695,-0.2721256,0.14685331,-0.038746852,-0.090966016,-0.2966999,-0.0851766,-0.19698656,-0.1336105,0.07359767,0.19640619,0.04780346,-0.060097426,-0.066734955,-0.30809262,0.14696226,0.18634781,0.16052704,-0.19752917,0.09837343,-0.2195632,0.018680714,-0.13774508,0.055889577,0.13429703,-0.15661511,0.2705489,0.090688586,-0.12865396,-0.035235934,-0.06398082,0.10217479,-0.1434759,0.04501707,-0.01464539,-0.17077228,0.11031153,-0.0902371,0.21682182,0.0019954816,0.04624267,-0.0040090177,0.28679407,-0.22911677,-0.19756159,-0.14024265,0.23277041,0.045071322,0.10869303,-0.06794812,0.006006792,0.042742867,-0.23097378,-0.07484061,0.05334813,-0.089406475,-0.06200937,0.11890217
1,-0.4504638,0.3379888,0.1433509,-0.11357342,-0.55496967,-0.10900305,-0.5822656,-0.6864735,0.44944838,0.39646274,0.13775453,0.20509166,0.025113445,-0.17404227,-0.650248,-0.56819254,0.21931878,0.23336609,-0.17509224,0.19635633,0.33802643,-0.39087358,-0.17658162,-0.39407927,-0.521329,-0.08199555,-0.115784794,0.47321153,0.35495588,-0.08182356,0.37789446,0.3487116,0.40708256,0.28128538,-0.13592896,-0.56485337,-0.39942324,0.0041295514,0.20860803,0.34737262,0.42604303,-0.34268194,-0.1495956,-0.52824914,-0.27723715,0.4288096,-0.14632529,0.2790046,0.040278226,0.3092143,0.30197132,0.5068108,0.2051436,0.1392044,-0.5074506,0.059113294,0.20272703,-0.7188662,-0.12362424,0.2993225,0.1743556,0.16974682,0.3005163,0.2765007,0.440599,-0.27344823,0.23879156,0.01416632,0.40403983,0.5708836,0.18813087,-0.67177224,0.2951071,-0.24509405,-0.42285118,-0.7009457,0.010934405,-0.45248467,-0.41284233,0.1911184,0.4626898,-0.07312671,-0.24543393,-0.26250833,-0.6772513,0.34493792,0.48041445,0.40772584,-0.28916794,0.32886052,-0.466976,-0.01728474,-0.28010678,0.33239764,0.3409155,-0.36732554,0.55148846,0.12358081,-0.36527404,-0.20819923,-0.124849275,0.26476753,-0.20039257,0.19797072,0.02807299,-0.33936098,0.2710241,0.098642185,0.40401393,0.18684712,-0.11349527,-0.13405749,0.6122542,-0.44966003,-0.4156227,-0.4190673,0.5359034,0.10614023,0.32895017,-0.3137162,0.020289749,0.12359041,-0.37995976,-0.34820724,0.2242612,-0.2811916,-0.29074013,0.3026795
1,-0.24146846,0.089623764,0.2503739,-0.14963971,-0.3865658,-0.017890316,-0.4031028,-0.4338968,0.24710144,0.11487513,0.043508865,-0.0062031336,-0.084309936,-0.058048945,-0.486671,-0.3813564,0.063172854,0.0832753,-0.038186792,0.06452614,0.1396431,-0.26702067,0.021310136,-0.22785148,-0.31239107,0.10764757,-0.06167845,0.16558832,0.28878364,0.05851367,0.16668482,0.11507264,0.23737581,0.09569964,0.09259565,-0.29213905,-0.22316015,-0.09298559,0.11639595,0.13156079,0.27344573,-0.14922503,-0.009367366,-0.31978554,-0.11901723,0.25012177,0.016756602,0.15720622,0.07894523,0.15211545,0.058420025,0.2840351,-0.03131541,0.08179763,-0.4022951,0.051699,-0.03376951,-0.52781713,0.020273983,0.19811349,0.094551064,-0.013063639,0.037964612,0.21430731,0.24551469,-0.16188928,0.027137436,-0.013004256,0.2835508,0.44189656,-0.01854803,-0.41954416,0.090779655,-0.026354652,-0.19176406,-0.38762125,-0.13427833,-0.24801823,-0.28332502,0.024692655,0.3916037,0.040334307,-0.038648814,-0.066452,-0.42472178,0.19021103,0.3320254,0.13895243,-0.2606154,0.18125956,-0.27497715,0.02528093,-0.072993666,0.18477444,0.08640465,-0.26598,0.35001576,0.0020117927,-0.17749034,-0.014053598,-0.0022787484,0.16726749,-0.05487094,0.04533612,-0.122169584,-0.20194837,0.14804307,-0.07250414,0.21709165,0.0031926036,0.09504671,0.08075551,0.3135081,-0.24115059,-0.19122832,-0.2950779,0.2549654,0.013744556,0.16989732,-0.12051734,0.042156667,-0.01910204,-0.1922772,-0.2220662,-0.009839147,-0.15690818,-0.051649123,0.16039494
0,0.082111314,-0.23843077,0.22837578,-0.10588066,-0.0037353486,0.14638086,-0.0642908,0.1252615,-0.111781165,-0.33286408,-0.09876299,-0.18954055,-0.21144758,0.090408266,0.055213552,0.008768809,-0.25002298,-0.11977159,0.13227074,-0.16353771,-0.19468313,0.06276117,0.33994126,0.11725382,0.077087104,0.2614879,0.12497318,-0.3426088,-0.011586411,0.28380424,-0.09601547,-0.15933207,-0.16246143,-0.24887192,0.36487874,0.1625556,0.11630348,-0.12232357,-0.042200543,-0.2215621,-0.06103956,0.20409447,0.23696868,0.07246818,0.17021215,-0.14409745,0.28521058,-0.06822936,0.16406903,-0.17609914,-0.26444066,-0.10143325,-0.31088302,-0.0705913,-0.12069876,0.10746044,-0.25976178,0.033666786,0.26775154,-0.06487237,-0.09912136,-0.123126134,-0.30319476,-0.026393494,-0.14193895,0.16647965,-0.2857725,-0.040405184,-0.0035685524,0.052664638,-0.2196527,0.16634071,-0.16897646,0.29659435,0.29926825,0.2200664,-0.3018939,0.1603518,0.11219193,-0.17759614,0.04325204,0.21638483,0.25625655,0.24044093,0.12414427,-0.11781235,-0.09510216,-0.25884056,-0.13538395,-0.16371964,0.109017044,0.07205429,0.18737257,-0.20616372,-0.25701556,0.037296727,-0.07699503,-0.0849022,0.18099986,0.27299595,0.10461248,-0.05044167,0.07250291,-0.20842561,-0.23452424,0.057556547,-0.10731856,-0.35470688,-0.09040926,-0.28330666,0.3588247,0.30473673,-0.18334872,0.102237165,0.15717992,0.10968209,-0.23518938,-0.10402381,-0.16475375,0.24330996,0.036594607,-0.17631641,0.055802383,0.15118837,-0.2998008,0.123266846,0.33806288,-0.11175114
1,-0.25514412,0.10620068,0.178761,-0.11730577,-0.3584482,-0.022981625,-0.36342564,-0.39949203,0.22550009,0.13572413,0.034092687,0.038593087,-0.04247364,-0.08198345,-0.4128221,-0.33135805,0.0560861,0.08288424,-0.06605996,0.0706175,0.14223613,-0.2236683,-0.009464562,-0.19847524,-0.31867555,0.04136518,-0.045627806,0.17892458,0.22957864,0.036527395,0.17953308,0.15010476,0.2090378,0.11778942,0.04835268,-0.310038,-0.2136479,-0.058840364,0.12703165,0.1431699,0.25592786,-0.14592004,-0.015090094,-0.3027024,-0.12220389,0.24342877,0.0027120858,0.14300646,0.06484567,0.14573708,0.07973149,0.27992338,0.00285279,0.058240633,-0.3588034,0.053512074,0.025270618,-0.45696232,0.015860282,0.17176159,0.0731953,0.044791926,0.07064317,0.17376743,0.23005158,-0.13252416,0.03667178,-0.007934583,0.2623317,0.3907719,0.037845705,-0.37999684,0.11975079,-0.03831956,-0.19211988,-0.36806765,-0.09650869,-0.2345084,-0.23040678,0.04947616,0.33913338,0.0111352205,-0.051554978,-0.0734645,-0.3749919,0.16065615,0.28123412,0.14626718,-0.21136779,0.15304627,-0.26082274,0.010796234,-0.09512289,0.15403786,0.10018624,-0.24255797,0.3195427,0.032593977,-0.1775257,-0.03597205,-0.032966275,0.16075194,-0.07012495,0.051923804,-0.09533562,-0.18420821,0.1515008,-0.043219354,0.21049324,0.023421109,0.03980697,0.01213287,0.30838376,-0.23054585,-0.20459841,-0.23926485,0.24539775,0.017298494,0.15524884,-0.12913367,0.033737198,0.0015476234,-0.20684005,-0.17332885,0.029427566,-0.13877834,-0.06628606,0.14093274
0,0.04264648,-0.20310433,0.2076819,-0.10343349,-0.036567427,0.1269964,-0.089466244,0.07410895,-0.08235122,-0.26888183,-0.093181916,-0.16044812,-0.18343131,0.064320356,0.006857928,-0.016047776,-0.21555659,-0.102688506,0.10206987,-0.1325441,-0.15679152,0.037821613,0.28606704,0.0896736,0.02500099,0.22171831,0.104195595,-0.27881682,0.013373785,0.24339247,-0.06549209,-0.11735029,-0.119901665,-0.19395652,0.31752667,0.10368644,0.079619065,-0.112859115,-0.017831258,-0.17662965,-0.027064495,0.1576977,0.20633061,0.03626344,0.13427266,-0.096033506,0.24737869,-0.048841596,0.14450954,-0.1382945,-0.22464985,-0.056759883,-0.27092102,-0.06220927,-0.13711774,0.09775471,-0.21565622,-0.011519522,0.23413855,-0.036933962,-0.085488126,-0.09582491,-0.25677094,-0.009640722,-0.1054873,0.13295838,-0.24994797,-0.035233147,0.02973095,0.087372474,-0.17951657,0.10823666,-0.12892412,0.26098213,0.2351797,0.15369092,-0.270158,0.11059749,0.07880688,-0.14745845,0.07093911,0.18616784,0.22229436,0.20616908,0.07887578,-0.09449236,-0.058634758,-0.21746667,-0.13056736,-0.13073482,0.06796001,0.06691221,0.14860246,-0.16585644,-0.2176027,0.0019431487,-0.03385675,-0.07048436,0.13970189,0.22935483,0.08677003,-0.028468713,0.057013296,-0.17282924,-0.21535233,0.035963,-0.067463405,-0.3058644,-0.055274583,-0.24537921,0.30496523,0.2570811,-0.13183163,0.07036804,0.110860094,0.07221174,-0.1766856,-0.09148316,-0.1296422,0.19496688,0.036996864,-0.15245517,0.02631732,0.1251725,-0.25647867,0.093985796,0.28120175,-0.09119746
1,-0.6402233,0.51055324,0.25796688,-0.17418581,-0.83241355,-0.23629816,-0.7864058,-1.0950854,0.6742559,0.62300056,0.2325508,0.238418,0.08924459,-0.22889186,-1.0700673,-0.8244811,0.43393838,0.35032552,-0.2453914,0.311481,0.53514653,-0.63164294,-0.34259358,-0.6398115,-0.75558543,-0.097412944,-0.26271018,0.7689462,0.57979405,-0.179571,0.47801945,0.44385138,0.66569877,0.47026142,-0.23150039,-0.84071666,-0.61975,-0.030909516,0.30590883,0.5519309,0.65247947,-0.53471315,-0.3157764,-0.7990207,-0.4564034,0.7005832,-0.30481878,0.4324191,-0.023150794,0.53249663,0.45430067,0.7158668,0.31719744,0.24934147,-0.71572953,-0.014512493,0.25628456,-1.1448253,-0.266756,0.47538596,0.30941108,0.1297752,0.46110815,0.47661242,0.7137287,-0.5292877,0.41659832,0.031496905,0.58719015,0.85719913,0.25196573,-1.0818206,0.40013742,-0.4386093,-0.74755555,-1.093294,0.078609236,-0.6821146,-0.72576094,0.27180266,0.7766303,-0.18361804,-0.4012462,-0.45007646,-1.0519924,0.5464607,0.80195254,0.6252545,-0.4006711,0.5610793,-0.7104846,-0.062022973,-0.3719553,0.6302982,0.505816,-0.58188105,0.82215554,0.11740278,-0.59553957,-0.33964154,-0.15463836,0.43890777,-0.21355678,0.33724046,0.02641783,-0.5080252,0.41265354,0.27581388,0.5628683,0.35956675,-0.21522784,-0.21875194,0.90621907,-0.6569685,-0.60479134,-0.72110426,0.80498904,0.14947067,0.5540577,-0.5463928,0.036831543,0.17280288,-0.5042707,-0.65014786,0.35844907,-0.47913092,-0.4806729,0.48744288
1,-0.2786358,0.16892138,0.10358246,-0.08562546,-0.33956078,-0.009039909,-0.4169092,-0.37118712,0.26038584,0.17270339,0.055978768,0.12569289,-0.045965403,-0.10134032,-0.34689033,-0.37010416,0.044015147,0.1295331,-0.09304087,0.08542691,0.16312613,-0.2157068,-0.013473183,-0.20733935,-0.32105535,-0.015024014,-0.007213544,0.20480861,0.1913339,0.02462335,0.26305875,0.22512019,0.19719996,0.101321265,-0.008579932,-0.32154447,-0.21709701,0.0026660785,0.122480124,0.1644098,0.24394873,-0.17100143,-0.005745814,-0.31107992,-0.12408739,0.20706429,-0.0014822483,0.15475334,0.09094879,0.12500948,0.14435875,0.31284416,0.074911185,0.055868406,-0.35162434,0.10720023,0.102505386,-0.40177938,0.0049609914,0.1638648,0.067243166,0.14009358,0.12993258,0.13810153,0.22193259,-0.0820421,0.07181824,-0.0022436827,0.25656724,0.3578576,0.09326312,-0.35073575,0.17642353,-0.07086821,-0.15038446,-0.37572,-0.07350305,-0.25115585,-0.18830644,0.09488672,0.24796541,0.03124878,-0.09279868,-0.09768239,-0.3804167,0.18623048,0.24532342,0.20347735,-0.22070545,0.14490491,-0.26603347,0.022139147,-0.16470319,0.10910103,0.17473046,-0.20134121,0.33052704,0.09630807,-0.17105538,-0.06869695,-0.074348226,0.13115984,-0.1578163,0.074813,-0.007261485,-0.20006433,0.1416181,-0.062474683,0.25520867,0.03154637,0.018638268,-0.020618105,0.3503671,-0.27484667,-0.23725738,-0.19902137,0.29458204,0.054249085,0.14933562,-0.11056301,0.0130050145,0.056040306,-0.25976318,-0.12587512,0.080847405,-0.12741198,-0.1034953,0.15362477
1,-0.5391261,0.40461886,0.20824702,-0.14746854,-0.69462645,-0.1754029,-0.66035694,-0.89208424,0.5459977,0.50488657,0.1756962,0.20314284,0.06501961,-0.20192869,-0.86804384,-0.6790099,0.32838723,0.2735029,-0.20790489,0.2549689,0.4319318,-0.5096588,-0.2671169,-0.50560534,-0.6420897,-0.08311951,-0.20107885,0.61411107,0.4719021,-0.13523251,0.4081396,0.37973517,0.53941214,0.38996664,-0.17770389,-0.7005076,-0.5087279,-0.025783151,0.25939065,0.44400615,0.54267186,-0.43527496,-0.23546676,-0.65481013,-0.36853862,0.5749333,-0.22611162,0.34736642,-0.0016929731,0.42753738,0.3639614,0.60488683,0.24626425,0.19398446,-0.6069273,0.0073441872,0.21646768,-0.9379535,-0.19099724,0.3860327,0.24248981,0.13532838,0.36793253,0.3816268,0.57534903,-0.4112401,0.31651106,0.019417526,0.49518317,0.7152386,0.21133433,-0.88256174,0.3352247,-0.33348572,-0.6008736,-0.8888955,0.04674346,-0.56469554,-0.5697158,0.22172873,0.63811654,-0.13899252,-0.31299412,-0.34995136,-0.85741466,0.43559352,0.64512753,0.5014625,-0.33201894,0.44508398,-0.5909523,-0.044063523,-0.31056628,0.4883362,0.40157825,-0.48449352,0.679462,0.10782157,-0.48568127,-0.27027166,-0.13150196,0.35740277,-0.18398494,0.2617896,0.005162157,-0.41638207,0.34941065,0.19372618,0.47136465,0.2744058,-0.16699806,-0.17606881,0.74372876,-0.53550947,-0.5021572,-0.5759747,0.6549465,0.121451385,0.4438526,-0.4373568,0.030739613,0.13871709,-0.42687944,-0.5046557,0.2819593,-0.37971237,-0.3823217,0.3881791
1,-0.62629867,0.4925123,0.2548785,-0.17230721,-0.815529,-0.22858946,-0.76803255,-1.069545,0.656497,0.6045062,0.2239176,0.22989175,0.085816845,-0.22414671,-1.0464567,-0.8052426,0.4205854,0.33783585,-0.23851249,0.30282867,0.5204608,-0.61683655,-0.33203128,-0.62249124,-0.7407111,-0.09191862,-0.25606337,0.7464913,0.56719464,-0.17357218,0.465045,0.431305,0.650582,0.4596109,-0.22088173,-0.8212182,-0.6048935,-0.03337349,0.3001478,0.5367324,0.6378662,-0.51975596,-0.30534083,-0.7799438,-0.44505495,0.6852733,-0.29363605,0.42017278,-0.02148445,0.5199213,0.43847412,0.69864976,0.30438924,0.24272378,-0.70248276,-0.014334775,0.24628505,-1.1209027,-0.25528622,0.46395868,0.30079615,0.12553056,0.44527724,0.46610713,0.6959409,-0.51566875,0.4017007,0.029390568,0.5756389,0.8394579,0.24365921,-1.0570444,0.38912115,-0.42325613,-0.72941947,-1.065783,0.07333887,-0.6656996,-0.70646006,0.2623706,0.7629482,-0.17831272,-0.38738918,-0.43584588,-1.0266206,0.5315349,0.78321,0.6061708,-0.3916652,0.546621,-0.6945134,-0.060075805,-0.3607175,0.61343664,0.4884029,-0.57010514,0.80324507,0.11370714,-0.5811275,-0.32900047,-0.1495182,0.42951083,-0.20550427,0.32609287,0.019626059,-0.49551266,0.404233,0.26382393,0.5489126,0.3477174,-0.20570433,-0.2105346,0.88219255,-0.63943636,-0.5889713,-0.7037784,0.78331083,0.1437571,0.5405067,-0.53197324,0.036787756,0.16597222,-0.4917074,-0.6330703,0.3453969,-0.4667712,-0.46571088,0.47449812
1,-0.046283513,-0.08367489,0.16093886,-0.08065677,-0.11018328,0.08399287,-0.16851251,-0.037815288,0.009580027,-0.14381748,-0.0444235,-0.059366684,-0.139391,0.013605271,-0.054304574,-0.10685059,-0.14624986,-0.028766692,0.041264337,-0.07578798,-0.0663437,-0.017178461,0.20564266,0.016365446,-0.058863066,0.14022017,0.081233144,-0.14409582,0.032676134,0.18797012,0.03451265,-0.013851389,-0.05252493,-0.12074438,0.212877,-0.010616135,-0.001660265,-0.06075596,0.019192211,-0.083839774,0.041822873,0.07478204,0.14064442,-0.057581317,0.067035094,-0.024863018,0.17496982,0.008755095,0.13528341,-0.07035909,-0.108362645,0.04468804,-0.16143972,-0.034142565,-0.1823956,0.103068635,-0.10618532,-0.09004617,0.17232685,-0.0033703297,-0.045919422,-0.007674873,-0.13431385,0.017770002,-0.019644497,0.09027724,-0.1528423,-0.021246908,0.0737987,0.13564181,-0.093461424,0.0012416095,-0.04126586,0.15470208,0.14053912,0.021653367,-0.20498304,0.026302308,0.025133952,-0.07223942,0.09424466,0.14030534,0.12510133,0.11110726,-0.0386766,-0.016845353,0.005991295,-0.087875396,-0.14969765,-0.06733236,-0.016353024,0.039845422,0.053376473,-0.10802129,-0.09919737,-0.035166528,0.051791318,-0.01120251,0.058251534,0.14650099,0.03309345,0.009723727,-0.010437699,-0.10814891,-0.14445311,-0.030519724,-0.024584908,-0.23664413,0.02713728,-0.1631394,0.2227236,0.16533609,5.8110803e-05,-0.023323972,0.013188411,0.024190053,-0.057359867,-0.042394068,-0.058081303,0.11293337,0.018394832,-0.08459243,-0.056040682,0.065642744,-0.14929387,0.044094935,0.17484443,-0.023390504
1,-0.36808708,0.21859403,0.21310353,-0.14112474,-0.5062631,-0.08480117,-0.4893839,-0.61406386,0.35934144,0.27757236,0.09060978,0.08714427,-0.005720053,-0.12400766,-0.6227963,-0.4863859,0.17023116,0.15757255,-0.11535752,0.14509505,0.25939307,-0.35505065,-0.10764223,-0.33211046,-0.45256355,0.013113286,-0.1174016,0.3519985,0.34459797,-0.027404353,0.263796,0.22921878,0.35334247,0.22593579,-0.027461477,-0.4655585,-0.33737126,-0.057800174,0.17945302,0.26313812,0.3799592,-0.2653307,-0.10349375,-0.45232594,-0.22443086,0.38522968,-0.08500664,0.22829956,0.037168436,0.2657219,0.18669525,0.41038173,0.089463614,0.11975743,-0.4704699,0.029638644,0.08089142,-0.67591995,-0.06731162,0.26679933,0.14828879,0.05731582,0.179158,0.2727237,0.3761809,-0.25911215,0.14475518,0.0011534486,0.36343172,0.5383419,0.08984576,-0.5997088,0.19783187,-0.15462296,-0.36471707,-0.58570325,-0.048508678,-0.37232736,-0.38650203,0.1106025,0.48315087,-0.046153955,-0.15075906,-0.18557747,-0.58520466,0.27961326,0.4484157,0.28593108,-0.27288783,0.28241342,-0.4015531,-0.010470912,-0.17136177,0.3027478,0.21397595,-0.35128695,0.474027,0.050985742,-0.3069939,-0.12280873,-0.06165794,0.24446279,-0.10465633,0.13821834,-0.06847618,-0.28201407,0.23125431,0.046218947,0.31560245,0.12191895,-0.028571308,-0.047729716,0.48236436,-0.35688263,-0.32024765,-0.3965855,0.41165036,0.056645047,0.27854902,-0.2541259,0.03592976,0.04832654,-0.28936118,-0.32510093,0.120490454,-0.24387224,-0.19029573,0.24710041
1,-0.5406402,0.43697745,0.18379954,-0.13502386,-0.6752558,-0.16381843,-0.69969547,-0.8669919,0.5660342,0.49812037,0.19121727,0.2392208,0.045000155,-0.19575778,-0.8234112,-0.7011574,0.3125922,0.30498433,-0.20773041,0.24493158,0.429041,-0.49965194,-0.24041101,-0.5153465,-0.6202388,-0.09310278,-0.16697347,0.6074987,0.44569418,-0.117506176,0.4444723,0.407143,0.5168067,0.34666237,-0.18312064,-0.68909883,-0.49641222,-0.0006286204,0.24933746,0.44260237,0.5212846,-0.42861617,-0.21736097,-0.6552352,-0.35184824,0.53431934,-0.21519226,0.35670844,0.02380304,0.3987589,0.38462415,0.60350966,0.27012634,0.18838401,-0.6049033,0.045599356,0.23994069,-0.8987769,-0.1873821,0.37601018,0.2340169,0.17203553,0.384572,0.36051482,0.5649952,-0.37204403,0.32788202,0.026675703,0.4838496,0.69488215,0.22512718,-0.84628165,0.35282242,-0.34071475,-0.54505974,-0.8806787,0.038865663,-0.55408484,-0.54658073,0.23438825,0.57936853,-0.107518174,-0.32624757,-0.3512659,-0.84973586,0.44756985,0.6174391,0.5199939,-0.35316315,0.42831492,-0.5732126,-0.030407421,-0.33572856,0.4542579,0.43823493,-0.44869673,0.67831546,0.13491659,-0.46028087,-0.2696874,-0.14855997,0.3365273,-0.23340045,0.26254115,0.051036313,-0.41957518,0.3223708,0.16604069,0.48630634,0.2611604,-0.15176642,-0.1676507,0.75925106,-0.5621443,-0.5065422,-0.5449097,0.6700203,0.13089575,0.42567456,-0.40614232,0.022748925,0.15589978,-0.4525735,-0.47374347,0.2931376,-0.36749923,-0.3753134,0.39140427
1,-0.5444153,0.41701072,0.24366179,-0.15935288,-0.716347,-0.18580139,-0.68694615,-0.92632306,0.5668559,0.49860245,0.18734553,0.18923528,0.05290057,-0.19047199,-0.9070038,-0.70728785,0.34076664,0.28969914,-0.20004563,0.24987662,0.43728212,-0.53303754,-0.2528779,-0.5343609,-0.64178586,-0.058930222,-0.20608208,0.6224252,0.49070552,-0.11919382,0.40711266,0.3695529,0.5475667,0.37414458,-0.15845114,-0.7081843,-0.5199654,-0.037623823,0.25974697,0.44938847,0.5534845,-0.4362709,-0.24171217,-0.6788424,-0.37023726,0.58347213,-0.22724032,0.3652793,0.0028386526,0.43397236,0.3631737,0.6061418,0.23817179,0.20242535,-0.62938464,0.0049711624,0.1980165,-0.9738225,-0.19564146,0.39742345,0.25262898,0.10821083,0.3650119,0.40246004,0.5952712,-0.42904174,0.32392403,0.023249002,0.50507635,0.7426727,0.19472902,-0.9069143,0.32906443,-0.34189764,-0.6039961,-0.9145333,0.03259734,-0.56760126,-0.60445905,0.2146507,0.6658415,-0.12945664,-0.3161053,-0.3578335,-0.8882393,0.45629907,0.6742414,0.5098486,-0.36072853,0.45872647,-0.59747213,-0.044819493,-0.3030165,0.5122729,0.4085812,-0.49394828,0.6990003,0.09648341,-0.49032673,-0.26009357,-0.12402685,0.36977074,-0.18128745,0.2657362,-0.002381131,-0.4303992,0.34220365,0.19324896,0.47526112,0.27404627,-0.14549354,-0.15593712,0.76223963,-0.55667603,-0.50460404,-0.60190594,0.6658495,0.116984844,0.45399916,-0.44006714,0.033534028,0.12986971,-0.43199873,-0.53453463,0.2750374,-0.39423975,-0.37368825,0.40419134
1,-0.77617466,0.66837436,0.24275136,-0.17286636,-0.9741883,-0.30127645,-0.93750435,-1.3044219,0.8309585,0.80667305,0.30338237,0.34738532,0.13729922,-0.29382646,-1.249972,-0.9894437,0.5540675,0.45242703,-0.31988192,0.39739048,0.67145395,-0.7532747,-0.4624517,-0.77979416,-0.8994851,-0.1799156,-0.3164925,0.9772252,0.6753633,-0.26328814,0.6065825,0.5743496,0.8091806,0.58532846,-0.35686335,-1.0224589,-0.7520176,0.0045957193,0.3676161,0.6959935,0.775672,-0.6698189,-0.41344392,-0.9612793,-0.5646128,0.8369365,-0.4139928,0.52957034,-0.04380952,0.65077823,0.60481685,0.8731812,0.45436186,0.3068306,-0.8236983,-0.01935725,0.3740116,-1.3403679,-0.36472186,0.56801265,0.3813808,0.20737562,0.61775875,0.5542894,0.8666595,-0.63752043,0.55957544,0.04821176,0.6902305,0.9897826,0.35258484,-1.2946466,0.51897484,-0.58399,-0.91791695,-1.3317372,0.15235409,-0.83524877,-0.8643951,0.36634427,0.8779841,-0.24605864,-0.5351769,-0.58254707,-1.2674932,0.6752709,0.9491007,0.80419433,-0.4546743,0.68794537,-0.8557719,-0.08414396,-0.4969772,0.76568556,0.6691639,-0.6774599,0.9876395,0.17438945,-0.7289468,-0.45936394,-0.21393175,0.51916575,-0.2946385,0.4389616,0.10360323,-0.61834705,0.49927253,0.38249367,0.6941599,0.47692242,-0.3214154,-0.3182972,1.1194829,-0.8081633,-0.7520976,-0.8537612,1.007453,0.20592381,0.6788478,-0.6823029,0.029410213,0.25443596,-0.622859,-0.78281057,0.49252617,-0.5853959,-0.6368819,0.6018577
0,-0.29664117,0.20323016,0.069121346,-0.06270956,-0.34161162,-0.019790214,-0.4269778,-0.3731295,0.27802768,0.20672777,0.0703172,0.17109586,-0.033817865,-0.11515041,-0.32899505,-0.3851622,0.05224935,0.15354408,-0.11326809,0.09753795,0.18745483,-0.21548209,-0.034589797,-0.212152,-0.33577666,-0.052460793,-0.0075873397,0.23232277,0.17105433,0.00835681,0.29987893,0.2592646,0.19876803,0.112354934,-0.049362786,-0.33705583,-0.23379943,0.04219746,0.12843275,0.18402389,0.25410038,-0.19391736,-0.02454593,-0.3242766,-0.14272909,0.2095186,-0.018632561,0.16216439,0.0923332,0.13248025,0.18561068,0.33709154,0.117804386,0.06021302,-0.34732533,0.11139767,0.1472301,-0.387787,-0.00861036,0.15758596,0.06785137,0.18261471,0.16979149,0.13202828,0.22803205,-0.07264578,0.09819309,0.002276741,0.2557746,0.34136716,0.13038354,-0.35228038,0.2028558,-0.10434431,-0.15607807,-0.3892879,-0.048477072,-0.26527473,-0.17855327,0.12221435,0.22268248,0.016934995,-0.12077123,-0.12759557,-0.39601755,0.20165652,0.24149016,0.24215806,-0.21753119,0.15016188,-0.28353766,0.006947972,-0.1989803,0.10236299,0.20946316,-0.19065765,0.33676913,0.1256497,-0.1853552,-0.09045874,-0.094763495,0.12723394,-0.18653148,0.091107644,0.029427707,-0.21811607,0.14541706,-0.048411798,0.27925977,0.05504921,-0.0010986179,-0.05586125,0.37132093,-0.29154485,-0.26361665,-0.18765303,0.31889644,0.0796522,0.16494599,-0.119868286,-0.004361205,0.08644542,-0.2864727,-0.12019748,0.11930876,-0.126175,-0.13594943,0.16404998
0,0.037123445,-0.1902655,0.22118881,-0.109513834,-0.05336322,0.1324279,-0.12588528,0.059026852,-0.05231901,-0.2593575,-0.077823974,-0.15179625,-0.2028976,0.06791939,-0.020243771,-0.06183778,-0.2122843,-0.08647212,0.10755077,-0.12640274,-0.14200875,0.014538985,0.2933972,0.069204174,0.019740373,0.23548365,0.098958224,-0.2688321,0.035991807,0.24458016,-0.044442028,-0.109811224,-0.09813956,-0.20154119,0.31686467,0.105119675,0.067289695,-0.10701263,-0.022855617,-0.1688815,-0.0107891,0.14091101,0.20524825,0.018602993,0.12682943,-0.0939344,0.2500091,-0.037023336,0.15885669,-0.133425,-0.20735514,-0.035269607,-0.25876498,-0.04589734,-0.16487604,0.108777575,-0.2207734,-0.04231459,0.22803128,-0.024065625,-0.07235068,-0.09612815,-0.24928577,0.005982967,-0.09446579,0.12598294,-0.23834553,-0.03878107,0.043204118,0.106509544,-0.18884866,0.08680282,-0.124500945,0.25009397,0.23901631,0.13342136,-0.27931812,0.088248305,0.057267502,-0.14005467,0.07829176,0.19834459,0.2104239,0.19305338,0.0405914,-0.06819924,-0.034585685,-0.19582954,-0.15986273,-0.11014991,0.052721266,0.0722119,0.13523751,-0.15811092,-0.19767368,-0.0049681477,-0.009662249,-0.061452344,0.13237807,0.22476986,0.089774475,-0.03179854,0.04043185,-0.16527241,-0.20212975,0.015191376,-0.06829242,-0.32341534,-0.033338077,-0.24478163,0.3233398,0.27567622,-0.112415075,0.0498265,0.10191716,0.0514749,-0.15063745,-0.0754113,-0.11566715,0.19910051,0.034319878,-0.14227474,0.014955759,0.1031905,-0.25388876,0.08477187,0.26857114,-0.072626255
1,-0.33837396,0.19392905,0.16309205,-0.11730151,-0.4454915,-0.060527336,-0.44023833,-0.522897,0.31276858,0.2509879,0.07171822,0.10362929,-0.0048413873,-0.12545954,-0.5205172,-0.42292723,0.12798622,0.13520838,-0.11426754,0.12898195,0.22730257,-0.29361507,-0.09288564,-0.2738626,-0.4135987,-0.013764668,-0.08550979,0.3060162,0.28774616,-0.02361776,0.25483838,0.23011008,0.3007694,0.20443839,-0.03378267,-0.42175174,-0.2949971,-0.034942366,0.16478214,0.2305399,0.33405918,-0.23467028,-0.077456914,-0.39566833,-0.1952188,0.33530167,-0.063163996,0.1945146,0.044911526,0.22521394,0.17153981,0.37942043,0.08607442,0.09369467,-0.41819513,0.045386747,0.098302156,-0.574333,-0.045996346,0.22718404,0.11767932,0.09189556,0.16592672,0.22077484,0.31953475,-0.20242816,0.120163314,-0.0013905894,0.32518277,0.46830407,0.102516904,-0.5117751,0.19236667,-0.12471829,-0.3085247,-0.50877243,-0.0454481,-0.33216012,-0.30951762,0.109993145,0.40433887,-0.03710375,-0.13040826,-0.15492208,-0.50190985,0.23197389,0.36929643,0.25238076,-0.23400015,0.23183201,-0.3545318,-0.006146051,-0.16901994,0.23563392,0.1923848,-0.3045083,0.41538697,0.066160426,-0.26569024,-0.11274309,-0.06918283,0.20851201,-0.11293869,0.11503064,-0.05291849,-0.24700959,0.2125147,0.026038468,0.29020265,0.098294705,-0.034964472,-0.05837191,0.4294713,-0.31331298,-0.2945655,-0.32168898,0.36514944,0.05503096,0.23331457,-0.21719132,0.029586308,0.05171301,-0.27282828,-0.25250605,0.11237738,-0.20146741,-0.16781227,0.20680085
0,-0.16294816,0.04663421,0.12795863,-0.08412715,-0.22399768,0.044337906,-0.30520272,-0.2003494,0.141837,0.017820645,0.008861221,0.039750673,-0.09870231,-0.042145353,-0.19942304,-0.2528246,-0.05464054,0.057702944,-0.026566476,0.008821905,0.05376711,-0.12088129,0.09995882,-0.09958654,-0.19188678,0.06584099,0.040162396,0.030909419,0.11336328,0.1070806,0.16293707,0.1109502,0.07479268,-0.014217719,0.09939792,-0.16064583,-0.110675044,-0.023346335,0.06636156,0.03955203,0.14467919,-0.05426175,0.071756706,-0.18706405,-0.029517394,0.08525849,0.088609755,0.0834102,0.11927591,0.024014557,0.024715528,0.1835077,-0.035094924,0.014726605,-0.27339754,0.11489887,-0.00086349994,-0.24383976,0.08921495,0.083894804,0.012699693,0.072829574,0.0002615247,0.07640083,0.100355424,0.00925868,-0.040434226,-0.013292475,0.16547668,0.24591023,-0.00030394644,-0.17504668,0.07084506,0.040859465,0.0022775866,-0.1774011,-0.14225179,-0.11643795,-0.08106929,0.015436951,0.16448654,0.093698874,0.014550135,0.004650723,-0.21709733,0.09059071,0.12815544,0.06589702,-0.19261728,0.042052805,-0.14437982,0.03328558,-0.062110275,-0.005570911,0.04599093,-0.113888845,0.19523293,0.050139617,-0.055900015,0.036989547,-0.020092476,0.0649696,-0.09374439,-0.013336472,-0.06780935,-0.12008934,0.055504724,-0.15987413,0.14780574,-0.06757283,0.12705535,0.07486315,0.17721711,-0.1550973,-0.11359687,-0.08863819,0.12543544,0.013387282,0.048039164,0.01045507,0.014299311,-0.008568199,-0.16236424,-0.02801577,-0.03222952,-0.04137137,0.030598044,0.06923112
0,0.030231033,-0.18441059,0.19762886,-0.09682551,-0.04112764,0.12121935,-0.09752196,0.06563363,-0.07187837,-0.25624907,-0.08546301,-0.1418241,-0.17659804,0.057982076,0.011835221,-0.023348726,-0.21194379,-0.090979815,0.093988255,-0.12642327,-0.1460149,0.03513456,0.2786674,0.08551376,0.01962749,0.20772195,0.107155785,-0.26497537,0.0048454963,0.23986092,-0.0487298,-0.10455229,-0.118287906,-0.19124149,0.30325985,0.08949657,0.072614156,-0.10046286,-0.014787309,-0.16601998,-0.02245558,0.15184596,0.20003392,0.027153846,0.12949932,-0.093122505,0.24025449,-0.04461299,0.14703092,-0.13504618,-0.2081368,-0.045564834,-0.25548917,-0.06162264,-0.14096898,0.10377852,-0.19740047,-0.010001538,0.23109901,-0.03825119,-0.08196062,-0.0784619,-0.24000062,-0.012463866,-0.098043665,0.13626893,-0.2381382,-0.033863835,0.029268268,0.08275916,-0.16693628,0.101880595,-0.11623658,0.24688773,0.23120056,0.14241475,-0.25953573,0.10496349,0.08181356,-0.13685861,0.0641724,0.18104616,0.20918186,0.19400725,0.06964353,-0.086162366,-0.05794891,-0.20104639,-0.12910321,-0.12958387,0.06172729,0.06400088,0.13749462,-0.16709754,-0.20261812,0.007599622,-0.029507067,-0.055976104,0.13220386,0.22134939,0.07718884,-0.025220722,0.044831946,-0.16728371,-0.20137754,0.028772838,-0.06656829,-0.3007139,-0.04750471,-0.23548298,0.29673553,0.24283712,-0.11580637,0.058787405,0.10082619,0.07543797,-0.16764688,-0.08571965,-0.12202351,0.19049834,0.031974204,-0.14173216,0.012818597,0.12411708,-0.239537,0.091794565,0.27296308,-0.08370657
1,-0.12798981,-0.015460696,0.13280979,-0.084957965,-0.18757823,0.050090928,-0.23278849,-0.14866033,0.08070254,-0.021470029,-0.025139406,-0.003575381,-0.09067401,-0.03547487,-0.16605374,-0.172913,-0.0764494,0.0063553676,-0.0119532235,-0.014020726,0.0139943175,-0.079207346,0.10339845,-0.048681222,-0.16643605,0.07086909,0.036735676,-0.015683226,0.09706503,0.11076897,0.09870263,0.06831641,0.045209363,-0.01419992,0.12727183,-0.12890889,-0.078137435,-0.04594978,0.064316384,0.0074435994,0.11546034,-0.019130588,0.08250421,-0.1372751,-0.010691676,0.07683909,0.10556509,0.04888534,0.10051118,0.009385756,-0.028257646,0.13907807,-0.082198724,-0.0077330656,-0.23068032,0.08744427,-0.030407667,-0.19978105,0.10712817,0.063077256,-0.013920106,0.037845746,-0.045560196,0.058781922,0.05981732,0.016027905,-0.078958064,-0.016956313,0.14616533,0.21521717,-0.016189672,-0.12791467,0.037170693,0.08454569,0.0117894225,-0.120193,-0.14888524,-0.08047014,-0.05166862,-0.013774954,0.16224846,0.08121162,0.056137532,0.04326686,-0.1443448,0.035256796,0.08862162,-0.0010497458,-0.14970554,0.009156123,-0.10688715,0.033036627,-0.019162348,-0.02017998,-0.018683404,-0.10850254,0.14489977,0.017074276,-0.03003499,0.061336875,-0.0028274613,0.057946227,-0.044885926,-0.038967676,-0.10720628,-0.08013452,0.058201414,-0.15054354,0.10316867,-0.08744917,0.124685615,0.07951614,0.11091806,-0.09287627,-0.078515306,-0.060845673,0.06525193,-0.014709785,0.01714534,0.01847211,0.022235006,-0.03833509,-0.12003073,0.0028664842,-0.06867858,-0.019496385,0.06657009,0.025871083
0,0.15921535,-0.33529395,0.2946559,-0.14536427,0.038152777,0.19611461,-0.047798652,0.19779752,-0.15716752,-0.419751,-0.13128033,-0.2795018,-0.28078458,0.13782944,0.054431707,0.02503929,-0.30040953,-0.16802815,0.19113395,-0.20033683,-0.25522953,0.07499182,0.4137402,0.1529143,0.13785563,0.36089963,0.13199711,-0.44194955,0.021642938,0.32795918,-0.16051762,-0.2417118,-0.18366322,-0.31178558,0.45573205,0.26467928,0.16799709,-0.17601056,-0.07892398,-0.2928388,-0.096229814,0.24786615,0.29398417,0.13139388,0.22222887,-0.19602542,0.34672713,-0.099601,0.18796004,-0.2230593,-0.35136065,-0.15779386,-0.39837453,-0.0739659,-0.11910425,0.115238644,-0.3675622,0.047638938,0.3074267,-0.067216136,-0.11155069,-0.21055694,-0.40483788,-0.024554899,-0.20058149,0.1823652,-0.3621854,-0.0543089,-0.014489904,0.052244134,-0.32073352,0.22004518,-0.24020696,0.3826471,0.37276992,0.30098876,-0.3767415,0.19677466,0.11449604,-0.23705535,0.04855928,0.2780364,0.3316841,0.31152993,0.17187363,-0.14950939,-0.10716629,-0.34919333,-0.15918697,-0.18502173,0.16258247,0.1102098,0.25140998,-0.23698597,-0.33880514,0.04461973,-0.1096786,-0.13590415,0.24284919,0.33479124,0.16648476,-0.0896343,0.119988516,-0.24937576,-0.28888392,0.09099676,-0.13768628,-0.43176454,-0.13231006,-0.35992542,0.45056957,0.41632596,-0.27463764,0.16003346,0.23126687,0.10522483,-0.2968777,-0.13038784,-0.20752555,0.31394118,0.056387834,-0.22828297,0.1256917,0.1663245,-0.3971573,0.14764139,0.40426382,-0.14786983
1,-0.21478821,0.10263215,0.09332529,-0.06785387,-0.26221436,0.015882246,-0.3321866,-0.2586677,0.18169491,0.09706653,0.026575193,0.09558657,-0.061230097,-0.079834506,-0.23716071,-0.28224778,-0.013134941,0.08695115,-0.067012414,0.04250413,0.102346495,-0.14558451,0.03552275,-0.12982145,-0.24756186,0.0013249442,0.021045076,0.1118813,0.1267944,0.060439054,0.20840412,0.17021424,0.11770265,0.04346035,0.03241469,-0.23423795,-0.15775305,0.0071137846,0.09404118,0.09720731,0.18252936,-0.10620811,0.027575979,-0.23387443,-0.07556699,0.13865802,0.043072473,0.10633441,0.09986999,0.06797689,0.085293286,0.2389782,0.024858385,0.025018815,-0.28721473,0.10361162,0.06716567,-0.2848461,0.048571195,0.10608475,0.027048893,0.11962117,0.06978117,0.09011323,0.14285642,-0.022432353,0.01522854,-0.006592883,0.19708288,0.27139664,0.06210044,-0.23531443,0.12529577,-0.015050989,-0.06730077,-0.25366107,-0.09431285,-0.16994709,-0.1102393,0.057753712,0.18159124,0.052488446,-0.03710475,-0.046294834,-0.26924795,0.12095157,0.16036487,0.1282206,-0.18383473,0.0772941,-0.1932556,0.016176358,-0.11659336,0.034825586,0.10207941,-0.14225945,0.23873197,0.078423455,-0.10713261,-0.016201533,-0.052216236,0.08923796,-0.12421388,0.028178595,-0.030754104,-0.15245067,0.09875106,-0.10139964,0.19246617,-0.014345109,0.06087677,0.006780641,0.24475361,-0.19721915,-0.17270978,-0.117580205,0.19498089,0.037136346,0.088323,-0.048676267,0.006087739,0.028389521,-0.20859416,-0.053937353,0.031141296,-0.07206802,-0.038821198,0.09654648
1,-0.6178305,0.48741877,0.24631979,-0.1670193,-0.8014498,-0.22323455,-0.75504297,-1.0496156,0.64281815,0.59780973,0.22004798,0.23159872,0.08508183,-0.22582586,-1.0212458,-0.7888508,0.4098767,0.33178973,-0.23895988,0.30046105,0.51154435,-0.6038399,-0.32558122,-0.60663795,-0.7281431,-0.096098796,-0.24748346,0.7334136,0.55361134,-0.17010283,0.46443638,0.42940235,0.6352502,0.4531835,-0.22097501,-0.80913633,-0.59423685,-0.029816605,0.29481107,0.5271197,0.6271194,-0.5106782,-0.29762736,-0.76529723,-0.43503428,0.67123145,-0.28890806,0.41246697,-0.016946137,0.50852597,0.4341535,0.6907369,0.300659,0.23711918,-0.6905145,-0.009658008,0.2493936,-1.0956093,-0.24665046,0.45303124,0.29525518,0.13408768,0.4406043,0.45367327,0.6817196,-0.5010363,0.3927911,0.027977088,0.5642489,0.82246137,0.24141414,-1.036286,0.38519168,-0.41531995,-0.71571857,-1.0443705,0.07424087,-0.65453327,-0.6863115,0.25952727,0.7440935,-0.17443955,-0.38168576,-0.42681822,-1.0071745,0.5211818,0.7648265,0.5981726,-0.38225287,0.5336767,-0.6833827,-0.05835084,-0.35828343,0.5969505,0.4812495,-0.5579574,0.7883881,0.116599694,-0.57064736,-0.3240825,-0.1490285,0.42093313,-0.20631969,0.31774366,0.020750828,-0.4873074,0.39863315,0.25578105,0.54014176,0.34057423,-0.20567918,-0.20974927,0.87105405,-0.62846565,-0.58005995,-0.6858468,0.7682973,0.14212088,0.5299367,-0.52246225,0.034471378,0.16556768,-0.4852872,-0.6163379,0.3400423,-0.45541644,-0.45897788,0.46472362
0,-0.18652348,0.07268356,0.10493961,-0.06841332,-0.23572135,0.0275542,-0.30488852,-0.22000279,0.15378731,0.05363103,0.017147511,0.07096051,-0.07517757,-0.063046336,-0.20164065,-0.25266057,-0.03706538,0.06957264,-0.048184812,0.02054502,0.07356949,-0.12314673,0.06752086,-0.10542942,-0.21292813,0.024573617,0.033456214,0.06616861,0.106860965,0.085244656,0.18087044,0.13908519,0.085868925,0.011672359,0.06437828,-0.19452886,-0.13075048,-0.00011608377,0.080068566,0.06573495,0.15626365,-0.072645284,0.047641248,-0.20423892,-0.0512194,0.108404905,0.06648764,0.08951266,0.108384535,0.0425181,0.053103082,0.20446023,-0.0054578185,0.015554938,-0.269959,0.10497089,0.03804566,-0.24843873,0.071231335,0.085905194,0.013585262,0.09872179,0.035932146,0.07718268,0.114092804,0.00027762353,-0.013156734,-0.009741535,0.17293501,0.24413341,0.03707571,-0.1912573,0.096884556,0.012420762,-0.027039837,-0.20362745,-0.11335966,-0.13435972,-0.08460288,0.035412356,0.16378652,0.06801312,-0.009993635,-0.020693619,-0.22960955,0.09767293,0.1316408,0.092430234,-0.17880452,0.050430194,-0.16265103,0.018670239,-0.08744576,0.0073641688,0.0690034,-0.119913705,0.20401178,0.06633192,-0.07744228,0.014262296,-0.03910679,0.074817084,-0.107063025,0.0029679388,-0.047938462,-0.13307422,0.07406345,-0.12842849,0.16323808,-0.038913503,0.09263231,0.033271663,0.20252654,-0.1684568,-0.13974464,-0.08875227,0.149549,0.024981812,0.0640538,-0.018011998,0.007006973,0.0097864345,-0.18470971,-0.031841643,0.0007141754,-0.049744148,0.00024243072,0.076424755
0,0.01542316,-0.1574603,0.19886108,-0.09979332,-0.06751625,0.11634365,-0.13711843,0.029406516,-0.037808094,-0.22168472,-0.06815473,-0.12299541,-0.18249556,0.050791804,-0.026177999,-0.07042688,-0.18918958,-0.06793937,0.08477712,-0.11139387,-0.11866315,0.0072255805,0.2639457,0.053344704,-0.00355082,0.2045983,0.09416072,-0.22875404,0.03333405,0.2266874,-0.02058651,-0.07808562,-0.087291375,-0.17554119,0.28069654,0.071480855,0.045235842,-0.09274893,-0.009523362,-0.14480685,0.0033987984,0.12080585,0.18314405,-0.0039619617,0.10823938,-0.07365422,0.22173002,-0.022106364,0.15074584,-0.11370367,-0.17781442,-0.0138161965,-0.22941506,-0.042854663,-0.16393152,0.10512302,-0.18127942,-0.054845102,0.20881286,-0.019291524,-0.06652303,-0.068115965,-0.21289714,0.0070124995,-0.07029387,0.11528665,-0.21259755,-0.029100602,0.05070965,0.11282292,-0.15657507,0.06214103,-0.09743888,0.22033446,0.20529553,0.10118409,-0.25547326,0.074184835,0.04762198,-0.11931389,0.08361757,0.17866793,0.1834665,0.16849922,0.01902334,-0.053286105,-0.024730258,-0.16195595,-0.1539705,-0.09696415,0.032265674,0.059343882,0.10860778,-0.14331299,-0.1685057,-0.013163373,0.008221942,-0.051144533,0.110303834,0.19784603,0.07101717,-0.0193853,0.026211007,-0.14830405,-0.1841135,0.0022724122,-0.05467487,-0.28966522,-0.01358936,-0.21932817,0.28816953,0.2370897,-0.07827617,0.03072441,0.07240918,0.04180417,-0.12436309,-0.06495819,-0.09849052,0.1713656,0.02803348,-0.12530313,-0.0045833625,0.09363369,-0.22065726,0.07252712,0.23868614,-0.05907478
1,-0.5217931,0.4162096,0.18127805,-0.13225837,-0.65280926,-0.15378352,-0.6772894,-0.83344185,0.543679,0.47510415,0.18118659,0.22777393,0.039488178,-0.1893972,-0.7938241,-0.6749981,0.29475626,0.28967273,-0.19917828,0.23369619,0.40950975,-0.47925726,-0.22501981,-0.4934042,-0.5991491,-0.08612369,-0.15804249,0.57996726,0.42999664,-0.10765734,0.42816308,0.3917827,0.49523008,0.33187473,-0.16916627,-0.6638759,-0.47701296,-0.0032295436,0.24146199,0.4227083,0.50220317,-0.40952593,-0.2042561,-0.6308415,-0.3356398,0.51362437,-0.2013255,0.34255424,0.026976973,0.38138622,0.36535564,0.5824969,0.25391528,0.17897479,-0.58819,0.046920523,0.22811374,-0.8668072,-0.17395791,0.36157614,0.2226857,0.1672203,0.3648442,0.34593877,0.54135096,-0.35452822,0.3092522,0.023902552,0.4684819,0.67331624,0.21419285,-0.81308436,0.33816713,-0.3203841,-0.5202189,-0.8457324,0.030830808,-0.53248423,-0.52331555,0.22282445,0.5607722,-0.09903092,-0.30856,-0.33230227,-0.81732875,0.42746267,0.59203887,0.49589798,-0.34259173,0.4081329,-0.55144495,-0.027973216,-0.3218867,0.43226594,0.41745454,-0.43403864,0.65406746,0.13031356,-0.44032937,-0.25468993,-0.14206849,0.3241172,-0.22422086,0.24743277,0.04265873,-0.4038915,0.3107923,0.1522817,0.46751943,0.24514851,-0.14078245,-0.15703648,0.7300051,-0.53983545,-0.48685747,-0.52142847,0.642116,0.124343514,0.40675583,-0.38731512,0.0234463,0.14705719,-0.43608662,-0.45200112,0.27555448,-0.3510118,-0.3550044,0.37436423
1,-0.3310502,0.18084309,0.22098479,-0.13871528,-0.46631917,-0.06994882,-0.44865313,-0.5565819,0.31826392,0.21808875,0.07675276,0.05812105,-0.020360779,-0.10387488,-0.5643773,-0.43711925,0.1348575,0.13230744,-0.092108384,0.11597115,0.21830703,-0.31748596,-0.0656459,-0.29344103,-0.40393063,0.036593374,-0.09592821,0.2895779,0.3101984,0.005504437,0.22809051,0.19022262,0.3044932,0.18363866,0.012650229,-0.41483697,-0.29636547,-0.068308525,0.16050094,0.22019576,0.34046054,-0.21709496,-0.07480887,-0.40678978,-0.18750955,0.34058085,-0.053719416,0.20398675,0.04717592,0.22762348,0.14314476,0.36186928,0.048556842,0.10291967,-0.44224203,0.03474693,0.048276186,-0.61601126,-0.03453561,0.23507689,0.12843472,0.038505472,0.13454726,0.24781285,0.33529547,-0.22336388,0.10654069,-0.0029933285,0.32819852,0.49678087,0.060760915,-0.5346261,0.16082162,-0.11550878,-0.3070981,-0.51575357,-0.07033418,-0.32027757,-0.34176975,0.0819684,0.44924712,-0.025238834,-0.11549498,-0.14698462,-0.52286094,0.24304548,0.3994465,0.23572066,-0.25903937,0.23976536,-0.35453123,-0.0040183812,-0.1326015,0.2609828,0.16961978,-0.31593028,0.4228044,0.037467998,-0.26451498,-0.08449306,-0.048356745,0.2257218,-0.08518488,0.101744,-0.08906234,-0.2507555,0.19967648,0.012491338,0.27362144,0.08715168,0.006163098,-0.015665798,0.42692026,-0.31693155,-0.27573964,-0.3492122,0.3487334,0.037106294,0.23961008,-0.21336034,0.037171878,0.024657145,-0.25813672,-0.28720775,0.08123431,-0.21101935,-0.13538545,0.21672457
0,-0.106413476,-0.04872099,0.16642934,-0.09836771,-0.18470703,0.053988803,-0.20465182,-0.14303231,0.060157645,-0.06400567,-0.034501225,-0.046217058,-0.09957267,-0.015834179,-0.17107825,-0.15494606,-0.086441435,-0.015228372,0.010351282,-0.028724138,-0.007778194,-0.07585573,0.12987423,-0.036683775,-0.146509,0.11045733,0.033152357,-0.0518438,0.097846895,0.13258356,0.059394352,0.024039142,0.033582374,-0.03055097,0.16873923,-0.10218246,-0.061909158,-0.070591405,0.054809105,-0.017299924,0.10739904,0.006912429,0.09493134,-0.12139088,0.004564978,0.070166364,0.12464791,0.037133068,0.09954811,0.0010421226,-0.066666424,0.10963,-0.12358708,-0.009001147,-0.22916466,0.07621821,-0.078378394,-0.20454991,0.12474671,0.053401127,-0.0130216405,-0.0076135993,-0.08428949,0.06745888,0.050974533,0.012048788,-0.106584534,-0.0226831,0.1351764,0.21500641,-0.053956944,-0.116988406,0.0015625488,0.109118864,0.023919769,-0.09079442,-0.16985865,-0.05614116,-0.050940096,-0.03950573,0.18308607,0.08780896,0.08486582,0.06369558,-0.1271865,0.020454109,0.089689985,-0.03684065,-0.1520413,-0.0003286004,-0.09086433,0.032364465,0.021404404,-0.022433624,-0.060323756,-0.109205104,0.12617606,-0.007916249,-0.018784344,0.09179572,0.01824608,0.059527166,-0.009802261,-0.06099979,-0.14736408,-0.065839864,0.04183387,-0.16982439,0.07374177,-0.105874,0.15807983,0.113138124,0.07591754,-0.06987612,-0.04814794,-0.061328262,0.024850719,-0.03198094,0.0064132176,0.033737153,0.030267768,-0.068265006,-0.090741545,-0.0045960024,-0.10184463,-0.011716496,0.103348605,0.015055671
0,0.3255654,-0.53533155,0.39828876,-0.1931498,0.15899988,0.28103137,0.054567512,0.38684115,-0.2946426,-0.64059865,-0.19954887,-0.4536784,-0.39227656,0.23916541,0.1444989,0.1385103,-0.42146298,-0.27963695,0.3096101,-0.3012944,-0.40773278,0.15045358,0.5781169,0.2642372,0.2963414,0.5340115,0.17284328,-0.6807454,0.0077350996,0.43723646,-0.31800616,-0.42205572,-0.29230875,-0.46390453,0.6449213,0.48563728,0.3036496,-0.26279354,-0.15503237,-0.46043625,-0.20928308,0.3860231,0.4138531,0.28563005,0.34440842,-0.33398026,0.47937027,-0.1868673,0.22846875,-0.34494582,-0.547197,-0.32173702,-0.5889883,-0.10646829,-0.060299594,0.120361574,-0.57269716,0.15995957,0.4138505,-0.12215132,-0.16566342,-0.3719231,-0.6191968,-0.058539107,-0.34682813,0.2574154,-0.528148,-0.0774767,-0.08609814,-0.017535664,-0.4973754,0.3980931,-0.39891773,0.5628218,0.55599,0.5267885,-0.5093522,0.33641323,0.1903568,-0.36761254,0.009474862,0.38260376,0.4949758,0.4713624,0.34458235,-0.2560629,-0.20068246,-0.5587724,-0.16270152,-0.2821026,0.30497226,0.16506499,0.40887514,-0.33998382,-0.53216684,0.109881096,-0.24096315,-0.23906478,0.3914014,0.4841733,0.2698638,-0.17119296,0.2241547,-0.36371928,-0.40244174,0.18767959,-0.22802585,-0.5812764,-0.25955996,-0.5157883,0.63102144,0.61450255,-0.49436495,0.3095954,0.40370503,0.17080179,-0.49119332,-0.2009357,-0.3255702,0.472724,0.085490674,-0.34373713,0.2701634,0.25100657,-0.5930371,0.23132949,0.58692175,-0.24932015
1,-0.53912604,0.40461886,0.208247,-0.14746855,-0.69462645,-0.1754029,-0.6603569,-0.89208424,0.5459976,0.5048865,0.17569616,0.20314284,0.06501958,-0.20192866,-0.8680439,-0.67900985,0.32838717,0.2735029,-0.20790488,0.25496888,0.4319318,-0.5096588,-0.26711687,-0.5056053,-0.6420897,-0.083119534,-0.20107888,0.614111,0.4719021,-0.13523252,0.40813956,0.37973523,0.53941214,0.38996658,-0.17770389,-0.7005076,-0.50872785,-0.025783166,0.25939065,0.44400612,0.54267186,-0.435275,-0.23546676,-0.6548101,-0.3685386,0.5749332,-0.22611159,0.34736642,-0.0016929656,0.42753738,0.36396137,0.6048868,0.24626422,0.19398446,-0.6069272,0.0073441686,0.21646766,-0.93795335,-0.19099721,0.3860327,0.24248984,0.1353284,0.36793253,0.3816268,0.57534903,-0.4112401,0.316511,0.019417481,0.49518314,0.7152386,0.21133427,-0.88256174,0.3352247,-0.33348575,-0.6008736,-0.88889545,0.046743415,-0.56469554,-0.56971574,0.22172874,0.6381165,-0.13899246,-0.31299412,-0.34995133,-0.8574146,0.43559355,0.6451275,0.5014626,-0.33201897,0.44508392,-0.5909523,-0.044063494,-0.31056625,0.48833615,0.4015782,-0.48449352,0.679462,0.107821554,-0.48568127,-0.27027172,-0.13150196,0.35740274,-0.18398492,0.2617896,0.005162172,-0.41638207,0.34941065,0.19372615,0.47136462,0.27440584,-0.16699806,-0.17606881,0.74372876,-0.53550935,-0.5021572,-0.5759747,0.6549465,0.12145139,0.44385266,-0.43735677,0.030739628,0.13871704,-0.42687944,-0.50465566,0.28195924,-0.3797124,-0.38232175,0.3881791
1,-0.33234468,0.24301304,0.06781,-0.07235049,-0.3820655,-0.026587669,-0.48125806,-0.42965326,0.3218095,0.24625453,0.087371565,0.19270812,-0.0283726,-0.12402274,-0.3800051,-0.4407436,0.07774074,0.18293442,-0.12694877,0.12204015,0.22194825,-0.2562801,-0.053470165,-0.2574554,-0.3769711,-0.060988046,-0.013937123,0.27769136,0.20048797,-0.008829497,0.34213814,0.2928687,0.23733588,0.1354131,-0.07000654,-0.3807014,-0.26251987,0.041912396,0.13825652,0.21777289,0.28531012,-0.2280401,-0.03441846,-0.3656495,-0.16685042,0.23819055,-0.040342987,0.1885121,0.0920458,0.15599836,0.21824029,0.3752981,0.14813331,0.07865511,-0.3859863,0.12517507,0.16665971,-0.44337338,-0.026096128,0.18940176,0.09019441,0.2016477,0.20205188,0.15413295,0.2710875,-0.09424235,0.12628883,0.0017780885,0.28554854,0.3848081,0.14900084,-0.4114232,0.23253995,-0.13192974,-0.18978345,-0.45192733,-0.0397406,-0.30718523,-0.21273758,0.14434318,0.2472617,0.014393358,-0.14977069,-0.15264785,-0.4551948,0.23990166,0.28596282,0.2853548,-0.24106212,0.18516658,-0.32266903,0.014531545,-0.22694772,0.13306555,0.25236058,-0.21531376,0.3871321,0.14372386,-0.21666768,-0.11859851,-0.107666045,0.14657466,-0.21552804,0.117371,0.047439963,-0.24287353,0.16483843,-0.03915894,0.31443423,0.076046705,-0.017550133,-0.06738862,0.42966574,-0.33985838,-0.2978977,-0.22721878,0.3753052,0.09059648,0.19603622,-0.1426492,-0.00022090226,0.104494184,-0.3203166,-0.15043491,0.14766377,-0.15303378,-0.17038442,0.19517273
1,-0.23816451,0.1241416,0.09434155,-0.07386996,-0.28884304,0.0080092875,-0.3586614,-0.2965164,0.20684643,0.1261932,0.035977848,0.10664821,-0.0533151,-0.089702845,-0.27483585,-0.30901644,0.006987758,0.09823577,-0.0777979,0.058433667,0.124231115,-0.16796765,0.014398485,-0.15427011,-0.2759321,-0.0070507005,0.009642214,0.14483516,0.15017664,0.04529593,0.226661,0.19054195,0.14751358,0.069646716,0.016085189,-0.26686898,-0.17808104,0.0047970936,0.10513744,0.120540574,0.2045897,-0.12912947,0.014678107,-0.25958163,-0.09381749,0.16566442,0.026077028,0.12175906,0.093963094,0.09097759,0.10623985,0.26626685,0.043317147,0.035379913,-0.30881417,0.103622384,0.08054054,-0.32488763,0.033603877,0.12729004,0.040019803,0.12881108,0.09177576,0.106498525,0.17032263,-0.044118788,0.03441917,-0.0051512346,0.21808532,0.30171987,0.07545112,-0.2763151,0.14263508,-0.0342487,-0.1011107,-0.296721,-0.0851319,-0.19989404,-0.13702382,0.07154276,0.20570989,0.041871432,-0.056029856,-0.063805595,-0.30569774,0.14016217,0.18871784,0.15344736,-0.19227964,0.10072601,-0.21968667,0.018408231,-0.13284814,0.06135635,0.12635958,-0.16416654,0.26962474,0.08419597,-0.13041183,-0.036580242,-0.06077559,0.105088726,-0.13413109,0.043982275,-0.023235887,-0.16681407,0.11720777,-0.084127106,0.21430686,0.0023251325,0.041095424,-0.005901957,0.28067124,-0.22158855,-0.19691129,-0.14492038,0.22963089,0.042569164,0.109154284,-0.073276505,0.009347893,0.038965996,-0.22508857,-0.07800671,0.048901416,-0.09046136,-0.06279585,0.11456207
1,-0.34444135,0.20208682,0.16904184,-0.11712398,-0.45401278,-0.06645863,-0.44623747,-0.53752375,0.32008323,0.2540271,0.07534128,0.10581039,-0.0037566312,-0.1271678,-0.5292824,-0.43382987,0.13445157,0.14101416,-0.1147819,0.1315113,0.23255013,-0.30347356,-0.0940211,-0.28159046,-0.41788,-0.012039568,-0.08804549,0.31407017,0.28978303,-0.02339384,0.25906193,0.22999579,0.30383945,0.20497987,-0.034163244,-0.42968917,-0.3015631,-0.036012,0.16723344,0.23543112,0.3405661,-0.23730636,-0.081795685,-0.40382436,-0.19792238,0.34078076,-0.06558356,0.20024116,0.045612402,0.23044674,0.1767779,0.38423347,0.0872265,0.096678704,-0.4248315,0.04367727,0.09856025,-0.58533525,-0.047468416,0.22846828,0.123524405,0.09279312,0.1708765,0.22677173,0.32866415,-0.20766711,0.12583709,-0.000530852,0.3283452,0.47542536,0.10111259,-0.52386415,0.19446668,-0.13227455,-0.31535143,-0.51944715,-0.0433932,-0.33566308,-0.3160094,0.10974862,0.41144302,-0.03704249,-0.13510185,-0.16107184,-0.51433074,0.24252743,0.37910426,0.2598997,-0.23994109,0.23805441,-0.3613659,-0.009182945,-0.17010707,0.24324845,0.19688334,-0.3074579,0.42296273,0.06720407,-0.27345604,-0.11373202,-0.06939551,0.21330464,-0.11376228,0.1190375,-0.054161906,-0.25392482,0.21280238,0.026809677,0.29341313,0.10221827,-0.033494174,-0.057036147,0.43911582,-0.32184795,-0.29744175,-0.32882273,0.36989686,0.05618393,0.23854423,-0.22367781,0.026927806,0.053697694,-0.27746993,-0.26256886,0.11714307,-0.20636351,-0.16996329,0.2144728
0,-0.057995237,-0.082425505,0.19093525,-0.11290343,-0.14716247,0.1008763,-0.23652211,-0.077158794,0.05339985,-0.11611707,-0.036410153,-0.06883775,-0.1668193,0.016630929,-0.1425161,-0.18048096,-0.13199347,-0.01493109,0.04564112,-0.053155605,-0.041924573,-0.07040523,0.2006478,-0.0259322,-0.09342908,0.17037123,0.06441933,-0.11728506,0.10716444,0.17321752,0.06272773,-0.0026927479,0.009239964,-0.106923744,0.21614325,-0.021941613,-0.027018964,-0.0777225,0.017785445,-0.066085555,0.07411052,0.03141184,0.14451005,-0.09066233,0.045730595,0.0019146521,0.17157504,0.02676367,0.14252268,-0.04991989,-0.09771092,0.08186035,-0.15284422,-0.0069859475,-0.23563072,0.115491636,-0.12860613,-0.17060329,0.15371375,0.049544916,-0.022636391,-0.028536558,-0.13354188,0.05364322,0.006393075,0.05411982,-0.1434108,-0.029688487,0.11990831,0.20028794,-0.11081317,-0.061903805,-0.027726391,0.15447642,0.114714384,-0.03440459,-0.22441587,-0.030401863,-0.034891687,-0.0645792,0.13931242,0.15865678,0.119585045,0.10310352,-0.107233316,0.019821458,0.06770809,-0.06760535,-0.19289821,-0.017262265,-0.053337365,0.065352775,0.034556605,-0.07099699,-0.0764797,-0.075607955,0.10992977,-0.014343081,0.037305854,0.12888052,0.04735333,0.013435535,-0.025964597,-0.084068365,-0.13979822,-0.058330283,0.0012412965,-0.2512449,0.067169026,-0.16470799,0.2362028,0.19510952,0.03504825,-0.057518825,-0.0065434054,-0.04517653,0.003353238,-0.028812878,-0.028060392,0.10760394,0.03312456,-0.079829365,-0.06872107,0.025379695,-0.15595351,0.011470143,0.14094631,0.0029520914
0,0.08102937,-0.23994988,0.23755671,-0.11625375,-0.013946332,0.15163195,-0.08450674,0.11255354,-0.09870125,-0.3116418,-0.100021295,-0.19232729,-0.22172888,0.08769272,0.019590076,-0.016443722,-0.2418057,-0.117663495,0.13115366,-0.15244448,-0.18492685,0.046165533,0.33043975,0.10684832,0.06366518,0.27093825,0.11151086,-0.32780254,0.020169973,0.27239865,-0.088744156,-0.15416908,-0.13745046,-0.23503962,0.35752594,0.16025928,0.10389068,-0.12797675,-0.039482154,-0.21379404,-0.045539826,0.1818946,0.23141016,0.061630744,0.16300763,-0.13028286,0.27891004,-0.060699124,0.16460565,-0.16284016,-0.25791577,-0.08141121,-0.306521,-0.061581586,-0.13572103,0.10567107,-0.2636313,0.0023150286,0.2545905,-0.048162032,-0.088525474,-0.13007669,-0.2990929,-0.011839693,-0.13566595,0.14754371,-0.28101012,-0.040584773,0.015799835,0.0776753,-0.23032932,0.14162128,-0.16440591,0.29461172,0.28103027,0.19907773,-0.30635205,0.13542673,0.08552587,-0.17233792,0.06273272,0.22081497,0.25334528,0.23351024,0.09732996,-0.10356638,-0.07006745,-0.2496449,-0.1493311,-0.1442286,0.09616077,0.077912696,0.17428264,-0.18988636,-0.24940936,0.015445661,-0.05332897,-0.08879875,0.17305909,0.26089752,0.1155143,-0.053477343,0.07388931,-0.1963144,-0.23415862,0.0457102,-0.09371145,-0.3511665,-0.07430471,-0.28235397,0.3575282,0.31309575,-0.1756058,0.09503903,0.14770792,0.07994035,-0.20932442,-0.09546073,-0.1525409,0.23460357,0.04056242,-0.17199431,0.059485815,0.13131653,-0.30049682,0.11014691,0.31412232,-0.10296867
0,0.115673035,-0.27885535,0.24265648,-0.10624756,0.032577917,0.15910259,-0.021689892,0.17869595,-0.1523685,-0.40035737,-0.11547888,-0.2250785,-0.22498904,0.11366549,0.10720298,0.0557872,-0.28656328,-0.14701219,0.16005468,-0.19324839,-0.2378088,0.09649174,0.38483822,0.15374807,0.124542445,0.29166126,0.1447448,-0.40768152,-0.046534877,0.3191464,-0.13693063,-0.20615146,-0.21039078,-0.29293668,0.41346028,0.20995052,0.15906528,-0.13737151,-0.059349813,-0.26320326,-0.09923006,0.25521663,0.2683089,0.11622909,0.20806147,-0.18642357,0.32210046,-0.094148695,0.17167857,-0.21469763,-0.31068718,-0.1515859,-0.35577887,-0.08895278,-0.09751637,0.111126035,-0.3008658,0.08912556,0.3032293,-0.09522038,-0.11916505,-0.14956822,-0.35350546,-0.047973946,-0.18124303,0.20070103,-0.32784876,-0.047257006,-0.038192697,0.014124565,-0.25296298,0.22853374,-0.20919229,0.33736074,0.3573908,0.2879204,-0.32561105,0.21122304,0.15511087,-0.20877698,0.015231062,0.23615104,0.2963714,0.27928537,0.18669964,-0.15504068,-0.1390472,-0.31336147,-0.122178555,-0.20664053,0.15481162,0.079755105,0.23363575,-0.24538775,-0.30519116,0.071652405,-0.1274287,-0.09842974,0.22133543,0.31763703,0.119790465,-0.0661895,0.097023584,-0.24473765,-0.26016682,0.09013714,-0.14167386,-0.39252707,-0.13641974,-0.31849182,0.3984924,0.34056932,-0.24020465,0.14024457,0.20488693,0.15596488,-0.30220267,-0.12881789,-0.20180008,0.28692916,0.03920067,-0.20284414,0.0872293,0.18642169,-0.34027493,0.15534624,0.40068945,-0.14028484
0,0.059033643,-0.21206911,0.22104506,-0.106191635,-0.02638549,0.13816234,-0.091614366,0.09126204,-0.083490446,-0.29149193,-0.08918717,-0.16770552,-0.20366149,0.07650444,0.02057032,-0.02258616,-0.22903758,-0.10331273,0.116018325,-0.14355066,-0.1670825,0.04140593,0.31296584,0.09566479,0.047897905,0.24585119,0.110886276,-0.3023528,0.009143326,0.26361477,-0.07000503,-0.1322678,-0.1321418,-0.2209128,0.33570462,0.13166532,0.09029848,-0.11374128,-0.030642584,-0.19434728,-0.03629736,0.17170379,0.21782927,0.04548878,0.14965178,-0.11755074,0.2638109,-0.051957913,0.15993911,-0.15187962,-0.23391926,-0.06687397,-0.2824288,-0.060390938,-0.13893178,0.10664446,-0.23539561,-0.0016244724,0.24603984,-0.046842575,-0.08546723,-0.105749056,-0.27239206,-0.012114545,-0.1180642,0.14509022,-0.26107743,-0.03677605,0.018201336,0.077831686,-0.20351644,0.1267805,-0.14645305,0.2708818,0.26454172,0.1766605,-0.28696963,0.12559843,0.08546466,-0.1572506,0.060561717,0.20494816,0.23193406,0.21430275,0.08355619,-0.09388701,-0.06663029,-0.22494589,-0.14409891,-0.13930869,0.08241236,0.06963167,0.15935415,-0.18197739,-0.2259866,0.016058061,-0.044196397,-0.073449716,0.15606594,0.24586219,0.097129025,-0.041399445,0.05892641,-0.18617648,-0.21877693,0.036838077,-0.08749967,-0.3332545,-0.06276294,-0.26201266,0.33552295,0.28456238,-0.14868802,0.07678704,0.12890033,0.08263815,-0.19359401,-0.08940384,-0.14116316,0.21730758,0.034942307,-0.15877955,0.03768877,0.12720138,-0.27374864,0.10445685,0.29981166,-0.09263617
0,0.08191338,-0.23484571,0.23145077,-0.111531526,-0.010242142,0.14751412,-0.0800706,0.11407524,-0.10189021,-0.31590387,-0.098990805,-0.18915051,-0.2172095,0.08736928,0.03287178,-0.009317095,-0.2421757,-0.11604923,0.12873356,-0.15546572,-0.18404754,0.052136235,0.33123797,0.10822755,0.06699221,0.26609042,0.11499868,-0.32789826,0.008012194,0.2750312,-0.089533016,-0.15261161,-0.14670959,-0.23862141,0.3561526,0.15837002,0.10547096,-0.12685661,-0.03938926,-0.21446225,-0.048825048,0.18843666,0.23166311,0.06452052,0.16450408,-0.13428581,0.27675927,-0.060456216,0.16442849,-0.16689561,-0.25689825,-0.08666439,-0.30543986,-0.06514938,-0.13063177,0.10717904,-0.25688422,0.013277255,0.2560032,-0.054014597,-0.09139024,-0.123889536,-0.2973908,-0.018440148,-0.13375881,0.15378481,-0.28143606,-0.036652178,0.00865864,0.06902252,-0.22523724,0.14790018,-0.16371214,0.29108894,0.2844506,0.20270357,-0.30331028,0.14354962,0.0932738,-0.17291367,0.056696605,0.21870434,0.24982703,0.23372354,0.104654595,-0.10596679,-0.077190764,-0.2494067,-0.14408804,-0.14953229,0.10117553,0.07469281,0.17624745,-0.1941485,-0.24866234,0.022292666,-0.059174687,-0.087362796,0.1741099,0.2616746,0.10906668,-0.05030444,0.07221835,-0.19839236,-0.23230454,0.049901173,-0.09921428,-0.3470593,-0.07723979,-0.28076324,0.35415748,0.30624282,-0.17342712,0.09663774,0.14804564,0.08831158,-0.21686026,-0.09790227,-0.1555884,0.23516555,0.03735487,-0.17253044,0.0569347,0.13596664,-0.29615375,0.113183536,0.32019773,-0.10535961
1,-0.5468835,0.4344164,0.17300259,-0.12736985,-0.6802169,-0.17215122,-0.675421,-0.87383044,0.55768424,0.5210318,0.18537089,0.24483514,0.06555623,-0.21303557,-0.82976586,-0.68526953,0.32249373,0.29140306,-0.22007932,0.25811043,0.43805298,-0.49718955,-0.26906562,-0.50318354,-0.63532794,-0.11402184,-0.18324745,0.6261287,0.4479992,-0.13977638,0.43883088,0.41063002,0.527345,0.38183782,-0.2045798,-0.7048703,-0.5077104,0.002675347,0.25897723,0.45122656,0.5345081,-0.4402077,-0.23516399,-0.65422046,-0.3648043,0.5572673,-0.22944808,0.35142276,0.010160446,0.41613567,0.39281386,0.6170019,0.27694038,0.1882974,-0.59890074,0.027045108,0.25544366,-0.9057835,-0.19581866,0.37467176,0.23772517,0.18267803,0.3961185,0.36100858,0.5685268,-0.3857362,0.33437076,0.0241114,0.48750922,0.69466686,0.23760168,-0.86095506,0.35782063,-0.34846875,-0.5803128,-0.88841254,0.059307568,-0.5662585,-0.5460548,0.24112086,0.59242713,-0.13147572,-0.33249795,-0.3591245,-0.8522831,0.44176012,0.6210316,0.5248726,-0.33108604,0.43525583,-0.58607525,-0.04415888,-0.3412623,0.46514207,0.4332738,-0.46383828,0.6785731,0.13622656,-0.47952798,-0.28368598,-0.15072417,0.34446242,-0.21973844,0.26726368,0.042342097,-0.42137966,0.34344408,0.1908347,0.48603737,0.2777225,-0.18166888,-0.19385375,0.7604131,-0.5499686,-0.5158799,-0.5490807,0.67072606,0.13696809,0.4355831,-0.43158653,0.019432776,0.16173679,-0.44802547,-0.48213091,0.30556318,-0.3704459,-0.39534,0.39021733
0,0.26485312,-0.4676328,0.36286876,-0.17938139,0.11376041,0.25618684,0.015571978,0.32171524,-0.24397564,-0.55568683,-0.17532156,-0.39188412,-0.35417703,0.20106922,0.103849456,0.09306779,-0.379438,-0.24099927,0.26546434,-0.26227415,-0.35192975,0.12150521,0.5179297,0.22384167,0.23722032,0.47273725,0.15674116,-0.5935128,0.022524323,0.3944126,-0.26004073,-0.3575068,-0.24415946,-0.40662873,0.576789,0.4070364,0.25242642,-0.23313014,-0.1294963,-0.4001433,-0.16610521,0.331977,0.37108618,0.22832641,0.29733774,-0.28011435,0.43221435,-0.15671918,0.21334949,-0.2986381,-0.47700182,-0.2594992,-0.51912946,-0.09325488,-0.08698157,0.118408434,-0.50230014,0.11609548,0.3743653,-0.096150875,-0.14541133,-0.31661326,-0.5436402,-0.04426995,-0.29536054,0.22618905,-0.46737757,-0.07244813,-0.05804535,0.011539273,-0.43579987,0.33066657,-0.341221,0.5001696,0.48647815,0.44368804,-0.4627446,0.28067476,0.15751639,-0.31945562,0.026932832,0.3466557,0.43848208,0.41367942,0.27942038,-0.2194092,-0.16266827,-0.48395866,-0.163418,-0.24304819,0.25291723,0.14613369,0.34981072,-0.30120844,-0.46233952,0.08143746,-0.19328217,-0.20202702,0.33866218,0.42852074,0.23614083,-0.14231727,0.1880747,-0.32200325,-0.3627714,0.15118554,-0.19128755,-0.5296727,-0.21314597,-0.46007782,0.56588584,0.54366404,-0.4167055,0.25698063,0.34101224,0.14399877,-0.41732168,-0.17344756,-0.28220704,0.4157546,0.07910589,-0.3027683,0.21983108,0.2191054,-0.52583396,0.19826339,0.5151333,-0.21354678
1,-0.39439628,0.24385487,0.20866586,-0.14218639,-0.53375995,-0.09652017,-0.5103865,-0.653015,0.38525474,0.31421196,0.10173536,0.104793444,0.008497167,-0.1361256,-0.65840304,-0.5104535,0.19339028,0.1724974,-0.13105889,0.16280457,0.28764683,-0.37428477,-0.1363118,-0.35580176,-0.4851115,-0.0059827827,-0.13226902,0.3931582,0.36355844,-0.047167808,0.28415504,0.25507316,0.3820871,0.25691465,-0.053331144,-0.5018451,-0.36343282,-0.05089148,0.19118947,0.2905046,0.40381056,-0.29291606,-0.12457639,-0.48136908,-0.25027272,0.41763365,-0.108035475,0.24470088,0.028223932,0.2927441,0.21300337,0.44151157,0.11454951,0.13058434,-0.48881212,0.025325045,0.10446537,-0.71337605,-0.08973839,0.2856624,0.16172776,0.07011501,0.20936179,0.28693002,0.40598187,-0.28391314,0.17118517,0.0027104858,0.3829326,0.5636754,0.11350317,-0.6425767,0.22018453,-0.18082748,-0.40538508,-0.6304448,-0.032441817,-0.40280512,-0.41282433,0.13048817,0.50769055,-0.064097814,-0.17493993,-0.21103276,-0.6235677,0.2980832,0.47509426,0.31692925,-0.27728087,0.30624342,-0.4295329,-0.017179944,-0.19269365,0.32974774,0.24040361,-0.37330592,0.5020977,0.059423547,-0.33561608,-0.14865541,-0.07429816,0.26124477,-0.11519467,0.15759903,-0.058125004,-0.3008441,0.25219074,0.07375428,0.33964163,0.14665402,-0.05584059,-0.073947944,0.5178975,-0.37953582,-0.34866503,-0.42168304,0.4475911,0.068235524,0.30260307,-0.28476056,0.03739179,0.06184535,-0.30913064,-0.35029027,0.14731798,-0.26452693,-0.22219849,0.26527682
1,-0.53009844,0.41010097,0.21721655,-0.15112577,-0.68393564,-0.16556524,-0.6829463,-0.8778627,0.5527057,0.47825235,0.1818462,0.20083159,0.042466816,-0.18466982,-0.8512812,-0.69303805,0.31397495,0.2881379,-0.19479036,0.23984891,0.42003813,-0.5081723,-0.23195672,-0.5144434,-0.61908436,-0.06312461,-0.18007031,0.59291047,0.46137497,-0.109401956,0.41521704,0.37551713,0.5199548,0.34770092,-0.15463805,-0.67986494,-0.4945349,-0.025263451,0.24708006,0.43187132,0.5252156,-0.41931707,-0.21587896,-0.6525234,-0.3503069,0.5447453,-0.20857629,0.35155287,0.016333893,0.40364474,0.3563054,0.5889698,0.23857078,0.19098036,-0.610559,0.02908158,0.20287605,-0.9208816,-0.18032786,0.38125008,0.23765025,0.13009632,0.35715237,0.3749743,0.56636196,-0.3898815,0.30924442,0.02194404,0.486124,0.70973814,0.19713064,-0.8586333,0.32921016,-0.32412678,-0.556342,-0.87573355,0.025612168,-0.54759926,-0.56334615,0.21400654,0.6146202,-0.10848086,-0.30558065,-0.33975112,-0.8501058,0.44130558,0.6348794,0.49611327,-0.35457736,0.43254584,-0.5720472,-0.032129463,-0.30570042,0.4700358,0.4069906,-0.46287075,0.675601,0.11059487,-0.4624878,-0.25243324,-0.12890936,0.34473094,-0.20043252,0.25498345,0.015209794,-0.41463983,0.32311693,0.16414788,0.46828097,0.25358334,-0.134307,-0.14760801,0.74036497,-0.54723406,-0.48941863,-0.5633135,0.6499889,0.11710549,0.42800292,-0.40682954,0.03126151,0.1332577,-0.43106523,-0.4915004,0.26905498,-0.37183803,-0.35818696,0.38733652
0,-0.020008465,-0.11749619,0.18341206,-0.094704434,-0.09917304,0.10175951,-0.16935009,-0.014736073,-0.0018098168,-0.1689431,-0.053223632,-0.08785345,-0.16582318,0.030373503,-0.06262034,-0.10685321,-0.16061494,-0.04296336,0.060965214,-0.08663157,-0.08327597,-0.01849734,0.2283313,0.023568459,-0.04323759,0.17291266,0.08172263,-0.17411824,0.0513908,0.19874135,0.015831172,-0.03885425,-0.052505188,-0.14113262,0.24114197,0.024653215,0.01143961,-0.07744095,0.006440349,-0.107042804,0.033397395,0.08284219,0.1573708,-0.04173481,0.07764433,-0.03888578,0.19194664,-0.00088209636,0.14281806,-0.08336027,-0.13564368,0.02708831,-0.18820423,-0.031319607,-0.18480653,0.10498344,-0.1420605,-0.09351812,0.18257752,0.0020046681,-0.05105623,-0.03903319,-0.16800049,0.02149267,-0.036450326,0.09207566,-0.17482853,-0.026397983,0.075281076,0.14023064,-0.123027,0.014022954,-0.061913,0.1827094,0.16247267,0.043528996,-0.23084688,0.033526488,0.019888237,-0.08951065,0.09967403,0.15903607,0.14877152,0.13309926,-0.029284943,-0.023981005,0.0066651106,-0.11588715,-0.16124484,-0.06704237,-0.0042245016,0.052486353,0.070988,-0.11500317,-0.12438612,-0.035410777,0.046452016,-0.031018863,0.07636547,0.16316816,0.05220023,-0.0022350177,0.0023381696,-0.11963523,-0.15951154,-0.023716167,-0.03001925,-0.25940388,0.020689994,-0.1875007,0.2531554,0.20259884,-0.026621249,-0.005246062,0.03180014,0.015253395,-0.071801454,-0.047044415,-0.067684166,0.13589783,0.024465002,-0.09969053,-0.036693223,0.06876779,-0.18078789,0.048956424,0.1922608,-0.034740422
0,0.13274345,-0.30003163,0.25948384,-0.12282999,0.034598097,0.17625113,-0.03461452,0.18358548,-0.15452926,-0.3950768,-0.12058108,-0.24416336,-0.24539308,0.119814634,0.080891564,0.04160002,-0.2883748,-0.15425226,0.16625716,-0.19156055,-0.23899542,0.08721135,0.38916355,0.15328231,0.12603623,0.31634134,0.13734733,-0.41262907,-0.01109108,0.31729412,-0.14297888,-0.2144163,-0.1919472,-0.29305598,0.42147487,0.23048879,0.15539357,-0.1535246,-0.067173846,-0.27434456,-0.09358851,0.24526924,0.27382776,0.11899464,0.20981653,-0.18511412,0.32447606,-0.09385241,0.17767107,-0.21177903,-0.32319856,-0.1492922,-0.36898422,-0.082044736,-0.10616487,0.11129121,-0.32243168,0.06859675,0.29992157,-0.079181455,-0.11398967,-0.17178142,-0.3690606,-0.03797923,-0.18474182,0.18858689,-0.33792543,-0.046928123,-0.026581518,0.03233657,-0.27873185,0.21809502,-0.21791866,0.35296956,0.35195968,0.28862438,-0.34334472,0.20175523,0.13193475,-0.21695225,0.033696394,0.25167787,0.30633825,0.28873605,0.1751653,-0.15150985,-0.12144752,-0.32247722,-0.13769203,-0.19161189,0.15552436,0.08968932,0.23458251,-0.23814668,-0.3154879,0.05455696,-0.1182874,-0.11732435,0.22759937,0.3164845,0.13978994,-0.07426259,0.107475474,-0.2429545,-0.27040714,0.08847824,-0.13558936,-0.39912054,-0.12984881,-0.33193702,0.41169804,0.36461166,-0.2506996,0.14897056,0.20958282,0.12783495,-0.29491773,-0.12499404,-0.20218474,0.29148713,0.047716565,-0.21211056,0.10316916,0.17490768,-0.3609302,0.14726152,0.39145228,-0.14310747
1,-0.15391356,0.036070365,0.114262626,-0.070135936,-0.20485559,0.037955165,-0.2697334,-0.17712256,0.11741759,0.0071434192,6.588921e-05,0.04014074,-0.0865194,-0.04558025,-0.16567397,-0.21363959,-0.06108296,0.045826845,-0.028742576,-0.002050504,0.039292496,-0.09561591,0.097545214,-0.07644958,-0.17871797,0.049203385,0.04489705,0.01771377,0.08701536,0.10767076,0.14453875,0.10426201,0.049961016,-0.017708527,0.09723517,-0.15373999,-0.098954156,-0.016965572,0.06780113,0.030657504,0.12833935,-0.038593486,0.067830026,-0.1690045,-0.022854242,0.07747977,0.090484686,0.07128293,0.11024313,0.016778769,0.012973301,0.1631046,-0.04328395,0.0021850578,-0.24405429,0.10178042,0.005492471,-0.20822902,0.094538756,0.063707635,-0.0015190914,0.07513795,-0.0037245676,0.061439604,0.08304786,0.01992127,-0.045632232,-0.010581253,0.15076518,0.21952567,0.009540897,-0.14502984,0.0650388,0.046486907,0.01004488,-0.15207398,-0.13335064,-0.093156345,-0.057146862,0.009506678,0.14667383,0.08367616,0.02306161,0.012349181,-0.18044123,0.069479115,0.09935728,0.04900867,-0.1694505,0.020955443,-0.12719418,0.022973992,-0.053634964,-0.017999202,0.028066352,-0.10032678,0.16830885,0.04519378,-0.04648363,0.043186575,-0.023406629,0.060646947,-0.08383345,-0.02112808,-0.071835734,-0.10693591,0.05288044,-0.14794041,0.13068545,-0.06842384,0.117761,0.061903834,0.15420307,-0.13383904,-0.104887076,-0.061828926,0.10140117,0.0063062133,0.03203326,0.009285683,0.010065936,-0.012852473,-0.153841,-0.00592719,-0.033848986,-0.028800111,0.040373594,0.05146251
0,0.1537234,-0.32878712,0.27445737,-0.13113439,0.04617273,0.19104178,-0.02630169,0.20764048,-0.1671308,-0.41230887,-0.12990779,-0.26336712,-0.26324606,0.12816328,0.07971543,0.048002247,-0.3003401,-0.1682468,0.17929965,-0.20030382,-0.2534476,0.091188625,0.4046587,0.16429031,0.13899584,0.33684415,0.13621157,-0.43679905,0.00018819794,0.32404447,-0.15972492,-0.23458758,-0.19360429,-0.30648708,0.44090056,0.2574131,0.16688249,-0.1630934,-0.07578123,-0.29154006,-0.102008425,0.252541,0.28475857,0.13338262,0.21750456,-0.19386765,0.33716252,-0.10474809,0.18132843,-0.22057065,-0.3447668,-0.1626724,-0.387952,-0.08225696,-0.10499866,0.109820135,-0.3481712,0.0717372,0.3069217,-0.07773864,-0.11954006,-0.1947977,-0.39367405,-0.03742429,-0.20276794,0.18950762,-0.35467467,-0.05228746,-0.027637832,0.031533368,-0.30088463,0.23308326,-0.23512821,0.37412423,0.36839366,0.30949613,-0.3603319,0.20854983,0.1315322,-0.22943486,0.034540042,0.26288864,0.32680357,0.3041506,0.18814273,-0.16195472,-0.12558663,-0.34655336,-0.14113656,-0.19563086,0.16768903,0.09643292,0.24759194,-0.24582693,-0.33714643,0.054587714,-0.12668653,-0.13008764,0.24263409,0.33011883,0.15553463,-0.08579525,0.12076952,-0.25261647,-0.28397062,0.094801694,-0.13865155,-0.4150183,-0.13913298,-0.3487989,0.4318172,0.388971,-0.27630144,0.16815385,0.22602792,0.12789032,-0.30904344,-0.12897363,-0.2114751,0.30738607,0.05292026,-0.22402807,0.12132788,0.17961371,-0.38513026,0.15360524,0.40253368,-0.15505579
0,-0.002707582,-0.13800222,0.20418227,-0.10829681,-0.09005901,0.115584016,-0.16939263,-4.7283014e-05,-0.011584017,-0.20228603,-0.060058728,-0.114377394,-0.18365735,0.046469893,-0.059685472,-0.10560813,-0.17735825,-0.053830717,0.07888019,-0.098142415,-0.100456625,-0.016632281,0.2566239,0.029557023,-0.024653565,0.2059148,0.08929542,-0.20582473,0.054704133,0.21866614,0.0005825227,-0.06342974,-0.06319271,-0.16421013,0.2737818,0.048816,0.029676452,-0.09659076,-0.005233817,-0.12634805,0.02168468,0.102161326,0.18053445,-0.02560291,0.0972874,-0.057395823,0.21457551,-0.008464795,0.15245536,-0.10120561,-0.16149098,0.010339402,-0.21459869,-0.033252105,-0.19045234,0.11452276,-0.1768322,-0.08764735,0.19945168,0.00075990707,-0.051347133,-0.06116294,-0.19840759,0.020460548,-0.049195245,0.10140248,-0.19936955,-0.030553175,0.06795052,0.14071238,-0.15471184,0.02873712,-0.08419642,0.20713465,0.18869811,0.06509697,-0.25421348,0.04750333,0.025420174,-0.109481886,0.099310435,0.18186697,0.16961595,0.15634906,-0.01524445,-0.032166597,0.0030965954,-0.14042659,-0.17046724,-0.07755314,0.01263449,0.06713075,0.095141776,-0.1252619,-0.14525425,-0.028932177,0.036804017,-0.040319387,0.09432009,0.1853815,0.06766553,-0.00963892,0.012014566,-0.13364662,-0.17658459,-0.010854468,-0.045379907,-0.29060084,0.0045828745,-0.21084216,0.2837382,0.23752405,-0.04771215,0.003996223,0.058023077,0.018102303,-0.092594996,-0.06028563,-0.08231412,0.16018537,0.032215767,-0.117881194,-0.020253144,0.073575824,-0.20927855,0.0570857,0.22051577,-0.041678254
0,0.066793144,-0.22314592,0.22876257,-0.11475365,-0.029473674,0.1451548,-0.10064341,0.090838544,-0.0813666,-0.28561738,-0.09352894,-0.1772826,-0.2135316,0.07702164,0.0016474165,-0.034017127,-0.22545812,-0.105691835,0.11900434,-0.14114001,-0.16736786,0.03181047,0.31287706,0.08994052,0.04255552,0.25549325,0.10370152,-0.3006294,0.031056263,0.25894523,-0.07180071,-0.13368732,-0.120263085,-0.21805231,0.33919784,0.1384621,0.08704501,-0.12200324,-0.032463633,-0.19566463,-0.031320423,0.1621717,0.21727194,0.042388912,0.14572284,-0.112561606,0.2621994,-0.049141075,0.1592312,-0.14797388,-0.23961937,-0.06600891,-0.2869611,-0.05403426,-0.1437914,0.10381814,-0.24473757,-0.017962042,0.24075362,-0.035383396,-0.08335394,-0.11928289,-0.27795604,-0.004426619,-0.11798533,0.13376087,-0.26344395,-0.039221875,0.030455112,0.093185335,-0.21175064,0.118227124,-0.1470844,0.2775218,0.26017383,0.17081931,-0.2958907,0.11637523,0.06889041,-0.1583718,0.07176095,0.21076876,0.23789044,0.21781199,0.07428901,-0.088283606,-0.053851813,-0.22856039,-0.15242687,-0.12624872,0.07807787,0.075030394,0.15557382,-0.17413704,-0.23051862,0.003223233,-0.032252252,-0.08296613,0.15530106,0.24352461,0.10640587,-0.045420635,0.06223298,-0.18031593,-0.2231178,0.032865353,-0.07943513,-0.33423084,-0.05573497,-0.26759568,0.33992702,0.29668602,-0.15104096,0.07799186,0.12614387,0.06424774,-0.18173894,-0.08637671,-0.13815965,0.2162059,0.038177386,-0.16016702,0.043573067,0.12058765,-0.28277093,0.099086225,0.28960702,-0.09276382
0,0.16773196,-0.3408571,0.28025314,-0.13043569,0.060867712,0.1933056,-0.0110706575,0.22492974,-0.18353418,-0.4441062,-0.13428226,-0.27828082,-0.2679812,0.14077127,0.10562444,0.06796462,-0.3141395,-0.17657538,0.19140676,-0.21497443,-0.2708044,0.10433324,0.42497808,0.17724884,0.16013321,0.34985977,0.14744948,-0.46392018,-0.01984323,0.342206,-0.17639105,-0.25296855,-0.21864802,-0.32766622,0.4625668,0.27680272,0.18479219,-0.16987501,-0.08333374,-0.30920824,-0.11838608,0.27681616,0.29929054,0.15176693,0.23548906,-0.21501754,0.35260576,-0.11328011,0.18688557,-0.23899643,-0.3636437,-0.18631077,-0.40782967,-0.09014829,-0.093247265,0.114109084,-0.36358562,0.095421046,0.32367158,-0.092575505,-0.1268555,-0.20364933,-0.413428,-0.047221594,-0.21532539,0.20769012,-0.37207335,-0.051819555,-0.043390624,0.014593832,-0.31400573,0.25891393,-0.25161743,0.39003527,0.39493203,0.33736193,-0.37092826,0.23390266,0.15080093,-0.24477297,0.02245596,0.27255875,0.3401785,0.32140705,0.213846,-0.17415857,-0.14463294,-0.36722347,-0.13752396,-0.21439712,0.18630828,0.099344246,0.26892945,-0.2624296,-0.35549372,0.07198361,-0.14760838,-0.13617013,0.25874174,0.35005608,0.15896042,-0.09002821,0.1284721,-0.2677609,-0.2937042,0.10943231,-0.15656114,-0.43050337,-0.15769503,-0.36406478,0.44951147,0.40482467,-0.29592213,0.18041535,0.24610482,0.1470531,-0.33832547,-0.14014095,-0.22775915,0.32533926,0.051959828,-0.23588295,0.13153893,0.19402035,-0.3998846,0.16753398,0.43375885,-0.16571534
1,0.0036083236,-0.16261242,0.19422379,-0.10377371,-0.07407445,0.11301312,-0.12784533,0.022070212,-0.04261865,-0.21015036,-0.07690563,-0.12654665,-0.16616073,0.042458016,-0.04074989,-0.057306487,-0.18478933,-0.078906365,0.07733546,-0.10304566,-0.11591129,0.0064834803,0.24445784,0.057114046,-0.020721525,0.19107369,0.08681755,-0.2192012,0.040900704,0.21131124,-0.025596175,-0.07505261,-0.07461569,-0.15122885,0.27503905,0.05160157,0.041573294,-0.0994213,-0.0006419197,-0.13406667,0.008703057,0.113543116,0.1795476,-0.0045091286,0.09949398,-0.054343916,0.21537602,-0.02729012,0.1366681,-0.102997065,-0.1794498,-0.0069388337,-0.22817832,-0.04660071,-0.16439036,0.097991906,-0.17676885,-0.06216341,0.20535642,-0.008695193,-0.06691814,-0.06854546,-0.21046536,0.00913466,-0.067186415,0.104107365,-0.21217698,-0.032842636,0.059538152,0.12123209,-0.14588617,0.04865614,-0.09148849,0.22250053,0.18183884,0.08798007,-0.24454042,0.06022322,0.044585943,-0.11532478,0.09598634,0.16293445,0.18459934,0.16925208,0.022449564,-0.06343652,-0.019336805,-0.1678319,-0.13765702,-0.09459963,0.024453525,0.06369368,0.10990883,-0.13058078,-0.17219102,-0.026442248,0.010643552,-0.050560366,0.10032146,0.18994926,0.069054075,-0.0092342645,0.033686645,-0.14263418,-0.19000259,0.008240245,-0.035892397,-0.27353993,-0.015731342,-0.2099047,0.26678643,0.22041443,-0.07502557,0.03225671,0.06620942,0.034973174,-0.1174145,-0.07260732,-0.09222243,0.15686002,0.035520986,-0.12623294,-0.0069986805,0.093536675,-0.21613792,0.066550866,0.22987717,-0.06325942
1,-0.013125002,-0.14719573,0.18981344,-0.10442366,-0.09113644,0.106272265,-0.14248222,-0.0016461031,-0.025930922,-0.18485123,-0.07029798,-0.11413622,-0.15780222,0.03311905,-0.06389955,-0.07456859,-0.16930923,-0.0699967,0.06709856,-0.0906573,-0.09839174,-0.006984517,0.22499514,0.04262247,-0.04150704,0.17919289,0.077552326,-0.19253036,0.0545089,0.19675526,-0.011169107,-0.05713533,-0.054348014,-0.13018157,0.25704807,0.029211674,0.02442079,-0.094987504,0.008197084,-0.116433784,0.024019029,0.09434369,0.16654812,-0.022073288,0.08328213,-0.034750856,0.20117375,-0.017089434,0.13148944,-0.08530134,-0.16195373,0.014131326,-0.2113601,-0.039383758,-0.17527667,0.09454087,-0.16170208,-0.08601329,0.19129512,0.0033320934,-0.058988728,-0.058843866,-0.19070981,0.018512288,-0.049415205,0.08828114,-0.1958006,-0.031249339,0.073379,0.1378825,-0.13166648,0.020906046,-0.07621863,0.20609702,0.15532197,0.05895164,-0.23378542,0.039016142,0.027621351,-0.10342679,0.11042355,0.15198874,0.16866207,0.15312949,-0.002433259,-0.05031792,-0.001642622,-0.14719558,-0.14083168,-0.07795067,0.005265819,0.060656704,0.09415067,-0.11292509,-0.15414813,-0.040820967,0.030222945,-0.045539543,0.08237882,0.17175573,0.06164771,-5.3223222e-05,0.025899177,-0.12930217,-0.18167579,-0.0044067577,-0.021394491,-0.25727654,0.0011610761,-0.19460833,0.2490525,0.20500305,-0.051662344,0.017260665,0.047687832,0.01738169,-0.09257045,-0.06479505,-0.07657228,0.13722481,0.035367407,-0.11610152,-0.019269817,0.07779937,-0.19960484,0.053037647,0.20711848,-0.05143163
0,0.14191207,-0.319412,0.3016702,-0.15665884,0.008640096,0.19582504,-0.08961666,0.16139285,-0.12663318,-0.38020653,-0.12165174,-0.268042,-0.28901824,0.1310396,-0.004292216,-0.019947696,-0.2793101,-0.15187366,0.18275902,-0.18012354,-0.23094656,0.04012766,0.39346024,0.12230261,0.105376065,0.36065477,0.117684305,-0.4070046,0.06567438,0.3042307,-0.13261996,-0.21891859,-0.13979448,-0.28792593,0.43484485,0.24294348,0.1410276,-0.17323965,-0.07079149,-0.2692235,-0.06946166,0.20937908,0.28163105,0.10202402,0.19792978,-0.16823801,0.32803413,-0.08395765,0.18696591,-0.19779786,-0.33080155,-0.12175587,-0.37957507,-0.055322956,-0.14675146,0.11490763,-0.36027953,-0.009162137,0.28516862,-0.0358274,-0.095388465,-0.20967649,-0.38404664,0.001327375,-0.177428,0.15435696,-0.34130806,-0.0540371,0.017734952,0.09371735,-0.3135982,0.17117454,-0.21949199,0.3664708,0.3379938,0.2526313,-0.37220338,0.15320629,0.07456733,-0.22030921,0.07740465,0.27435616,0.31490198,0.29235142,0.12094647,-0.11966125,-0.06519252,-0.3207364,-0.18017125,-0.14971024,0.12728788,0.116939135,0.22398964,-0.20673074,-0.31141186,0.014859371,-0.065978244,-0.13358223,0.2205328,0.30891773,0.16641594,-0.0845786,0.10445259,-0.22807908,-0.275356,0.06533659,-0.11205881,-0.4197661,-0.09793172,-0.3464244,0.4412799,0.4146015,-0.23837464,0.13382256,0.20247363,0.05874117,-0.24597877,-0.11506687,-0.17727129,0.29561374,0.061338954,-0.21522065,0.10943183,0.13727608,-0.38367397,0.122742385,0.36465234,-0.12682554
1,-0.33837396,0.19392902,0.16309203,-0.117301494,-0.44549146,-0.060527336,-0.44023833,-0.52289706,0.31276864,0.2509879,0.07171822,0.103629276,-0.004841361,-0.12545957,-0.5205172,-0.42292723,0.12798622,0.1352084,-0.11426751,0.12898195,0.22730254,-0.29361504,-0.09288564,-0.2738626,-0.4135987,-0.013764661,-0.08550981,0.3060162,0.28774616,-0.023617744,0.25483838,0.23011005,0.3007694,0.20443837,-0.033782683,-0.42175174,-0.29499716,-0.034942344,0.16478214,0.23053993,0.33405918,-0.23467028,-0.07745691,-0.39566833,-0.19521877,0.33530167,-0.06316398,0.19451459,0.044911534,0.22521393,0.17153984,0.37942046,0.08607442,0.09369464,-0.41819513,0.04538674,0.09830216,-0.574333,-0.04599633,0.22718407,0.11767932,0.09189555,0.16592674,0.22077484,0.31953475,-0.20242813,0.120163314,-0.0013905894,0.32518274,0.46830407,0.102516934,-0.511775,0.19236669,-0.12471828,-0.3085247,-0.50877243,-0.045448117,-0.33216017,-0.30951762,0.109993145,0.40433887,-0.037103742,-0.13040829,-0.1549221,-0.50190985,0.23197386,0.36929643,0.25238073,-0.23400013,0.23183201,-0.3545318,-0.006146036,-0.16901994,0.23563392,0.1923848,-0.30450827,0.41538697,0.06616044,-0.26569024,-0.11274307,-0.06918283,0.20851201,-0.112938665,0.11503064,-0.052918483,-0.24700959,0.21251467,0.026038453,0.29020265,0.098294735,-0.034964472,-0.058371954,0.42947125,-0.31331298,-0.29456547,-0.32168898,0.3651494,0.055030953,0.23331457,-0.21719132,0.029586308,0.051713,-0.27282828,-0.25250605,0.11237738,-0.20146744,-0.16781226,0.20680085
1,-0.3452433,0.26008904,0.06670253,-0.07478088,-0.3977113,-0.0323415,-0.50283605,-0.45340016,0.3396087,0.2596759,0.09557227,0.2019121,-0.026256453,-0.12650916,-0.39821157,-0.46102744,0.08894945,0.19551386,-0.1320879,0.1301172,0.23524319,-0.2725375,-0.061294243,-0.27494872,-0.39200097,-0.06534843,-0.016323797,0.29571033,0.20993635,-0.015236497,0.3583293,0.30637482,0.25074327,0.14298308,-0.07915173,-0.39829138,-0.2741793,0.043720268,0.14264488,0.23163055,0.2977098,-0.24137542,-0.03908226,-0.3814193,-0.17621998,0.24846947,-0.04930821,0.19916557,0.09250227,0.16407338,0.23206213,0.38902634,0.16037184,0.08614431,-0.39833602,0.13005343,0.1756539,-0.4651576,-0.033441506,0.2006663,0.09821484,0.20829879,0.21560204,0.16315593,0.28836563,-0.10130808,0.1383087,0.0031851213,0.29771808,0.4006686,0.15847093,-0.43353665,0.24515066,-0.14431705,-0.20202038,-0.47638252,-0.03560122,-0.32269806,-0.22527553,0.15325694,0.2563037,0.011164505,-0.16299284,-0.16256243,-0.4780168,0.25608462,0.3020211,0.3029248,-0.25011373,0.19866915,-0.3389697,0.01829847,-0.23761955,0.14606892,0.2689755,-0.22329348,0.40659148,0.15012886,-0.22959682,-0.12890926,-0.115364015,0.1543955,-0.22850898,0.12777752,0.05689104,-0.25260085,0.17207652,-0.034515813,0.3297253,0.08531788,-0.02356162,-0.0724871,0.45455992,-0.35936335,-0.31218296,-0.24348822,0.39691508,0.09503577,0.2097395,-0.15207928,-0.0002265051,0.112186745,-0.3357069,-0.16135293,0.15991795,-0.16342382,-0.18224238,0.20813051
0,0.53063685,-0.79471755,0.5447092,-0.26884633,0.2883912,0.40157336,0.1537564,0.6120011,-0.4489175,-0.8814209,-0.2881022,-0.6739609,-0.5504844,0.3549391,0.19737215,0.23876014,-0.56470597,-0.41931355,0.4560039,-0.41284046,-0.5868615,0.22218978,0.7699115,0.38848022,0.47299585,0.7594601,0.20457613,-0.9612621,0.049657736,0.5496391,-0.50482106,-0.64182204,-0.37974095,-0.63335425,0.8708767,0.7602208,0.45413214,-0.37911433,-0.24936593,-0.65755993,-0.32669786,0.52484345,0.5548052,0.45830613,0.48087022,-0.47947097,0.6403109,-0.291624,0.27681288,-0.4731812,-0.7835079,-0.4924277,-0.8191951,-0.13147214,-0.0137433745,0.12130285,-0.84054387,0.2501751,0.5275811,-0.16201761,-0.22045237,-0.5880817,-0.8825536,-0.07534839,-0.5267949,0.319825,-0.72515416,-0.11495263,-0.1481455,-0.06742259,-0.73170227,0.58529925,-0.58832526,0.7865844,0.75741637,0.7788871,-0.68263924,0.46724653,0.24153386,-0.5192042,-0.010497671,0.5198119,0.7017227,0.6607157,0.52067393,-0.37447345,-0.2808742,-0.81103414,-0.1895965,-0.36951888,0.45853066,0.2400006,0.5841038,-0.4456672,-0.7625904,0.15721968,-0.37309146,-0.37235397,0.5663165,0.65289253,0.4183713,-0.27716476,0.3557565,-0.49315336,-0.54055464,0.29193056,-0.3145407,-0.7672709,-0.3933828,-0.70830417,0.8570466,0.8741673,-0.7610097,0.49188665,0.602519,0.2118989,-0.69188136,-0.27486408,-0.45448315,0.6610359,0.12913743,-0.4790515,0.4581857,0.32614192,-0.8443554,0.31736505,0.77637416,-0.36619946
1,-0.083740175,-0.04040717,0.13259742,-0.068766914,-0.13859321,0.06557645,-0.19252513,-0.081558324,0.0423118,-0.08120583,-0.029585488,-0.015619043,-0.111831516,-0.015037615,-0.08031136,-0.13488886,-0.11259395,-0.003916707,0.0097165555,-0.049625527,-0.028308097,-0.03706412,0.16126451,-0.01177045,-0.1016133,0.095099285,0.06633908,-0.08165089,0.043677066,0.15636675,0.07182638,0.033164147,-0.020878457,-0.07863402,0.16264543,-0.06294055,-0.038358677,-0.038912535,0.038708422,-0.043340817,0.072576545,0.034256294,0.10505519,-0.09755347,0.032165818,0.013735281,0.13630235,0.03022467,0.12111061,-0.03518342,-0.061055906,0.08295054,-0.11270763,-0.023423972,-0.19394442,0.09587505,-0.054695375,-0.12105936,0.14157617,0.013672307,-0.035278197,0.028543226,-0.08068928,0.027861102,0.015552998,0.06495015,-0.10944945,-0.016029833,0.09629877,0.15604803,-0.04811688,-0.0442169,-0.001842007,0.110714614,0.09033413,-0.035099648,-0.17212936,-0.009709917,0.0001463592,-0.03852788,0.10698569,0.111798175,0.08635433,0.07015872,-0.082460225,0.010085598,0.030806161,-0.03625055,-0.14757428,-0.03724121,-0.05296975,0.022609599,0.0092631355,-0.07901771,-0.054795682,-0.05652791,0.08803952,0.008051366,0.02092138,0.10459724,0.010220598,0.028647179,-0.03347573,-0.07627782,-0.117982656,-0.05724538,0.0051798616,-0.19282015,0.062150605,-0.124162585,0.17355886,0.11403358,0.05029426,-0.05682212,-0.033493787,0.0024122447,-0.003926754,-0.021099534,-0.028841421,0.068436906,0.010941666,-0.05377818,-0.08913346,0.04419659,-0.10231589,0.02126789,0.1191155,-0.000945162
1,-0.5661147,0.45766592,0.20629469,-0.14174853,-0.71695983,-0.18836309,-0.71709365,-0.9296349,0.59354866,0.53370965,0.20308957,0.23780042,0.05898918,-0.20692416,-0.89081866,-0.7285197,0.3474463,0.3148002,-0.21875346,0.26157525,0.45641205,-0.5322814,-0.27041644,-0.5467596,-0.65316117,-0.096836254,-0.1968616,0.6542296,0.480899,-0.13389187,0.44772694,0.41325587,0.55506253,0.38183275,-0.19764069,-0.73156,-0.5315179,-0.0082784,0.26705158,0.47251007,0.5581055,-0.4561376,-0.2506551,-0.6938816,-0.38001877,0.5820917,-0.24229199,0.3782837,0.009056222,0.43678358,0.4045696,0.6334307,0.28217837,0.203649,-0.63273865,0.022357069,0.24666461,-0.9649427,-0.21101415,0.39908886,0.2537547,0.15923248,0.40593943,0.39208987,0.60465366,-0.41799366,0.35429052,0.028947445,0.5098299,0.7370845,0.23277475,-0.90888214,0.36340702,-0.37007174,-0.60332745,-0.9379775,0.05238805,-0.5858482,-0.5973099,0.24315585,0.6355817,-0.13185948,-0.3479352,-0.37991023,-0.9038808,0.4723875,0.6661309,0.5485536,-0.36328068,0.46272904,-0.60886174,-0.04521728,-0.34518975,0.50496215,0.45506108,-0.4868461,0.7147488,0.12789868,-0.4969953,-0.28707403,-0.14965098,0.36682335,-0.2227897,0.2806417,0.041568488,-0.4444325,0.34758025,0.20299324,0.5036683,0.29074427,-0.17253718,-0.18478762,0.79886603,-0.58398116,-0.5341534,-0.5909449,0.70320964,0.13655624,0.4608674,-0.44893178,0.0244876,0.16020484,-0.4633852,-0.52529246,0.31046835,-0.39731824,-0.40355623,0.41705626
1,-0.34444132,0.20208682,0.16904184,-0.11712392,-0.45401278,-0.06645864,-0.44623747,-0.53752375,0.32008326,0.2540271,0.07534132,0.10581039,-0.003756605,-0.1271678,-0.5292824,-0.4338298,0.13445157,0.14101414,-0.11478189,0.13151129,0.23255013,-0.3034736,-0.0940211,-0.28159046,-0.41788003,-0.012039591,-0.08804552,0.3140701,0.28978303,-0.02339384,0.25906193,0.22999579,0.30383945,0.20497987,-0.03416323,-0.42968917,-0.30156314,-0.036012016,0.16723344,0.23543115,0.3405661,-0.23730636,-0.081795715,-0.40382436,-0.19792238,0.3407808,-0.06558354,0.20024116,0.045612376,0.23044674,0.17677793,0.38423347,0.08722655,0.09667872,-0.4248315,0.043677248,0.09856024,-0.58533525,-0.04746843,0.22846822,0.123524435,0.09279314,0.1708765,0.22677173,0.32866415,-0.20766705,0.12583709,-0.00053085946,0.32834527,0.47542533,0.10111259,-0.52386415,0.19446668,-0.13227457,-0.31535143,-0.51944715,-0.043393183,-0.33566305,-0.3160094,0.10974863,0.41144305,-0.0370425,-0.13510185,-0.16107182,-0.51433074,0.24252743,0.37910426,0.25989974,-0.23994108,0.23805438,-0.36136594,-0.009182952,-0.1701071,0.24324845,0.1968833,-0.30745792,0.4229627,0.06720409,-0.27345607,-0.113732,-0.06939551,0.21330461,-0.11376228,0.11903749,-0.05416187,-0.2539248,0.21280238,0.026809663,0.29341316,0.10221827,-0.033494167,-0.057036154,0.4391158,-0.32184795,-0.29744178,-0.32882273,0.3698969,0.05618393,0.23854429,-0.2236778,0.026927799,0.05369771,-0.27746996,-0.26256886,0.11714306,-0.20636354,-0.1699633,0.2144728
0,0.15837154,-0.32133168,0.25276387,-0.107356384,0.07103953,0.17249712,0.016931038,0.22408415,-0.19655854,-0.43781555,-0.13165739,-0.2571854,-0.24194367,0.1320114,0.14453992,0.10018706,-0.30903816,-0.17284411,0.1792515,-0.21632351,-0.27138996,0.12687218,0.40980035,0.19116196,0.16555172,0.31923628,0.15332666,-0.45492887,-0.06083578,0.33946455,-0.1768321,-0.2411373,-0.24441384,-0.3181779,0.438239,0.26370728,0.18597502,-0.15008013,-0.07318737,-0.30506077,-0.12657264,0.28653255,0.28457177,0.15619954,0.23882844,-0.21899462,0.33967873,-0.114716716,0.17927948,-0.23791161,-0.35053265,-0.18967348,-0.3973472,-0.10214788,-0.06387721,0.10321072,-0.33113748,0.12616582,0.32252884,-0.12097513,-0.13370222,-0.17682284,-0.3923622,-0.06279366,-0.21627063,0.22071229,-0.36286792,-0.041120306,-0.06240522,-0.01588294,-0.28844592,0.2748618,-0.24446777,0.37353086,0.3883845,0.34820864,-0.3453928,0.25371185,0.17823246,-0.23617439,0.002808582,0.25045073,0.32628572,0.31055832,0.2340506,-0.18297207,-0.17101263,-0.3563477,-0.11219625,-0.23413107,0.1913356,0.07964585,0.2641625,-0.27198094,-0.34965426,0.08939354,-0.16669899,-0.12912042,0.25650996,0.34229624,0.14236052,-0.087097496,0.1279247,-0.2716,-0.28403157,0.11423218,-0.16196677,-0.4048571,-0.16721296,-0.3477541,0.42430365,0.36820695,-0.2953294,0.18516049,0.23999472,0.17463994,-0.3547374,-0.14034058,-0.2307497,0.3138594,0.039694652,-0.22637479,0.1266909,0.20740998,-0.3765488,0.17621996,0.43511203,-0.16694948
0,-0.110205784,-0.016501058,0.16696158,-0.104476005,-0.19184822,0.07252741,-0.2851915,-0.1483,0.10585049,-0.048474047,-0.011640355,-0.018151995,-0.14031988,-0.008971591,-0.18510714,-0.22941028,-0.08942939,0.024950713,0.012407754,-0.02157998,0.008306399,-0.106660664,0.15250242,-0.07222962,-0.14641577,0.12652718,0.04977559,-0.041977875,0.12092802,0.14068604,0.11630377,0.055524394,0.04826738,-0.06179141,0.16122594,-0.09200558,-0.071168244,-0.054676518,0.04233059,-0.010348108,0.11350861,-0.016100425,0.1095894,-0.1434978,0.0069457255,0.045657165,0.12955806,0.059828732,0.13342668,-0.012038411,-0.037181236,0.13657242,-0.095290884,0.009190638,-0.26240948,0.11822883,-0.07008576,-0.22266562,0.120142624,0.07420218,-0.0011669844,0.017109998,-0.067262635,0.072857454,0.058270603,0.02760569,-0.09174989,-0.021101354,0.15125939,0.23575565,-0.060480464,-0.12796894,0.021859352,0.09760764,0.058370925,-0.11548243,-0.18842813,-0.08140593,-0.067898855,-0.02563018,0.15908414,0.13036978,0.0657842,0.05425952,-0.17364505,0.06478595,0.10915737,0.0017520525,-0.20162725,0.019336052,-0.104848355,0.056239568,-0.015516538,-0.03144703,-0.012512773,-0.09965868,0.16506712,0.016143668,-0.011207286,0.08232486,0.015382964,0.03941761,-0.06308634,-0.04570759,-0.102728695,-0.093505226,0.030660141,-0.20974162,0.115094475,-0.119088635,0.1884279,0.14608641,0.11365649,-0.11394365,-0.062490635,-0.079190135,0.074577965,-0.007844704,0.015585054,0.059368342,0.02443672,-0.044218656,-0.11807491,-0.0077635422,-0.09557806,-0.018363293,0.08371146,0.040394418
0,-0.067501776,-0.060706634,0.14899759,-0.07614198,-0.12590167,0.07544732,-0.18571813,-0.06285458,0.029195335,-0.112282075,-0.035250995,-0.036991525,-0.12774907,0.0010099746,-0.071037546,-0.124902405,-0.129379,-0.014040627,0.026522182,-0.0617897,-0.045545816,-0.032292657,0.18345292,-0.0004626587,-0.08223207,0.11812292,0.07403622,-0.11254589,0.0401217,0.17236269,0.05732643,0.009903453,-0.033779465,-0.10068741,0.18874514,-0.03827397,-0.021189589,-0.047668546,0.028578991,-0.062234208,0.058892503,0.052315086,0.12419724,-0.07925215,0.047213994,-0.004516663,0.15585238,0.019698262,0.13125694,-0.05314226,-0.083058774,0.065942146,-0.1361911,-0.026199691,-0.19294381,0.10207855,-0.08101136,-0.109384894,0.15742624,0.00857687,-0.039780024,0.009414256,-0.10790487,0.02491341,-0.0005811639,0.077889994,-0.13077652,-0.019038213,0.08748695,0.14799318,-0.069946826,-0.025165357,-0.020624215,0.13268211,0.11635095,-0.009712467,-0.18902801,0.00496364,0.011731878,-0.055561382,0.10256608,0.12593159,0.104428604,0.09047899,-0.06489171,-0.00023605302,0.021485418,-0.060340207,-0.15148395,-0.05081869,-0.038121216,0.03345477,0.031329744,-0.09227956,-0.07508836,-0.04608208,0.07290128,0.0011715852,0.03807001,0.12549758,0.020785008,0.020043168,-0.025360996,-0.091191016,-0.13029513,-0.046473026,-0.008547522,-0.21781433,0.04663992,-0.1420431,0.20082355,0.14042921,0.028685044,-0.043477483,-0.011050779,0.009942904,-0.028193265,-0.03045189,-0.038886223,0.09227029,0.015344307,-0.06856614,-0.07703924,0.053754084,-0.12547663,0.03165367,0.14725551,-0.009860702
1,-0.38492787,0.23646684,0.21530956,-0.1425243,-0.52500105,-0.091839746,-0.50549924,-0.6397141,0.37924477,0.29597002,0.09997039,0.0982907,-0.00076024607,-0.12895261,-0.64670545,-0.50519717,0.18284649,0.16655853,-0.12125018,0.15547791,0.2757643,-0.36858577,-0.121625245,-0.34753206,-0.47035185,0.005370196,-0.12615842,0.37603307,0.35699502,-0.03733985,0.2759261,0.2423695,0.3722496,0.24288419,-0.0397022,-0.4879419,-0.35235596,-0.053155042,0.18614581,0.27946377,0.39550328,-0.28158352,-0.11532951,-0.4701749,-0.23885606,0.40511295,-0.09532568,0.23867708,0.034108877,0.28220406,0.20421532,0.43214163,0.10242442,0.12750426,-0.48588073,0.028805237,0.0919939,-0.7031105,-0.08075244,0.277251,0.15940055,0.063601226,0.19669634,0.28340125,0.39508846,-0.27404752,0.16232449,0.0016502533,0.3761412,0.55605316,0.101050064,-0.62724125,0.21046287,-0.17053014,-0.38753322,-0.6150224,-0.040562738,-0.39238787,-0.4031843,0.12270361,0.49928233,-0.054327674,-0.1658411,-0.20080459,-0.61272573,0.29334098,0.46591687,0.3053393,-0.27977523,0.29736477,-0.4185987,-0.0133799985,-0.18266958,0.31869477,0.23112784,-0.3643085,0.4924323,0.057429623,-0.32417378,-0.13649046,-0.06954001,0.25443545,-0.112805046,0.14857349,-0.062333338,-0.29466152,0.24215546,0.058286756,0.3308905,0.13497785,-0.041372806,-0.05837544,0.50630033,-0.37359366,-0.3368621,-0.41264305,0.43402174,0.064920716,0.29331967,-0.2717068,0.03689985,0.05676577,-0.3013494,-0.34395882,0.13621321,-0.25702518,-0.20600066,0.26112506
1,-0.17440316,0.013193641,0.27828562,-0.16107395,-0.32990342,0.018773248,-0.35703197,-0.3448242,0.18885477,0.031996742,0.017137967,-0.0627428,-0.12690026,-0.023807418,-0.4320756,-0.32886806,0.011122175,0.039568752,0.0041503645,0.023308009,0.07688065,-0.22545537,0.08551098,-0.17441827,-0.24388507,0.16469416,-0.03944346,0.07011287,0.2740377,0.09970936,0.10886702,0.05019813,0.18743949,0.033812594,0.15797284,-0.20087333,-0.16611522,-0.119721934,0.08529354,0.062978,0.22267157,-0.09164267,0.036238417,-0.25402346,-0.066909686,0.189647,0.06812286,0.12049212,0.09643498,0.10159316,-0.015279703,0.21872777,-0.10067556,0.065463126,-0.37076807,0.055927664,-0.10489491,-0.46508765,0.06318583,0.16777702,0.06891153,-0.06488089,-0.040646203,0.19119935,0.18032211,-0.12409261,-0.035738956,-0.02089808,0.24894029,0.40129188,-0.081566975,-0.33566958,0.031282887,0.043337245,-0.11301853,-0.2899142,-0.18148544,-0.1876002,-0.24147354,-0.021870531,0.3602408,0.08119116,0.024727106,-0.0032699816,-0.34602037,0.14209855,0.2808038,0.05756263,-0.2555952,0.13573629,-0.21141939,0.044447288,-0.017329872,0.13318245,0.0124119595,-0.23115551,0.2894647,-0.03306079,-0.11314657,0.04128192,0.0348068,0.1297574,-0.018898377,-0.0023456737,-0.1583199,-0.1616483,0.110519655,-0.13026069,0.16618721,-0.059001558,0.16068736,0.15204708,0.22374494,-0.17737623,-0.124302134,-0.25411928,0.1757957,-0.011027052,0.11614436,-0.055582717,0.051015608,-0.058667336,-0.13418865,-0.17836335,-0.083932124,-0.11808942,0.017909378,0.115198486
1,-0.38352188,0.23480068,0.21624133,-0.14312422,-0.5238171,-0.091389075,-0.5058752,-0.63799757,0.37815583,0.29448378,0.0999069,0.09659554,-0.0020784661,-0.128363,-0.6462957,-0.5040572,0.18240154,0.16661534,-0.120836034,0.15421085,0.27402526,-0.36793628,-0.11983509,-0.34736753,-0.46836126,0.006639626,-0.12525591,0.37407213,0.35723796,-0.03578125,0.27504513,0.24097836,0.37130147,0.2404472,-0.03805647,-0.48580903,-0.35162836,-0.05479458,0.18583569,0.27839193,0.39370698,-0.27971792,-0.11445561,-0.46925288,-0.23729272,0.4026573,-0.094890416,0.23897357,0.03478998,0.28034666,0.20182893,0.42943382,0.10140396,0.12698491,-0.48534438,0.028854057,0.09040463,-0.70149916,-0.079149716,0.27728796,0.15804619,0.061977938,0.19451857,0.28296742,0.39398262,-0.2733705,0.1606316,0.0017808992,0.3759235,0.555186,0.09956513,-0.6250154,0.20908517,-0.16903517,-0.38472328,-0.61298054,-0.041757762,-0.3903055,-0.4028644,0.1207792,0.49842525,-0.05353365,-0.16481449,-0.19945146,-0.6110824,0.292558,0.46536362,0.30364707,-0.27997187,0.29631996,-0.4168327,-0.012144588,-0.1821821,0.3186602,0.23018394,-0.36363444,0.49179304,0.05604547,-0.32169592,-0.13503733,-0.06874199,0.25437868,-0.11220301,0.14714164,-0.062520646,-0.2937649,0.24133712,0.05762621,0.32972908,0.1338025,-0.039672516,-0.056602716,0.5056099,-0.3724487,-0.33553278,-0.412077,0.43262675,0.063327804,0.29281598,-0.26996866,0.037149645,0.05555461,-0.30025142,-0.34286708,0.1332905,-0.25624147,-0.2041893,0.26007137
0,-0.077479795,-0.052814264,0.1725491,-0.100421086,-0.1561783,0.08401777,-0.23914759,-0.097584024,0.06368235,-0.09983918,-0.027415663,-0.04541186,-0.14680664,0.00606608,-0.13220432,-0.18064381,-0.1192798,-0.0010220967,0.03152511,-0.04677611,-0.027626082,-0.07058814,0.18443722,-0.034479342,-0.10483743,0.14454421,0.06594791,-0.09423081,0.08867572,0.16699144,0.07787301,0.018021986,0.005655676,-0.094740376,0.19476321,-0.049022596,-0.03709507,-0.06504509,0.027412742,-0.048385765,0.08078085,0.026584022,0.13124092,-0.10389829,0.037514154,0.010141598,0.15668285,0.036220927,0.13808239,-0.041903254,-0.075205006,0.09257613,-0.13171186,-0.008575298,-0.23296744,0.11647227,-0.09820044,-0.1682514,0.14694324,0.044011474,-0.019730277,-0.0022726655,-0.10688826,0.049727693,0.023042515,0.055716787,-0.12531766,-0.02360831,0.11817352,0.19597545,-0.085028216,-0.07179259,-0.01061449,0.1310735,0.10102077,-0.052437954,-0.20517874,-0.032990746,-0.02979099,-0.051353935,0.13353819,0.14373383,0.09789944,0.08614458,-0.115345895,0.02846808,0.06612991,-0.04406136,-0.18556845,-0.016690917,-0.06384127,0.055114575,0.021601174,-0.06631246,-0.055400666,-0.07143358,0.11592866,0.00030929595,0.022202238,0.116247974,0.028415907,0.025343226,-0.038982935,-0.075467624,-0.12549067,-0.06370212,0.0031349547,-0.2319794,0.0750921,-0.14573652,0.21369469,0.16688113,0.060301613,-0.07387373,-0.02323746,-0.038503006,0.013844181,-0.025375381,-0.02010785,0.09051524,0.024783809,-0.066987954,-0.08767885,0.022911541,-0.12854591,0.008500773,0.13162847,0.012370996
1,-0.59129435,0.47461963,0.21807192,-0.15081112,-0.7535274,-0.20206787,-0.73755014,-0.9802201,0.61924183,0.56541634,0.21152711,0.24244435,0.070704564,-0.21693657,-0.9451549,-0.7576329,0.37484008,0.32506722,-0.22934967,0.27948332,0.48284766,-0.5620643,-0.2969129,-0.57414436,-0.68766594,-0.10211377,-0.21652016,0.6928375,0.51165587,-0.15264165,0.4594204,0.42671394,0.59150195,0.41390106,-0.21299502,-0.7679669,-0.55959654,-0.012933925,0.2800646,0.49872056,0.5875886,-0.48235792,-0.27205345,-0.726959,-0.405616,0.6213227,-0.26337785,0.3939499,-0.0016917288,0.46869427,0.42187116,0.66190827,0.29635143,0.2180603,-0.6576428,0.010702361,0.25374824,-1.0207134,-0.22985351,0.4230199,0.27117202,0.15397693,0.4262918,0.4167957,0.63864577,-0.45252997,0.37591156,0.029339703,0.5352714,0.7731879,0.2424652,-0.963349,0.37852725,-0.39216936,-0.65216446,-0.98757786,0.063583694,-0.618902,-0.6350365,0.25549126,0.6785736,-0.15103918,-0.3659739,-0.40272778,-0.9502235,0.49404466,0.70661134,0.5742078,-0.3719237,0.49453807,-0.64142555,-0.05060962,-0.35693112,0.5432282,0.4722429,-0.51656973,0.7487095,0.12749659,-0.5296496,-0.30740124,-0.15315227,0.38894752,-0.22155596,0.30005363,0.039259866,-0.46432307,0.3706052,0.22722724,0.52426773,0.3137565,-0.1905663,-0.20036948,0.8333741,-0.60666656,-0.55820787,-0.6303997,0.73723394,0.14186446,0.49051917,-0.48156437,0.028792784,0.16652957,-0.4770104,-0.5629249,0.3284269,-0.42325288,-0.431445,0.43944433
1,-0.29988605,0.19528672,0.080199644,-0.07627995,-0.34966138,-0.01309653,-0.43217564,-0.3841476,0.27655795,0.20693365,0.06633925,0.1581907,-0.03388371,-0.11734517,-0.34816304,-0.38650912,0.053798534,0.1451298,-0.111244336,0.10066931,0.1855811,-0.22313923,-0.03593473,-0.21548092,-0.34195134,-0.043282494,-0.008174282,0.2334934,0.18978623,0.007488273,0.29474643,0.25498143,0.21145295,0.12074277,-0.03961072,-0.34565863,-0.23370484,0.023073334,0.12825486,0.18403526,0.25667977,-0.191383,-0.018896941,-0.3276087,-0.14048238,0.22028518,-0.0169283,0.16125807,0.08899995,0.13836385,0.17481738,0.33864847,0.10646673,0.06045379,-0.358222,0.11350385,0.13398747,-0.40583736,-0.005944006,0.17117414,0.0721797,0.17169848,0.16185251,0.13729855,0.2345095,-0.08246812,0.09236468,-0.00064655766,0.26345295,0.3592089,0.12064171,-0.36794585,0.19962972,-0.09358457,-0.16911006,-0.4004316,-0.053550534,-0.27238953,-0.19090162,0.11609581,0.24045345,0.020600034,-0.11416134,-0.11853728,-0.3989186,0.19828624,0.2521994,0.23347789,-0.21679321,0.15585665,-0.2853853,0.01747223,-0.19063151,0.112535834,0.20289178,-0.2020908,0.34374577,0.117647365,-0.18807796,-0.09063255,-0.08890055,0.13455464,-0.17916897,0.09031869,0.017162025,-0.21265131,0.15495235,-0.048588235,0.2757738,0.04983294,-0.004287407,-0.04792913,0.37618467,-0.29328498,-0.26147243,-0.201507,0.32305124,0.069481656,0.1631912,-0.12458756,0.007247582,0.07737747,-0.28152362,-0.12706828,0.10936176,-0.13313691,-0.13235809,0.16414088
1,-0.5468835,0.43441635,0.17300254,-0.12736987,-0.6802169,-0.17215122,-0.675421,-0.8738304,0.5576842,0.5210318,0.18537089,0.24483514,0.06555624,-0.21303561,-0.82976586,-0.6852696,0.32249367,0.2914031,-0.22007938,0.25811046,0.43805295,-0.4971896,-0.26906562,-0.5031835,-0.63532794,-0.11402182,-0.18324745,0.62612873,0.4479992,-0.13977641,0.43883088,0.41063005,0.52734506,0.38183782,-0.20457983,-0.70487016,-0.5077104,0.0026753247,0.2589772,0.4512265,0.5345081,-0.44020772,-0.23516403,-0.65422046,-0.3648043,0.5572673,-0.22944805,0.35142282,0.010160446,0.41613564,0.3928139,0.6170018,0.2769404,0.1882974,-0.59890074,0.027045123,0.25544366,-0.9057835,-0.19581866,0.3746717,0.2377252,0.18267806,0.39611855,0.36100855,0.56852686,-0.3857362,0.33437076,0.024111385,0.48750916,0.6946668,0.23760165,-0.860955,0.35782066,-0.34846878,-0.5803128,-0.8884125,0.059307538,-0.5662585,-0.5460548,0.24112089,0.59242713,-0.13147572,-0.3324979,-0.35912454,-0.8522831,0.4417601,0.6210316,0.52487266,-0.331086,0.43525583,-0.58607525,-0.044158887,-0.3412623,0.46514207,0.43327385,-0.46383825,0.6785731,0.13622656,-0.47952798,-0.28368598,-0.15072411,0.34446242,-0.21973844,0.26726368,0.04234208,-0.4213796,0.34344402,0.19083467,0.4860374,0.27772254,-0.18166888,-0.19385377,0.7604131,-0.5499685,-0.5158799,-0.5490807,0.670726,0.13696809,0.43558308,-0.43158647,0.019432776,0.1617368,-0.44802544,-0.48213091,0.30556318,-0.3704459,-0.39534003,0.39021736
1,-0.4640462,0.33666882,0.1739861,-0.1316997,-0.58999753,-0.122309566,-0.5930066,-0.73661184,0.4640942,0.40753043,0.14075613,0.18274646,0.031601395,-0.1716097,-0.71270627,-0.58940095,0.24251395,0.23310663,-0.17397186,0.20620543,0.35370976,-0.4216657,-0.19135681,-0.41884094,-0.54928803,-0.06440118,-0.14051813,0.49347132,0.39005816,-0.088585675,0.36977148,0.340037,0.43906885,0.3053281,-0.12859285,-0.5886744,-0.42029452,-0.016205646,0.21744579,0.36213014,0.452846,-0.3586666,-0.16397992,-0.55353206,-0.29675683,0.4653776,-0.15879303,0.2904535,0.027008254,0.33704096,0.29940495,0.52024305,0.1971989,0.1534878,-0.5325443,0.04202986,0.18425657,-0.77906734,-0.13417643,0.32312626,0.19073716,0.13908032,0.2989522,0.30788094,0.47111598,-0.31204188,0.24413928,0.012467811,0.42591152,0.6111703,0.17906928,-0.72458625,0.2916761,-0.2538205,-0.46573418,-0.73859704,0.009556107,-0.47442085,-0.45549953,0.18760444,0.519654,-0.087312736,-0.24832016,-0.27415958,-0.716029,0.3606095,0.5251487,0.41418213,-0.3003457,0.35660762,-0.49430314,-0.020524584,-0.26962268,0.3733558,0.3376056,-0.40015417,0.57798404,0.10692987,-0.39183477,-0.21316448,-0.11692229,0.28883335,-0.18147841,0.20785412,0.0051888153,-0.35167724,0.2881432,0.11569363,0.4107912,0.20078519,-0.114424236,-0.1310564,0.62968534,-0.46130046,-0.42541587,-0.4640577,0.5523909,0.101574086,0.35512847,-0.3387552,0.028818704,0.114648685,-0.37981692,-0.38950762,0.2238754,-0.30506998,-0.30091074,0.31879458
1,-0.61035997,0.48385513,0.23221281,-0.16242819,-0.7861965,-0.2174395,-0.7534949,-1.0281489,0.6362668,0.59599495,0.21642643,0.23789327,0.08242096,-0.22367345,-1.0017955,-0.78108746,0.40320054,0.33308226,-0.2395062,0.29458836,0.50687987,-0.5921141,-0.3227756,-0.60000646,-0.7218604,-0.1029516,-0.24088782,0.72760534,0.54397225,-0.16981846,0.4656637,0.4349035,0.6257086,0.44484475,-0.2248992,-0.79827553,-0.587888,-0.023109786,0.29297835,0.52279073,0.6178637,-0.50882834,-0.29292756,-0.7556702,-0.43053338,0.65832275,-0.28608194,0.40861636,-0.015112594,0.49854368,0.4338152,0.684566,0.30597508,0.23083054,-0.6791382,-0.004331122,0.25622326,-1.0736079,-0.24652994,0.4488936,0.28503966,0.14248765,0.4401988,0.44316274,0.67010295,-0.48881263,0.3903241,0.030487964,0.55921555,0.80977154,0.24915276,-1.0165697,0.3874746,-0.4112189,-0.69916517,-1.0322955,0.07253627,-0.6475664,-0.67592764,0.2618879,0.72400004,-0.1699633,-0.3796972,-0.42217588,-0.9906998,0.51466703,0.7502499,0.59382224,-0.37920934,0.52556795,-0.6740965,-0.05628047,-0.36369035,0.58419615,0.48340684,-0.5488149,0.7808647,0.118528485,-0.5601269,-0.32430792,-0.15147926,0.41140327,-0.2129761,0.31783292,0.030961625,-0.48231396,0.39524457,0.25529644,0.5411093,0.3361,-0.20634666,-0.21295378,0.8614047,-0.6221607,-0.5791943,-0.6734359,0.76639575,0.14369707,0.520814,-0.51260185,0.03195215,0.16860391,-0.4872444,-0.59929913,0.34097517,-0.44768095,-0.45847416,0.45619598
1,-0.26054117,0.0910496,0.27513507,-0.17090534,-0.4255438,-0.023890939,-0.42813483,-0.48341596,0.27315488,0.14039397,0.04764285,-0.01854879,-0.081810296,-0.060864475,-0.5600552,-0.4163849,0.08816937,0.08790119,-0.040534623,0.08013362,0.16184522,-0.30158415,-0.0008363873,-0.25842232,-0.34915617,0.119826555,-0.08844404,0.19848321,0.3377561,0.041653797,0.16806409,0.11899745,0.28413302,0.12666234,0.08975427,-0.3195443,-0.2490831,-0.109776005,0.12713426,0.15492325,0.30461773,-0.17793545,-0.025435418,-0.3528942,-0.14493556,0.29349416,0.0014776587,0.17210163,0.066246375,0.18553455,0.06461511,0.31022072,-0.027619623,0.09875788,-0.43417993,0.03870394,-0.04618732,-0.59841585,-0.00058542937,0.23227553,0.1131726,-0.03998068,0.0447386,0.24646865,0.27810034,-0.20727679,0.040848695,-0.015569335,0.31561312,0.49076277,-0.021015618,-0.48002946,0.09843358,-0.03860681,-0.24128023,-0.43813312,-0.13440414,-0.28494227,-0.33549798,0.03232674,0.4497451,0.025749855,-0.046115816,-0.083514765,-0.47378975,0.20898134,0.38268584,0.15328442,-0.27674335,0.21853001,-0.30720502,0.026423648,-0.07709804,0.22984536,0.094784185,-0.3066491,0.38770396,-0.009721677,-0.2069856,-0.029566564,0.004124176,0.1874792,-0.04346726,0.06362895,-0.13416268,-0.22060896,0.17298773,-0.053151775,0.23710397,0.020077579,0.086715914,0.0793569,0.3399074,-0.25973973,-0.21084385,-0.34752598,0.2911016,0.015927661,0.19951484,-0.14855133,0.055564545,-0.021330182,-0.19643591,-0.26673242,-0.004244931,-0.18775049,-0.07700643,0.18076587
1,-0.48329964,0.3628751,0.16221741,-0.12073648,-0.60370207,-0.13470031,-0.6021768,-0.7576717,0.48168114,0.44027293,0.1499278,0.21000126,0.043886017,-0.1893106,-0.72307277,-0.6030292,0.25885782,0.24494518,-0.18958172,0.21891305,0.37308094,-0.4294373,-0.21512485,-0.42878497,-0.56472754,-0.090179205,-0.14857952,0.527674,0.39310452,-0.10596448,0.38733724,0.36140594,0.45369095,0.32609764,-0.15748605,-0.61614597,-0.43974876,-0.001574859,0.22889817,0.38331977,0.46919695,-0.37748802,-0.18568069,-0.5724298,-0.31232995,0.48526704,-0.17689869,0.3010818,0.022851318,0.35508755,0.32872745,0.5455068,0.22289333,0.15739135,-0.5386363,0.035774074,0.21419814,-0.7936566,-0.15058583,0.326151,0.19883698,0.16229087,0.32936618,0.31160024,0.48672608,-0.32367635,0.27032852,0.016399601,0.43477935,0.61764145,0.20038712,-0.7458178,0.31189352,-0.28036493,-0.4930603,-0.767605,0.029526629,-0.49365956,-0.46606892,0.20524207,0.523691,-0.10211771,-0.27170312,-0.29710266,-0.7397802,0.37489438,0.535858,0.4432544,-0.29879713,0.37024784,-0.5114612,-0.032969743,-0.29383424,0.3873486,0.3624298,-0.4090744,0.5942414,0.12027484,-0.41124478,-0.23323375,-0.12844034,0.29736835,-0.19248544,0.22233853,0.020753905,-0.3673982,0.30187187,0.13820632,0.42805067,0.22187474,-0.14007178,-0.15713884,0.6576852,-0.4769791,-0.4484859,-0.47176084,0.5774031,0.11467594,0.36962065,-0.36356607,0.021400973,0.13208175,-0.3957197,-0.40440884,0.2499586,-0.31563964,-0.32827407,0.33269256
0,0.072383344,-0.23464163,0.2485889,-0.12766983,-0.03314385,0.15494137,-0.11556768,0.0930267,-0.07606377,-0.2959193,-0.09317995,-0.19158244,-0.23219597,0.088936955,-0.020936433,-0.050988764,-0.23326665,-0.10892032,0.13131762,-0.14161915,-0.1703132,0.021372076,0.32389623,0.08579447,0.045976333,0.27901694,0.10207218,-0.3120194,0.051468898,0.26149163,-0.07363257,-0.14575377,-0.10747672,-0.22597826,0.35447156,0.15172032,0.08953925,-0.13020468,-0.03847348,-0.20210016,-0.028102346,0.15820402,0.22911148,0.045719255,0.14809045,-0.11582074,0.27530017,-0.051940307,0.16680206,-0.15274428,-0.24757159,-0.060826775,-0.29824963,-0.047890764,-0.16004965,0.109416,-0.26784047,-0.03509997,0.24429688,-0.024676934,-0.07810311,-0.1346317,-0.2945096,0.0055496264,-0.121662684,0.13118316,-0.27200422,-0.04371407,0.037489116,0.10601451,-0.230884,0.111263625,-0.15450488,0.28927946,0.26627973,0.17068662,-0.3110579,0.10682559,0.058893427,-0.16602425,0.08182506,0.22514197,0.24575049,0.22576669,0.06386869,-0.084382385,-0.04082337,-0.23580158,-0.16888013,-0.12007581,0.07569732,0.08625258,0.1624704,-0.1722236,-0.23489225,-0.0028623678,-0.025572449,-0.087483674,0.1603458,0.25030598,0.11774795,-0.050525386,0.06352801,-0.18422216,-0.22809638,0.030390874,-0.07981115,-0.3538276,-0.052360147,-0.27852458,0.36033905,0.32182235,-0.15573905,0.078389846,0.1342435,0.04824482,-0.17865533,-0.0862892,-0.1353238,0.22930725,0.044306025,-0.16707851,0.048961416,0.11228852,-0.29780954,0.094914556,0.29516855,-0.08983888
1,-0.087700516,-0.042206217,0.16561723,-0.09956764,-0.16496092,0.08008382,-0.24958095,-0.11004564,0.07606755,-0.07882356,-0.022837155,-0.034103658,-0.14130998,-0.0022616647,-0.14662638,-0.19199075,-0.10913643,0.0060580596,0.02085967,-0.036773596,-0.0142214745,-0.0782655,0.1693216,-0.04369556,-0.11922591,0.1331197,0.058841217,-0.073573135,0.09863073,0.15550858,0.08979505,0.032320313,0.020258293,-0.0810948,0.17898735,-0.06454256,-0.049765114,-0.059831455,0.032689884,-0.035352103,0.09073753,0.010520626,0.120957546,-0.11642274,0.024954092,0.024298826,0.1446752,0.043410435,0.13348162,-0.030766034,-0.061164938,0.10565141,-0.11565164,-0.0042735524,-0.23864439,0.11445447,-0.0847604,-0.18045492,0.13502152,0.05388944,-0.015651032,0.005538676,-0.09167235,0.05409176,0.0329412,0.04458633,-0.1125232,-0.02271883,0.1287429,0.20526749,-0.072583124,-0.087936014,0.0022208113,0.11883373,0.08354138,-0.071981266,-0.19613102,-0.04817351,-0.04136177,-0.040605895,0.14066108,0.13556698,0.08701298,0.07415642,-0.13208693,0.036218904,0.07661307,-0.028568532,-0.18615128,-0.005745299,-0.074979186,0.053098492,0.00680352,-0.05462502,-0.04155644,-0.08138469,0.1282541,0.0053313896,0.010732017,0.10268454,0.022369247,0.029702568,-0.045750685,-0.064349554,-0.11701842,-0.07270178,0.013999096,-0.21899894,0.087225236,-0.13437559,0.19923338,0.15223074,0.07616043,-0.08353637,-0.038341396,-0.048951343,0.033102296,-0.018428802,-0.009250555,0.077581935,0.025084384,-0.058956623,-0.09684464,0.015913464,-0.11677799,-0.0013413057,0.11193954,0.019368045
1,-0.24066594,0.13687077,0.08749768,-0.067459755,-0.28874177,0.0076300167,-0.36618915,-0.29442346,0.21496345,0.12861043,0.042600952,0.119284675,-0.055797983,-0.0870664,-0.2648081,-0.32175723,0.0062455013,0.110951856,-0.079559416,0.05902821,0.13008296,-0.16954306,0.021452934,-0.1618666,-0.27521223,-0.009271268,0.013190422,0.14500044,0.13952957,0.04892966,0.24038574,0.19730982,0.14179002,0.06050108,0.011554204,-0.262943,-0.17920074,0.016572718,0.10229224,0.12170787,0.20555544,-0.13226435,0.013911803,-0.2639454,-0.09621142,0.15720251,0.024165541,0.12706463,0.09995715,0.08721334,0.11678342,0.26840168,0.05450494,0.039400954,-0.31156617,0.110192366,0.08857727,-0.31751573,0.033692352,0.121692166,0.042204864,0.14042495,0.09902579,0.10502957,0.17231327,-0.03660352,0.040393718,-0.0051622074,0.2130883,0.29451242,0.0801508,-0.27166706,0.14540309,-0.044363413,-0.08961901,-0.29395285,-0.08461462,-0.19653723,-0.13059513,0.07837559,0.1925525,0.046112686,-0.06252834,-0.07193361,-0.31242198,0.14942473,0.18803966,0.16654581,-0.20089273,0.10016151,-0.22110258,0.012076765,-0.14140429,0.0528944,0.13778456,-0.15669233,0.27157554,0.09509723,-0.12900765,-0.037626706,-0.06443967,0.10106754,-0.14564376,0.04555493,-0.014492817,-0.17376664,0.10743412,-0.09200806,0.21895158,0.005305961,0.04807544,-0.007355327,0.2837027,-0.22967932,-0.20016529,-0.13698377,0.23311883,0.050965674,0.111376256,-0.06658189,0.0036697015,0.04616419,-0.23267497,-0.07642395,0.057006262,-0.08705011,-0.06780268,0.11947059
1,-0.27599692,0.1754122,0.074953064,-0.064080305,-0.32078356,-0.008393517,-0.40111002,-0.3430616,0.25124124,0.17977226,0.057998627,0.1515298,-0.03989653,-0.108324066,-0.30465594,-0.35759097,0.034501173,0.13517433,-0.10220061,0.083731785,0.16475616,-0.19757345,-0.017294526,-0.18930334,-0.31253272,-0.040626526,0.0014148466,0.20164792,0.16030304,0.020538688,0.27686608,0.23638067,0.17838167,0.09536637,-0.028444357,-0.31114125,-0.21510196,0.034234375,0.11848022,0.16140534,0.23481083,-0.17006445,-0.010980175,-0.30151004,-0.12581767,0.19233271,-0.0027204603,0.14585857,0.0943698,0.11625754,0.1583108,0.31125587,0.09319044,0.05072162,-0.33211225,0.10902891,0.12669054,-0.36008692,0.0063030645,0.14523123,0.056980677,0.16529937,0.14411628,0.12020774,0.20434538,-0.05913574,0.07629789,-0.0012976881,0.23960939,0.32213104,0.11317007,-0.32159305,0.1841768,-0.07991685,-0.13455616,-0.35365108,-0.059211425,-0.24103469,-0.16101684,0.10475186,0.21238708,0.027128737,-0.09818971,-0.10611078,-0.3616392,0.17934957,0.2202265,0.211593,-0.20714293,0.13150993,-0.25968993,0.008655146,-0.17813474,0.0842067,0.18047781,-0.17796072,0.30989778,0.114555374,-0.16513547,-0.07076513,-0.08236629,0.117086634,-0.1699721,0.07560987,0.01326327,-0.20130402,0.13478267,-0.06313449,0.254847,0.03786114,0.0148695335,-0.04158397,0.33723372,-0.26671296,-0.23870839,-0.1693799,0.28692725,0.06916262,0.14497796,-0.10166029,-0.0005669892,0.07108067,-0.26647803,-0.10184277,0.09562158,-0.11261511,-0.11236644,0.14609003
1,-0.14756306,0.035710502,0.112320036,-0.06592518,-0.20006417,0.03727395,-0.26546195,-0.17044082,0.11559893,0.0064333044,0.0019587167,0.042152952,-0.0893213,-0.04377326,-0.1570419,-0.21187861,-0.062193263,0.045031518,-0.027530165,-0.004902318,0.03951123,-0.09108788,0.09995718,-0.072942935,-0.17319266,0.04980239,0.042215966,0.014906175,0.08212493,0.10994704,0.14180075,0.10260264,0.046517074,-0.020482296,0.09505657,-0.14553727,-0.098216034,-0.0127046555,0.066857316,0.026750993,0.12914658,-0.037262805,0.06595059,-0.16510572,-0.022350948,0.07303755,0.08853853,0.071258575,0.112883344,0.014898139,0.016719922,0.16310243,-0.040790766,0.0027733296,-0.24027514,0.100683905,0.0090528205,-0.20269518,0.09390667,0.05650954,-0.0032652542,0.07644454,-0.004241988,0.06010075,0.08079896,0.02352278,-0.0455707,-0.008829722,0.14515027,0.21071988,0.0079418905,-0.13813372,0.06124673,0.04263401,0.014929758,-0.14283817,-0.13352507,-0.08946759,-0.052978367,0.012374764,0.14227143,0.080772474,0.020322498,0.008648042,-0.17978376,0.06901514,0.09557916,0.050050277,-0.16899925,0.019799188,-0.124097615,0.018242754,-0.055255484,-0.022875294,0.027263254,-0.097572654,0.1637103,0.044532876,-0.042186514,0.043683488,-0.02385674,0.058594964,-0.08152052,-0.025445484,-0.070065066,-0.10668685,0.04762278,-0.14758417,0.13075319,-0.06754238,0.12012606,0.060823165,0.14949667,-0.12738788,-0.10492751,-0.056575462,0.09455248,0.010883355,0.033036884,0.011811122,0.0048983395,-0.01026875,-0.15026002,-0.006585084,-0.03216512,-0.024346065,0.040885016,0.050316013
1,-0.26851127,0.15587668,0.08466098,-0.074154906,-0.31819898,-0.0030690767,-0.38855413,-0.33743823,0.23803093,0.17079657,0.04891271,0.13279773,-0.04020679,-0.10632861,-0.31179658,-0.34141946,0.030969359,0.11690217,-0.09637849,0.08115086,0.15590814,-0.1925827,-0.017223291,-0.17980689,-0.3110909,-0.029992461,-0.0037162863,0.19097279,0.17129388,0.021188289,0.25749,0.22274101,0.18232606,0.102207825,-0.01619137,-0.30729935,-0.20755625,0.014789041,0.118353836,0.1532924,0.23237446,-0.1629166,-0.006026835,-0.2913599,-0.12050398,0.19796094,0.0017145425,0.13868986,0.08798816,0.11837323,0.14122051,0.30468774,0.07595887,0.047517996,-0.33042133,0.10400606,0.11008892,-0.36475983,0.011526324,0.14901292,0.05482257,0.14984152,0.1273461,0.12121691,0.20034927,-0.066403255,0.06369253,-0.0033100434,0.2410467,0.32822797,0.10097936,-0.3227675,0.17116275,-0.064131245,-0.14209777,-0.3479295,-0.065513425,-0.23851594,-0.1635288,0.096178934,0.22530727,0.024227832,-0.08526446,-0.09241527,-0.3499745,0.16461772,0.21933204,0.19198829,-0.19833958,0.12869287,-0.25342184,0.01577872,-0.16227788,0.08871104,0.16172718,-0.18592855,0.3042109,0.099586785,-0.16116466,-0.06655892,-0.0745437,0.12026559,-0.15216765,0.06715404,-0.0039160773,-0.18839881,0.14109954,-0.059538014,0.24481738,0.029668763,0.012132265,-0.0335446,0.32506508,-0.2515877,-0.23122688,-0.17388564,0.27524832,0.057046685,0.1379323,-0.102724284,0.008084651,0.059011284,-0.2510136,-0.10304543,0.08003459,-0.11170463,-0.101536185,0.13687688
1,-0.5725078,0.4675678,0.1962184,-0.13802952,-0.7206844,-0.19096072,-0.72174525,-0.9347209,0.59780455,0.55064756,0.20472023,0.25118592,0.06476575,-0.21596505,-0.891911,-0.7327829,0.3540381,0.32124168,-0.22863919,0.26882407,0.46558955,-0.53549683,-0.2807504,-0.5492652,-0.6614462,-0.110879466,-0.19645953,0.66832757,0.48194882,-0.1437559,0.46018845,0.42692178,0.55898225,0.39025608,-0.21348158,-0.74051297,-0.5390602,-0.0021766052,0.27049127,0.48046497,0.5633156,-0.46567154,-0.256774,-0.69999546,-0.38546875,0.5872181,-0.25218904,0.38210925,0.00836733,0.44152364,0.4157969,0.64316547,0.29512033,0.2046672,-0.6323088,0.023307592,0.2621847,-0.96575296,-0.21654499,0.4022376,0.25548476,0.173065,0.41920516,0.39036477,0.6094304,-0.4195521,0.36294794,0.030690925,0.5143046,0.73828506,0.24358238,-0.9159242,0.37447926,-0.37889808,-0.6133982,-0.9478393,0.061086424,-0.5944757,-0.598324,0.2518416,0.6322198,-0.13688144,-0.35687098,-0.38675532,-0.91094583,0.47782314,0.6688321,0.5604422,-0.36074695,0.4686836,-0.61607397,-0.047122538,-0.35817376,0.5083173,0.46588677,-0.48865834,0.7223483,0.1342301,-0.5046172,-0.29802012,-0.15436664,0.3681425,-0.23063482,0.2887232,0.050830647,-0.45029643,0.3553378,0.2121064,0.51249623,0.2980905,-0.18508118,-0.19733202,0.810638,-0.58943844,-0.5439007,-0.5937822,0.7147146,0.14090438,0.4659953,-0.45719746,0.02138009,0.16869779,-0.47141922,-0.5258617,0.3216025,-0.4009559,-0.41840434,0.4202979
0,0.1517885,-0.3191929,0.26930985,-0.12785771,0.044792242,0.18283355,-0.028359689,0.19929178,-0.1647376,-0.4085204,-0.12866098,-0.25952074,-0.25912988,0.12740347,0.08119382,0.04746118,-0.29477403,-0.16437739,0.17572808,-0.19872399,-0.2496564,0.091002606,0.39904723,0.16056442,0.13635008,0.33309522,0.1342703,-0.42903364,-0.005792804,0.3216607,-0.15740705,-0.22854897,-0.19728313,-0.3020804,0.4334099,0.2511249,0.16381207,-0.16102333,-0.07142276,-0.2863144,-0.09977201,0.25051445,0.28050217,0.13185158,0.21660028,-0.1934939,0.33192787,-0.099562,0.17977265,-0.21919607,-0.33934852,-0.15963215,-0.38423783,-0.082571715,-0.100410424,0.10789316,-0.33872294,0.071319625,0.30251783,-0.081730045,-0.11762503,-0.18793227,-0.3863194,-0.038064115,-0.1979875,0.18873748,-0.3513084,-0.04628332,-0.027380697,0.031305008,-0.29568276,0.22992298,-0.23031367,0.3667007,0.36251318,0.3036243,-0.35516104,0.20823672,0.13135864,-0.22724807,0.035125006,0.25923124,0.31930915,0.30042616,0.18509966,-0.15662578,-0.123779714,-0.33894297,-0.13909756,-0.19528888,0.16561367,0.0936603,0.24310845,-0.2422449,-0.3312332,0.05382757,-0.12238611,-0.1293722,0.23845246,0.32514852,0.15049104,-0.08413161,0.11816939,-0.24861273,-0.28010535,0.093723044,-0.13914645,-0.40662393,-0.13560984,-0.3448302,0.42519972,0.3819726,-0.2692899,0.164067,0.22125013,0.12511984,-0.30538648,-0.12811573,-0.20840247,0.30199647,0.048893414,-0.22117583,0.11903025,0.17726459,-0.37695938,0.1517141,0.39877644,-0.15149814
1,-0.12798978,-0.015460726,0.13280977,-0.08495795,-0.18757823,0.050090943,-0.23278846,-0.14866032,0.08070253,-0.021470062,-0.02513941,-0.0035753883,-0.09067401,-0.035474855,-0.16605374,-0.17291299,-0.07644941,0.0063553415,-0.011953212,-0.014020748,0.013994303,-0.079207346,0.10339846,-0.048681192,-0.16643602,0.0708691,0.036735676,-0.015683241,0.09706502,0.110768974,0.0987026,0.068316385,0.045209363,-0.014199929,0.12727185,-0.12890886,-0.07813743,-0.045949787,0.064316384,0.007443581,0.115460336,-0.019130569,0.08250422,-0.13727507,-0.010691676,0.07683908,0.1055651,0.04888533,0.10051118,0.00938573,-0.028257664,0.13907805,-0.08219874,-0.0077330805,-0.23068029,0.08744427,-0.030407697,-0.19978102,0.10712819,0.063077256,-0.013920121,0.037845742,-0.04556022,0.058781907,0.05981729,0.016027901,-0.07895809,-0.016956301,0.14616531,0.21521714,-0.016189698,-0.12791465,0.03717068,0.0845457,0.011789445,-0.12019298,-0.14888525,-0.08047011,-0.05166862,-0.013774972,0.16224846,0.081211634,0.056137554,0.043266866,-0.1443448,0.035256773,0.0886216,-0.0010497756,-0.14970553,0.009156108,-0.10688712,0.03303662,-0.019162335,-0.020179994,-0.018683419,-0.10850252,0.14489974,0.017074268,-0.030034982,0.061336886,-0.002827454,0.05794621,-0.04488592,-0.038967714,-0.1072063,-0.080134526,0.0582014,-0.15054354,0.103168644,-0.087449186,0.12468563,0.07951615,0.11091803,-0.092876256,-0.078515284,-0.06084566,0.065251894,-0.014709788,0.017145324,0.018472131,0.022234995,-0.03833509,-0.12003073,0.0028664991,-0.0686786,-0.01949637,0.0665701,0.025871046
1,-0.31940642,0.2259248,0.068917006,-0.069921754,-0.36640295,-0.02083299,-0.45963654,-0.4058569,0.3039776,0.23281583,0.07916538,0.18348712,-0.030500289,-0.12152879,-0.3617743,-0.4204212,0.066522904,0.17032959,-0.12179986,0.11394137,0.20864181,-0.23997423,-0.045629576,-0.23994178,-0.36191705,-0.05661684,-0.011551291,0.25964862,0.19102564,-0.0024333298,0.32590333,0.2793381,0.22390805,0.12783283,-0.060859688,-0.36308423,-0.25083002,0.040088963,0.13386917,0.203905,0.27288425,-0.21468103,-0.029756267,-0.34984478,-0.15747456,0.22789827,-0.03137605,0.17785113,0.09157025,0.14790948,0.20438313,0.3615589,0.13587782,0.07114577,-0.37361076,0.12028242,0.15765354,-0.42156342,-0.018753678,0.17811964,0.08218018,0.19498487,0.18848976,0.1450962,0.25378188,-0.08717722,0.114255466,0.000387555,0.27335402,0.36893556,0.13952507,-0.38926733,0.21990871,-0.11953567,-0.17754771,-0.42744893,-0.04388565,-0.29164484,-0.2001885,0.1354279,0.23820172,0.017638022,-0.13653097,-0.14271681,-0.43232733,0.22368222,0.2698832,0.26774415,-0.23199019,0.17163001,-0.30632243,0.010760374,-0.21626532,0.120040044,0.23572747,-0.20733467,0.36765352,0.13730362,-0.20370768,-0.10826821,-0.099971026,0.13874266,-0.20252727,0.10693792,0.037974663,-0.23311612,0.15758479,-0.04378046,0.29911822,0.0667509,-0.011540994,-0.062271856,0.40474898,-0.3203018,-0.28359917,-0.21092018,0.35366586,0.08612807,0.18230417,-0.13321404,-0.00020428747,0.09676486,-0.30487993,-0.13951066,0.1353958,-0.14263712,-0.15851568,0.18218362
1,0.0212182,-0.16812842,0.19406085,-0.095356055,-0.05678519,0.119895235,-0.117323026,0.046811946,-0.05204081,-0.22808126,-0.07458453,-0.12612124,-0.17698866,0.04794834,-0.008239262,-0.052630577,-0.1963287,-0.07799994,0.08469415,-0.1164807,-0.12950052,0.02196604,0.26793987,0.06696818,0.005614519,0.20094079,0.09702076,-0.23908094,0.023770072,0.22973856,-0.032288503,-0.084973805,-0.09827909,-0.17860809,0.2848993,0.07939041,0.053056613,-0.09389786,-0.0117008835,-0.153356,-0.005008742,0.13092592,0.18344665,0.0051779486,0.11493836,-0.07955349,0.22611775,-0.029400032,0.14648308,-0.116773054,-0.18627492,-0.02581082,-0.23491216,-0.049529105,-0.15139696,0.09979185,-0.1841512,-0.033930164,0.2140697,-0.029122341,-0.07287878,-0.06991504,-0.21906969,-0.0016473327,-0.08198698,0.119689375,-0.21749306,-0.03189466,0.040510356,0.09918092,-0.15879203,0.07934541,-0.104374014,0.22691573,0.21158154,0.11910292,-0.25499356,0.088407695,0.059056774,-0.122890785,0.07411423,0.17859414,0.19264823,0.17415194,0.038610037,-0.0674859,-0.040121205,-0.17286298,-0.14417118,-0.10705596,0.04438824,0.05347561,0.11410283,-0.1522229,-0.18054709,-0.00792513,-0.008499605,-0.054465406,0.11919657,0.20361593,0.075531244,-0.022498399,0.035579048,-0.15461014,-0.1909372,0.010784116,-0.058204047,-0.29001755,-0.027052067,-0.22333412,0.28665337,0.23432222,-0.09688298,0.04351887,0.08117105,0.057949867,-0.13906662,-0.068227805,-0.11140838,0.17325774,0.028796092,-0.12826417,0.0055913106,0.10434461,-0.22823077,0.07951241,0.24371682,-0.06891398
0,-0.02905026,-0.10851513,0.17080514,-0.08184411,-0.09416065,0.09153043,-0.15231194,-0.010711895,-0.0066318326,-0.17686978,-0.052464224,-0.07804054,-0.15020108,0.02607869,-0.03720912,-0.08944566,-0.16478544,-0.04354471,0.05802371,-0.089937456,-0.0871523,-0.0053938925,0.22651096,0.032059133,-0.038218617,0.1567882,0.08729836,-0.17634551,0.023676869,0.202214,0.014192938,-0.03763873,-0.070070975,-0.14263812,0.23820883,0.015573997,0.01823198,-0.06622987,0.010328546,-0.10343821,0.025873747,0.09383657,0.15483102,-0.037319418,0.080741405,-0.043582007,0.1955005,-0.0053665824,0.1385687,-0.08800131,-0.13097768,0.02143702,-0.18313852,-0.038335066,-0.17405108,0.10193957,-0.13107917,-0.06961523,0.18745786,-0.01349169,-0.05665969,-0.026296288,-0.16129848,0.010872034,-0.04111274,0.102625184,-0.17247766,-0.0272492,0.06303221,0.12077251,-0.10893121,0.028743647,-0.06029488,0.17651659,0.1689224,0.052396387,-0.21892776,0.045827024,0.041484475,-0.088584445,0.08396194,0.14989942,0.14598015,0.13040465,-0.012729522,-0.032862946,-0.0123566985,-0.11423223,-0.14685994,-0.08237147,0.0012565814,0.043947354,0.07465363,-0.1230118,-0.12468876,-0.021219525,0.03134077,-0.019242223,0.0757236,0.1677457,0.04261335,0.00044688955,0.00012558547,-0.12318686,-0.15532088,-0.019028522,-0.03620576,-0.25764543,0.0099261515,-0.18015614,0.24558768,0.1867345,-0.029637787,-0.005024217,0.035290908,0.040146887,-0.08435631,-0.050498117,-0.073244035,0.13495903,0.019102499,-0.0956831,-0.042654846,0.081054404,-0.17163342,0.057126075,0.2021449,-0.036290195
1,-0.7653869,0.6542363,0.2397144,-0.17098509,-0.9607924,-0.29532185,-0.9219959,-1.2842197,0.81659263,0.792376,0.2962897,0.34118915,0.13518588,-0.2903555,-1.2305936,-0.9739982,0.5434165,0.44218385,-0.31469136,0.39091414,0.6600652,-0.7413633,-0.45467144,-0.7655182,-0.88800156,-0.17610312,-0.31145346,0.95969355,0.664731,-0.2592268,0.5963968,0.56467336,0.79713535,0.5778302,-0.3490678,-1.0073231,-0.7403018,0.003244646,0.36307514,0.6840891,0.7643549,-0.65831345,-0.40540934,-0.94580424,-0.5560362,0.8253324,-0.40509257,0.5193839,-0.042786233,0.6412532,0.59275246,0.8600503,0.44416958,0.30151254,-0.81287473,-0.019466065,0.36669898,-1.3211712,-0.35583287,0.5584417,0.3750044,0.20477033,0.6058619,0.5458414,0.85245645,-0.6265079,0.54794425,0.046457745,0.68077964,0.9753921,0.34623995,-1.2751616,0.51053476,-0.5720891,-0.90424883,-1.3098246,0.14893359,-0.8225997,-0.84835714,0.3592943,0.86696196,-0.24211085,-0.5243332,-0.5714925,-1.2474365,0.66354704,0.93411106,0.78929967,-0.44694948,0.6765302,-0.84337884,-0.083185814,-0.48823395,0.75193363,0.65522075,-0.66805875,0.97229797,0.1719966,-0.7181779,-0.45141876,-0.2099799,0.51146054,-0.2881022,0.43041554,0.09810218,-0.6085017,0.49274215,0.37297797,0.6831337,0.46770385,-0.314375,-0.31239164,1.1001723,-0.7941451,-0.73960704,-0.8396939,0.99012643,0.20194188,0.6681221,-0.6712438,0.029018506,0.24935238,-0.61289024,-0.76915747,0.48299092,-0.5754551,-0.62550396,0.59158343
0,0.11614041,-0.28059483,0.25174698,-0.12056509,0.019019082,0.16891284,-0.048817128,0.16060664,-0.13859156,-0.36869997,-0.11518698,-0.22813448,-0.23646015,0.10960396,0.0623069,0.024136744,-0.27339712,-0.14275314,0.15483338,-0.17801064,-0.22263668,0.07466078,0.37056223,0.13868102,0.106461525,0.30256194,0.1308273,-0.38482338,-0.0022539832,0.3025573,-0.12582673,-0.19489369,-0.1756632,-0.2736082,0.40017852,0.2078792,0.13924053,-0.14680405,-0.05835273,-0.25677124,-0.07959052,0.22580707,0.26061985,0.10057375,0.1955515,-0.16864556,0.3089913,-0.08269587,0.17271407,-0.19574031,-0.30266464,-0.12811325,-0.35010254,-0.076800466,-0.114266664,0.10965135,-0.30250248,0.048355673,0.28578016,-0.0703086,-0.10512028,-0.15694715,-0.34648916,-0.031367652,-0.16805437,0.17558597,-0.32030725,-0.04451015,-0.014797233,0.04681334,-0.26261073,0.19296578,-0.19965714,0.33535197,0.327399,0.26050594,-0.33096954,0.18235785,0.118055835,-0.20210157,0.04285754,0.24317545,0.28998104,0.27198866,0.15113637,-0.13663626,-0.10570117,-0.29973793,-0.14104977,-0.1766855,0.13695773,0.08542811,0.21597514,-0.22472362,-0.29402965,0.042723484,-0.09832889,-0.10965714,0.20958361,0.29793575,0.13203488,-0.06770879,0.09712768,-0.22825217,-0.2597217,0.07543466,-0.123627506,-0.38228002,-0.113158606,-0.31645885,0.39348495,0.34758162,-0.22672257,0.13184601,0.19015224,0.11262803,-0.2692449,-0.11590682,-0.18828577,0.27342072,0.04548449,-0.19963902,0.08977373,0.16139518,-0.3413373,0.13472672,0.3677227,-0.13000235
0,-0.051613152,-0.077369854,0.14960654,-0.07252309,-0.1077874,0.0776287,-0.16057838,-0.039185755,0.0074062757,-0.14255968,-0.043497942,-0.05179215,-0.12818648,0.009758029,-0.04227328,-0.09701788,-0.14479008,-0.026960973,0.0363532,-0.07592503,-0.065545686,-0.010967024,0.20091555,0.018251128,-0.06065234,0.12788638,0.08296242,-0.13991784,0.019432738,0.18826483,0.035033997,-0.008621633,-0.061289504,-0.11766693,0.20707563,-0.016555157,-0.0013405755,-0.053821936,0.021479879,-0.08024927,0.039049663,0.076802246,0.13548137,-0.058734808,0.06598002,-0.024645163,0.17230403,0.008740142,0.13026294,-0.06956579,-0.1047551,0.040650725,-0.15632528,-0.036463954,-0.17373103,0.09956726,-0.09655167,-0.079636395,0.17140073,-0.00988248,-0.049361344,-0.00014315918,-0.12687929,0.0119508,-0.019438557,0.09233084,-0.14919597,-0.02049662,0.07055839,0.12687033,-0.08140811,0.006667152,-0.037902996,0.15026997,0.13933778,0.023677422,-0.19717282,0.033078164,0.033333436,-0.07028827,0.08835677,0.13325253,0.12233612,0.10828073,-0.03140539,-0.019731432,-0.003181368,-0.083387166,-0.14106578,-0.072016634,-0.015559172,0.032419957,0.051891603,-0.108378,-0.098588735,-0.030505553,0.046476573,-0.007801369,0.05464538,0.14406627,0.027636398,0.011717608,-0.012059102,-0.106274344,-0.14125083,-0.029547505,-0.023953054,-0.2291021,0.024638467,-0.15683168,0.2133199,0.15217876,-0.0011186376,-0.025028944,0.0108543,0.034251936,-0.05929102,-0.04166627,-0.060791746,0.10750255,0.015245624,-0.081358835,-0.059959672,0.07249589,-0.14179924,0.0465327,0.17422843,-0.023981713
1,-0.48214313,0.3614879,0.16301182,-0.12117474,-0.602707,-0.13443401,-0.60234976,-0.75643575,0.48066393,0.43900645,0.1499123,0.20868295,0.042732622,-0.18876855,-0.722863,-0.6020727,0.25864694,0.24515982,-0.18931478,0.21792746,0.3714954,-0.42904934,-0.21361303,-0.42855215,-0.5631073,-0.08904303,-0.14773577,0.5261265,0.39327556,-0.104745775,0.38657734,0.3599586,0.45292538,0.3239628,-0.15624943,-0.61435175,-0.43932855,-0.0030478984,0.22871307,0.3824899,0.46788797,-0.37598157,-0.18486364,-0.5716165,-0.31091973,0.48306447,-0.17653629,0.30146998,0.02341272,0.35356107,0.32670993,0.5430884,0.22198632,0.15690516,-0.53828096,0.035802588,0.21280923,-0.79240847,-0.1491518,0.3261767,0.19777793,0.16099133,0.32758668,0.31143478,0.48604277,-0.3230986,0.2690205,0.016468475,0.43478534,0.61707914,0.19914006,-0.744135,0.31071833,-0.27913392,-0.4908033,-0.76580375,0.028663896,-0.49184555,-0.4657377,0.20366888,0.5231254,-0.10144148,-0.27084184,-0.29596505,-0.738426,0.37440896,0.5356069,0.44175875,-0.2989363,0.36940986,-0.5100459,-0.031899918,-0.29346842,0.3874535,0.3614908,-0.40869713,0.593679,0.11901751,-0.4094097,-0.23207647,-0.12765385,0.2973021,-0.19171509,0.22122017,0.020453572,-0.3668658,0.30109772,0.13771129,0.4269892,0.22102499,-0.1385496,-0.15550706,0.6572195,-0.47606584,-0.44737545,-0.47122803,0.57606375,0.11334987,0.3692448,-0.36207783,0.021591902,0.13117988,-0.39493546,-0.4035968,0.2476098,-0.31521073,-0.3266356,0.33188727
1,-0.50573695,0.39158913,0.19261745,-0.13266958,-0.64394,-0.15551285,-0.64384854,-0.8210424,0.5195863,0.46368963,0.16968104,0.20757034,0.042766746,-0.18771277,-0.7898385,-0.6469446,0.29173434,0.27140743,-0.19479647,0.22657973,0.39817733,-0.46801755,-0.22433338,-0.4747709,-0.5888225,-0.08010241,-0.16558811,0.5660668,0.42773202,-0.1057896,0.40027112,0.36900103,0.48481447,0.33337554,-0.15921706,-0.64944464,-0.4712391,-0.01136481,0.23983556,0.4089647,0.4979115,-0.39847428,-0.20875569,-0.61716914,-0.3321954,0.51636976,-0.19926289,0.33163932,0.019665785,0.38125068,0.34516025,0.5660869,0.23375165,0.1741107,-0.57351834,0.027308382,0.21301311,-0.8577017,-0.16940606,0.3523767,0.21679652,0.14486724,0.34728572,0.3445891,0.5292095,-0.3604786,0.29572758,0.022920141,0.46025142,0.6636512,0.20179892,-0.80182314,0.32080972,-0.3082813,-0.5260182,-0.8251026,0.028517447,-0.51741034,-0.5210887,0.21010569,0.5710609,-0.10735934,-0.2928992,-0.3227753,-0.79778063,0.40989405,0.58618474,0.4739777,-0.329098,0.40186816,-0.5401321,-0.038100906,-0.30291948,0.43326104,0.3882848,-0.43626872,0.63574976,0.11228016,-0.43608835,-0.24310511,-0.12929074,0.32389823,-0.19599263,0.23913655,0.019769907,-0.39556846,0.31163216,0.16065654,0.44890788,0.24122581,-0.13827014,-0.15583381,0.70269126,-0.51259613,-0.47264874,-0.5182061,0.61482394,0.116772205,0.400115,-0.38922414,0.024010368,0.13301186,-0.41520357,-0.45212063,0.260674,-0.34562194,-0.34530103,0.36104637
0,-0.02096779,-0.12306172,0.21664323,-0.12436034,-0.11985961,0.11726011,-0.21549799,-0.037388742,0.0229556,-0.17336488,-0.05017317,-0.10906322,-0.19262253,0.04226244,-0.115116894,-0.15374133,-0.1599541,-0.03808017,0.07393415,-0.079914875,-0.077574044,-0.05221705,0.24318886,-0.0029663965,-0.053474814,0.2121524,0.07777868,-0.17559963,0.09658812,0.20447819,0.026753537,-0.044268012,-0.023134358,-0.14706825,0.26421988,0.026259128,0.0074500516,-0.10014249,3.4268945e-05,-0.10361176,0.04538415,0.07056494,0.17501974,-0.054944355,0.07892789,-0.03384745,0.20424399,0.008555006,0.15405765,-0.08216817,-0.14416924,0.04151443,-0.19805619,-0.01610624,-0.22343308,0.12212161,-0.17565978,-0.14194837,0.18261448,0.03432347,-0.034326565,-0.06263265,-0.1825294,0.044079527,-0.025008418,0.07679549,-0.18340698,-0.033279948,0.100134574,0.18330818,-0.1532664,-0.018976137,-0.066041596,0.1948144,0.16306831,0.01689162,-0.25607824,0.006427869,-0.014196679,-0.097646944,0.12733369,0.18590829,0.15556982,0.14205039,-0.065330625,-0.0031717308,0.044289812,-0.11535154,-0.19401282,-0.044643834,-0.017569814,0.0801192,0.07448328,-0.096884646,-0.119384654,-0.05488356,0.07964672,-0.034676135,0.073040314,0.16764021,0.0682621,-0.0028131604,-0.003806585,-0.11283385,-0.16568257,-0.03325209,-0.025502399,-0.28965598,0.03533344,-0.20303214,0.28154245,0.2448086,-0.011085417,-0.027435236,0.0362192,-0.024467349,-0.044130106,-0.050709527,-0.057507098,0.14624116,0.038621128,-0.10835937,-0.037162475,0.045543596,-0.1998605,0.03376784,0.1915165,-0.01967993
0,-0.06764504,-0.056823302,0.14469396,-0.07310889,-0.12751313,0.07080528,-0.18561421,-0.06412735,0.031713624,-0.10698777,-0.033192944,-0.03221387,-0.12566218,-0.00056513026,-0.07266259,-0.12505636,-0.12521735,-0.012241051,0.022829425,-0.060603857,-0.04188065,-0.031534612,0.17727214,-0.0021351948,-0.08511333,0.112354696,0.07061547,-0.10605149,0.04029264,0.16701989,0.058032133,0.014450602,-0.031718656,-0.09579164,0.1805586,-0.04076728,-0.024321351,-0.04343732,0.031208511,-0.058693036,0.061850287,0.046013895,0.11813795,-0.08126116,0.041961346,-0.0013320241,0.15146983,0.022177393,0.12781358,-0.049948182,-0.07707195,0.069104224,-0.13021217,-0.025228608,-0.18972045,0.09825854,-0.07383385,-0.111146614,0.15228799,0.008335374,-0.03972148,0.012623996,-0.10203555,0.025453525,0.0019517392,0.07473267,-0.12500587,-0.017206019,0.089893855,0.148303,-0.06192338,-0.026790142,-0.015549249,0.12694977,0.11039734,-0.013701556,-0.18539426,0.0022104308,0.009585261,-0.050976202,0.10315957,0.12067083,0.09886545,0.08611938,-0.06784135,0.001359351,0.022437282,-0.054938655,-0.15013005,-0.047821388,-0.041809607,0.02970431,0.026001338,-0.08936918,-0.07127406,-0.047435954,0.07542514,0.0006109774,0.034033705,0.120803386,0.016199648,0.020837925,-0.027098866,-0.088075094,-0.12559667,-0.049342014,-0.005266197,-0.20948017,0.05235666,-0.13783967,0.1942755,0.13421416,0.032876026,-0.04363443,-0.017290384,0.007996798,-0.02355554,-0.026676934,-0.036019858,0.08724636,0.01219631,-0.065008536,-0.07881898,0.052174136,-0.11952247,0.029212281,0.14092368,-0.008752983
1,-0.4959235,0.36494735,0.23809566,-0.1538673,-0.65959156,-0.16008352,-0.63175845,-0.8422253,0.5105005,0.43342143,0.16355106,0.15946397,0.03661489,-0.16909584,-0.82730156,-0.64570874,0.29225832,0.25315022,-0.17514142,0.21983665,0.38759366,-0.48337212,-0.20942783,-0.47862518,-0.5870162,-0.036592614,-0.18203548,0.54469454,0.44704768,-0.08933975,0.3677853,0.3281896,0.491198,0.33135888,-0.11944013,-0.6408444,-0.46886173,-0.042135507,0.23609486,0.3965277,0.5049554,-0.38723892,-0.20396014,-0.6154722,-0.32915035,0.52745575,-0.1864439,0.32793018,0.013197012,0.38762206,0.31503922,0.5514157,0.19554412,0.18063007,-0.5861401,0.012473346,0.1644103,-0.89054644,-0.15830845,0.35801148,0.22504383,0.09312469,0.31278795,0.3683295,0.535176,-0.3806582,0.27409214,0.016692998,0.46306887,0.6849367,0.16440813,-0.8212462,0.28950387,-0.29109663,-0.5345132,-0.8219072,0.009960376,-0.51092625,-0.5424669,0.18484221,0.6151672,-0.105897196,-0.27114472,-0.31080693,-0.8057501,0.40829712,0.6104,0.44899744,-0.33818886,0.40715128,-0.5430803,-0.036205053,-0.26320803,0.4528346,0.35487497,-0.45141655,0.63405186,0.084660515,-0.43857262,-0.21919379,-0.1079943,0.33648783,-0.16069408,0.2266399,-0.021350183,-0.38903162,0.3085203,0.1501928,0.42907336,0.23146111,-0.10959128,-0.12379365,0.68489,-0.50246346,-0.45232826,-0.5422921,0.59244883,0.10122238,0.40632212,-0.38711813,0.03270436,0.10694961,-0.39216343,-0.47749177,0.23104164,-0.35000843,-0.3183329,0.36154518
0,-0.0905273,-0.037488382,0.12779029,-0.06411504,-0.14222422,0.059541885,-0.19010179,-0.082984924,0.044607576,-0.07160162,-0.031096805,-0.008196335,-0.10614626,-0.02181438,-0.08814943,-0.13167468,-0.11192408,-0.005676545,0.003875088,-0.04459043,-0.022875525,-0.03638863,0.14535466,-0.0066502914,-0.108374014,0.080640405,0.062239915,-0.071618274,0.045151982,0.14288744,0.074122585,0.038012065,-0.014070652,-0.06773274,0.1496797,-0.07224997,-0.043572493,-0.030509613,0.044191696,-0.033271216,0.075745106,0.025350146,0.09949096,-0.09786214,0.02376363,0.021831112,0.13483348,0.026198227,0.11696692,-0.030359047,-0.052833285,0.096472345,-0.104902975,-0.024648756,-0.1930376,0.09030741,-0.043985106,-0.12285818,0.13466983,0.015932001,-0.033866603,0.03472112,-0.07302631,0.026768418,0.013474733,0.06040643,-0.102088414,-0.016806467,0.100959405,0.15399966,-0.03633726,-0.04926008,0.008813443,0.10475603,0.07734157,-0.043417968,-0.16121876,-0.022593938,0.00074361265,-0.033349566,0.108492136,0.10263898,0.07972817,0.064829186,-0.08430101,0.00746914,0.031457268,-0.03164455,-0.1394524,-0.03572581,-0.059920903,0.021241061,0.0027171895,-0.07325133,-0.050396875,-0.059356224,0.087817475,0.016580079,0.0124971345,0.09799435,0.0059419465,0.03026849,-0.03539177,-0.070879705,-0.10971303,-0.062080808,0.015812993,-0.1841941,0.06713687,-0.114268675,0.16262639,0.101499595,0.055000316,-0.05599817,-0.03818974,0.0013849139,0.0044536293,-0.017063085,-0.021501634,0.06077467,0.009955302,-0.04883016,-0.09481119,0.04334541,-0.0921673,0.016383056,0.108980805,0.00041086972
