label,dim0,dim1,dim2,dim3,dim4,dim5,dim6,dim7,dim8,dim9,dim10,dim11,dim12,dim13,dim14,dim15,dim16,dim17,dim18,dim19,dim20,dim21,dim22,dim23,dim24,dim25,dim26,dim27,dim28,dim29,dim30,dim31,dim32,dim33,dim34,dim35,dim36,dim37,dim38,dim39,dim40,dim41,dim42,dim43,dim44,dim45,dim46,dim47,dim48,dim49,dim50,dim51,dim52,dim53,dim54,dim55,dim56,dim57,dim58,dim59,dim60,dim61,dim62,dim63
1,0.43180254101753235,0.45832735300064087,0.42674997448921204,0.7676229476928711,0.43507519364356995,0.39151567220687866,0.35338377952575684,0.32360851764678955,0.6504732370376587,0.4345575273036957,0.5068323016166687,0.6577951908111572,0.3537554442882538,0.39014700055122375,0.31324779987335205,0.3365113139152527,0.47871100902557373,0.24019289016723633,0.7461479902267456,0.5301172733306885,0.637562096118927,0.3656253218650818,0.3714617192745209,0.47241586446762085,0.1353132426738739,0.24244825541973114,0.7100627422332764,0.3659409284591675,0.2119424045085907,0.669819176197052,0.8260328769683838,0.6418434381484985,0.2098880559206009,0.6575008034706116,0.7069699168205261,0.7214250564575195,0.4839704930782318,0.38523200154304504,0.3992357850074768,0.5461577773094177,0.8040265440940857,0.6375418305397034,0.34906089305877686,0.8884089589118958,0.536245584487915,0.49712398648262024,0.7592172622680664,0.4739597737789154,0.39397674798965454,0.9513667225837708,0.7406129837036133,0.43363577127456665,0.7320191264152527,0.5075843334197998,0.6025310158729553,0.9596301317214966,0.526639997959137,0.5992929339408875,0.6716188788414001,0.681868314743042,0.45349252223968506,0.5738738775253296,0.28158050775527954,0.6414549946784973
0,0.21117936074733734,0.6509383916854858,0.7428738474845886,0.17798258364200592,0.4301307797431946,0.534363329410553,0.0,0.802869439125061,0.0,0.8634161353111267,0.34424829483032227,0.40104836225509644,0.015171784907579422,0.10311750322580338,0.37775999307632446,0.017040828242897987,0.3668440580368042,0.0,0.7336515784263611,0.0,0.07631032168865204,0.5548290610313416,0.8271496295928955,0.0057009137235581875,0.12890122830867767,0.39109939336776733,0.0,0.13457344472408295,0.060705676674842834,0.15796221792697906,0.036821141839027405,0.12650331854820251,0.16676166653633118,0.0,0.5129702091217041,0.0,0.2663004696369171,0.36476579308509827,0.42421409487724304,0.5869487524032593,0.0,0.0,0.7623869180679321,0.11939270049333572,0.27750861644744873,0.413601815700531,0.11540526896715164,0.0,0.07899259775876999,0.028874961659312248,0.689361035823822,0.03838829696178436,0.1907671093940735,0.1923169195652008,0.0,0.041982851922512054,0.6065159440040588,0.3346521556377411,0.0,0.2443889081478119,0.0,0.504297137260437,0.4349258542060852,0.7861667275428772
1,0.11022938042879105,0.10960765928030014,0.10916263610124588,0.49671950936317444,0.12787985801696777,0.17910298705101013,0.004538830369710922,0.13162748515605927,0.10148277878761292,1.2116940021514893,0.577512264251709,0.04292302951216698,0.20889520645141602,0.5534245371818542,0.005005612503737211,0.08100595325231552,0.09241946786642075,0.18632261455059052,1.0075533390045166,0.09052372723817825,0.04896211624145508,0.11722549051046371,0.11272281408309937,0.1523277908563614,0.3185390830039978,0.04814483970403671,0.19566597044467926,0.14404046535491943,0.27542388439178467,0.5394750833511353,0.20203053951263428,0.34133705496788025,0.3333597481250763,0.04942462593317032,0.5358625054359436,0.04369093105196953,0.25177496671676636,0.12117381393909454,0.06080561503767967,0.00626808125525713,0.12729869782924652,0.13388915359973907,0.09303151071071625,0.2603583335876465,0.6059544682502747,0.08884648233652115,0.2795654833316803,0.06380212306976318,0.07372897863388062,0.13342700898647308,0.23403038084506989,0.08959588408470154,0.27574077248573303,0.33364802598953247,0.2072734385728836,0.3263259530067444,1.0898408889770508,0.420762836933136,0.016629595309495926,0.7307473421096802,0.2880655527114868,0.8551995158195496,0.05724480003118515,0.07210968434810638
1,0.35224273800849915,0.0,0.04394310712814331,0.8881517648696899,0.009950379841029644,0.0,0.31197288632392883,0.0,0.9401495456695557,1.0647571086883545,0.6205894947052002,0.07236459106206894,0.5743935108184814,0.3715355694293976,0.0,0.554922342300415,0.037499453872442245,0.20175720751285553,1.1684678792953491,0.4987071752548218,0.8199594616889954,0.0,0.0,0.7539346814155579,0.2711564898490906,0.04394190013408661,1.050218105316162,0.5569593906402588,0.29165151715278625,0.8746669888496399,1.165336012840271,0.7690063714981079,0.4396331012248993,0.5882377028465271,1.1758291721343994,0.6856828927993774,0.7592154145240784,0.050780002027750015,0.07518459111452103,0.0,0.9639526009559631,0.5838627815246582,0.0,1.0828841924667358,1.1067475080490112,0.22683562338352203,0.953468382358551,0.5412186980247498,0.45113083720207214,0.9275184273719788,0.6679208278656006,0.9341075420379639,0.851837158203125,0.18082822859287262,0.6820144057273865,1.1010947227478027,0.7609673142433167,1.0629942417144775,0.8502247333526611,1.1852595806121826,0.5212843418121338,0.892671525478363,0.0,0.02869384177029133
0,0.16392149031162262,0.42754900455474854,0.14080263674259186,0.02669556252658367,0.39111635088920593,0.494972288608551,0.5526301264762878,0.6114239692687988,0.1981094926595688,1.2943565845489502,0.47625863552093506,0.2922181785106659,0.0,0.0,0.2732100784778595,0.12168530374765396,0.22281119227409363,0.0,1.0214051008224487,0.0,0.12986880540847778,0.24992617964744568,0.5178813934326172,0.571582555770874,0.8784647583961487,0.2880896329879761,0.0,0.6839601993560791,0.46563366055488586,0.10166820883750916,0.0,0.302349328994751,0.36054903268814087,0.0,1.1417145729064941,0.0,0.15726862847805023,0.4832337498664856,0.024172447621822357,0.30070289969444275,0.0,0.0,1.117552399635315,0.0,0.5522328019142151,0.3078225255012512,0.0,0.061482906341552734,0.6307891011238098,0.0,0.08589702099561691,0.0,0.05461782589554787,0.7205630540847778,0.0,0.14880988001823425,1.1512928009033203,0.7924740314483643,0.5820996761322021,0.3597845733165741,0.0,0.7070003747940063,0.44336220622062683,0.6256936192512512
0,1.1884303092956543,1.5011963844299316,0.8938843011856079,0.0,1.2526750564575195,1.772071123123169,0.0,1.8737282752990723,0.0,0.21892209351062775,0.1952826976776123,1.199869990348816,0.0,0.10519011318683624,1.2543123960494995,0.0,1.1551005840301514,0.0,0.11779133975505829,0.013318688608705997,0.0,1.1884615421295166,1.9695285558700562,0.0,0.0,1.167870283126831,0.0,0.0,0.0,0.0,0.0,0.0,0.04893428459763527,0.0,0.0,0.0,0.0,1.7370140552520752,0.488305002450943,0.9673528075218201,0.0,0.0,1.101271152496338,0.004093194380402565,0.0006501874304376543,0.8874195218086243,0.0031983607914298773,0.0,0.0,0.0,0.16629168391227722,0.0,0.0,1.634314775466919,0.0,0.0,0.3391401171684265,0.013726628385484219,0.0,0.12549422681331635,0.0,0.2815835773944855,1.1970114707946777,1.5190259218215942
1,0.06777510792016983,0.0,0.005455600563436747,0.9787041544914246,0.0025353028904646635,0.00786393228918314,0.23457923531532288,0.01982061192393303,0.5321222543716431,0.8191511631011963,0.7229350209236145,0.05434423312544823,0.5936048030853271,0.7010411024093628,0.0,0.423244833946228,0.05652919411659241,0.26775839924812317,1.2224773168563843,0.3530411124229431,0.5934533476829529,0.0,0.011885997839272022,0.525096595287323,0.25036969780921936,0.039912253618240356,0.6837993860244751,0.45821982622146606,0.34768733382225037,0.91659015417099,0.8623406291007996,0.6807863116264343,0.3903069496154785,0.4566221833229065,0.9039980173110962,0.5400506854057312,0.6740548610687256,0.0,0.014998534694314003,0.0,0.7437111735343933,0.5944881439208984,0.012625583447515965,1.0023609399795532,0.8504648804664612,0.004538982640951872,0.7422095537185669,0.37014004588127136,0.38061344623565674,0.7664713859558105,0.5318363308906555,0.33208808302879333,0.769664466381073,0.3147929012775421,0.700136125087738,0.9872997403144836,0.8843643069267273,0.7623826861381531,0.5906818509101868,1.0483185052871704,0.5731396675109863,0.8911298513412476,0.0,0.03731117025017738
1,0.26402997970581055,0.2475126087665558,0.197586789727211,0.6722352504730225,0.23655454814434052,0.26325103640556335,0.0,0.2732386887073517,0.14160354435443878,0.8607099652290344,0.4232929050922394,0.1510435789823532,0.22611556947231293,0.7352297902107239,0.05615030229091644,0.14761966466903687,0.12698274850845337,0.3188358545303345,0.8094407320022583,0.19802188873291016,0.011133586056530476,0.2814413607120514,0.1894858479499817,0.11627385020256042,0.3138186037540436,0.07317546010017395,0.17834924161434174,0.1264803260564804,0.4006368815898895,0.6635183691978455,0.17781603336334229,0.37019288539886475,0.19832876324653625,0.05937992036342621,0.3299875259399414,0.03509952872991562,0.1655418425798416,0.27082741260528564,0.17181414365768433,0.13240548968315125,0.1374392956495285,0.16975288093090057,0.13477803766727448,0.2896491289138794,0.5393804311752319,0.23016983270645142,0.23115436732769012,0.09250429272651672,0.07452225685119629,0.16947929561138153,0.3092620372772217,0.016911454498767853,0.3131124973297119,0.42891451716423035,0.27171921730041504,0.38781484961509705,0.8479617834091187,0.2947998344898224,0.023566339164972305,0.7971708178520203,0.41137832403182983,0.7937808036804199,0.15277060866355896,0.11753079295158386
0,1.2317845821380615,1.9623489379882812,1.3892714977264404,0.0,1.3750628232955933,1.553507924079895,0.055229004472494125,1.670212984085083,0.0,0.4361301362514496,0.2904253900051117,1.452195405960083,0.010714760050177574,0.0,1.280768632888794,0.0,1.1502846479415894,0.0,0.2259751707315445,0.0,0.0,1.668981909751892,1.1853331327438354,0.0021345126442611217,0.0,1.1662129163742065,0.0,0.0,0.0,0.0,0.0,0.0,0.13982900977134705,0.0,0.01321052573621273,0.0,0.0,1.4653434753417969,1.2260724306106567,1.5407856702804565,0.0,0.0,1.3498817682266235,0.0,0.06920263171195984,1.6367309093475342,0.029221372678875923,0.0,0.0,0.0,0.38506844639778137,0.05675257369875908,0.0,0.4619101285934448,0.0,0.0,0.32953593134880066,0.1489323079586029,0.0,0.0,0.0,0.0,1.466784954071045,1.4427975416183472
1,0.159468874335289,0.0941331759095192,0.09533146023750305,0.732576847076416,0.026146305724978447,0.04194379970431328,0.3884790241718292,0.07008039206266403,0.5124252438545227,1.0406229496002197,0.7782859206199646,0.13215966522693634,0.5083997845649719,0.4444798529148102,0.010246059857308865,0.26961269974708557,0.06259428709745407,0.14236551523208618,1.3684040307998657,0.2694191038608551,0.45575428009033203,0.037119705229997635,0.03443096578121185,0.5311417579650879,0.15930283069610596,0.068130262196064,0.5952831506729126,0.3989837169647217,0.19949498772621155,0.6744030117988586,0.7123064398765564,0.47047072649002075,0.5639697909355164,0.3213801681995392,1.1025335788726807,0.33348703384399414,0.4943276345729828,0.09206094592809677,0.12666596472263336,0.0324627086520195,0.659574031829834,0.32477277517318726,0.059729788452386856,0.7334662675857544,0.7422582507133484,0.2333674430847168,0.9344730377197266,0.2408212572336197,0.23650187253952026,0.5390378832817078,0.6965621709823608,0.4177197515964508,0.5677971243858337,0.22811181843280792,0.4915621876716614,0.8308793902397156,0.719531238079071,1.0298185348510742,0.6426695585250854,0.8784417510032654,0.3055604100227356,0.6688823699951172,0.01246253214776516,0.07445286959409714
0,0.7830466032028198,1.0933384895324707,0.8433261513710022,0.03380803391337395,0.9371474981307983,1.0615769624710083,0.22894182801246643,1.0200421810150146,0.11472082883119583,0.7217095494270325,0.5176371932029724,0.8577553629875183,0.015037293545901775,0.0,0.6660247445106506,0.016201628372073174,0.763496994972229,0.0,0.6579219698905945,0.024572068825364113,0.07362224161624908,0.9381807446479797,1.1023975610733032,0.12952391803264618,0.20973436534404755,0.7140594124794006,0.04331759735941887,0.3091611862182617,0.1370249092578888,0.024639181792736053,0.1381247639656067,0.015810618177056313,0.342943012714386,0.01739724725484848,0.5491949319839478,0.02794482372701168,0.1152392327785492,0.9120482206344604,0.6051857471466064,0.993226945400238,0.028604043647646904,0.0,1.0482770204544067,0.0,0.14178235828876495,0.8426202535629272,0.18475638329982758,0.0,0.08882772922515869,0.031183786690235138,0.38918188214302063,0.2890472412109375,0.006570762023329735,0.6605806350708008,0.01882697269320488,0.08588309586048126,0.5195476412773132,0.4942767918109894,0.10830354690551758,0.06600864231586456,0.0,0.1339581459760666,0.7712959051132202,1.0831619501113892
0,0.7885357737541199,0.7309525012969971,0.563461184501648,0.4822176694869995,0.6342670917510986,0.594845175743103,0.0,0.8351920247077942,0.14006176590919495,0.5836490392684937,0.32000863552093506,0.6107087731361389,0.22526516020298004,0.4546964466571808,0.4158361554145813,0.14582735300064087,0.36782580614089966,0.26871564984321594,0.5186673402786255,0.12874735891819,0.007415707688778639,0.7139200568199158,0.37362340092658997,0.1072237640619278,0.2171345055103302,0.3322935104370117,0.14131177961826324,0.11969362199306488,0.29767662286758423,0.4752340614795685,0.1843298226594925,0.2420126348733902,0.21420802175998688,0.06374491751194,0.22496388852596283,0.021036390215158463,0.14419545233249664,0.8251147866249084,0.7413489818572998,0.6555986404418945,0.0996871292591095,0.14860881865024567,0.5693004131317139,0.20843546092510223,0.4343850314617157,0.8503580093383789,0.1586972177028656,0.08775944262742996,0.02964129112660885,0.13537397980690002,0.3726257085800171,0.02707470767199993,0.19156019389629364,0.712521493434906,0.2526705861091614,0.31974104046821594,0.5171130895614624,0.18265880644321442,0.07829790562391281,0.5352264046669006,0.35558322072029114,0.5007376074790955,0.6075528860092163,0.3153262138366699
0,0.5726348161697388,1.0308700799942017,0.6987514495849609,0.031911421567201614,0.9753214120864868,1.7272355556488037,0.0,1.401776671409607,0.0,0.2904673218727112,0.22548525035381317,0.6853587031364441,0.0,0.12039832025766373,0.877111554145813,0.0,1.0664267539978027,0.0,0.22858989238739014,0.01857823319733143,0.0,0.8824310302734375,1.5972082614898682,0.0,0.0,0.7574008703231812,0.0,0.0,0.0,0.03704119473695755,0.0,0.0,0.0781184509396553,0.0,0.030743759125471115,0.057888567447662354,0.016829553991556168,1.519411325454712,0.5399633646011353,0.7428019642829895,0.0,0.0,0.7910957336425781,0.07244653254747391,0.07265947759151459,0.15228639543056488,0.07198556512594223,0.0,0.0,0.0,0.13515040278434753,0.004663417581468821,0.006516564637422562,1.5835076570510864,0.0,0.0,0.36954548954963684,0.024018267169594765,0.0,0.07543595880270004,0.0,0.3145005702972412,0.8887850642204285,0.9965213537216187
0,0.8443548083305359,1.0784316062927246,0.5794410705566406,0.018921641632914543,0.8216350674629211,1.1189332008361816,0.010710092261433601,1.3925564289093018,0.0,0.40543830394744873,0.34749630093574524,0.7658538818359375,0.0,0.0,0.7621707916259766,0.0,0.3916645348072052,0.0,0.1734001189470291,0.0,0.0,0.8868107199668884,1.6947098970413208,0.0,0.0,0.7399404644966125,0.0,0.018041828647255898,0.0,0.0597851499915123,0.0,0.0,0.08931997418403625,0.0,0.09745422005653381,0.0,0.0,1.2219884395599365,0.30121394991874695,0.8249561190605164,0.0,0.0,1.1093662977218628,0.0,0.12664452195167542,1.0318944454193115,0.0,0.0,0.01978888362646103,0.0,0.14744268357753754,0.049687061458826065,0.0,1.0487390756607056,0.0,0.0,0.6604650616645813,0.12621670961380005,0.0,0.1027737408876419,0.0,0.31925737857818604,0.9158006310462952,1.5123333930969238
1,0.02949656918644905,0.0,0.013343855738639832,0.02512883022427559,0.0,0.050802744925022125,1.6022716760635376,0.0596645288169384,1.0644090175628662,2.7463459968566895,0.6881667375564575,0.0,0.0,0.0,0.0,0.37939897179603577,0.045574087649583817,0.0,2.3254096508026123,0.0,0.31440895795822144,0.0,0.08030905574560165,2.0391335487365723,2.2021868228912354,0.03710612654685974,0.0,1.9200929403305054,1.61641526222229,0.33335214853286743,0.0,0.8151929974555969,1.1539164781570435,0.0,3.043808698654175,0.0,0.4476471543312073,0.0,0.0,0.003691572230309248,0.0,0.0,0.6540035009384155,0.00032928551081568,1.288569450378418,0.0,0.0,0.35364896059036255,1.414878249168396,0.0,0.11044411361217499,0.0,0.05304526165127754,0.28603067994117737,0.0,0.6131771802902222,1.9367574453353882,1.9237854480743408,1.7543456554412842,0.9258226156234741,0.0,1.436960220336914,0.10109547525644302,0.08900924772024155
1,0.18135936558246613,0.18544608354568481,0.35921725630760193,0.6741166114807129,0.11097655445337296,0.15240095555782318,0.32517191767692566,0.18900063633918762,0.9060458540916443,0.3697053790092468,0.6602766513824463,0.259004145860672,0.33955979347229004,0.4855046570301056,0.21013705432415009,0.3252532482147217,0.2423868179321289,0.43011075258255005,1.0617115497589111,0.47060662508010864,0.8522388339042664,0.1654980331659317,0.10632909089326859,0.6992169618606567,0.23112021386623383,0.13084392249584198,0.8934502005577087,0.5287719964981079,0.2426503449678421,0.7331423759460449,1.3686288595199585,0.9567396640777588,0.3531288802623749,1.042446494102478,0.9813428521156311,0.8876990079879761,0.523287832736969,0.2764979302883148,0.442988783121109,0.18952114880084991,1.062054991722107,0.8895123600959778,0.20205648243427277,1.1880050897598267,0.6040460467338562,0.30980804562568665,1.249720573425293,0.6755015254020691,0.4867883026599884,1.1652021408081055,0.34870949387550354,0.9966447353363037,0.7599686980247498,0.48548629879951477,0.6281440854072571,1.1317673921585083,0.4268321692943573,0.6662912964820862,1.087059497833252,0.8154533505439758,0.5630510449409485,0.4352819323539734,0.11739924550056458,0.08549255132675171
0,0.4851115643978119,0.6174805760383606,0.6420705318450928,0.023117978125810623,0.5958410501480103,0.8890374302864075,0.0,0.6358300447463989,0.0,0.7145441174507141,0.3210042417049408,0.3899141252040863,0.0,0.1260424256324768,0.5703481435775757,0.0,0.32033419609069824,0.0,0.48116907477378845,0.022700104862451553,0.0,0.7335458993911743,0.7156133651733398,0.004441514145582914,0.059811245650053024,0.6268411874771118,0.0,0.0,0.017886999994516373,0.0780576691031456,0.0,0.04104829579591751,0.069123774766922,0.0,0.17827601730823517,0.0,0.020276660099625587,0.8030939102172852,0.5035601258277893,0.8189054727554321,0.0,0.0,0.7952939867973328,0.0,0.32657137513160706,0.4998152256011963,0.004950596019625664,0.0,0.0,0.0,0.2934696078300476,0.028816664591431618,0.0059494758024811745,0.44373488426208496,0.0,0.0,0.8197773098945618,0.06983450800180435,0.0,0.1295725554227829,0.0,0.3299010694026947,0.5494948625564575,0.8536592721939087
1,0.03322547674179077,0.24622806906700134,0.12936259806156158,0.09726912528276443,0.05378289520740509,0.016716886311769485,1.3874537944793701,0.10827697813510895,0.9068828821182251,2.1043496131896973,1.9597294330596924,0.06928473711013794,0.7884368300437927,0.0,0.03220765292644501,0.023288628086447716,0.04520547762513161,0.37702953815460205,2.4829065799713135,0.0,0.019878309220075607,0.0904131829738617,0.07689685374498367,1.307891607284546,1.0347468852996826,0.773983359336853,0.30252164602279663,1.0593386888504028,0.3713279962539673,0.18463706970214844,0.8775234818458557,0.04981183260679245,1.6676547527313232,0.0,1.8265419006347656,0.0,0.15773572027683258,0.04431561380624771,0.15832385420799255,0.21765834093093872,0.19581906497478485,0.0,0.13622038066387177,0.023759495466947556,0.3895370066165924,0.1803358495235443,1.3323591947555542,0.0,0.048165496438741684,0.020876673981547356,0.28807833790779114,1.6650522947311401,0.06474579125642776,0.0695176050066948,0.43050888180732727,0.23939119279384613,0.7820635437965393,1.9445130825042725,0.5770754218101501,0.1693299114704132,0.0,0.29295414686203003,0.023957829922437668,0.03959208354353905
0,0.9667251110076904,1.2565635442733765,0.38930320739746094,0.0,1.1346521377563477,1.0767112970352173,0.20934365689754486,1.1938072443008423,0.0,0.5658190846443176,0.8561744093894958,0.8971686959266663,0.1032971441745758,0.0,0.6960501670837402,0.0,0.5456342697143555,0.0,0.06092507019639015,0.0,0.0,0.8451095223426819,1.520367980003357,0.12302535772323608,0.05629926547408104,1.1783455610275269,0.0,0.014600475318729877,0.0,0.0,0.0,0.0,0.09869714826345444,0.0,0.0,0.0,0.0,1.3395390510559082,0.17268024384975433,0.780548632144928,0.0,0.0,1.4977670907974243,0.0,0.032047707587480545,1.2227914333343506,0.029922684654593468,0.0319334901869297,0.03995879739522934,0.0,0.04862339422106743,0.6418549418449402,0.0,1.9575896263122559,0.0,0.0,1.2060686349868774,0.34060540795326233,0.00900877732783556,0.0,0.0,0.01496907602995634,0.9630522727966309,1.4274097681045532
1,0.8318223357200623,0.19082210958003998,0.28229963779449463,0.7707528471946716,0.0872604101896286,0.0806802287697792,0.9317611455917358,0.1677056849002838,1.1740140914916992,1.1581016778945923,0.523512601852417,0.31097695231437683,0.6569450497627258,0.35440316796302795,0.09068766981363297,0.7034039497375488,0.08608008176088333,0.14006176590919495,1.1521708965301514,0.5680907964706421,0.6760677695274353,0.09636317938566208,0.08453833311796188,1.0210226774215698,0.26434382796287537,0.10312382876873016,1.1457576751708984,0.677750825881958,0.4688122272491455,0.6361278891563416,0.9772114157676697,0.9106330275535583,0.48689621686935425,0.4726259708404541,1.5056761503219604,0.7550737261772156,0.591438889503479,0.3302558362483978,0.373603492975235,0.1758756786584854,1.2516355514526367,0.4807002544403076,0.1748756766319275,1.083968162536621,1.1213246583938599,0.6155965924263,1.2354381084442139,0.5925674438476562,0.5515401363372803,0.8921229243278503,1.5082440376281738,0.8521283268928528,0.7642089128494263,0.2591133713722229,0.6824331283569336,1.061678171157837,0.7784192562103271,1.2415313720703125,1.2514454126358032,1.191453218460083,0.4924382269382477,0.6077528595924377,0.09793731570243835,0.1640658676624298
1,0.3920486271381378,0.24851736426353455,0.2819356918334961,0.8664849400520325,0.1431025117635727,0.17713764309883118,0.5205055475234985,0.11286158859729767,1.00272536277771,0.749518871307373,0.4940245747566223,0.39782723784446716,0.42930689454078674,0.30771157145500183,0.10867923498153687,0.4384888708591461,0.2428722381591797,0.23545801639556885,0.9106966257095337,0.5205038785934448,0.7406579256057739,0.15302471816539764,0.18158480525016785,0.7310844659805298,0.2201027125120163,0.14259077608585358,1.106079339981079,0.5024027228355408,0.2804664373397827,0.7566742300987244,1.0460598468780518,0.8228577375411987,0.33186572790145874,0.7320133447647095,1.0874682664871216,0.8395441174507141,0.523277997970581,0.3958917558193207,0.33913782238960266,0.18872928619384766,1.0804574489593506,0.6697112321853638,0.18681225180625916,1.1004279851913452,0.8037665486335754,0.4450949728488922,1.0053412914276123,0.6068433523178101,0.5257777571678162,0.9962676763534546,0.9644840955734253,0.8572332262992859,0.7983044385910034,0.30013376474380493,0.5858204960823059,1.078018307685852,0.5725053548812866,0.9779325723648071,0.9429620504379272,0.9656144976615906,0.4941190779209137,0.6537564992904663,0.05153443664312363,0.23363861441612244
0,1.0015000104904175,1.60481595993042,1.1371283531188965,0.05115005746483803,1.3465867042541504,1.1443889141082764,0.0,1.3388584852218628,0.0,0.43010491132736206,0.29569241404533386,1.0918606519699097,0.05448026955127716,0.1265457570552826,0.9492446184158325,0.021921439096331596,1.0041067600250244,0.0,0.38076117634773254,0.004810118116438389,0.0,1.2692277431488037,1.1944602727890015,0.0,0.0,0.9156032204627991,0.0,0.004540710244327784,0.01106572151184082,0.056251175701618195,0.06086469069123268,0.008220944553613663,0.21215246617794037,0.006591090001165867,0.09623634070158005,0.0,0.04558204114437103,1.3212991952896118,0.8376497030258179,1.3135027885437012,0.0,0.0019733263179659843,1.0392613410949707,0.03473186492919922,0.09515316039323807,1.203500747680664,0.21455809473991394,0.0,0.0014089716132730246,0.0066303228959441185,0.12542463839054108,0.0700337290763855,0.023469991981983185,0.5941965579986572,0.001065150834619999,0.03254426270723343,0.2974686920642853,0.19770047068595886,0.0,0.03430463373661041,0.0,0.12014163285493851,0.9635037183761597,1.175965428352356
0,0.21927101910114288,0.5675665140151978,0.17834030091762543,0.017690006643533707,0.35752975940704346,0.4090938866138458,0.2587476372718811,0.39176875352859497,0.022314688190817833,0.5314058661460876,0.4816999137401581,0.3141140341758728,0.11531754583120346,0.10780894011259079,0.22576163709163666,0.0,0.15007558465003967,0.0,0.7177849411964417,0.0,0.0,0.410203754901886,0.4292263984680176,0.04639381170272827,0.08125534653663635,0.5278062224388123,0.0,0.16639772057533264,0.0,0.027381906285881996,0.07333067059516907,0.0,0.3225821256637573,0.0,0.299355685710907,0.0,0.04762539640069008,0.42862746119499207,0.18923011422157288,0.7421515583992004,0.0,0.0,0.49662479758262634,0.009505555965006351,0.14171123504638672,0.5728700757026672,0.3780849277973175,0.0,0.0,0.0,0.09986793994903564,0.20420211553573608,0.0,0.5358614921569824,0.0,0.010118995793163776,0.43242090940475464,0.2271265685558319,0.06251611560583115,0.07073371112346649,0.0,0.17333659529685974,0.23819135129451752,0.20571109652519226
1,0.11525525897741318,0.3762955665588379,0.43472665548324585,0.5407937169075012,0.1749272346496582,0.23000428080558777,0.8998706340789795,0.13647663593292236,1.2105141878128052,0.2854224741458893,0.898971676826477,0.5623046159744263,0.30426257848739624,0.18046286702156067,0.2102891206741333,0.025759920477867126,0.31064242124557495,0.2189515233039856,1.2856208086013794,0.6741538047790527,0.6902642250061035,0.21181662380695343,0.10733332484960556,1.0465012788772583,0.04554270580410957,0.26138389110565186,1.0115598440170288,0.6409775018692017,0.020938057452440262,0.3279857039451599,1.1864099502563477,0.7999697923660278,0.5743194818496704,1.0845632553100586,1.5060261487960815,0.536399781703949,0.31647300720214844,0.2906327247619629,0.6012179255485535,0.2927873730659485,0.7984930872917175,0.5396226644515991,0.19869673252105713,0.7133675217628479,0.1512608826160431,0.7615938186645508,1.9251830577850342,0.5614518523216248,0.36556169390678406,1.1178812980651855,0.33581817150115967,1.0801498889923096,0.3922405540943146,0.5272001028060913,0.6656948328018188,1.114724040031433,0.2695639133453369,0.8367568850517273,1.6087549924850464,0.33192119002342224,0.10100621730089188,0.37560462951660156,0.07652170956134796,0.11133027076721191
1,0.5698986053466797,0.9016316533088684,0.4669540822505951,0.7002002000808716,0.7141204476356506,0.6699820756912231,0.0,0.7100698351860046,0.17683035135269165,0.5277042388916016,0.22493097186088562,0.6058157682418823,0.18178033828735352,0.6680996417999268,0.34358471632003784,0.14333027601242065,0.444519966840744,0.407039076089859,0.4776643216609955,0.2400968372821808,0.011265456676483154,0.8991302251815796,0.7601610422134399,0.13220684230327606,0.28180044889450073,0.4652252197265625,0.30085861682891846,0.12593428790569305,0.3833923637866974,0.6964424848556519,0.10834410786628723,0.3349416255950928,0.08207783848047256,0.07775472849607468,0.2190391570329666,0.036600105464458466,0.11106955260038376,0.80314040184021,0.3103317618370056,0.38631364703178406,0.12781280279159546,0.18417784571647644,0.5880041718482971,0.31573858857154846,0.47904765605926514,0.618247926235199,0.13983497023582458,0.14066587388515472,0.07673005014657974,0.12104054540395737,0.16087721288204193,0.0,0.40623152256011963,0.5676400065422058,0.2589901089668274,0.36559394001960754,0.5595625042915344,0.21517260372638702,0.008765751495957375,0.874285876750946,0.5194845795631409,0.809603750705719,0.41035395860671997,0.5938133597373962
1,0.3771972060203552,0.26122990250587463,0.28748825192451477,0.855720043182373,0.15138430893421173,0.17713767290115356,0.5105265378952026,0.11286155879497528,1.0042471885681152,0.738242506980896,0.47920122742652893,0.39728081226348877,0.42133408784866333,0.30868056416511536,0.10867925733327866,0.43401575088500977,0.2394387274980545,0.226029634475708,0.9055784344673157,0.5080592036247253,0.7393700480461121,0.15302476286888123,0.18158484995365143,0.7135730385780334,0.21628689765930176,0.14259083569049835,1.089705228805542,0.4943010210990906,0.2613891065120697,0.7482713460922241,1.0457847118377686,0.8295022249221802,0.31669312715530396,0.7270092368125916,1.0814189910888672,0.8376275300979614,0.5281010866165161,0.3777236342430115,0.3340509235858917,0.19263911247253418,1.0808870792388916,0.671587347984314,0.18681231141090393,1.1010241508483887,0.7999273538589478,0.43151354789733887,0.9945510625839233,0.5969280004501343,0.5185707807540894,1.0030055046081543,0.9813316464424133,0.8429521322250366,0.8084190487861633,0.2995035648345947,0.5884130597114563,1.0825859308242798,0.5781311988830566,0.9751836061477661,0.9271966218948364,0.9654123187065125,0.4961422085762024,0.6459035277366638,0.05153447389602661,0.23434385657310486
0,0.062268201261758804,0.2956218719482422,0.11745278537273407,0.0676688402891159,0.11803250759840012,0.2139291763305664,0.40028107166290283,0.18226465582847595,0.08472684770822525,0.9310607314109802,0.9407131671905518,0.10582143813371658,0.39205852150917053,0.16359128057956696,0.05561237782239914,0.0,0.09073182195425034,0.0009687955025583506,1.2990130186080933,0.001015234855003655,0.0,0.13598878681659698,0.22117570042610168,0.3101077675819397,0.3439328074455261,0.5723658800125122,0.13429737091064453,0.32719627022743225,0.033928267657756805,0.10368510335683823,0.321715384721756,0.007772653829306364,0.687506377696991,0.0,0.7821899056434631,0.0,0.14023658633232117,0.12296511232852936,0.05993412435054779,0.4118906259536743,0.04284602403640747,0.0,0.2136463224887848,0.018678944557905197,0.32004421949386597,0.21180054545402527,0.7608827352523804,0.0,0.0,0.0,0.09191267192363739,0.5257882475852966,0.011153449304401875,0.3193610608577728,0.03416329622268677,0.0477934256196022,0.5270744562149048,0.6571732759475708,0.13914965093135834,0.14139768481254578,0.0,0.30674394965171814,0.07097813487052917,0.08392731100320816
1,0.20288942754268646,0.06293043494224548,0.035986632108688354,0.5122033953666687,0.04225999489426613,0.0,0.6354487538337708,0.008818265981972218,0.7769351005554199,1.8305343389511108,0.8180015087127686,0.07306860387325287,0.5617865920066833,0.1768750250339508,0.0,0.3612273931503296,0.03593098744750023,0.06923449784517288,1.5637034177780151,0.13522547483444214,0.4306398630142212,0.0,0.006171519868075848,0.7867306470870972,0.3199397325515747,0.08152434229850769,0.7477833032608032,0.45130690932273865,0.20389047265052795,0.5054934024810791,0.7564827799797058,0.4760209918022156,0.9328442215919495,0.30172017216682434,1.5943228006362915,0.2866533696651459,0.527539849281311,0.09541301429271698,0.12586084008216858,0.0007937004556879401,0.6456352472305298,0.18467257916927338,0.0005222160252742469,0.4952215850353241,1.0175797939300537,0.4174637496471405,1.1251085996627808,0.25712281465530396,0.28230562806129456,0.3458043038845062,0.536156415939331,0.8999602794647217,0.30865517258644104,0.09922385960817337,0.3320857584476471,0.7334710955619812,0.8832827806472778,1.4137126207351685,0.7009624242782593,0.9158821105957031,0.15136706829071045,0.7202224135398865,0.0,0.03011455573141575
0,0.8662263751029968,0.9894449710845947,0.8993192315101624,0.20030225813388824,0.8687566518783569,1.309683918952942,0.0,0.9531442523002625,0.0,0.5160894989967346,0.2906542718410492,0.8789259195327759,0.08182472735643387,0.5045945644378662,0.8975231051445007,0.009089520201086998,0.9013044834136963,0.06803819537162781,0.5119451284408569,0.0367276556789875,0.0,1.1350964307785034,0.7648442983627319,0.022258533164858818,0.09855837374925613,0.6163000464439392,0.0,0.0,0.13960851728916168,0.3301459550857544,0.020939327776432037,0.15446053445339203,0.09870004653930664,0.0,0.15428458154201508,0.0,0.04738650098443031,1.1529864072799683,0.8867592215538025,1.063552737236023,0.0,0.002955514704808593,0.9220592975616455,0.04250732436776161,0.21213088929653168,1.10325026512146,0.158756822347641,0.0,0.0,0.004459046293050051,0.13742469251155853,0.0,0.026437975466251373,1.1645052433013916,0.01202934980392456,0.06852205097675323,0.6607915759086609,0.07411830872297287,0.004552905447781086,0.23334412276744843,0.10429578274488449,0.2594873309135437,1.0354143381118774,0.7428454756736755
0,0.8506922125816345,1.3345564603805542,0.8321937322616577,0.327280193567276,0.8918620944023132,1.007617473602295,0.0,1.0342488288879395,0.05066589266061783,0.4597487449645996,0.2512735426425934,0.9066818952560425,0.09563100337982178,0.28647297620773315,0.5887923240661621,0.05254523456096649,0.6336959004402161,0.22018548846244812,0.43293970823287964,0.12048640847206116,0.013480095192790031,1.0849969387054443,0.811195433139801,0.044504567980766296,0.1542615294456482,0.6802800893783569,0.19646482169628143,0.07558616995811462,0.1280370056629181,0.4194942116737366,0.11444554477930069,0.163343146443367,0.13646794855594635,0.09094434976577759,0.15095582604408264,0.03906212002038956,0.08624852448701859,1.1964918375015259,0.7156962156295776,0.8089653253555298,0.060622334480285645,0.0616174191236496,0.9144359827041626,0.11433501541614532,0.22319991886615753,1.0854592323303223,0.11836414039134979,0.049476251006126404,0.07679429650306702,0.09512797743082047,0.23772326111793518,0.0356106162071228,0.1200694590806961,0.5827417373657227,0.0995674878358841,0.16781696677207947,0.4054437577724457,0.13726447522640228,0.04023940861225128,0.35433605313301086,0.2578900158405304,0.48770493268966675,0.6848352551460266,0.7084804773330688
0,0.8914391994476318,0.8375835418701172,0.4976658523082733,0.003329225117340684,0.8651995062828064,1.4048454761505127,0.0,0.8487783074378967,0.0,0.5097789168357849,0.3000697195529938,0.7445726990699768,0.0,0.04638327285647392,0.5863428711891174,0.0,0.46898430585861206,0.0,0.2830628454685211,0.0,0.0,0.958955705165863,0.9214801788330078,0.0,0.0,0.5775005221366882,0.0,0.0,0.0,0.005136830732226372,0.0,0.016730045899748802,0.055446743965148926,0.0,0.09223251044750214,0.0,0.0022273636423051357,1.0126796960830688,0.24320641160011292,1.105668306350708,0.0,0.0,1.1186633110046387,0.0,0.17848779261112213,0.8254764080047607,0.0063084508292376995,0.0,0.0,0.0,0.07134620100259781,0.031651075929403305,0.0,0.8739528059959412,0.0,0.0,0.7526159882545471,0.06631682813167572,0.0,0.02796076610684395,0.0,0.10731510818004608,1.0448613166809082,1.4858002662658691
1,0.050732504576444626,0.0,0.05037664994597435,0.08400865644216537,0.04437610134482384,0.5465405583381653,0.0,0.10351549834012985,0.0,0.893505334854126,0.4469221532344818,0.0,0.0,0.6043544411659241,0.16378583014011383,0.0,0.10275445133447647,0.0,0.8944990038871765,0.0,0.0,0.06710812449455261,0.57024747133255,0.0,0.16679681837558746,0.03556881844997406,0.0,0.0,0.009360169060528278,0.3123701214790344,0.0,0.21796256303787231,0.06300582736730576,0.0,0.3892156183719635,0.0,0.011238458566367626,0.4240230321884155,0.0,0.0,0.0,0.0,0.2691960036754608,0.0,0.5313583016395569,0.0,0.13031570613384247,0.0,0.0,0.0,0.18390071392059326,0.0,0.0,0.9601459503173828,0.0,0.0,1.292548656463623,0.06037067994475365,0.0,0.5205514430999756,0.0,0.5849506258964539,0.12639234960079193,0.22610266506671906
1,0.5903472304344177,0.19189231097698212,0.3764975965023041,0.5564365983009338,0.17555232346057892,0.2963312566280365,0.6021624207496643,0.16116216778755188,0.9365350604057312,0.6870022416114807,0.5633312463760376,0.31232938170433044,0.4117863178253174,0.2249113768339157,0.0767480731010437,0.3735671639442444,0.2502290606498718,0.15395955741405487,0.883368194103241,0.4434145987033844,0.5771970152854919,0.31387051939964294,0.1888498067855835,0.7356934547424316,0.13199783861637115,0.0924844965338707,0.9037554264068604,0.45227497816085815,0.21546044945716858,0.5062319040298462,1.011427640914917,0.7388540506362915,0.4452902376651764,0.6170561909675598,1.086066722869873,0.6693364381790161,0.43737927079200745,0.532872200012207,0.3685257136821747,0.15730641782283783,0.9800639152526855,0.5176607370376587,0.18375003337860107,0.9336284399032593,0.6838698387145996,0.578532874584198,1.1660417318344116,0.5892758965492249,0.3631289601325989,0.8878526091575623,0.8738687634468079,0.8408355116844177,0.6049849987030029,0.5004801750183105,0.43456128239631653,0.9132813811302185,0.5362313985824585,0.9357115030288696,1.0582078695297241,0.8295934796333313,0.36326608061790466,0.3971652090549469,0.2738039493560791,0.35516878962516785
1,0.6830541491508484,0.5629034638404846,0.31915587186813354,0.5562414526939392,0.5446354746818542,0.45769181847572327,0.0,0.6638286709785461,0.1688307672739029,0.6485603451728821,0.34667596220970154,0.5023776292800903,0.24403727054595947,0.5021542906761169,0.19485877454280853,0.16592030227184296,0.22893764078617096,0.39157161116600037,0.5618895292282104,0.15294896066188812,0.011056996881961823,0.5634989142417908,0.2792398929595947,0.12154123932123184,0.24354110658168793,0.1728677898645401,0.1725095957517624,0.13238508999347687,0.3465362787246704,0.5482214689254761,0.20397663116455078,0.2707699239253998,0.23205864429473877,0.07733412832021713,0.24330858886241913,0.0273500457406044,0.156211718916893,0.6891844272613525,0.5424607396125793,0.4651312530040741,0.11386290192604065,0.1675095111131668,0.366605669260025,0.232771098613739,0.5095853805541992,0.658259391784668,0.171921968460083,0.13109110295772552,0.03694022074341774,0.14809998869895935,0.35530605912208557,0.029330911114811897,0.21723772585391998,0.5925479531288147,0.2817722260951996,0.35311782360076904,0.5602056980133057,0.19946640729904175,0.03963850811123848,0.6317826509475708,0.46827104687690735,0.5508325695991516,0.4647233784198761,0.2230086773633957
1,0.21081851422786713,0.2522706091403961,0.17134082317352295,0.4682362377643585,0.18683618307113647,0.16631034016609192,0.07940439134836197,0.2590200901031494,0.1254551261663437,1.361609697341919,0.8171947002410889,0.1267743855714798,0.19712278246879578,0.38624364137649536,0.05383038520812988,0.1262647807598114,0.07307885587215424,0.17480260133743286,1.0809698104858398,0.08884681016206741,0.11064077913761139,0.20485392212867737,0.1390807181596756,0.1808154582977295,0.3310154974460602,0.17491105198860168,0.18644052743911743,0.16349753737449646,0.2913667559623718,0.5374947786331177,0.2454889416694641,0.2772522568702698,0.4375552237033844,0.05527230724692345,0.5387327075004578,0.08881884813308716,0.2802056670188904,0.2347474992275238,0.16054898500442505,0.11235692352056503,0.12313131988048553,0.10110393911600113,0.10685322433710098,0.2405143678188324,0.5650175213813782,0.22034409642219543,0.24555781483650208,0.05232014134526253,0.09161331504583359,0.14046691358089447,0.316175252199173,0.3465939164161682,0.24601976573467255,0.27460089325904846,0.26225170493125916,0.29160547256469727,1.179237961769104,0.608275294303894,0.07434961199760437,0.5873991847038269,0.23363152146339417,0.704030454158783,0.11032646149396896,0.09985717386007309
1,0.3477221727371216,0.13302382826805115,0.17770114541053772,0.4456353485584259,0.05706510692834854,0.0662970244884491,1.1586970090866089,0.10670965909957886,1.1378675699234009,2.054115056991577,1.2269352674484253,0.1641312837600708,0.891000509262085,0.1281389594078064,0.07898900657892227,0.47947847843170166,0.07424348592758179,0.1660328507423401,1.9227877855300903,0.12524834275245667,0.4342654049396515,0.08035401999950409,0.06019946187734604,1.1983758211135864,0.5171594023704529,0.241533100605011,0.8624982237815857,0.7674574255943298,0.41149941086769104,0.4607643783092499,0.892365574836731,0.4974699914455414,1.2733030319213867,0.2260817289352417,1.9694054126739502,0.35763809084892273,0.6471288204193115,0.16319431364536285,0.2237791121006012,0.12332218140363693,0.7621223330497742,0.16719941794872284,0.12773238122463226,0.4686982035636902,1.16692316532135,0.42467281222343445,1.3969154357910156,0.29296061396598816,0.2490759640932083,0.33851900696754456,0.6245786547660828,1.3139265775680542,0.28121423721313477,0.1937774419784546,0.5737729072570801,0.7584754228591919,1.215233564376831,1.680498480796814,1.0390009880065918,0.8405344486236572,0.18057993054389954,0.4399976432323456,0.07122049480676651,0.09289251267910004
1,0.5886176228523254,0.3530627489089966,0.35791733860969543,0.7972098588943481,0.23383358120918274,0.16417792439460754,0.2326725721359253,0.3480148911476135,0.5116029381752014,0.5919187068939209,0.3370867073535919,0.4485391676425934,0.3887508809566498,0.48952731490135193,0.18626315891742706,0.43110230565071106,0.17329227924346924,0.1748194545507431,0.6783468127250671,0.36761173605918884,0.3943774998188019,0.19579733908176422,0.15603101253509521,0.3494146466255188,0.14687217772006989,0.16285115480422974,0.5224944353103638,0.4193125367164612,0.35855424404144287,0.6526409387588501,0.5400547981262207,0.546299397945404,0.21410737931728363,0.30634698271751404,0.5543597936630249,0.33311203122138977,0.3699539303779602,0.43257513642311096,0.4535216987133026,0.3359648585319519,0.7073419094085693,0.47346794605255127,0.2741200625896454,0.8247544765472412,0.6363250613212585,0.46813347935676575,0.39188671112060547,0.27951931953430176,0.29019612073898315,0.7003867626190186,1.345653772354126,0.1543409377336502,0.650367021560669,0.3643171489238739,0.5995972156524658,0.7687039971351624,0.5638067126274109,0.5226715803146362,0.47403502464294434,0.8313772082328796,0.49212977290153503,0.6742570996284485,0.19675476849079132,0.21735872328281403
1,0.6876670718193054,0.13661964237689972,0.18750429153442383,0.8725975155830383,0.06560522317886353,0.028175637125968933,0.4812892973423004,0.1320953369140625,0.9908278584480286,0.7775253057479858,0.5125095248222351,0.2383010983467102,0.5839214324951172,0.5306432843208313,0.011693837121129036,0.6992620229721069,0.04734768718481064,0.26436638832092285,0.926561176776886,0.7471538782119751,0.816659152507782,0.021842392161488533,0.0576273649930954,0.9002232551574707,0.2992038428783417,0.04137056693434715,1.1358463764190674,0.5771527886390686,0.4157334268093109,0.8429473042488098,1.1526931524276733,0.9439129829406738,0.22474952042102814,0.6587043404579163,1.2179051637649536,0.8788726329803467,0.6674962043762207,0.22496165335178375,0.2821166515350342,0.10966076701879501,1.2189009189605713,0.7144688963890076,0.09792863577604294,1.2426153421401978,1.0843019485473633,0.38710281252861023,0.9945399761199951,0.7794988751411438,0.587276041507721,1.1611683368682861,1.052356243133545,0.8704198598861694,1.0017424821853638,0.2617233097553253,0.7657120227813721,1.1067235469818115,0.7745885252952576,0.9004999399185181,1.1252371072769165,1.2660671472549438,0.6816763281822205,0.8423844575881958,0.051678746938705444,0.054471205919981
1,0.7382291555404663,1.0948560237884521,0.6207287311553955,0.5307507514953613,0.7853333353996277,0.8623196482658386,0.0,0.8166113495826721,0.12944349646568298,0.4810289144515991,0.22493097186088562,0.7761073112487793,0.15174736082553864,0.5396910905838013,0.4666294753551483,0.09194488823413849,0.5469875931739807,0.35870489478111267,0.47023269534111023,0.1894516944885254,0.003392774611711502,0.9645956158638,0.7243666052818298,0.09418365359306335,0.2541777491569519,0.5427911877632141,0.23280063271522522,0.10424815863370895,0.31075090169906616,0.5389611124992371,0.1026734933257103,0.2817354202270508,0.08207783102989197,0.09004262089729309,0.1983565390110016,0.04080456495285034,0.09701094031333923,1.0265170335769653,0.5182995796203613,0.6457618474960327,0.11918273568153381,0.13244856894016266,0.7965573072433472,0.22049781680107117,0.38239365816116333,0.8617595434188843,0.13983497023582458,0.08804644644260406,0.07836584746837616,0.10780457407236099,0.1837552934885025,0.0,0.2543014585971832,0.629084050655365,0.21899652481079102,0.2766011655330658,0.5346247553825378,0.1844211369752884,0.012300338596105576,0.6174080967903137,0.4105348289012909,0.6324048638343811,0.5888437032699585,0.6219121813774109
1,1.2039570808410645,0.8240982294082642,0.8215320110321045,0.2764538526535034,0.8834776282310486,1.0378884077072144,0.0,0.9702898859977722,0.0,0.4355934262275696,0.19823579490184784,0.7613148093223572,0.10587768256664276,0.4851071834564209,0.8822216987609863,0.021041536703705788,0.6765425801277161,0.23294603824615479,0.38333770632743835,0.21246682107448578,0.0,0.9387021064758301,0.4853050112724304,0.04406164586544037,0.1938035488128662,0.4538324773311615,0.012239675037562847,0.0,0.27957186102867126,0.3596334755420685,0.027055496349930763,0.12560254335403442,0.06395499408245087,0.00045047883759252727,0.14981859922409058,0.0,0.050154443830251694,1.1688482761383057,1.1706011295318604,0.9100736975669861,0.0,0.03413239121437073,0.845020055770874,0.03271372988820076,0.35922887921333313,1.2525126934051514,0.11846215277910233,0.08917304128408432,0.0,0.01729239523410797,0.14713595807552338,0.0025337515398859978,0.0955505520105362,1.1664067506790161,0.028249410912394524,0.10931158065795898,0.5221543312072754,0.0718139111995697,0.05486254021525383,0.40072178840637207,0.25022169947624207,0.34043893218040466,1.1762436628341675,0.5037841796875
1,0.5911977291107178,0.35468214750289917,0.40601998567581177,0.6045089960098267,0.23955869674682617,0.18689289689064026,0.7358441352844238,0.30666735768318176,1.0050737857818604,0.7803857326507568,0.6012424230575562,0.499663382768631,0.4488482177257538,0.17393659055233002,0.2000720351934433,0.46666836738586426,0.17661693692207336,0.1230228990316391,0.9405339360237122,0.6235050559043884,0.853594958782196,0.24187515676021576,0.13272511959075928,0.8734785318374634,0.10914408415555954,0.201070636510849,1.0475977659225464,0.5639248490333557,0.16899512708187103,0.6509512066841125,1.0666097402572632,0.7413236498832703,0.4186934530735016,0.690950334072113,1.2146557569503784,0.8166546821594238,0.5646510720252991,0.41923144459724426,0.527134120464325,0.34981080889701843,1.1703144311904907,0.5942444801330566,0.28752365708351135,1.004892110824585,0.8098568320274353,0.5822934508323669,1.1596574783325195,0.6118539571762085,0.4782639443874359,0.990013062953949,1.0930863618850708,0.8094495534896851,0.7933711409568787,0.3316764533519745,0.6090253591537476,1.0585285425186157,0.4781893491744995,1.133752465248108,1.2270146608352661,0.8552125096321106,0.42570897936820984,0.49648377299308777,0.2152114361524582,0.263635516166687
0,0.885833740234375,1.0086297988891602,0.9595901966094971,0.0,0.9942808151245117,1.4609862565994263,0.0,1.2240321636199951,0.0,0.1627262532711029,0.1659313589334488,0.83749920129776,0.0,0.09275825321674347,0.9383971691131592,0.0,1.1393615007400513,0.0,0.10935261100530624,0.02986287511885166,0.0,1.1444282531738281,1.1952593326568604,0.0,0.0,0.788540244102478,0.0,0.0,0.0,0.00853379350155592,0.0,0.0,0.034988317638635635,0.0,0.0,0.0,0.0,1.2856827974319458,0.8361225128173828,0.9673935174942017,0.0,0.0,1.0237181186676025,0.012208548374474049,0.0,0.7389053106307983,0.043617792427539825,0.0,0.00026116144726984203,0.00336596742272377,0.2732894718647003,0.0,0.0,1.3747645616531372,0.0,0.0,0.3170500099658966,0.008586695417761803,0.016228072345256805,0.0,0.0,0.03001723252236843,0.9663001894950867,0.9935621619224548
0,0.815166711807251,1.2581274509429932,1.0923370122909546,0.12353169918060303,0.9920470118522644,1.2460377216339111,0.0,1.094828724861145,0.0,0.3820912837982178,0.2504133880138397,0.9004469513893127,0.022628717124462128,0.39590346813201904,0.8997036814689636,0.0,1.0256212949752808,0.024730434641242027,0.40131625533103943,0.0,0.0,1.2917388677597046,1.0445960760116577,0.008798863738775253,0.03128227964043617,0.7630922794342041,0.0,0.0,0.03869595751166344,0.2390456348657608,0.027719130739569664,0.1070266142487526,0.07175547629594803,0.022728100419044495,0.06594161689281464,0.0,0.02970203012228012,1.112690806388855,0.6924293637275696,0.9536201357841492,0.0,0.014381815679371357,0.9725745320320129,0.07990088313817978,0.1382702738046646,0.8461105823516846,0.1375957429409027,0.0,0.0,0.007527648005634546,0.1658252626657486,0.0,0.04409313574433327,0.9526152610778809,0.0,0.04537440836429596,0.5440607666969299,0.03357573598623276,0.0,0.17862732708454132,0.06725800782442093,0.2873360812664032,0.9194419384002686,1.0352692604064941
1,0.5529221892356873,0.6588716506958008,0.5575878024101257,0.7586989402770996,0.4881074130535126,0.5234456658363342,0.30455848574638367,0.46768707036972046,0.5719720125198364,0.47471776604652405,0.4664002060890198,0.7296420931816101,0.3743594288825989,0.4206353724002838,0.38328272104263306,0.3636913001537323,0.4966970682144165,0.2014143019914627,0.7115508317947388,0.39323461055755615,0.5889302492141724,0.5209463834762573,0.4512004852294922,0.42583563923835754,0.1329818069934845,0.38907673954963684,0.6734212040901184,0.3839972913265228,0.23995862901210785,0.6741350889205933,0.7368795275688171,0.6306596398353577,0.20407649874687195,0.5128217339515686,0.6165642738342285,0.5762555599212646,0.491030216217041,0.627663254737854,0.45930609107017517,0.6987617015838623,0.768710196018219,0.5641860961914062,0.538204550743103,0.8994364142417908,0.5787977576255798,0.640190839767456,0.6051201224327087,0.3985782861709595,0.3925984799861908,0.7928275465965271,0.7810623049736023,0.3219681978225708,0.7002647519111633,0.4832814037799835,0.5844393372535706,0.8212847709655762,0.545463502407074,0.5952834486961365,0.6071979999542236,0.7274572849273682,0.47663626074790955,0.5712443590164185,0.4036480188369751,0.5743364691734314
0,0.0,0.2853619158267975,0.11556308716535568,0.08066794276237488,0.06771078705787659,0.00026923228870145977,1.3003607988357544,0.08315703272819519,0.5791542530059814,1.4690186977386475,1.7374142408370972,0.11569197475910187,0.5589573383331299,0.0,0.0318211168050766,0.010610083118081093,0.0256503839045763,0.21189478039741516,1.7360856533050537,0.0,0.013306901790201664,0.1501990258693695,0.038489289581775665,0.8264666795730591,0.6210005879402161,0.7986606359481812,0.03691444545984268,0.8293213248252869,0.22046780586242676,0.08107420057058334,0.41726624965667725,0.02085266262292862,1.4208070039749146,0.0,1.149570107460022,0.0,0.07089194655418396,0.053074102848768234,0.19263038039207458,0.2550773620605469,0.1285572648048401,0.0,0.13307532668113708,0.022093327715992928,0.1544920653104782,0.18988575041294098,0.9923859238624573,0.0,0.07797793298959732,0.019615288823843002,0.30372536182403564,1.3614777326583862,0.06512905657291412,0.04373718053102493,0.2079501897096634,0.16992677748203278,0.6051143407821655,1.6086722612380981,0.4472713768482208,0.05451472848653793,0.0,0.17019809782505035,0.00230187620036304,0.016706041991710663
0,0.4883212745189667,0.5981248021125793,0.4577389359474182,0.14749370515346527,0.5007005929946899,0.4037895202636719,0.013425612822175026,0.5515594482421875,0.09600232541561127,1.2281285524368286,0.5865061283111572,0.3994055986404419,0.1723679155111313,0.10626444220542908,0.325750470161438,0.06410669535398483,0.30981841683387756,0.031483281403779984,0.848074734210968,0.09386368095874786,0.0893317386507988,0.4437732696533203,0.22926031053066254,0.2058345377445221,0.20574286580085754,0.36984783411026,0.19484908878803253,0.10829895734786987,0.019206684082746506,0.28234022855758667,0.21652449667453766,0.16759885847568512,0.46386075019836426,0.056782323867082596,0.5907249450683594,0.025078389793634415,0.21333271265029907,0.5959068536758423,0.6079612970352173,0.4896368980407715,0.04965776577591896,0.03044867143034935,0.4429158568382263,0.07945370674133301,0.5067727565765381,0.7032724022865295,0.2768547832965851,0.04806850105524063,0.04699106514453888,0.06750268489122391,0.2255878895521164,0.2604984641075134,0.08791187405586243,0.4698699116706848,0.10552481561899185,0.18926909565925598,0.8123295903205872,0.5164029002189636,0.16798602044582367,0.39630427956581116,0.05615672096610069,0.6091823577880859,0.3539847135543823,0.2167719602584839
1,0.6502429842948914,0.45323556661605835,0.3746267259120941,0.44448646903038025,0.23021411895751953,0.17369268834590912,0.5301026105880737,0.36445772647857666,0.6462718844413757,0.9374526739120483,0.5678354501724243,0.5234751105308533,0.3851434588432312,0.061337556689977646,0.08958768844604492,0.2509380280971527,0.13205508887767792,0.032296743243932724,1.085652470588684,0.39849838614463806,0.44378623366355896,0.1574717015028,0.1281953603029251,0.6265847086906433,0.04111742228269577,0.16883723437786102,0.6345078945159912,0.43513670563697815,0.07558836042881012,0.41607674956321716,0.6648837924003601,0.36004865169525146,0.5843640565872192,0.3271816074848175,1.0963212251663208,0.2381930947303772,0.35060352087020874,0.509903609752655,0.5438025593757629,0.31715601682662964,0.7752706408500671,0.24578914046287537,0.29581519961357117,0.57048499584198,0.656771719455719,0.7472333908081055,0.9011858701705933,0.2574225664138794,0.1813676804304123,0.5852699279785156,1.2342523336410522,0.5831601619720459,0.44246169924736023,0.19562740623950958,0.3767465353012085,0.7486399412155151,0.3771985173225403,1.0416207313537598,0.8018949031829834,0.7321721315383911,0.2032942920923233,0.4481840133666992,0.1963011920452118,0.19196103513240814
1,0.21590591967105865,0.4080614447593689,0.4549545645713806,0.02580254338681698,0.2616226077079773,0.5131913423538208,0.08659692108631134,0.4352571368217468,0.0,1.1424161195755005,0.5292731523513794,0.23192442953586578,0.011283219791948795,0.10704895108938217,0.2902405858039856,0.0,0.2299034297466278,0.0,0.8045264482498169,0.0,0.0,0.4107478857040405,0.3906785249710083,0.0734858438372612,0.11101754009723663,0.2714475393295288,0.0,0.0,0.036042992025613785,0.08039156347513199,0.0,0.13175243139266968,0.22148378193378448,0.0,0.39141690731048584,0.0,0.08607050031423569,0.3371391296386719,0.31066200137138367,0.37561944127082825,0.0,0.0,0.5912183523178101,0.006787915714085102,0.34703364968299866,0.2717830538749695,0.049610964953899384,0.0,0.0,0.0023403784725815058,0.2854514420032501,0.06184059754014015,0.016053354367613792,0.18628737330436707,0.0,0.0,1.0655150413513184,0.21856236457824707,0.0,0.1959952563047409,0.0,0.38938048481941223,0.3262953758239746,0.4524836242198944
1,0.32610809803009033,0.11703740060329437,0.2820223271846771,0.7652950882911682,0.11396092176437378,0.109856978058815,0.7410934567451477,0.08513537049293518,1.2562391757965088,0.7226906418800354,0.6353847980499268,0.25325801968574524,0.4475245773792267,0.33007141947746277,0.10161107778549194,0.5078892707824707,0.21419870853424072,0.24467425048351288,1.1901016235351562,0.619412899017334,0.9061183929443359,0.06649067997932434,0.04827741160988808,0.9778480529785156,0.2573317289352417,0.058389272540807724,1.245826244354248,0.5710551738739014,0.3090231716632843,0.7644206285476685,1.4465844631195068,1.0800156593322754,0.3782101571559906,0.9998700022697449,1.4098607301712036,0.9635090827941895,0.6306135058403015,0.17455825209617615,0.33102211356163025,0.14219078421592712,1.3108880519866943,0.7934319376945496,0.06667757034301758,1.328341007232666,0.9165890216827393,0.3767390549182892,1.6365346908569336,0.801693320274353,0.572099506855011,1.2778345346450806,0.7903978824615479,1.120273470878601,0.8343879580497742,0.22045698761940002,0.6330868601799011,1.28218674659729,0.5716449618339539,1.1620556116104126,1.3547037839889526,1.0817313194274902,0.5183321237564087,0.5402639508247375,0.030373454093933105,0.18067899346351624
1,0.03413154184818268,0.10379377007484436,0.16996033489704132,0.0574171207845211,0.0,0.0,2.0599124431610107,0.14194218814373016,1.456749439239502,3.1581404209136963,1.0658844709396362,0.02506185509264469,0.0,0.0,0.018979977816343307,0.3150573968887329,0.0,0.0,2.775925397872925,0.0,0.40051811933517456,0.0,0.10767242312431335,2.4143226146698,2.445858955383301,0.34081417322158813,0.0,2.471081256866455,1.7769238948822021,0.36817771196365356,0.007070654537528753,0.7780813574790955,1.5645352602005005,0.0,3.698955535888672,0.0,0.43396615982055664,0.010039637796580791,0.09680694341659546,0.03455619141459465,0.0,0.0,0.5991423726081848,0.027054890990257263,0.9972362518310547,0.055818408727645874,0.0,0.3013405501842499,1.6248133182525635,0.016421258449554443,0.8975555896759033,0.3190006911754608,0.09129872918128967,0.10352733731269836,0.0,0.7190564274787903,1.603839635848999,2.6216232776641846,2.1312713623046875,0.8069440722465515,0.0,1.353570818901062,0.004302260931581259,0.05984846130013466
0,0.1191805899143219,0.22803279757499695,0.25374680757522583,0.25890469551086426,0.13987545669078827,0.16428303718566895,0.027495622634887695,0.20624937117099762,0.12672320008277893,1.3902778625488281,0.7956330180168152,0.11831456422805786,0.3142305910587311,0.2925741374492645,0.12386508285999298,0.060092706233263016,0.14793288707733154,0.06913977861404419,1.2726815938949585,0.029971659183502197,0.04584918171167374,0.15533530712127686,0.12307468801736832,0.2694759666919708,0.2756968140602112,0.19505421817302704,0.2382579743862152,0.11900380998849869,0.1217261403799057,0.3876604437828064,0.33990591764450073,0.2083808332681656,0.6078574061393738,0.017591703683137894,0.7876772880554199,0.004522616509348154,0.34341949224472046,0.1725815087556839,0.2444874495267868,0.1760592758655548,0.09734871238470078,0.03322328254580498,0.2207346260547638,0.13946956396102905,0.5659828186035156,0.2253788560628891,0.5344063639640808,0.0,0.05918359011411667,0.04580259695649147,0.28863653540611267,0.3289344310760498,0.12316235899925232,0.24334698915481567,0.2305980920791626,0.23933440446853638,1.0090038776397705,0.6610240936279297,0.08101726323366165,0.5087180137634277,0.0653567686676979,0.7092081904411316,0.11335960775613785,0.10202635079622269
0,0.2305244505405426,0.517986536026001,0.3999462425708771,0.29256659746170044,0.26006412506103516,0.5654676556587219,0.1076197624206543,0.7014084458351135,0.0,0.6551575064659119,0.7194188237190247,0.197740375995636,0.0,0.014974158257246017,0.2467755377292633,0.0,0.07747519016265869,0.0,0.4859333336353302,0.0,0.08547982573509216,0.3569897711277008,0.9510219097137451,0.017262162640690804,0.1130136176943779,0.529102087020874,0.0,0.2031296342611313,0.0,0.21113649010658264,0.0,0.0013880854239687324,0.1913907527923584,0.0,0.45013922452926636,0.0,0.1532313972711563,0.6229256987571716,0.2662740647792816,0.33475252985954285,0.0,0.0,1.1294646263122559,0.08417748659849167,0.22977551817893982,0.6089233756065369,0.02545911818742752,0.0,0.07474972307682037,0.049086857587099075,0.3156232535839081,0.27226898074150085,0.23108159005641937,0.4126870036125183,0.0,0.034659381955862045,0.9860137701034546,0.3984820544719696,0.03183111920952797,0.25372153520584106,0.0,0.4790509045124054,0.33412429690361023,0.7819690704345703
0,0.13177302479743958,0.4790079891681671,0.1832353174686432,0.0681857317686081,0.26398518681526184,0.15833202004432678,0.4665587842464447,0.24858681857585907,0.05337086692452431,0.7285444736480713,0.6569322347640991,0.28005102276802063,0.09346771985292435,0.09948522597551346,0.12820309400558472,0.0,0.12926940619945526,0.006658799480646849,0.8186740875244141,0.0,0.0,0.36101895570755005,0.22063232958316803,0.16513752937316895,0.17944645881652832,0.4581947922706604,0.0077946484088897705,0.24448823928833008,0.027462733909487724,0.0352138876914978,0.1138843297958374,0.037735674530267715,0.4532324969768524,0.0006548224482685328,0.4801511764526367,0.0,0.05934784561395645,0.2654400169849396,0.21076136827468872,0.6050541400909424,0.0055865636095404625,0.0,0.4653175175189972,0.039907556027173996,0.12454601377248764,0.4739316701889038,0.37978965044021606,0.0,0.01287694089114666,0.004996351432055235,0.18350431323051453,0.29735705256462097,0.03989944979548454,0.35304826498031616,0.027685174718499184,0.06645507365465164,0.5304398536682129,0.3716219365596771,0.12718455493450165,0.0657917782664299,0.0,0.2197282910346985,0.11609896272420883,0.10195232927799225
1,0.5061734318733215,0.22482328116893768,0.2656457722187042,0.7073431015014648,0.12427554279565811,0.17098909616470337,0.5113145112991333,0.28530097007751465,0.8997741937637329,0.7620905637741089,0.4355242848396301,0.3178143799304962,0.3825925886631012,0.31010863184928894,0.06406707316637039,0.47218766808509827,0.13623599708080292,0.1715776026248932,0.7734389901161194,0.5462784171104431,0.6743016839027405,0.13549238443374634,0.17496182024478912,0.7027387619018555,0.16064408421516418,0.09723639488220215,0.9768919944763184,0.49966898560523987,0.22765998542308807,0.6397761106491089,0.9989579319953918,0.6930501461029053,0.3409951329231262,0.6156162023544312,1.0397952795028687,0.7174895405769348,0.46377888321876526,0.4357059895992279,0.35351505875587463,0.1191163882613182,1.0181506872177124,0.6014091372489929,0.14598289132118225,1.0306663513183594,0.7636922001838684,0.4082297384738922,0.9780007600784302,0.5801417231559753,0.44723549485206604,0.9313770532608032,1.0476102828979492,0.8185413479804993,0.79537034034729,0.2895059585571289,0.47118502855300903,0.9674844741821289,0.4792481064796448,0.9453500509262085,0.9144415855407715,0.9677656292915344,0.4671782851219177,0.6580629348754883,0.08913897722959518,0.09347058832645416
0,0.682408332824707,1.107509732246399,0.6098268628120422,0.5236289501190186,0.8147704601287842,0.783185601234436,0.0,0.896344780921936,0.11207829415798187,0.49847257137298584,0.2512735426425934,0.7246259450912476,0.10146023333072662,0.426023006439209,0.41365528106689453,0.09799559414386749,0.4844915568828583,0.29592081904411316,0.440388023853302,0.1506665050983429,0.009952249005436897,1.003316879272461,0.8413980007171631,0.07911242544651031,0.18422460556030273,0.5493547320365906,0.27885615825653076,0.10554608702659607,0.23895414173603058,0.5810365676879883,0.11955101788043976,0.21378639340400696,0.14104193449020386,0.06554919481277466,0.17287933826446533,0.034032199531793594,0.08903183788061142,0.9468605518341064,0.4873790144920349,0.5356898307800293,0.0856964960694313,0.10875801742076874,0.677937924861908,0.2188721001148224,0.33444398641586304,0.8148646354675293,0.12021354585886002,0.09011714905500412,0.061026155948638916,0.09896597266197205,0.23150891065597534,0.019025377929210663,0.28924667835235596,0.5431497693061829,0.1595451831817627,0.2646513283252716,0.41360360383987427,0.16597197949886322,0.0252158772200346,0.6252034902572632,0.39129123091697693,0.6467386484146118,0.5041259527206421,0.6497796773910522
0,0.8736782073974609,0.9199888706207275,0.7817329168319702,0.4798930287361145,0.7391893267631531,0.8976993560791016,0.07610749453306198,0.7011407613754272,0.17598101496696472,0.4762879014015198,0.23436880111694336,0.9390186071395874,0.1768472045660019,0.5021746754646301,0.5637555122375488,0.12593883275985718,0.7334345579147339,0.14876088500022888,0.5093507170677185,0.11494594067335129,0.0276358462870121,0.7897837162017822,0.5519503355026245,0.06848705559968948,0.16378435492515564,0.5324938297271729,0.16065986454486847,0.12064063549041748,0.24295541644096375,0.428669273853302,0.13153700530529022,0.30793723464012146,0.08800230920314789,0.10969685018062592,0.2218964397907257,0.055519673973321915,0.10534654557704926,1.045824646949768,0.9283709526062012,0.9603311419487,0.20386061072349548,0.18206572532653809,0.7285328507423401,0.3237464427947998,0.32621893286705017,1.085962176322937,0.1586340069770813,0.02738039754331112,0.06721490621566772,0.1918019950389862,0.6819862127304077,0.0,0.255721777677536,0.8806687593460083,0.2179926186800003,0.31596696376800537,0.5353355407714844,0.2357095330953598,0.10735508799552917,0.5390536785125732,0.274046391248703,0.49369561672210693,0.7218414545059204,0.49849367141723633
0,0.9326145052909851,0.8297207355499268,0.22277694940567017,0.0,1.053604006767273,1.4086780548095703,0.0,1.0309957265853882,0.0,0.43984243273735046,0.25733640789985657,0.7370103597640991,0.0,0.0,0.5314095616340637,0.0,0.36276280879974365,0.0,0.18637043237686157,0.03170359507203102,0.0,1.0399752855300903,1.1749173402786255,0.0,0.0,0.7840843200683594,0.0,0.0,0.0,0.0,0.0,0.0,0.049444425851106644,0.0,0.07449373602867126,0.0,0.0,1.3876855373382568,0.18131759762763977,1.2951362133026123,0.0,0.0,0.9501940011978149,0.0,0.30976638197898865,0.7489732503890991,0.0,0.0,0.0,0.0,0.0690179318189621,0.023895883932709694,0.0,0.9175505042076111,0.0,0.0,0.6395263075828552,0.059710875153541565,0.0,0.0645061805844307,0.0,0.24056459963321686,0.9072242975234985,1.5577654838562012
1,0.5680935978889465,0.011936316266655922,0.03656459599733353,0.912608802318573,0.010835923254489899,0.02110942266881466,1.1271482706069946,0.0,1.440737009048462,1.6579877138137817,0.7520162463188171,0.07104332745075226,0.8280548453330994,0.4258445203304291,0.0,0.7753491997718811,0.030637118965387344,0.14440657198429108,1.6841661930084229,0.3676030933856964,0.6731497645378113,0.0,0.0006835484527982771,1.236528992652893,0.3921270966529846,0.03999321907758713,1.305659294128418,0.8388351798057556,0.5942606925964355,0.7483493089675903,1.0537059307098389,1.0426877737045288,0.8473974466323853,0.4741288125514984,1.9112626314163208,0.7691314816474915,0.7085103392601013,0.12317647784948349,0.08416259288787842,0.0,1.2335797548294067,0.40038543939590454,0.0,1.111169457435608,1.4007761478424072,0.42053118348121643,1.5399296283721924,0.4937707781791687,0.5920358896255493,0.6576270461082458,1.064903974533081,0.961004912853241,0.6256341934204102,0.20320093631744385,0.7434682846069336,1.1731282472610474,1.0390127897262573,1.5975652933120728,1.3013992309570312,1.374039649963379,0.4704161286354065,0.6721410155296326,0.0,0.04838354513049126
0,0.9801143407821655,1.7227309942245483,1.3087942600250244,0.0,1.146607518196106,1.4345829486846924,0.0,1.5654728412628174,0.0,0.3785640299320221,0.19772741198539734,1.2235444784164429,0.0,0.12750384211540222,1.207504391670227,0.0,1.1127673387527466,0.0,0.2705131471157074,0.0,0.0,1.4910569190979004,1.1286673545837402,0.0,0.0,0.988991379737854,0.0,0.0,0.0,0.02358054555952549,0.0,0.02227468229830265,0.054822683334350586,0.0,0.04024093598127365,0.0,0.006635680794715881,1.2799735069274902,1.0446871519088745,1.362269401550293,0.0,0.0,1.2287945747375488,0.0,0.10660877078771591,1.311402440071106,0.011724783107638359,0.0,0.0,0.0,0.335894376039505,0.0,0.0,0.7086800932884216,0.0,0.0,0.44936424493789673,0.004474008921533823,0.0,0.04756274074316025,0.0,0.07425746321678162,1.269028902053833,1.2833458185195923
0,0.06770232319831848,0.20558474957942963,0.09162718802690506,0.037030965089797974,0.21208341419696808,0.41032087802886963,0.3009965121746063,0.38417279720306396,0.059118688106536865,1.1454774141311646,0.4473531246185303,0.160162553191185,0.0,0.0,0.17389507591724396,0.06065742298960686,0.12776856124401093,0.0,0.8193953633308411,0.0,0.11316505074501038,0.09173669666051865,0.383510559797287,0.3030191957950592,0.5714368224143982,0.16770386695861816,0.0,0.48653340339660645,0.30010315775871277,0.05630664527416229,0.0,0.2172727733850479,0.19411027431488037,0.0,0.8706858158111572,0.0,0.1654057651758194,0.354185551404953,0.0,0.23474258184432983,0.0,0.0,1.1669718027114868,0.0,0.48066428303718567,0.18691688776016235,0.0,0.013641364872455597,0.44377538561820984,0.0,0.09965404868125916,0.0,0.07388032972812653,0.5219206809997559,0.0,0.06984298676252365,1.0906130075454712,0.5596954226493835,0.32581642270088196,0.3055049180984497,0.0,0.6843423247337341,0.31008973717689514,0.4336336851119995
0,0.40763065218925476,0.8625212907791138,0.6480298638343811,0.10847629606723785,0.45224711298942566,0.5247666239738464,0.22929586470127106,0.7365871071815491,0.1516304314136505,1.0224547386169434,0.562357485294342,0.4581732749938965,0.0,0.039144471287727356,0.33905526995658875,0.023231765255331993,0.34347277879714966,0.0,0.9037634134292603,0.0,0.11558514088392258,0.5380268692970276,0.5732702016830444,0.18625761568546295,0.39398762583732605,0.4931866228580475,0.023062031716108322,0.46341875195503235,0.2766647934913635,0.143851175904274,0.17739011347293854,0.04168546572327614,0.3471725285053253,0.0,0.784321129322052,0.0,0.1610652059316635,0.5760093331336975,0.5553063154220581,0.6104706525802612,0.011805151589214802,0.002082747407257557,0.6966231465339661,0.03413895145058632,0.23423601686954498,0.7057524919509888,0.1105661541223526,0.0,0.17823192477226257,0.027818556874990463,0.7450934052467346,0.18272621929645538,0.1042889729142189,0.16832783818244934,0.038072071969509125,0.15027588605880737,0.6270875930786133,0.6411454081535339,0.14318180084228516,0.2502284049987793,0.006114353891462088,0.4522045850753784,0.48511093854904175,0.48904162645339966
0,2.12125825881958,0.8145447969436646,1.0522267818450928,0.0,1.5299676656723022,1.7125921249389648,0.0,1.27004075050354,0.0,0.1032494381070137,0.16946357488632202,1.6213878393173218,0.0,0.0,1.2047317028045654,0.0,1.380935549736023,0.0,0.03578660637140274,0.0,0.0,1.375849723815918,1.2158894538879395,0.002375488169491291,0.0,0.5223484635353088,0.0,0.0,0.0,0.0,0.0,0.0,0.018979106098413467,0.0,0.02269786037504673,0.0,0.0,1.2580431699752808,0.48228809237480164,1.564867615699768,0.0,0.0,1.3857187032699585,0.0,0.019640520215034485,1.836987853050232,0.02805090881884098,0.1496191918849945,0.0,0.07637296617031097,0.04840786010026932,0.0,0.0,2.3000147342681885,0.0,0.0,0.3399070203304291,0.03214285895228386,0.10313700139522552,0.0,0.0,0.0,1.9607734680175781,2.2805049419403076
1,0.26831570267677307,0.5367242693901062,0.4361880123615265,0.8246968388557434,0.2830783724784851,0.3193427622318268,0.31068339943885803,0.30700215697288513,0.6331661939620972,0.4605790674686432,0.5158794522285461,0.53075110912323,0.3627268075942993,0.43319442868232727,0.26609453558921814,0.35553064942359924,0.3994010388851166,0.26356399059295654,0.783775269985199,0.48228105902671814,0.6559377312660217,0.36771050095558167,0.35372471809387207,0.47075945138931274,0.14327293634414673,0.3246658444404602,0.7518384456634521,0.38197392225265503,0.22876110672950745,0.7661685347557068,0.8397992253303528,0.6678153872489929,0.21773110330104828,0.6577861309051514,0.6751822233200073,0.7457854151725769,0.5064647793769836,0.4695921242237091,0.37232330441474915,0.3524291217327118,0.8129510283470154,0.6635212302207947,0.3832398056983948,0.9500300288200378,0.5718787312507629,0.3796343207359314,0.703252375125885,0.44786420464515686,0.4176584780216217,0.8942646980285645,0.6886019706726074,0.4163455367088318,0.7750048041343689,0.4388638436794281,0.6214941143989563,0.9626882076263428,0.5627412796020508,0.6190747618675232,0.6332827806472778,0.7307340502738953,0.5147708058357239,0.6514760851860046,0.2023327499628067,0.42638492584228516
1,0.7794322371482849,0.29856187105178833,0.2767883241176605,0.6368729472160339,0.1661442667245865,0.12246335297822952,0.6602287292480469,0.24942591786384583,0.9495934844017029,1.0295451879501343,0.519580066204071,0.4237511157989502,0.4906984567642212,0.14456412196159363,0.06620854884386063,0.47865763306617737,0.08580761402845383,0.08767479658126831,1.0444226264953613,0.5746417045593262,0.6375992298126221,0.10901595652103424,0.0887732282280922,0.8080007433891296,0.12485533207654953,0.11529937386512756,0.9284355044364929,0.5675718784332275,0.22975198924541473,0.5774608254432678,0.9184498190879822,0.6081411838531494,0.5084681510925293,0.45688027143478394,1.2744238376617432,0.5004502534866333,0.4962426722049713,0.4393949508666992,0.43829163908958435,0.22763128578662872,1.0631736516952515,0.39794930815696716,0.212124302983284,0.8505407571792603,0.912541925907135,0.6755807399749756,1.0296756029129028,0.4601801335811615,0.37727785110473633,0.8043348789215088,1.3904436826705933,0.7857953906059265,0.6694278717041016,0.1942746788263321,0.5416971445083618,0.9406192898750305,0.5047445893287659,1.1627556085586548,1.0039598941802979,1.0199657678604126,0.37277087569236755,0.5989418625831604,0.13997937738895416,0.1460716724395752
1,0.32863667607307434,0.5329373478889465,0.3225373923778534,0.931186318397522,0.33336806297302246,0.37318336963653564,0.24330349266529083,0.36706018447875977,0.5305563807487488,0.48262444138526917,0.5226778984069824,0.4722850024700165,0.409999817609787,0.5376198291778564,0.21385224163532257,0.3595806062221527,0.300824373960495,0.285419225692749,0.810483992099762,0.4566161036491394,0.5950125455856323,0.4110429584980011,0.3927519619464874,0.4540175497531891,0.15274399518966675,0.30186203122138977,0.8387033343315125,0.43654197454452515,0.2434851974248886,0.8649464249610901,0.8149991035461426,0.616135835647583,0.21811261773109436,0.5253677368164062,0.6571153402328491,0.5971167683601379,0.5282641053199768,0.49005088210105896,0.1982382833957672,0.22651799023151398,0.7833535671234131,0.5880481600761414,0.4019030034542084,0.9997071623802185,0.6334210634231567,0.3058621883392334,0.6322295069694519,0.393576055765152,0.4281250238418579,0.7861976027488708,0.6212496757507324,0.3221766948699951,0.8389635682106018,0.4275919795036316,0.6174848675727844,0.9250971078872681,0.5582663416862488,0.6464667320251465,0.5746789574623108,0.9421944618225098,0.604041576385498,0.7985241413116455,0.20295295119285583,0.3886592984199524
1,0.3522428274154663,0.0,0.04394311085343361,0.8881517648696899,0.009950372390449047,0.0,0.31197282671928406,0.0,0.9401494860649109,1.064757227897644,0.6205894351005554,0.07236462086439133,0.5743935108184814,0.37153539061546326,0.0,0.5549222826957703,0.037499457597732544,0.20175720751285553,1.1684678792953491,0.4987074136734009,0.8199594020843506,0.0,0.0,0.7539346814155579,0.2711564898490906,0.04394187405705452,1.050217866897583,0.5569593906402588,0.2916513979434967,0.8746669888496399,1.1653361320495605,0.7690063714981079,0.4396331012248993,0.5882376432418823,1.175829291343689,0.6856828927993774,0.7592154145240784,0.05078000947833061,0.07518459111452103,0.0,0.9639526009559631,0.583862841129303,0.0,1.0828841924667358,1.1067475080490112,0.2268357127904892,0.9534685015678406,0.5412186980247498,0.45113077759742737,0.9275183081626892,0.6679209470748901,0.9341075420379639,0.851837158203125,0.1808283030986786,0.6820142269134521,1.1010946035385132,0.7609672546386719,1.0629942417144775,0.8502247333526611,1.1852595806121826,0.5212843418121338,0.892671525478363,0.0,0.028693784028291702
1,0.5129417181015015,0.24764837324619293,0.2108277976512909,0.7879130840301514,0.1285007894039154,0.08709373325109482,0.34814977645874023,0.20279350876808167,0.5623274445533752,0.8562828302383423,0.4470014274120331,0.3553234934806824,0.4269479215145111,0.34978076815605164,0.04416167363524437,0.391067773103714,0.09212663024663925,0.08509840071201324,0.8885631561279297,0.3964909613132477,0.4463242292404175,0.09589758515357971,0.07550404965877533,0.46038538217544556,0.09316779673099518,0.1053582951426506,0.689630925655365,0.4406377673149109,0.24005742371082306,0.6263679265975952,0.6226480007171631,0.4834812879562378,0.35160452127456665,0.3325392007827759,0.8759170770645142,0.35924163460731506,0.43129613995552063,0.3359251916408539,0.32128435373306274,0.16053390502929688,0.8102274537086487,0.3940119743347168,0.14811928570270538,0.8617877960205078,0.7159932851791382,0.46509498357772827,0.6706458330154419,0.29236045479774475,0.32792165875434875,0.6864327192306519,1.4528287649154663,0.3630230724811554,0.6676368713378906,0.1611776351928711,0.49950188398361206,0.8174741864204407,0.4957592785358429,0.9151065349578857,0.6325348615646362,0.9221048951148987,0.3862155079841614,0.7033551335334778,0.08325303345918655,0.13989776372909546
0,0.3038688004016876,0.5115763545036316,0.415857195854187,0.3111073672771454,0.19284579157829285,0.30743932723999023,0.3455715775489807,0.3734118640422821,0.41127440333366394,1.3641952276229858,0.6267468333244324,0.17566730082035065,0.307995468378067,0.15093202888965607,0.22025969624519348,0.05691782757639885,0.16356851160526276,0.023209458217024803,1.50723135471344,0.00015216917381621897,0.1895957738161087,0.20010656118392944,0.26615387201309204,0.2527180016040802,0.40020766854286194,0.327527791261673,0.2989903688430786,0.798534095287323,0.42875295877456665,0.28639793395996094,0.6119861602783203,0.058131199330091476,0.4980580508708954,0.007170744240283966,1.3500689268112183,0.0,0.6377463936805725,0.2983068525791168,0.43346282839775085,0.28448933362960815,0.3103696405887604,0.0,0.3489266633987427,0.07700759917497635,0.6911261677742004,0.6008813381195068,0.7101351022720337,0.0,0.14174523949623108,7.352459942921996e-05,0.7374157905578613,0.4880123436450958,0.11289604008197784,0.2304028421640396,0.2512510418891907,0.2539193332195282,0.733444333076477,0.7305944561958313,0.16919870674610138,0.5812108516693115,0.0,0.5677470564842224,0.21819530427455902,0.14335671067237854
0,0.859420120716095,0.9264077544212341,0.3306230902671814,0.0,0.788753867149353,0.9924501776695251,0.01954079605638981,0.9362659454345703,0.0,0.7621350884437561,0.4734368324279785,0.7057928442955017,0.0,0.0,0.4989156723022461,0.0,0.4793882369995117,0.0,0.288296639919281,0.004291412886232138,0.0,0.644054114818573,1.1756337881088257,0.0,0.015451067127287388,0.6909104585647583,0.0,0.0,0.0,0.0,0.0,0.011966434307396412,0.11444362252950668,0.0,0.1962534338235855,0.0,0.02774428203701973,1.1705232858657837,0.33407503366470337,0.7264604568481445,0.0,0.0,0.8730637431144714,0.0,0.16137102246284485,0.7072331309318542,0.005729329772293568,0.0,0.001888312166556716,0.0,0.16053831577301025,0.05910695344209671,0.0,1.1110161542892456,0.0,0.0,0.9767131805419922,0.12756983935832977,0.0,0.08321939408779144,0.0,0.24352826178073883,0.8290085196495056,1.0316355228424072
1,0.30143433809280396,0.3434256911277771,0.35909199714660645,0.8449589014053345,0.2103041410446167,0.21591277420520782,0.3396811783313751,0.1882629692554474,0.6064543724060059,0.5020906329154968,0.5348519086837769,0.4465014934539795,0.4161747097969055,0.4850980043411255,0.19185994565486908,0.388485848903656,0.2342682182788849,0.314799427986145,0.811240553855896,0.6089310646057129,0.6997785568237305,0.2806421220302582,0.1396605223417282,0.5574102997779846,0.15777072310447693,0.21868254244327545,0.8561760187149048,0.48809465765953064,0.2585796117782593,0.832665741443634,0.8558921813964844,0.6527340412139893,0.2156849354505539,0.6261372566223145,0.7368839383125305,0.6926133036613464,0.541226863861084,0.3828151226043701,0.44411298632621765,0.24308381974697113,0.9190444946289062,0.6159517765045166,0.28196123242378235,0.9847279787063599,0.649246335029602,0.400068998336792,0.7214673161506653,0.5109172463417053,0.5458499193191528,0.902056097984314,0.8526137471199036,0.4250987470149994,0.8326995372772217,0.4568801522254944,0.6625264286994934,0.9670323729515076,0.5806976556777954,0.6815914511680603,0.8418660163879395,0.8580845594406128,0.5660493969917297,0.6941052675247192,0.09540364891290665,0.17945541441440582
1,0.05148247256875038,0.09140169620513916,0.14979340136051178,0.014781673438847065,0.0,0.029883973300457,1.8831548690795898,0.14193515479564667,1.1966546773910522,2.8985564708709717,0.6481850147247314,0.025061840191483498,0.0,0.0,0.018979979678988457,0.36352455615997314,0.026808297261595726,0.0,2.4487898349761963,0.0,0.2860790491104126,0.0,0.12002947926521301,2.231394052505493,2.3136823177337646,0.1008329913020134,0.0,2.180483102798462,1.7446459531784058,0.33622756600379944,0.0,0.9027940630912781,1.2080965042114258,0.0,3.3461697101593018,0.0,0.38485875725746155,0.010039612650871277,0.08423595875501633,0.02176891267299652,0.0,0.0,0.5567605495452881,0.00278509221971035,1.148677945137024,0.036230407655239105,0.0,0.34099626541137695,1.6104588508605957,0.01642126403748989,0.6940114498138428,0.0,0.05900152400135994,0.16825330257415771,0.0,0.6767085790634155,1.603209376335144,2.155855417251587,1.9680660963058472,0.8916764259338379,0.0,1.437820553779602,0.05946791172027588,0.09810501337051392
1,0.7046565413475037,0.37879636883735657,0.5015603303909302,0.47174495458602905,0.16702666878700256,0.2772786021232605,0.8329757452011108,0.3537209928035736,0.9235292673110962,0.7377726435661316,0.4636874794960022,0.45786768198013306,0.4462793469429016,0.21165962517261505,0.1915263682603836,0.4385317862033844,0.2612231373786926,0.11961468309164047,0.8603047132492065,0.47774171829223633,0.5368951559066772,0.20148232579231262,0.2341523915529251,0.8546848297119141,0.1303359866142273,0.1909766048192978,0.9217251539230347,0.5204068422317505,0.2556493878364563,0.4229758679866791,0.8506506681442261,0.6950088739395142,0.35168272256851196,0.47211629152297974,1.2139774560928345,0.6788955926895142,0.4010562300682068,0.5588313341140747,0.5524999499320984,0.2466675490140915,1.0244964361190796,0.4674413204193115,0.31614065170288086,0.875869870185852,0.7029318809509277,0.6262763738632202,1.1806052923202515,0.5420076251029968,0.3937046527862549,0.8236478567123413,1.282006025314331,0.7858437299728394,0.5910083055496216,0.47383031249046326,0.4340363144874573,0.8792309761047363,0.5881810188293457,0.933987021446228,1.1654653549194336,0.7818467020988464,0.3345908522605896,0.3798604905605316,0.18489839136600494,0.2557258605957031
1,0.7780544757843018,0.8095535635948181,0.5115020275115967,0.7647157311439514,0.5502877831459045,0.767862856388092,0.2755085527896881,0.6144842505455017,0.5353772044181824,0.4653453826904297,0.4627794027328491,0.8909065127372742,0.35601431131362915,0.4152701199054718,0.4237857162952423,0.31983911991119385,0.5391154289245605,0.2717372179031372,0.6988607048988342,0.42858123779296875,0.5227439403533936,0.6345490217208862,0.4846480190753937,0.38158515095710754,0.13211393356323242,0.45851191878318787,0.6559107303619385,0.36107710003852844,0.22725240886211395,0.6558693647384644,0.6708613634109497,0.5579174757003784,0.2172008603811264,0.47435009479522705,0.5828496217727661,0.5211676955223083,0.4376717507839203,0.9764791131019592,0.6683927178382874,0.7380037903785706,0.7164998650550842,0.5123571753501892,0.695920467376709,0.8096211552619934,0.5220603346824646,0.8011451363563538,0.5545728802680969,0.42384934425354004,0.35086217522621155,0.7180056571960449,0.7260728478431702,0.3231111168861389,0.6581680774688721,0.7402233481407166,0.5570816397666931,0.7883470058441162,0.533231258392334,0.5667174458503723,0.5190334320068359,0.6951484680175781,0.46286430954933167,0.564649224281311,0.6597411632537842,0.5640285611152649
1,0.70247483253479,0.11972904205322266,0.14616519212722778,0.9113563895225525,0.07524888962507248,0.0435740128159523,0.4006383717060089,0.11634329706430435,0.9650458097457886,0.8305783867835999,0.40283894538879395,0.2653946280479431,0.49898162484169006,0.348989874124527,0.02983991429209709,0.661211371421814,0.048989344388246536,0.1900465488433838,0.8295649886131287,0.6870960593223572,0.8100665211677551,0.04126514494419098,0.04156589135527611,0.7200294137001038,0.18709713220596313,0.05215528979897499,1.0544569492340088,0.5821014046669006,0.3566894233226776,0.8134112358093262,1.0796624422073364,0.7988380789756775,0.2545243501663208,0.5893127918243408,1.010951280593872,0.7061044573783875,0.6387538909912109,0.25299081206321716,0.24243766069412231,0.10312296450138092,1.141917109489441,0.6213692426681519,0.08397885411977768,1.1728698015213013,1.0373023748397827,0.41556498408317566,0.8242974281311035,0.6082468628883362,0.5260114073753357,1.0503199100494385,1.294526219367981,0.7792477607727051,0.9558829069137573,0.22028225660324097,0.7239235639572144,1.0718086957931519,0.5931031107902527,0.9554858803749084,0.9022766947746277,1.1996123790740967,0.6056119799613953,0.8211795687675476,0.07399307936429977,0.06675247848033905
1,0.5341095924377441,0.20061984658241272,0.27877435088157654,0.40184032917022705,0.10700640082359314,0.07616298645734787,1.0812407732009888,0.15697242319583893,1.0840439796447754,1.7695454359054565,1.096911907196045,0.2601338028907776,0.7625692486763,0.09029403328895569,0.09991201758384705,0.5051824450492859,0.07737292349338531,0.16627663373947144,1.5800411701202393,0.41756221652030945,0.6035022139549255,0.10819955170154572,0.07519137114286423,1.1193329095840454,0.43077516555786133,0.26931753754615784,0.9456635117530823,0.6945391297340393,0.3444589376449585,0.48585909605026245,1.012718915939331,0.5627554059028625,0.9749366641044617,0.3945520520210266,1.7597581148147583,0.5268940329551697,0.5529705882072449,0.25643429160118103,0.38867056369781494,0.18205596506595612,0.9675085544586182,0.3164856731891632,0.16276226937770844,0.5956011414527893,1.056823968887329,0.5438236594200134,1.3817812204360962,0.4439133405685425,0.3505735993385315,0.6286128759384155,0.8688374161720276,1.4139889478683472,0.4558946490287781,0.1744084507226944,0.619343101978302,0.7977279424667358,1.0785820484161377,1.5813241004943848,1.0976749658584595,0.8575890064239502,0.25283145904541016,0.4592401683330536,0.08571936935186386,0.11147104948759079
0,0.8454473614692688,0.7091320753097534,0.6716649532318115,0.5001910924911499,0.626576840877533,0.6739738583564758,0.0,0.792532742023468,0.1473940759897232,0.5631484985351562,0.23992635309696198,0.6253033876419067,0.17055776715278625,0.5814864635467529,0.5440739393234253,0.1468210518360138,0.4693054258823395,0.27945369482040405,0.5095086693763733,0.20444445312023163,0.001039268565364182,0.6705130338668823,0.352909654378891,0.11895810812711716,0.23069079220294952,0.3534354567527771,0.11481855064630508,0.10864382237195969,0.34529924392700195,0.4716019034385681,0.09537526965141296,0.2771872282028198,0.08754964172840118,0.04991603642702103,0.22672541439533234,0.018982257694005966,0.10581973195075989,0.8152107000350952,0.7948924899101257,0.6884537935256958,0.10541005432605743,0.13894127309322357,0.6247609853744507,0.21833127737045288,0.4522118866443634,0.9092109203338623,0.1491573005914688,0.09077563881874084,0.04429514333605766,0.1059604063630104,0.4481092095375061,0.0,0.22941173613071442,0.7923822402954102,0.22886833548545837,0.28591111302375793,0.5836024880409241,0.1908160150051117,0.09986959397792816,0.6429064273834229,0.35156822204589844,0.5538204312324524,0.699457585811615,0.3664020597934723
1,0.10897936671972275,0.07345037907361984,0.14092035591602325,0.80596923828125,0.020103247836232185,0.03833147883415222,1.2560548782348633,0.10135896503925323,1.1562811136245728,1.6380090713500977,1.7817209959030151,0.06166036054491997,1.2788138389587402,0.5026147961616516,0.0,0.3078377842903137,0.028056466951966286,0.4059089720249176,2.4475646018981934,0.366914838552475,0.5305312275886536,0.025728099048137665,0.06867004185914993,1.1144734621047974,0.501925528049469,0.40569430589675903,0.7151402235031128,1.0142806768417358,0.20072703063488007,0.7180837392807007,1.086864948272705,0.7367455959320068,1.4102550745010376,0.3452625572681427,1.7543665170669556,0.4441435933113098,0.5160793662071228,0.03949267417192459,0.03764418512582779,0.0,0.8365771174430847,0.4519657492637634,0.055978577584028244,0.8617935180664062,0.8725681304931641,0.022379061207175255,1.7583465576171875,0.27465420961380005,0.3329313099384308,0.6228460073471069,0.5707954168319702,1.1991349458694458,0.7077157497406006,0.1679762750864029,0.9082350730895996,0.7124737501144409,1.116725206375122,1.8054165840148926,0.9954700469970703,0.8645481467247009,0.4223599135875702,0.7136067152023315,0.0,0.05643746256828308
0,1.0845860242843628,1.1162676811218262,1.0706924200057983,0.24093680083751678,0.9525246620178223,1.0813510417938232,0.0002570656652096659,1.1052219867706299,0.11179771274328232,0.20950236916542053,0.12469959259033203,0.919055700302124,0.002672281116247177,0.1965789794921875,0.7476744651794434,0.06317878514528275,0.7862451672554016,0.09370358288288116,0.17009896039962769,0.09226827323436737,0.011258890852332115,1.0472307205200195,0.7731488943099976,0.026360858231782913,0.016448359936475754,0.6035338640213013,0.1260811686515808,0.07701115310192108,0.09627997130155563,0.17482905089855194,0.06068526953458786,0.10308978706598282,0.03778013586997986,0.05086378753185272,0.008932961151003838,0.03469712287187576,0.009699834510684013,1.2922133207321167,1.0879770517349243,1.0506356954574585,0.08747362345457077,0.08538709580898285,0.8939225673675537,0.1691538691520691,0.13870933651924133,1.2095152139663696,0.04047711193561554,0.02656366676092148,0.01824401505291462,0.08572099357843399,0.5625537633895874,0.0,0.1041388288140297,0.9599255323410034,0.10829906165599823,0.13096794486045837,0.2957024872303009,0.04733089730143547,0.10464557260274887,0.20797546207904816,0.17041565477848053,0.17817211151123047,0.9334676861763,0.7923569679260254
1,0.027326537296175957,0.08142584562301636,0.00997846107929945,0.2680872082710266,0.04797447472810745,0.0,0.739266574382782,0.0,0.7536859512329102,2.264432907104492,0.9630223512649536,0.04595673456788063,0.6334084868431091,0.06961072981357574,0.0,0.31862640380859375,0.028242481872439384,0.054216910153627396,1.823984980583191,0.03206842020153999,0.32072681188583374,0.0,0.0,0.862152636051178,0.40499812364578247,0.10413774102926254,0.6147753596305847,0.40184101462364197,0.17061226069927216,0.35969680547714233,0.6663236021995544,0.3763195872306824,1.2249342203140259,0.22214294970035553,1.795385479927063,0.1217620000243187,0.509356677532196,0.07244668155908585,0.1230340451002121,0.0,0.47752949595451355,0.04513723775744438,0.0,0.18955852091312408,1.0800480842590332,0.38251855969429016,1.171541452407837,0.17046299576759338,0.19581075012683868,0.1112796887755394,0.23643264174461365,1.0203980207443237,0.08644068986177444,0.05795402452349663,0.2331194132566452,0.5713807344436646,1.0571473836898804,1.551666498184204,0.6299886107444763,0.7613810300827026,0.025817841291427612,0.6841309666633606,0.0,0.000981503981165588
1,0.15990187227725983,0.2061106115579605,0.17606677114963531,0.36858096718788147,0.1817028820514679,0.21152569353580475,0.004538818262517452,0.21576529741287231,0.09275857359170914,1.2473214864730835,0.6236474514007568,0.08598537743091583,0.19997839629650116,0.3879575729370117,0.05918285250663757,0.07583753019571304,0.10905417054891586,0.10168886184692383,1.0341593027114868,0.08596193045377731,0.07467390596866608,0.14631927013397217,0.11040176451206207,0.15947577357292175,0.2831319570541382,0.11733885854482651,0.18694424629211426,0.13921929895877838,0.15266942977905273,0.47262197732925415,0.23979561030864716,0.26424798369407654,0.38992685079574585,0.05035851150751114,0.5872265696525574,0.03618177771568298,0.2594846487045288,0.17599651217460632,0.1671084612607956,0.10283858329057693,0.07516070455312729,0.08402714133262634,0.1354106217622757,0.17908808588981628,0.5388500690460205,0.20017918944358826,0.29900917410850525,0.039953865110874176,0.07399193197488785,0.1160673275589943,0.24443040788173676,0.15916568040847778,0.19246956706047058,0.27944323420524597,0.168235644698143,0.2773635983467102,1.0125916004180908,0.4407716989517212,0.058073740452528,0.589605987071991,0.17275016009807587,0.7972535490989685,0.08875089883804321,0.08572174608707428
1,0.047060783952474594,0.2408473640680313,0.7924970388412476,0.041114937514066696,0.10257767140865326,0.15962521731853485,1.649308204650879,0.17811457812786102,1.6204493045806885,0.1493850201368332,1.2095894813537598,0.771888256072998,0.21280641853809357,0.06602609902620316,0.14329907298088074,0.0,0.43876099586486816,0.0,1.5791171789169312,0.22464191913604736,0.3390151858329773,0.1699073165655136,0.07172760367393494,1.1171208620071411,0.0,0.2291048765182495,0.5047345161437988,0.9821949005126953,0.0,0.0014492678456008434,1.099426031112671,0.9374666810035706,1.07652747631073,0.8060047030448914,2.19944167137146,0.01796112395823002,0.006893111392855644,0.182415172457695,0.2815825641155243,0.14669078588485718,0.5871648788452148,0.13736000657081604,0.11370260268449783,0.4296078383922577,0.0,0.8167315721511841,2.2225613594055176,0.2826613485813141,0.005699483212083578,0.9514432549476624,0.27175164222717285,0.7772493958473206,0.0015676545444875956,0.3382081687450409,0.2952798902988434,0.674019992351532,0.20193113386631012,1.1947914361953735,2.048881769180298,0.0,0.0,0.02459212951362133,0.033156782388687134,0.0691782608628273
1,0.0,0.007375658955425024,0.03432241827249527,0.865705132484436,0.0,0.023177620023489,0.20476078987121582,0.01507512666285038,0.7827396988868713,0.5907009840011597,0.8231477737426758,0.015258167870342731,0.5087989568710327,0.7633243799209595,0.0,0.41298580169677734,0.09060384333133698,0.482940137386322,1.3608834743499756,0.3252662718296051,0.8081831932067871,0.008858484216034412,0.014966282062232494,0.7099806666374207,0.38543373346328735,0.038410790264606476,0.8588510751724243,0.5988866090774536,0.3882597088813782,0.946212649345398,1.3398869037628174,0.9284042119979858,0.5285140872001648,0.9214396476745605,1.0623507499694824,0.8011213541030884,0.700156569480896,0.013939982280135155,0.038459524512290955,0.0,0.9565812945365906,0.8835926055908203,0.01199433021247387,1.2028601169586182,0.8412742614746094,0.0051658544689416885,1.1644352674484253,0.5445813536643982,0.4586917757987976,1.0057114362716675,0.10810551792383194,0.8608617782592773,0.7855119705200195,0.3553406000137329,0.7131849527359009,1.2184462547302246,0.6818665266036987,0.7525655627250671,0.8406268358230591,1.0470293760299683,0.6760451197624207,0.7421631813049316,0.0,0.00353371724486351
0,0.9799623489379883,1.5729413032531738,1.128942608833313,0.22465896606445312,0.9469437003135681,1.1269574165344238,0.0,1.2483644485473633,0.03048332780599594,0.4302869141101837,0.2667264938354492,0.921495258808136,0.09206558018922806,0.25082874298095703,0.7471404075622559,0.03281966596841812,0.7742847204208374,0.07908785343170166,0.41915756464004517,0.09082408249378204,0.055857859551906586,1.1171541213989258,0.7029044032096863,0.03045615553855896,0.1634981632232666,0.8158809542655945,0.20554549992084503,0.15232497453689575,0.07867948710918427,0.3590179681777954,0.22032248973846436,0.11652223765850067,0.13655488193035126,0.12409760057926178,0.1459982693195343,0.06464232504367828,0.08728468418121338,1.4089640378952026,1.0203800201416016,1.004011631011963,0.026552915573120117,0.036090314388275146,0.9528990983963013,0.08693255484104156,0.1725509762763977,1.3459157943725586,0.12969428300857544,0.009533174335956573,0.1649060696363449,0.07359146326780319,0.251628041267395,0.14439743757247925,0.09653784334659576,0.6143563985824585,0.10306214541196823,0.1367921382188797,0.402137815952301,0.14308130741119385,0.11778710037469864,0.26760149002075195,0.12427298724651337,0.4168280363082886,0.8530611991882324,0.6466888785362244
0,1.5412482023239136,0.5694589614868164,1.0818907022476196,0.0,1.0181578397750854,1.179735779762268,0.05457458645105362,1.0711097717285156,0.0005615336704067886,0.18162763118743896,0.4146464467048645,1.2531757354736328,0.0,0.0004521598166320473,0.9283064007759094,0.0,1.1556837558746338,0.0,0.1796571910381317,0.009359607473015785,0.0,0.975601077079773,0.8134328722953796,0.12945881485939026,0.0,0.4589918255805969,0.11940836906433105,0.0,0.0,0.0,0.1565130054950714,0.015961725264787674,0.047345589846372604,0.06970874965190887,0.31525206565856934,0.03626884147524834,0.0,0.9237089157104492,0.36657676100730896,1.2407146692276,0.06129872053861618,0.014535760506987572,0.9755417108535767,0.07105010002851486,0.007820304483175278,1.5100650787353516,0.40189504623413086,0.2172963172197342,0.0,0.3050040304660797,0.05864178389310837,0.08461375534534454,0.0,1.5717089176177979,0.0,0.01305603701621294,0.2835884392261505,0.09971262514591217,0.4452059268951416,0.0,0.0,0.0,1.2415534257888794,1.4838517904281616
1,1.115576148033142,0.42955756187438965,1.07664155960083,0.03643400967121124,0.7669788002967834,0.9303270578384399,0.3057525157928467,0.923012375831604,0.31073352694511414,0.13366027176380157,0.5684514045715332,1.154219388961792,0.07661687582731247,0.059076014906167984,0.7411323189735413,0.0,1.0848479270935059,0.0,0.6371552348136902,0.09165628254413605,0.06271281093358994,0.8181105852127075,0.5514756441116333,0.3662867248058319,0.0,0.29441142082214355,0.23197302222251892,0.18909677863121033,0.0,0.0012967244256287813,0.4480050206184387,0.23430714011192322,0.28607192635536194,0.25479164719581604,0.7955560684204102,0.025611434131860733,0.006167523562908173,0.5407663583755493,0.24079689383506775,0.9696351289749146,0.19124700129032135,0.07663480192422867,0.6925857663154602,0.23914366960525513,0.0,1.3099985122680664,0.8978842496871948,0.22235727310180664,0.0,0.5238024592399597,0.07589957863092422,0.17774450778961182,0.0014026385033503175,1.0966681241989136,0.10197535157203674,0.2264493852853775,0.18067525327205658,0.3576979339122772,0.8087038993835449,0.0,0.0,0.017922285944223404,0.9307407736778259,1.1199203729629517
1,0.7317920923233032,0.16843928396701813,0.23419234156608582,0.6820807456970215,0.0628860741853714,0.03282254934310913,0.8507453799247742,0.14552682638168335,0.9747133851051331,1.1515480279922485,0.5844334959983826,0.3155333995819092,0.585203230381012,0.2586703896522522,0.010228005237877369,0.5456547141075134,0.038179103285074234,0.08444234728813171,1.112552285194397,0.4930298328399658,0.5631440877914429,0.027778007090091705,0.06479264795780182,0.8644347190856934,0.17960473895072937,0.0568978525698185,0.9548172354698181,0.583392322063446,0.3419746458530426,0.5415797233581543,0.8428009152412415,0.7507283687591553,0.4988451600074768,0.38878533244132996,1.42632257938385,0.5931671857833862,0.5010021924972534,0.2726716697216034,0.3402119278907776,0.11369888484477997,1.1325178146362305,0.38996344804763794,0.10890549421310425,0.930905282497406,0.9483525156974792,0.5476396679878235,1.1620807647705078,0.5121586918830872,0.42954739928245544,0.8067566156387329,1.5640190839767456,0.7457504868507385,0.7244166135787964,0.16778649389743805,0.5631611347198486,0.9399209022521973,0.6727347373962402,1.1961249113082886,1.0882973670959473,1.0817065238952637,0.3886135518550873,0.5729507803916931,0.05201307684183121,0.14047199487686157
0,0.9874621033668518,1.195191740989685,1.0430376529693604,0.1500382423400879,0.9758689999580383,0.9705778360366821,0.0,1.057565450668335,0.08853186666965485,0.3177332580089569,0.16238056123256683,0.9370111227035522,0.018103454262018204,0.06353818625211716,0.6435121893882751,0.04050515964627266,0.7065426111221313,0.028237316757440567,0.2173207551240921,0.08821207284927368,0.024280594661831856,1.0305217504501343,0.7811295390129089,0.02169647626578808,0.0017387124244123697,0.6448937654495239,0.16125132143497467,0.05182630941271782,0.003796266159042716,0.14487814903259277,0.10795097798109055,0.07728032022714615,0.12649036943912506,0.08363039046525955,0.025849293917417526,0.03986033424735069,0.02239113114774227,1.2788279056549072,1.0554683208465576,1.1252021789550781,0.07332008332014084,0.07776395231485367,0.9122320413589478,0.1289631426334381,0.1204381063580513,1.1978204250335693,0.06911388784646988,0.030177950859069824,0.006048885639756918,0.11474331468343735,0.5015274286270142,0.03242171183228493,0.05144515261054039,0.8180882334709167,0.056867990642786026,0.12912319600582123,0.23561735451221466,0.09151552617549896,0.10118760168552399,0.08500490337610245,0.08159171044826508,0.11265470087528229,0.8170598149299622,0.7912470698356628
0,0.37135520577430725,0.9435840249061584,0.7242271900177002,0.12230351567268372,0.7478528022766113,1.1137062311172485,0.0,1.26590096950531,0.0,0.37661659717559814,0.3236842155456543,0.5284570455551147,0.016121044754981995,0.1894739419221878,0.6992642879486084,0.0,0.4373157024383545,0.0,0.44401073455810547,0.0,0.021724916994571686,0.8895120620727539,1.1798241138458252,0.0,0.02995176427066326,0.45643308758735657,0.0,0.0,0.0,0.24399717152118683,0.040630996227264404,0.013878490775823593,0.10502320528030396,0.0,0.16065174341201782,0.0,0.11252770572900772,0.8255254626274109,0.5216141939163208,0.7261185646057129,0.0,0.0,0.7692036628723145,0.05549335479736328,0.20533327758312225,0.5957434773445129,0.10757476091384888,0.0,0.0,0.0,0.24975532293319702,0.0075750346295535564,0.04977854713797569,0.3979268968105316,0.0,0.0,0.5656180381774902,0.048003945499658585,0.0,0.19054014980793,0.0,0.4054777920246124,0.6233447790145874,0.926481306552887
0,0.5247898101806641,0.8394398093223572,0.6329221725463867,0.0,0.6367247104644775,0.7579043507575989,0.014011616818606853,0.7895034551620483,0.0,1.0428454875946045,0.658879280090332,0.6435784697532654,0.0,0.0,0.5646757483482361,0.0,0.5176367163658142,0.0,0.6120554208755493,0.0,0.0,0.7542046308517456,0.6694324016571045,0.04472489655017853,0.061930444091558456,0.5993272066116333,0.0,0.0,0.0,0.011197605170309544,0.0,0.0,0.17832207679748535,0.0,0.22372651100158691,0.0,0.06228546425700188,0.5867437124252319,0.504534900188446,0.7881869673728943,0.0,0.0,0.8774477243423462,0.003057665191590786,0.17673860490322113,0.7265405058860779,0.0,0.0,0.05085529386997223,0.0,0.3801480531692505,0.15862442553043365,0.0,0.6116665601730347,0.0,0.0,1.1629842519760132,0.24294735491275787,0.012209943495690823,0.06818496435880661,0.0,0.1928749978542328,0.7749437689781189,0.8219439387321472
1,0.19597867131233215,0.6347911953926086,0.5374183058738708,0.07138197124004364,0.4103931486606598,0.40566521883010864,1.3542470932006836,0.5583184361457825,0.9203779101371765,1.8279558420181274,1.0262166261672974,0.42106637358665466,0.45594868063926697,0.016600120812654495,0.27918702363967896,0.061626601964235306,0.3383461833000183,0.03639744222164154,2.04429030418396,0.0,0.10819408297538757,0.4775702655315399,0.5855527520179749,0.961044430732727,1.0792170763015747,0.5450438857078552,0.11663997173309326,1.2634336948394775,0.7306835055351257,0.08889184147119522,0.4403354525566101,0.10813885927200317,1.3662537336349487,0.0,1.8945083618164062,0.0,0.35367751121520996,0.4079473614692688,0.3943619430065155,0.46944350004196167,0.10824689269065857,0.0,0.4241645932197571,0.013758029788732529,0.6036863923072815,0.39351367950439453,0.7402735352516174,0.0,0.4360521137714386,0.0,0.517995297908783,0.5478357672691345,0.0015925065381452441,0.09710758179426193,0.19135159254074097,0.34407880902290344,0.8245950937271118,1.5575000047683716,0.6737856268882751,0.21636873483657837,0.0,0.19836413860321045,0.34964635968208313,0.525872528553009
1,0.8162234425544739,0.010009590536355972,0.052853766828775406,1.0540562868118286,0.012417960911989212,0.002984383376315236,1.3234784603118896,0.0,1.9280489683151245,1.5942696332931519,0.6801891326904297,0.1118697077035904,0.8050296306610107,0.32987019419670105,0.0,1.052746057510376,0.011333019472658634,0.1948978751897812,1.6803780794143677,0.70716792345047,1.0559782981872559,0.0,0.0,1.4933009147644043,0.4197978377342224,0.02596914768218994,1.6683142185211182,1.0892548561096191,0.7345565557479858,0.8883626461029053,1.4223061800003052,1.3412834405899048,0.7342599034309387,0.7338640689849854,2.068700075149536,1.1253470182418823,0.8061157464981079,0.18194988369941711,0.1285950392484665,0.0,1.6249512434005737,0.543308675289154,0.0,1.435410976409912,1.6138989925384521,0.5303750038146973,1.784801959991455,0.6956312656402588,0.8518608212471008,0.9553479552268982,1.1705864667892456,1.3008249998092651,0.8609036803245544,0.17856962978839874,0.9887023568153381,1.4391738176345825,1.046149730682373,1.833405613899231,1.6877585649490356,1.619756817817688,0.5977662205696106,0.7424658536911011,0.0,0.03573276102542877
1,0.0,0.24344681203365326,0.10883986949920654,0.08748366683721542,0.037907812744379044,0.0040394896641373634,1.553594708442688,0.06073707714676857,1.028607726097107,2.297412872314453,2.1480157375335693,0.02654452621936798,0.7980523109436035,0.0,0.03937189653515816,0.018832890316843987,0.015422232449054718,0.39958763122558594,2.7464759349823,0.08097817748785019,0.010270671918988228,0.033323127776384354,0.03194422647356987,1.4056520462036133,1.095537543296814,0.866151750087738,0.26913002133369446,1.0610771179199219,0.2932552993297577,0.1582048088312149,0.7809350490570068,0.050155073404312134,1.8096164464950562,0.0,1.846243977546692,0.0,0.11238791793584824,0.03045111894607544,0.1922149658203125,0.1565183401107788,0.14807049930095673,0.0,0.10142234712839127,0.017826097086071968,0.3525627851486206,0.09533285349607468,1.4487966299057007,0.0,0.03357039764523506,0.02208404429256916,0.2923031151294708,1.554910659790039,0.05905963107943535,0.025877682492136955,0.38555529713630676,0.2120031714439392,0.803074300289154,2.232450485229492,0.4917800724506378,0.1425408273935318,0.0,0.40664342045783997,0.00435379333794117,0.02746664732694626
1,0.6094686985015869,0.4981801509857178,0.5873697996139526,0.7290991544723511,0.384613037109375,0.26634788513183594,0.12867482006549835,0.44502580165863037,0.4249057173728943,0.4884304702281952,0.268583744764328,0.579870343208313,0.20621950924396515,0.45377862453460693,0.26087355613708496,0.31388169527053833,0.2442951202392578,0.11563184857368469,0.5118765234947205,0.30232182145118713,0.29002562165260315,0.33818319439888,0.21641170978546143,0.1392180472612381,0.12598620355129242,0.23615983128547668,0.41546353697776794,0.35701197385787964,0.300325483083725,0.5416694283485413,0.37497642636299133,0.4951767027378082,0.17981365323066711,0.21172063052654266,0.30608248710632324,0.2770746648311615,0.20829054713249207,0.5946993827819824,0.534490704536438,0.5242151021957397,0.493664026260376,0.3637162744998932,0.34675735235214233,0.6691888570785522,0.3662479519844055,0.5537654161453247,0.2006944715976715,0.09576844424009323,0.176407590508461,0.5075314044952393,1.1771951913833618,0.043048687279224396,0.5095399022102356,0.43442532420158386,0.5325713753700256,0.6084534525871277,0.4880310595035553,0.43380576372146606,0.29214921593666077,0.569039523601532,0.3681178390979767,0.5603407621383667,0.2854253053665161,0.3670731782913208
1,0.3522428274154663,0.0,0.043943122029304504,0.8881518840789795,0.009950382634997368,0.0,0.31197288632392883,0.0,0.9401494860649109,1.064756989479065,0.620589554309845,0.07236459851264954,0.5743935704231262,0.3715354800224304,0.0,0.5549222230911255,0.037499453872442245,0.20175717771053314,1.1684679985046387,0.4987074136734009,0.8199594616889954,0.0,0.0,0.7539346814155579,0.2711564302444458,0.04394188150763512,1.050217866897583,0.5569595098495483,0.2916514575481415,0.8746669888496399,1.165336012840271,0.7690063118934631,0.43963301181793213,0.5882375836372375,1.1758294105529785,0.6856829524040222,0.7592155337333679,0.05077999457716942,0.07518459111452103,0.0,0.9639526009559631,0.5838627219200134,0.0,1.0828840732574463,1.1067471504211426,0.2268357127904892,0.9534685611724854,0.5412185788154602,0.45113083720207214,0.9275183081626892,0.6679209470748901,0.9341074228286743,0.8518370985984802,0.1808282434940338,0.6820142269134521,1.1010947227478027,0.7609673142433167,1.0629944801330566,0.8502246737480164,1.1852595806121826,0.5212843418121338,0.892671525478363,0.0,0.028693802654743195
1,0.23307527601718903,0.3384082317352295,0.23416058719158173,0.49163562059402466,0.16425812244415283,0.1799892783164978,0.02383253164589405,0.28610605001449585,0.12754660844802856,1.581977128982544,0.8167564868927002,0.14345988631248474,0.4172283411026001,0.3131103813648224,0.05440559983253479,0.22131699323654175,0.09046032279729843,0.058330196887254715,1.3203927278518677,0.07870171964168549,0.07938219606876373,0.16832998394966125,0.14427004754543304,0.3087214529514313,0.3592761158943176,0.16479116678237915,0.29214009642601013,0.16518694162368774,0.1413619965314865,0.5331209897994995,0.3908465504646301,0.2216988205909729,0.7586270570755005,0.03426600620150566,0.9938126802444458,0.0,0.3659675717353821,0.2821674644947052,0.26992329955101013,0.13992281258106232,0.13004052639007568,0.04027486592531204,0.15383197367191315,0.20653969049453735,0.6830216646194458,0.3334816098213196,0.6197394728660583,0.00887390784919262,0.07661446183919907,0.15314409136772156,0.491665244102478,0.4234941899776459,0.248754620552063,0.10456821322441101,0.2185121774673462,0.35032618045806885,1.013588309288025,0.9538834691047668,0.06997495889663696,0.6840770840644836,0.1031591072678566,0.9129056334495544,0.11937107145786285,0.07882682979106903
0,0.9622523784637451,0.9704226851463318,0.40222442150115967,0.00275898608379066,0.9187276363372803,1.3734532594680786,0.0,1.3567525148391724,0.0,0.3809364438056946,0.26007014513015747,0.8322250843048096,0.0,0.0,0.6681872606277466,0.0,0.37591779232025146,0.0,0.1859557181596756,0.0,0.0,0.9374379515647888,1.4938801527023315,0.0,0.0,0.6995502710342407,0.0,0.0,0.0,0.0,0.0,0.0,0.06569734215736389,0.0,0.10846263915300369,0.0,0.0,1.4199875593185425,0.27244865894317627,1.1537219285964966,0.0,0.0,1.0456950664520264,0.0,0.1871996521949768,0.9637470245361328,0.0,0.0,0.0,0.0,0.11663872748613358,0.02060280553996563,0.0,0.9378454685211182,0.0,0.0,0.5508336424827576,0.07578419893980026,0.0,0.08868217468261719,0.0,0.3878364562988281,0.9871811270713806,1.5271892547607422
1,0.7070280909538269,0.32708823680877686,0.3571425676345825,0.5995276570320129,0.18955960869789124,0.16153916716575623,0.8519853353500366,0.2963051497936249,1.0831360816955566,0.9177923798561096,0.6018669605255127,0.46100911498069763,0.5493574738502502,0.2019503265619278,0.1648535281419754,0.5318587422370911,0.15148594975471497,0.1291859745979309,0.9828397631645203,0.6002386212348938,0.8084123730659485,0.19632588326931,0.11905141174793243,0.9844985604286194,0.15252168476581573,0.1724354326725006,1.1146334409713745,0.5982376337051392,0.24655894935131073,0.651348888874054,1.080255150794983,0.7997351288795471,0.46113893389701843,0.6750854253768921,1.3320749998092651,0.7952845096588135,0.5871882438659668,0.4076710641384125,0.47611042857170105,0.2942911982536316,1.254684329032898,0.5932292938232422,0.27651017904281616,1.0335196256637573,0.9442967772483826,0.6073123812675476,1.192474365234375,0.6692036986351013,0.5345723032951355,1.006879448890686,1.250136375427246,0.9163148403167725,0.7868068814277649,0.29370835423469543,0.6124017834663391,1.0528762340545654,0.5666572451591492,1.1668092012405396,1.3087568283081055,0.9509378671646118,0.47201308608055115,0.49900540709495544,0.1803319752216339,0.19604036211967468
1,0.31470972299575806,0.12886185944080353,0.18019218742847443,0.4426238536834717,0.05706510692834854,0.06340418010950089,1.2455496788024902,0.10679366439580917,1.1409379243850708,2.1976821422576904,1.3392237424850464,0.15737861394882202,1.0523914098739624,0.17570598423480988,0.07898902893066406,0.49560847878456116,0.07785890996456146,0.23119090497493744,2.208564043045044,0.1535782516002655,0.3465726375579834,0.08035401254892349,0.06019945070147514,1.2738245725631714,0.617956280708313,0.25435182452201843,0.7982780337333679,0.8000978827476501,0.49934783577919006,0.48430541157722473,0.8856754302978516,0.5006740093231201,1.4328151941299438,0.18628807365894318,2.076164722442627,0.30450770258903503,0.6610620617866516,0.15970516204833984,0.22181564569473267,0.12290340662002563,0.7882144451141357,0.16163596510887146,0.12705542147159576,0.4090613126754761,1.242174744606018,0.3450580835342407,1.4669784307479858,0.2707204520702362,0.2694575786590576,0.3037133514881134,0.643256664276123,1.3291794061660767,0.2623855471611023,0.1551802009344101,0.661458432674408,0.7206987142562866,1.3645991086959839,1.766909122467041,0.9855379462242126,0.835344672203064,0.2047877162694931,0.4674678146839142,0.07122048735618591,0.08399725705385208
1,0.7028578519821167,0.14067821204662323,0.15629243850708008,0.88967365026474,0.09204579144716263,0.043574023991823196,0.4886090159416199,0.12794627249240875,0.8864710927009583,0.9318044781684875,0.42777132987976074,0.2954474091529846,0.4816187918186188,0.3555767834186554,0.02983991801738739,0.5580422878265381,0.05374647304415703,0.13514545559883118,0.9132885336875916,0.6132495999336243,0.6554667353630066,0.041265156120061874,0.04968632757663727,0.6839753985404968,0.1750180721282959,0.05394667759537697,0.9779676198959351,0.5564166903495789,0.33022555708885193,0.7365626692771912,0.9100363850593567,0.7031172513961792,0.31278374791145325,0.47584637999534607,1.0955051183700562,0.6028974652290344,0.5326719880104065,0.302486389875412,0.2836405336856842,0.10715635120868683,1.074100375175476,0.5028428435325623,0.08397885411977768,1.0679866075515747,0.9580757021903992,0.4990544021129608,0.8917495608329773,0.5035982728004456,0.48378637433052063,0.8931961059570312,1.4597604274749756,0.6587338447570801,0.8416274189949036,0.19254973530769348,0.6126495599746704,0.9859471321105957,0.5800052881240845,1.0620943307876587,0.8721743226051331,1.171589732170105,0.5062117576599121,0.773379921913147,0.07399307936429977,0.10655360668897629
1,0.17823544144630432,0.16614611446857452,0.05014784634113312,0.004897737875580788,0.25783732533454895,0.6049726009368896,0.0015869822818785906,0.22777524590492249,0.0,1.1456540822982788,0.4982249140739441,0.07913579046726227,0.0,0.0936887115240097,0.15139135718345642,0.0,0.0644015446305275,0.0,0.8171566724777222,0.056997500360012054,0.0,0.23860925436019897,0.45767703652381897,0.022005310282111168,0.14051569998264313,0.2891077995300293,0.0,0.0,0.059275075793266296,0.0,0.0,0.06468960642814636,0.1194099634885788,0.0,0.5268926024436951,0.0,0.08733030408620834,0.46475881338119507,0.08274364471435547,0.36287274956703186,0.0,0.0,0.46295711398124695,0.0,0.6213397979736328,0.14642910659313202,0.00918400939553976,0.0,0.0,0.0,0.1499340683221817,0.030895305797457695,0.0,0.5270477533340454,0.0,0.0,1.434630036354065,0.09035451710224152,0.0,0.38058996200561523,0.0,0.6511878371238708,0.32170483469963074,0.5331571102142334
0,0.9103686809539795,0.9954606890678406,1.179032802581787,0.0,1.0527783632278442,1.2300693988800049,0.0,1.0482192039489746,0.0,0.3126996159553528,0.21689678728580475,0.9326496124267578,0.007588931825011969,0.1713644564151764,0.9221462607383728,0.0,1.057024359703064,0.0,0.3837471008300781,0.0,0.0,1.1057653427124023,1.0342137813568115,0.0,0.0,0.5226897597312927,0.0,0.0,0.0,0.040535736829042435,0.005015465430915356,0.06264615803956985,0.053145430982112885,0.023276126012206078,0.021539432927966118,0.021842319518327713,0.02779865823686123,0.8050582408905029,0.563179075717926,1.1235781908035278,0.0,0.00014855561312288046,0.9599977731704712,0.0390334390103817,0.06320024281740189,1.0127336978912354,0.02236386202275753,0.0005433923215605319,0.0,0.1071089431643486,0.16984273493289948,0.0,0.0,0.8334135413169861,0.0,0.0,0.42983952164649963,0.0040672640316188335,0.0,0.0011353789595887065,0.0,0.05391945689916611,0.8620916604995728,1.3208156824111938
0,0.34498336911201477,0.8376631140708923,0.7108122706413269,0.13558821380138397,0.596696674823761,0.7866813540458679,0.0,0.9957566261291504,0.0,0.6553416848182678,0.2876577377319336,0.5114932656288147,0.0,0.23077332973480225,0.5003078579902649,0.0,0.489587664604187,0.0,0.5976656079292297,0.0,0.02516304701566696,0.7814109325408936,0.8161885738372803,0.010852609761059284,0.1651918888092041,0.3948180675506592,0.006978798657655716,0.0353023000061512,0.0745888277888298,0.1920502632856369,0.028328413143754005,0.14978758990764618,0.04843946173787117,0.0,0.3586556017398834,0.0,0.1752278059720993,0.5661855340003967,0.47393813729286194,0.7154781818389893,0.0,0.009267957881093025,0.8064528107643127,0.06549196690320969,0.2743922770023346,0.5502646565437317,0.034149955958127975,0.0,0.04392659291625023,0.010974656790494919,0.3300798833370209,0.0,0.12067058682441711,0.2934409976005554,0.0,0.018707523122429848,0.707622230052948,0.06835345178842545,0.0,0.24807804822921753,0.018384749069809914,0.4675349295139313,0.6162853837013245,0.8029006123542786
1,0.5363844633102417,0.24472758173942566,0.21523194015026093,0.7748526334762573,0.12451542913913727,0.06301847100257874,0.3185010552406311,0.1848951131105423,0.5484989285469055,0.8212499618530273,0.45173555612564087,0.3683784604072571,0.3859141767024994,0.3343123197555542,0.0377972237765789,0.3418745994567871,0.07745091617107391,0.08415167778730392,0.897724986076355,0.42074286937713623,0.44832298159599304,0.05226918309926987,0.07928088307380676,0.4402860403060913,0.08624114096164703,0.07283861935138702,0.6626656651496887,0.4237370193004608,0.20094674825668335,0.61232990026474,0.6295296549797058,0.46393173933029175,0.3402348458766937,0.32244279980659485,0.86570143699646,0.354173868894577,0.40966272354125977,0.3319687247276306,0.3374258577823639,0.14989206194877625,0.7945827841758728,0.38022324442863464,0.12164010107517242,0.8443235754966736,0.699413001537323,0.4781647026538849,0.6771491169929504,0.290692001581192,0.2839575707912445,0.6882032155990601,1.4427268505096436,0.3741113543510437,0.6744523644447327,0.17527323961257935,0.460443377494812,0.8042837977409363,0.48799583315849304,0.8977421522140503,0.6098538041114807,0.923832893371582,0.37549537420272827,0.6670867204666138,0.10105351358652115,0.13090963661670685
1,0.3729853928089142,0.1135978102684021,0.18481068313121796,0.42759212851524353,0.0577462762594223,0.058311644941568375,1.030826449394226,0.10780847817659378,1.0582081079483032,2.1054275035858154,1.2547321319580078,0.15435463190078735,0.9573431611061096,0.11948830634355545,0.08072396367788315,0.5000047087669373,0.07419858127832413,0.15399672091007233,1.919997215270996,0.2735849618911743,0.46292710304260254,0.07914921641349792,0.059600673615932465,1.1655911207199097,0.5405568480491638,0.24031652510166168,0.8971045613288879,0.6500650644302368,0.3794156312942505,0.5549483299255371,0.9899895191192627,0.5584980249404907,1.1873830556869507,0.2884618937969208,1.9203991889953613,0.42948246002197266,0.7189712524414062,0.15087422728538513,0.20998036861419678,0.12187252193689346,0.805824339389801,0.2338482290506363,0.12103697657585144,0.5070411562919617,1.2367544174194336,0.33295875787734985,1.4373211860656738,0.3530615270137787,0.2577502727508545,0.44179028272628784,0.6303576827049255,1.4238593578338623,0.33767837285995483,0.1752835512161255,0.6065872311592102,0.7560884952545166,1.347618579864502,1.634858250617981,0.9344221353530884,0.8737267851829529,0.21279092133045197,0.5288780927658081,0.07110004127025604,0.09149427711963654
1,0.642802894115448,0.5135853886604309,0.3063778281211853,0.8367950320243835,0.25257033109664917,0.2805978059768677,0.4764011800289154,0.24373790621757507,0.7960554957389832,0.9500859379768372,0.4404934048652649,0.371631920337677,0.4134872555732727,0.2594822943210602,0.09631849825382233,0.41591182351112366,0.17374904453754425,0.13732114434242249,0.8875540494918823,0.49454134702682495,0.5881950855255127,0.24222473800182343,0.20202569663524628,0.6494656801223755,0.20107698440551758,0.21663732826709747,0.9758195877075195,0.624662458896637,0.2733260989189148,0.6815966963768005,0.8347741961479187,0.5633476376533508,0.3766786456108093,0.468759685754776,1.1246097087860107,0.5857152342796326,0.4560885429382324,0.6205386519432068,0.39585447311401367,0.15922017395496368,0.8759547472000122,0.3977791666984558,0.2834123969078064,0.8456344604492188,0.8006407022476196,0.7358428239822388,0.8952104449272156,0.40549755096435547,0.4908887445926666,0.6886779069900513,0.9122068285942078,0.7922326326370239,0.687623143196106,0.2566379904747009,0.4739932119846344,0.9038468599319458,0.4933365285396576,1.029653787612915,0.7666962146759033,1.0452032089233398,0.39943188428878784,0.8570379018783569,0.1431288719177246,0.26994141936302185
1,0.7563228011131287,0.3867820203304291,0.47863271832466125,0.5119117498397827,0.21329376101493835,0.21501271426677704,1.0309231281280518,0.36174213886260986,1.1068156957626343,0.9699446558952332,0.6860457062721252,0.5260717272758484,0.5881298184394836,0.15897421538829803,0.2643722891807556,0.4750705361366272,0.2135649174451828,0.08910782635211945,1.126745581626892,0.5901017189025879,0.7547554969787598,0.2650493383407593,0.16933685541152954,1.0652915239334106,0.15007899701595306,0.22971239686012268,1.109833002090454,0.5789201855659485,0.22221839427947998,0.5709732174873352,1.0677169561386108,0.781282365322113,0.5391945838928223,0.6103386282920837,1.4761357307434082,0.7491206526756287,0.5751919746398926,0.4384801983833313,0.5656980276107788,0.386653333902359,1.2670526504516602,0.5166428685188293,0.3746916651725769,0.959535539150238,0.9384250044822693,0.7123314142227173,1.3592197895050049,0.621808648109436,0.448638916015625,0.9130905866622925,1.2723877429962158,0.961697518825531,0.6882888674736023,0.4150508940219879,0.5904484391212463,1.040424108505249,0.6315504908561707,1.22687828540802,1.4322985410690308,0.8787521123886108,0.3698674142360687,0.3256796598434448,0.2507927417755127,0.28031909465789795
1,0.451198011636734,0.1290884166955948,0.21121937036514282,0.6513747572898865,0.0656207725405693,0.06626325100660324,0.5958203673362732,0.12454214692115784,0.9677978157997131,1.407606840133667,0.7983348369598389,0.1699562817811966,0.737331748008728,0.34425151348114014,0.09173176437616348,0.5207958817481995,0.10717473179101944,0.12583033740520477,1.4650359153747559,0.4114758372306824,0.5896276831626892,0.08994228392839432,0.06772805005311966,0.9840402007102966,0.380288302898407,0.1167457178235054,1.0612711906433105,0.5192341208457947,0.31091123819351196,0.7142964005470276,1.068467617034912,0.7625815868377686,0.6998100280761719,0.44313880801200867,1.566062092781067,0.6267271041870117,0.7484419345855713,0.16869746148586273,0.2373630851507187,0.13864082098007202,0.9279676079750061,0.4280015826225281,0.13522197306156158,0.8686885833740234,1.1585708856582642,0.32377058267593384,1.2598015069961548,0.4991622865200043,0.3773212730884552,0.691352903842926,0.6833105087280273,1.0195355415344238,0.5950151681900024,0.22274278104305267,0.6116756796836853,0.934565544128418,0.9640806317329407,1.211645245552063,0.994411051273346,1.0627118349075317,0.3880671560764313,0.7054281830787659,0.080795519053936,0.10374081134796143
1,0.15937617421150208,0.0728001743555069,0.07561609148979187,0.8267143964767456,0.14751610159873962,0.1700553596019745,0.0,0.09953048080205917,0.2023279070854187,0.9001670479774475,0.3998772203922272,0.05015849694609642,0.3069649934768677,0.9445168972015381,0.0,0.19833599030971527,0.09621314704418182,0.41983136534690857,0.8491811156272888,0.28592339158058167,0.015081284567713737,0.1866704225540161,0.11096880584955215,0.16849464178085327,0.4052027761936188,0.014695461839437485,0.18884174525737762,0.1446022391319275,0.5279350876808167,0.7629793882369995,0.16348522901535034,0.48246490955352783,0.14591604471206665,0.07294989377260208,0.38940298557281494,0.03841814398765564,0.19121474027633667,0.14487582445144653,0.009926802478730679,0.0042483750730752945,0.16820748150348663,0.23826606571674347,0.0666184201836586,0.3701881170272827,0.6705393195152283,0.06884706765413284,0.24859550595283508,0.13753415644168854,0.09323643147945404,0.18795233964920044,0.23495681583881378,0.0,0.40857529640197754,0.4512438178062439,0.3593252897262573,0.4820384383201599,0.983392059803009,0.34025245904922485,0.007920720614492893,1.021099328994751,0.5233010649681091,0.9464939832687378,0.07123139500617981,0.0745435580611229
1,0.5351799726486206,0.1382046341896057,0.13900576531887054,0.5169890522956848,0.10054028779268265,0.03763210400938988,0.6056293845176697,0.10047829896211624,0.8335419297218323,1.5790349245071411,0.625339686870575,0.2501176595687866,0.4898594617843628,0.11672518402338028,0.02577083557844162,0.451374351978302,0.041531745344400406,0.06470450013875961,1.2197343111038208,0.3381517231464386,0.5029754042625427,0.035638079047203064,0.035897817462682724,0.7246214151382446,0.2465948611497879,0.08358826488256454,0.7316158413887024,0.4547072649002075,0.21215267479419708,0.47783640027046204,0.7591193914413452,0.5178911685943604,0.7146013975143433,0.3285350203514099,1.402786374092102,0.3569909334182739,0.4950769245624542,0.25159963965415955,0.2879756689071655,0.09602746367454529,0.7946687340736389,0.2432412952184677,0.0725271925330162,0.591355562210083,0.9977186322212219,0.5522664785385132,0.9538479447364807,0.3267272412776947,0.29669734835624695,0.5239668488502502,1.0427604913711548,0.8271743655204773,0.46040505170822144,0.13277339935302734,0.39833125472068787,0.7393450140953064,0.8065640926361084,1.2600880861282349,0.7407634854316711,0.9366099834442139,0.23753242194652557,0.6668012738227844,0.06390311568975449,0.05819911137223244
1,0.35407963395118713,0.10538440942764282,0.26831284165382385,0.754824161529541,0.1121675968170166,0.137939915060997,0.713611900806427,0.08810018748044968,1.2200462818145752,0.6982733011245728,0.5992896556854248,0.2537720501422882,0.4736054241657257,0.331712543964386,0.08750122040510178,0.5363012552261353,0.220189169049263,0.24801704287528992,1.166508674621582,0.5885269641876221,0.9049755930900574,0.07006776332855225,0.05574808269739151,0.9822242259979248,0.23751987516880035,0.045242492109537125,1.214918851852417,0.5782413482666016,0.30561068654060364,0.7656952142715454,1.3980801105499268,1.0542982816696167,0.3518550992012024,0.9878423810005188,1.3989043235778809,0.9762203693389893,0.6529926061630249,0.1662980318069458,0.2897571325302124,0.12814511358737946,1.2996519804000854,0.8067588210105896,0.07050614804029465,1.3246231079101562,0.9239383935928345,0.3649917244911194,1.5745631456375122,0.794462263584137,0.6054198145866394,1.2630537748336792,0.7892828583717346,1.0871449708938599,0.8418903350830078,0.25418156385421753,0.6424903869628906,1.290581464767456,0.5554141402244568,1.1017158031463623,1.3267927169799805,1.0587265491485596,0.5472305417060852,0.563173770904541,0.03866436332464218,0.18327976763248444
1,0.0,0.02106647379696369,0.04915044456720352,0.09760911762714386,0.0,0.0,1.9601480960845947,0.06498055905103683,1.5191261768341064,3.2265143394470215,1.4263120889663696,0.0,0.0,0.0,0.0,0.27297306060791016,0.0,0.0,2.892566680908203,0.009989414364099503,0.5102443099021912,0.0,0.05930209904909134,2.340733528137207,2.4479308128356934,0.48096340894699097,0.0,2.421147108078003,1.688860535621643,0.3912622630596161,0.03238570690155029,0.6081902980804443,1.7285302877426147,0.0,3.627825975418091,0.0,0.4996212422847748,0.0,0.021370690315961838,0.02542996034026146,0.0,0.0,0.6596190929412842,0.041587959975004196,1.0058661699295044,0.03329962119460106,0.0,0.2877768874168396,1.4793940782546997,0.0,0.46102380752563477,0.6546105742454529,0.10795049369335175,0.17599646747112274,0.0033143360633403063,0.6866523027420044,2.022031784057617,2.7119195461273193,2.0428757667541504,0.8027216196060181,0.0,1.2780486345291138,0.007313849870115519,0.023973125964403152
1,0.0147482855245471,0.010533236898481846,0.031247150152921677,0.06010625883936882,0.0,0.025401383638381958,1.761545181274414,0.05768733099102974,1.2893564701080322,2.9768574237823486,1.045528769493103,0.0,0.0,0.0,0.0,0.3406572937965393,0.02278703823685646,0.0,2.604292392730713,0.0,0.40821734070777893,0.0,0.06980560719966888,2.1978917121887207,2.309248685836792,0.24055235087871552,0.0,2.168295383453369,1.6462074518203735,0.3573839068412781,0.006010056473314762,0.7147089242935181,1.4508379697799683,0.0,3.347395420074463,0.0,0.4873146116733551,0.0,0.010685345157980919,0.014560742303729057,0.0,0.0,0.6884018182754517,0.02095862291753292,1.1564569473266602,0.01664980873465538,0.0,0.3173750340938568,1.4310195446014404,0.0,0.2857339084148407,0.29076603055000305,0.07803545892238617,0.23101362586021423,0.0,0.6484649181365967,1.9499095678329468,2.3168141841888428,1.895939826965332,0.852911114692688,0.0,1.3660759925842285,0.054204680025577545,0.0564911849796772
1,0.6673137545585632,0.2468191385269165,0.3574240207672119,0.6830535531044006,0.1318797767162323,0.09615251421928406,0.600663423538208,0.20619311928749084,1.005279302597046,0.8899359703063965,0.5682162642478943,0.3202609121799469,0.5158790349960327,0.33639055490493774,0.12028267234563828,0.5517957806587219,0.1197589710354805,0.16716799139976501,1.0302084684371948,0.6306284666061401,0.7851964831352234,0.13894300162792206,0.09270186722278595,0.9359288215637207,0.24609260261058807,0.14472359418869019,1.1699403524398804,0.5619886517524719,0.2909502387046814,0.6929388046264648,1.1369686126708984,0.8183053731918335,0.38164815306663513,0.6186857223510742,1.3565051555633545,0.801867663860321,0.5945815443992615,0.3200121521949768,0.46507424116134644,0.2285195142030716,1.138780951499939,0.5662150382995605,0.21544848382472992,1.0547971725463867,0.9606947898864746,0.591877281665802,1.1846094131469727,0.6763739585876465,0.5270878672599792,0.9980039000511169,0.9655795693397522,0.971446692943573,0.7981477379798889,0.2776188850402832,0.625109851360321,1.0248650312423706,0.6638461351394653,1.0984951257705688,1.2234934568405151,1.062163233757019,0.4625575840473175,0.6451194286346436,0.10526129603385925,0.12236335128545761
1,0.6830542087554932,0.5629033446311951,0.31915584206581116,0.5562414526939392,0.5446354746818542,0.45769181847572327,0.0,0.6638286709785461,0.1688307672739029,0.6485603451728821,0.34667596220970154,0.5023775696754456,0.24403728544712067,0.5021542310714722,0.19485877454280853,0.16592030227184296,0.22893764078617096,0.3915715515613556,0.5618895888328552,0.1529490202665329,0.011057022027671337,0.5634987950325012,0.27923983335494995,0.12154126167297363,0.24354104697704315,0.1728677600622177,0.17250950634479523,0.13238508999347687,0.346536248922348,0.5482213497161865,0.20397667586803436,0.2707699239253998,0.23205864429473877,0.07733414322137833,0.24330860376358032,0.02735002338886261,0.15621168911457062,0.6891844272613525,0.5424607992172241,0.4651312530040741,0.11386287957429886,0.1675095111131668,0.3666057288646698,0.23277103900909424,0.5095853805541992,0.6582593321800232,0.171921968460083,0.1310911327600479,0.03694022074341774,0.14809998869895935,0.35530614852905273,0.029330911114811897,0.2172377109527588,0.5925479531288147,0.281772255897522,0.35311779379844666,0.5602056980133057,0.19946639239788055,0.03963850811123848,0.631782591342926,0.4682709872722626,0.5508325695991516,0.4647233784198761,0.2230086326599121
1,0.33814242482185364,0.05200837552547455,0.041465114802122116,0.8365922570228577,0.03370159491896629,0.0,0.5042985677719116,0.020041508600115776,0.8153575658798218,1.2855548858642578,0.6759088039398193,0.10016479343175888,0.5436024069786072,0.3654772937297821,0.0,0.42034703493118286,0.04571631923317909,0.11661460250616074,1.3213244676589966,0.34249645471572876,0.5705969929695129,0.0,0.014026221819221973,0.734966516494751,0.260774165391922,0.058497022837400436,0.9522321820259094,0.5344534516334534,0.28925788402557373,0.7364488840103149,0.8891286849975586,0.6222209334373474,0.5979252457618713,0.41974398493766785,1.3549784421920776,0.5017583966255188,0.5692999958992004,0.12223953753709793,0.11207854747772217,0.0,0.857731819152832,0.38706013560295105,0.0011868446599692106,0.897342324256897,0.9801462292671204,0.3832355737686157,1.0880496501922607,0.38912180066108704,0.4267590343952179,0.6507258415222168,0.854854941368103,0.7599979639053345,0.6335902810096741,0.15918086469173431,0.4935324788093567,0.9429931044578552,0.7046918272972107,1.2693793773651123,0.8150002956390381,1.1315363645553589,0.3580097258090973,0.8221490383148193,0.0,0.07584774494171143
1,0.7781047224998474,0.19083037972450256,0.3035283386707306,0.7805905342102051,0.10429556667804718,0.07269927114248276,0.6972809433937073,0.1726970076560974,1.1881295442581177,0.9521227478981018,0.5301036238670349,0.29220008850097656,0.5521607398986816,0.3546649217605591,0.09257350116968155,0.6609781980514526,0.09246259182691574,0.16955697536468506,1.042456030845642,0.6871951818466187,0.8441931009292603,0.09505361318588257,0.08305533230304718,1.0168198347091675,0.2773309648036957,0.0983366146683693,1.2781792879104614,0.64558345079422,0.3691309988498688,0.7468225955963135,1.2033416032791138,0.9453185796737671,0.3681316077709198,0.6512461304664612,1.4264695644378662,0.8794063329696655,0.6282658576965332,0.3028917908668518,0.40751203894615173,0.17704270780086517,1.2701091766357422,0.6074836850166321,0.1636669784784317,1.1884506940841675,1.087485671043396,0.5884142518043518,1.2388840913772583,0.7299079298973083,0.5919687747955322,1.0642480850219727,1.136144995689392,1.0256975889205933,0.8763457536697388,0.27687689661979675,0.7017831206321716,1.113265872001648,0.7157029509544373,1.1551554203033447,1.2990144491195679,1.207195520401001,0.5350545644760132,0.6867143511772156,0.09780637919902802,0.1142164021730423
1,0.7550510764122009,0.4842465817928314,0.5294227004051208,0.48841482400894165,0.28012463450431824,0.26843181252479553,0.6043564677238464,0.43608447909355164,0.7400645017623901,0.7809708714485168,0.5047405362129211,0.57060706615448,0.4441407024860382,0.12842705845832825,0.2914566993713379,0.39136582612991333,0.24901163578033447,0.055075231939554214,0.8768000602722168,0.485100656747818,0.6194196343421936,0.33100807666778564,0.19508664309978485,0.6894196271896362,0.06749548017978668,0.28627297282218933,0.7662575840950012,0.45087847113609314,0.14800068736076355,0.4996579587459564,0.8182617425918579,0.5257294178009033,0.4179806411266327,0.4505510926246643,1.0609768629074097,0.4932246804237366,0.4477115869522095,0.5562880635261536,0.6573761105537415,0.43797093629837036,0.9434261322021484,0.41454383730888367,0.4362409710884094,0.7812103033065796,0.7198984622955322,0.7740462422370911,0.9246312379837036,0.4210001230239868,0.3326880931854248,0.7641911506652832,1.3317817449569702,0.6489567756652832,0.5998473167419434,0.36180734634399414,0.4937953054904938,0.8178189396858215,0.4025963842868805,0.9768260717391968,1.006151556968689,0.7290577292442322,0.3067721426486969,0.42840105295181274,0.29305726289749146,0.26162824034690857
0,0.9097745418548584,1.4352853298187256,1.0116688013076782,0.366664320230484,0.8663742542266846,1.0800374746322632,0.0,1.109639286994934,0.03790752962231636,0.4110523462295532,0.22134828567504883,0.8600956797599792,0.08164697885513306,0.4513814449310303,0.6399489045143127,0.021314870566129684,0.7414734959602356,0.19591714441776276,0.40365904569625854,0.08402474224567413,0.02012520469725132,1.0866725444793701,0.6834076046943665,0.03564240783452988,0.21687418222427368,0.7024784088134766,0.20593485236167908,0.1266135573387146,0.19269908964633942,0.44789743423461914,0.15427017211914062,0.21567793190479279,0.07233426719903946,0.11918556690216064,0.13684314489364624,0.07400763779878616,0.07347813993692398,1.31183922290802,0.888393223285675,0.8763610124588013,0.06959283351898193,0.09099268913269043,0.9025454521179199,0.1685190200805664,0.26793015003204346,1.2195159196853638,0.1394871026277542,0.03914234787225723,0.14770804345607758,0.08299814164638519,0.20481154322624207,0.05219876393675804,0.19366613030433655,0.6978588700294495,0.14129438996315002,0.17629799246788025,0.4984118342399597,0.12168968468904495,0.0758856013417244,0.4485734701156616,0.27038222551345825,0.510010838508606,0.8064849376678467,0.6170173287391663
0,1.3411954641342163,1.465476632118225,1.3228634595870972,0.08956044167280197,1.1959037780761719,1.5500351190567017,0.0,1.2690919637680054,0.0,0.24531280994415283,0.15671564638614655,1.239557147026062,0.014291821047663689,0.2462635040283203,1.1889461278915405,0.0,1.1728601455688477,0.011675408110022545,0.25594863295555115,0.0007335769478231668,0.0,1.377058982849121,0.9669899940490723,0.005557177122682333,0.018670206889510155,0.8924500346183777,0.02754356898367405,0.0,0.026415172964334488,0.16158562898635864,0.015762168914079666,0.07062181830406189,0.045319247990846634,0.04575076326727867,0.04164733737707138,0.020013175904750824,0.01875917613506317,1.616282343864441,1.3363909721374512,1.361593246459961,0.0,0.007509592454880476,1.278002381324768,0.06587770581245422,0.09056627005338669,1.6277284622192383,0.08371875435113907,0.0016963329399004579,0.0,0.0037425223272293806,0.1872882843017578,0.0022670410107821226,0.027506841346621513,1.2959774732589722,0.0,0.02970755472779274,0.3405109643936157,0.021205728873610497,0.059192877262830734,0.11191175132989883,0.06262962520122528,0.16413912177085876,1.3213449716567993,0.9228424429893494
0,1.6142853498458862,1.3152529001235962,1.2688500881195068,0.0,1.4784770011901855,1.6870580911636353,0.022975744679570198,1.4428385496139526,0.0,0.03012370504438877,0.10891292244195938,1.5769463777542114,0.0,0.0,1.3369625806808472,0.0,1.6501177549362183,0.0,0.0,0.0,0.0,1.3456249237060547,1.6162031888961792,0.0,0.0,0.8022470474243164,0.0,0.0,0.0,0.0,0.0,0.0,0.0,0.009914561174809933,0.008493575267493725,0.030140886083245277,0.0,1.255220651626587,0.8137231469154358,1.501904010772705,0.0,0.0,1.2411986589431763,0.0,0.0,1.5950425863265991,0.0,0.048272330313920975,0.031065888702869415,0.03905772790312767,0.42820826172828674,0.041912373155355453,0.0,1.9309803247451782,0.0,0.0,0.13365672528743744,0.0,0.051786091178655624,0.0,0.0,0.0,1.4874144792556763,1.9853967428207397
1,0.5052438974380493,0.7338569760322571,0.5766749382019043,0.7589634656906128,0.4434255063533783,0.5629262328147888,0.29848822951316833,0.5373492240905762,0.5781359076499939,0.47823962569236755,0.4746268689632416,0.7531003355979919,0.3437674045562744,0.42256253957748413,0.43315044045448303,0.36183586716651917,0.5046632885932922,0.23433056473731995,0.733839213848114,0.3777645230293274,0.586007833480835,0.602180004119873,0.4184260368347168,0.41374337673187256,0.13855396211147308,0.43644511699676514,0.6853952407836914,0.3757913410663605,0.24417434632778168,0.6833474040031433,0.7316505312919617,0.6393479704856873,0.2155960649251938,0.5146781802177429,0.5965172052383423,0.5813091397285461,0.4653139114379883,0.683158814907074,0.5623713135719299,0.62490314245224,0.7682458162307739,0.5765293836593628,0.539034366607666,0.8800957202911377,0.5408814549446106,0.6579307913780212,0.602207362651825,0.37553006410598755,0.4214385151863098,0.7831225395202637,0.8026818633079529,0.3481709063053131,0.6889030337333679,0.500065267086029,0.6034600734710693,0.8267823457717896,0.5349767208099365,0.6024644374847412,0.5572267770767212,0.6977131962776184,0.47411710023880005,0.5505505204200745,0.49362272024154663,0.5449139475822449
1,0.7605183720588684,0.3192482888698578,0.35450035333633423,0.5983573198318481,0.18791404366493225,0.15059423446655273,0.8483577370643616,0.2850255072116852,1.0974615812301636,0.9964356422424316,0.5795496702194214,0.43931740522384644,0.5385069847106934,0.17399561405181885,0.15449005365371704,0.5346810221672058,0.13952012360095978,0.12254133075475693,1.0215028524398804,0.6099997162818909,0.7756659388542175,0.18090036511421204,0.11479970812797546,0.985125720500946,0.180039182305336,0.16387076675891876,1.115968942642212,0.6166943311691284,0.2614072561264038,0.6386233568191528,1.0667697191238403,0.7630665898323059,0.48982006311416626,0.6328677535057068,1.3681690692901611,0.7314848899841309,0.5574795603752136,0.4113326370716095,0.47926920652389526,0.27938327193260193,1.2257102727890015,0.5202196836471558,0.26318737864494324,0.979928195476532,0.9785313606262207,0.6649560332298279,1.199182391166687,0.6232121586799622,0.5110481977462769,0.937976062297821,1.2590529918670654,0.9554107785224915,0.7455563545227051,0.282914400100708,0.6039443612098694,1.0284849405288696,0.5503658056259155,1.2108314037322998,1.2701902389526367,0.9954609274864197,0.4344671964645386,0.5257847309112549,0.17298544943332672,0.1934395283460617
1,0.5363844633102417,0.24472755193710327,0.21523194015026093,0.7748525738716125,0.12451537698507309,0.06301847100257874,0.3185011148452759,0.18489506840705872,0.5484988689422607,0.8212500214576721,0.4517356753349304,0.3683783710002899,0.3859141767024994,0.33431240916252136,0.0377972386777401,0.34187453985214233,0.0774509385228157,0.08415160328149796,0.8977251648902893,0.4207429587841034,0.4483228325843811,0.05226918309926987,0.07928088307380676,0.4402860403060913,0.08624112606048584,0.07283862680196762,0.6626655459403992,0.42373692989349365,0.20094677805900574,0.6123298406600952,0.6295297145843506,0.46393173933029175,0.3402349352836609,0.3224427402019501,0.86570143699646,0.354173868894577,0.40966272354125977,0.3319687247276306,0.3374258577823639,0.14989203214645386,0.7945829033851624,0.38022321462631226,0.12164007127285004,0.8443237543106079,0.6994130611419678,0.4781646132469177,0.6771493554115295,0.29069197177886963,0.28395751118659973,0.6882032155990601,1.442726969718933,0.3741113543510437,0.6744521856307983,0.17527328431606293,0.46044331789016724,0.8042837977409363,0.4879959225654602,0.8977422118186951,0.6098538637161255,0.9238327741622925,0.3754953145980835,0.6670867204666138,0.10105349868535995,0.13090963661670685
1,0.645405650138855,0.19305334985256195,0.25669699907302856,0.8463246822357178,0.10821074992418289,0.10797151178121567,0.6723979711532593,0.19187790155410767,1.0408320426940918,0.8471993803977966,0.5284755229949951,0.303009957075119,0.523521363735199,0.37283143401145935,0.1331375241279602,0.6206804513931274,0.12347183376550674,0.17578475177288055,0.9933502078056335,0.6788972616195679,0.8803520202636719,0.1339016556739807,0.09341706335544586,0.8878105878829956,0.19756154716014862,0.12216518074274063,1.183977723121643,0.5974037647247314,0.32742297649383545,0.8049407005310059,1.1571295261383057,0.8959007263183594,0.29333260655403137,0.6762535572052002,1.238215446472168,0.8714122176170349,0.6571741700172424,0.26177865266799927,0.32615387439727783,0.19459153711795807,1.2661575078964233,0.6605311036109924,0.1853586882352829,1.2384288311004639,0.9977240562438965,0.4884790778160095,1.1562855243682861,0.6854705810546875,0.6270478963851929,1.0942522287368774,1.2321957349777222,0.8715190291404724,0.9361335635185242,0.2959074079990387,0.7033182382583618,1.126909613609314,0.6201030015945435,1.1439642906188965,1.2084317207336426,1.1350014209747314,0.5530086159706116,0.6915530562400818,0.1263435184955597,0.15746311843395233
1,0.6737509965896606,0.2704709768295288,0.44760191440582275,0.7054757475852966,0.1374911367893219,0.14223060011863708,0.4326073229312897,0.26990851759910583,0.7600865364074707,0.5714667439460754,0.4806059002876282,0.36043626070022583,0.4971247613430023,0.48554515838623047,0.19219988584518433,0.5941655039787292,0.16295087337493896,0.21460339426994324,0.832597553730011,0.6855953335762024,0.8036941289901733,0.18845051527023315,0.1472833901643753,0.7901368737220764,0.19436252117156982,0.16496969759464264,0.989250898361206,0.4792023301124573,0.2934277057647705,0.7396685481071472,1.068296194076538,0.8336290717124939,0.19380462169647217,0.6279565691947937,0.9895409941673279,0.8163103461265564,0.5942280292510986,0.3474689722061157,0.4922879934310913,0.2894256114959717,1.0817070007324219,0.6939706206321716,0.28436893224716187,1.1469454765319824,0.8615268468856812,0.4882085919380188,0.9078766703605652,0.7014120221138,0.5687745213508606,1.1162384748458862,1.0238622426986694,0.7323362827301025,0.8918555378913879,0.4112010598182678,0.6826120018959045,0.9641194939613342,0.6366459727287292,0.7538070678710938,1.1145433187484741,0.9669243693351746,0.5742828845977783,0.6787701845169067,0.1692858338356018,0.13607268035411835
1,0.5591439604759216,0.1424664407968521,0.17808569967746735,0.6739948987960815,0.054215312004089355,0.10719189047813416,1.153393268585205,0.10154889523983002,1.118759274482727,1.621055006980896,0.7234812378883362,0.19670912623405457,0.7703818678855896,0.3584139049053192,0.07428274303674698,0.6117651462554932,0.08287058770656586,0.10852943360805511,1.6111578941345215,0.18850304186344147,0.43584713339805603,0.0784219428896904,0.05993213504552841,1.0761075019836426,0.3052246868610382,0.1075676828622818,0.963922917842865,0.7072223424911499,0.5000772476196289,0.4955298602581024,0.7468671798706055,0.8044948577880859,0.9003320932388306,0.28252288699150085,1.7681883573532104,0.49136021733283997,0.563220202922821,0.22197996079921722,0.2396479696035385,0.1169215515255928,1.0195996761322021,0.2639746367931366,0.12243251502513885,0.8017357587814331,1.1481367349624634,0.5377085208892822,1.351636290550232,0.3595086932182312,0.44217050075531006,0.47964903712272644,1.216150164604187,0.725601077079773,0.4245864450931549,0.24684913456439972,0.5639320611953735,0.9426063299179077,0.8877413868904114,1.4326525926589966,1.1331695318222046,1.0714644193649292,0.32834818959236145,0.4953075051307678,0.06859705597162247,0.1230110377073288
1,0.013203081674873829,0.0083925137296319,0.03948642313480377,0.29964956641197205,0.005441442597657442,0.09150517731904984,0.02212364785373211,0.034342337399721146,0.12246177345514297,1.684013843536377,0.890974760055542,0.0,0.3403909206390381,0.38829246163368225,0.0,0.0736338198184967,0.05445321276783943,0.08484143018722534,1.4429659843444824,0.015961984172463417,0.04685463011264801,0.0,0.03659897670149803,0.2874760329723358,0.3514429032802582,0.07601077109575272,0.19057916104793549,0.10122770071029663,0.16625811159610748,0.4312085807323456,0.30925261974334717,0.3022429049015045,0.6335356831550598,0.010135197080671787,0.9469155669212341,0.007914567366242409,0.4429793059825897,0.0,0.0,0.002176533220335841,0.09898921102285385,0.059649139642715454,0.08891791105270386,0.15906912088394165,0.7235913276672363,0.0,0.5093741416931152,0.0,0.03431607410311699,0.048612117767333984,0.2236325591802597,0.3095211684703827,0.15724359452724457,0.21880978345870972,0.23175720870494843,0.25757667422294617,1.4015032052993774,0.6680073142051697,0.019402088597416878,0.6501272916793823,0.09756197780370712,0.8566144108772278,0.032418180257081985,0.03740158677101135
1,0.6247919797897339,0.18157771229743958,0.2590840458869934,0.5018073320388794,0.09313753992319107,0.08587347716093063,1.0090112686157227,0.14835502207279205,1.108359456062317,1.6288676261901855,0.7213156819343567,0.27713432908058167,0.6774208545684814,0.17455577850341797,0.08022370934486389,0.5975871086120605,0.07415458559989929,0.08931576460599899,1.3939902782440186,0.37307119369506836,0.5458363890647888,0.08524435013532639,0.0740477591753006,1.0360554456710815,0.3600587844848633,0.12440263479948044,0.9317418336868286,0.6284356713294983,0.3832792639732361,0.45971548557281494,0.8114009499549866,0.7122847437858582,0.8502037525177002,0.34495750069618225,1.7060478925704956,0.5321852564811707,0.5471820831298828,0.28253111243247986,0.3694794774055481,0.15696841478347778,0.9642447829246521,0.2812424302101135,0.1546977311372757,0.6610733866691589,1.147581934928894,0.6103596687316895,1.2281684875488281,0.4387868344783783,0.41033631563186646,0.5734730362892151,1.1317435503005981,0.9617380499839783,0.4636630713939667,0.21724651753902435,0.5193297266960144,0.8519895076751709,0.9893737435340881,1.4018126726150513,1.1157134771347046,0.9595593810081482,0.2898699641227722,0.5129519701004028,0.08663686364889145,0.12364322692155838
1,0.30588337779045105,0.3477537930011749,0.271549254655838,0.8503031730651855,0.40923580527305603,0.31789690256118774,0.24463008344173431,0.40630677342414856,0.5579109191894531,0.4672927260398865,0.45313897728919983,0.47229424118995667,0.3563818335533142,0.4795917570590973,0.17825372517108917,0.36178910732269287,0.32293501496315,0.2378978133201599,0.7457143068313599,0.33691465854644775,0.5505450963973999,0.48367583751678467,0.3725104331970215,0.4032462537288666,0.14901578426361084,0.24343356490135193,0.6613030433654785,0.37909457087516785,0.23434120416641235,0.6950306296348572,0.6768038868904114,0.6235841512680054,0.21702706813812256,0.4733469784259796,0.5996126532554626,0.5599781274795532,0.4723152220249176,0.47526079416275024,0.23754765093326569,0.40938594937324524,0.687987744808197,0.5949352383613586,0.34545978903770447,0.8945329785346985,0.5595318078994751,0.18449720740318298,0.5358379483222961,0.3562062084674835,0.3774234652519226,0.7066513299942017,0.5748610496520996,0.24585415422916412,0.7332943677902222,0.36139196157455444,0.5908410549163818,0.854828953742981,0.5862021446228027,0.537625789642334,0.4822569489479065,0.74908047914505,0.5253255367279053,0.6800628304481506,0.23531611263751984,0.45758503675460815
1,0.4357219338417053,0.28769034147262573,0.3476669192314148,0.8044573068618774,0.1555529534816742,0.15987826883792877,0.3592141270637512,0.2767491638660431,0.5298484563827515,0.5579012036323547,0.506287157535553,0.39945539832115173,0.43578705191612244,0.4831724464893341,0.18962521851062775,0.40512752532958984,0.181890070438385,0.17942890524864197,0.8076295256614685,0.47681182622909546,0.5898426175117493,0.19248361885547638,0.13170135021209717,0.46669715642929077,0.14556102454662323,0.16722330451011658,0.6747453808784485,0.4359913170337677,0.27251261472702026,0.7208516001701355,0.7473819255828857,0.616824746131897,0.228163942694664,0.43346351385116577,0.7176185250282288,0.528550386428833,0.5283946990966797,0.3160412907600403,0.40032026171684265,0.2847561240196228,0.8472930788993835,0.5621107816696167,0.27586835622787476,0.9513264894485474,0.6437028646469116,0.36555248498916626,0.6456114053726196,0.3884696662425995,0.39107581973075867,0.841485857963562,1.165051817893982,0.2863939106464386,0.766686737537384,0.42301493883132935,0.6452836990356445,0.8713276982307434,0.6154879331588745,0.6573774218559265,0.70286625623703,0.8185258507728577,0.495381623506546,0.6402552127838135,0.181618794798851,0.2214396744966507
1,0.5381273627281189,0.13879714906215668,0.19952362775802612,0.7075068354606628,0.06550531089305878,0.07540344446897507,0.9202026128768921,0.10268623381853104,1.0976861715316772,1.4345132112503052,0.7269076704978943,0.19670678675174713,0.6925072073936462,0.3494012951850891,0.075950987637043,0.5604498386383057,0.08851664513349533,0.1092342659831047,1.4815741777420044,0.31894949078559875,0.5692845582962036,0.0772634819149971,0.058620236814022064,1.0351710319519043,0.3108455538749695,0.10333283990621567,1.080493688583374,0.6404454112052917,0.4037328064441681,0.6179364919662476,0.9322031736373901,0.8161339163780212,0.7412278056144714,0.40405362844467163,1.6748802661895752,0.615716278553009,0.619135320186615,0.20796649158000946,0.2661683261394501,0.11798760294914246,1.0367701053619385,0.3635255992412567,0.12237086892127991,0.9071598052978516,1.1298056840896606,0.5085500478744507,1.3476687669754028,0.45183855295181274,0.44299837946891785,0.6348953247070312,0.9999209046363831,0.8609966039657593,0.5459301471710205,0.23255671560764313,0.5661553740501404,0.9981064200401306,0.8706766366958618,1.3746294975280762,1.1475045680999756,1.1160037517547607,0.35621947050094604,0.5789832472801208,0.06848123669624329,0.1259661763906479
0,0.8299522399902344,0.9893998503684998,0.8232848644256592,0.24270056188106537,0.7514581680297852,0.7033773064613342,0.0,0.9584206342697144,0.04922058433294296,0.5310127139091492,0.3379114866256714,0.7383064031600952,0.11238624155521393,0.1780550181865692,0.5195565819740295,0.06580403447151184,0.5031009912490845,0.08338537812232971,0.5153744220733643,0.10257350653409958,0.023677919059991837,0.8109451532363892,0.43099620938301086,0.08547765761613846,0.06383965909481049,0.4995500147342682,0.18165835738182068,0.12676209211349487,0.06680890917778015,0.271099328994751,0.18556112051010132,0.042673684656620026,0.2582781910896301,0.053025130182504654,0.19528689980506897,0.021166402846574783,0.0796985924243927,1.0005085468292236,1.0174089670181274,0.8665378093719482,0.05582582205533981,0.01945120468735695,0.7180481553077698,0.1359683722257614,0.2186732292175293,1.0930613279342651,0.23785114288330078,0.03184359520673752,0.021130062639713287,0.08363649249076843,0.4191233515739441,0.10182920098304749,0.09005223214626312,0.641679048538208,0.11047901213169098,0.18467527627944946,0.29325664043426514,0.29086926579475403,0.1840697079896927,0.22886767983436584,0.11056289076805115,0.31722593307495117,0.6639757752418518,0.4008750319480896
1,0.44873902201652527,0.1290884166955948,0.21001210808753967,0.6566994190216064,0.0656207725405693,0.06626325100660324,0.47915518283843994,0.12250964343547821,1.0267826318740845,1.1991101503372192,0.7056766152381897,0.17223809659481049,0.6455417275428772,0.32407304644584656,0.09173176437616348,0.513982355594635,0.10306630283594131,0.13266681134700775,1.218149185180664,0.4591197073459625,0.7104037404060364,0.08994228392839432,0.06772805005311966,0.9533847570419312,0.35803133249282837,0.11333158612251282,1.1248019933700562,0.5118985772132874,0.2785114049911499,0.7323042154312134,1.1301337480545044,0.7998878955841064,0.5718105435371399,0.5457249879837036,1.4406834840774536,0.7269808650016785,0.7467935085296631,0.1714479774236679,0.23861408233642578,0.13849152624607086,0.9238477349281311,0.5037194490432739,0.1375420242547989,0.9399003386497498,1.1157002449035645,0.35566064715385437,1.170386791229248,0.5869408249855042,0.3812177777290344,0.856123685836792,0.6167207360267639,1.1000062227249146,0.7122445702552795,0.2475673109292984,0.6083999276161194,1.009446382522583,0.897031843662262,1.0996159315109253,1.0624239444732666,1.0628151893615723,0.42221224308013916,0.7112832069396973,0.080795519053936,0.10178668797016144
1,0.4539492726325989,0.12908843159675598,0.21242667734622955,0.6974959969520569,0.06562075763940811,0.06626323610544205,0.6867741346359253,0.12657469511032104,1.0579880475997925,1.6755152940750122,0.9121935367584229,0.16593706607818604,0.7766494154930115,0.3772091567516327,0.09173177927732468,0.6191406846046448,0.08711274713277817,0.1364642232656479,1.6969298124313354,0.3832121193408966,0.6330711841583252,0.08994229137897491,0.06772803515195847,1.094138741493225,0.5288026928901672,0.13451208174228668,1.105251431465149,0.6051049828529358,0.43312743306159973,0.7404945492744446,1.0624080896377563,0.8232696652412415,0.8556168079376221,0.41808855533599854,1.8123726844787598,0.6014039516448975,0.8051496744155884,0.16594691574573517,0.2361120730638504,0.13879011571407318,0.9517403244972229,0.3975066840648651,0.13290195167064667,0.8394861221313477,1.3264191150665283,0.3304719924926758,1.3243592977523804,0.4821178615093231,0.4066671133041382,0.6689692139625549,0.652725875377655,1.0447877645492554,0.5822178721427917,0.19722522795200348,0.6038817167282104,0.9481860995292664,1.2390927076339722,1.497754693031311,0.9933731555938721,1.1760072708129883,0.384250283241272,0.8011936545372009,0.08079549670219421,0.08094243705272675
0,0.2843962013721466,0.7114234566688538,0.5429125428199768,0.23096808791160583,0.31369882822036743,0.437212198972702,0.24835805594921112,0.7337366342544556,0.24191626906394958,1.1192930936813354,0.5781386494636536,0.26508384943008423,0.002258028369396925,0.0662832036614418,0.25229543447494507,0.05988192558288574,0.16158638894557953,0.0,0.982094407081604,0.0,0.1721494346857071,0.4916326105594635,0.5834948420524597,0.29766592383384705,0.5338510274887085,0.36967721581459045,0.07269918918609619,0.6229478716850281,0.43097689747810364,0.36568745970726013,0.27575668692588806,0.07735506445169449,0.3805316984653473,0.008201039396226406,0.9946797490119934,0.0,0.30163899064064026,0.46107664704322815,0.42632895708084106,0.42644602060317993,0.03252531215548515,0.0019339843420311809,0.6047288775444031,0.03763706237077713,0.37683001160621643,0.5766274333000183,0.1515233814716339,0.0,0.21708491444587708,0.04903668165206909,0.6732344627380371,0.23801983892917633,0.20917728543281555,0.10900679975748062,0.07005812227725983,0.2536602318286896,0.662720263004303,0.7438100576400757,0.24660810828208923,0.416348934173584,0.005677614361047745,0.6519924402236938,0.3636297583580017,0.48404261469841003
1,0.7024750113487244,0.11972902715206146,0.14616520702838898,0.9113564491271973,0.07524891942739487,0.04357403144240379,0.4006384313106537,0.11634328216314316,0.9650457501411438,0.8305787444114685,0.40283894538879395,0.2653946578502655,0.49898162484169006,0.3489897847175598,0.029839927330613136,0.661211371421814,0.048989344388246536,0.19004641473293304,0.8295648097991943,0.6870961785316467,0.8100664019584656,0.04126514494419098,0.0415659062564373,0.7200294137001038,0.18709716200828552,0.052155300974845886,1.0544565916061401,0.582101583480835,0.3566895127296448,0.8134111762046814,1.0796624422073364,0.7988381385803223,0.2545244097709656,0.5893125534057617,1.010951280593872,0.7061043977737427,0.6387540102005005,0.25299084186553955,0.2424376904964447,0.10312295705080032,1.141917109489441,0.621368944644928,0.08397885411977768,1.1728696823120117,1.0373024940490723,0.41556498408317566,0.824297308921814,0.6082467436790466,0.5260112881660461,1.0503195524215698,1.2945263385772705,0.7792476415634155,0.9558828473091125,0.22028227150440216,0.7239236235618591,1.0718085765838623,0.5931031703948975,0.9554861187934875,0.9022765755653381,1.1996124982833862,0.6056119799613953,0.8211795687675476,0.07399307936429977,0.06675263494253159
1,0.7024747729301453,0.11972904205322266,0.14616522192955017,0.9113564491271973,0.07524888217449188,0.0435740128159523,0.4006384611129761,0.11634328216314316,0.9650457501411438,0.830578625202179,0.4028390347957611,0.2653945982456207,0.49898168444633484,0.3489897847175598,0.02983991429209709,0.661211371421814,0.048989344388246536,0.19004638493061066,0.8295649886131287,0.687096118927002,0.8100665211677551,0.04126514494419098,0.04156589135527611,0.7200294733047485,0.18709717690944672,0.05215529352426529,1.0544567108154297,0.5821015238761902,0.3566894233226776,0.8134112358093262,1.079662561416626,0.7988381385803223,0.2545244097709656,0.589312732219696,1.0109515190124512,0.7061043381690979,0.6387540102005005,0.25299087166786194,0.24243766069412231,0.10312296450138092,1.1419172286987305,0.6213691234588623,0.08397886157035828,1.1728699207305908,1.0373024940490723,0.4155648946762085,0.8242973685264587,0.6082466840744019,0.5260113477706909,1.050319790840149,1.2945261001586914,0.7792477011680603,0.9558828473091125,0.220282182097435,0.7239235043525696,1.0718086957931519,0.5931031107902527,0.9554861187934875,0.9022766947746277,1.1996124982833862,0.60561203956604,0.8211795687675476,0.07399307191371918,0.06675255298614502
0,0.2023942619562149,0.28597867488861084,0.13978718221187592,0.055897753685712814,0.18596741557121277,0.5288354158401489,0.010912340134382248,0.4353204369544983,0.0,0.9643208384513855,0.5678194761276245,0.15468572080135345,0.0,0.034459032118320465,0.17587730288505554,0.0,0.0793779194355011,0.0,0.6150839328765869,0.0,0.0044917212799191475,0.19126778841018677,0.6423056721687317,0.0,0.08620557188987732,0.24025751650333405,0.0,0.005589914508163929,0.023768801242113113,0.008533401414752007,0.0,0.049886927008628845,0.11347838491201401,0.0,0.4842769205570221,0.0,0.10300513356924057,0.4546804130077362,0.10101980715990067,0.23750606179237366,0.0,0.0,0.7577495574951172,0.0,0.3755941092967987,0.27978622913360596,0.0,0.0,0.048472627997398376,0.0,0.19910958409309387,0.04435325413942337,0.0,0.7211472988128662,0.0,0.0,1.3557493686676025,0.15371820330619812,0.0,0.3276309669017792,0.0,0.5508628487586975,0.3906407058238983,0.6251285076141357
1,0.7781047224998474,0.19083039462566376,0.3035283386707306,0.7805905342102051,0.10429558902978897,0.07269926369190216,0.6972809433937073,0.1726970225572586,1.1881293058395386,0.9521227478981018,0.5301036238670349,0.29220011830329895,0.5521606206893921,0.3546648919582367,0.09257350862026215,0.6609780192375183,0.09246259182691574,0.16955693066120148,1.0424561500549316,0.6871951222419739,0.8441929221153259,0.09505362063646317,0.08305533975362778,1.016819953918457,0.27733084559440613,0.0983365923166275,1.2781792879104614,0.6455833315849304,0.3691309690475464,0.7468225359916687,1.2033414840698242,0.9453184604644775,0.3681316077709198,0.6512460708618164,1.4264694452285767,0.879406213760376,0.6282658576965332,0.3028918206691742,0.4075120985507965,0.17704270780086517,1.2701090574264526,0.6074836254119873,0.1636669784784317,1.188450574874878,1.0874855518341064,0.5884143114089966,1.2388839721679688,0.7299078106880188,0.5919687747955322,1.064247965812683,1.1361453533172607,1.0256974697113037,0.8763455748558044,0.27687689661979675,0.7017830610275269,1.1132657527923584,0.7157030701637268,1.1551553010940552,1.2990140914916992,1.2071954011917114,0.5350544452667236,0.6867144107818604,0.0978064015507698,0.11421643197536469
1,0.03922364488244057,0.06952220946550369,0.045697808265686035,0.3407604396343231,0.055078860372304916,0.056664396077394485,0.07542797923088074,0.05759314075112343,0.1416269689798355,1.6438685655593872,0.9380030632019043,0.0,0.24022120237350464,0.31291183829307556,0.0,0.0930464044213295,0.027226604521274567,0.1005583181977272,1.294999361038208,0.05461306497454643,0.1451602280139923,0.021917259320616722,0.02900874800980091,0.25691941380500793,0.3669951260089874,0.12835140526294708,0.22147917747497559,0.1917029619216919,0.21158461272716522,0.47122922539711,0.3028484582901001,0.2681288421154022,0.5621269941329956,0.05850633606314659,0.7938694357872009,0.08466225117444992,0.37357664108276367,0.02896820567548275,0.02463696338236332,0.004397334065288305,0.09665584564208984,0.08673152327537537,0.056227702647447586,0.20379705727100372,0.6683301329612732,0.04945113882422447,0.35277941823005676,0.02858748845756054,0.08100558072328568,0.09702452272176743,0.22211046516895294,0.4350910484790802,0.21826384961605072,0.2154262810945511,0.24626284837722778,0.28114083409309387,1.381594181060791,0.7307677865028381,0.08340772986412048,0.6077841520309448,0.14269672334194183,0.7827375531196594,0.01620909385383129,0.01919947937130928
1,0.5944308042526245,0.22103184461593628,0.29699209332466125,0.4416782557964325,0.09302632510662079,0.0952591821551323,1.2308804988861084,0.18263617157936096,1.1295559406280518,1.8105319738388062,1.1140824556350708,0.2886410057544708,0.8071774840354919,0.1002834364771843,0.09719553589820862,0.5376333594322205,0.07624470442533493,0.16778451204299927,1.6945511102676392,0.2960129976272583,0.5143038034439087,0.10405847430229187,0.09420857578516006,1.1594189405441284,0.4486863315105438,0.2655835449695587,0.8528719544410706,0.7956923842430115,0.4271606504917145,0.4151962399482727,0.8790673613548279,0.5098860263824463,1.094720482826233,0.25793755054473877,1.8392958641052246,0.427701860666275,0.5409502387046814,0.2903788387775421,0.3826272785663605,0.19365796446800232,0.9226976037025452,0.22364014387130737,0.20287446677684784,0.5439103841781616,1.0766366720199585,0.6081929802894592,1.3299084901809692,0.37968361377716064,0.3390999734401703,0.500486433506012,1.0521093606948853,1.2760621309280396,0.3994427025318146,0.18902355432510376,0.5967645645141602,0.7625925540924072,1.097435474395752,1.6508324146270752,1.1314679384231567,0.8453251123428345,0.2263304740190506,0.3849433958530426,0.10911252349615097,0.133497416973114
1,0.8318225145339966,0.19082212448120117,0.28229960799217224,0.7707529664039612,0.08726038783788681,0.0806802362203598,0.9317610263824463,0.16770565509796143,1.1740140914916992,1.1581016778945923,0.5235126614570618,0.31097689270973206,0.6569450497627258,0.3544031083583832,0.09068769216537476,0.7034040689468384,0.08608008921146393,0.1400616317987442,1.1521711349487305,0.5680908560752869,0.6760678291320801,0.09636317193508148,0.08453832566738129,1.0210226774215698,0.2643437683582306,0.10312382876873016,1.1457576751708984,0.6777507066726685,0.46881210803985596,0.6361279487609863,0.9772114753723145,0.9106330871582031,0.4868961274623871,0.4726260304450989,1.50567626953125,0.7550737261772156,0.591438889503479,0.3302558362483978,0.3736034035682678,0.17587564885616302,1.2516356706619263,0.48070040345191956,0.17487569153308868,1.083968162536621,1.1213247776031494,0.6155966520309448,1.2354379892349243,0.592567503452301,0.5515401363372803,0.8921230435371399,1.508244276046753,0.8521282076835632,0.764208972454071,0.25911328196525574,0.6824330687522888,1.061678171157837,0.7784192562103271,1.241531491279602,1.2514454126358032,1.191453218460083,0.4924381375312805,0.6077528595924377,0.09793729335069656,0.16406598687171936
1,0.09256251901388168,0.0999101996421814,0.02596198208630085,0.44381487369537354,0.07950270175933838,0.006756069138646126,0.13895770907402039,0.09596297889947891,0.16285012662410736,1.7587379217147827,1.0950592756271362,0.02206289954483509,0.22555838525295258,0.29686716198921204,0.0,0.14480799436569214,0.0,0.15216064453125,1.3337467908859253,0.04464659094810486,0.17633642256259918,0.06820923835039139,0.044844403862953186,0.2631927728652954,0.41066011786460876,0.18003851175308228,0.2060316950082779,0.2073984295129776,0.3361527919769287,0.5228514671325684,0.28734567761421204,0.2879982888698578,0.5837645530700684,0.05926096439361572,0.7342677116394043,0.1328982561826706,0.38437017798423767,0.09356784075498581,0.01818702183663845,0.0,0.149814635515213,0.0980352982878685,0.015589642338454723,0.2725459635257721,0.6941020488739014,0.06385111063718796,0.271907240152359,0.041985977441072464,0.10968148708343506,0.12613900005817413,0.27939167618751526,0.5692565441131592,0.27946701645851135,0.19878482818603516,0.329312264919281,0.2974591553211212,1.5399340391159058,0.8795213103294373,0.09606114029884338,0.605741024017334,0.197051540017128,0.7360029220581055,0.01704644411802292,0.03267686069011688
0,0.9771490693092346,0.510530412197113,0.5672885775566101,0.0,0.8341541290283203,1.1994829177856445,0.0,0.8184219598770142,0.0,0.3118584156036377,0.2646138370037079,0.7004383206367493,0.0,0.09769628196954727,0.5887174010276794,0.0,0.9673937559127808,0.0,0.2105121612548828,0.0,0.0,0.7547312378883362,1.2246596813201904,0.0,0.0,0.3197028934955597,0.0,0.0,0.0,0.0,0.0,0.0,0.03571338579058647,0.0,0.01423643995076418,0.0,0.0,0.7287260890007019,0.27163422107696533,0.7885289192199707,0.0,0.0,0.835891604423523,0.01028765831142664,0.037092093378305435,0.5004881024360657,0.0,0.0,0.0,0.0,0.2551887631416321,0.0,0.0,1.838775873184204,0.0,0.0,0.5980334877967834,0.008279371075332165,0.0,0.0031604482792317867,0.0,0.013490185141563416,1.096234679222107,1.2498672008514404
1,0.0,0.009396039880812168,0.0282619409263134,0.5406177639961243,0.0,0.018790068104863167,0.3345572352409363,0.01117045246064663,0.5912898182868958,1.3562308549880981,0.8464270234107971,0.01587280072271824,0.49288761615753174,0.436444491147995,0.0,0.3358038067817688,0.07005853950977325,0.2253989279270172,1.3672446012496948,0.13665153086185455,0.4945752024650574,0.010546852834522724,0.011350119486451149,0.6835293173789978,0.3884599208831787,0.06651715934276581,0.629609227180481,0.42031076550483704,0.22440646588802338,0.6443930864334106,0.7853615880012512,0.5977798700332642,0.7613530158996582,0.4839785695075989,1.264265775680542,0.49120673537254333,0.6249379515647888,0.03622215613722801,0.03894517943263054,0.0,0.5929322242736816,0.4790981113910675,0.013113918714225292,0.6478561758995056,0.9075899720191956,0.005280981305986643,0.92803955078125,0.29450008273124695,0.254443883895874,0.4655413329601288,0.16221989691257477,0.6903107166290283,0.4790171682834625,0.30368658900260925,0.3774706721305847,0.8607580065727234,1.1286314725875854,0.9221803545951843,0.6058434844017029,0.8361753225326538,0.3430808484554291,0.7771801352500916,0.00017457190551795065,0.006650873459875584
0,0.2249755859375,0.27081483602523804,0.13916198909282684,0.03908277302980423,0.18028731644153595,0.4002009928226471,0.08513862639665604,0.237864151597023,0.0,1.2137621641159058,0.7598734498023987,0.12461633235216141,0.005382023751735687,0.02262733317911625,0.1157781109213829,0.0,0.10579286515712738,0.0,0.7181851267814636,0.0,0.029881462454795837,0.11996469646692276,0.43210935592651367,0.07461222261190414,0.1329594850540161,0.35265210270881653,0.0,0.06898469477891922,0.027989907190203667,0.045968882739543915,0.0,0.0600307397544384,0.24138443171977997,0.0,0.6245684027671814,0.0,0.21143484115600586,0.38739290833473206,0.05113944038748741,0.25766798853874207,0.0,0.0,1.0788204669952393,0.0,0.38801807165145874,0.37022632360458374,0.04237566515803337,0.0,0.057467587292194366,0.0,0.15233632922172546,0.2698529064655304,0.01981581375002861,0.625973641872406,0.0,0.0,1.4901598691940308,0.3567533493041992,0.01623082347214222,0.25990328192710876,0.0,0.45345643162727356,0.36195892095565796,0.5036779642105103
1,0.6337493062019348,0.34993478655815125,0.4054586887359619,0.6150354146957397,0.21958230435848236,0.18948359787464142,0.7815818786621094,0.3223632276058197,0.9989070296287537,0.8056427240371704,0.6076249480247498,0.5093886256217957,0.45850667357444763,0.16104112565517426,0.19556353986263275,0.45375901460647583,0.1724308580160141,0.11685141175985336,0.9890832304954529,0.6061727404594421,0.8076128959655762,0.2266906499862671,0.1456848382949829,0.8706701397895813,0.09092381596565247,0.18571998178958893,0.9961794018745422,0.5674639344215393,0.17074377834796906,0.6247766613960266,1.0172455310821533,0.7180278897285461,0.4384321868419647,0.6360365152359009,1.225024938583374,0.7454386949539185,0.5410211086273193,0.41779202222824097,0.5027847290039062,0.34434109926223755,1.1725518703460693,0.5574185848236084,0.2936931550502777,0.9849965572357178,0.8266904950141907,0.595119833946228,1.147702932357788,0.5773316621780396,0.43706172704696655,0.9470058083534241,1.199826955795288,0.7657608389854431,0.7664909958839417,0.34694695472717285,0.6038245558738708,1.0484589338302612,0.49802035093307495,1.1322113275527954,1.2199450731277466,0.8701534867286682,0.40618035197257996,0.45655444264411926,0.2309509962797165,0.2668043076992035
1,0.3881763517856598,0.11843208968639374,0.13870936632156372,0.6279324293136597,0.04580223560333252,0.027980798855423927,0.8470426201820374,0.06475181877613068,0.9361808896064758,1.4873145818710327,0.8140391707420349,0.1611904352903366,0.6460927724838257,0.2729775607585907,0.010698908939957619,0.41091373562812805,0.05506205931305885,0.07749547064304352,1.5158812999725342,0.20594295859336853,0.46929123997688293,0.03445170074701309,0.023436181247234344,0.9323825240135193,0.2465962916612625,0.08509406447410583,0.9453437924385071,0.5681898593902588,0.2950931191444397,0.5342172980308533,0.8411766290664673,0.6630330681800842,0.8005847334861755,0.3518221080303192,1.672900676727295,0.47873762249946594,0.5512956976890564,0.13793551921844482,0.2102968841791153,0.059939298778772354,0.9118967652320862,0.27200910449028015,0.06950977444648743,0.7566616535186768,0.9787468314170837,0.4534829258918762,1.3392783403396606,0.36524537205696106,0.340874582529068,0.5206066370010376,0.8791255354881287,0.8020532727241516,0.4710702896118164,0.1561109572649002,0.4714738726615906,0.8927364349365234,0.7755756974220276,1.382798433303833,1.0171797275543213,1.0153019428253174,0.24205607175827026,0.5716618895530701,0.010350767523050308,0.09656424820423126
0,0.05798716843128204,0.2491113543510437,0.14606989920139313,0.08414193242788315,0.08471433818340302,0.085592120885849,0.5728471279144287,0.1378817856311798,0.25303131341934204,1.228054404258728,1.021466851234436,0.10389191657304764,0.3401797413825989,0.1242869645357132,0.025579266250133514,0.0,0.08447901159524918,0.060521066188812256,1.4774227142333984,0.0,0.0,0.12047974765300751,0.13077561557292938,0.5384473204612732,0.5062963962554932,0.47729042172431946,0.133255273103714,0.45014381408691406,0.13545890152454376,0.08679406344890594,0.4006843566894531,0.08082589507102966,0.8222401142120361,0.0,1.029162049293518,0.0,0.16286486387252808,0.05198860913515091,0.09841862320899963,0.3237364590167999,0.044625695794820786,0.0,0.23655082285404205,0.040461793541908264,0.28316038846969604,0.20165124535560608,0.7284373641014099,0.0,0.0,0.002791081788018346,0.18654102087020874,0.6317521333694458,0.04603009670972824,0.21759691834449768,0.12465599924325943,0.12106731534004211,0.6551182866096497,0.8427877426147461,0.22134524583816528,0.1739186942577362,0.0,0.38301804661750793,0.06953993439674377,0.08165257424116135
1,0.12755277752876282,0.08440623432397842,0.04915732890367508,0.61768639087677,0.10810691863298416,0.07262739539146423,0.08151260763406754,0.09040410071611404,0.18062031269073486,1.3908802270889282,0.7971214056015015,0.03256785497069359,0.27136126160621643,0.584907054901123,0.0,0.1702619343996048,0.04123421013355255,0.27878662943840027,1.1384611129760742,0.1344606578350067,0.09777727723121643,0.1216650903224945,0.07957695424556732,0.22628943622112274,0.4158092737197876,0.10917720198631287,0.20139628648757935,0.17938251793384552,0.43695586919784546,0.6329030990600586,0.2323392927646637,0.37182730436325073,0.3971167504787445,0.06389382481575012,0.577828586101532,0.09265872091054916,0.30283987522125244,0.11663766205310822,0.02010175585746765,0.008612964302301407,0.17080406844615936,0.15780290961265564,0.04360578581690788,0.3172176778316498,0.6906405687332153,0.06286952644586563,0.2604999840259552,0.07843071967363358,0.10352136194705963,0.1567905843257904,0.2699509263038635,0.30404195189476013,0.3434995114803314,0.3052918314933777,0.34820756316185,0.3820194900035858,1.3115918636322021,0.6583621501922607,0.057378314435482025,0.7866396307945251,0.34567397832870483,0.8256120085716248,0.04150288552045822,0.04176730290055275
