label,dim0,dim1,dim2,dim3,dim4,dim5,dim6,dim7,dim8,dim9,dim10,dim11,dim12,dim13,dim14,dim15,dim16,dim17,dim18,dim19,dim20,dim21,dim22,dim23,dim24,dim25,dim26,dim27,dim28,dim29,dim30,dim31,dim32,dim33,dim34,dim35,dim36,dim37,dim38,dim39,dim40,dim41,dim42,dim43,dim44,dim45,dim46,dim47,dim48,dim49,dim50,dim51,dim52,dim53,dim54,dim55,dim56,dim57,dim58,dim59,dim60,dim61,dim62,dim63,dim64,dim65,dim66,dim67,dim68,dim69,dim70,dim71,dim72,dim73,dim74,dim75,dim76,dim77,dim78,dim79,dim80,dim81,dim82,dim83,dim84,dim85,dim86,dim87,dim88,dim89,dim90,dim91,dim92,dim93,dim94,dim95,dim96,dim97,dim98,dim99,dim100,dim101,dim102,dim103,dim104,dim105,dim106,dim107,dim108,dim109,dim110,dim111,dim112,dim113,dim114,dim115,dim116,dim117,dim118,dim119,dim120,dim121,dim122,dim123,dim124,dim125,dim126,dim127,dim128,dim129,dim130,dim131,dim132,dim133,dim134,dim135,dim136,dim137,dim138,dim139,dim140,dim141,dim142,dim143,dim144,dim145,dim146,dim147,dim148,dim149,dim150,dim151,dim152,dim153,dim154,dim155,dim156,dim157,dim158,dim159,dim160,dim161,dim162,dim163,dim164,dim165,dim166,dim167,dim168,dim169,dim170,dim171,dim172,dim173,dim174,dim175,dim176,dim177,dim178,dim179,dim180,dim181,dim182,dim183,dim184,dim185,dim186,dim187,dim188,dim189,dim190,dim191,dim192,dim193,dim194,dim195,dim196,dim197,dim198,dim199,dim200,dim201,dim202,dim203,dim204,dim205,dim206,dim207,dim208,dim209,dim210,dim211,dim212,dim213,dim214,dim215,dim216,dim217,dim218,dim219,dim220,dim221,dim222,dim223,dim224,dim225,dim226,dim227,dim228,dim229,dim230,dim231,dim232,dim233,dim234,dim235,dim236,dim237,dim238,dim239,dim240,dim241,dim242,dim243,dim244,dim245,dim246,dim247,dim248,dim249,dim250,dim251,dim252,dim253,dim254,dim255
1,0.9506763815879822,0.7590094208717346,0.3015042543411255,0.22996409237384796,0.1853720247745514,0.20395147800445557,0.8315420746803284,0.8373509645462036,0.8133242726325989,0.6263425350189209,0.7578425407409668,0.8407880067825317,0.8486337661743164,0.814140796661377,0.2496194839477539,0.4741465747356415,0.3493032455444336,0.24842476844787598,0.7505491375923157,1.0234451293945312,0.841781735420227,0.20371747016906738,0.2899700403213501,0.8178993463516235,0.8877367377281189,0.7402184009552002,0.2226608544588089,0.6988191604614258,0.18792621791362762,0.8749817609786987,0.7668998837471008,0.7866733074188232,0.7882996201515198,0.1834290623664856,0.4646156132221222,0.3369707465171814,0.8199357986450195,0.8959922790527344,0.2270715981721878,0.7782896161079407,0.49246618151664734,0.28119584918022156,0.27137696743011475,0.176858589053154,0.8142522573471069,0.8182511925697327,0.35689687728881836,0.20758402347564697,0.5027700662612915,0.2634013891220093,0.2601664066314697,0.7470611929893494,0.14996127784252167,0.8591470718383789,0.7852116227149963,0.21717551350593567,0.9647092819213867,0.2508602738380432,0.232772558927536,0.5924469232559204,0.27581194043159485,0.3981248438358307,1.1802771091461182,0.32010430097579956,0.20696181058883667,0.3468751907348633,0.7728317379951477,0.37034156918525696,0.2568950355052948,0.8299270272254944,0.29253339767456055,0.7766629457473755,0.18827147781848907,0.15609166026115417,0.2473883330821991,0.20782166719436646,0.8188306093215942,0.6234831809997559,0.17173264920711517,0.2507697343826294,0.858491063117981,0.3578946888446808,0.28052085638046265,0.7833369970321655,0.8736421465873718,0.6288107633590698,0.33309420943260193,0.8865917921066284,0.735034167766571,0.8763344883918762,0.8371019959449768,0.3238026797771454,0.3625184893608093,0.8173503279685974,0.2037319839000702,0.35999438166618347,0.23303550481796265,0.6269946098327637,0.23281843960285187,0.8013969659805298,0.19321365654468536,0.7737706303596497,0.8890346884727478,0.30238085985183716,0.7702208757400513,0.7848670482635498,0.17807263135910034,0.7893708944320679,0.817419707775116,0.2874988913536072,0.8919994831085205,0.31249716877937317,0.6954724788665771,0.24731288850307465,0.1190410852432251,0.23009368777275085,0.2848949134349823,0.30714383721351624,0.745343029499054,0.8181440830230713,0.8938733339309692,0.7253507375717163,0.7628330588340759,0.1847238391637802,0.7302893400192261,0.3379438519477844,0.8931446075439453,0.3042490780353546,0.27244484424591064,0.24063807725906372,0.2755780816078186,0.26701709628105164,0.2591856122016907,0.17484740912914276,0.22539523243904114,0.8827032446861267,0.22103141248226166,0.8538243770599365,0.8306831121444702,0.2109134942293167,0.18317295610904694,0.19609814882278442,0.29469937086105347,0.8557570576667786,0.2751235067844391,0.7860344052314758,0.8632471561431885,0.818554699420929,0.2789213955402374,0.2884454131126404,0.24486112594604492,0.87441486120224,0.2699786126613617,0.26543718576431274,0.721941351890564,0.20117273926734924,0.29997265338897705,0.26088187098503113,0.23837310075759888,0.7241055965423584,0.18492300808429718,0.3973100185394287,0.8781835436820984,0.30984699726104736,0.8588087558746338,0.2567448914051056,0.22785136103630066,0.8693840503692627,0.8480327129364014,0.2036568522453308,0.3316846489906311,0.19915366172790527,0.7693780660629272,1.004090666770935,0.7335740923881531,0.7091896533966064,0.7509996294975281,0.36458900570869446,0.33231595158576965,0.23511065542697906,0.5878835916519165,0.2305813878774643,0.7629184126853943,0.9093192219734192,0.7463801503181458,0.84226393699646,0.7330190539360046,0.30792367458343506,0.8363660573959351,0.14712053537368774,0.26929742097854614,0.817138671875,0.9746078848838806,0.2672640383243561,0.1776159703731537,0.9139955043792725,0.2382679283618927,0.3454854488372803,0.2946664094924927,0.8445202708244324,0.3404707908630371,0.30841076374053955,0.2731836438179016,0.9126401543617249,0.7521069049835205,0.2541821300983429,0.28792867064476013,0.8546268343925476,0.9417486190795898,0.23848213255405426,0.8013800382614136,0.8391494154930115,0.3639713227748871,0.7909095287322998,0.6141272783279419,0.3541853725910187,0.327457457780838,0.7857335805892944,0.6558364033699036,0.3105815649032593,0.2778641879558563,0.3054826259613037,0.8699395656585693,0.1769719421863556,0.7952120304107666,0.8028886318206787,0.7749173045158386,0.7330348491668701,0.24208208918571472,0.27565401792526245,0.2405577003955841,0.7577677369117737,0.2979472577571869,0.9036439061164856,0.4674932062625885,0.4174463152885437,0.258816659450531,0.2518879771232605,0.9889400005340576,0.2453761100769043,0.828923761844635,0.8419902324676514,0.8546825051307678,0.20932088792324066,0.36870670318603516,0.8324900269508362,0.30904144048690796,0.9588835835456848,0.8077604174613953,0.24000681936740875,0.36967018246650696,0.7766658067703247,0.2751428484916687,0.7155047655105591,0.9502653479576111,0.28079134225845337
0,0.25910231471061707,0.034545138478279114,0.3755197525024414,0.4270879030227661,0.3684043884277344,0.49052414298057556,0.0,0.0,0.0,0.0,0.08660230040550232,0.0,0.037701427936553955,0.0,0.8719339370727539,0.5328183770179749,0.49079737067222595,0.37297242879867554,0.05886077135801315,0.0,0.008791530504822731,0.5509952902793884,0.46538451313972473,0.0,0.0,0.00931699201464653,0.43680062890052795,0.08554328233003616,0.3689975142478943,0.0,0.19950248301029205,0.0,0.0,0.38294121623039246,0.23377534747123718,1.0923664569854736,0.0704004094004631,0.0,0.405251681804657,0.0,0.5431687235832214,0.4648567736148834,0.4285716712474823,0.4463409185409546,0.0,0.0007419571629725397,0.9830188751220703,0.3244733214378357,0.032962094992399216,0.5146585702896118,0.44442862272262573,0.27454474568367004,0.4296947717666626,0.06597994267940521,0.0,0.38496243953704834,0.0,0.4181957244873047,0.4393642544746399,1.269424319267273,0.49845314025878906,1.045485496520996,1.0127756595611572,0.42608052492141724,0.43137627840042114,1.013693928718567,0.07650410383939743,0.8938388228416443,0.3110460937023163,0.0,0.46503016352653503,0.008304890245199203,0.473477303981781,0.011821582913398743,0.4010341763496399,0.3358440399169922,0.0,0.18656642735004425,0.19631709158420563,0.3991295099258423,0.0,1.230135440826416,0.8292589783668518,0.4296891391277313,0.0,0.0,0.37332791090011597,0.0,0.22191773355007172,0.0,0.12311449646949768,0.4956547021865845,1.1269232034683228,0.0,0.5148999691009521,1.3121836185455322,0.45180776715278625,0.4219152331352234,0.5348328351974487,0.0,0.45883554220199585,0.14972835779190063,0.0,0.40989431738853455,0.0,0.0,0.4452515244483948,0.10474197566509247,0.0,0.37241488695144653,0.033852797001600266,0.8839982151985168,0.0009337151423096657,0.4155735671520233,0.8937098979949951,0.43875932693481445,1.098821997642517,1.2232295274734497,0.15181288123130798,0.0,0.0,0.2380499541759491,0.1924561709165573,0.42567604780197144,0.0,1.2679105997085571,0.14065080881118774,0.35978686809539795,0.4779251217842102,0.3705267310142517,0.4702349305152893,0.3970686197280884,0.3576844334602356,0.48343461751937866,0.4862632155418396,0.0,0.4777330756187439,0.0,0.09091030806303024,0.5535681247711182,0.4388965368270874,0.4544926881790161,0.3501359820365906,0.0,0.39158013463020325,0.0,0.0,0.0,0.42754310369491577,0.40093085169792175,0.4748481512069702,0.05793946608901024,0.42007386684417725,0.7615066766738892,0.5563430786132812,0.3176725208759308,0.6969522833824158,0.44802042841911316,0.36036598682403564,0.7137725353240967,0.22993986308574677,1.2682286500930786,0.1928313672542572,0.38555389642715454,0.0,0.41104528307914734,0.38270947337150574,0.0,0.29627180099487305,0.42015141248703003,0.3834361433982849,0.5099786520004272,0.16832035779953003,0.524027943611145,0.0877298042178154,0.12288790196180344,0.04245825111865997,0.37267717719078064,1.0724713802337646,0.33016344904899597,0.27928873896598816,0.4622209370136261,0.0,0.0,0.0,0.0,0.29143208265304565,0.4804835021495819,0.0,0.2634848356246948,0.42844754457473755,0.017060576006770134,0.004755370318889618,0.2957015633583069,0.5929919481277466,0.0,0.485504686832428,0.9169412851333618,0.4052383005619049,0.0,1.2148455381393433,0.35844552516937256,0.4500657618045807,0.0,0.040173646062612534,0.41092827916145325,1.0263787508010864,0.13576939702033997,0.020718425512313843,0.346955269575119,0.0,0.0,0.9223070740699768,0.0,0.01586459018290043,0.7665143609046936,0.44522708654403687,0.0075861806981265545,0.0024465906899422407,0.4660343825817108,0.3703423738479614,0.6066772937774658,0.028926007449626923,0.43967577815055847,0.09772588312625885,0.0,0.0,0.0,0.38164904713630676,0.45790526270866394,0.41362932324409485,0.10334928333759308,0.42425405979156494,0.0,0.816864550113678,1.0921376943588257,0.5977134704589844,0.37498265504837036,0.0,0.33740469813346863,0.0,0.0014824675163254142,0.0,0.40760067105293274,1.3531583547592163,0.10687252879142761,0.911792516708374,0.0,0.0,0.7620145082473755,1.0626434087753296,0.0,0.44324567914009094,0.707823634147644,0.0,0.3861411213874817
1,0.4429735839366913,0.19165924191474915,0.25183042883872986,0.0,0.022311534732580185,0.0,0.135062575340271,0.21505147218704224,0.1258406639099121,0.10179261118173599,0.32774776220321655,0.08613108098506927,0.14826123416423798,0.17488935589790344,0.7989271283149719,0.9692212343215942,0.0,0.11863831430673599,0.25024083256721497,0.08164691925048828,0.2036876678466797,0.35559695959091187,0.0,0.17686858773231506,0.17803046107292175,0.1046580821275711,0.0,0.16510923206806183,0.09367498755455017,0.1301034688949585,0.3033345341682434,0.2305121123790741,0.13790884613990784,0.015228521078824997,0.5569077730178833,1.0928316116333008,0.20389822125434875,0.12845198810100555,0.0,0.3382693827152252,0.454605370759964,0.0,0.0,0.08929038047790527,0.17463424801826477,0.16068102419376373,1.1352180242538452,0.0,0.42151981592178345,0.4457707107067108,0.0,0.38751888275146484,0.4144018590450287,0.2677873373031616,0.12857365608215332,0.0,0.15276792645454407,0.0,0.0,1.349112629890442,0.0,1.0740412473678589,1.5834232568740845,0.013732870109379292,0.0,1.1464754343032837,0.3276117742061615,1.1703674793243408,0.029263267293572426,0.22251440584659576,0.0,0.225077286362648,0.12171965837478638,0.12541669607162476,0.0012660262873396277,0.01777898333966732,0.20087496936321259,0.38609668612480164,0.37329307198524475,0.0,0.1528036892414093,1.1590758562088013,0.8405064940452576,0.3840482234954834,0.11098078638315201,0.21941432356834412,0.0,0.14148429036140442,0.3544391393661499,0.2210913449525833,0.3607369065284729,0.0,1.2018948793411255,0.11665290594100952,0.5683043003082275,1.2178175449371338,0.3182109594345093,0.7811770439147949,0.3665289580821991,0.16129228472709656,0.09127474576234818,0.2389180064201355,0.14749464392662048,0.0,0.18834996223449707,0.13789761066436768,0.15155355632305145,0.22822296619415283,0.2342577874660492,0.0,0.278454065322876,0.9709920287132263,0.04059959948062897,0.04516909644007683,0.6209521293640137,0.0,0.9507272839546204,1.0688142776489258,0.21032212674617767,0.1363520324230194,0.22600069642066956,0.26862287521362305,0.2688893675804138,0.0,0.20130638778209686,1.152251958847046,0.30430465936660767,0.004502566531300545,0.0,0.0,0.0,0.0,0.0,0.06320173293352127,0.0,0.1497313529253006,0.0622122697532177,0.16532880067825317,0.22280654311180115,0.28375333547592163,0.06411868333816528,0.13653743267059326,0.0,0.16818566620349884,0.0,0.09769010543823242,0.16172516345977783,0.14960047602653503,0.0,0.0,0.0,0.27642884850502014,0.0,0.45754769444465637,0.6404517292976379,0.15027721226215363,0.9614880084991455,0.0,0.0,0.6153586506843567,0.04055613651871681,1.2219154834747314,0.40628132224082947,0.0,0.1967446655035019,0.0,0.11424693465232849,0.22591082751750946,0.45987579226493835,0.1902235448360443,0.0,0.1727888137102127,0.20100291073322296,0.8212488293647766,0.22790877521038055,0.2434900999069214,0.27272820472717285,0.05422129109501839,1.0965864658355713,0.0,0.002282708650454879,0.3163190484046936,0.21661047637462616,0.10420653969049454,0.18524305522441864,0.1773184835910797,0.3407248556613922,0.0,0.1622675061225891,0.16909347474575043,0.0,0.17009687423706055,0.12266857177019119,0.010160572826862335,0.08228236436843872,0.1876801997423172,0.0,1.0842454433441162,0.0,0.1935349702835083,1.2091784477233887,0.039246201515197754,0.0,0.13971389830112457,0.2436307966709137,0.0,0.9696844220161438,0.22193534672260284,0.2940883934497833,0.0,0.1504354178905487,0.1625727415084839,1.0759233236312866,0.20846211910247803,0.30869269371032715,1.0369737148284912,0.011671608313918114,0.1778184175491333,0.2683574855327606,0.0,0.0,0.8994866609573364,0.22061599791049957,0.05936243385076523,0.15617196261882782,0.18665556609630585,0.3280574083328247,0.11914374679327011,0.0,0.0,0.0,0.2435447871685028,0.019156301394104958,0.08280853182077408,1.0463708639144897,1.1820818185806274,0.6588123440742493,0.6562957167625427,0.16082777082920074,0.0,0.14809787273406982,0.1429828405380249,0.1836370825767517,0.0,1.3026739358901978,0.31866011023521423,0.9906020164489746,0.15913493931293488,0.09378732740879059,0.46819913387298584,1.2561131715774536,0.13966263830661774,0.0,0.8158822655677795,0.1483994722366333,0.0
1,1.289659023284912,0.9928383231163025,0.12808622419834137,0.0,0.01358636561781168,0.0,1.0322833061218262,1.0874615907669067,1.0156660079956055,0.843061625957489,0.9848856329917908,1.0744318962097168,1.1036289930343628,1.0344772338867188,0.31126660108566284,0.6654879450798035,0.0,0.0760473757982254,0.9814953207969666,1.137497067451477,1.0765142440795898,0.18884629011154175,0.0,1.0358093976974487,1.1226547956466675,0.9455570578575134,0.0,0.9003003835678101,0.06392952799797058,1.0622849464416504,0.9951187372207642,1.006853461265564,1.0004734992980957,0.013660824857652187,0.5732240080833435,0.46347883343696594,1.0758720636367798,1.1126363277435303,0.0,0.925221860408783,0.6062424778938293,0.0,0.0,0.05140021815896034,1.0086007118225098,1.0476257801055908,0.5141186118125916,0.0,0.7083235383033752,0.19786134362220764,0.0,0.9841169714927673,0.19807015359401703,1.1043782234191895,0.9816749691963196,0.0,1.1827222108840942,0.0,0.0,0.9126339554786682,0.0,0.5871027112007141,1.7521167993545532,0.005271707661449909,0.0,0.4877922236919403,1.0390751361846924,0.5244725942611694,0.006305711343884468,0.9801337718963623,0.0,0.9833435416221619,0.07098910212516785,0.13633733987808228,0.002845749258995056,0.0,1.0005308389663696,0.8707424402236938,0.16862799227237701,0.0,1.059302806854248,0.49240046739578247,0.37500420212745667,1.049521565437317,1.1069165468215942,0.8113551735877991,0.0,1.0983294248580933,0.9882808923721313,1.1037501096725464,1.1120333671569824,0.0,0.5289298892021179,1.0065407752990723,0.2411123663187027,0.5133296251296997,0.1706819385290146,0.8918628096580505,0.17362670600414276,1.0261563062667847,0.05894972383975983,1.0313118696212769,1.09011709690094,0.0,0.9817437529563904,0.9785215854644775,0.08025522530078888,1.0112382173538208,0.9501168727874756,0.0,1.133503794670105,0.4743114709854126,0.8352617621421814,0.02679840475320816,0.12363436818122864,0.0,0.3835153877735138,0.4549506902694702,0.9784609079360962,0.9958263635635376,1.1483615636825562,0.9624823927879333,1.0096471309661865,0.0,0.8620157837867737,0.47660180926322937,1.1273562908172607,0.0,0.0,0.0,0.0,0.0,0.0,0.03881865367293358,0.0,1.1161326169967651,0.04189028590917587,1.069527506828308,1.101096272468567,0.13100160658359528,0.04303785040974617,0.06729195266962051,0.0,1.0696336030960083,0.0,1.0134222507476807,1.100537896156311,1.0455303192138672,0.0,0.0,0.0,1.1569342613220215,0.0,0.2080441117286682,0.994046151638031,0.06486106663942337,0.4103967547416687,0.0,0.0,0.9551016092300415,0.01004871353507042,0.555591344833374,1.1598283052444458,0.0,1.1229666471481323,0.0,0.07247558236122131,1.0996266603469849,1.1360636949539185,0.10913693159818649,0.0,0.09747935086488724,0.9976117610931396,1.321773886680603,0.9858137369155884,0.9187730550765991,0.9598133563995361,0.0,0.45670950412750244,0.0,0.4100397229194641,0.15897902846336365,0.9632912278175354,1.110948085784912,0.8916288614273071,1.0762664079666138,0.9848959445953369,0.0,1.044853687286377,0.06123602017760277,0.0,1.0094202756881714,1.1625779867172241,0.0,0.03068132884800434,1.1156867742538452,0.0,0.514259934425354,0.0,1.0153286457061768,0.5121656060218811,0.0,0.0,1.0661507844924927,0.9791600704193115,0.0,0.3957522213459015,1.091259479522705,1.2206084728240967,0.0,1.0151668787002563,1.0783052444458008,0.4962673485279083,0.9325339794158936,0.8270397782325745,0.4781416952610016,0.0,0.9898374080657959,0.834252119064331,0.0,0.0,0.4243044853210449,1.147670865058899,0.039029281586408615,0.9770143032073975,0.9569103121757507,1.0178298950195312,0.9448198080062866,0.0,0.0,0.0,1.0110769271850586,0.045658037066459656,1.1299006938934326,0.6651180386543274,0.6271848082542419,0.31372448801994324,0.33704593777656555,1.2124383449554443,0.0,1.0524444580078125,1.0826836824417114,1.0291434526443481,0.0,0.5414571166038513,1.0596745014190674,0.44319021701812744,1.1639227867126465,1.007347583770752,0.19966720044612885,0.5079646706581116,0.8871688842773438,0.0,1.0348005294799805,1.152764916419983,0.0
0,0.49685442447662354,0.15206114947795868,0.5112195014953613,0.37327760457992554,0.29783180356025696,0.3335067927837372,0.0,0.0,0.0,0.0,0.16442902386188507,0.0,0.12509137392044067,0.0,0.8864448070526123,0.8659911751747131,0.09373454004526138,0.2847725749015808,0.14442424476146698,0.0833141878247261,0.017180651426315308,0.4972017705440521,0.2990928292274475,0.0,0.0,0.01936413161456585,0.3242725133895874,0.19206491112709045,0.21214960515499115,0.0,0.47601842880249023,0.0,0.0,0.25026366114616394,0.18299159407615662,1.328175663948059,0.2273607850074768,0.0,0.4606626629829407,0.0,1.2580296993255615,0.37839287519454956,0.40306156873703003,0.33389678597450256,0.0,0.005144562106579542,1.2088171243667603,0.43732133507728577,0.03750423714518547,0.8409309983253479,0.29203203320503235,0.4846649765968323,0.6096382737159729,0.10375647246837616,0.0,0.4340222477912903,0.0,0.30061185359954834,0.3890509307384491,1.8169429302215576,0.19555619359016418,1.4163657426834106,1.528673768043518,0.08469343930482864,0.3735503554344177,1.2409712076187134,0.10554507374763489,1.2962297201156616,0.2728414237499237,0.0,0.33520665764808655,0.029270021244883537,0.20877034962177277,0.026722444221377373,0.3740202784538269,0.006406043656170368,0.0,0.4666740596294403,0.1639966368675232,0.3790670931339264,0.0,1.475658893585205,0.8281491994857788,0.6741381287574768,0.0,0.0,0.31260448694229126,0.0,0.494153767824173,0.0,0.30509141087532043,0.21737734973430634,1.3750001192092896,0.0,0.4206382632255554,1.6745340824127197,0.2245846539735794,0.6842930316925049,0.488871306180954,0.0,0.39595097303390503,0.32026082277297974,0.0,0.2810673415660858,0.0,0.0,0.31382691860198975,0.26829779148101807,0.0,0.4017464518547058,0.09361440688371658,0.8566399216651917,0.038104407489299774,0.48201414942741394,1.0379334688186646,0.31886932253837585,1.1461752653121948,1.5924220085144043,0.2844640016555786,0.012016461230814457,0.0,0.52308189868927,0.33657366037368774,0.3235384225845337,0.0,1.6039817333221436,0.3349043130874634,0.39472246170043945,0.24061983823776245,0.3928018808364868,0.34132200479507446,0.2394556999206543,0.48254209756851196,0.4362005889415741,0.2636697590351105,0.0,0.3183285892009735,0.0,0.22272445261478424,0.6928602457046509,0.3371194005012512,0.6980329751968384,0.3156110942363739,0.0,0.1876622587442398,0.0,0.0,0.0,0.4047085642814636,0.5575739145278931,0.2933216094970703,0.15660127997398376,0.3214387893676758,0.6126098036766052,0.8307885527610779,0.29357293248176575,0.8416987657546997,0.47219738364219666,0.43682876229286194,1.2741692066192627,0.25243404507637024,1.5611090660095215,0.49336957931518555,0.22769318521022797,0.0,0.29112428426742554,0.4010297656059265,0.0,0.5126237273216248,0.3088650107383728,0.2911742627620697,0.3342313766479492,0.3490007519721985,0.8770603537559509,0.22242480516433716,0.31104227900505066,0.15797159075737,0.16176244616508484,1.2369505167007446,0.31923961639404297,0.32229167222976685,0.2776027321815491,0.0,0.0,0.0,0.016821904107928276,0.5616484880447388,0.2575170397758484,0.0,0.5475829243659973,0.21337421238422394,0.031776901334524155,0.030574552714824677,0.13227692246437073,0.5923890471458435,0.0,0.34531691670417786,1.2401553392410278,0.22151711583137512,0.0,1.728767991065979,0.21268440783023834,0.2772426903247833,0.0,0.06643367558717728,0.3514435887336731,1.3415138721466064,0.45621007680892944,0.0377044752240181,0.3295290768146515,0.0,0.0,1.1556994915008545,0.0,0.07078941911458969,0.8869988322257996,0.2639428377151489,0.016894202679395676,0.00947795994579792,0.37253519892692566,0.25104820728302,0.7146772742271423,0.04255788028240204,0.2736620306968689,0.2402506172657013,0.0,0.008958139456808567,0.0,0.34624627232551575,0.335460364818573,0.27168896794319153,0.2074969857931137,0.1576826274394989,0.0,1.1869527101516724,1.456636667251587,0.556970477104187,0.4864928424358368,0.0,0.3653438985347748,0.0,0.013436730019748211,0.0,0.3371628522872925,1.9525563716888428,0.2502593994140625,1.0366371870040894,0.0,0.0,0.6853364706039429,1.5016205310821533,0.0,0.2723865807056427,1.0761510133743286,0.0,0.2982681393623352
0,0.0036229121033102274,0.0,1.2505202293395996,0.8652406334877014,0.8529327511787415,0.8711360692977905,0.0,0.0,0.0,0.0,0.005302115343511105,0.0,0.0,0.0,0.4517403841018677,0.31879380345344543,0.5936648845672607,0.6952285170555115,0.0010645909933373332,0.1821785420179367,0.0,0.6983937621116638,0.9926469326019287,0.0,0.0,0.0,0.8675288558006287,0.0,0.639858603477478,0.0,0.017608264461159706,0.0,0.0,0.66353440284729,0.04887501895427704,0.4984843134880066,0.0,0.0,1.1487337350845337,0.0,0.4661651849746704,0.9947211742401123,0.9945645928382874,0.7307422161102295,0.0,0.0,0.5599480271339417,0.8544406890869141,0.04887798801064491,0.6288730502128601,0.8178294897079468,0.0,0.7301168441772461,0.008890509605407715,0.0,0.9837797284126282,0.0,0.8217772841453552,0.9943225383758545,0.39398881793022156,0.7958357334136963,0.3755386471748352,0.5005608201026917,0.46788397431373596,0.7840784192085266,0.5419857501983643,0.031118227168917656,0.4458616375923157,0.7066532373428345,0.0,0.9952861666679382,0.0,0.5720005631446838,0.04003578796982765,0.9128291606903076,0.16957782208919525,0.0,0.0,0.321855366230011,1.0165377855300903,0.0,0.5363431572914124,0.47918519377708435,0.0005395142361521721,0.0,0.0,0.8887403011322021,0.0,0.0019467055099084973,0.0,0.0013426276855170727,0.9298324584960938,0.6618949174880981,0.0,0.36224165558815,0.6106334328651428,0.5203835368156433,0.22656778991222382,0.7013371586799622,0.0,0.9080188274383545,0.006518429610878229,0.0,0.9067920446395874,0.0,0.0,0.647702693939209,0.0,0.0,0.9226632714271545,0.0,0.4413125813007355,0.13534040749073029,1.1392849683761597,0.10891065001487732,0.9931911826133728,0.43993693590164185,0.6340912580490112,0.0,0.0,0.0,0.020788297057151794,0.0,0.7722365856170654,0.0,0.5457375645637512,0.0,0.701073408126831,0.877230703830719,1.0535715818405151,0.9801763296127319,0.8535720705986023,1.0341061353683472,0.9166656136512756,0.7078729271888733,0.0,0.7845557928085327,0.0,0.0,0.8519181609153748,0.7612857818603516,0.759849488735199,0.8246700763702393,0.0,0.751278281211853,0.0,0.0,0.0,0.8825452327728271,1.1155335903167725,0.8451514840126038,0.0,0.8660199642181396,0.6669086813926697,0.2628459930419922,0.6387959718704224,0.487945556640625,1.1314467191696167,1.04676353931427,0.34100833535194397,0.4339824914932251,0.7391039133071899,0.0,0.7586082816123962,0.0,0.9002274870872498,0.7415168285369873,0.0,0.03281325846910477,0.6183398962020874,0.666278600692749,0.7518489360809326,0.0074232518672943115,0.35603073239326477,0.0,0.0,0.0,0.6247125267982483,0.5346565246582031,0.7216477990150452,0.8490192890167236,0.6385021805763245,0.0,0.0,0.0,0.0,0.0,0.9445846080780029,0.0,0.9312798976898193,0.7344741821289062,0.0,0.0,0.5370246767997742,0.8848035931587219,0.0,0.7977353930473328,0.48601657152175903,0.7609758973121643,0.0,0.61689692735672,0.7720367908477783,0.8950138092041016,0.0,0.0,0.9249339699745178,0.4937691390514374,0.0,0.0,0.8557025790214539,0.0,0.0,0.5259204506874084,0.0,0.0,0.450898677110672,0.8758363723754883,0.0,0.0,1.037654995918274,0.7699220180511475,0.5151375532150269,0.0,0.7049668431282043,0.11427413672208786,0.0,0.0,0.0,0.9244917035102844,0.9765100479125977,0.7907631397247314,0.018039969727396965,0.5690872669219971,0.0,0.3368794322013855,0.4894208014011383,0.5427615642547607,0.3642438054084778,0.0,0.8335972428321838,0.0,0.0,0.0,0.8382176756858826,0.6818403601646423,0.0048607285134494305,0.3812449276447296,0.0,0.0061808195896446705,0.6366106271743774,0.5849975943565369,0.0,0.8346588015556335,0.206889808177948,0.0,1.0139533281326294
1,0.9079058766365051,0.6945061683654785,0.1615857034921646,0.0,0.020665956661105156,0.0,0.7029406428337097,0.7705718874931335,0.6913089752197266,0.5626476407051086,0.7438151836395264,0.7410203218460083,0.7414707541465759,0.7273233532905579,0.4729631841182709,0.7394443154335022,0.0,0.08740630745887756,0.7032626271247864,0.7711994051933289,0.7633997797966003,0.2345704734325409,0.0,0.7310989499092102,0.7683778405189514,0.6309406161308289,0.0,0.6042730212211609,0.07505065202713013,0.7372326254844666,0.7095879912376404,0.7375589609146118,0.693678617477417,0.0169632937759161,0.5844967365264893,0.6384707689285278,0.7484228014945984,0.7710548639297485,0.0,0.7136709690093994,0.5013200640678406,0.0,0.0,0.05991467833518982,0.7160792350769043,0.7380919456481934,0.6762256622314453,0.0,0.6818481683731079,0.2633797526359558,0.0,0.7419544458389282,0.28413712978363037,0.7930750846862793,0.6863650679588318,0.0,0.8252888321876526,0.0,0.0,0.942690372467041,0.0,0.6830774545669556,1.5834016799926758,0.0,0.0,0.6572372317314148,0.7811496257781982,0.6828126907348633,0.0063022226095199585,0.7210104465484619,0.0,0.699989914894104,0.08457618206739426,0.13915815949440002,0.002971586538478732,0.0,0.7293621897697449,0.6506158709526062,0.25770384073257446,0.0,0.7356592416763306,0.673445463180542,0.5315132141113281,0.7506524324417114,0.755482017993927,0.6041774749755859,0.0,0.7763540148735046,0.7250508666038513,0.7920324802398682,0.811352550983429,0.0,0.6868770718574524,0.7020438313484192,0.3602065443992615,0.6820946931838989,0.23799118399620056,0.8200162649154663,0.2406225949525833,0.7113004326820374,0.07469591498374939,0.7082110643386841,0.7558024525642395,0.0,0.7023128867149353,0.6711863279342651,0.09992951154708862,0.7129693031311035,0.7315536737442017,0.0,0.821033239364624,0.5920999050140381,0.5645270347595215,0.03504782170057297,0.2255515605211258,0.0,0.5398008227348328,0.5819568634033203,0.678055465221405,0.6952707767486572,0.8162243366241455,0.664054811000824,0.713233232498169,0.0,0.6431432366371155,0.640314519405365,0.8288422226905823,0.0,0.0,0.0,0.0,0.0,0.0,0.05196256935596466,0.0,0.7696008682250977,0.04838916286826134,0.7489778399467468,0.7646873593330383,0.17271552979946136,0.04941245913505554,0.07797391712665558,0.0,0.746545672416687,0.0,0.6833834052085876,0.7662700414657593,0.7305232882499695,0.0,0.0,0.0,0.8364951014518738,0.0,0.2896122336387634,0.8067708015441895,0.09751377999782562,0.5683693289756775,0.0,0.0,0.7219472527503967,0.012129419483244419,0.7497414350509644,0.8491277098655701,0.0,0.7959626913070679,0.0,0.08488745242357254,0.7822612524032593,0.8581327199935913,0.1398940533399582,0.0,0.12538506090641022,0.6620814800262451,1.0928635597229004,0.6756370663642883,0.6544951796531677,0.7105597257614136,0.006349869538098574,0.6296512484550476,0.0,0.25770148634910583,0.22352412343025208,0.701873242855072,0.760614275932312,0.6688933968544006,0.7437375783920288,0.7160813212394714,0.0,0.7374327778816223,0.07826723903417587,0.0,0.7168993949890137,0.815780758857727,0.0,0.03668114170432091,0.7993531227111816,0.0,0.6546039581298828,0.0,0.7125132083892822,0.6451025009155273,0.0,0.0,0.7648888230323792,0.713752269744873,0.0,0.5455489754676819,0.7500620484352112,0.8915662169456482,0.0,0.7060483694076538,0.7430229783058167,0.6687943935394287,0.6935272812843323,0.6228477358818054,0.6576457023620605,0.0,0.6919122934341431,0.6450222730636597,0.0,0.0,0.5788091421127319,0.8136131167411804,0.0456463061273098,0.6721417307853699,0.6822507977485657,0.7894218564033508,0.6469594240188599,0.0,0.0,0.0,0.6963947415351868,0.010989869944751263,0.7736071348190308,0.7478170990943909,0.7273662090301514,0.4338437616825104,0.4640703797340393,0.8510030508041382,0.0,0.7266309857368469,0.7429463863372803,0.748294472694397,0.0,0.6986021995544434,0.78452068567276,0.5855522155761719,0.7946075797080994,0.6873729825019836,0.2757014036178589,0.7004278302192688,0.6131612062454224,0.0,0.8861193656921387,0.809084415435791,0.0
1,0.28344783186912537,0.1848875731229782,0.20842310786247253,0.009119581431150436,0.039932046085596085,0.02222972735762596,0.19170114398002625,0.2779220640659332,0.17986901104450226,0.15408621728420258,0.2856499254703522,0.15110339224338531,0.1604146957397461,0.2534925937652588,0.7153592109680176,0.7244054675102234,0.07044646143913269,0.16445745527744293,0.20847849547863007,0.16138824820518494,0.20760662853717804,0.3430330455303192,0.01813741959631443,0.2519112825393677,0.23158961534500122,0.09403046220541,0.015447801910340786,0.14986549317836761,0.1523059755563736,0.20591719448566437,0.2129991501569748,0.27773749828338623,0.19766466319561005,0.05540655553340912,0.6323835849761963,0.8065326809883118,0.1869724988937378,0.19658491015434265,0.0,0.43328917026519775,0.25982820987701416,0.015870898962020874,0.005356646608561277,0.12586885690689087,0.24151253700256348,0.19765540957450867,0.8127908706665039,0.000852946424856782,0.45708146691322327,0.38895219564437866,0.034436989575624466,0.32649925351142883,0.3704836070537567,0.2495795041322708,0.19661124050617218,0.0,0.2498496174812317,0.01468427013605833,0.00462385406717658,0.8602415919303894,0.0312601737678051,0.6947922110557556,1.1421750783920288,0.07394185662269592,0.018524663522839546,0.8567425608634949,0.3008904457092285,0.8600786924362183,0.10951557755470276,0.2962800860404968,0.028925545513629913,0.2591754198074341,0.1670229434967041,0.17615248262882233,0.04203357920050621,0.08104155957698822,0.27032047510147095,0.3011135458946228,0.4391196370124817,0.012172482907772064,0.22116786241531372,0.864429235458374,0.7245498299598694,0.24476467072963715,0.15254858136177063,0.2966403663158417,0.03449515998363495,0.2257731556892395,0.21233989298343658,0.2936328947544098,0.2726834714412689,0.027337243780493736,0.8318025469779968,0.17516282200813293,0.5868729948997498,0.8463463187217712,0.3250179588794708,0.5717116594314575,0.362772136926651,0.22689169645309448,0.1142648309469223,0.18000389635562897,0.22035819292068481,0.03338630869984627,0.2690872550010681,0.186933696269989,0.19852739572525024,0.19859081506729126,0.3555240333080292,0.005879748146981001,0.28375375270843506,0.7808821201324463,0.09078232198953629,0.044971056282520294,0.4763471186161041,0.0,0.7444411516189575,0.727376401424408,0.1685096174478531,0.21439936757087708,0.28506147861480713,0.15232352912425995,0.19900785386562347,0.04092395305633545,0.28208908438682556,0.8015626668930054,0.29010605812072754,0.044170960783958435,0.021629540249705315,0.0,0.01670413836836815,0.018519479781389236,0.0,0.08720347285270691,0.05150414630770683,0.21676434576511383,0.09911976009607315,0.2247903048992157,0.19442659616470337,0.24836598336696625,0.09128877520561218,0.09299231320619583,0.02676175907254219,0.26283878087997437,0.037800222635269165,0.13689853250980377,0.2214970588684082,0.20779521763324738,0.030324067920446396,0.002560868626460433,0.01639667898416519,0.24822020530700684,0.019558068364858627,0.42207950353622437,0.43343088030815125,0.19702592492103577,0.7239412665367126,0.016130805015563965,0.007730497978627682,0.2975468039512634,0.11064036935567856,0.9548952579498291,0.2571825385093689,0.049618396908044815,0.25498008728027344,0.006520399358123541,0.1463771015405655,0.2977016866207123,0.32696962356567383,0.21734626591205597,0.028650041669607162,0.22339516878128052,0.11321369558572769,0.5502949953079224,0.19021564722061157,0.19300460815429688,0.3006524443626404,0.1474917083978653,0.8092049360275269,0.017552899196743965,0.02343074418604374,0.3338245153427124,0.3030589818954468,0.17588470876216888,0.28240785002708435,0.2265869528055191,0.21325606107711792,0.03500909358263016,0.2382780760526657,0.11757559329271317,0.053796205669641495,0.18222792446613312,0.2269321084022522,0.08854027837514877,0.07352996617555618,0.2798505127429962,0.012747691944241524,0.7913975119590759,0.04611586034297943,0.27815377712249756,0.7790343761444092,0.1026553139090538,0.021696455776691437,0.2601901590824127,0.2460373193025589,0.01400818582624197,0.7181710004806519,0.21576891839504242,0.32194626331329346,0.03882073238492012,0.20957142114639282,0.2161400020122528,0.8478868007659912,0.3069462180137634,0.3029943108558655,0.864767849445343,0.041275229305028915,0.2143956571817398,0.30110764503479004,0.01858636923134327,0.02034204639494419,0.7320353984832764,0.2255677878856659,0.0877186581492424,0.10984637588262558,0.2727935314178467,0.37955525517463684,0.16629678010940552,0.014260858297348022,0.025643348693847656,0.030684636905789375,0.18478739261627197,0.10313550382852554,0.14236076176166534,0.7847107648849487,0.7874892354011536,0.5667925477027893,0.6364153027534485,0.23125937581062317,0.02977616898715496,0.21909940242767334,0.20305831730365753,0.2827035188674927,0.04347701370716095,0.871330976486206,0.27482256293296814,0.7582691311836243,0.22529424726963043,0.13805213570594788,0.39306575059890747,0.9218912124633789,0.21395426988601685,0.021311063319444656,0.5277332663536072,0.23922379314899445,0.005768349394202232
0,0.001126990420743823,0.0,0.8706566095352173,0.6316320896148682,0.7149258255958557,0.7535791397094727,0.0,0.0,0.0,0.0,6.0405360272852704e-05,0.0,0.0,0.0,0.5061373114585876,0.31272271275520325,0.608883798122406,0.6469005942344666,0.0,0.030065791681408882,0.0,0.7697776556015015,0.6814684271812439,0.0,0.0,0.0,0.6699111461639404,0.0,0.6399354338645935,0.0,0.010370894335210323,0.0,0.0,0.5386165976524353,0.025029659271240234,0.5213488936424255,0.0040089525282382965,0.0,0.9937328100204468,0.0,0.6942847967147827,0.6911844611167908,0.678565263748169,0.638231098651886,0.0,0.0,0.6866316199302673,0.5034159421920776,0.05139637365937233,0.577826738357544,0.5627345442771912,0.0,0.6621755361557007,0.020412234589457512,0.0,0.6128041744232178,0.0,0.573965847492218,0.6436437964439392,0.39949989318847656,0.6397485136985779,0.3898486793041229,0.6132264733314514,0.4870200455188751,0.7058907151222229,0.6242358684539795,0.042084649205207825,0.43031778931617737,0.5460267663002014,0.0,0.6973159313201904,0.0,0.7391742467880249,0.03772552311420441,0.7843864560127258,0.3098060190677643,0.0,0.0,0.48744985461235046,0.6270729303359985,0.0,0.5132736563682556,0.5636071562767029,0.0,0.0,0.0,0.553290843963623,0.0,0.0,0.0,0.0,0.6992068886756897,0.866065263748169,0.0,0.3899381756782532,0.6916521787643433,0.6386509537696838,0.2589160203933716,0.7234511971473694,0.0,0.8552625775337219,0.0,0.0,0.5083193182945251,0.0,0.0,0.6711461544036865,0.0,0.0,0.5714613199234009,0.0,0.3542214632034302,0.015298109501600266,0.734905481338501,0.06584742665290833,0.6260236501693726,0.5245595574378967,0.8397721648216248,0.0,0.0,0.0,0.02309204265475273,0.0,0.5964150428771973,0.0,0.7087342739105225,0.0,0.40171509981155396,0.6603878140449524,0.6382963061332703,0.6793620586395264,0.6108163595199585,0.5516594052314758,0.8096948862075806,0.5630929470062256,0.0,0.6993003487586975,0.0,0.0,0.7640994787216187,0.5918774008750916,0.7325087189674377,0.7863927483558655,0.0,0.519090473651886,0.0,0.0,0.0,0.6128496527671814,0.7587966322898865,0.6282241344451904,0.0,0.579054057598114,0.577049970626831,0.34780755639076233,0.6084217429161072,0.607243001461029,0.7179103493690491,0.7530537247657776,0.24215631186962128,0.39672157168388367,0.8125314712524414,0.0,0.3862113654613495,0.0,0.618062436580658,0.8248735666275024,0.0,0.030569719150662422,0.6257098913192749,0.4647362530231476,0.8303641676902771,0.018625536933541298,0.45379069447517395,0.0,0.0,0.0,0.4460625946521759,0.6241803169250488,0.6574568748474121,0.4328629672527313,0.6053631901741028,0.0,0.0,0.0,0.0,0.0,0.752260148525238,0.0,0.639193058013916,0.5483344793319702,0.0,0.0,0.5691341757774353,0.4841645061969757,0.0,0.637636125087738,0.5415289402008057,0.6251261234283447,0.0,0.882846474647522,0.5844597220420837,0.566545844078064,0.0,0.0,0.6624626517295837,0.6346154808998108,0.0,0.0,0.7044341564178467,0.0,0.0,0.5484657287597656,0.0,0.0,0.46175873279571533,0.6866053938865662,0.0,0.0,0.7796201705932617,0.4535878896713257,0.6655417084693909,0.0,0.5579347014427185,0.009431358426809311,0.0,0.0,0.0,0.7191072702407837,0.6940420866012573,0.567276656627655,0.02172977104783058,0.7760674953460693,0.0,0.39242276549339294,0.5628200769424438,0.6225619912147522,0.4928162395954132,0.0,0.6820938587188721,0.0,0.0,0.0,0.6780044436454773,0.8718240857124329,0.0021955741103738546,0.41682910919189453,0.0,0.0,0.7197473049163818,0.6554460525512695,0.0,0.6487503051757812,0.2510564625263214,0.0,0.6559250354766846
1,0.8218037486076355,0.5764199495315552,0.1478666067123413,0.0,0.018140897154808044,0.00987168587744236,0.5883037447929382,0.6568368673324585,0.5844425559043884,0.46571028232574463,0.6316056251525879,0.6470193862915039,0.6355510950088501,0.602602481842041,0.5092751979827881,0.7134973406791687,0.05460113659501076,0.1252422034740448,0.6077437996864319,0.6408316493034363,0.6207316517829895,0.25739580392837524,0.009223852306604385,0.6137473583221436,0.6411325335502625,0.5550761818885803,0.003398034954443574,0.5106194019317627,0.11588841676712036,0.5988172292709351,0.6096106171607971,0.6268685460090637,0.5744036436080933,0.03262384608387947,0.623162567615509,0.6865600347518921,0.6365965008735657,0.6507512331008911,0.0,0.6375170946121216,0.41437989473342896,0.010390727780759335,0.0,0.09453307092189789,0.5896288752555847,0.6117768287658691,0.6975639462471008,0.0,0.5817249417304993,0.28796112537384033,0.015820186585187912,0.6421514749526978,0.2398160845041275,0.6923606991767883,0.566198468208313,0.0,0.6885537505149841,0.006259345915168524,0.0,0.9600126147270203,0.0155167356133461,0.6909210681915283,1.466254472732544,0.046101123094558716,0.005759081803262234,0.6787337064743042,0.6609816551208496,0.6884923577308655,0.05832916870713234,0.5881045460700989,0.014823228120803833,0.5967068672180176,0.12507495284080505,0.14166009426116943,0.022175902500748634,0.05178653448820114,0.5955674648284912,0.5650015473365784,0.2841854989528656,0.001703899702988565,0.6135802865028381,0.7270851135253906,0.5620217323303223,0.7056558728218079,0.6437944173812866,0.4851122796535492,0.014084246940910816,0.6378353238105774,0.6237643361091614,0.6583511829376221,0.6952013373374939,0.010123200714588165,0.7170106172561646,0.5571812987327576,0.40197235345840454,0.7088656425476074,0.25572338700294495,0.7421825528144836,0.2644241750240326,0.5863960385322571,0.07481628656387329,0.6114786267280579,0.635319173336029,0.019398028030991554,0.5885294675827026,0.5719102621078491,0.15820272266864777,0.6028116345405579,0.6094729900360107,0.0020354881417006254,0.6899974942207336,0.6196225881576538,0.4476214051246643,0.030053142458200455,0.3506249487400055,0.0,0.5898166298866272,0.6017155647277832,0.5767681002616882,0.5785416960716248,0.6945066452026367,0.5746621489524841,0.6060025691986084,0.029726918786764145,0.5437375903129578,0.6799233555793762,0.699019193649292,0.03024875558912754,0.011241018772125244,0.0,0.006027233321219683,0.005319925490766764,0.0,0.053684741258621216,0.030797692015767097,0.6467757821083069,0.08281995356082916,0.6267169117927551,0.6640380024909973,0.18668042123317719,0.07314202934503555,0.09089866280555725,0.009517221711575985,0.6236469149589539,0.020725835114717484,0.5769173502922058,0.6505693197250366,0.6049816012382507,0.015803182497620583,0.0,0.00889550894498825,0.6928614974021912,0.010281269438564777,0.3323043882846832,0.7292957901954651,0.1438465118408203,0.5689976215362549,0.011231732554733753,0.0,0.655837893486023,0.06775438785552979,0.7639411091804504,0.7314212322235107,0.032326046377420425,0.6733199954032898,0.0,0.11125180870294571,0.6533620357513428,0.7631415128707886,0.16222470998764038,0.020340856164693832,0.1688358336687088,0.5813029408454895,0.9456174969673157,0.5912089943885803,0.564850389957428,0.5997808575630188,0.07833145558834076,0.6619440317153931,0.010938739404082298,0.22189085185527802,0.24659234285354614,0.5866382122039795,0.6319705247879028,0.5522580742835999,0.6237263679504395,0.6338523626327515,0.015356956049799919,0.613095223903656,0.0698775127530098,0.02955852635204792,0.5882757902145386,0.6726405024528503,0.05656895041465759,0.0566890686750412,0.6691437363624573,0.008282070979475975,0.6547626852989197,0.025146614760160446,0.5971118211746216,0.669244647026062,0.05453358218073845,0.013849847950041294,0.623275876045227,0.6088278889656067,0.005492629017680883,0.5628031492233276,0.6440075039863586,0.7642684578895569,0.019522741436958313,0.5915879011154175,0.6387408971786499,0.710620105266571,0.5743614435195923,0.527869701385498,0.6629800796508789,0.027470964938402176,0.5829458832740784,0.553469181060791,0.005138625390827656,0.011559677310287952,0.5693711638450623,0.692828893661499,0.06858524680137634,0.5480316281318665,0.5685819983482361,0.6819889545440674,0.5445869565010071,0.0064828600734472275,0.011630279012024403,0.010706624947488308,0.6008940935134888,0.07126478850841522,0.6286726593971252,0.7102727890014648,0.7231860160827637,0.44037121534347534,0.4845837652683258,0.7117856740951538,0.013705973513424397,0.6113770008087158,0.6155571341514587,0.6251474618911743,0.025414295494556427,0.7062082290649414,0.6626898646354675,0.631977379322052,0.6635050177574158,0.5596405267715454,0.3062422573566437,0.7108810544013977,0.5202651619911194,0.010314086452126503,0.8206219673156738,0.651177704334259,0.0
0,0.3071378171443939,0.0883176326751709,0.5607960224151611,0.6031937003135681,0.4626348614692688,0.6030712127685547,0.0,0.017200181260704994,0.0,0.0,0.1253281533718109,0.0,0.06798003613948822,0.0034400788135826588,0.5316120386123657,0.533837080001831,0.7671087384223938,0.5582461953163147,0.10438569635152817,0.017204416915774345,0.04677930846810341,0.43451815843582153,0.6995617151260376,0.0,0.021852996200323105,0.04231327399611473,0.6212170720100403,0.12090146541595459,0.4127938449382782,0.0,0.2368454933166504,0.022877970710396767,0.0,0.49988454580307007,0.2708027958869934,0.7933587431907654,0.11535083502531052,0.0,0.586172878742218,0.08991789072751999,0.4186929762363434,0.6948891878128052,0.645115852355957,0.4774645268917084,0.00260769366286695,0.022964417934417725,0.7669299244880676,0.5125747919082642,0.035895444452762604,0.5456503629684448,0.6909500956535339,0.29956740140914917,0.19569092988967896,0.11098527908325195,0.0,0.5369073748588562,0.0,0.631403386592865,0.6213467717170715,1.0565885305404663,0.711840033531189,0.7829300165176392,0.8962971568107605,0.6739208102226257,0.5941441059112549,0.783537745475769,0.0904180184006691,0.7746206521987915,0.5489783883094788,0.012561267241835594,0.7345477342605591,0.05791201442480087,0.5238519310951233,0.022007647901773453,0.6046205163002014,0.5117780566215515,0.006946620065718889,0.2959395945072174,0.21121400594711304,0.619464099407196,0.0,0.8680632710456848,0.5497141480445862,0.35957589745521545,0.0,0.008832676336169243,0.6694743633270264,0.0,0.2823684811592102,0.03320016339421272,0.20123402774333954,0.7713984847068787,0.8419385552406311,0.0,0.3602833151817322,0.9185721278190613,0.4808328449726105,0.4134334623813629,0.4646521806716919,0.0,0.49087944626808167,0.182962104678154,0.0,0.684321403503418,0.009611767716705799,0.0006756533402949572,0.44020113348960876,0.12245050817728043,0.037753500044345856,0.59305739402771,0.09960676729679108,0.6532649397850037,0.006810144986957312,0.6175994277000427,0.7107995748519897,0.6097732782363892,0.6907647848129272,0.8673326969146729,0.14784905314445496,0.006547975819557905,0.03470864146947861,0.25422435998916626,0.198643296957016,0.5534185171127319,0.02459722012281418,0.889041543006897,0.18521229922771454,0.6157770156860352,0.6922680139541626,0.5669824481010437,0.7083783745765686,0.635327160358429,0.5812904238700867,0.47758617997169495,0.6003215909004211,0.0,0.5763614773750305,0.009502178058028221,0.12283977121114731,0.5954115390777588,0.5370690822601318,0.6293991208076477,0.6079331040382385,0.0,0.6408851742744446,0.0,0.0,0.0,0.673337996006012,0.6642975211143494,0.6749697923660278,0.1317591369152069,0.6657909750938416,0.6265133023262024,0.43868523836135864,0.46825042366981506,0.5311337113380432,0.6812683343887329,0.5643337965011597,0.6171015501022339,0.4561402499675751,0.9067866802215576,0.3031562566757202,0.6599473357200623,0.0,0.6104285717010498,0.4916965067386627,0.003639268921688199,0.28028255701065063,0.4601672887802124,0.6019172668457031,0.5163142681121826,0.18061265349388123,0.4548491835594177,0.12460494786500931,0.1789056658744812,0.08485725522041321,0.7132174968719482,0.7662932872772217,0.6028359532356262,0.4506443738937378,0.47248268127441406,0.020148487761616707,0.0,0.019315583631396294,0.022288596257567406,0.30895212292671204,0.728017270565033,0.0,0.34248244762420654,0.7032328248023987,0.05269721522927284,0.009370769374072552,0.5400788187980652,0.5859361886978149,0.0008695554570294917,0.6541748046875,0.7099617123603821,0.6647958159446716,0.011557158082723618,0.9147023558616638,0.6581061482429504,0.6927992701530457,0.004843367263674736,0.0585588701069355,0.6488295197486877,0.7142808437347412,0.19580265879631042,0.06714145094156265,0.5746725797653198,0.0,0.0,0.7240323424339294,0.019660156220197678,0.10538160055875778,0.5796285271644592,0.7364463806152344,0.05383903905749321,0.05067425221204758,0.7371657490730286,0.5810524225234985,0.44701626896858215,0.07475194334983826,0.49963125586509705,0.12660738825798035,0.010735138319432735,0.0733414888381958,0.0,0.5947951078414917,0.6894492506980896,0.6415703296661377,0.14708274602890015,0.6339696645736694,0.0,0.6282491087913513,0.8296608328819275,0.46530383825302124,0.2753145396709442,0.0,0.5760686993598938,0.0,0.003615079214796424,0.005784390494227409,0.5879980325698853,0.9880785346031189,0.14823952317237854,0.7050560116767883,0.016640812158584595,0.0,0.6498937606811523,0.8785701394081116,0.01692863553762436,0.664101243019104,0.5549556612968445,0.0,0.6499982476234436
0,0.29538196325302124,0.1998465210199356,0.23494625091552734,0.26789551973342896,0.1931617259979248,0.2812546491622925,0.19580093026161194,0.29063543677330017,0.1861283779144287,0.17413467168807983,0.27847543358802795,0.16191919147968292,0.16675303876399994,0.2580263316631317,0.4014913737773895,0.5277060270309448,0.5215259790420532,0.3427489101886749,0.2181933969259262,0.20689302682876587,0.2285904586315155,0.2774750590324402,0.3560088574886322,0.2547341585159302,0.23687006533145905,0.11202942579984665,0.3530464172363281,0.16560199856758118,0.27757003903388977,0.21268481016159058,0.2159842699766159,0.2793445289134979,0.20467957854270935,0.28428202867507935,0.6004895567893982,0.4986904263496399,0.1943308711051941,0.19794699549674988,0.15162783861160278,0.4828048050403595,0.1534455418586731,0.32412540912628174,0.2812804579734802,0.21773044764995575,0.23958876729011536,0.21942363679409027,0.5161530375480652,0.2128055840730667,0.4172252416610718,0.285882830619812,0.34262198209762573,0.34639400243759155,0.20805886387825012,0.2559052109718323,0.2018744796514511,0.1744459569454193,0.2572963833808899,0.328290730714798,0.2466662973165512,0.6277999877929688,0.4224603474140167,0.4680410623550415,0.8574739098548889,0.49655991792678833,0.2913908064365387,0.537506639957428,0.2747284471988678,0.5554178953170776,0.3038555085659027,0.29016610980033875,0.36130473017692566,0.26470324397087097,0.3351685702800751,0.16868893802165985,0.2756960690021515,0.44071099162101746,0.2674608826637268,0.31780344247817993,0.35424792766571045,0.2737489938735962,0.22248530387878418,0.5332477688789368,0.44502702355384827,0.2563316822052002,0.16011252999305725,0.2775605022907257,0.37561357021331787,0.22899940609931946,0.22497543692588806,0.29578346014022827,0.285454124212265,0.43395349383354187,0.5188308358192444,0.16460373997688293,0.4059993326663971,0.5222459435462952,0.3955889940261841,0.42779022455215454,0.3202126622200012,0.22611525654792786,0.2121305614709854,0.17860841751098633,0.22623971104621887,0.4002334475517273,0.27609965205192566,0.19184495508670807,0.23724247515201569,0.21187567710876465,0.3878036141395569,0.28514793515205383,0.29603782296180725,0.5021234750747681,0.0964961051940918,0.20825597643852234,0.29413244128227234,0.23786227405071259,0.45370179414749146,0.4303021728992462,0.1810210645198822,0.2136610597372055,0.28549736738204956,0.1476391702890396,0.2247580736875534,0.23095154762268066,0.32030197978019714,0.4984583258628845,0.2925504446029663,0.3338780105113983,0.3814867436885834,0.19357101619243622,0.3544314205646515,0.3441823124885559,0.23320095241069794,0.17997176945209503,0.3380436897277832,0.22167935967445374,0.29953014850616455,0.22908854484558105,0.2068672478199005,0.2331608086824417,0.23790469765663147,0.19590242207050323,0.34151536226272583,0.2605583071708679,0.3592950999736786,0.14502914249897003,0.22996293008327484,0.20714092254638672,0.3551011383533478,0.2856212258338928,0.3769165575504303,0.27275577187538147,0.3543105721473694,0.39085373282432556,0.3065832257270813,0.27338069677352905,0.46012333035469055,0.2514253258705139,0.20255813002586365,0.184537872672081,0.3017270863056183,0.5953888893127441,0.26630881428718567,0.40395185351371765,0.2566610872745514,0.3039955496788025,0.245735302567482,0.2902485728263855,0.3061284124851227,0.2810804843902588,0.36112290620803833,0.28117483854293823,0.10990504175424576,0.368789941072464,0.20619431138038635,0.21556296944618225,0.2919265329837799,0.5654491782188416,0.5027914643287659,0.268389493227005,0.23373156785964966,0.3395143747329712,0.3016980290412903,0.1864645630121231,0.3067747950553894,0.2260158658027649,0.22143138945102692,0.4184190332889557,0.23893111944198608,0.06943998485803604,0.42039233446121216,0.19906634092330933,0.27402859926223755,0.4336611330509186,0.1653049737215042,0.28921031951904297,0.2958853542804718,0.5077729821205139,0.4157220423221588,0.28760048747062683,0.4763873517513275,0.4050418436527252,0.35707327723503113,0.2742692530155182,0.2510141134262085,0.3032833933830261,0.4250103235244751,0.22083638608455658,0.3145802915096283,0.2924935221672058,0.21482528746128082,0.22047863900661469,0.5168857574462891,0.33211496472358704,0.30705949664115906,0.5476437211036682,0.4001718759536743,0.2271893173456192,0.2994835078716278,0.3594498634338379,0.3492954671382904,0.449165016412735,0.24431583285331726,0.22020959854125977,0.10792931914329529,0.2883402705192566,0.3733369708061218,0.1727275550365448,0.26517143845558167,0.3602626919746399,0.35639336705207825,0.18027973175048828,0.49856048822402954,0.1438916176557541,0.5656737685203552,0.5008137226104736,0.3916897773742676,0.41133564710617065,0.23784716427326202,0.2751148045063019,0.2216571718454361,0.2072942852973938,0.2876143157482147,0.280605286359787,0.5233939290046692,0.2775079309940338,0.4906955063343048,0.23171326518058777,0.14893430471420288,0.3647175431251526,0.574901282787323,0.254055917263031,0.3694319427013397,0.40117084980010986,0.24029922485351562,0.2892492115497589
0,0.06619687378406525,0.002944579580798745,0.7004280090332031,0.643419086933136,0.5071399807929993,0.6040496826171875,0.0,0.0,0.0,0.0,0.07365817576646805,0.0,0.0,0.0,0.6263535618782043,0.4701108932495117,0.6319822072982788,0.5268592238426208,0.02253306843340397,0.046382397413253784,0.003466823371127248,0.5465460419654846,0.7115100026130676,0.0,0.0,0.0,0.6278328895568848,0.002456673188135028,0.4635257124900818,0.0,0.05429944768548012,0.0012855057138949633,0.0,0.5388838648796082,0.3034820258617401,0.7266873121261597,0.011018440127372742,0.0,0.6392671465873718,0.009590057656168938,0.23066554963588715,0.7277779579162598,0.6724454760551453,0.5431205630302429,0.0,0.0,0.6845044493675232,0.5525180697441101,0.06144726648926735,0.5531372427940369,0.6686678528785706,0.13207082450389862,0.36137720942497253,0.029574168846011162,0.0,0.601200520992279,0.0,0.6139336824417114,0.6888207197189331,0.6924819946289062,0.681684136390686,0.5939508676528931,0.679744303226471,0.5280722379684448,0.591840386390686,0.7256587743759155,0.05635620281100273,0.6963796019554138,0.5513914823532104,0.0,0.7215400338172913,0.00145333434920758,0.5397184491157532,0.028721464797854424,0.6142282485961914,0.3339328169822693,0.0,0.0589774027466774,0.3238676190376282,0.6617162823677063,0.0,0.8173821568489075,0.6333924531936646,0.10406213253736496,0.0,0.002924341708421707,0.6355147957801819,0.0,0.06540796905755997,0.0,0.05296611040830612,0.7440987825393677,0.6934812664985657,0.0,0.4951763153076172,0.7617633938789368,0.6003098487854004,0.32983750104904175,0.569805383682251,0.0,0.5437193512916565,0.03056751750409603,0.0,0.7034387588500977,0.0,0.0,0.5533809065818787,0.030352039262652397,0.0,0.6105692982673645,0.023005466908216476,0.6780825853347778,0.046557988971471786,0.697357714176178,0.5000795125961304,0.653503954410553,0.6991376280784607,0.6425425410270691,0.019512951374053955,0.0,0.0,0.05366382375359535,0.03728712722659111,0.592140257358551,0.0,0.7792218327522278,0.05807917192578316,0.5966328382492065,0.706048846244812,0.6332486867904663,0.7300456166267395,0.6375221610069275,0.6315636038780212,0.5626607537269592,0.5843072533607483,0.0,0.5781667828559875,0.0,0.014588497579097748,0.6301569938659668,0.5500379204750061,0.52765291929245,0.5561535358428955,0.0,0.6162976622581482,0.0,0.0,0.0,0.6460848450660706,0.6886955499649048,0.6514825224876404,0.018392879515886307,0.6601194143295288,0.647181510925293,0.26463985443115234,0.5477802157402039,0.5674415826797485,0.7613899111747742,0.6281899809837341,0.3290432393550873,0.43647336959838867,0.9097613096237183,0.10041503608226776,0.6308266520500183,0.0,0.6361554861068726,0.5283374190330505,0.0,0.1305452138185501,0.5219510793685913,0.5334569215774536,0.5755360722541809,0.023737411946058273,0.3502037227153778,0.007684027310460806,0.031064314767718315,0.036248307675123215,0.5759373903274536,0.719838559627533,0.6306759715080261,0.5110575556755066,0.5773996710777283,0.0,0.0,0.0,0.0,0.09409874677658081,0.6591375470161438,0.0,0.43914633989334106,0.6437472701072693,0.00801981333643198,0.0,0.4493325650691986,0.582271158695221,0.0,0.6490507125854492,0.6623237729072571,0.6017765998840332,0.0,0.6695669889450073,0.6431714296340942,0.7129896879196167,0.0,0.026967698708176613,0.6396116614341736,0.6719328761100769,0.025296255946159363,0.015297949314117432,0.5873861312866211,0.0,0.0,0.6949344277381897,0.0,0.023944467306137085,0.6731454133987427,0.6855915188789368,0.0,0.04855871945619583,0.7394806742668152,0.577235221862793,0.5408266186714172,0.0005267454544082284,0.5236460566520691,0.04355599358677864,0.0,0.040173955261707306,0.0,0.6270033121109009,0.7039805054664612,0.6003527641296387,0.03825932368636131,0.5126901268959045,0.0,0.5691233277320862,0.660018801689148,0.5568509101867676,0.3952466547489166,0.0,0.5804234147071838,0.0,0.0,0.0,0.5863450765609741,0.7555592656135559,0.05520275980234146,0.6683183908462524,0.0,0.0,0.6636254191398621,0.7484875321388245,0.0,0.6275302171707153,0.35323068499565125,0.0,0.6931061148643494
0,0.02583874575793743,0.0,0.8746249675750732,0.9443023204803467,0.7814721465110779,0.8728208541870117,0.0,0.0,0.0,0.0,0.008022461086511612,0.0,0.0,0.0,0.44063445925712585,0.3567275106906891,0.7555846571922302,0.6676737070083618,0.010440830141305923,0.040695272386074066,0.0,0.7168394327163696,0.965296745300293,0.0,0.0,0.0,0.891379714012146,0.0,0.6942262053489685,0.0,0.03486913442611694,0.0,0.0,0.7136682868003845,0.03693684935569763,0.539419412612915,0.015244703739881516,0.0,1.0530846118927002,0.0,0.4892074465751648,0.9328992366790771,0.8981994390487671,0.6644659042358398,0.0,0.0,0.6242713928222656,0.7408554553985596,0.03457307443022728,0.5442983508110046,0.8285350203514099,0.0,0.5234596133232117,0.01090497151017189,0.0,0.8093143105506897,0.0,0.8076169490814209,0.901659369468689,0.5256698131561279,0.9027550220489502,0.45200321078300476,0.5785607695579529,0.6730499267578125,0.875359296798706,0.5673776865005493,0.03285985812544823,0.46849995851516724,0.6180335283279419,0.0,0.9416153430938721,0.0,0.6935904026031494,0.008630204945802689,0.8436405658721924,0.4305715560913086,0.0,0.0,0.30427607893943787,0.8314523100852966,0.0,0.5827543139457703,0.48316308856010437,0.014455205760896206,0.0,0.0,0.8211938738822937,0.0,0.023876206949353218,0.0,0.008151905611157417,0.9629373550415039,0.7622897624969482,0.0,0.3091152608394623,0.7124619483947754,0.6266924142837524,0.27820149064064026,0.6402636766433716,0.0,0.8848588466644287,0.02031691186130047,0.0,0.8144274353981018,0.0,0.0,0.589482843875885,0.0060033295303583145,0.0,0.7549350261688232,0.0,0.4147014617919922,0.029859285801649094,0.9569701552391052,0.0853714570403099,0.9348480105400085,0.46672144532203674,0.7752731442451477,0.007010690402239561,0.0,0.0,0.06546221673488617,0.0057946741580963135,0.7480754852294922,0.0,0.7298551201820374,0.0,0.6854724287986755,0.8965875506401062,0.8521507382392883,0.9550033211708069,0.8488596081733704,0.8344581723213196,0.8349199891090393,0.7453914284706116,0.0,0.7718115448951721,0.0,0.0030783654656261206,0.7695690393447876,0.7333450317382812,0.7766579985618591,0.8070385456085205,0.0,0.7261972427368164,0.0,0.0,0.0,0.8429788947105408,0.9487935900688171,0.9256923198699951,0.0,0.8200035691261292,0.7071611285209656,0.33561092615127563,0.541175127029419,0.4980134069919586,0.9883317947387695,0.919152021408081,0.3416925370693207,0.45647162199020386,0.6933268904685974,0.009610730223357677,0.6846973896026611,0.0,0.8579383492469788,0.727351725101471,0.0,0.05284303054213524,0.6097512245178223,0.6747780442237854,0.7534199357032776,0.03116544336080551,0.4340837299823761,0.0,0.0,0.0,0.6288326978683472,0.5810775756835938,0.7355896234512329,0.6814144849777222,0.657606840133667,0.0,0.0,0.0,0.0,0.017292693257331848,0.9711229801177979,0.0,0.7378957271575928,0.7865747809410095,0.0005267976084724069,0.0,0.5871995687484741,0.7169271111488342,0.0,0.838962972164154,0.5466311573982239,0.80204176902771,0.0,0.7632221579551697,0.7547588348388672,0.8772721886634827,0.0,0.0,0.8846603035926819,0.5369031429290771,0.0,0.0018304761033505201,0.7874036431312561,0.0,0.0,0.5793703198432922,0.0,0.0,0.435060977935791,0.8774011731147766,0.0,0.0,0.9858522415161133,0.685307502746582,0.5070916414260864,0.0,0.706405520439148,0.02641063742339611,0.0,0.0,0.0,0.8562601208686829,0.9462338089942932,0.7971022129058838,0.03579578176140785,0.7865118384361267,0.0,0.39855146408081055,0.5622211694717407,0.5490910410881042,0.3233238458633423,0.0,0.7582782506942749,0.0,0.0,0.0,0.789625883102417,0.8678163886070251,0.017990782856941223,0.4154672920703888,0.0,0.0,0.7119091749191284,0.642537534236908,0.0,0.8753764629364014,0.28787481784820557,0.0,0.8867429494857788
1,1.6940990686416626,0.6852982640266418,0.18712285161018372,0.0,0.014175666496157646,0.0,0.0,0.08679308742284775,0.22734344005584717,0.0,0.6007955074310303,0.0,0.5230225920677185,0.0,1.1114368438720703,1.4921486377716064,0.0,0.0798339694738388,0.5439494252204895,0.0,0.32696065306663513,0.30692991614341736,0.0,0.0,0.2026222199201584,0.2372732162475586,0.0,0.7740611433982849,0.06617957353591919,0.0,1.4358546733856201,0.007908483035862446,0.0,0.012030276469886303,0.3543039858341217,2.512284994125366,0.7768411636352539,0.0019217710942029953,0.0,0.0,2.3892953395843506,0.0,0.0,0.05419394373893738,0.0,0.18159684538841248,2.2207436561584473,0.0,0.048755522817373276,0.738778829574585,0.0,1.3738634586334229,0.3861324191093445,0.36135250329971313,0.009629623964428902,0.0,0.0,0.0,0.0,3.8425230979919434,0.0,2.8256301879882812,3.1766223907470703,0.0,0.0,2.286238670349121,0.3286692500114441,2.407742500305176,2.450482497806661e-05,0.0,0.0,0.4296112656593323,0.07555057108402252,0.034739233553409576,0.0,0.0,0.0,1.357381820678711,0.16474595665931702,0.0,0.10826142877340317,2.579843759536743,1.153122067451477,1.8553478717803955,0.18210281431674957,0.0,0.0,0.0,1.4424936771392822,0.03602796792984009,1.0475804805755615,0.0,2.47784423828125,0.0,0.426085889339447,3.267070770263672,0.2217012643814087,1.4701696634292603,0.2954719066619873,0.0,0.06830036640167236,0.9578471183776855,0.0,0.0,0.0,0.12061984837055206,0.0902971476316452,0.8418676257133484,0.0,0.0,0.5174996256828308,1.5222904682159424,0.0,0.03288126736879349,2.1597647666931152,0.0,1.9931566715240479,3.0555832386016846,0.8721567392349243,0.27045994997024536,0.1442904770374298,1.3814630508422852,1.19474458694458,0.0,0.0,2.770615577697754,0.9062153697013855,0.0,0.0,0.0,0.0,0.0,0.0,0.04529474675655365,0.0,0.0,0.043520621955394745,0.1258735954761505,0.7719680070877075,0.4851507544517517,0.04601616412401199,0.4831625819206238,0.0,0.0,0.0,0.0,0.0,0.0,0.0,0.0,0.0,0.7110017538070679,0.0,0.6643960475921631,1.777623176574707,0.06742905080318451,1.2901197671890259,0.0,0.0,2.95619797706604,0.004122266545891762,2.5222954750061035,1.364566683769226,0.0,0.0,0.0,0.08209541440010071,0.0,1.374387502670288,0.11341530084609985,0.0,0.09517116844654083,1.1116827726364136,1.7150827646255493,0.8541973829269409,1.098587989807129,0.6241985559463501,0.0,2.349585771560669,0.0,0.0,0.20539021492004395,0.0,0.0,0.0,0.32437199354171753,1.6451337337493896,0.0,0.0,0.1584850251674652,0.0,0.2844811975955963,0.42404302954673767,0.0,0.506377100944519,0.0,0.0,2.186274766921997,0.0,0.0,3.265354633331299,0.0,0.0,0.0,0.3892527222633362,0.0,2.2874398231506348,1.3011494874954224,0.1941300928592682,0.0,0.0,0.1620343029499054,1.9711672067642212,0.0,0.38733917474746704,1.3790243864059448,0.0,0.3472219705581665,0.015473516657948494,0.0,0.0,0.988764762878418,0.5892254114151001,0.04158007353544235,0.834140956401825,0.0,0.0863073319196701,0.02350153960287571,0.0,0.0,0.0,0.7035158276557922,0.0,0.0,2.371938705444336,2.9698147773742676,0.6246797442436218,0.5452367067337036,0.0,0.0,0.0,0.25844401121139526,0.0,0.0,3.606732130050659,0.7374175190925598,1.9548327922821045,0.05821660906076431,0.09369722753763199,0.8603229522705078,2.715691328048706,0.0,0.0,2.401776075363159,0.0,0.0
1,0.8328328132629395,0.6523098945617676,0.15037725865840912,0.163131982088089,0.110166035592556,0.16926734149456024,0.7630625367164612,0.7390408515930176,0.736007809638977,0.5536121726036072,0.6555453538894653,0.7669677734375,0.7343847155570984,0.6691890358924866,0.25694769620895386,0.43966707587242126,0.4004004895687103,0.25044113397598267,0.6680260300636292,0.9622663855552673,0.7344002723693848,0.1993633508682251,0.22018253803253174,0.7393867373466492,0.7712305188179016,0.7066900730133057,0.22349341213703156,0.5866085886955261,0.2188061773777008,0.7905733585357666,0.6723005771636963,0.6835313439369202,0.7011098861694336,0.17347238957881927,0.45287540555000305,0.34114766120910645,0.7075168490409851,0.7897138595581055,0.09415139257907867,0.6988747119903564,0.4533010721206665,0.20702436566352844,0.17391866445541382,0.14252999424934387,0.7108762264251709,0.7236647009849548,0.3660326600074768,0.14700286090373993,0.3568389415740967,0.22557476162910461,0.23512834310531616,0.6049058437347412,0.15337403118610382,0.7657493352890015,0.7066407203674316,0.105547234416008,0.8732872009277344,0.21726955473423004,0.1482754498720169,0.5473663806915283,0.2746388912200928,0.39751294255256653,1.0426416397094727,0.3663608431816101,0.2040116935968399,0.3508478105068207,0.6484982967376709,0.3709890842437744,0.2072550505399704,0.7513967156410217,0.2511562407016754,0.6796040534973145,0.21364422142505646,0.24729537963867188,0.1819099485874176,0.34146618843078613,0.7239494323730469,0.5349009037017822,0.23799531161785126,0.16397371888160706,0.7434353232383728,0.36374202370643616,0.3158222734928131,0.7052448987960815,0.7631783485412598,0.5326700806617737,0.2681293487548828,0.7726340293884277,0.633482813835144,0.7680156230926514,0.7457647919654846,0.2919495105743408,0.3792326748371124,0.7590049505233765,0.2585165500640869,0.3679298460483551,0.2638486325740814,0.561815083026886,0.21769805252552032,0.6914222836494446,0.13820725679397583,0.6850168704986572,0.7999854683876038,0.2937886118888855,0.6667690873146057,0.7009139060974121,0.1657114326953888,0.7030734419822693,0.7448762059211731,0.25330981612205505,0.7696431875228882,0.31658926606178284,0.642985999584198,0.12868548929691315,0.1204264760017395,0.1241796463727951,0.2902578115463257,0.3211944103240967,0.6411383748054504,0.7380602359771729,0.803782045841217,0.6188071966171265,0.6575667262077332,0.14016751945018768,0.7069961428642273,0.34871986508369446,0.7668136358261108,0.2631494700908661,0.24146141111850739,0.12351749837398529,0.2317301630973816,0.24768273532390594,0.1399758756160736,0.1120920181274414,0.22914031147956848,0.7662555575370789,0.20680156350135803,0.7507416605949402,0.7374916672706604,0.16664215922355652,0.15589147806167603,0.14272485673427582,0.26720231771469116,0.7389099597930908,0.251356840133667,0.6900721192359924,0.7788124680519104,0.7174599766731262,0.2534042000770569,0.18862254917621613,0.2159564346075058,0.7436769604682922,0.25041866302490234,0.2588067054748535,0.631155788898468,0.18736526370048523,0.3170130252838135,0.15493516623973846,0.1244894489645958,0.6494072675704956,0.2058655470609665,0.4081037640571594,0.7821943163871765,0.29261380434036255,0.7382607460021973,0.18734081089496613,0.2131221741437912,0.7654478549957275,0.7298216819763184,0.20382264256477356,0.3734533488750458,0.1915409415960312,0.6565878391265869,0.9121226668357849,0.6328063011169434,0.6293461322784424,0.6416248679161072,0.36547917127609253,0.3471946120262146,0.20477545261383057,0.4871894121170044,0.226142019033432,0.6460839509963989,0.8354611396789551,0.6998307704925537,0.73068767786026,0.6306366920471191,0.2859608829021454,0.7369645833969116,0.04289424791932106,0.2786971628665924,0.7511405348777771,0.8564737439155579,0.3423900604248047,0.09516257047653198,0.8282990455627441,0.19556784629821777,0.3544074296951294,0.2967512309551239,0.7582263946533203,0.3542807102203369,0.2855141758918762,0.23349489271640778,0.8500186204910278,0.6570580005645752,0.1918979436159134,0.2956766188144684,0.7494378089904785,0.8311711549758911,0.2002684324979782,0.7000210881233215,0.7443692684173584,0.38697952032089233,0.7182711362838745,0.5108885765075684,0.3578096330165863,0.2910347580909729,0.6978954672813416,0.5344645977020264,0.22622787952423096,0.27582496404647827,0.31749850511550903,0.7290637493133545,0.14357656240463257,0.72146075963974,0.7067580223083496,0.6419205069541931,0.6142820119857788,0.17334936559200287,0.2248251587152481,0.21604588627815247,0.6455724239349365,0.4002230167388916,0.7911468744277954,0.41123509407043457,0.382620245218277,0.29572463035583496,0.29095718264579773,0.9051517844200134,0.199823796749115,0.7240614891052246,0.7177504897117615,0.7880198359489441,0.15600720047950745,0.38008686900138855,0.7283636927604675,0.31102675199508667,0.8470861315727234,0.7231080532073975,0.2429760992527008,0.3731984794139862,0.708807110786438,0.2768442630767822,0.6049458980560303,0.8352561593055725,0.16364161670207977
0,0.0,0.0,0.9923294186592102,0.6909065246582031,0.8330321311950684,0.8081733584403992,0.0,0.0,0.0,0.0,0.0,0.0,0.0,0.0,0.47346487641334534,0.2735254764556885,0.49821385741233826,0.5995798707008362,0.0,0.15393897891044617,0.0,0.7370930910110474,0.7341185808181763,0.0,0.0,0.012638518586754799,0.7305561304092407,0.0,0.5967790484428406,0.0,0.0,0.0,0.0,0.5851690769195557,0.023613158613443375,0.4722929894924164,0.0,0.0,1.0641206502914429,0.0,0.8027486801147461,0.7653616666793823,0.777982234954834,0.7167848944664001,0.0,0.0,0.6438277959823608,0.7192649245262146,0.05143292620778084,0.6366798281669617,0.615900993347168,0.0,0.8609541058540344,0.028980989009141922,0.0,0.8396235704421997,0.0,0.6125339269638062,0.8257747888565063,0.32161471247673035,0.5807176828384399,0.3198760151863098,0.5448790788650513,0.3143691420555115,0.7097872495651245,0.5523229837417603,0.025181377306580544,0.402151495218277,0.5686478018760681,0.0,0.7758841514587402,0.0,0.6124025583267212,0.05368364602327347,0.8684409856796265,0.2625158727169037,0.0,0.0,0.392465204000473,0.7752386927604675,0.0,0.4787830710411072,0.4933813214302063,0.0,0.0,0.0,0.6163895726203918,0.0,0.0,0.0,0.0,0.7127393484115601,0.7238870859146118,0.0,0.3500719666481018,0.6417683362960815,0.43775874376296997,0.20285555720329285,0.7120875120162964,0.0,0.9314739108085632,0.0,0.0,0.6809083819389343,0.0,0.0,0.6714686155319214,0.0,0.0,0.7211576700210571,0.0,0.3293047845363617,0.09168045222759247,0.9452604055404663,0.0740915983915329,0.7520784139633179,0.40934476256370544,0.7235347032546997,0.0,0.0,0.0,0.005450121592730284,0.0,0.6626343727111816,0.0,0.6802089810371399,0.0,0.5285278558731079,0.6493790745735168,0.8212377429008484,0.7614652514457703,0.6854689121246338,0.7841759324073792,0.9344285726547241,0.5545679926872253,0.0,0.6831327676773071,0.0,0.0,0.8403574824333191,0.6987276673316956,0.8435206413269043,0.7244259715080261,0.0,0.5550235509872437,0.0,0.0,0.0,0.7013974189758301,0.9797555208206177,0.6635649800300598,0.0,0.6746312379837036,0.5525674223899841,0.3118131160736084,0.6092714071273804,0.5639376044273376,0.890769362449646,0.9270732998847961,0.3025533854961395,0.40609049797058105,0.8228732943534851,0.0,0.4907456040382385,0.0,0.674554705619812,0.8352591395378113,0.0,0.006083725020289421,0.632513165473938,0.5395047068595886,0.8164039850234985,0.004604562651365995,0.3448018729686737,0.0,0.0,0.0,0.42231884598731995,0.5598162412643433,0.6641548871994019,0.6282926201820374,0.5150070786476135,0.0,0.0,0.0,0.0,0.0,0.7165053486824036,0.0,0.9277011752128601,0.5623971223831177,0.0,0.0,0.49226656556129456,0.7058665156364441,0.0,0.6818839311599731,0.5092740654945374,0.5996622443199158,0.0,0.7644585371017456,0.5843440294265747,0.6236685514450073,0.0,0.0,0.7013503313064575,0.5682940483093262,0.0,0.0,0.7324773073196411,0.0,0.0,0.5027618408203125,0.0,0.0,0.44598326086997986,0.6561685800552368,0.0,0.0,0.8227514028549194,0.5908830761909485,0.6118118166923523,0.0,0.6114438772201538,0.025427967309951782,0.0,0.0,0.0,0.7800118327140808,0.7526553869247437,0.6132141351699829,0.008178690448403358,0.5840399861335754,0.010975214652717113,0.3440638482570648,0.4611760675907135,0.5412951707839966,0.435769259929657,0.0,0.750935435295105,0.0,0.0,0.0,0.698154866695404,0.8090265393257141,0.0,0.3928574323654175,0.0,0.0,0.6648004055023193,0.5541352033615112,0.0,0.6882532238960266,0.17424051463603973,0.0,0.7084298133850098
1,0.4187506437301636,0.09544245153665543,0.5021765828132629,0.3274799883365631,0.3046049475669861,0.30161812901496887,0.0,0.0,0.0,0.0,0.0915713831782341,0.0,0.09611371904611588,0.0,0.8714058995246887,0.7763971090316772,0.030717900022864342,0.2637806534767151,0.11658195406198502,0.1111898347735405,0.013530208729207516,0.509415328502655,0.2431311309337616,0.0,0.003993439022451639,0.09737039357423782,0.27342498302459717,0.13432835042476654,0.1596885770559311,0.0,0.33258718252182007,0.0,0.0,0.18855945765972137,0.18018586933612823,1.2399340867996216,0.17884095013141632,0.0,0.4475390315055847,0.0,1.3311893939971924,0.34373095631599426,0.3885839879512787,0.3909030258655548,0.0,0.010652498342096806,1.1913447380065918,0.49424535036087036,0.02496059611439705,0.8301419615745544,0.2436111569404602,0.3498888611793518,0.7505661845207214,0.14040890336036682,0.0,0.46876806020736694,0.0,0.24826304614543915,0.3628791570663452,1.6994928121566772,0.11592137068510056,1.2765389680862427,1.395113229751587,0.008527704514563084,0.3579036593437195,1.1769211292266846,0.10453668236732483,1.1373168230056763,0.28353098034858704,0.0,0.291151225566864,0.01555099431425333,0.15791510045528412,0.0,0.3819110095500946,0.0,0.0,0.34917178750038147,0.17034879326820374,0.36386197805404663,0.0,1.3680193424224854,0.7850634455680847,0.5846052765846252,0.01632470265030861,0.0,0.2701219320297241,0.0,0.39911097288131714,0.0,0.21952103078365326,0.1590426117181778,1.3548483848571777,0.0,0.4321560561656952,1.582077145576477,0.1607763022184372,0.6203165054321289,0.5364990830421448,0.0,0.40230002999305725,0.23530402779579163,0.0,0.23650042712688446,0.0,0.0,0.4153132140636444,0.1712406426668167,0.0,0.4348982274532318,0.05278453975915909,0.8252738118171692,0.0641791969537735,0.4819857180118561,0.9025309681892395,0.2899323105812073,1.0451478958129883,1.5063368082046509,0.22193223237991333,0.0,0.0,0.4502393901348114,0.22616536915302277,0.3440372049808502,0.0,1.5948618650436401,0.2399708479642868,0.3728030323982239,0.19561655819416046,0.4091356694698334,0.2881787419319153,0.2064824253320694,0.5132483243942261,0.49418559670448303,0.23357008397579193,0.0,0.3061480224132538,0.0,0.14350757002830505,0.7223448157310486,0.3788943886756897,0.7415160536766052,0.2779921293258667,0.0,0.15626662969589233,0.0,0.0,0.0,0.3887804448604584,0.5521582365036011,0.23449335992336273,0.12716996669769287,0.2998287081718445,0.5534040927886963,0.8197227120399475,0.3326527178287506,0.8074979186058044,0.48767438530921936,0.45322278141975403,1.2929644584655762,0.27383679151535034,1.5028055906295776,0.4097997844219208,0.17222163081169128,0.0,0.24346709251403809,0.5125191807746887,0.0,0.4171997904777527,0.3241913914680481,0.30340245366096497,0.40708494186401367,0.3309326767921448,0.8180115222930908,0.1328658014535904,0.16993831098079681,0.04913923516869545,0.08552484214305878,1.1600792407989502,0.28469187021255493,0.33047887682914734,0.23026826977729797,0.0,0.0,0.0,0.01254548504948616,0.43739134073257446,0.17533686757087708,0.0,0.7625900506973267,0.14326773583889008,0.04604616388678551,0.0,0.13021384179592133,0.6470399498939514,0.0,0.3290054500102997,1.1568903923034668,0.17069801688194275,0.0,1.6503762006759644,0.16179941594600677,0.21240919828414917,0.0,0.034707825630903244,0.3303014636039734,1.228999376296997,0.3115059733390808,0.08215876668691635,0.32906574010849,0.0,0.004051072057336569,1.083655595779419,0.0,0.0086392005905509,0.8204812407493591,0.16405686736106873,0.018235867843031883,9.38739140110556e-06,0.328927218914032,0.2566564381122589,0.7155542373657227,0.03006918914616108,0.30612635612487793,0.2500642240047455,0.0,0.0,0.002746680285781622,0.3349243402481079,0.2935297191143036,0.24139820039272308,0.2071901261806488,0.0616179034113884,0.0,1.1031395196914673,1.3248462677001953,0.5449450016021729,0.4619159996509552,0.0,0.38336247205734253,0.0,0.010840957053005695,0.0,0.29444023966789246,1.8628809452056885,0.19395853579044342,0.9860168695449829,0.0,0.0,0.6514334082603455,1.402260661125183,0.0,0.19542008638381958,0.9503717422485352,0.0,0.24693390727043152
0,0.028352603316307068,0.0,1.3373799324035645,0.9774327874183655,0.88381427526474,0.8212894797325134,0.0,0.0,0.0,0.0,0.0,0.0,0.0,0.0,0.36288365721702576,0.2798044979572296,0.27769574522972107,0.6331309676170349,0.008271533064544201,0.26887282729148865,0.0,0.7052836418151855,0.8511219620704651,0.0,0.0,0.017587287351489067,0.8613194823265076,0.0,0.58128821849823,0.0,0.017613284289836884,0.0,0.0,0.6288546919822693,0.010664858855307102,0.3957829177379608,0.008856598287820816,0.0,1.227006196975708,0.0,0.9367863535881042,0.983482837677002,1.0323593616485596,0.7912381291389465,0.0,0.0,0.5593812465667725,1.090133786201477,0.03098691813647747,0.8184435367584229,0.727541446685791,0.0,1.172174096107483,0.025608530268073082,0.0,1.1615840196609497,0.0,0.7594863772392273,0.9535403847694397,0.42724838852882385,0.5627909898757935,0.34294137358665466,0.5009238719940186,0.21509896218776703,0.8667678236961365,0.46271848678588867,0.03369655832648277,0.36064592003822327,0.7144303321838379,0.0,0.9236629605293274,0.0,0.37729379534721375,0.019146544858813286,0.9820951819419861,0.029745683073997498,0.0,0.0,0.23087912797927856,0.9830266833305359,0.0,0.425019770860672,0.3602474629878998,0.002383691491559148,0.0,0.0,0.8648667335510254,0.0,0.016326261684298515,0.0,0.0028376709669828415,0.6725028157234192,0.6283085942268372,0.0,0.21980302035808563,0.5762643218040466,0.25618699193000793,0.22844243049621582,0.7225363850593567,0.0,0.9312863349914551,0.00658809207379818,0.0,0.8287155032157898,0.0,0.0,0.6672264933586121,0.00125774962361902,0.0,1.0743921995162964,0.0,0.30039870738983154,0.1860319823026657,1.21614408493042,0.05030335485935211,0.9835512638092041,0.30553367733955383,0.6615360975265503,0.0,0.0,0.0,0.04427264258265495,0.0,0.806769073009491,0.0,0.6561716198921204,0.0,0.8605173230171204,0.746034562587738,1.0722007751464844,0.8946178555488586,0.7711708545684814,1.285652995109558,1.025464415550232,0.6316578984260559,0.0,0.707862377166748,0.0,0.0,0.9772253036499023,0.7323710918426514,1.0453380346298218,0.8569192290306091,0.0,0.5624624490737915,0.0,0.0,0.0,0.9110705256462097,1.3988310098648071,0.7770995497703552,0.0,0.8771602511405945,0.48123645782470703,0.3009618818759918,0.6696372628211975,0.44713273644447327,1.1995630264282227,1.1818645000457764,0.625835120677948,0.5750940442085266,0.7254181504249573,0.0,0.5565724968910217,0.0,0.8139597773551941,0.9062841534614563,0.0,0.045333828777074814,0.5816037058830261,0.7104980945587158,0.704619824886322,0.03658725693821907,0.3365955054759979,0.0,0.0,0.0,0.3866007626056671,0.485520601272583,0.7973606586456299,0.9521564841270447,0.43430426716804504,0.0,0.0,0.0,0.0,0.0042634825222194195,0.7047007083892822,0.0,1.247195839881897,0.5824404358863831,0.0011486740550026298,0.0,0.4600003659725189,0.9437853693962097,0.0,0.8529858589172363,0.4682203531265259,0.6052764058113098,0.0,0.702591598033905,0.6131390929222107,0.714549720287323,0.0,0.0,0.936208188533783,0.4720500409603119,0.0,0.008891451172530651,0.8826850056648254,0.0,0.0,0.4506150782108307,0.0,0.0,0.3754562437534332,0.6926116347312927,0.0,0.0,1.018009066581726,0.6696073412895203,0.46580883860588074,0.0,0.666458010673523,0.08674206584692001,0.0,0.0,0.0,0.9367436766624451,0.9191848635673523,0.7597023844718933,0.029386410489678383,0.3150136172771454,0.0,0.34803256392478943,0.4347703456878662,0.4382868707180023,0.30045339465141296,0.0,0.9113348126411438,0.0,0.0,0.0,0.8102704882621765,0.7913702130317688,0.012757980264723301,0.3422762155532837,0.0,0.0,0.5855598449707031,0.5137879252433777,0.0,0.7113844752311707,0.1973276138305664,0.0,0.9084384441375732
1,1.518213152885437,1.1934442520141602,0.09637922048568726,0.09499547630548477,0.07582854479551315,0.10443143546581268,1.3327556848526,1.2957162857055664,1.3053882122039795,0.9926367402076721,1.1418943405151367,1.3799818754196167,1.4004151821136475,1.2372528314590454,0.14306867122650146,0.3972614109516144,0.27568647265434265,0.14546148478984833,1.1894370317459106,1.618004322052002,1.258335828781128,0.12924757599830627,0.13412904739379883,1.2718572616577148,1.345434546470642,1.2944070100784302,0.13980458676815033,1.0977239608764648,0.11954498291015625,1.3688874244689941,1.2249224185943604,1.2137359380722046,1.221921682357788,0.10132315009832382,0.4628155827522278,0.2363414764404297,1.3068946599960327,1.4348928928375244,0.06801694631576538,1.136059284210205,0.8255251049995422,0.12507985532283783,0.10386978834867477,0.08832988888025284,1.2415010929107666,1.2707496881484985,0.25456658005714417,0.0803087055683136,0.43517187237739563,0.11992359906435013,0.13543812930583954,1.0640981197357178,0.06951005756855011,1.3625813722610474,1.2606935501098633,0.07141251862049103,1.5313732624053955,0.12275824695825577,0.0983240008354187,0.6773172616958618,0.16621747612953186,0.3911408483982086,1.4979315996170044,0.24484309554100037,0.11543352901935577,0.23287883400917053,1.1614043712615967,0.25837188959121704,0.106255903840065,1.22190523147583,0.15121613442897797,1.1530877351760864,0.13057836890220642,0.21547125279903412,0.09934176504611969,0.2248510867357254,1.2201950550079346,0.9335163831710815,0.13969093561172485,0.10151611268520355,1.339388370513916,0.24244146049022675,0.17700232565402985,1.2516120672225952,1.4204274415969849,0.8777099847793579,0.16083398461341858,1.391074776649475,1.169141411781311,1.3390806913375854,1.3137519359588623,0.181709885597229,0.25881895422935486,1.3013877868652344,0.15766112506389618,0.2467677891254425,0.15517288446426392,0.7981155514717102,0.125558003783226,1.2487443685531616,0.08391313999891281,1.262049674987793,1.3877326250076294,0.17652244865894318,1.1914619207382202,1.2513355016708374,0.10180721431970596,1.2523761987686157,1.108883261680603,0.13969473540782928,1.3710922002792358,0.22658252716064453,1.1717439889907837,0.08669278025627136,0.11505617946386337,0.09063737094402313,0.18855327367782593,0.21164582669734955,1.2158244848251343,1.2837634086608887,1.4038351774215698,1.1807756423950195,1.2333221435546875,0.08716271072626114,1.085087537765503,0.23969519138336182,1.315951943397522,0.17736810445785522,0.14078748226165771,0.08212311565876007,0.1445196121931076,0.15450288355350494,0.08595867455005646,0.07506012171506882,0.13824692368507385,1.375101089477539,0.12107713520526886,1.3214086294174194,1.357443928718567,0.10512641072273254,0.10058040916919708,0.09308027476072311,0.150495246052742,1.3162082433700562,0.15050628781318665,1.2732875347137451,1.3792331218719482,1.2859899997711182,0.1556898057460785,0.11193885654211044,0.135649174451828,1.3380032777786255,0.1448047012090683,0.1499805450439453,1.0175877809524536,0.10772431641817093,0.18780304491519928,0.09400235116481781,0.08080549538135529,1.258914589881897,0.12001568078994751,0.2551395297050476,1.3746224641799927,0.19780661165714264,1.346350073814392,0.11200952529907227,0.1083858460187912,1.3290550708770752,1.2875139713287354,0.11798593401908875,0.22111229598522186,0.11283766478300095,1.2903865575790405,1.4070676565170288,1.1891241073608398,1.1209743022918701,1.1386393308639526,0.2567498981952667,0.2226967215538025,0.10610860586166382,0.7629104256629944,0.1346815824508667,1.097019076347351,1.4882233142852783,1.0575581789016724,1.3089606761932373,1.1711732149124146,0.17860527336597443,1.3058876991271973,0.022689804434776306,0.1669076830148697,1.2758768796920776,1.4936045408248901,0.23159317672252655,0.0712609589099884,1.3840774297714233,0.11097194999456406,0.22877289354801178,0.18238191306591034,1.2970020771026611,0.24476449191570282,0.1883978694677353,0.1378098428249359,1.3754907846450806,1.1692564487457275,0.11743230372667313,0.16836880147457123,1.366838812828064,1.441866159439087,0.11045260727405548,1.2534821033477783,1.3483059406280518,0.2436710000038147,1.1285167932510376,0.8950700163841248,0.22818899154663086,0.19337241351604462,1.2255113124847412,0.9203673005104065,0.13851499557495117,0.16574786603450775,0.1837093085050583,1.4004008769989014,0.09364371746778488,1.313848853111267,1.1992616653442383,1.0710773468017578,1.1523104906082153,0.0992475152015686,0.13977645337581635,0.1334582269191742,1.2385890483856201,0.30111292004585266,1.472835898399353,0.4189966022968292,0.41253015398979187,0.1634560227394104,0.16750697791576385,1.4840502738952637,0.1094142273068428,1.2852840423583984,1.3286739587783813,1.2706575393676758,0.09889581054449081,0.2417207658290863,1.248548984527588,0.21880054473876953,1.4864810705184937,1.3172378540039062,0.14619296789169312,0.24087628722190857,1.1620755195617676,0.1589910089969635,0.9922318458557129,1.4268934726715088,0.11018742620944977
1,1.260038137435913,0.9857504963874817,0.16883395612239838,0.13127805292606354,0.08663590997457504,0.11646678298711777,1.0714904069900513,1.0642515420913696,1.044474720954895,0.8067343831062317,0.9524898529052734,1.0837527513504028,1.1146934032440186,1.0267846584320068,0.18909363448619843,0.4435180723667145,0.2847606837749481,0.1750851571559906,0.9706225395202637,1.29421865940094,1.0585969686508179,0.14151670038700104,0.17412076890468597,1.0338854789733887,1.1131956577301025,0.9848801493644714,0.1275341510772705,0.9080610275268555,0.1671530306339264,1.101635217666626,0.9793053865432739,0.9932913780212402,1.0023307800292969,0.11778054386377335,0.4931866526603699,0.2894194722175598,1.06442391872406,1.146362066268921,0.10020112991333008,0.9355514645576477,0.5876129865646362,0.16468730568885803,0.15876123309135437,0.10660205781459808,1.0148202180862427,1.0309277772903442,0.3037934899330139,0.12197525799274445,0.5181452035903931,0.1871277242898941,0.16369551420211792,0.9322487115859985,0.08892754465341568,1.0993399620056152,1.010446548461914,0.11650513112545013,1.2335469722747803,0.17146393656730652,0.1241673082113266,0.6489319205284119,0.18110235035419464,0.3807205557823181,1.367240309715271,0.25603821873664856,0.1384223848581314,0.29048293828964233,0.9764230847358704,0.2971188426017761,0.17058733105659485,1.0236564874649048,0.18178024888038635,0.9711705446243286,0.13675057888031006,0.17589518427848816,0.1539900302886963,0.19423671066761017,1.0182777643203735,0.7981187701225281,0.14330998063087463,0.14498190581798553,1.0928575992584229,0.29756996035575867,0.22447744011878967,1.0208280086517334,1.1321721076965332,0.7636607885360718,0.20753374695777893,1.1232495307922363,0.9464341402053833,1.1054298877716064,1.074461817741394,0.2102002650499344,0.31102293729782104,1.036734700202942,0.1785699427127838,0.30564063787460327,0.16172465682029724,0.7118991017341614,0.15971818566322327,1.0179520845413208,0.10134585946798325,1.0096631050109863,1.1250195503234863,0.20027081668376923,0.9838806390762329,1.0097800493240356,0.1209743395447731,1.0205833911895752,0.9618793725967407,0.17946770787239075,1.1294591426849365,0.2714110016822815,0.9097693562507629,0.11651259660720825,0.12985631823539734,0.10978393256664276,0.24038538336753845,0.2595006823539734,0.987836480140686,1.0409067869186401,1.153059959411621,0.9406372904777527,0.993705153465271,0.10520734637975693,0.9096783399581909,0.2933117747306824,1.1178958415985107,0.2150297909975052,0.18815967440605164,0.12151677906513214,0.16157977283000946,0.1669951230287552,0.13247956335544586,0.06972628831863403,0.14179113507270813,1.1209394931793213,0.149236261844635,1.0840280055999756,1.0842883586883545,0.129087895154953,0.1226341500878334,0.12864071130752563,0.19279438257217407,1.0811902284622192,0.1901201754808426,1.0149041414260864,1.1110937595367432,1.050492763519287,0.17140451073646545,0.15036889910697937,0.15030457079410553,1.1025277376174927,0.17470936477184296,0.17825596034526825,0.8589111566543579,0.13869686424732208,0.2422632873058319,0.1418944001197815,0.127223938703537,0.903553307056427,0.12616081535816193,0.31641343235969543,1.1251469850540161,0.21151001751422882,1.098473072052002,0.1528318226337433,0.1795249879360199,1.0996837615966797,1.0589606761932373,0.1499803364276886,0.27760055661201477,0.13351662456989288,1.0139302015304565,1.160961389541626,0.9632032513618469,0.9158094525337219,0.9439133405685425,0.2525990605354309,0.2817350924015045,0.15644562244415283,0.6128057241439819,0.14732420444488525,0.9457755088806152,1.1686922311782837,0.9017786979675293,1.0784986019134521,0.9439652562141418,0.19355937838554382,1.0634996891021729,0.05035899952054024,0.19024741649627686,1.0368300676345825,1.204286813735962,0.20586688816547394,0.07972817122936249,1.1433374881744385,0.1588282287120819,0.28315258026123047,0.1942802369594574,1.05069899559021,0.2951386570930481,0.20891234278678894,0.171519473195076,1.103933334350586,0.9561138153076172,0.16329045593738556,0.22460481524467468,1.091482162475586,1.1841042041778564,0.15475648641586304,1.0291831493377686,1.0821435451507568,0.29540592432022095,0.9474086761474609,0.7719752788543701,0.27137553691864014,0.2042369544506073,1.0073978900909424,0.8063556551933289,0.1791369616985321,0.17329344153404236,0.23318886756896973,1.1229673624038696,0.1165037527680397,1.029790997505188,1.0062487125396729,0.9429658055305481,0.9372955560684204,0.14569979906082153,0.16816827654838562,0.15292048454284668,0.9855673909187317,0.2668873071670532,1.1609481573104858,0.4704102575778961,0.3975662887096405,0.19628293812274933,0.19436725974082947,1.2470206022262573,0.15848059952259064,1.053438425064087,1.0813014507293701,1.054550290107727,0.11587753146886826,0.30105462670326233,1.0496875047683716,0.2693510353565216,1.2198246717453003,1.0542453527450562,0.16890498995780945,0.297578901052475,0.9723988771438599,0.17948731780052185,0.8479086756706238,1.1755284070968628,0.1520552933216095
0,0.07809621840715408,0.0,0.5715014338493347,0.7001601457595825,0.5305964946746826,0.703984260559082,0.0,0.0,0.0,0.0,0.04665232449769974,0.0,0.0,0.0,0.5609548091888428,0.37790781259536743,0.8771286010742188,0.6467310190200806,0.023444075137376785,0.007248360197991133,0.0,0.5886663198471069,0.806593656539917,0.0,0.0,0.0,0.7357960343360901,0.008556568995118141,0.6216310262680054,0.0,0.058206457644701004,0.002266039839014411,0.0,0.653080940246582,0.22804246842861176,0.6604100465774536,0.014548280276358128,0.0,0.5781363844871521,0.010969249531626701,0.17107334733009338,0.8281767964363098,0.714182436466217,0.570231556892395,0.0,0.0,0.6134803295135498,0.543188214302063,0.03662162646651268,0.4876013994216919,0.7717831134796143,0.05171836167573929,0.2272690236568451,0.028085360303521156,0.0,0.58357834815979,0.0,0.7379456758499146,0.7115086317062378,0.585311770439148,0.8475519418716431,0.500910222530365,0.5916528105735779,0.8171316385269165,0.6793900728225708,0.6204522252082825,0.04674363136291504,0.553597092628479,0.6390753984451294,0.0,0.8476860523223877,0.0,0.6687933802604675,0.019474737346172333,0.6780357956886292,0.6077982187271118,0.0,0.027949335053563118,0.33380016684532166,0.7310877442359924,0.0,0.7142019867897034,0.6081832647323608,0.08985858410596848,0.0,0.0,0.7244473695755005,0.0,0.06243980675935745,0.0,0.04169394075870514,0.8967320919036865,0.6792055368423462,0.0,0.46848317980766296,0.6867256164550781,0.6772817373275757,0.2724155783653259,0.5828678607940674,0.0,0.5689703822135925,0.04511597380042076,0.0,0.8003854751586914,0.0,0.0,0.5985411405563354,0.02333257906138897,0.00041034273453988135,0.6622960567474365,0.00796169601380825,0.5705594420433044,0.01886797323822975,0.6868911385536194,0.47915539145469666,0.6855210661888123,0.6368020176887512,0.5897608995437622,0.031444087624549866,0.0,0.0,0.07528141885995865,0.03511902317404747,0.6690436005592346,0.0,0.6761732697486877,0.02713332511484623,0.6711896061897278,0.9145321249961853,0.6073554754257202,0.8229672312736511,0.7304617762565613,0.6221962571144104,0.572790265083313,0.7354187369346619,0.0,0.6827341914176941,0.0,0.02220200188457966,0.5966417193412781,0.6252743005752563,0.4985019862651825,0.6231166124343872,0.0,0.7639234066009521,0.0,0.0,0.0,0.7352813482284546,0.6704657077789307,0.8168649077415466,0.012592209503054619,0.7395290732383728,0.7157068252563477,0.2738758325576782,0.5443275570869446,0.4926682710647583,0.7543169856071472,0.6197033524513245,0.25363194942474365,0.524674654006958,0.7815385460853577,0.0683029368519783,0.7597702741622925,0.0,0.7137311697006226,0.5452961921691895,0.0,0.10817703604698181,0.5357584357261658,0.6294442415237427,0.6288231611251831,0.0415429063141346,0.3457863926887512,0.006961686536669731,0.015091554261744022,0.0006497731665149331,0.8110257387161255,0.6376689076423645,0.6570612788200378,0.465206503868103,0.6477267742156982,0.0,0.0,0.0,0.0,0.07001685351133347,0.7916072010993958,0.0,0.2957621216773987,0.8175005316734314,0.0026055907364934683,0.0,0.6376516819000244,0.6101434230804443,0.0,0.7385792136192322,0.5544455647468567,0.7766395211219788,0.0,0.6267765760421753,0.7846823334693909,0.8144226670265198,0.0,0.01952841691672802,0.7270857095718384,0.5861498117446899,0.007694676518440247,0.009194782003760338,0.6680519580841064,0.0,0.0,0.6138370037078857,0.0,0.0,0.5576636791229248,0.8241080045700073,0.0,0.010415632277727127,0.8316212892532349,0.648915708065033,0.47804486751556396,0.0,0.6074742078781128,0.02323976904153824,0.0,0.0,0.0,0.6761071681976318,0.7961816787719727,0.7720755338668823,0.04478473961353302,0.7215457558631897,0.0,0.43838638067245483,0.5721201300621033,0.5479124784469604,0.2973884046077728,0.0,0.630126416683197,0.0,0.0,0.0,0.6931203603744507,0.6747043132781982,0.048609402030706406,0.5335428714752197,0.0,0.0,0.7061173915863037,0.6562395095825195,0.0,0.7478813529014587,0.29948678612709045,0.0,0.735916018486023
0,0.08804816752672195,0.01181731279939413,0.866641640663147,0.6110045909881592,0.553717851638794,0.543561577796936,0.0,0.0,0.0,0.0,0.04324682801961899,0.0,0.010234180837869644,0.0,0.6393018364906311,0.5069592595100403,0.1627488136291504,0.44137367606163025,0.031679872423410416,0.15466786921024323,0.0,0.6254290342330933,0.5146766901016235,0.0,0.0,0.0,0.540572464466095,0.011711057275533676,0.3749043345451355,0.0,0.1025766059756279,0.0,0.0,0.43478474020957947,0.14554594457149506,0.7497787475585938,0.030657567083835602,0.0,0.7460324764251709,0.0,0.6793970465660095,0.6154852509498596,0.6620035767555237,0.5699551701545715,0.0,0.0,0.7392758727073669,0.7578727006912231,0.03998294845223427,0.8012948632240295,0.5024945735931396,0.08384600281715393,0.8642664551734924,0.03456789627671242,0.0,0.7409053444862366,0.0,0.4769960641860962,0.6328632831573486,0.8102051615715027,0.3003444969654083,0.66982501745224,0.7550545930862427,0.042162153869867325,0.6393054127693176,0.7565714716911316,0.05090023949742317,0.7216572165489197,0.46506813168525696,0.0,0.5832605361938477,0.0,0.2818830609321594,0.03093082085251808,0.6576648950576782,0.0,0.0,0.0718797817826271,0.2379983365535736,0.6290976405143738,0.0,0.8729234933853149,0.6210324168205261,0.13362573087215424,0.0,0.0,0.503231406211853,0.0,0.09418291598558426,0.0,0.06097368150949478,0.3632711172103882,0.8198171854019165,0.0,0.3928116261959076,0.8929713368415833,0.27359870076179504,0.35513532161712646,0.6413940191268921,0.0,0.6142638325691223,0.05451925843954086,0.0,0.48763105273246765,0.0,0.0,0.5953941941261292,0.045466747134923935,0.0,0.7121625542640686,0.006592168472707272,0.5902089476585388,0.10761728882789612,0.7738743424415588,0.4506012201309204,0.5722483992576599,0.7145944833755493,0.818739652633667,0.034217946231365204,0.0,0.0,0.11041776835918427,0.03640603646636009,0.5531660318374634,0.0,0.9474583268165588,0.06340152025222778,0.613369345664978,0.4416874647140503,0.6675137281417847,0.5613867044448853,0.41354355216026306,0.8183364272117615,0.7389608025550842,0.43484148383140564,0.0,0.5076753497123718,0.0,0.03310652822256088,0.7808147668838501,0.5687134265899658,0.7625820636749268,0.5147036910057068,0.0,0.3446410596370697,0.0,0.0,0.0,0.6230892539024353,0.8739159107208252,0.49231526255607605,0.02496798150241375,0.5648924708366394,0.567916989326477,0.37719520926475525,0.5215455293655396,0.6048442125320435,0.8272022604942322,0.762523889541626,0.6713849306106567,0.4084068536758423,1.0499718189239502,0.11932965368032455,0.35139358043670654,0.0,0.4904182553291321,0.6640300154685974,0.0,0.16048607230186462,0.5049135088920593,0.5249179601669312,0.5742211937904358,0.05580459162592888,0.4662386178970337,0.013159417547285557,0.031450316309928894,0.0008439823286607862,0.22121770679950714,0.7523892521858215,0.532151460647583,0.5599191188812256,0.3951626420021057,0.0,0.0,0.0,0.0,0.1248580664396286,0.40729907155036926,0.0,0.8186702728271484,0.368552029132843,0.008904472924768925,0.0,0.24618837237358093,0.7300205230712891,0.0,0.5842475295066833,0.7155616283416748,0.3491056263446808,0.0,0.8637002110481262,0.3494434654712677,0.4507479965686798,0.0,0.01799541525542736,0.591376543045044,0.7398650050163269,0.05011859908699989,0.013223512098193169,0.5776941180229187,0.0,0.0,0.7258670330047607,0.0,0.0,0.6362997889518738,0.36678120493888855,0.0,0.006754102651029825,0.6053447127342224,0.41133105754852295,0.5765781402587891,0.0033156978897750378,0.4877760112285614,0.10700882226228714,0.0,0.0,0.0,0.600297212600708,0.5627453923225403,0.4683651626110077,0.056155093014240265,0.194899782538414,0.0,0.6052324175834656,0.7282873392105103,0.4987435042858124,0.38854503631591797,0.0,0.6020046472549438,0.0,0.0,0.0,0.5430198311805725,1.0946614742279053,0.05907297134399414,0.6098164319992065,0.0,0.0,0.5918538570404053,0.8620234131813049,0.0,0.4719255566596985,0.421444296836853,0.0,0.4950815439224243
1,1.014296293258667,0.7748221755027771,0.16647042334079742,0.13895706832408905,0.11954094469547272,0.1638849824666977,0.7822533249855042,0.8402589559555054,0.7764052748680115,0.6603288650512695,0.7452691197395325,0.8551897406578064,0.8127472400665283,0.7201615571975708,0.2762669026851654,0.45894527435302734,0.3395063877105713,0.2209407389163971,0.7357194423675537,0.915420651435852,0.84129798412323,0.2060561329126358,0.19882649183273315,0.8052208423614502,0.8902093768119812,0.7689834833145142,0.21020406484603882,0.6361960172653198,0.18534480035305023,0.840333104133606,0.7517843246459961,0.7334805130958557,0.77036052942276,0.16540184617042542,0.5267534255981445,0.366970419883728,0.805137038230896,0.8648925423622131,0.10066737979650497,0.8413617014884949,0.537599503993988,0.20172414183616638,0.16365471482276917,0.13699375092983246,0.8140513300895691,0.7903618812561035,0.39116108417510986,0.12970460951328278,0.5900856852531433,0.1954003870487213,0.21209385991096497,0.7462002635002136,0.16408438980579376,0.9139565229415894,0.7376003265380859,0.10747797787189484,0.9276606440544128,0.19471441209316254,0.15237553417682648,0.6302427649497986,0.25077539682388306,0.47347843647003174,1.2873806953430176,0.3263695240020752,0.18361276388168335,0.37788641452789307,0.7967196702957153,0.4067825973033905,0.17333972454071045,0.7830774188041687,0.2220746874809265,0.7454213500022888,0.20648270845413208,0.19854970276355743,0.16133376955986023,0.3110384941101074,0.7867779731750488,0.6633610725402832,0.22250916063785553,0.15660734474658966,0.8218249082565308,0.38289615511894226,0.3316863775253296,0.8386775255203247,0.8222159147262573,0.6338648796081543,0.236088365316391,0.8242608308792114,0.7057955861091614,0.8575800061225891,0.8349301218986511,0.27532079815864563,0.40672093629837036,0.83382248878479,0.25149667263031006,0.38932979106903076,0.2695990204811096,0.6700237989425659,0.21785445511341095,0.8202576637268066,0.1405138075351715,0.7790305018424988,0.8450106978416443,0.27387529611587524,0.7739058136940002,0.7546230554580688,0.15211987495422363,0.7456805109977722,0.7997797727584839,0.19605416059494019,0.8797363638877869,0.35718393325805664,0.5964142680168152,0.13786643743515015,0.15932218730449677,0.14008520543575287,0.3140031695365906,0.3368399739265442,0.7161291837692261,0.7807552814483643,0.8535779118537903,0.6969778537750244,0.7598108053207397,0.13243728876113892,0.8614904880523682,0.3727395236492157,0.8793265223503113,0.21315044164657593,0.21909555792808533,0.12722672522068024,0.22342447936534882,0.22660717368125916,0.13332988321781158,0.1262425184249878,0.21324992179870605,0.8565239906311035,0.1849343478679657,0.8251528739929199,0.7959370017051697,0.17370830476284027,0.1530834138393402,0.1450822800397873,0.22377823293209076,0.8533972501754761,0.22901931405067444,0.7683923244476318,0.8262022137641907,0.7932133078575134,0.22627058625221252,0.187739759683609,0.2118227481842041,0.8857967853546143,0.22611799836158752,0.2697116434574127,0.7583299279212952,0.17234498262405396,0.3360567092895508,0.14751271903514862,0.12111467123031616,0.7864312529563904,0.17660018801689148,0.43509572744369507,0.9091696739196777,0.26128000020980835,0.8553255796432495,0.17094212770462036,0.1621851921081543,0.870020866394043,0.8744595050811768,0.19078132510185242,0.26474910974502563,0.1811058223247528,0.7758252620697021,0.9715870022773743,0.7427130341529846,0.7311342358589172,0.7250845432281494,0.30809286236763,0.3721822500228882,0.16579730808734894,0.46068549156188965,0.23606979846954346,0.7454474568367004,0.9072318077087402,0.6449129581451416,0.8527781963348389,0.7426488995552063,0.26206615567207336,0.7820150852203369,0.045395053923130035,0.2534174621105194,0.7857674956321716,0.9009054899215698,0.28948450088500977,0.10757672041654587,0.8928995132446289,0.18458932638168335,0.38025349378585815,0.25688084959983826,0.8835839033126831,0.37387046217918396,0.24941429495811462,0.22346383333206177,0.9546629786491394,0.7187317609786987,0.17730750143527985,0.3171670138835907,0.825469970703125,0.9475871324539185,0.1714669167995453,0.7565780282020569,0.8007373809814453,0.39267897605895996,0.7608799338340759,0.6280117034912109,0.38017821311950684,0.2589128613471985,0.7646105885505676,0.616442084312439,0.22288666665554047,0.2500259280204773,0.3428564667701721,0.868683397769928,0.14478768408298492,0.789880633354187,0.7182499170303345,0.8072036504745483,0.7153282165527344,0.15861782431602478,0.2113364338874817,0.20129169523715973,0.7498684525489807,0.33000749349594116,0.8517274260520935,0.465789258480072,0.46564793586730957,0.3075917065143585,0.2963811159133911,1.0075069665908813,0.16700822114944458,0.8003631830215454,0.8030415773391724,0.8536551594734192,0.15100078284740448,0.403415322303772,0.7519763708114624,0.3449101150035858,0.920639157295227,0.796353816986084,0.2549392282962799,0.42902320623397827,0.6991198062896729,0.252879798412323,0.6848244667053223,0.9079070091247559,0.17003992199897766
1,0.2217022329568863,0.16315488517284393,0.5272673964500427,0.513434886932373,0.40704208612442017,0.4572238326072693,0.18162472546100616,0.2426147311925888,0.17186853289604187,0.1439359337091446,0.23149937391281128,0.14790886640548706,0.1540343016386032,0.22488054633140564,0.3960008919239044,0.4548152983188629,0.5624035596847534,0.4336800277233124,0.1774764358997345,0.27551764249801636,0.18717992305755615,0.3266255855560303,0.6170689463615417,0.22474393248558044,0.211078479886055,0.10235780477523804,0.5335208773612976,0.1501729041337967,0.3514851927757263,0.20266522467136383,0.17919021844863892,0.23947350680828094,0.1841120421886444,0.3857579231262207,0.45735836029052734,0.44671130180358887,0.16172640025615692,0.1889660656452179,0.5201416611671448,0.395954966545105,0.19045159220695496,0.5847390294075012,0.5608533024787903,0.34839916229248047,0.21336448192596436,0.18207870423793793,0.4572356641292572,0.4431719183921814,0.347807914018631,0.39567267894744873,0.49414995312690735,0.27433598041534424,0.25031599402427673,0.2115374356508255,0.1857662945985794,0.4849962890148163,0.2315102070569992,0.5381655097007751,0.507409930229187,0.5085769295692444,0.5691065192222595,0.4031825661659241,0.723471999168396,0.5332976579666138,0.4282456338405609,0.4894627034664154,0.2331438660621643,0.49906492233276367,0.4418373703956604,0.2634838819503784,0.5929405689239502,0.22929078340530396,0.36219629645347595,0.1201513409614563,0.49268823862075806,0.3612961769104004,0.23721063137054443,0.24290458858013153,0.2820003032684326,0.5524405241012573,0.20202678442001343,0.47440648078918457,0.3928283751010895,0.1847802996635437,0.15398958325386047,0.25027039647102356,0.6218425631523132,0.21063779294490814,0.16531361639499664,0.25726574659347534,0.2256091982126236,0.6403879523277283,0.4625159502029419,0.1664128601551056,0.31257447600364685,0.4727541208267212,0.4019933342933655,0.3620717227458954,0.3911427855491638,0.2096382975578308,0.3943721354007721,0.1498245745897293,0.20432943105697632,0.6085492968559265,0.23445385694503784,0.17782363295555115,0.31784048676490784,0.1693999022245407,0.33526498079299927,0.5422672033309937,0.24938839673995972,0.44080018997192383,0.14347431063652039,0.5307942032814026,0.2537742853164673,0.5480472445487976,0.4148802161216736,0.39855891466140747,0.14403454959392548,0.20137882232666016,0.2474118322134018,0.124587282538414,0.16588900983333588,0.3887231945991516,0.27736008167266846,0.4510543644428253,0.24844172596931458,0.5353626012802124,0.5762660503387451,0.5129083395004272,0.5910055041313171,0.5496148467063904,0.5469853281974792,0.37060773372650146,0.4663584232330322,0.20064465701580048,0.4291035532951355,0.2052171379327774,0.17025938630104065,0.37780722975730896,0.35929253697395325,0.3502313792705536,0.5147315263748169,0.23877555131912231,0.5146896839141846,0.13555005192756653,0.19816462695598602,0.19029603898525238,0.5372631549835205,0.5831679105758667,0.5503284335136414,0.21217361092567444,0.5549355149269104,0.4546703100204468,0.25333327054977417,0.34881430864334106,0.4099684953689575,0.5733041763305664,0.5047192573547363,0.21149063110351562,0.3279464840888977,0.541926383972168,0.21252280473709106,0.5737558603286743,0.2192458063364029,0.5418863296508789,0.3707628548145294,0.2618432939052582,0.24794507026672363,0.3546913266181946,0.5295158624649048,0.37394949793815613,0.10355639457702637,0.33288905024528503,0.16467511653900146,0.17043370008468628,0.2538100779056549,0.6575620770454407,0.45560118556022644,0.4467442035675049,0.5099014639854431,0.39995384216308594,0.25916969776153564,0.18028298020362854,0.26940783858299255,0.20288601517677307,0.17265433073043823,0.6236499547958374,0.21702736616134644,0.33561864495277405,0.516221284866333,0.1738957017660141,0.2530727684497833,0.4670006036758423,0.39144182205200195,0.2515135109424591,0.4980008006095886,0.45674240589141846,0.5592572093009949,0.25231704115867615,0.4300730228424072,0.5837658047676086,0.5759094953536987,0.2451188564300537,0.20636646449565887,0.5387097001075745,0.40828776359558105,0.1987680345773697,0.2725183963775635,0.47780877351760864,0.19291415810585022,0.19933390617370605,0.46204107999801636,0.27912724018096924,0.2515908181667328,0.498671293258667,0.5945099592208862,0.19291073083877563,0.2540290951728821,0.625488817691803,0.5078489780426025,0.4156191051006317,0.19558435678482056,0.3513941168785095,0.13014651834964752,0.2389780879020691,0.31714680790901184,0.16006286442279816,0.498473584651947,0.5998274087905884,0.516810953617096,0.15027785301208496,0.5059686303138733,0.15012027323246002,0.5034440755844116,0.45364129543304443,0.3593076765537262,0.36933284997940063,0.23605342209339142,0.47333359718322754,0.20062921941280365,0.18798211216926575,0.25197163224220276,0.4529077112674713,0.4941248595714569,0.2354924976825714,0.43910109996795654,0.2254425287246704,0.1501292884349823,0.386601060628891,0.5293715596199036,0.2479436993598938,0.5209939479827881,0.3260626792907715,0.22763562202453613,0.5907361507415771
1,1.2599287033081055,0.9854203462600708,0.16883397102355957,0.13127803802490234,0.08663590997457504,0.11646678298711777,1.072056531906128,1.0637621879577637,1.044270634651184,0.8057717084884644,0.9528449177742004,1.0825759172439575,1.1144239902496338,1.026459813117981,0.18909360468387604,0.4433624744415283,0.2847607135772705,0.1750851422548294,0.9709792137145996,1.2944179773330688,1.0586926937103271,0.14151668548583984,0.17412076890468597,1.0337480306625366,1.1138274669647217,0.9853442907333374,0.1275341510772705,0.9085307121276855,0.1671529859304428,1.1015598773956299,0.9794209599494934,0.9930774569511414,1.0022286176681519,0.11778054386377335,0.49311453104019165,0.2894194722175598,1.0637919902801514,1.1456094980239868,0.10020112991333008,0.936998188495636,0.5858722925186157,0.16468730568885803,0.15876123309135437,0.10660205036401749,1.0150673389434814,1.030888319015503,0.3037934899330139,0.12197525799274445,0.5158563852310181,0.1871277391910553,0.1636955291032791,0.9325903058052063,0.08892755210399628,1.0979377031326294,1.0102007389068604,0.11650514602661133,1.2329206466674805,0.1714639514684677,0.124167300760746,0.6487132906913757,0.18110235035419464,0.3804740011692047,1.3651258945465088,0.2563475966453552,0.13842236995697021,0.2904829680919647,0.9773551225662231,0.2971188426017761,0.17058733105659485,1.0249178409576416,0.18178024888038635,0.9711682200431824,0.13675057888031006,0.17733809351921082,0.1539900153875351,0.19513416290283203,1.0185434818267822,0.7980132102966309,0.14330998063087463,0.14498190581798553,1.093485713005066,0.29756999015808105,0.22447744011878967,1.0206897258758545,1.1315966844558716,0.76435387134552,0.20753374695777893,1.1230061054229736,0.9469207525253296,1.10584557056427,1.0745890140533447,0.2102002650499344,0.31102290749549866,1.0367814302444458,0.17856992781162262,0.30564063787460327,0.16172467172145844,0.7120442986488342,0.15971818566322327,1.017953634262085,0.10134587436914444,1.0102083683013916,1.124912977218628,0.20027080178260803,0.9833070635795593,1.0099419355392456,0.1209743395447731,1.0217053890228271,0.9617984890937805,0.17937612533569336,1.129775047302246,0.2714110016822815,0.9098787307739258,0.11651261150836945,0.12985630333423615,0.10978393256664276,0.24038538336753845,0.2593877911567688,0.9883641004562378,1.041015863418579,1.1529321670532227,0.9401324391365051,0.9951198697090149,0.10520736128091812,0.9095722436904907,0.29331180453300476,1.117830753326416,0.214080810546875,0.18815967440605164,0.12151677906513214,0.16157977283000946,0.1669951230287552,0.13247957825660706,0.06972630321979523,0.14179113507270813,1.1204627752304077,0.1492362767457962,1.0839990377426147,1.0841126441955566,0.129087895154953,0.12263413518667221,0.12864074110984802,0.19279436767101288,1.0811141729354858,0.1901201456785202,1.0144678354263306,1.1107065677642822,1.05014967918396,0.17140451073646545,0.15036891400814056,0.15030458569526672,1.1030261516571045,0.17470936477184296,0.17825596034526825,0.8592022657394409,0.13869686424732208,0.2422632873058319,0.1418944150209427,0.127223938703537,0.9052303433418274,0.12616083025932312,0.31641343235969543,1.1254284381866455,0.21151001751422882,1.0978891849517822,0.15283183753490448,0.1795249879360199,1.1001003980636597,1.0590802431106567,0.1499803364276886,0.27907484769821167,0.13351662456989288,1.0142194032669067,1.161929965019226,0.9637088775634766,0.9158191680908203,0.9446183443069458,0.25393155217170715,0.28173506259918213,0.15644560754299164,0.6130849123001099,0.14732420444488525,0.9449925422668457,1.1682639122009277,0.9008282423019409,1.078769564628601,0.9429124593734741,0.19355936348438263,1.0629481077194214,0.05035896971821785,0.19024741649627686,1.0374207496643066,1.2037478685379028,0.20586685836315155,0.07972816377878189,1.1427650451660156,0.1588282585144043,0.2831525206565857,0.1942802369594574,1.0516352653503418,0.2951386570930481,0.20891234278678894,0.17151948809623718,1.1033260822296143,0.9561982154846191,0.16329045593738556,0.22460481524467468,1.0914114713668823,1.1836410760879517,0.15475647151470184,1.02876615524292,1.0824838876724243,0.29540592432022095,0.9467927813529968,0.7717055082321167,0.27137553691864014,0.2053011655807495,1.00705885887146,0.8061650395393372,0.1791369765996933,0.17329344153404236,0.23318886756896973,1.1228643655776978,0.1165037751197815,1.030160903930664,1.005528450012207,0.9423903226852417,0.9373272061347961,0.14569981396198273,0.16816826164722443,0.15292048454284668,0.9858795404434204,0.2650878131389618,1.1604249477386475,0.4698544144630432,0.39803385734558105,0.19628292322158813,0.19436728954315186,1.2463828325271606,0.15848059952259064,1.0532941818237305,1.0811892747879028,1.053989052772522,0.11587753146886826,0.30105459690093994,1.0496952533721924,0.2693510055541992,1.2201035022735596,1.054599642753601,0.16890498995780945,0.2975788712501526,0.9729384183883667,0.17948730289936066,0.847189724445343,1.1758233308792114,0.1520552784204483
0,0.14621184766292572,0.02184958942234516,0.6067802906036377,0.3767465353012085,0.3541472256183624,0.33716076612472534,0.0,0.0,0.0,0.0,0.07330233603715897,0.0,0.011745838448405266,0.0,0.8145741820335388,0.6434130072593689,0.036694951355457306,0.2967492640018463,0.05055814981460571,0.13119454681873322,0.0,0.5735758543014526,0.31095460057258606,0.0,0.0,0.0,0.33152690529823303,0.022410133853554726,0.2033262997865677,0.0,0.1639755368232727,0.0,0.0,0.2320825457572937,0.1988985687494278,1.0252324342727661,0.04482004791498184,0.0,0.4991978406906128,0.0,0.9053586721420288,0.4027058482170105,0.44127213954925537,0.44448885321617126,0.0,0.0,0.943814218044281,0.5398744344711304,0.03998294845223427,0.8689283728599548,0.28561267256736755,0.23090726137161255,0.7116585969924927,0.038996532559394836,0.0,0.5516515374183655,0.0,0.3026414215564728,0.40288227796554565,1.2193440198898315,0.1441410481929779,0.9781401753425598,1.0710742473602295,0.005962014198303223,0.402284175157547,1.0147881507873535,0.06319637596607208,0.9888023138046265,0.3365226984024048,0.0,0.35849013924598694,0.0,0.16927865147590637,0.03093082085251808,0.436506450176239,0.0,0.0,0.1486283838748932,0.18463543057441711,0.41653844714164734,0.0,1.1952160596847534,0.7509138584136963,0.2826686203479767,0.0,0.0,0.32962241768836975,0.0,0.18446847796440125,0.0,0.09991101175546646,0.20518207550048828,1.0504100322723389,0.0,0.44207441806793213,1.2407233715057373,0.2307942807674408,0.4485084116458893,0.591159462928772,0.0,0.4620549976825714,0.08478282392024994,0.0,0.31295502185821533,0.0,0.0,0.48977264761924744,0.08673787117004395,0.0,0.49513667821884155,0.019816458225250244,0.7125743627548218,0.07501740008592606,0.5609263181686401,0.7439135313034058,0.3555053472518921,0.9300841093063354,1.1443148851394653,0.096550852060318,0.0,0.0,0.1931544840335846,0.08679508417844772,0.3946930766105652,0.0,1.2249789237976074,0.13720951974391937,0.4353545308113098,0.26236966252326965,0.4807904362678528,0.34435781836509705,0.2737150490283966,0.5744838118553162,0.5619988441467285,0.24553297460079193,0.0,0.33839336037635803,0.0,0.05387298762798309,0.7209122776985168,0.41539064049720764,0.6952863335609436,0.3291442096233368,0.0,0.20186401903629303,0.0,0.0,0.0,0.42336833477020264,0.6003310680389404,0.28642699122428894,0.036616064608097076,0.3689497411251068,0.5578073263168335,0.5486793518066406,0.3693370819091797,0.7590340375900269,0.555827260017395,0.5175840854644775,0.8375568389892578,0.2820466160774231,1.3408557176589966,0.21139836311340332,0.21410924196243286,0.0,0.30610230565071106,0.5881363749504089,0.0,0.2264029085636139,0.39185845851898193,0.3452237844467163,0.469014436006546,0.09035834670066833,0.5964720249176025,0.028481267392635345,0.07522302120923996,0.03923163190484047,0.11131541430950165,0.9838927388191223,0.339334636926651,0.3955026865005493,0.298714816570282,0.0,0.0,0.0,0.0,0.21613240242004395,0.2281428724527359,0.0,0.6750329732894897,0.18466776609420776,0.009855174459517002,0.0,0.1709941029548645,0.5835133790969849,0.0,0.38231709599494934,0.9781225919723511,0.22433686256408691,0.0,1.229164958000183,0.21907538175582886,0.264079749584198,0.0,0.025137461721897125,0.38133642077445984,1.0232789516448975,0.1317455917596817,0.013502927497029305,0.37977316975593567,0.0,0.0,0.9445645213127136,0.0,0.004868576768785715,0.8026509881019592,0.2092253565788269,0.0,0.018936388194561005,0.39085152745246887,0.2973816990852356,0.6851140260696411,0.0036753201857209206,0.34240132570266724,0.09830321371555328,0.0,0.0,0.0,0.38824763894081116,0.35652607679367065,0.30572688579559326,0.06536850333213806,0.09040014445781708,0.0,0.9186738133430481,1.0168722867965698,0.5379218459129333,0.5198898911476135,0.0,0.4138526916503906,0.0,0.0,0.0,0.3339671492576599,1.4542851448059082,0.10129596292972565,0.8412989974021912,0.0,0.0,0.6088407635688782,1.1090184450149536,0.0,0.24591626226902008,0.631766676902771,0.0,0.31319424510002136
1,1.2420119047164917,0.7849419116973877,0.1551288217306137,0.0,0.010423190891742706,0.0,0.7419052720069885,0.821613609790802,0.7477673292160034,0.5730000138282776,0.8245053291320801,0.8049030303955078,0.8681572675704956,0.7288212776184082,0.45351994037628174,0.8422606587409973,0.0,0.0947423204779625,0.8205064535140991,0.782102644443512,0.8005203008651733,0.2367960810661316,0.0,0.7421169281005859,0.8241771459579468,0.758268415927887,0.0,0.7158452868461609,0.07414208352565765,0.7191299200057983,0.8681768774986267,0.769046425819397,0.703721821308136,0.0070471917279064655,0.5668472051620483,0.7921100854873657,0.8772539496421814,0.809983491897583,0.0,0.729983389377594,0.6563230156898499,0.0,0.0,0.06206422299146652,0.7224282026290894,0.7749944925308228,0.8383882641792297,0.0,0.5905592441558838,0.26441848278045654,0.0,0.879325807094574,0.23266036808490753,0.9091331958770752,0.6879737973213196,0.0,0.8320067524909973,0.0,0.0,1.3751826286315918,0.0,0.9274336099624634,1.9696593284606934,0.02967754378914833,0.0,0.7675453424453735,0.8711969256401062,0.776277482509613,0.0002359195932513103,0.6839419007301331,0.0,0.7654422521591187,0.08302692323923111,0.1143580973148346,0.00023473185137845576,0.020388491451740265,0.7043496966362,0.8287253379821777,0.18593904376029968,0.0,0.769076943397522,0.8111207485198975,0.537186324596405,1.0465419292449951,0.8313001990318298,0.5495861172676086,0.0,0.7604078650474548,0.9315465688705444,0.8141183257102966,0.9678897261619568,0.0,0.9106082320213318,0.6630221009254456,0.30525824427604675,0.8847835063934326,0.19787143170833588,0.9605638384819031,0.2173939198255539,0.7321719527244568,0.05607886612415314,0.8759398460388184,0.7815117835998535,0.0,0.718975841999054,0.7316271066665649,0.10473405569791794,0.8211671710014343,0.653480052947998,0.0,0.8958438634872437,0.6314805746078491,0.5645590424537659,0.025245988741517067,0.3494216799736023,0.0,0.6242344379425049,0.8180484771728516,0.8271942734718323,0.7102565169334412,0.8816365003585815,0.8678218126296997,0.8821053504943848,0.0,0.6395505666732788,0.8473910689353943,0.9209710955619812,0.0,0.0,0.0,0.0,0.0,0.0,0.037386730313301086,0.0,0.806135356426239,0.05093744769692421,0.787553071975708,0.9096863269805908,0.18394680321216583,0.05151055380702019,0.11128358542919159,0.0,0.7514196634292603,0.0,0.7428710460662842,0.8180310130119324,0.740257978439331,0.0,0.0,0.0,0.9286428689956665,0.0,0.29063519835472107,1.0240150690078735,0.08573508262634277,0.6294018030166626,0.0,0.0,1.0628459453582764,0.004711792338639498,0.8160296082496643,1.0560404062271118,0.0,0.8432178497314453,0.0,0.08714235574007034,0.8038932681083679,1.0619219541549683,0.12058061361312866,0.0,0.11392747610807419,0.8849437832832336,1.255201816558838,0.8439024090766907,0.8016834259033203,0.762997031211853,0.01007797196507454,0.7540806531906128,0.0,0.2712024748325348,0.19164155423641205,0.6921958327293396,0.7772830724716187,0.6197360157966614,0.8016006946563721,0.9345698356628418,0.0,0.7456231713294983,0.08013759553432465,0.0,0.7519351840019226,0.7966340780258179,0.0,0.0640823170542717,0.7908655405044556,0.0,0.7522287964820862,0.0,0.7201914191246033,0.9272695183753967,0.0,0.0,0.7142149209976196,0.7819409370422363,0.0,0.6376974582672119,0.8757608532905579,0.9605066180229187,0.0,0.7308771014213562,0.8173573017120361,0.7632005214691162,0.642586350440979,0.6927286386489868,0.6474899053573608,0.011862453073263168,0.7526222467422485,0.665122389793396,0.0,0.0,0.5854562520980835,0.9348947405815125,0.048164814710617065,0.7756686210632324,0.6684913039207458,0.8111999034881592,0.6938110589981079,0.0,0.0,0.0,0.8534437417984009,0.059162724763154984,0.7839477062225342,0.8678225874900818,0.9881249070167542,0.40940558910369873,0.39989447593688965,0.8697817921638489,0.0,0.7554304599761963,0.7756800055503845,0.7196455597877502,0.0,0.9300951957702637,0.8806741237640381,0.6709725260734558,0.8306282758712769,0.7286677360534668,0.2967914640903473,0.8172192573547363,0.625446081161499,0.0,1.1646605730056763,0.7725592255592346,0.0
0,0.033645857125520706,0.0,0.6370677351951599,0.6038987040519714,0.4694056808948517,0.5884493589401245,0.0,0.0,0.0,0.0,0.0450805239379406,0.0,0.0,0.0,0.6163257956504822,0.47647371888160706,0.7924602031707764,0.6295230388641357,0.014458304271101952,0.013639883138239384,0.0,0.6006892919540405,0.6934691071510315,0.0,0.0,0.0,0.6383851766586304,0.0,0.5202798843383789,0.0,0.03693069890141487,0.0,0.0,0.5384024977684021,0.26454752683639526,0.6778905391693115,0.0006053310935385525,0.0,0.5202910900115967,0.0058460235595703125,0.22634658217430115,0.6752020716667175,0.6482930779457092,0.5133388638496399,0.0,0.0,0.6894963979721069,0.5104064345359802,0.09941133856773376,0.5643998384475708,0.6814844012260437,0.002759967464953661,0.31224325299263,0.027383964508771896,0.0,0.5191412568092346,0.0,0.6399514675140381,0.6235608458518982,0.5431921482086182,0.7178293466567993,0.5201037526130676,0.6806366443634033,0.7153222560882568,0.5775768756866455,0.7006366848945618,0.05398375913500786,0.6561980843544006,0.646038293838501,0.0,0.7601978182792664,0.0,0.6253027319908142,0.0557219423353672,0.6109166741371155,0.5142639875411987,0.0,0.004417472053319216,0.4577232599258423,0.6364839673042297,0.0,0.6943382024765015,0.6625425219535828,0.01287752017378807,0.0,0.0,0.6730604767799377,0.0,0.027668314054608345,0.0,0.02232658676803112,0.7997249364852905,0.7135440707206726,0.0,0.5695719122886658,0.7143757343292236,0.6847002506256104,0.33604031801223755,0.6044592261314392,0.0,0.5179120898246765,0.018203051760792732,0.0,0.7044061422348022,0.0,0.0,0.5423471331596375,0.0001507167617091909,0.0,0.6103967428207397,0.0,0.6530064940452576,0.015463284216821194,0.6163941025733948,0.34756091237068176,0.6004769802093506,0.6342578530311584,0.6319694519042969,0.0004604141868185252,0.0,0.0,0.037981655448675156,0.0,0.5452651381492615,0.0,0.6752296090126038,0.0027897318359464407,0.5929244160652161,0.7413619756698608,0.5887500643730164,0.7175491452217102,0.670752763748169,0.5543704032897949,0.5071053504943848,0.5847364664077759,0.0,0.6275259256362915,0.0,0.0008667926886118948,0.5914869904518127,0.568956196308136,0.48278963565826416,0.5835052728652954,0.0,0.6684516072273254,0.0,0.0,0.0,0.6651296615600586,0.6315464377403259,0.6973581910133362,0.0029940123204141855,0.6559070944786072,0.6990599036216736,0.26979777216911316,0.5486345291137695,0.6105482578277588,0.669724702835083,0.5617656707763672,0.2493317723274231,0.4888801872730255,0.8537067174911499,0.03152185305953026,0.6846656799316406,0.0,0.6504526138305664,0.5628010630607605,0.0,0.07915334403514862,0.5555739998817444,0.5546156167984009,0.6095361113548279,0.010037033818662167,0.4036391079425812,0.0,0.0,0.0,0.7444029450416565,0.6848382353782654,0.5881701707839966,0.4580492079257965,0.6583410501480103,0.0,0.0,0.0,0.0,0.027913598343729973,0.7171151638031006,0.0,0.33250176906585693,0.6906042695045471,0.002344743348658085,0.0,0.5549060106277466,0.5002579092979431,0.0,0.6077360510826111,0.6650794148445129,0.6991040110588074,0.0,0.645983874797821,0.6880944967269897,0.7296532988548279,0.0,0.008702332153916359,0.6611794233322144,0.6311185359954834,0.0,0.01661267876625061,0.5965468883514404,0.0,0.0,0.691249668598175,0.0,0.0,0.6732092499732971,0.7430762648582458,0.0,0.025547504425048828,0.7256389856338501,0.6068379878997803,0.6480761766433716,0.0,0.5385364890098572,0.015568855218589306,0.0,0.02725118398666382,0.0,0.5965441465377808,0.6754610538482666,0.6311441659927368,0.03618183359503746,0.5930303931236267,0.0,0.5289239287376404,0.627315104007721,0.6313762068748474,0.43963348865509033,0.0,0.5635339617729187,0.0,0.0,0.0,0.5932853817939758,0.7522949576377869,0.02796315960586071,0.5582063794136047,0.0,0.0,0.6776740550994873,0.7235243320465088,0.0,0.6944839954376221,0.28889715671539307,0.0,0.6663408875465393
0,0.14207056164741516,0.06868989020586014,0.558395504951477,0.5771761536598206,0.4637927711009979,0.5353466272354126,0.10872378945350647,0.1481502503156662,0.09557212889194489,0.09517431259155273,0.11378388106822968,0.07148625701665878,0.07373835891485214,0.13424238562583923,0.40883389115333557,0.37400105595588684,0.7267158031463623,0.5301271080970764,0.09052324295043945,0.17388591170310974,0.07507815212011337,0.40780532360076904,0.7063931822776794,0.1384781002998352,0.1271662414073944,0.06264948099851608,0.6270527839660645,0.06706170737743378,0.4457281231880188,0.11212606728076935,0.11326463520526886,0.14138972759246826,0.10494382679462433,0.47249600291252136,0.4145793914794922,0.4612363278865814,0.07344292104244232,0.11041809618473053,0.5657422542572021,0.29662150144577026,0.173660546541214,0.6678135991096497,0.6120392680168152,0.4252086877822876,0.13403847813606262,0.11022688448429108,0.4576350450515747,0.4826870262622833,0.19036339223384857,0.40872400999069214,0.6024588942527771,0.15153461694717407,0.2564529478549957,0.1279442310333252,0.09865482151508331,0.5192323327064514,0.14107143878936768,0.5946323871612549,0.5721291303634644,0.4510675072669983,0.6940282583236694,0.3786050081253052,0.5653724074363708,0.6869031190872192,0.49070122838020325,0.4747960567474365,0.11591124534606934,0.4731398820877075,0.5671027898788452,0.15021458268165588,0.6950653791427612,0.14119583368301392,0.4620005488395691,0.1299922913312912,0.572448194026947,0.5006130933761597,0.13781872391700745,0.1590467095375061,0.3195888102054596,0.5966523885726929,0.1173311248421669,0.4978417456150055,0.42618560791015625,0.12447172403335571,0.06888356804847717,0.13368701934814453,0.6999821066856384,0.10887439548969269,0.0888998806476593,0.15801364183425903,0.13643498718738556,0.7579688429832458,0.47342491149902344,0.05649162456393242,0.36478450894355774,0.4797274172306061,0.4663550853729248,0.2755502164363861,0.4382821321487427,0.119318887591362,0.4689929485321045,0.07865467667579651,0.12704217433929443,0.7193195819854736,0.14476633071899414,0.10457545518875122,0.4031982123851776,0.08797752857208252,0.2317691147327423,0.5974228978157043,0.1347227245569229,0.4377340078353882,0.09596160799264908,0.578973650932312,0.29672420024871826,0.6209176778793335,0.4227360785007477,0.41951966285705566,0.0638895258307457,0.10915572941303253,0.14998775720596313,0.07371129840612411,0.0839497521519661,0.48384758830070496,0.17596283555030823,0.45107731223106384,0.1323556900024414,0.6183565855026245,0.6637393236160278,0.5609552264213562,0.690090537071228,0.6533874273300171,0.5852829217910767,0.4457641839981079,0.5736937522888184,0.12016291916370392,0.5298371911048889,0.11866110563278198,0.09569215774536133,0.43001407384872437,0.4510449171066284,0.3937237858772278,0.5853620171546936,0.13462814688682556,0.62165766954422,0.05802255868911743,0.12296298146247864,0.08826448023319244,0.6312976479530334,0.6165708899497986,0.6380707025527954,0.11855599284172058,0.6456576585769653,0.524856448173523,0.22996920347213745,0.4191840887069702,0.40430426597595215,0.6307485103607178,0.5522765517234802,0.17557471990585327,0.4135178327560425,0.5477330088615417,0.11367850005626678,0.6848267912864685,0.12336428463459015,0.6063135862350464,0.451473206281662,0.14921578764915466,0.15030989050865173,0.40978285670280457,0.6078000664710999,0.44819310307502747,0.04986027255654335,0.28408515453338623,0.08992341160774231,0.10217409580945969,0.14546014368534088,0.8103806972503662,0.4542290270328522,0.5026501417160034,0.5166469812393188,0.4783112704753876,0.1633363962173462,0.09423618018627167,0.1900210678577423,0.10348941385746002,0.10486254841089249,0.743325412273407,0.12739378213882446,0.34430453181266785,0.6517230272293091,0.086799256503582,0.13845717906951904,0.608939528465271,0.45984911918640137,0.1560833752155304,0.5425190925598145,0.43348637223243713,0.6921229362487793,0.1618482768535614,0.4466248154640198,0.7023824453353882,0.6655110716819763,0.15767225623130798,0.11056023836135864,0.5995168089866638,0.4000479280948639,0.11998513340950012,0.16815105080604553,0.5550144910812378,0.10472477227449417,0.11949152499437332,0.491860955953598,0.19073514640331268,0.13608911633491516,0.47430479526519775,0.7197616696357727,0.11185790598392487,0.1339111477136612,0.7164539694786072,0.6028847098350525,0.40824052691459656,0.09882251918315887,0.44823911786079407,0.07446568459272385,0.1776489019393921,0.18031045794487,0.06415018439292908,0.5509552955627441,0.700707733631134,0.6091426610946655,0.0775546059012413,0.645989179611206,0.06329123675823212,0.39196300506591797,0.42991551756858826,0.38223209977149963,0.3500247597694397,0.12965773046016693,0.5414139628410339,0.11720620095729828,0.08485392481088638,0.16027668118476868,0.5411472916603088,0.4862993359565735,0.1392432153224945,0.413856565952301,0.12929430603981018,0.07595622539520264,0.4551089406013489,0.5079538226127625,0.15613582730293274,0.5901757478713989,0.26537761092185974,0.11833304911851883,0.661083459854126
0,0.030931128188967705,0.0,1.1743274927139282,0.6698933243751526,0.9924900531768799,0.7644813060760498,0.0,0.0,0.0,0.0,0.0,0.0,0.0,0.0,0.38219720125198364,0.23942174017429352,0.13332779705524445,0.49869707226753235,0.0,0.39255353808403015,0.0,0.713466465473175,0.5896201729774475,0.0,0.0,0.1302035003900528,0.5824216604232788,0.03671203553676605,0.36987248063087463,0.0,0.0,0.0,0.0,0.40427225828170776,0.019731005653738976,0.3611704409122467,0.0,0.0,1.2445605993270874,0.0,1.6583889722824097,0.794776201248169,0.9067632555961609,0.761414110660553,0.0,0.0,0.535285234451294,1.1985889673233032,0.0457458533346653,0.9155510067939758,0.4947195053100586,0.0,1.4517199993133545,0.041889771819114685,0.0,1.2172737121582031,0.0,0.5109548568725586,0.9658205509185791,0.27633920311927795,0.18095849454402924,0.25218498706817627,0.4870794415473938,0.04343518987298012,0.7223656177520752,0.451978862285614,0.020425615832209587,0.341537743806839,0.5707400441169739,0.0,0.6165432333946228,0.0,0.311590313911438,0.048884764313697815,1.0167999267578125,0.04862579330801964,0.0,0.0,0.3299727141857147,0.9510133266448975,0.0,0.38977691531181335,0.3910817801952362,0.0,0.007054711692035198,0.0,0.48762285709381104,0.0,0.0,0.0,0.0,0.36324965953826904,0.5909176468849182,0.0,0.27965494990348816,0.5174230337142944,0.23249129951000214,0.17002052068710327,0.7555618286132812,0.0,0.9899654388427734,0.0,0.0,0.5991010069847107,0.0,0.0,0.6663253307342529,0.0,0.0,1.0481146574020386,0.0,0.25189200043678284,0.4001806974411011,1.2271705865859985,0.05321505293250084,0.8208141326904297,0.31284239888191223,0.6618834137916565,0.0,0.0,0.0,0.0,0.0,0.6832829713821411,0.0,0.5851929187774658,0.0,0.5977287888526917,0.4469797909259796,1.1466939449310303,0.6518862247467041,0.642112672328949,1.283241629600525,1.181551456451416,0.3287980854511261,0.0,0.5710545182228088,0.0,0.0,1.089625358581543,0.7407432794570923,1.2020468711853027,0.6763659119606018,0.0,0.3738933503627777,0.0,0.0,0.0,0.7166964411735535,1.3346123695373535,0.45667704939842224,0.0,0.6996020674705505,0.2865390479564667,0.26411810517311096,0.6685436964035034,0.4782654047012329,1.1623092889785767,1.2263928651809692,0.8897438049316406,0.40001535415649414,1.0418537855148315,0.0,0.3231343924999237,0.0,0.6026343703269958,1.0702590942382812,0.0,0.0,0.6075224280357361,0.6263818740844727,0.7968844771385193,0.0,0.3034398555755615,0.0,0.0,0.0,0.13917779922485352,0.4374176263809204,0.6361804008483887,0.8550796508789062,0.29727640748023987,0.0,0.0,0.0,0.0,0.0,0.3861239552497864,0.0,1.5393505096435547,0.3490975499153137,0.0,0.0,0.3003195822238922,0.9634923934936523,0.0,0.679026186466217,0.4341599643230438,0.3466168940067291,0.0,0.7107520699501038,0.3208106756210327,0.4356471002101898,0.0,0.0,0.7247893810272217,0.48485803604125977,0.0,0.0,0.8424491882324219,0.0,0.0,0.3970664143562317,0.0,0.0,0.36453449726104736,0.31247857213020325,0.0,0.0,0.69399493932724,0.6144084334373474,0.5258440375328064,0.0,0.5693931579589844,0.2176128327846527,0.0,0.0,0.0,0.8485933542251587,0.6410177946090698,0.5640647411346436,0.00381366815418005,0.24572744965553284,0.10156014561653137,0.30748042464256287,0.36120593547821045,0.42966556549072266,0.38568103313446045,0.0,0.9257989525794983,0.0,0.0,0.0,0.651822030544281,0.877180278301239,0.0,0.3097473084926605,0.0,0.0,0.5271040797233582,0.4719485938549042,0.0,0.3884056806564331,0.14710651338100433,0.0,0.6451359391212463
1,0.08347902446985245,0.0,0.41368368268013,0.0,0.038156021386384964,0.0,0.0,0.0,0.0,0.0,0.058834824711084366,0.0,0.0,0.0,1.0997768640518188,1.0944494009017944,0.0,0.1585649847984314,0.03242911770939827,0.0,0.0,0.6376762390136719,0.0,0.0,0.0,0.0,0.0,0.0,0.11901980638504028,0.0,0.12891198694705963,0.0,0.0,0.027455249801278114,0.22220678627490997,1.4363473653793335,0.027314791455864906,0.0,0.0,0.0,0.6026080250740051,0.0,0.0,0.14330129325389862,0.0,0.0,1.5172280073165894,0.0,0.11267023533582687,0.707218587398529,0.0,0.013074840418994427,0.7058851718902588,0.04331812262535095,0.0,0.0,0.0,0.0,0.0,1.3985629081726074,0.0,1.2544711828231812,1.5796915292739868,0.0,0.0,1.473666787147522,0.09964871406555176,1.4084073305130005,0.007374425884336233,0.0,0.0,0.0,0.2298458367586136,0.07113390415906906,0.0044311112724244595,0.0,0.0,0.014807984232902527,0.47331443428993225,0.0,0.0,1.543264389038086,1.1428033113479614,0.10217279195785522,0.0,0.0,0.0,0.0,0.06601541489362717,0.0,0.05257530137896538,0.0,1.609492301940918,0.0,0.7173604965209961,1.6804357767105103,0.5154905915260315,0.7509326934814453,0.590237021446228,0.0,0.18277305364608765,0.06269658356904984,0.0,0.0,0.0,0.0,0.26780393719673157,0.019004875794053078,0.0,0.0,0.0,1.0215872526168823,0.0,0.06782206892967224,0.5336863398551941,0.0,1.2574232816696167,1.5068875551223755,0.014165449887514114,0.0,0.0,0.1199917197227478,0.0029401592910289764,0.0,0.0,1.5505667924880981,0.03735419735312462,0.0,0.0,0.0,0.0,0.0,0.0,0.17744509875774384,0.0,0.0,0.0797821506857872,0.0,0.018253426998853683,0.44032594561576843,0.1033913865685463,0.1928412914276123,0.0,0.0,0.0,0.0,0.0,0.0,0.0,0.0,0.0,0.010248951613903046,0.0,0.6896409392356873,0.7527101039886475,0.18469847738742828,1.2365710735321045,0.0,0.0,0.6896732449531555,0.014093361794948578,1.5462260246276855,0.14655710756778717,0.0,0.0,0.0,0.2400345653295517,0.0,0.24406707286834717,0.31255292892456055,0.0,0.2930774390697479,0.06771249324083328,1.1061482429504395,0.0,0.011824454180896282,0.0,0.0,1.4386658668518066,0.0,0.0,0.5199946761131287,0.0,0.0,0.0,0.0,0.13440760970115662,0.0,0.0,0.24171578884124756,0.0,0.002037942176684737,0.0,0.0,0.11854422092437744,0.0,0.0,1.4329873323440552,0.0,0.0,1.6693516969680786,0.0,0.0,0.0,0.010881979949772358,0.0,1.3697324991226196,0.0033878630492836237,0.015089551918208599,0.0,0.0,0.0,1.431095004081726,0.0,0.0,1.2817022800445557,0.0,0.0,0.01435766089707613,0.0,0.0,1.3035260438919067,0.0,0.11404401063919067,0.07210803776979446,0.0,0.0,0.0,0.0,0.0,0.0,0.08834519982337952,0.0,0.0,1.2096025943756104,1.5298982858657837,0.9628228545188904,0.7919888496398926,0.0,0.0,0.0,0.0,0.0,0.0,1.8605035543441772,0.0679556205868721,1.0814704895019531,0.0,0.0,0.6966444849967957,1.5150388479232788,0.0,0.0,0.8444963097572327,0.0,0.0
1,1.2826814651489258,1.0038719177246094,0.38011759519577026,0.24855898320674896,0.22400765120983124,0.209259495139122,1.093867540359497,1.0975703001022339,1.0713499784469604,0.8448244333267212,0.9571393132209778,1.123060703277588,1.143040418624878,1.049430012702942,0.13083645701408386,0.3838210999965668,0.23164844512939453,0.22088776528835297,0.9750117659568787,1.395745038986206,1.0827442407608032,0.17984916269779205,0.2725398540496826,1.0659292936325073,1.1569674015045166,1.0274765491485596,0.23243272304534912,0.9107407331466675,0.1507454812526703,1.1356548070907593,0.9890902042388916,1.0092414617538452,1.0399422645568848,0.1685825139284134,0.47412416338920593,0.19074657559394836,1.0825613737106323,1.1813122034072876,0.30016636848449707,0.9834288954734802,0.6712249517440796,0.29009732604026794,0.2929587662220001,0.2020820528268814,1.0557602643966675,1.0496193170547485,0.2185191959142685,0.2658247649669647,0.5193647146224976,0.2429773509502411,0.2273189276456833,0.9356905221939087,0.1840599775314331,1.1380571126937866,1.0324825048446655,0.28960713744163513,1.270978569984436,0.23564565181732178,0.2657383382320404,0.5425082445144653,0.21624036133289337,0.3159571886062622,1.2948696613311768,0.21000567078590393,0.20450131595134735,0.20025911927223206,0.9823684692382812,0.2287929356098175,0.25152498483657837,1.0414165258407593,0.29354676604270935,0.9890553951263428,0.13139286637306213,0.19436421990394592,0.26771971583366394,0.06073036044836044,1.0468723773956299,0.8077998757362366,0.10024519264698029,0.2952103912830353,1.1243001222610474,0.20768585801124573,0.1500096172094345,1.0515133142471313,1.166465401649475,0.779240071773529,0.312701553106308,1.15375816822052,0.9368988275527954,1.1345402002334595,1.0783476829528809,0.25866031646728516,0.2302912473678589,1.071729302406311,0.11683802306652069,0.20699791610240936,0.12544913589954376,0.6728038787841797,0.20077122747898102,1.0593461990356445,0.21234442293643951,1.0279101133346558,1.1567004919052124,0.28492671251296997,1.011552095413208,1.0338534116744995,0.17858785390853882,1.0235204696655273,0.9908106327056885,0.312915176153183,1.1504307985305786,0.20491786301136017,0.9391953945159912,0.3025246560573578,0.09131703525781631,0.27232950925827026,0.15711788833141327,0.18930833041667938,0.9843950867652893,1.0617647171020508,1.1667985916137695,0.9553806185722351,0.9961959719657898,0.21073950827121735,0.9521591067314148,0.19679446518421173,1.1229609251022339,0.28080299496650696,0.244203582406044,0.30110472440719604,0.2708977460861206,0.24082475900650024,0.3354933261871338,0.21995754539966583,0.18578417599201202,1.1652623414993286,0.21282613277435303,1.1116681098937988,1.1003512144088745,0.22914382815361023,0.18958328664302826,0.22267664968967438,0.26897937059402466,1.1316124200820923,0.22624629735946655,1.051895022392273,1.1328420639038086,1.0809290409088135,0.27157139778137207,0.32253313064575195,0.22763969004154205,1.1204904317855835,0.2697754502296448,0.17988137900829315,0.8600142002105713,0.20051178336143494,0.17011979222297668,0.3206753432750702,0.3121536076068878,0.9756234884262085,0.18994136154651642,0.2524386942386627,1.1346313953399658,0.25587451457977295,1.132655382156372,0.24767638742923737,0.22881928086280823,1.1314226388931274,1.0672667026519775,0.1772940307855606,0.2991565763950348,0.18276898562908173,1.0469764471054077,1.1476411819458008,0.989376425743103,0.9259039759635925,0.9624558091163635,0.2874918282032013,0.18335095047950745,0.22825221717357635,0.7758445143699646,0.17003197968006134,0.9785504341125488,1.2166510820388794,0.9124906063079834,1.1134761571884155,0.9483301639556885,0.2787743806838989,1.0977367162704468,0.2421373724937439,0.22606125473976135,1.0470446348190308,1.2379168272018433,0.22473429143428802,0.24501647055149078,1.1837091445922852,0.24344989657402039,0.20271168649196625,0.24457906186580658,1.1191117763519287,0.2198978066444397,0.2780013680458069,0.24536804854869843,1.1852024793624878,0.9651290774345398,0.26363399624824524,0.14952494204044342,1.1204851865768433,1.2148150205612183,0.25351735949516296,1.0554922819137573,1.107090950012207,0.21912960708141327,0.9874173998832703,0.7769593596458435,0.20035596191883087,0.2994345724582672,1.0264145135879517,0.8223737478256226,0.3080068528652191,0.2348177284002304,0.16601906716823578,1.1540327072143555,0.17350120842456818,1.0660454034805298,1.0283907651901245,0.9639459848403931,0.9635709524154663,0.264476478099823,0.2728603482246399,0.23317889869213104,1.0084114074707031,0.2634333670139313,1.1992183923721313,0.36998501420021057,0.31388619542121887,0.14769653975963593,0.1509775072336197,1.3003402948379517,0.25547945499420166,1.086830973625183,1.1088017225265503,1.0999187231063843,0.23045480251312256,0.2181771695613861,1.029140591621399,0.18472889065742493,1.2426799535751343,1.074172019958496,0.1764688640832901,0.21830660104751587,0.9860131740570068,0.2130865454673767,0.8043577075004578,1.2176419496536255,0.28427553176879883
1,0.3705724775791168,0.2725900709629059,0.132881298661232,0.0151281813159585,0.016360541805624962,0.0,0.29534783959388733,0.431384414434433,0.27959296107292175,0.22682726383209229,0.37845179438591003,0.21627919375896454,0.2354937195777893,0.4126911461353302,0.4518941640853882,0.6493690013885498,0.18029868602752686,0.12119065970182419,0.2814730405807495,0.27598392963409424,0.3116569221019745,0.19330357015132904,0.0136907072737813,0.4037368595600128,0.353181928396225,0.13922370970249176,0.013777845539152622,0.22727425396442413,0.07481452822685242,0.31770429015159607,0.2899378538131714,0.4442519247531891,0.3005363643169403,0.03161806985735893,0.8068699836730957,0.5402479767799377,0.25058868527412415,0.2977069318294525,0.0,0.6922009587287903,0.166232630610466,0.010705006308853626,0.0,0.06620528548955917,0.3725651204586029,0.31111177802085876,0.5591657161712646,0.008026843890547752,0.6037409901618958,0.23869244754314423,0.036353595554828644,0.5098065733909607,0.22539709508419037,0.35164663195610046,0.3108132779598236,0.0,0.38972607254981995,0.004021403845399618,0.0,0.7016451358795166,0.0315290205180645,0.5070444941520691,0.9764173626899719,0.154924675822258,0.013291223905980587,0.5927847027778625,0.34741106629371643,0.6839978098869324,0.09984330087900162,0.46284404397010803,0.02905166894197464,0.4112943410873413,0.09712008386850357,0.2692074179649353,0.02373812533915043,0.12393953651189804,0.4285581409931183,0.46498438715934753,0.3724838197231293,0.011566590517759323,0.3459963798522949,0.5855271816253662,0.4809713661670685,0.33279314637184143,0.2256094068288803,0.4299863874912262,0.07603104412555695,0.3484934866428375,0.272992879152298,0.4554269015789032,0.37011924386024475,0.02415812946856022,0.5620666742324829,0.2294110208749771,0.44952666759490967,0.5657663941383362,0.19563432037830353,0.48810824751853943,0.21588335931301117,0.3424367606639862,0.059134259819984436,0.2242339700460434,0.3482193946838379,0.03965262696146965,0.4179125726222992,0.29242759943008423,0.10741245001554489,0.28759315609931946,0.568209707736969,0.012804391793906689,0.42871299386024475,0.6051739454269409,0.12607622146606445,0.02774619124829769,0.4308130741119385,0.0,0.5025853514671326,0.46616074442863464,0.22744274139404297,0.3331283628940582,0.438451886177063,0.18354888260364532,0.2937585115432739,0.015446393750607967,0.44457340240478516,0.5399964451789856,0.41347768902778625,0.1246500238776207,0.0218628142029047,0.0,0.01446598395705223,0.02268838696181774,0.014630358666181564,0.04113703593611717,0.02659318409860134,0.3344157636165619,0.05129567161202431,0.3496367633342743,0.2826233208179474,0.14638398587703705,0.039733149111270905,0.061729345470666885,0.05582520738244057,0.41224345564842224,0.04948589205741882,0.20356839895248413,0.34446653723716736,0.29970499873161316,0.06810043007135391,0.014291477389633656,0.014019154012203217,0.3679756224155426,0.016659924760460854,0.2522623538970947,0.35980963706970215,0.12845848500728607,0.5074842572212219,0.0015982656041160226,0.0,0.20878590643405914,0.16075016558170319,0.6472082138061523,0.3394254446029663,0.13446849584579468,0.3711596727371216,0.00456727109849453,0.07366009801626205,0.45454561710357666,0.3854288160800934,0.11990474909543991,0.08679255098104477,0.11368482559919357,0.14090482890605927,0.4199042320251465,0.28569918870925903,0.2923085689544678,0.44897016882896423,0.28631213307380676,0.5448193550109863,0.0014663849724456668,0.09164649248123169,0.21041293442249298,0.4856839179992676,0.2707047164440155,0.4789707660675049,0.33380845189094543,0.27986863255500793,0.07692388445138931,0.37464892864227295,0.06196156144142151,0.06257766485214233,0.27296891808509827,0.40007516741752625,0.18054251372814178,0.0310294721275568,0.45386576652526855,0.0,0.5500873923301697,0.09692138433456421,0.46580109000205994,0.5160862803459167,0.18502284586429596,0.0034403735771775246,0.4360751807689667,0.3430894911289215,0.002900470048189163,0.460427850484848,0.32670363783836365,0.4569782018661499,0.02493211440742016,0.313733845949173,0.3308994472026825,0.5779201984405518,0.5075016617774963,0.46279454231262207,0.662126362323761,0.10825694352388382,0.33824995160102844,0.4671418368816376,0.03514983877539635,0.010185608640313148,0.48659539222717285,0.3405786454677582,0.03613666072487831,0.1386745125055313,0.48363402485847473,0.5754185914993286,0.2406470775604248,0.011051670648157597,0.03006015717983246,0.047931235283613205,0.21955738961696625,0.19444160163402557,0.19909220933914185,0.6655284762382507,0.549497663974762,0.35774871706962585,0.4718751907348633,0.3325926959514618,0.035995785146951675,0.32955285906791687,0.2942361831665039,0.45342662930488586,0.027367176488041878,0.5670101046562195,0.36854836344718933,0.5554845929145813,0.3412891626358032,0.2041088193655014,0.25230613350868225,0.6553040146827698,0.37531721591949463,0.0,0.45720696449279785,0.362170547246933,0.003589913249015808
1,0.5607255697250366,0.23179227113723755,0.2891092598438263,0.007928208447992802,0.028140131384134293,0.019054053351283073,0.1512388288974762,0.22749817371368408,0.14025171101093292,0.13118982315063477,0.30292120575904846,0.11657235771417618,0.19726155698299408,0.18775728344917297,0.760129988193512,0.9808362126350403,0.06041603907942772,0.16162338852882385,0.2880643308162689,0.100298210978508,0.2217428982257843,0.3527407646179199,0.01574753224849701,0.18957969546318054,0.2155255824327469,0.16266793012619019,0.013542727567255497,0.20864364504814148,0.14019614458084106,0.14525505900382996,0.39869219064712524,0.221103698015213,0.15376350283622742,0.039818208664655685,0.522824764251709,1.1363720893859863,0.2872253954410553,0.1489284783601761,0.0,0.3330843448638916,0.6175660490989685,0.013603627681732178,0.004591410513967276,0.11289781332015991,0.18878963589668274,0.19979260861873627,1.2079331874847412,0.0007311009103432298,0.3675234317779541,0.4434759020805359,0.02968124859035015,0.35847657918930054,0.49198392033576965,0.31998172402381897,0.14108026027679443,0.0,0.17377138137817383,0.012586518190801144,0.003963304217904806,1.4638334512710571,0.026685573160648346,1.135984182357788,1.6850028038024902,0.06210263445973396,0.01590852066874504,1.1458040475845337,0.33854174613952637,1.161751389503479,0.07873246818780899,0.21230320632457733,0.024877352640032768,0.2435554713010788,0.14366424083709717,0.09997354447841644,0.03484051302075386,0.0650939792394638,0.20304520428180695,0.43134045600891113,0.3308883011341095,0.010433563031256199,0.167014941573143,1.1644024848937988,0.8290226459503174,0.4659208655357361,0.1331252008676529,0.20054708421230316,0.029547657817602158,0.15362994372844696,0.44673001766204834,0.23074431717395782,0.40320536494255066,0.023452840745449066,1.3062399625778198,0.11628888547420502,0.5374394059181213,1.298884391784668,0.28677117824554443,0.8170349597930908,0.3683515191078186,0.16740940511226654,0.10585455596446991,0.31546375155448914,0.16966849565505981,0.028818491846323013,0.19860932230949402,0.15104955434799194,0.17203600704669952,0.25430625677108765,0.23693929612636566,0.005025909282267094,0.27059945464134216,0.9531199336051941,0.05545220896601677,0.05079532414674759,0.5525851845741272,0.0,0.9325373768806458,1.183571696281433,0.25931113958358765,0.15301911532878876,0.23159967362880707,0.38183584809303284,0.3118557333946228,0.03524237498641014,0.19766823947429657,1.2588396072387695,0.3325849771499634,0.03432343155145645,0.01864183321595192,0.0,0.014399667270481586,0.01598401926457882,0.0,0.07287716865539551,0.044408924877643585,0.16800937056541443,0.09398873150348663,0.18139015138149261,0.28402820229530334,0.29999977350234985,0.0947977676987648,0.16734951734542847,0.022822055965662003,0.18058502674102783,0.032393116503953934,0.11546178162097931,0.19792374968528748,0.15521349012851715,0.026103990152478218,0.002195030217990279,0.014169929549098015,0.33259060978889465,0.01686958223581314,0.47431692481040955,0.7788209319114685,0.15275938808918,0.9533439874649048,0.013826402835547924,0.006626141723245382,0.8004691004753113,0.06940149515867233,1.208749771118164,0.4681377410888672,0.04270021244883537,0.2073565274477005,0.005588911473751068,0.14965301752090454,0.2276514619588852,0.5486286878585815,0.18260349333286285,0.024534571915864944,0.1887303590774536,0.29725170135498047,0.9358860850334167,0.2607545256614685,0.29736462235450745,0.2448519468307495,0.09267386794090271,1.098020315170288,0.015045336447656155,0.008746651001274586,0.3008647561073303,0.21971547603607178,0.11773889511823654,0.1984563171863556,0.20183026790618896,0.40765535831451416,0.03010040894150734,0.17605817317962646,0.2546916902065277,0.04640653729438782,0.2100626677274704,0.1465979516506195,0.06916676461696625,0.1237289234995842,0.20123445987701416,0.01092659030109644,1.0838510990142822,0.039779141545295715,0.2026473879814148,1.3385875225067139,0.06859070807695389,0.01855633035302162,0.1602649986743927,0.2532198429107666,0.012007017619907856,0.9660444855690002,0.28800079226493835,0.3567241132259369,0.03334331884980202,0.1591925024986267,0.18849711120128632,1.124497890472412,0.21005414426326752,0.28823885321617126,0.9884047508239746,0.035619933158159256,0.2088070809841156,0.2239062637090683,0.016114018857479095,0.01726514659821987,0.887149453163147,0.25736644864082336,0.08621716499328613,0.25128018856048584,0.19588665664196014,0.291759729385376,0.13425858318805695,0.012223593890666962,0.02202536165714264,0.026598453521728516,0.3203050494194031,0.06955327838659286,0.0941808819770813,1.0250568389892578,1.2728759050369263,0.6532277464866638,0.5613940954208374,0.1916552037000656,0.02559148706495762,0.17000100016593933,0.15247304737567902,0.19541440904140472,0.03752937912940979,1.4445863962173462,0.3458992540836334,0.9286107420921326,0.17281246185302734,0.10762359946966171,0.46510088443756104,1.3142240047454834,0.1433653086423874,0.018398568034172058,0.8974747657775879,0.16004836559295654,0.004944303072988987
1,1.3152732849121094,0.7922422885894775,0.22095046937465668,0.08512485772371292,0.07248441129922867,0.09607692062854767,0.7731897234916687,0.8047041296958923,0.7793412804603577,0.6103963255882263,0.7975343465805054,0.8649084568023682,0.922126829624176,0.6801024675369263,0.40445297956466675,0.8237130045890808,0.20751811563968658,0.1771901696920395,0.8523050546646118,0.8566596508026123,0.7986348867416382,0.2638091444969177,0.12364783883094788,0.7382272481918335,0.8476556539535522,0.9147312641143799,0.129877507686615,0.7431536912918091,0.1413988173007965,0.7534552216529846,0.940633237361908,0.7436923980712891,0.724101185798645,0.09605070948600769,0.3646826446056366,0.8032963275909424,0.9294784665107727,0.845980703830719,0.0625755786895752,0.6720314621925354,0.9049616456031799,0.11531775444746017,0.09556020796298981,0.11336638778448105,0.704698920249939,0.8091017007827759,0.8944699764251709,0.07372644543647766,0.4197244644165039,0.28874120116233826,0.1196894645690918,0.7857410907745361,0.3144262433052063,0.9446424245834351,0.6910359263420105,0.0656995102763176,0.8278963565826416,0.11293758451938629,0.09045808762311935,1.4765641689300537,0.1491929143667221,1.012336254119873,2.026628017425537,0.19266708195209503,0.10502272844314575,0.77716463804245,0.8549392819404602,0.8051013350486755,0.09049104899168015,0.6522859930992126,0.13563737273216248,0.7294647097587585,0.1603424996137619,0.09811650961637497,0.09105128049850464,0.1892027109861374,0.6734381318092346,0.8149710297584534,0.20133201777935028,0.09339481592178345,0.7638830542564392,0.7958798408508301,0.5054625868797302,1.0844866037368774,0.8752304911613464,0.4843291938304901,0.1365603804588318,0.7531898617744446,1.0097968578338623,0.7926204204559326,1.0047870874404907,0.16482040286064148,0.9919601678848267,0.6941105127334595,0.29089590907096863,0.9400180578231812,0.2502284348011017,0.9974231719970703,0.25079452991485596,0.721282958984375,0.1141432374715805,0.9490795135498047,0.7992016673088074,0.1596604585647583,0.6799927353858948,0.7528812885284424,0.14717380702495575,0.841138482093811,0.596653163433075,0.1281951665878296,0.8820993304252625,0.6259172558784485,0.612663209438324,0.10168647021055222,0.27156081795692444,0.0833863839507103,0.5935168266296387,0.8936483860015869,0.8544654846191406,0.7068146467208862,0.8551696538925171,0.9660394191741943,0.901879072189331,0.08018969744443893,0.6255301833152771,0.9123175144195557,0.8930100798606873,0.13320516049861908,0.1294114887714386,0.07555326819419861,0.13323237001895905,0.13855642080307007,0.0788692831993103,0.09114616364240646,0.1261177659034729,0.812472403049469,0.13355866074562073,0.7841805219650269,0.9532397389411926,0.22895406186580658,0.12309252470731735,0.17913609743118286,0.12897567451000214,0.7140785455703735,0.1308133751153946,0.7873693108558655,0.8505254983901978,0.7275155782699585,0.13443318009376526,0.10310468822717667,0.1249585747718811,0.9547756910324097,0.1336909532546997,0.3314598500728607,1.1243127584457397,0.12598775327205658,0.6346708536148071,0.08648217469453812,0.0743410512804985,1.3824812173843384,0.09188566356897354,0.8048422932624817,1.1221169233322144,0.15654006600379944,0.8223666548728943,0.10304876416921616,0.14950798451900482,0.7682661414146423,1.1248937845230103,0.1776876002550125,0.1727256327867508,0.1670166403055191,0.9899547696113586,1.4600390195846558,0.8627615571022034,0.8289169073104858,0.7014018297195435,0.1855519413948059,0.7546970844268799,0.0976199135184288,0.411548376083374,0.23143088817596436,0.6171337962150574,0.8202952742576599,0.5837798118591309,0.7897011041641235,0.9911357760429382,0.15448462963104248,0.720430314540863,0.1540946364402771,0.14706571400165558,0.7981474995613098,0.7965235710144043,0.17818932235240936,0.13475027680397034,0.7601441144943237,0.10209419578313828,0.7813113927841187,0.15398527681827545,0.6942363977432251,1.030249834060669,0.1421680450439453,0.12678998708724976,0.7227479815483093,0.7666285037994385,0.10803771764039993,0.6325294971466064,0.9233288764953613,1.0004147291183472,0.09923038631677628,0.7183114886283875,0.8347964286804199,0.7649909257888794,0.6009253263473511,0.6154187321662903,0.6252991557121277,0.15455427765846252,0.7553174495697021,0.5608193278312683,0.12509016692638397,0.15104234218597412,0.5840153694152832,0.9434841275215149,0.1121017262339592,0.9220342040061951,0.6064768433570862,0.7043362259864807,0.7111757397651672,0.09130770713090897,0.12509067356586456,0.11881709843873978,0.9316869378089905,0.19762904942035675,0.8119006156921387,0.8151555061340332,1.0945651531219482,0.4309372007846832,0.336703896522522,0.9176396727561951,0.09719429165124893,0.7518007755279541,0.7629315257072449,0.6960296034812927,0.09098415076732635,1.048826813697815,0.8882434368133545,0.6351597309112549,0.8437676429748535,0.7769149541854858,0.3270810842514038,0.8785214424133301,0.612130880355835,0.14710159599781036,1.2199898958206177,0.7671139240264893,0.10137243568897247
1,0.7887730598449707,0.6231402158737183,0.1606518179178238,0.1593903750181198,0.11817076802253723,0.16886885464191437,0.6876997351646423,0.7490980625152588,0.6668273210525513,0.5279371738433838,0.6357437372207642,0.685704231262207,0.6931413412094116,0.7139419913291931,0.2696802616119385,0.48608270287513733,0.34576621651649475,0.22389841079711914,0.6154209971427917,0.8095446825027466,0.6915653944015503,0.20195506513118744,0.22036373615264893,0.7111700177192688,0.7492874264717102,0.5545290112495422,0.2256750911474228,0.5756088495254517,0.18849852681159973,0.7328148484230042,0.635917603969574,0.7034683227539062,0.6566711664199829,0.1688021719455719,0.5602144002914429,0.36380767822265625,0.6778963208198547,0.7444344758987427,0.1044488251209259,0.758516788482666,0.32079145312309265,0.20717178285121918,0.1738075315952301,0.13040132820606232,0.7068326473236084,0.6816087365150452,0.3831939995288849,0.13791221380233765,0.5444209575653076,0.19663669168949127,0.21777118742465973,0.6643257737159729,0.15930473804473877,0.7388767600059509,0.6780099272727966,0.10832194983959198,0.8302197456359863,0.20518028736114502,0.15318159759044647,0.5970765352249146,0.26915067434310913,0.3831057846546173,1.1337982416152954,0.3308497965335846,0.18571427464485168,0.3749060034751892,0.6474854350090027,0.3874107599258423,0.17475681006908417,0.7254388332366943,0.23430314660072327,0.6843860149383545,0.2054486870765686,0.1673825979232788,0.1709880828857422,0.30195027589797974,0.6998004913330078,0.5777445435523987,0.21153604984283447,0.16389408707618713,0.714306652545929,0.383881151676178,0.31603875756263733,0.673445463180542,0.704681396484375,0.5686544179916382,0.24364449083805084,0.7503368854522705,0.6052380204200745,0.7637657523155212,0.7111517786979675,0.28249168395996094,0.3857303261756897,0.6549662947654724,0.249097540974617,0.3864075839519501,0.26014333963394165,0.570383608341217,0.20953097939491272,0.6893614530563354,0.13782283663749695,0.6228398680686951,0.7464394569396973,0.2672885060310364,0.6944137811660767,0.6575000882148743,0.14643435180187225,0.6392078399658203,0.7619024515151978,0.2024839222431183,0.7550057768821716,0.33974725008010864,0.5358636975288391,0.13562293350696564,0.12967267632484436,0.14838792383670807,0.31127217411994934,0.3249143064022064,0.6097853183746338,0.7051321268081665,0.7822676301002502,0.5768395662307739,0.6300619840621948,0.13678261637687683,0.6577644348144531,0.36420372128486633,0.7652249932289124,0.22038935124874115,0.2382693886756897,0.12379186600446701,0.23016199469566345,0.23057718575000763,0.14556966722011566,0.1242748573422432,0.21868649125099182,0.748540997505188,0.19012215733528137,0.7200098633766174,0.690014123916626,0.16725464165210724,0.15054951608181,0.13520313799381256,0.22802625596523285,0.7462444305419922,0.23127035796642303,0.6343488693237305,0.729723334312439,0.6861544847488403,0.23213544487953186,0.1853988766670227,0.22893226146697998,0.7331617474555969,0.2338663637638092,0.2583191692829132,0.6115574240684509,0.16320398449897766,0.3258036673069,0.1512482762336731,0.12368995696306229,0.49489346146583557,0.17192623019218445,0.42628636956214905,0.721289336681366,0.2665993273258209,0.7384299635887146,0.18250718712806702,0.16720406711101532,0.7631189823150635,0.7196623086929321,0.18484434485435486,0.2651618421077728,0.1757882684469223,0.5865674614906311,0.7696528434753418,0.6158749461174011,0.6001873016357422,0.6694785952568054,0.33522769808769226,0.3606542646884918,0.17082418501377106,0.40624913573265076,0.22106610238552094,0.703348696231842,0.7497618198394775,0.6759001016616821,0.7090906500816345,0.6175592541694641,0.2706533372402191,0.7338500618934631,0.043965063989162445,0.26250892877578735,0.6609256863594055,0.8704785704612732,0.2928946614265442,0.10671590268611908,0.8055659532546997,0.18455621600151062,0.3699309825897217,0.27077215909957886,0.7511807084083557,0.3615574538707733,0.24920758605003357,0.23084916174411774,0.7837821245193481,0.653084397315979,0.1865018606185913,0.30678591132164,0.7359124422073364,0.8164463639259338,0.18279412388801575,0.6740321516990662,0.7162132859230042,0.3786543011665344,0.7252353429794312,0.5730393528938293,0.37605684995651245,0.26295778155326843,0.6638877391815186,0.5943074226379395,0.22462107241153717,0.24601945281028748,0.3249873220920563,0.7334089279174805,0.13963544368743896,0.5940691828727722,0.7189195156097412,0.726527750492096,0.5998861789703369,0.16379724442958832,0.22930754721164703,0.2153877466917038,0.5959248542785645,0.37351661920547485,0.7202893495559692,0.5181395411491394,0.41360771656036377,0.28759512305259705,0.2702330946922302,0.8091713786125183,0.1742309033870697,0.7048330903053284,0.7057426571846008,0.7572481036186218,0.16156423091888428,0.39196327328681946,0.702688992023468,0.335048109292984,0.7927677035331726,0.6548501253128052,0.24037787318229675,0.40063220262527466,0.6764564514160156,0.245298832654953,0.6398501396179199,0.7987709641456604,0.17671260237693787
1,1.3386404514312744,1.1166020631790161,0.07940907776355743,0.006801931653171778,0.009953491389751434,0.0,1.227628231048584,1.2166913747787476,1.2020595073699951,0.9029624462127686,1.0803241729736328,1.2388707399368286,1.2564592361450195,1.1836873292922974,0.22724129259586334,0.49976810812950134,0.13273319602012634,0.0609227679669857,1.0857834815979004,1.4977507591247559,1.183534860610962,0.11408554762601852,0.0,1.2063124179840088,1.242254614830017,1.1436721086502075,0.0,1.0039383172988892,0.037525326013565063,1.2788368463516235,1.1304943561553955,1.1528353691101074,1.1358965635299683,0.008481648750603199,0.543792724609375,0.30485835671424866,1.1718394756317139,1.3092107772827148,0.0,1.1000871658325195,0.772010087966919,0.0,0.0,0.02995733916759491,1.1606727838516235,1.1817985773086548,0.328617662191391,0.0,0.5113791227340698,0.1260746717453003,0.013499317690730095,1.026078701019287,0.13757571578025818,1.249228835105896,1.180739164352417,0.0,1.4296059608459473,0.0,0.0,0.6561376452445984,0.011135018430650234,0.41529393196105957,1.4565016031265259,0.09100687503814697,0.003450236050412059,0.3120437562465668,1.0803602933883667,0.36238643527030945,0.029634971171617508,1.1864756345748901,0.010256822220981121,1.1022077798843384,0.04228809475898743,0.26644036173820496,0.005731144454330206,0.06876689195632935,1.1768622398376465,0.8864687085151672,0.17191988229751587,0.0,1.2457019090652466,0.3240971565246582,0.2609029710292816,1.104467511177063,1.281740665435791,0.8734485507011414,0.038117628544569016,1.3154187202453613,1.04950749874115,1.2636821269989014,1.2009477615356445,0.006986231543123722,0.33949995040893555,1.2099155187606812,0.20855428278446198,0.32956579327583313,0.11887460947036743,0.7855173945426941,0.11516369134187698,1.1576189994812012,0.036839455366134644,1.1243336200714111,1.292729377746582,0.008315440267324448,1.1212189197540283,1.1490528583526611,0.048707515001297,1.1530215740203857,1.1034859418869019,0.0015339178498834372,1.2867966890335083,0.2976824641227722,1.0743789672851562,0.017573779448866844,0.16592589020729065,0.0,0.2579442262649536,0.28872519731521606,1.093461275100708,1.2038593292236328,1.3146255016326904,1.057277798652649,1.1171973943710327,0.0,1.0302095413208008,0.3127821981906891,1.231633186340332,0.08705231547355652,0.0,0.0,0.0,0.01056395098567009,0.001053853309713304,0.025561368092894554,0.004298738669604063,1.265343189239502,0.02419458143413067,1.2317593097686768,1.2265466451644897,0.08405012637376785,0.02470622956752777,0.038852859288454056,0.026612140238285065,1.2466440200805664,0.02039583958685398,1.158593773841858,1.2767269611358643,1.199755072593689,0.026639891788363457,0.0,0.0,1.2544450759887695,0.0,0.14033819735050201,0.9558250904083252,0.05699340999126434,0.27956801652908325,0.0,0.0,1.138157844543457,0.07136982679367065,0.35709497332572937,1.251305341720581,0.07642672210931778,1.2363882064819336,0.0,0.04244372248649597,1.2603648900985718,1.173033356666565,0.06681031733751297,0.08053940534591675,0.06132758781313896,1.1382557153701782,1.3596910238265991,1.0646101236343384,1.0220601558685303,1.0801604986190796,0.1454463005065918,0.30968520045280457,0.0,0.6392353177070618,0.108485646545887,1.0676895380020142,1.3683791160583496,1.056107521057129,1.2179733514785767,1.0437875986099243,0.029029754921793938,1.2262593507766724,0.03837907314300537,0.01999606192111969,1.1948211193084717,1.4151405096054077,0.1043001338839531,0.01687104068696499,1.3245292901992798,0.0,0.3164004683494568,0.04447413980960846,1.2306861877441406,0.3186124563217163,0.09334981441497803,0.0,1.3298261165618896,1.0849677324295044,0.0,0.2640184462070465,1.2586108446121216,1.3438793420791626,0.006510525941848755,1.1680774688720703,1.2384709119796753,0.33264589309692383,1.1006848812103271,0.8551936745643616,0.33486324548721313,0.0702298954129219,1.1455326080322266,0.9228794574737549,0.0074366857297718525,0.0023036792408674955,0.28333088755607605,1.280995488166809,0.0228231530636549,1.1768519878387451,1.168107509613037,1.0537490844726562,1.0584369897842407,0.0,0.009838365949690342,0.010432789102196693,1.1091992855072021,0.16328708827495575,1.3422777652740479,0.4818350076675415,0.44298723340034485,0.2125442624092102,0.24521706998348236,1.3503268957138062,0.010088495910167694,1.1915390491485596,1.2342565059661865,1.2206370830535889,0.0,0.34050464630126953,1.1684999465942383,0.2865515649318695,1.3581995964050293,1.188909649848938,0.13359498977661133,0.33117011189460754,1.111742615699768,0.0,0.9382142424583435,1.3517669439315796,0.0
1,0.1805354505777359,0.11787302792072296,0.5689471364021301,0.5644510984420776,0.44832202792167664,0.5101932883262634,0.15300247073173523,0.20355497300624847,0.14092707633972168,0.11869749426841736,0.19655250012874603,0.10992556065320969,0.12028257548809052,0.18799594044685364,0.39634010195732117,0.4417460858821869,0.6458563804626465,0.45499083399772644,0.14319847524166107,0.21956583857536316,0.1411745399236679,0.3644159436225891,0.684016764163971,0.1908317506313324,0.17351004481315613,0.07927689701318741,0.6052289009094238,0.1152157336473465,0.36006709933280945,0.16662295162677765,0.14432555437088013,0.20837795734405518,0.15246325731277466,0.4307103753089905,0.43819576501846313,0.44671130180358887,0.11547650396823883,0.15863960981369019,0.5657755732536316,0.35723087191581726,0.18359193205833435,0.6483273506164551,0.6057301163673401,0.3784462511539459,0.18273848295211792,0.14735619723796844,0.4572356939315796,0.4819447994232178,0.31153789162635803,0.3795607089996338,0.5603070259094238,0.23872613906860352,0.2531041204929352,0.17536531388759613,0.15046465396881104,0.5191389322280884,0.1972094476222992,0.5783180594444275,0.5662902593612671,0.5022919774055481,0.6574506163597107,0.40299883484840393,0.6796495914459229,0.6031091809272766,0.4683912992477417,0.48984017968177795,0.19560730457305908,0.5001813769340515,0.48077043890953064,0.23354490101337433,0.6596215963363647,0.2006860077381134,0.40680888295173645,0.1379711925983429,0.5271169543266296,0.42073607444763184,0.20406445860862732,0.21508857607841492,0.2968127727508545,0.5816248059272766,0.16896232962608337,0.4756982922554016,0.39746519923210144,0.1434926837682724,0.11419817805290222,0.22031612694263458,0.6600845456123352,0.17051604390144348,0.1293087601661682,0.22396551072597504,0.19089530408382416,0.7249718904495239,0.4625159502029419,0.1294306367635727,0.32723650336265564,0.4727540612220764,0.44684621691703796,0.35087063908576965,0.39940160512924194,0.1753719449043274,0.4358077347278595,0.11196678876876831,0.17222175002098083,0.6790168285369873,0.2044573873281479,0.14824150502681732,0.34401991963386536,0.1352023482322693,0.2894497811794281,0.5903497934341431,0.21165716648101807,0.4425307512283325,0.12670008838176727,0.5780611634254456,0.2621943950653076,0.621222198009491,0.415269672870636,0.3985588848590851,0.10360514372587204,0.16487690806388855,0.2136533260345459,0.08934074640274048,0.12280964106321335,0.43730971217155457,0.23809807002544403,0.45105430483818054,0.2066017985343933,0.5711213946342468,0.6384202837944031,0.5608515739440918,0.6697537302970886,0.6304786205291748,0.5845338106155396,0.4182494580745697,0.5127207040786743,0.16606611013412476,0.47556328773498535,0.16867025196552277,0.13167043030261993,0.40518918633461,0.4059790372848511,0.37959811091423035,0.5544502139091492,0.19775277376174927,0.5775127410888672,0.0981505736708641,0.16591140627861023,0.1498805582523346,0.5940708518028259,0.6119692325592041,0.618894100189209,0.17008332908153534,0.6217546463012695,0.48056668043136597,0.23142479360103607,0.36235347390174866,0.41117238998413086,0.6123303771018982,0.543034553527832,0.18697276711463928,0.35251739621162415,0.5411302447319031,0.17535483837127686,0.6262437105178833,0.17923778295516968,0.5966575741767883,0.39554890990257263,0.22148984670639038,0.20370976626873016,0.3876827359199524,0.5773774981498718,0.3992009460926056,0.06820723414421082,0.30877113342285156,0.1295587569475174,0.13906215131282806,0.21899645030498505,0.7333746552467346,0.4565558135509491,0.4832073152065277,0.5180947184562683,0.4443541169166565,0.22722883522510529,0.14487236738204956,0.23869241774082184,0.1584952175617218,0.13816708326339722,0.7021158337593079,0.1819857358932495,0.3593394458293915,0.5857363939285278,0.1396956890821457,0.19660022854804993,0.5226884484291077,0.4272794723510742,0.2132503092288971,0.528409481048584,0.4571560025215149,0.6367348432540894,0.2210409939289093,0.430073082447052,0.6349514722824097,0.6399794220924377,0.20877735316753387,0.16747915744781494,0.5836808085441589,0.40828776359558105,0.16667892038822174,0.23430918157100677,0.5100898742675781,0.15676015615463257,0.16459761559963226,0.46223464608192444,0.24722948670387268,0.21851074695587158,0.4996950030326843,0.6680393218994141,0.15786507725715637,0.22124439477920532,0.6921641826629639,0.581108033657074,0.4156190752983093,0.15067602694034576,0.40363168716430664,0.09500181674957275,0.22479340434074402,0.28303003311157227,0.11815693229436874,0.5336535573005676,0.6708976626396179,0.5695343017578125,0.10852400213479996,0.5724235773086548,0.11200413852930069,0.48655474185943604,0.4460667669773102,0.37148019671440125,0.3736600875854492,0.17731481790542603,0.505507230758667,0.16698713600635529,0.14516131579875946,0.21994277834892273,0.49132102727890015,0.4941248595714569,0.2009277045726776,0.4399496018886566,0.18255789577960968,0.11851935088634491,0.422940731048584,0.5298508405685425,0.2082875669002533,0.5639944076538086,0.3068169355392456,0.18702992796897888,0.6516184210777283
1,0.11395218223333359,0.09769171476364136,0.3498523235321045,0.41395851969718933,0.33811336755752563,0.4457465708255768,0.10032795369625092,0.19180259108543396,0.09406572580337524,0.06632804125547409,0.17931631207466125,0.032445278018713,0.05202243849635124,0.19532392919063568,0.4606665372848511,0.4684295058250427,0.7216055989265442,0.39313337206840515,0.10086480528116226,0.06950824707746506,0.0972663164138794,0.3566015362739563,0.5402350425720215,0.17802883684635162,0.12319668382406235,0.02065679244697094,0.49702027440071106,0.06441070139408112,0.27865874767303467,0.11855047196149826,0.09973743557929993,0.20711059868335724,0.11229892075061798,0.42017635703086853,0.5637206435203552,0.4668579697608948,0.060919005423784256,0.09135661274194717,0.3117293119430542,0.43451130390167236,0.14645956456661224,0.48961779475212097,0.4478289783000946,0.319009393453598,0.16434718668460846,0.10022018849849701,0.44267019629478455,0.33256325125694275,0.3339690864086151,0.2559379041194916,0.4891090989112854,0.27073073387145996,0.2003619521856308,0.11960800737142563,0.1238144114613533,0.3392322063446045,0.1583670675754547,0.46081987023353577,0.42227262258529663,0.4911940395832062,0.6056115627288818,0.39810633659362793,0.6249155402183533,0.7365797758102417,0.42864856123924255,0.5624727010726929,0.16844485700130463,0.6075830459594727,0.4454787075519562,0.23868735134601593,0.5277522206306458,0.18635964393615723,0.44038474559783936,0.18501421809196472,0.3840857744216919,0.5385974049568176,0.19302020967006683,0.23185625672340393,0.44796955585479736,0.4429034888744354,0.14369533956050873,0.507861316204071,0.46077752113342285,0.10140600055456161,0.059131693094968796,0.2485886812210083,0.49376150965690613,0.13381537795066833,0.06630121916532516,0.20170919597148895,0.13757739961147308,0.6474791765213013,0.4526045024394989,0.0865083634853363,0.4803462326526642,0.47850289940834045,0.4540257155895233,0.334430456161499,0.3699270188808441,0.1464453637599945,0.32984790205955505,0.05219641327857971,0.12751559913158417,0.5558629035949707,0.20387119054794312,0.10462964326143265,0.3181948661804199,0.10441288352012634,0.29871034622192383,0.3731721341609955,0.19445864856243134,0.5398753881454468,0.032251566648483276,0.3606472909450531,0.5222888588905334,0.43631869554519653,0.4979143738746643,0.39408695697784424,0.0776008665561676,0.1332772970199585,0.19837801158428192,0.04114237427711487,0.11984170228242874,0.3545420467853546,0.22322650253772736,0.4409961998462677,0.17841462790966034,0.4612148702144623,0.5579551458358765,0.37321051955223083,0.5350320339202881,0.5196954011917114,0.37075671553611755,0.3299458622932434,0.4776913821697235,0.10738353431224823,0.408920556306839,0.14085614681243896,0.0749681144952774,0.31697481870651245,0.3603203296661377,0.30065643787384033,0.42019474506378174,0.1809936761856079,0.5179252624511719,0.049204468727111816,0.12382002174854279,0.11714077740907669,0.48307716846466064,0.4251020848751068,0.5539256930351257,0.12923000752925873,0.5054036974906921,0.5036868453025818,0.18865789473056793,0.3606352210044861,0.4540504515171051,0.4265768826007843,0.3574593961238861,0.16133235394954681,0.4350645840167999,0.5555300712585449,0.11311037093400955,0.562075674533844,0.15079794824123383,0.4608684480190277,0.30992478132247925,0.22349917888641357,0.16241921484470367,0.3646308183670044,0.4688660204410553,0.37627196311950684,0.038647569715976715,0.2645280659198761,0.1125187799334526,0.10414820909500122,0.25240862369537354,0.7734864354133606,0.4961441159248352,0.35050100088119507,0.3155817687511444,0.4367223381996155,0.25260812044143677,0.07632926851511002,0.24871708452701569,0.14095765352249146,0.08434399962425232,0.5986753702163696,0.16062350571155548,0.20319247245788574,0.5827286839485168,0.08314580470323563,0.12179206311702728,0.5626097321510315,0.2993139624595642,0.18825040757656097,0.45479851961135864,0.46375781297683716,0.5656027793884277,0.23076310753822327,0.41990962624549866,0.6173853278160095,0.5384259819984436,0.2010899782180786,0.13800327479839325,0.44920897483825684,0.4270021319389343,0.11762623488903046,0.21107032895088196,0.3881714642047882,0.12025782465934753,0.12019690126180649,0.4829414486885071,0.2548373341560364,0.2574577331542969,0.5715271830558777,0.6011157035827637,0.13937658071517944,0.23321270942687988,0.5601773858070374,0.5101754665374756,0.4248243570327759,0.13804137706756592,0.3525783121585846,0.01878579519689083,0.27332445979118347,0.3067242205142975,0.09074966609477997,0.3946332037448883,0.5320793390274048,0.499178946018219,0.07145725190639496,0.6359038352966309,0.04916074872016907,0.5426716804504395,0.43666911125183105,0.3871763348579407,0.4259243309497833,0.07372838258743286,0.3719971179962158,0.12712471187114716,0.1095682680606842,0.1900755912065506,0.41614601016044617,0.4881066679954529,0.14124874770641327,0.48819446563720703,0.13273963332176208,0.0508555993437767,0.4552035927772522,0.643253743648529,0.1625000685453415,0.5020883083343506,0.26378563046455383,0.12476211786270142,0.4768281877040863
1,1.4080920219421387,1.119174599647522,0.11076430976390839,0.1381572186946869,0.08781102299690247,0.1407293826341629,1.2373610734939575,1.2237660884857178,1.2050243616104126,0.9431535601615906,1.0773200988769531,1.2655826807022095,1.2962431907653809,1.1822707653045654,0.12864172458648682,0.4046534299850464,0.3252185881137848,0.1843305230140686,1.0933283567428589,1.4821306467056274,1.2082351446151733,0.13686376810073853,0.1812068074941635,1.1850178241729736,1.298797607421875,1.1562029123306274,0.18325147032737732,1.042880654335022,0.1444684863090515,1.2805531024932861,1.1305665969848633,1.1398757696151733,1.150872826576233,0.1367575228214264,0.47965312004089355,0.20336727797985077,1.2091445922851562,1.3324756622314453,0.08359275758266449,1.093894600868225,0.7118138074874878,0.16911473870277405,0.14489659667015076,0.09785173088312149,1.1790157556533813,1.1934797763824463,0.22749170660972595,0.11370635032653809,0.5337121486663818,0.12109074741601944,0.18313825130462646,1.0189727544784546,0.0674886628985405,1.2555407285690308,1.1830631494522095,0.08679487556219101,1.4327558279037476,0.1717960089445114,0.1246853843331337,0.6145368814468384,0.22248317301273346,0.34048986434936523,1.4076343774795532,0.31374552845954895,0.15159916877746582,0.2041020542383194,1.0970737934112549,0.24027369916439056,0.15881267189979553,1.149458408355713,0.1937846541404724,1.1020456552505493,0.1620376706123352,0.185739666223526,0.14112544059753418,0.2750266492366791,1.145377516746521,0.8740421533584595,0.1561553180217743,0.1364533007144928,1.2467654943466187,0.21870094537734985,0.1595514714717865,1.1631864309310913,1.3261185884475708,0.8281686902046204,0.21332630515098572,1.2973964214324951,1.090026617050171,1.2545840740203857,1.2136850357055664,0.22915340960025787,0.2410007119178772,1.178483009338379,0.15489032864570618,0.22071771323680878,0.1747083067893982,0.7415796518325806,0.12834970653057098,1.1813673973083496,0.09602496773004532,1.156911849975586,1.3010221719741821,0.21759705245494843,1.1205354928970337,1.1697853803634644,0.10865285247564316,1.1574393510818481,1.1038650274276733,0.15606974065303802,1.2765711545944214,0.21395936608314514,1.0475598573684692,0.09896892309188843,0.11932883411645889,0.12373022735118866,0.16384389996528625,0.19879291951656342,1.1262282133102417,1.2091373205184937,1.2998335361480713,1.1064444780349731,1.1400363445281982,0.11076607555150986,1.0051002502441406,0.2138047218322754,1.2417287826538086,0.2016960084438324,0.19612953066825867,0.09683437645435333,0.18702836334705353,0.188664048910141,0.12093909084796906,0.09091928601264954,0.17956213653087616,1.3042573928833008,0.15371771156787872,1.2384508848190308,1.2556430101394653,0.11250851303339005,0.11574112623929977,0.09992209821939468,0.19082695245742798,1.2364574670791626,0.19509004056453705,1.1931617259979248,1.2691816091537476,1.2020388841629028,0.19996771216392517,0.151686891913414,0.19200536608695984,1.2538902759552002,0.18836179375648499,0.15232983231544495,0.9891406893730164,0.1262170374393463,0.17553964257240295,0.12648610770702362,0.09791352599859238,1.1244940757751465,0.17074671387672424,0.2259817272424698,1.2647022008895874,0.24759075045585632,1.259138822555542,0.15255899727344513,0.12538911402225494,1.2531497478485107,1.2101415395736694,0.1265820413827896,0.2287234365940094,0.1240077093243599,1.2160818576812744,1.3367791175842285,1.114884614944458,1.0419312715530396,1.078376054763794,0.3287363350391388,0.19565726816654205,0.1375761479139328,0.6964554786682129,0.14452119171619415,1.0659526586532593,1.366339087486267,1.0144238471984863,1.2419087886810303,1.0772945880889893,0.2343888133764267,1.230474591255188,0.025286778807640076,0.23089168965816498,1.1815367937088013,1.4363924264907837,0.2785966694355011,0.08356661349534988,1.3109339475631714,0.1530340015888214,0.21201097965240479,0.23688764870166779,1.2162245512008667,0.2335212081670761,0.2440062165260315,0.18997488915920258,1.2880549430847168,1.0910673141479492,0.1541692018508911,0.15702661871910095,1.2736616134643555,1.357279896736145,0.1519114077091217,1.1769007444381714,1.2586183547973633,0.21836377680301666,1.0975466966629028,0.8442949056625366,0.20574644207954407,0.247504323720932,1.1447782516479492,0.8857945799827576,0.18933896720409393,0.19263415038585663,0.17304188013076782,1.3069854974746704,0.10808908194303513,1.2073839902877808,1.1556957960128784,1.0300941467285156,1.088024616241455,0.1360497623682022,0.19213654100894928,0.18540792167186737,1.154573678970337,0.3206321597099304,1.356562614440918,0.4020193815231323,0.34153300523757935,0.15855780243873596,0.1565564125776291,1.3872030973434448,0.1453833132982254,1.2002193927764893,1.2418155670166016,1.208114743232727,0.13480721414089203,0.23416492342948914,1.1586960554122925,0.19794660806655884,1.4003939628601074,1.2219561338424683,0.15298420190811157,0.20986565947532654,1.1057381629943848,0.1967005878686905,0.9415727853775024,1.354668378829956,0.14648297429084778
0,0.009939000941812992,0.0,0.7811461091041565,0.8190684914588928,0.7061728239059448,0.8699291348457336,0.0,0.0,0.0,0.0,0.010417800396680832,0.0,0.0,0.0,0.49049699306488037,0.32674741744995117,0.9837141633033752,0.6917439699172974,0.004606429487466812,0.00943968165665865,0.0,0.7225637435913086,0.9850206971168518,0.0,0.0,0.0,0.8765727877616882,0.0,0.6734418272972107,0.0,0.02119734138250351,0.0,0.0,0.7592143416404724,0.08297260105609894,0.5560439825057983,0.002371617127209902,0.0,0.8583612442016602,0.0,0.22436298429965973,0.9091726541519165,0.8440879583358765,0.648861289024353,0.0,0.0,0.5930742025375366,0.6319375038146973,0.04375715181231499,0.4088342785835266,0.8729214072227478,0.0,0.3240978419780731,0.00496877683326602,0.0,0.7204745411872864,0.0,0.8355149626731873,0.8666284680366516,0.47440651059150696,1.0238696336746216,0.4495384097099304,0.5260555148124695,0.9059673547744751,0.8099111318588257,0.5735554695129395,0.02718554250895977,0.46880385279655457,0.6651026606559753,0.0,0.9555827975273132,0.0,0.7982795834541321,0.02695034071803093,0.7636132836341858,0.6967520117759705,0.0,0.0,0.2822379171848297,0.8303008675575256,0.0,0.6065862774848938,0.522935152053833,0.009808313101530075,0.0,0.0,0.809962272644043,0.0,0.009475944563746452,0.0,0.0031305821612477303,1.0926920175552368,0.6963987946510315,0.0,0.3795820474624634,0.6751182079315186,0.749933660030365,0.23142047226428986,0.6208063960075378,0.0,0.7900145053863525,0.012527775950729847,0.0,0.862399697303772,0.0,0.0,0.5799245834350586,0.0017287350492551923,0.0,0.7028966546058655,0.0,0.4877908527851105,0.007079954259097576,0.7955015301704407,0.17348796129226685,0.8856571316719055,0.5309173464775085,0.671579897403717,0.0013391850516200066,0.0,0.0,0.030508212745189667,0.0013773245736956596,0.7048078179359436,0.0,0.6345776915550232,0.0,0.6264693737030029,0.9965901970863342,0.7545700669288635,0.941344678401947,0.8738239407539368,0.7182349562644958,0.7903962731361389,0.8240481019020081,0.0,0.7827443480491638,0.0,0.0,0.675965428352356,0.7431269288063049,0.585601806640625,0.7473711371421814,0.0,0.8342973589897156,0.0,0.0,0.0,0.8004591464996338,0.753591001033783,0.9606896042823792,0.0,0.8380683660507202,0.7721959948539734,0.26955273747444153,0.5321505665779114,0.4905313551425934,0.8606690764427185,0.7785590887069702,0.19830885529518127,0.4806232154369354,0.6960861682891846,0.0030404815915971994,0.7759572863578796,0.0,0.8489439487457275,0.6290068626403809,0.0,0.0393662266433239,0.6322793960571289,0.7219811081886292,0.7450040578842163,0.010597135871648788,0.3544195890426636,0.0,0.0,0.0,0.8126346468925476,0.5797252058982849,0.6614918112754822,0.562494695186615,0.7162883281707764,0.0,0.0,0.0,0.0,0.006908725015819073,1.0051320791244507,0.0,0.4759412705898285,0.9289326071739197,0.0,0.0,0.6700489521026611,0.6891530752182007,0.0,0.8473635315895081,0.5246363282203674,0.8617209792137146,0.0,0.644612193107605,0.7792968153953552,0.933201253414154,0.0,0.0006477102288044989,0.849658191204071,0.5198500156402588,0.0,0.0,0.7317140102386475,0.0,0.0,0.5701770782470703,0.0,0.0,0.4704947769641876,0.9214950203895569,0.0,0.002465699566528201,0.9702969193458557,0.7929516434669495,0.4898097813129425,0.0,0.7359930276870728,0.005631607491523027,0.0,0.0,0.0,0.7798704504966736,0.9414063096046448,0.845052182674408,0.019486423581838608,0.9042656421661377,0.0,0.3907172381877899,0.5388223528862,0.5823078751564026,0.33801645040512085,0.0,0.6676232814788818,0.0,0.0,0.0,0.7467982769012451,0.702480673789978,0.012322262860834599,0.4377264678478241,0.0,0.0,0.7585769891738892,0.5740605592727661,0.0,0.9523766040802002,0.23513434827327728,0.0,0.8717359304428101
0,0.04379984736442566,0.0,0.9912938475608826,0.6753273010253906,0.6022433638572693,0.6129904389381409,0.0,0.0,0.0,0.0,0.04134082421660423,0.0,0.0,0.0,0.5157189965248108,0.43640193343162537,0.6044922471046448,0.6662012338638306,0.01636296883225441,0.17069096863269806,0.003663505194708705,0.5791612863540649,0.7537202835083008,0.0,0.0,0.0,0.6309495568275452,0.0,0.49509963393211365,0.0,0.033856455236673355,0.0,0.0,0.497285395860672,0.22236566245555878,0.5979482531547546,0.0005548868211917579,0.0,0.7360727190971375,0.0,0.3121989071369171,0.7610384821891785,0.7917482852935791,0.6058565378189087,0.0,0.0,0.6181876063346863,0.6954179406166077,0.1038983091711998,0.7233047485351562,0.6857925057411194,0.0030087085906416178,0.5611544251441956,0.028911029919981956,0.0,0.7592751383781433,0.0,0.6725408434867859,0.7236588597297668,0.4816603362560272,0.6327568292617798,0.45391789078712463,0.6201330423355103,0.4657287895679474,0.5665165185928345,0.6092605590820312,0.052417367696762085,0.5956107974052429,0.7178518772125244,0.0,0.8255525231361389,0.0,0.49682214856147766,0.06255622953176498,0.7422143816947937,0.24593615531921387,0.0,0.01126442477107048,0.39245519042015076,0.8326268196105957,0.0,0.6286218166351318,0.5672420859336853,0.014554090797901154,0.0,0.005360982846468687,0.8128684163093567,0.0,0.03202858194708824,0.0,0.02529304288327694,0.7442042231559753,0.6416548490524292,0.0,0.5001475214958191,0.6259337663650513,0.49162569642066956,0.29770490527153015,0.6533926129341125,0.0,0.6140377521514893,0.017035240307450294,0.0,0.7776538729667664,0.0,0.0,0.5636587738990784,0.002328429836779833,0.0,0.8005566000938416,0.0012382522691041231,0.5862528681755066,0.11021578311920166,0.8424577713012695,0.2722361385822296,0.7185404300689697,0.5280766487121582,0.5573093295097351,0.0020522226113826036,0.0,0.0,0.03581792488694191,0.0001269215572392568,0.6180554032325745,0.0,0.5863924026489258,0.0056886752136051655,0.6450781226158142,0.7230162024497986,0.8149339556694031,0.7491779327392578,0.6581118106842041,0.8403866291046143,0.6033822894096375,0.5292345881462097,0.0,0.6496387720108032,0.0,0.0028787516057491302,0.7156941294670105,0.5831093788146973,0.6510069966316223,0.6840758323669434,0.0,0.6576307415962219,0.0,0.0,0.0,0.7393608093261719,0.8728874325752258,0.6595596075057983,0.0072083924897015095,0.7280307412147522,0.6497176289558411,0.24324558675289154,0.6237838268280029,0.5399753451347351,0.8588759303092957,0.7984767556190491,0.3068437874317169,0.4969726800918579,0.8080186247825623,0.03347513824701309,0.6852328181266785,0.0,0.7024078965187073,0.6778052449226379,0.0,0.0741879940032959,0.557052493095398,0.6074007749557495,0.6152797937393188,0.009200614877045155,0.3644706904888153,0.0,0.001707784947939217,0.0,0.6937753558158875,0.6053232550621033,0.6489366888999939,0.6493812799453735,0.5918607115745544,0.0,0.0,0.0,0.0,0.025532105937600136,0.7509479522705078,0.0,0.6074295043945312,0.6537084579467773,0.006767650600522757,0.0,0.5154797434806824,0.6762154698371887,0.0,0.6778561472892761,0.5934243202209473,0.6682316660881042,0.0,0.5658217072486877,0.7019715309143066,0.7127907276153564,0.0,0.012161250226199627,0.7399018406867981,0.5600585341453552,0.0,0.018142584711313248,0.7178608775138855,0.0,0.0,0.6382200121879578,0.0,0.0,0.596081554889679,0.7431787848472595,0.0,0.031041571870446205,0.829833447933197,0.6504552960395813,0.5751829743385315,0.0,0.530274510383606,0.07185305655002594,0.0,0.03156366944313049,0.0,0.7349104881286621,0.7221614718437195,0.6647958755493164,0.03316430374979973,0.4545734226703644,0.0,0.45665302872657776,0.5534026622772217,0.57262122631073,0.3862479627132416,0.0,0.7055892944335938,0.0,0.0,0.0,0.6642513871192932,0.6581537127494812,0.029901141300797462,0.49745166301727295,0.0,0.002290801377967,0.6096702218055725,0.6433848738670349,0.0012137754820287228,0.640956699848175,0.24683266878128052,0.0,0.7656847834587097
1,0.8969285488128662,0.7004902958869934,0.3552066385746002,0.29762595891952515,0.22577619552612305,0.2462279200553894,0.7808237671852112,0.7871608734130859,0.7591704726219177,0.5957874655723572,0.7043944597244263,0.7902331352233887,0.797510027885437,0.7678671479225159,0.2496194839477539,0.4477737843990326,0.353570818901062,0.2871416211128235,0.699542760848999,0.9776976704597473,0.7832475900650024,0.23051542043685913,0.3384532630443573,0.760520875453949,0.8256227970123291,0.7069865465164185,0.2857568562030792,0.654902994632721,0.2279243767261505,0.8236780166625977,0.7147086262702942,0.742354154586792,0.7367843985557556,0.20493511855602264,0.4340962767601013,0.3369706869125366,0.7621614336967468,0.843765377998352,0.290569007396698,0.7142807841300964,0.4658050537109375,0.33878621459007263,0.3333444893360138,0.21861283481121063,0.7584865093231201,0.7721182703971863,0.35689687728881836,0.278659850358963,0.4711416959762573,0.30734989047050476,0.2992764413356781,0.6869544386863708,0.19043122231960297,0.8094597458839417,0.7404286861419678,0.2780516445636749,0.9018642902374268,0.3175402879714966,0.27524515986442566,0.5794063210487366,0.308421790599823,0.38877755403518677,1.1381914615631104,0.31584712862968445,0.25523293018341064,0.3468751311302185,0.7221487164497375,0.3603733777999878,0.30213141441345215,0.7649354934692383,0.35515493154525757,0.7152776122093201,0.20649199187755585,0.12058980017900467,0.3133942782878876,0.19047437608242035,0.7561876773834229,0.579289436340332,0.16562655568122864,0.32663774490356445,0.7970921397209167,0.3554295301437378,0.28052085638046265,0.731386661529541,0.8229511380195618,0.5745952129364014,0.3920122981071472,0.8368787169456482,0.6932415962219238,0.8194688558578491,0.7881450057029724,0.3550766706466675,0.36251842975616455,0.7570782899856567,0.19625627994537354,0.35999444127082825,0.24042044579982758,0.6019763946533203,0.2665756642818451,0.7514746189117432,0.23491638898849487,0.721744954586029,0.8303987383842468,0.35321974754333496,0.7188462018966675,0.7312508821487427,0.21517838537693024,0.736110508441925,0.7713689804077148,0.37945255637168884,0.8369770050048828,0.31249719858169556,0.6652326583862305,0.30879446864128113,0.11904111504554749,0.2760842442512512,0.2848948836326599,0.30714383721351624,0.6920287013053894,0.7664169669151306,0.8341867923736572,0.6796715259552002,0.7090948224067688,0.2303650975227356,0.6578006744384766,0.33794379234313965,0.83069908618927,0.3516539931297302,0.33536994457244873,0.2964179813861847,0.3320428729057312,0.3059294819831848,0.33577436208724976,0.22173306345939636,0.25086861848831177,0.8269444108009338,0.25474804639816284,0.7920914888381958,0.7832692265510559,0.2517681121826172,0.21187350153923035,0.22938090562820435,0.3451528549194336,0.7963682413101196,0.30230066180229187,0.7340267896652222,0.8100735545158386,0.7664595246315002,0.33445146679878235,0.3740374743938446,0.2896336317062378,0.821439802646637,0.3333633542060852,0.2811666429042816,0.6836141347885132,0.23735038936138153,0.29997265338897705,0.32522472739219666,0.2999703586101532,0.6802206635475159,0.20750907063484192,0.4095732569694519,0.8240683078765869,0.339364618062973,0.8103156089782715,0.30321887135505676,0.27528560161590576,0.8087676167488098,0.7954132556915283,0.2231733500957489,0.37772196531295776,0.23881281912326813,0.7148278951644897,0.9424998760223389,0.6863435506820679,0.6646900177001953,0.7027657628059387,0.376059889793396,0.33231598138809204,0.30184993147850037,0.6047803163528442,0.24944230914115906,0.7010059356689453,0.8570935726165771,0.7030529379844666,0.7779418230056763,0.693994402885437,0.3556192219257355,0.7835788726806641,0.18864311277866364,0.29176756739616394,0.7646860480308533,0.9260250926017761,0.30011773109436035,0.22891153395175934,0.8481954336166382,0.3026631772518158,0.3454854488372803,0.3438083827495575,0.7742040157318115,0.3404708206653595,0.33819255232810974,0.31103411316871643,0.8389758467674255,0.7104107141494751,0.314169704914093,0.28792864084243774,0.8059438467025757,0.8871684074401855,0.29957279562950134,0.7479879260063171,0.7945857644081116,0.3529747724533081,0.7404913306236267,0.5707426071166992,0.34709081053733826,0.3459584414958954,0.7312439680099487,0.6032259464263916,0.3575519025325775,0.3054027557373047,0.3054826259613037,0.8114203214645386,0.201029971241951,0.7462062835693359,0.7371893525123596,0.7137948870658875,0.679421603679657,0.29749369621276855,0.3353060483932495,0.30684879422187805,0.7037999629974365,0.331664115190506,0.8458780646324158,0.46059533953666687,0.4106009304523468,0.2580306828022003,0.24622538685798645,0.9311478734016418,0.3087044954299927,0.7739887237548828,0.7800403833389282,0.7902540564537048,0.2561416029930115,0.36870673298835754,0.7810453176498413,0.30904141068458557,0.8975411653518677,0.7649123668670654,0.25555533170700073,0.36967024207115173,0.7279255390167236,0.3150491714477539,0.6880866289138794,0.8882520794868469,0.3136357069015503
0,0.22647231817245483,0.03146582096815109,0.5794869661331177,0.3976166844367981,0.3827085793018341,0.39186686277389526,0.0,0.0,0.0,0.0,0.04649820551276207,0.0,0.03781360760331154,0.0,0.8126932382583618,0.5629444718360901,0.10419107973575592,0.3241336941719055,0.06533034890890121,0.10570014268159866,0.0,0.5880681276321411,0.32107052206993103,0.0,0.0,0.07637494057416916,0.3508530855178833,0.039580002427101135,0.2808130085468292,0.0,0.17832063138484955,0.0,0.0,0.29589810967445374,0.1655634492635727,1.041702151298523,0.09053175896406174,0.0,0.5502665638923645,0.0,1.0611398220062256,0.3882896304130554,0.4264275133609772,0.46565961837768555,0.0,0.0,1.0096651315689087,0.520755410194397,0.024363739416003227,0.7853745818138123,0.30660581588745117,0.16646872460842133,0.7852179408073425,0.08624033629894257,0.0,0.5342808365821838,0.0,0.29912683367729187,0.4035134017467499,1.3226300477981567,0.17626585066318512,0.9923233389854431,1.0868803262710571,0.02716480754315853,0.4166279137134552,0.985332727432251,0.07668652385473251,0.9023880362510681,0.338619589805603,0.0,0.37035253643989563,0.0,0.21351297199726105,0.0,0.45517653226852417,0.0,0.0,0.1514570415019989,0.1927601546049118,0.39403069019317627,0.0,1.175470232963562,0.7284277677536011,0.32047006487846375,0.002162243239581585,0.0,0.3367401659488678,0.0,0.19830475747585297,0.0,0.10490633547306061,0.224130317568779,1.1167219877243042,0.0,0.41901323199272156,1.3055291175842285,0.19464366137981415,0.4528147876262665,0.5918179154396057,0.0,0.5061367750167847,0.1156669408082962,0.0,0.31049978733062744,0.0,0.0,0.5081197023391724,0.07796958833932877,0.0,0.4714313745498657,0.013725241646170616,0.7269850969314575,0.06139816716313362,0.5531664490699768,0.6448942422866821,0.3474896252155304,0.8929637670516968,1.2342088222503662,0.10988648235797882,0.0,0.0,0.283098042011261,0.1021142527461052,0.4400934875011444,0.0,1.3406035900115967,0.10938746482133865,0.41818585991859436,0.27635884284973145,0.44927915930747986,0.35619020462036133,0.28363874554634094,0.5569432973861694,0.5889772176742554,0.3022281229496002,0.0,0.37308603525161743,0.0,0.06922779977321625,0.7234339118003845,0.46261030435562134,0.7293583750724792,0.3405476212501526,0.0,0.22169750928878784,0.0,0.0,0.0,0.4244043529033661,0.6105706691741943,0.30179786682128906,0.04925555735826492,0.35893771052360535,0.5829795598983765,0.6284450888633728,0.3762742578983307,0.7088101506233215,0.5313822031021118,0.49479883909225464,0.9035274982452393,0.30747973918914795,1.2972322702407837,0.22315295040607452,0.22006133198738098,0.0,0.3082372844219208,0.5770983695983887,0.0,0.24201208353042603,0.3773847818374634,0.35421621799468994,0.5079765915870667,0.1822863668203354,0.6300732493400574,0.0303284153342247,0.06051139533519745,0.004293723031878471,0.1281309276819229,1.0001287460327148,0.33204275369644165,0.3717062771320343,0.2890416979789734,0.0,0.0,0.0,0.0,0.20325753092765808,0.2565467953681946,0.0,0.7807150483131409,0.20966073870658875,0.021871548146009445,0.0,0.18746551871299744,0.6431846618652344,0.0,0.39109012484550476,0.9506043791770935,0.23863816261291504,0.0,1.337738275527954,0.23367229104042053,0.26297253370285034,0.0,0.016835616901516914,0.3856506943702698,1.0032833814620972,0.13862474262714386,0.05644318088889122,0.3738608956336975,0.0,0.0,0.9372876882553101,0.0,0.0,0.7147393822669983,0.23592594265937805,0.0,0.00016429167590104043,0.4009472131729126,0.2837149500846863,0.6368564963340759,0.0,0.3886728286743164,0.14487336575984955,0.0,0.0,0.0,0.3786610960960388,0.36351901292800903,0.31361711025238037,0.11997228115797043,0.13035845756530762,0.0,0.8648166656494141,1.0428845882415771,0.5177227258682251,0.4239196479320526,0.0,0.4084170460700989,0.0,0.0,0.0,0.36796775460243225,1.5391424894332886,0.10781601071357727,0.8222439885139465,0.0,0.0,0.6228793859481812,1.1434510946273804,0.0,0.2822045385837555,0.6676152944564819,0.0,0.3081381916999817
0,0.47408631443977356,0.16968907415866852,0.27205324172973633,0.22116397321224213,0.17620794475078583,0.24422556161880493,0.09113456308841705,0.14958348870277405,0.08844196051359177,0.08855938911437988,0.2650110423564911,0.06081963703036308,0.13492479920387268,0.10951625555753708,0.5737136006355286,0.8197953104972839,0.42376676201820374,0.3279612064361572,0.22841058671474457,0.053932540118694305,0.16876566410064697,0.36794424057006836,0.2982770800590515,0.11726921051740646,0.13638043403625488,0.1155044436454773,0.3044297695159912,0.16857551038265228,0.2703671455383301,0.07904724776744843,0.3192668855190277,0.158595010638237,0.09203504025936127,0.24874024093151093,0.46702346205711365,0.9447416663169861,0.19834302365779877,0.080174021422863,0.12035991251468658,0.27662622928619385,0.41398704051971436,0.27556297183036804,0.23064783215522766,0.22315095365047455,0.11495175957679749,0.1460702121257782,0.9949805736541748,0.17344079911708832,0.23580282926559448,0.40840667486190796,0.2996351420879364,0.33031296730041504,0.30102261900901794,0.24304205179214478,0.07644997537136078,0.14729134738445282,0.09066737443208694,0.27105051279067993,0.2176368236541748,1.2528542280197144,0.3557841181755066,0.9543187022209167,1.3811912536621094,0.4235208034515381,0.25055310130119324,0.9458030462265015,0.25153547525405884,0.978959321975708,0.24851477146148682,0.1251372992992401,0.30353474617004395,0.1800534427165985,0.3212070167064667,0.06549369543790817,0.2244841605424881,0.36968091130256653,0.12299133837223053,0.3699132800102234,0.3071461021900177,0.2293672263622284,0.09822837263345718,0.988733172416687,0.6865280270576477,0.41991519927978516,0.07824382185935974,0.11338575184345245,0.29989689588546753,0.07774271816015244,0.3758583664894104,0.1421932876110077,0.3455403745174408,0.366411030292511,1.0843417644500732,0.04405879229307175,0.4686277210712433,1.0670545101165771,0.41621658205986023,0.6649242043495178,0.3875005841255188,0.09894682466983795,0.2071213275194168,0.24858538806438446,0.10176777839660645,0.3339085280895233,0.11849214881658554,0.09921188652515411,0.2525043487548828,0.208684504032135,0.16860942542552948,0.23397813737392426,0.21502701938152313,0.7910094261169434,0.014273704960942268,0.19032111763954163,0.5740405321121216,0.1871524453163147,0.7751321792602539,0.9665530323982239,0.20676526427268982,0.07977095246315002,0.15429425239562988,0.30113378167152405,0.2768440544605255,0.20742066204547882,0.14298242330551147,1.0147720575332642,0.26343220472335815,0.25996947288513184,0.3287917673587799,0.16079707443714142,0.29783523082733154,0.2832771837711334,0.1900978982448578,0.1719629466533661,0.2868454158306122,0.10241465270519257,0.27254337072372437,0.11581704020500183,0.22598010301589966,0.3259837329387665,0.2336629331111908,0.2511599659919739,0.2698996067047119,0.09164513647556305,0.29890379309654236,0.06850337982177734,0.12627843022346497,0.08685262501239777,0.297115683555603,0.22940808534622192,0.3226431608200073,0.25484031438827515,0.2912948727607727,0.5136250257492065,0.6135721206665039,0.25684431195259094,0.789387583732605,0.21500934660434723,0.1722746342420578,0.6122415661811829,0.2388366460800171,1.0090811252593994,0.4083644151687622,0.3360181748867035,0.1331779956817627,0.25392910838127136,0.24749520421028137,0.13842900097370148,0.4329599440097809,0.2772855758666992,0.289300799369812,0.2847350239753723,0.22733014822006226,0.7337745428085327,0.2187216579914093,0.24336197972297668,0.18784338235855103,0.42114022374153137,0.9124593138694763,0.22243423759937286,0.13519792258739471,0.36596786975860596,0.13364723324775696,0.06261167675256729,0.11062094569206238,0.12863965332508087,0.3573460578918457,0.3436676263809204,0.10142624378204346,0.12660492956638336,0.36607617139816284,0.14793817698955536,0.07813392579555511,0.35433149337768555,0.2166518270969391,0.12101353704929352,0.25911152362823486,0.9147716164588928,0.3398132026195526,0.11550204455852509,1.105708360671997,0.3275598883628845,0.2959216237068176,0.06844295561313629,0.20112228393554688,0.26014941930770874,0.7930958271026611,0.20835080742835999,0.21855412423610687,0.24199755489826202,0.09502117335796356,0.12390578538179398,0.909544050693512,0.13825742900371552,0.23007188737392426,0.8009636402130127,0.34833475947380066,0.15157268941402435,0.1791168451309204,0.3019482493400574,0.2852180004119873,0.7098605632781982,0.20432516932487488,0.21620966494083405,0.1427229940891266,0.11373665928840637,0.20067177712917328,0.07664994150400162,0.2268877625465393,0.2930631935596466,0.3061823844909668,0.24508707225322723,0.38982176780700684,0.039179541170597076,0.8447344303131104,1.0416839122772217,0.5648629069328308,0.4557909667491913,0.12116016447544098,0.23168310523033142,0.09831970185041428,0.08899101614952087,0.1104319617152214,0.24323323369026184,1.1443684101104736,0.2794117331504822,0.8130477070808411,0.10964006930589676,0.06050633639097214,0.5136108994483948,1.0411850214004517,0.08875982463359833,0.31304678320884705,0.7580457925796509,0.08093206584453583,0.2379433661699295
1,0.8453726172447205,0.6234160661697388,0.07960732281208038,0.01851865090429783,0.006336274556815624,0.0,0.6953065395355225,0.8140029311180115,0.6838792562484741,0.5006466507911682,0.6755812764167786,0.6718167066574097,0.6917032599449158,0.7586125135421753,0.21595075726509094,0.5519857406616211,0.2407405823469162,0.10173635184764862,0.6252156496047974,0.7614866495132446,0.6768310070037842,0.1263265311717987,0.012075945734977722,0.7639903426170349,0.7630369663238525,0.5690898895263672,0.016685059294104576,0.565740704536438,0.05858999490737915,0.695796549320221,0.6350619196891785,0.788308322429657,0.6676240563392639,0.02083810418844223,0.8020752668380737,0.3148013949394226,0.6482318639755249,0.7350860834121704,0.0,0.9650352597236633,0.2618134617805481,0.008642882108688354,0.0,0.046836867928504944,0.7317021489143372,0.674211323261261,0.3557227551937103,0.0038559804670512676,0.6676622033119202,0.1441056877374649,0.037037961184978485,0.7766391038894653,0.1034826934337616,0.7677504420280457,0.6669319272041321,0.0,0.8164050579071045,0.0,0.0,0.6547308564186096,0.026830248534679413,0.3955758810043335,1.1439595222473145,0.2076016068458557,0.014730332419276237,0.3386632204055786,0.6436035633087158,0.43423935770988464,0.0762908086180687,0.7645612955093384,0.034213218837976456,0.747226357460022,0.07011531293392181,0.2920953631401062,0.02400043047964573,0.1801971048116684,0.7682887315750122,0.6909542083740234,0.23760129511356354,0.0033413590863347054,0.7312648296356201,0.35326918959617615,0.25243228673934937,0.7448885440826416,0.6864963173866272,0.6044784784317017,0.08744168281555176,0.7476221919059753,0.5998799800872803,0.8220838308334351,0.7278305292129517,0.02322944812476635,0.3707250654697418,0.57448410987854,0.2513065040111542,0.34114375710487366,0.1140056848526001,0.5528601408004761,0.11980739235877991,0.7010458111763,0.030122732743620872,0.6075623631477356,0.7626657485961914,0.03821445629000664,0.7299619913101196,0.6719675064086914,0.08076512813568115,0.6343071460723877,0.8463512063026428,0.01231933943927288,0.8205258846282959,0.3706498444080353,0.44728556275367737,0.012056746520102024,0.30839455127716064,0.0,0.26863327622413635,0.3055913746356964,0.5948419570922852,0.6941683292388916,0.8508020043373108,0.5549238324165344,0.6378777623176575,0.0160908792167902,0.7244575023651123,0.3316410779953003,0.7703503966331482,0.16159167885780334,0.021952742710709572,0.0,0.015411545522511005,0.02468499355018139,0.015020551159977913,0.021091721951961517,0.03211851045489311,0.7665446400642395,0.03820156678557396,0.7402355074882507,0.7014648914337158,0.08915416896343231,0.02923915721476078,0.045317936688661575,0.054508309811353683,0.7717083096504211,0.05007098615169525,0.625044047832489,0.7445890307426453,0.6832621097564697,0.07808489352464676,0.012370949611067772,0.011888942681252956,0.7346188426017761,0.01669955812394619,0.1274101436138153,0.5966504216194153,0.0909058079123497,0.28519922494888306,0.0,0.0,0.5177615284919739,0.15684598684310913,0.3600040078163147,0.7376635074615479,0.1690366119146347,0.7852460145950317,0.0,0.05370406433939934,0.8202136158943176,0.7378109097480774,0.06957979500293732,0.11621157079935074,0.06752941012382507,0.5815609693527222,0.6964965462684631,0.6643657088279724,0.6195132732391357,0.7565075755119324,0.3001684546470642,0.3053387403488159,0.0,0.31752535700798035,0.1293647140264511,0.7803493738174438,0.7203660607337952,0.7405386567115784,0.7223876714706421,0.6251969933509827,0.08166982978582382,0.7559664845466614,0.03324149176478386,0.06561838835477829,0.6237432360649109,0.8247187733650208,0.23282578587532043,0.022794846445322037,0.8543873429298401,0.0,0.3327927887439728,0.10853520780801773,0.8310642242431641,0.35954564809799194,0.2106262743473053,0.0,0.8105405569076538,0.6702592968940735,0.0,0.24485167860984802,0.7576202750205994,0.8539475798606873,0.02689209207892418,0.6938069462776184,0.7335909605026245,0.3595070242881775,0.7954404950141907,0.6773040294647217,0.3685641884803772,0.15937656164169312,0.6861537098884583,0.6981707811355591,0.03127085417509079,0.010706271976232529,0.2680634558200836,0.7635800838470459,0.026931263506412506,0.5023581981658936,0.8009458184242249,0.8521100282669067,0.5830400586128235,0.010554530657827854,0.028032395988702774,0.05111803486943245,0.5986241102218628,0.26027241349220276,0.642639696598053,0.4983890950679779,0.4064033627510071,0.19465355575084686,0.2792070508003235,0.7825714945793152,0.03479631617665291,0.7093582153320312,0.6698311567306519,0.8082846403121948,0.028153056278824806,0.3614022433757782,0.6816299557685852,0.3270363509654999,0.7670630812644958,0.5959880948066711,0.14940878748893738,0.3475564420223236,0.705786406993866,0.0,0.6559205651283264,0.7571237087249756,0.0
1,0.09737299382686615,0.0,0.5386713743209839,0.12372799217700958,0.2198539823293686,0.19472067058086395,0.0,0.0,0.0,0.0,0.03171383962035179,0.0,0.0,0.0,0.9544277191162109,0.8235095739364624,0.13590136170387268,0.3130125403404236,0.04006550833582878,0.0,0.0,0.7246769666671753,0.09446410089731216,0.0,0.0,0.0,0.11424191296100616,0.0,0.35927897691726685,0.0,0.13599318265914917,0.0,0.0,0.17010658979415894,0.061745092272758484,1.2067220211029053,0.04518542438745499,0.0,0.28333723545074463,0.0,0.8083900809288025,0.10368780791759491,0.11182112991809845,0.29893916845321655,0.0,0.0,1.3755459785461426,0.06196483597159386,0.0798584520816803,0.684354841709137,0.10450534522533417,0.0,0.7871163487434387,0.0712284967303276,0.0,0.107936330139637,0.0,0.11264295876026154,0.12395187467336655,1.1255050897598267,0.10238117724657059,1.0223915576934814,1.391303539276123,0.11390768736600876,0.17043305933475494,1.265014886856079,0.08749540150165558,1.0715714693069458,0.14151528477668762,0.0,0.13917969167232513,0.0,0.3785479962825775,0.053932078182697296,0.2153027206659317,0.13225522637367249,0.0,0.03478660061955452,0.519665002822876,0.11601455509662628,0.0,1.2100635766983032,1.02536940574646,0.08328747749328613,0.0,0.0,0.09984998404979706,0.0,0.08741605281829834,0.0,0.04707722365856171,0.10239143669605255,1.6266180276870728,0.0,0.6247125864028931,1.4929695129394531,0.5020976662635803,0.6293306946754456,0.6731247305870056,0.0,0.43811285495758057,0.06256968528032303,0.0,0.05583946406841278,0.0,0.0,0.36798790097236633,0.019516803324222565,0.0,0.08186186850070953,0.0,0.8355455994606018,0.0,0.236395463347435,0.264865517616272,0.0795406848192215,1.0615159273147583,1.512959361076355,0.027103887870907784,0.0,0.0,0.18352383375167847,0.008499505929648876,0.15973542630672455,0.0,1.4474455118179321,0.016914285719394684,0.0482948012650013,0.12640203535556793,0.10456231981515884,0.1001959964632988,0.08283790200948715,0.06865768134593964,0.3429316282272339,0.15515746176242828,0.0,0.26656195521354675,0.0,0.0176130011677742,0.5660285353660583,0.2587133049964905,0.388938307762146,0.1863039880990982,0.0,0.09183064848184586,0.0,0.0,0.0,0.10077464580535889,0.14729741215705872,0.1171853244304657,0.004619172308593988,0.08779028058052063,0.6213861703872681,0.7628559470176697,0.32052475214004517,1.1445294618606567,0.12078455835580826,0.1796235293149948,0.6591132283210754,0.11775673180818558,1.3709392547607422,0.08405636996030807,0.05353938043117523,0.0,0.11148543655872345,0.4113904535770416,0.0,0.20318323373794556,0.38933631777763367,0.06253086775541306,0.46936315298080444,0.09953229129314423,1.0115535259246826,0.0,0.000594740326050669,0.0,0.0858079195022583,1.2592898607254028,0.16118620336055756,0.022256411612033844,0.548204243183136,0.0,0.0,0.0,0.0,0.08926241099834442,0.156793013215065,0.0,0.42470434308052063,0.13262392580509186,0.0,0.0,0.1484622359275818,0.18893741071224213,0.0,0.12796005606651306,1.1594202518463135,0.0979987308382988,0.0,1.6666762828826904,0.11120876669883728,0.07679212838411331,0.0,0.0019405727507546544,0.12529617547988892,1.2216403484344482,0.015297002159059048,0.013263879343867302,0.1820307821035385,0.0,0.0,1.207358479499817,0.0,0.0,0.9774376153945923,0.11416566371917725,0.0,0.0,0.12127766013145447,0.04438745975494385,1.189538836479187,0.0,0.22863918542861938,0.08823508769273758,0.0,0.0,0.0,0.16587509214878082,0.1262681633234024,0.12890058755874634,0.10794307291507721,0.229320228099823,0.0,0.8927364349365234,1.3055310249328613,0.926708459854126,0.7408754825592041,0.0,0.16016103327274323,0.0,0.0,0.0,0.18632245063781738,1.7703064680099487,0.057672519236803055,0.8586536049842834,0.0,0.0,0.6921936273574829,1.3725043535232544,0.0,0.1472625732421875,0.7077597379684448,0.0,0.09247148036956787
1,1.4878289699554443,1.166114330291748,0.3222042918205261,0.264232337474823,0.20474155247211456,0.23830755054950714,1.2758327722549438,1.2152302265167236,1.241794228553772,0.970578670501709,1.1041834354400635,1.3082863092422485,1.343315601348877,1.1810728311538696,0.1512748897075653,0.36933884024620056,0.38574931025505066,0.22539597749710083,1.1451900005340576,1.5812363624572754,1.2505825757980347,0.1771976798772812,0.3427415192127228,1.1916625499725342,1.3089783191680908,1.2386343479156494,0.25936028361320496,1.079870581626892,0.22015932202339172,1.3144378662109375,1.1699711084365845,1.1256968975067139,1.1773667335510254,0.20930305123329163,0.3698559105396271,0.23153561353683472,1.2647838592529297,1.3663911819458008,0.2739766836166382,0.9929484724998474,0.8513747453689575,0.32159939408302307,0.312631756067276,0.17436915636062622,1.1791514158248901,1.2250229120254517,0.24303478002548218,0.24220173060894012,0.4364420771598816,0.20294034481048584,0.2830047607421875,1.0188393592834473,0.09744379669427872,1.2794080972671509,1.1938663721084595,0.2632811367511749,1.4552496671676636,0.30854594707489014,0.27844950556755066,0.6257997155189514,0.3136884272098541,0.36006712913513184,1.4156174659729004,0.3424863815307617,0.24113863706588745,0.23238636553287506,1.1386505365371704,0.23749400675296783,0.2682657539844513,1.162839651107788,0.34211665391921997,1.0984947681427002,0.1874329000711441,0.1484399437904358,0.2679632902145386,0.2141486406326294,1.1609495878219604,0.8719346523284912,0.11402890831232071,0.28886401653289795,1.287609577178955,0.2380559891462326,0.17869430780410767,1.1738216876983643,1.370255470275879,0.8436021208763123,0.34871426224708557,1.3245354890823364,1.1275200843811035,1.2672579288482666,1.2548831701278687,0.3793376088142395,0.24881835281848907,1.2680219411849976,0.13551095128059387,0.24451251327991486,0.20479053258895874,0.7718590497970581,0.18095983564853668,1.1977229118347168,0.20950374007225037,1.2252315282821655,1.3216338157653809,0.35407665371894836,1.1237019300460815,1.1931755542755127,0.15716001391410828,1.2162491083145142,1.0323692560195923,0.3055707812309265,1.3050408363342285,0.2177371084690094,1.1545394659042358,0.26544058322906494,0.10388503968715668,0.2909088134765625,0.19230830669403076,0.2075478881597519,1.1837233304977417,1.2252086400985718,1.318361520767212,1.1477937698364258,1.1885854005813599,0.20660096406936646,0.9981043338775635,0.2346494495868683,1.2782330513000488,0.3210219144821167,0.34184738993644714,0.2829292118549347,0.3168058693408966,0.3183283805847168,0.28419578075408936,0.17191123962402344,0.2446334958076477,1.3168118000030518,0.24209555983543396,1.2647241353988647,1.2934154272079468,0.19045211374759674,0.21844439208507538,0.20334258675575256,0.30077213048934937,1.25287663936615,0.31554901599884033,1.2278698682785034,1.3057688474655151,1.2356460094451904,0.2989071309566498,0.2782841920852661,0.29177021980285645,1.2949539422988892,0.3133879005908966,0.2077474147081375,0.9982360005378723,0.1811641901731491,0.19381065666675568,0.2990643382072449,0.2825688123703003,1.2200413942337036,0.1617189645767212,0.25568118691444397,1.3271194696426392,0.3345963656902313,1.27271568775177,0.30833080410957336,0.23305591940879822,1.262794017791748,1.2332690954208374,0.1987704336643219,0.3767765462398529,0.1866663694381714,1.2664532661437988,1.4158008098602295,1.1332992315292358,1.071028232574463,1.0673900842666626,0.34987735748291016,0.2253880649805069,0.27749255299568176,0.8802925944328308,0.19338007271289825,1.0368822813034058,1.4124783277511597,0.9772226214408875,1.2701497077941895,1.1127126216888428,0.3434734344482422,1.2289018630981445,0.1431848108768463,0.31505513191223145,1.2431739568710327,1.4112683534622192,0.2646005153656006,0.19795861840248108,1.3056063652038574,0.2963383197784424,0.2265220284461975,0.3087492883205414,1.2029929161071777,0.23611095547676086,0.3101130425930023,0.3395603597164154,1.2861933708190918,1.1089452505111694,0.3080349266529083,0.1796838641166687,1.2828798294067383,1.3671683073043823,0.26462095975875854,1.203712821006775,1.2778453826904297,0.22851650416851044,1.04767906665802,0.8359250426292419,0.21710044145584106,0.3558987081050873,1.1740097999572754,0.871653139591217,0.33437207341194153,0.3174472451210022,0.18655109405517578,1.3292863368988037,0.21499794721603394,1.3158262968063354,1.128067970275879,1.0035219192504883,1.1241347789764404,0.27641361951828003,0.32008302211761475,0.2624777555465698,1.2037206888198853,0.27692583203315735,1.4296351671218872,0.39813587069511414,0.3656049072742462,0.1798846572637558,0.15549379587173462,1.4714250564575195,0.2607645094394684,1.2327961921691895,1.2872155904769897,1.1950455904006958,0.21612548828125,0.24084369838237762,1.2145036458969116,0.21548080444335938,1.4504001140594482,1.2933028936386108,0.19310262799263,0.23806312680244446,1.1095404624938965,0.3023511469364166,0.9425452351570129,1.3905144929885864,0.334219753742218
1,1.8431081771850586,0.6941035389900208,0.12385225296020508,0.057105652987957,0.09534316509962082,0.11464840173721313,0.0,0.08833897113800049,0.2365122139453888,0.0,0.5729824304580688,0.0,0.5747382044792175,0.0,1.0967365503311157,1.328932762145996,0.10878517478704453,0.10313688963651657,0.514472484588623,0.0,0.32003772258758545,0.29207828640937805,0.09645349532365799,0.0,0.23573777079582214,0.3268413841724396,0.09731413424015045,0.8538477420806885,0.11834266781806946,0.0,1.4878721237182617,0.0,0.0,0.09350728988647461,0.26702073216438293,2.5091354846954346,0.83652663230896,0.006210573948919773,0.0956403985619545,0.0,2.6772990226745605,0.0859200730919838,0.0760958343744278,0.1660327911376953,0.0,0.1949823498725891,2.155846118927002,0.037947650998830795,0.01926289312541485,0.6810095310211182,0.09559948742389679,1.452305555343628,0.531514585018158,0.3918161988258362,0.0029478322248905897,0.07890734821557999,0.0,0.08861421048641205,0.09190487116575241,4.008303165435791,0.11391603946685791,2.8751142024993896,3.072878122329712,0.08275086432695389,0.08508901298046112,2.2207062244415283,0.3359984755516052,2.2715325355529785,0.05785965919494629,0.0,0.10316324234008789,0.47341835498809814,0.1494620442390442,0.0,0.08824246376752853,0.12023670226335526,0.0,1.460687279701233,0.1031985878944397,0.07991117238998413,0.1098761335015297,2.555223226547241,1.111087441444397,2.099705934524536,0.25009584426879883,0.0,0.04173988848924637,0.0,1.5257444381713867,0.015609278343617916,1.0221840143203735,0.09907852113246918,2.4773941040039062,0.0,0.4190579950809479,3.3638265132904053,0.14093877375125885,1.4221426248550415,0.3089029788970947,0.0,0.15384097397327423,1.0322462320327759,0.0,0.07544117420911789,0.0,0.15378303825855255,0.15757125616073608,0.8773760199546814,0.0,0.03966229781508446,0.5002539157867432,1.5055427551269531,0.0,0.08409201353788376,2.345787763595581,0.06950537115335464,2.054232597351074,3.170234441757202,0.9454942345619202,0.28083372116088867,0.12150638550519943,1.4826985597610474,1.287473440170288,0.08998733758926392,0.0,2.869361639022827,0.9728741645812988,0.05312029644846916,0.09530268609523773,0.05740782618522644,0.08058208227157593,0.040769707411527634,0.041165512055158615,0.15806731581687927,0.12497158348560333,0.0,0.12185204774141312,0.1311030387878418,0.8082250952720642,0.5295097231864929,0.12048900872468948,0.5535061955451965,0.060691215097904205,0.0,0.07870623469352722,0.0,0.00991675816476345,0.0,0.07256671041250229,0.05363987013697624,0.10592041909694672,0.7079737186431885,0.06432747095823288,0.7353513240814209,1.8720566034317017,0.0850737914443016,1.09493887424469,0.07242153584957123,0.06901039928197861,3.1880264282226562,0.040523163974285126,2.515348196029663,1.3717104196548462,0.06552373617887497,0.0,0.080175019800663,0.1409456729888916,0.0,1.448202133178711,0.14618612825870514,0.07714556902647018,0.19414478540420532,1.2384129762649536,1.6109912395477295,0.9135515093803406,1.1501246690750122,0.6280331611633301,0.0743916854262352,2.3040711879730225,0.03470930457115173,0.0,0.1825723946094513,0.0,0.0,0.0,0.33842796087265015,1.8073927164077759,0.09793181717395782,0.0,0.1947038620710373,0.08116141706705093,0.30173102021217346,0.49379798769950867,0.05981840938329697,0.7057957053184509,0.0,0.1074700653553009,2.074042797088623,0.058220282196998596,0.0,3.3257813453674316,0.051885634660720825,0.08236966282129288,0.0,0.35324060916900635,0.07448402792215347,2.3088862895965576,1.3929082155227661,0.24109211564064026,0.06609026342630386,0.0,0.19103948771953583,1.8508963584899902,0.0,0.3573605716228485,1.1839098930358887,0.07523594796657562,0.3606674075126648,0.0,0.06123897433280945,0.07334157824516296,0.7981635332107544,0.6080489158630371,0.13131439685821533,0.9331340789794922,0.0,0.040815480053424835,0.04121860861778259,0.07844483107328415,0.08112047612667084,0.08950171619653702,0.7478916049003601,0.13016106188297272,0.0,2.3068454265594482,2.972109794616699,0.5184696912765503,0.373626708984375,0.0,0.057585179805755615,0.0,0.27848249673843384,0.0,0.08751354366540909,3.6830077171325684,0.7113715410232544,1.9266812801361084,0.05307263880968094,0.10169291496276855,0.9047623872756958,2.648740768432617,0.0,0.10874345153570175,2.4957218170166016,0.0,0.04244009405374527
0,0.44559305906295776,0.12935948371887207,0.28531214594841003,0.11764907836914062,0.13488571345806122,0.1678520143032074,0.0477183535695076,0.08950373530387878,0.0473235659301281,0.025116926059126854,0.25380635261535645,0.006417171098291874,0.09277961403131485,0.05060424283146858,0.76268470287323,0.8961870074272156,0.23112866282463074,0.25536131858825684,0.19610191881656647,0.0,0.12341467291116714,0.4375282824039459,0.1639169454574585,0.05838175117969513,0.08832613378763199,0.07068028301000595,0.16784217953681946,0.12816569209098816,0.2551284432411194,0.02821730636060238,0.26721441745758057,0.12471085786819458,0.039925556629896164,0.1685064136981964,0.4389522075653076,1.1653871536254883,0.15148667991161346,0.02566499076783657,0.09730470925569534,0.18115165829658508,0.45157676935195923,0.1551176756620407,0.12503759562969208,0.21275463700294495,0.06161525100469589,0.08022165298461914,1.2012604475021362,0.08707750588655472,0.2167980968952179,0.46787938475608826,0.18156901001930237,0.2978803515434265,0.39046651124954224,0.193463534116745,0.028454527258872986,0.0969647467136383,0.027416976168751717,0.1468527615070343,0.1391770988702774,1.4190431833267212,0.20192132890224457,1.1174707412719727,1.4969576597213745,0.19506236910820007,0.1464976966381073,1.185072898864746,0.22153131663799286,1.1407686471939087,0.1551678329706192,0.07230673730373383,0.16666361689567566,0.11693397164344788,0.28360775113105774,0.05460653826594353,0.14464573562145233,0.21671372652053833,0.07306502014398575,0.3234352767467499,0.3325951397418976,0.13303175568580627,0.05050939694046974,1.2250372171401978,0.8805968165397644,0.3909453749656677,0.029673537239432335,0.06472161412239075,0.1434113085269928,0.02304157242178917,0.35960355401039124,0.09550701081752777,0.3131197392940521,0.19941465556621552,1.2952368259429932,0.0,0.5836843848228455,1.3095940351486206,0.39699816703796387,0.7122899293899536,0.4449675977230072,0.04996282607316971,0.20143501460552216,0.21039724349975586,0.048425883054733276,0.17100797593593597,0.0598534420132637,0.05639011040329933,0.25518661737442017,0.17576971650123596,0.07237675040960312,0.11342020332813263,0.17541837692260742,0.9685311913490295,0.0,0.13528044521808624,0.707375168800354,0.11039531975984573,1.010642647743225,1.14179527759552,0.17879003286361694,0.04175236076116562,0.10147534310817719,0.2820196747779846,0.2443431168794632,0.14048254489898682,0.06296344846487045,1.2521982192993164,0.21439993381500244,0.11876500397920609,0.1880454421043396,0.09248937666416168,0.16158363223075867,0.14087414741516113,0.0915144830942154,0.17428326606750488,0.18605950474739075,0.045753542333841324,0.20698750019073486,0.06766413897275925,0.17935405671596527,0.37146487832069397,0.19463250041007996,0.23421360552310944,0.1380145251750946,0.019586214795708656,0.1623166799545288,0.02451973222196102,0.06118097901344299,0.039043836295604706,0.14788579940795898,0.11087287217378616,0.17829930782318115,0.19632907211780548,0.1486390084028244,0.5705481767654419,0.6543207764625549,0.23899276554584503,0.9628716707229614,0.1263405680656433,0.10339529067277908,0.686843752861023,0.13984346389770508,1.2807657718658447,0.39712774753570557,0.15923479199409485,0.08067256212234497,0.13921602070331573,0.23349492251873016,0.07863270491361618,0.41450533270835876,0.2704547643661499,0.14713911712169647,0.29526257514953613,0.21014320850372314,0.8169907331466675,0.17739169299602509,0.21323372423648834,0.14949817955493927,0.20788490772247314,1.1459698677062988,0.10992470383644104,0.04791448265314102,0.3889041244983673,0.06967239081859589,0.009683898650109768,0.020148515701293945,0.0753977969288826,0.3515527844429016,0.18516823649406433,0.039795536547899246,0.1554759293794632,0.20150484144687653,0.10437742620706558,0.01426756102591753,0.1768261343240738,0.21089385449886322,0.06161210685968399,0.1712716817855835,1.0982065200805664,0.16521553695201874,0.05240263417363167,1.3015670776367188,0.1656624674797058,0.1595143973827362,0.004289000295102596,0.1708987057209015,0.14237827062606812,1.0101287364959717,0.14960281550884247,0.15406543016433716,0.14046284556388855,0.04527244716882706,0.06115070357918739,1.0950541496276855,0.05559942126274109,0.19424550235271454,0.9857195615768433,0.1746039241552353,0.09940535575151443,0.1321689486503601,0.16057565808296204,0.14965374767780304,0.8726184368133545,0.14908523857593536,0.18764281272888184,0.1296890825033188,0.05948314815759659,0.14902222156524658,0.030973169952630997,0.13040514290332794,0.16013549268245697,0.173991397023201,0.22141824662685394,0.22259248793125153,0.0,0.9885101318359375,1.2390931844711304,0.6913159489631653,0.5567271113395691,0.04229743033647537,0.12244068086147308,0.043288182467222214,0.030516045168042183,0.04803549498319626,0.14716342091560364,1.3702113628387451,0.2511562705039978,1.0193705558776855,0.07038100808858871,0.026340553537011147,0.5953035950660706,1.2225984334945679,0.03293319046497345,0.18873970210552216,0.8204009532928467,0.017801234498620033,0.12108265608549118
0,0.035943176597356796,0.0,0.7446619272232056,0.8966644406318665,0.7453022599220276,0.8656664490699768,0.0,0.0,0.0,0.0,0.0088359285145998,0.0,0.0,0.0,0.36773261427879333,0.32371070981025696,0.8307044506072998,0.6356689929962158,0.014040098525583744,0.0,0.0,0.7281672954559326,0.9027824401855469,0.0,0.0,0.0,0.8539146780967712,0.0,0.7189139723777771,0.0,0.03665532171726227,0.0,0.0,0.7459777593612671,0.026549555361270905,0.48281270265579224,0.01902666501700878,0.0,0.9229211211204529,0.0,0.5692581534385681,0.838922917842865,0.8082104325294495,0.6575832962989807,0.0,0.0,0.5921164155006409,0.6533634066581726,0.02554170973598957,0.4726942777633667,0.8042099475860596,0.0,0.5449979305267334,0.015433213673532009,0.0,0.7174646854400635,0.0,0.7495889067649841,0.8029648065567017,0.49460312724113464,0.9307247400283813,0.43131300806999207,0.5668577551841736,0.7080655694007874,0.8888689279556274,0.5189664363861084,0.029569776728749275,0.4338081181049347,0.5374612212181091,0.0,0.8781930804252625,0.0,0.7708778977394104,0.0,0.805050790309906,0.6029772162437439,0.0,0.0,0.30750948190689087,0.7527629733085632,0.0,0.5254325866699219,0.4724326431751251,0.019217031076550484,0.0,0.0,0.7619936466217041,0.0,0.03095681220293045,0.0,0.009907917119562626,0.928541898727417,0.7809829711914062,0.0,0.2671985626220703,0.7022969126701355,0.6037755608558655,0.26858285069465637,0.6187498569488525,0.0,0.8676859140396118,0.02176361344754696,0.0,0.7140553593635559,0.0,0.0,0.5885084867477417,0.009426639415323734,0.0,0.6365370750427246,0.0,0.3609011471271515,0.0,0.8335947394371033,0.07497379183769226,0.8444578051567078,0.43287789821624756,0.7834263443946838,0.01328690443187952,0.0,0.0,0.06941140443086624,0.012010159902274609,0.7247573733329773,0.0,0.8070104718208313,0.0,0.6117091774940491,0.866969108581543,0.7088074684143066,0.8804256319999695,0.7790799736976624,0.6883013248443604,0.8233703374862671,0.7768083810806274,0.0,0.7410747408866882,0.0,0.004284029360860586,0.7374826073646545,0.6911022663116455,0.7884462475776672,0.7933565378189087,0.0,0.6879942417144775,0.0,0.0,0.0,0.7623069286346436,0.8631093502044678,0.9199008345603943,0.0,0.7586113214492798,0.7119497060775757,0.3404395282268524,0.5215267539024353,0.45610448718070984,0.8760367035865784,0.8602576851844788,0.38660764694213867,0.4536116421222687,0.6381790637969971,0.013231659308075905,0.6112552285194397,0.0,0.792895495891571,0.7574781775474548,0.0,0.06484781950712204,0.6310953497886658,0.6922439336776733,0.7515563368797302,0.04123983532190323,0.415701687335968,0.0,0.0,0.0,0.5842759013175964,0.5412430763244629,0.6699255108833313,0.5618406534194946,0.6428043246269226,0.0,0.0,0.0,0.0,0.022499971091747284,0.9660671353340149,0.0,0.6816230416297913,0.8143854737281799,0.0015554878627881408,0.0,0.6483219265937805,0.6154453158378601,0.0,0.8319210410118103,0.5216625928878784,0.7527108788490295,0.0,0.789379358291626,0.6968591809272766,0.8009118437767029,0.0,0.00038689107168465853,0.8119606375694275,0.5227885842323303,0.0,0.007360558491200209,0.7202560901641846,0.0,0.0,0.5278996825218201,0.0,0.0,0.3998340666294098,0.8095409274101257,0.0,0.0,0.9184057116508484,0.6253957748413086,0.46413958072662354,0.0,0.6911580562591553,0.027767596766352654,0.0,0.0,0.0,0.808995246887207,0.9050054550170898,0.7863687872886658,0.03564203530550003,0.8864054083824158,0.0,0.40615329146385193,0.5396837592124939,0.5567956566810608,0.28423160314559937,0.0,0.6942188739776611,0.0,0.0,0.0,0.7430238723754883,0.9116647243499756,0.02191649004817009,0.3838746249675751,0.0,0.0,0.7400199770927429,0.6077917218208313,0.0,0.8618305325508118,0.28114044666290283,0.0,0.754157304763794
0,0.10497963428497314,0.014431765303015709,0.7871207594871521,0.5771195888519287,0.507842481136322,0.5019460320472717,0.0,0.0,0.0,0.0,0.05336733162403107,0.0,0.010989142581820488,0.0,0.6711634397506714,0.5352028012275696,0.16667217016220093,0.4020062983036041,0.04263439401984215,0.13890841603279114,0.0005916148656979203,0.600298285484314,0.47683873772621155,0.0,0.0,0.002029825234785676,0.510616660118103,0.012947733514010906,0.34005969762802124,0.0,0.10971815884113312,0.0,0.0,0.4119406044483185,0.18660253286361694,0.7771875858306885,0.03679678961634636,0.0,0.6844375133514404,0.0,0.7148997783660889,0.5738338828086853,0.6134134531021118,0.5413385033607483,0.0,0.0,0.7652985453605652,0.7133252620697021,0.04127642139792442,0.7934491634368896,0.46282434463500977,0.10238178819417953,0.7920029759407043,0.04570610821247101,0.0,0.6805571913719177,0.0,0.44158124923706055,0.5962842702865601,0.8662838339805603,0.29078003764152527,0.7088034152984619,0.8182923197746277,0.055603988468647,0.5832259058952332,0.7669028639793396,0.06185188516974449,0.7572365403175354,0.4224740266799927,0.0,0.5401044487953186,0.0,0.26117390394210815,0.02672247216105461,0.6113414764404297,0.0021969024091959,0.0,0.0826130360364914,0.24591049551963806,0.5832839608192444,0.0,0.8643859624862671,0.635347306728363,0.14963944256305695,0.0,0.0,0.46940723061561584,0.0,0.11051633954048157,0.0,0.07514341920614243,0.346009761095047,0.8339256644248962,0.0,0.40834906697273254,0.908950924873352,0.2723095118999481,0.38380876183509827,0.6256741285324097,0.0,0.579936146736145,0.06597184389829636,0.0,0.45697084069252014,0.0,0.0,0.5684435963630676,0.0409313440322876,0.0,0.6673746705055237,0.01116878166794777,0.6103708744049072,0.09653504192829132,0.7191082239151001,0.47691091895103455,0.5328062772750854,0.7126474976539612,0.8485148549079895,0.03613622486591339,0.0,0.0,0.12434828281402588,0.05027401074767113,0.5273793935775757,0.0,0.9947082996368408,0.06347740441560745,0.5782269835472107,0.4071957767009735,0.6210561394691467,0.5284486413002014,0.3921688497066498,0.7688830494880676,0.6805623173713684,0.38657471537590027,0.0,0.4745727777481079,0.0,0.03808782249689102,0.7567812204360962,0.5389319062232971,0.7375583052635193,0.46766191720962524,0.0,0.3150288164615631,0.0,0.0,0.0,0.5861774682998657,0.823928952217102,0.46068885922431946,0.03194894641637802,0.5255982279777527,0.5570946931838989,0.3815075755119324,0.49941661953926086,0.6253687143325806,0.7571423053741455,0.7032626271247864,0.6790228486061096,0.39108893275260925,1.0939133167266846,0.14270776510238647,0.33808642625808716,0.0,0.46725624799728394,0.6195980310440063,0.0,0.16237327456474304,0.47907623648643494,0.4766886830329895,0.5530871152877808,0.06334955245256424,0.4696328043937683,0.018274648115038872,0.04142455384135246,0.01715974137187004,0.2218707948923111,0.776138961315155,0.49517399072647095,0.5288676619529724,0.37160852551460266,0.0,0.0,0.0,0.0,0.13112924993038177,0.37172582745552063,0.0,0.800714373588562,0.3404194712638855,0.011137936264276505,0.0,0.24792271852493286,0.6780936121940613,0.0,0.5273734331130981,0.7529065012931824,0.32498782873153687,0.0,0.9139923453330994,0.3149057924747467,0.4192273020744324,0.0,0.02542458288371563,0.5511072874069214,0.7739710211753845,0.05503512918949127,0.022918131202459335,0.5298279523849487,0.0,0.0,0.7577689290046692,0.0,0.012969265691936016,0.6713180541992188,0.33654147386550903,0.0,0.016788192093372345,0.5666168332099915,0.3903755843639374,0.5881979465484619,1.6551335647818632e-05,0.4548249840736389,0.10814779251813889,0.0,0.012796476483345032,0.0,0.5514030456542969,0.5259872078895569,0.42408403754234314,0.06419364362955093,0.17083850502967834,0.0,0.6575263142585754,0.7718172669410706,0.5011840462684631,0.3898180425167084,0.0,0.5575331449508667,0.0,0.0,0.0,0.49779990315437317,1.1199051141738892,0.06915946304798126,0.6492354869842529,0.0,0.0,0.5861026048660278,0.9184868335723877,0.0,0.42071419954299927,0.44345763325691223,0.0,0.4624984562397003
1,1.165651559829712,0.9356323480606079,0.14099085330963135,0.11024945974349976,0.06294877827167511,0.10372927039861679,1.0411769151687622,1.034249186515808,1.0175979137420654,0.7763171792030334,0.8983033895492554,1.048978567123413,1.0702779293060303,1.013197660446167,0.1843613088130951,0.42177480459213257,0.2952936291694641,0.1861640214920044,0.917364776134491,1.2804092168807983,1.0015640258789062,0.15138055384159088,0.13533319532871246,1.0174084901809692,1.0766932964324951,0.9465610384941101,0.11195974051952362,0.8655263781547546,0.17775073647499084,1.0830304622650146,0.9290962219238281,0.9720696210861206,0.9724054336547852,0.11267262697219849,0.5072379112243652,0.26100730895996094,1.0091520547866821,1.1207282543182373,0.07132875919342041,0.9346956014633179,0.5355366468429565,0.13250495493412018,0.11733293533325195,0.10992469638586044,0.9853987693786621,0.9875893592834473,0.27713513374328613,0.09679435193538666,0.4602009356021881,0.19496771693229675,0.1632479727268219,0.8697975277900696,0.07965289801359177,1.0645995140075684,0.9999489784240723,0.08723421394824982,1.2187813520431519,0.1334812194108963,0.10451159626245499,0.5233248472213745,0.14945003390312195,0.3071924149990082,1.230237603187561,0.25885841250419617,0.1277337372303009,0.2542046308517456,0.9063403010368347,0.2775672376155853,0.17302009463310242,1.008192777633667,0.16662028431892395,0.9447498321533203,0.14782805740833282,0.215159609913826,0.13425955176353455,0.21936292946338654,1.0012152194976807,0.7482511401176453,0.17769482731819153,0.11297633498907089,1.0667837858200073,0.2838808298110962,0.22634971141815186,0.9619841575622559,1.0968955755233765,0.7427374124526978,0.18301741778850555,1.1064785718917847,0.8626715540885925,1.0704319477081299,1.0014055967330933,0.17747999727725983,0.2881157398223877,1.0070750713348389,0.2081947773694992,0.25764864683151245,0.17471690475940704,0.6348288655281067,0.15709228813648224,0.9863910675048828,0.09728134423494339,0.950329601764679,1.101813554763794,0.1696275770664215,0.9582619667053223,0.9817339777946472,0.13501498103141785,0.9627987742424011,0.9707380533218384,0.14129726588726044,1.0800139904022217,0.2644239068031311,0.8877115249633789,0.09783849865198135,0.14641544222831726,0.08060524612665176,0.2130730152130127,0.22853240370750427,0.9255571365356445,1.0272204875946045,1.116963505744934,0.8887563943862915,0.9197884798049927,0.10613614320755005,0.9048075675964355,0.2432541847229004,1.0595000982284546,0.20216874778270721,0.15754954516887665,0.09123177826404572,0.13199852406978607,0.13384166359901428,0.0935303345322609,0.06246145814657211,0.1336859166622162,1.0903089046478271,0.14170721173286438,1.0512645244598389,1.0302670001983643,0.13776826858520508,0.11872123181819916,0.11567996442317963,0.17087462544441223,1.076820969581604,0.17128701508045197,0.9862177968025208,1.0783876180648804,1.0234925746917725,0.164587140083313,0.11650992929935455,0.1229163408279419,1.0358043909072876,0.15337234735488892,0.17546266317367554,0.8058390617370605,0.1516314297914505,0.23326095938682556,0.1203455701470375,0.0946556031703949,0.8493447303771973,0.1706579327583313,0.2958868443965912,1.0433405637741089,0.20636387169361115,1.0515632629394531,0.11585123836994171,0.15656201541423798,1.0718262195587158,0.9871903657913208,0.1515914499759674,0.23546361923217773,0.1455526500940323,0.9611579775810242,1.0774363279342651,0.9087964296340942,0.8588314056396484,0.9062961339950562,0.26979032158851624,0.24514517188072205,0.1350211799144745,0.5912086963653564,0.15802982449531555,0.9362272024154663,1.149832010269165,0.8991743326187134,1.0428133010864258,0.875851035118103,0.17268554866313934,1.0491644144058228,0.032926470041275024,0.18503716588020325,0.9909147024154663,1.2131786346435547,0.24421635270118713,0.0801229253411293,1.1331028938293457,0.13856680691242218,0.24625365436077118,0.19227464497089386,1.0570650100708008,0.26085543632507324,0.23896856606006622,0.139716237783432,1.1216109991073608,0.9136549830436707,0.14161553978919983,0.19681914150714874,1.0610843896865845,1.1410841941833496,0.1426597237586975,0.9996774792671204,1.05111563205719,0.3017633855342865,0.9451087713241577,0.7247129082679749,0.26232194900512695,0.19890740513801575,0.9755916595458984,0.7950014472007751,0.14512240886688232,0.14054949581623077,0.22147341072559357,1.0689246654510498,0.1049821525812149,0.9673559069633484,1.0121183395385742,0.9105249643325806,0.9038241505622864,0.12589815258979797,0.13774970173835754,0.14669886231422424,0.932818591594696,0.3238818645477295,1.12990140914917,0.39535313844680786,0.32761475443840027,0.20839563012123108,0.1863047033548355,1.1859333515167236,0.14962267875671387,1.0266739130020142,1.0494247674942017,1.053130030632019,0.11722924560308456,0.2649853825569153,0.991706371307373,0.24003522098064423,1.1857548952102661,1.009885311126709,0.1755715012550354,0.2612447738647461,0.9697933197021484,0.15434379875659943,0.7674598097801208,1.15431809425354,0.11055321991443634
0,0.186703622341156,0.1124553233385086,0.516869068145752,0.5243949294090271,0.4226362109184265,0.4827246069908142,0.13753889501094818,0.18823841214179993,0.12638381123542786,0.12036057561635971,0.14842024445533752,0.10832498967647552,0.10706188529729843,0.17213135957717896,0.40843886137008667,0.3879433572292328,0.6433533430099487,0.5049422979354858,0.12531979382038116,0.23050448298454285,0.12247733771800995,0.3700461685657501,0.6382880210876465,0.17339080572128296,0.16459497809410095,0.08523687720298767,0.5516160130500793,0.10060803592205048,0.433445543050766,0.14776211977005005,0.147650808095932,0.1726272702217102,0.1373157799243927,0.42771926522254944,0.43495407700538635,0.4606378972530365,0.12057965993881226,0.14089784026145935,0.52058345079422,0.333396852016449,0.18052023649215698,0.6029254198074341,0.56727135181427,0.39495015144348145,0.16529855132102966,0.14383645355701447,0.45715412497520447,0.44389981031417847,0.22624027729034424,0.4256274700164795,0.5337108373641968,0.18630343675613403,0.2536647617816925,0.16414465010166168,0.1335446983575821,0.4853334426879883,0.1769012212753296,0.5541571378707886,0.5134106278419495,0.4579787254333496,0.6051293015480042,0.3785853981971741,0.6125233769416809,0.616439700126648,0.4493720829486847,0.4739951193332672,0.15201598405838013,0.4674071967601776,0.5253071188926697,0.18170484900474548,0.625996470451355,0.17111510038375854,0.41717612743377686,0.11279113590717316,0.5367597341537476,0.44267386198043823,0.1722571700811386,0.18635672330856323,0.30128663778305054,0.566471517086029,0.15125223994255066,0.4967844486236572,0.4215218722820282,0.16704407334327698,0.10825487971305847,0.16500622034072876,0.6623028516769409,0.14966560900211334,0.125701904296875,0.19184285402297974,0.17141513526439667,0.6717373132705688,0.4732618033885956,0.0962199866771698,0.35040539503097534,0.47938552498817444,0.4215017557144165,0.28610703349113464,0.4297865629196167,0.15349119901657104,0.4276556968688965,0.1173955574631691,0.1599150002002716,0.6465228796005249,0.17596036195755005,0.13364720344543457,0.37680622935295105,0.12202566862106323,0.2767246961593628,0.5490955710411072,0.17269107699394226,0.4359617531299591,0.11092230677604675,0.5321009755134583,0.28115177154541016,0.5480120778083801,0.42222657799720764,0.41973960399627686,0.1025649756193161,0.14690837264060974,0.18398472666740417,0.10771740227937698,0.12447088956832886,0.4353936016559601,0.21784387528896332,0.45070376992225647,0.1742108017206192,0.577130138874054,0.600680947303772,0.5136362910270691,0.6102787852287292,0.5708733201026917,0.5475269556045532,0.3983338177204132,0.5247431397438049,0.1544778048992157,0.4834684729576111,0.15504896640777588,0.13397561013698578,0.4028957188129425,0.4044848084449768,0.36442387104034424,0.5449383854866028,0.1760825663805008,0.5577161908149719,0.09479358047246933,0.15590062737464905,0.13029640913009644,0.5723341703414917,0.5864290595054626,0.5692594051361084,0.16030599176883698,0.577242374420166,0.4987589120864868,0.24874760210514069,0.40488001704216003,0.40326160192489624,0.5916070342063904,0.5140948295593262,0.18903732299804688,0.38625895977020264,0.5489445328712463,0.1492432951927185,0.6327436566352844,0.16337168216705322,0.549854576587677,0.4273108243942261,0.19039806723594666,0.19456130266189575,0.376982182264328,0.5602652430534363,0.42279744148254395,0.08356977999210358,0.3052605390548706,0.12513351440429688,0.13349215686321259,0.18021215498447418,0.7288259863853455,0.4537997245788574,0.4666241705417633,0.5088918805122375,0.43362361192703247,0.19549423456192017,0.1297418475151062,0.22128534317016602,0.1483633816242218,0.13766194880008698,0.6633490324020386,0.16227737069129944,0.32089823484420776,0.576982319355011,0.12146614491939545,0.1960085928440094,0.5528436899185181,0.42386966943740845,0.19456933438777924,0.5121203660964966,0.43316614627838135,0.612855076789856,0.19464406371116638,0.44634076952934265,0.645339846611023,0.600358247756958,0.19437304139137268,0.150555819272995,0.5545541644096375,0.3996545672416687,0.153041809797287,0.2055005133152008,0.5218909382820129,0.14033706486225128,0.1544308364391327,0.4916379153728485,0.22229579091072083,0.1714021861553192,0.47316882014274597,0.6452123522758484,0.14789614081382751,0.16770720481872559,0.6482406258583069,0.5308114290237427,0.407920777797699,0.1452772319316864,0.3958732485771179,0.11002235114574432,0.19217434525489807,0.21484486758708954,0.10634968429803848,0.5147761106491089,0.6290799975395203,0.5525305867195129,0.11873584985733032,0.5758783221244812,0.09879983961582184,0.4087981581687927,0.432723730802536,0.3702886700630188,0.3462367355823517,0.18902452290058136,0.5074110627174377,0.15099996328353882,0.1278781294822693,0.1925925612449646,0.5024539232254028,0.4861224293708801,0.17289140820503235,0.4131031930446625,0.1725703924894333,0.1065744012594223,0.41858357191085815,0.5072765946388245,0.19665655493736267,0.5456485152244568,0.28375083208084106,0.15959307551383972,0.59831303358078
0,0.20952844619750977,0.15176694095134735,0.44987010955810547,0.49035704135894775,0.37104934453964233,0.48078829050064087,0.18828529119491577,0.22861498594284058,0.1723128706216812,0.13019095361232758,0.2203928381204605,0.1484074741601944,0.1526706963777542,0.211978942155838,0.38492968678474426,0.4469902217388153,0.7995768785476685,0.4556107223033905,0.1727636158466339,0.23210130631923676,0.17989100515842438,0.365948885679245,0.6353639364242554,0.21875737607479095,0.20215043425559998,0.1067756935954094,0.5683584809303284,0.14036814868450165,0.37850672006607056,0.19888681173324585,0.16938309371471405,0.232638418674469,0.17724469304084778,0.44212403893470764,0.4321357309818268,0.44432365894317627,0.14758920669555664,0.1916341632604599,0.4039152264595032,0.35530826449394226,0.15111905336380005,0.5840598344802856,0.5331703424453735,0.32506275177001953,0.2025219202041626,0.17769891023635864,0.45714071393013,0.4094094932079315,0.3150714635848999,0.3144631087779999,0.5593705177307129,0.2471698820590973,0.20672257244586945,0.2039845585823059,0.17953097820281982,0.4138845205307007,0.23384082317352295,0.5864772796630859,0.49115419387817383,0.49614110589027405,0.6920275688171387,0.39897412061691284,0.6910226345062256,0.7644623517990112,0.4966282844543457,0.47697192430496216,0.21037700772285461,0.48984912037849426,0.4496625065803528,0.26626312732696533,0.6355554461479187,0.2240728735923767,0.46617692708969116,0.15434777736663818,0.45728692412376404,0.5885971784591675,0.23250484466552734,0.21274709701538086,0.3103685677051544,0.5060355067253113,0.19753921031951904,0.46549323201179504,0.3933090567588806,0.17037458717823029,0.14712750911712646,0.2296687662601471,0.6098948121070862,0.20663554966449738,0.15228897333145142,0.2528078854084015,0.21368707716464996,0.7546233534812927,0.4601214528083801,0.16680538654327393,0.3479422926902771,0.470430463552475,0.5130142569541931,0.35699182748794556,0.3622420132160187,0.19284771382808685,0.37257489562034607,0.1432253122329712,0.2037588357925415,0.6404495239257812,0.2226775735616684,0.17433613538742065,0.3095366656780243,0.16648948192596436,0.3165355324745178,0.5128039121627808,0.24058641493320465,0.4334094226360321,0.11165060102939606,0.4383240044116974,0.230491042137146,0.5315535068511963,0.4065350890159607,0.3973701596260071,0.13351155817508698,0.19805338978767395,0.242267444729805,0.11735153943300247,0.1488713026046753,0.3980604410171509,0.2655579447746277,0.44869622588157654,0.23481811583042145,0.5358142256736755,0.6742073893547058,0.4548388123512268,0.6155922412872314,0.6144053339958191,0.4543604850769043,0.3412606418132782,0.5087101459503174,0.1951725035905838,0.4817051291465759,0.20026978850364685,0.15762856602668762,0.33852675557136536,0.4011603891849518,0.32777032256126404,0.5525952577590942,0.22234252095222473,0.5933523178100586,0.13419277966022491,0.19733750820159912,0.18484696745872498,0.5585872530937195,0.4731389284133911,0.633204996585846,0.19827106595039368,0.6013424396514893,0.46677735447883606,0.24708625674247742,0.3348662555217743,0.3980943560600281,0.492284893989563,0.43609416484832764,0.1766204535961151,0.3562561571598053,0.5285298228263855,0.20921948552131653,0.6361104249954224,0.20697923004627228,0.556868851184845,0.3851705491542816,0.24539029598236084,0.22713378071784973,0.41086992621421814,0.6068271398544312,0.38023456931114197,0.09763188660144806,0.32910436391830444,0.14774230122566223,0.16049794852733612,0.23529453575611115,0.7468482851982117,0.4517669677734375,0.46402910351753235,0.45292553305625916,0.44670313596725464,0.2420727163553238,0.1843377947807312,0.2679983377456665,0.18512509763240814,0.1643824428319931,0.6828966736793518,0.2075260430574417,0.20011714100837708,0.6435003280639648,0.1751328706741333,0.24248731136322021,0.5750173330307007,0.3265967071056366,0.2523205876350403,0.5341364741325378,0.45364928245544434,0.6510719060897827,0.24253249168395996,0.4291766583919525,0.6039509177207947,0.6465228796005249,0.24232256412506104,0.19604933261871338,0.5544265508651733,0.40471985936164856,0.19929280877113342,0.2574312686920166,0.4693060517311096,0.18693628907203674,0.19095152616500854,0.45751363039016724,0.27167972922325134,0.2256568819284439,0.4894542694091797,0.6746200323104858,0.18397533893585205,0.2390877902507782,0.6269136667251587,0.5980585217475891,0.41251203417778015,0.17321164906024933,0.39981895685195923,0.10507263243198395,0.24402830004692078,0.3007511496543884,0.14595705270767212,0.4839620292186737,0.6196932792663574,0.5485327839851379,0.13462571799755096,0.674932599067688,0.1500404179096222,0.47863560914993286,0.44157296419143677,0.3982568085193634,0.37463128566741943,0.21346858143806458,0.43991371989250183,0.19404353201389313,0.17576277256011963,0.25678056478500366,0.43775153160095215,0.4908336102962494,0.2311699241399765,0.42933955788612366,0.210205540060997,0.14803624153137207,0.4363955557346344,0.5154759883880615,0.23580804467201233,0.5956055521965027,0.31928113102912903,0.226812481880188,0.5746775269508362
0,0.0,0.0,1.2558013200759888,0.7756969928741455,1.0054054260253906,0.8349546194076538,0.0,0.0,0.0,0.0,0.0,0.0,0.0,0.0,0.31743770837783813,0.2349621206521988,0.09304675459861755,0.5963598489761353,0.0,0.3679647147655487,0.0,0.7175489664077759,0.6801154017448425,0.0,0.0,0.03997465595602989,0.7337716817855835,0.0,0.43857115507125854,0.0,0.0,0.0,0.0,0.4768291413784027,0.01879909820854664,0.3267190158367157,0.0,0.0,1.348190426826477,0.0,1.2514718770980835,0.8884983658790588,0.9907911419868469,0.8141792416572571,0.0,0.0,0.47910693287849426,1.1548784971237183,0.04549445956945419,0.926062822341919,0.598677933216095,0.0,1.3342684507369995,0.019851762801408768,0.0,1.2032777070999146,0.0,0.6049253940582275,1.0199369192123413,0.22795958817005157,0.2660386860370636,0.24495448172092438,0.4248870015144348,0.0044899554923176765,0.8133000731468201,0.3873274624347687,0.019588954746723175,0.3000081777572632,0.6396384239196777,0.0,0.7485855221748352,0.0,0.33153200149536133,0.047147057950496674,1.0765557289123535,0.0,0.0,0.0,0.3033827841281891,0.9891303777694702,0.0,0.3431367576122284,0.3327169716358185,0.0,0.0,0.0,0.6272817254066467,0.0,0.0,0.0,0.0,0.5324916839599609,0.5266708731651306,0.0,0.23872174322605133,0.4386747181415558,0.1735880970954895,0.16860733926296234,0.7834924459457397,0.0,0.9952539801597595,0.0,0.0,0.750630795955658,0.0,0.0,0.728120744228363,0.0,0.0,1.1397840976715088,0.0,0.23418153822422028,0.29491207003593445,1.2499276399612427,0.05318048223853111,0.8884653449058533,0.26938092708587646,0.580767810344696,0.0,0.0,0.0,0.0,0.0,0.7532394528388977,0.0,0.4882277548313141,0.0,0.6748665571212769,0.5840203166007996,1.1523123979568481,0.7669427394866943,0.7048740386962891,1.3019839525222778,1.1163244247436523,0.36847200989723206,0.0,0.653775691986084,0.0,0.0,1.04069983959198,0.7212164402008057,1.1337300539016724,0.8268880844116211,0.0,0.47020789980888367,0.0,0.0,0.0,0.8209105134010315,1.4470425844192505,0.6080440282821655,0.0,0.7900237441062927,0.3413662016391754,0.2312818169593811,0.7191677689552307,0.4064542055130005,1.2057677507400513,1.2427961826324463,0.6257598996162415,0.45775195956230164,0.9582588076591492,0.0,0.43096792697906494,0.0,0.6781394481658936,1.0063486099243164,0.0,0.0,0.6259549856185913,0.5751437544822693,0.821505606174469,0.0,0.27181312441825867,0.0,0.0,0.0,0.23599988222122192,0.3952552080154419,0.784926176071167,0.8779485821723938,0.3327999711036682,0.0,0.0,0.0,0.0,0.0,0.5431048274040222,0.0,1.3968249559402466,0.40816041827201843,0.0,0.0,0.37125712633132935,0.9485926032066345,0.0,0.7428228855133057,0.39676007628440857,0.536221981048584,0.0,0.6065049767494202,0.5014405846595764,0.5152595639228821,0.0,0.0,0.7773155570030212,0.4143594801425934,0.0,0.0,0.9072759747505188,0.0,0.0,0.36429646611213684,0.0,0.0,0.3305276036262512,0.5154204964637756,0.0,0.0,0.8776369690895081,0.5919213891029358,0.45921191573143005,0.0,0.5680274367332458,0.13866735994815826,0.0,0.0,0.0,0.943977952003479,0.7294573187828064,0.6068118214607239,0.0025395501870661974,0.1507605016231537,0.009677468799054623,0.2754506766796112,0.3318261504173279,0.3964526355266571,0.35947707295417786,0.0,0.9983087778091431,0.0,0.0,0.0,0.8040148019790649,0.7522256374359131,0.0,0.275660902261734,0.0,0.0,0.5651105046272278,0.4300203025341034,0.0,0.5533637404441833,0.14401057362556458,0.0,0.7596724033355713
1,1.8493093252182007,1.4290273189544678,0.09086495637893677,0.0,0.006926960311830044,0.0,1.5114269256591797,1.4794418811798096,1.4817448854446411,1.1876496076583862,1.3675488233566284,1.596250295639038,1.6426546573638916,1.4141594171524048,0.24633680284023285,0.5500770807266235,0.0,0.05805999040603638,1.4146541357040405,1.7599308490753174,1.4863559007644653,0.13909609615802765,0.0,1.4329506158828735,1.549068808555603,1.5051349401474,0.0,1.2856630086898804,0.047505225986242294,1.5380700826644897,1.4399080276489258,1.3767215013504028,1.4128350019454956,0.006645857356488705,0.49286171793937683,0.3953857719898224,1.564527153968811,1.6414769887924194,0.0,1.2078368663787842,1.0394662618637085,0.0,0.0,0.038409702479839325,1.4042478799819946,1.4764575958251953,0.42382150888442993,0.0,0.6015386581420898,0.1421797275543213,0.0,1.271994709968567,0.11895938217639923,1.5674363374710083,1.4263652563095093,0.0,1.7332818508148193,0.0,0.0,0.9892371892929077,0.0,0.5996822118759155,2.0230679512023926,0.007483251392841339,0.0,0.3927258849143982,1.4452542066574097,0.4057919681072235,0.00021064249449409544,1.342965006828308,0.0,1.3040767908096313,0.05248701944947243,0.1540936976671219,0.0003701821551658213,0.002688367385417223,1.3724735975265503,1.1244512796401978,0.12850359082221985,0.0,1.5317436456680298,0.4050310254096985,0.2889399826526642,1.4824947118759155,1.650259017944336,1.0145219564437866,0.0,1.575173020362854,1.4317312240600586,1.5290573835372925,1.5647836923599243,0.0,0.43173426389694214,1.4849263429641724,0.1958359032869339,0.4168300926685333,0.12269873172044754,1.0673450231552124,0.12328865379095078,1.4458258152008057,0.03458178788423538,1.5150394439697266,1.5606521368026733,0.0,1.3689693212509155,1.4238983392715454,0.06433117389678955,1.4730050563812256,1.1861722469329834,0.0,1.5858839750289917,0.36183056235313416,1.3444164991378784,0.015103586949408054,0.1592080444097519,0.0,0.3197552561759949,0.36193719506263733,1.4634758234024048,1.4365051984786987,1.604713797569275,1.4312429428100586,1.475306749343872,0.0,1.1970226764678955,0.40136924386024475,1.5361651182174683,0.0,0.0,0.0,0.0,0.0,0.0,0.023082733154296875,0.0,1.5809805393218994,0.03175579756498337,1.515324592590332,1.6027621030807495,0.0978616327047348,0.03132585063576698,0.051296167075634,0.0,1.4913740158081055,0.0,1.4845057725906372,1.5829269886016846,1.488869309425354,0.0,0.0,0.0,1.5971940755844116,0.0,0.14364409446716309,1.2975101470947266,0.057265765964984894,0.3225694000720978,0.0,0.0,1.585259199142456,0.004718944430351257,0.42707130312919617,1.6513341665267944,0.0,1.570623755455017,0.0,0.05237215757369995,1.5110944509506226,1.5658921003341675,0.07653563469648361,0.0,0.06974994391202927,1.5555121898651123,1.7880449295043945,1.4099864959716797,1.3157979249954224,1.2985891103744507,0.0027972906827926636,0.37821388244628906,0.0,0.7143977284431458,0.11533249914646149,1.2406976222991943,1.6692640781402588,1.1447303295135498,1.5163304805755615,1.412449836730957,0.0,1.474366545677185,0.03957918658852577,0.0,1.4687799215316772,1.621824860572815,0.0,0.02428204007446766,1.538530945777893,0.0,0.38701894879341125,0.0,1.4147213697433472,0.41078925132751465,4.7627494495827705e-05,0.0,1.497359037399292,1.3626644611358643,0.0,0.29192838072776794,1.5497602224349976,1.6814701557159424,0.0,1.4466863870620728,1.5498230457305908,0.3959353566169739,1.2106443643569946,1.0485668182373047,0.3650274872779846,0.0007997620850801468,1.4041452407836914,1.070562720298767,0.0,0.0,0.3125438094139099,1.6660221815109253,0.029336823150515556,1.5576530694961548,1.3184553384780884,1.254491925239563,1.3592605590820312,0.0,0.0,0.0,1.505608320236206,0.05053369328379631,1.7234190702438354,0.6035032272338867,0.6456156969070435,0.21846400201320648,0.2600240707397461,1.7099978923797607,0.0,1.4766982793807983,1.5529357194900513,1.4018110036849976,0.0,0.40940722823143005,1.4802296161651611,0.3580380976200104,1.6882392168045044,1.5300761461257935,0.14926698803901672,0.4047286808490753,1.2429271936416626,0.0,1.3076512813568115,1.613556981086731,0.0
0,0.01089194230735302,0.0,0.8202122449874878,0.5529614090919495,0.5901328325271606,0.6719540357589722,0.0,0.0,0.0,0.0,0.006750087253749371,0.0,0.0,0.0,0.6167305707931519,0.3989035487174988,0.5380944013595581,0.6290233731269836,0.0036134750116616488,0.046028804033994675,0.0,0.7398414015769958,0.6205822825431824,0.0,0.0,0.0,0.6028826832771301,0.0,0.5994647741317749,0.0,0.027612442150712013,0.0,0.0,0.4865031838417053,0.048428840935230255,0.7016092538833618,0.0035418414045125246,0.0,0.8467868566513062,0.0,0.43250980973243713,0.619423508644104,0.607308566570282,0.5953346490859985,0.0,0.0,0.758836030960083,0.4730089604854584,0.052663616836071014,0.5859884023666382,0.5261228084564209,0.0,0.5461350679397583,0.012577779591083527,0.0,0.5667873024940491,0.0,0.524260938167572,0.601509690284729,0.5406221151351929,0.5637235641479492,0.5186912417411804,0.7002248764038086,0.40619754791259766,0.5965147614479065,0.7419017553329468,0.04833224043250084,0.6001017689704895,0.5547715425491333,0.0,0.6349372863769531,0.0,0.655197262763977,0.04268033057451248,0.6997346878051758,0.22619310021400452,0.0,0.0,0.4690406918525696,0.597922682762146,0.0,0.7021210193634033,0.6498257517814636,0.0076794312335550785,0.0,0.0,0.5042092800140381,0.0,0.00656914571300149,0.0,0.004565064329653978,0.6169921159744263,0.9170948266983032,0.0,0.4675343930721283,0.8290801048278809,0.615944504737854,0.2941482663154602,0.6959359049797058,0.0,0.7488776445388794,0.01062309555709362,0.0,0.5251064300537109,0.0,0.0,0.6101406812667847,0.0,0.0,0.5400119423866272,0.0,0.5492683053016663,0.03323512524366379,0.7125419974327087,0.16025124490261078,0.5610899925231934,0.6062635183334351,0.8605445623397827,0.0,0.0,0.0,0.02825290523469448,0.0,0.5624071359634399,0.0,0.7224656939506531,0.0,0.3877832889556885,0.5755809545516968,0.561916172504425,0.6123069524765015,0.5541778802871704,0.5332608819007874,0.7243736982345581,0.5268793106079102,0.0,0.6504057049751282,0.0,0.0,0.7323704957962036,0.5863470435142517,0.612127423286438,0.6403321027755737,0.0,0.46963319182395935,0.0,0.0,0.0,0.5552581548690796,0.6566928029060364,0.5517878532409668,0.0,0.5277690887451172,0.6474450826644897,0.34108415246009827,0.5583058595657349,0.6767891645431519,0.6730067729949951,0.6653941869735718,0.27628713846206665,0.383832722902298,0.9371898770332336,0.00015277290367521346,0.39468541741371155,0.0,0.5389188528060913,0.7007386088371277,0.0,0.05322381108999252,0.5802450776100159,0.4451351761817932,0.7647449374198914,0.014551082625985146,0.47406893968582153,0.0,0.0,0.0,0.41692790389060974,0.7258476614952087,0.5409901738166809,0.4212263226509094,0.6232331991195679,0.0,0.0,0.0,0.0,0.0034325928427278996,0.6617200970649719,0.0,0.5591906309127808,0.5061498880386353,0.0,0.0,0.47012361884117126,0.5349850058555603,0.0,0.5269049406051636,0.6468652486801147,0.5580846071243286,0.0,0.8557033538818359,0.5412024855613708,0.5396896600723267,0.0,0.0,0.6077768802642822,0.6811099648475647,0.0,0.0,0.6207917332649231,0.0,0.0,0.7010109424591064,0.0,0.0,0.5968732833862305,0.6118520498275757,0.0,0.0,0.6667720675468445,0.44173377752304077,0.7023653984069824,0.0,0.540549635887146,0.03182148188352585,0.0,0.0,0.0,0.6305216550827026,0.6031396985054016,0.5113523602485657,0.03052574396133423,0.67147296667099,0.0,0.46268266439437866,0.6787892580032349,0.6725003123283386,0.49535855650901794,0.0,0.5912140607833862,0.0,0.0,0.0,0.6255289912223816,0.9023712277412415,0.00781179079785943,0.512356162071228,0.0,0.0,0.7149115800857544,0.7777231931686401,0.0,0.6400853395462036,0.28785666823387146,0.0,0.5868136286735535
0,0.35499104857444763,0.06519157439470291,0.36786961555480957,0.3137713074684143,0.22203779220581055,0.2800389528274536,0.0,0.0,0.0,0.0,0.11756688356399536,0.0,0.06643600016832352,0.0,0.9770689606666565,0.8598737120628357,0.2062489241361618,0.2606704533100128,0.0946495309472084,0.008288069628179073,0.004132608417421579,0.5395912528038025,0.26271048188209534,0.0,0.0,0.011729403398931026,0.2647860050201416,0.09594244509935379,0.25585079193115234,0.0,0.3762233257293701,0.0,0.0,0.24249504506587982,0.18405883014202118,1.3184064626693726,0.15334926545619965,0.0,0.3116905987262726,0.0,0.9507066607475281,0.28573933243751526,0.27829092741012573,0.30102571845054626,0.0,0.0033432310447096825,1.2186888456344604,0.2757563292980194,0.040629636496305466,0.7606335282325745,0.268412709236145,0.36352840065956116,0.48729947209358215,0.07856200635433197,0.0,0.26836785674095154,0.0,0.23907029628753662,0.27202215790748596,1.6617941856384277,0.23592764139175415,1.366193413734436,1.4571956396102905,0.1277851015329361,0.3183824121952057,1.2487704753875732,0.10187578201293945,1.2690428495407104,0.20452459156513214,0.0,0.2897438108921051,0.004003146663308144,0.2446778267621994,0.028949329629540443,0.28629112243652344,0.06425762176513672,0.0,0.3398575782775879,0.19800448417663574,0.2496930956840515,0.0,1.473097801208496,0.9027976393699646,0.5542334914207458,0.0,0.0,0.24626481533050537,0.0,0.38077786564826965,0.0,0.21195757389068604,0.2234858274459839,1.3920120000839233,0.0,0.46586617827415466,1.6411784887313843,0.33067816495895386,0.6532788276672363,0.5090968608856201,0.0,0.3538942039012909,0.23583459854125977,0.0,0.20713986456394196,0.0,0.0,0.34598931670188904,0.19782285392284393,0.0,0.2519833743572235,0.03948843851685524,0.9050650000572205,0.0,0.3231396973133087,0.9887929558753967,0.23209942877292633,1.1972451210021973,1.5439389944076538,0.22158050537109375,0.0,0.0,0.421354204416275,0.23560269176959991,0.2668655514717102,0.0,1.6064825057983398,0.24774901568889618,0.3015296757221222,0.23195292055606842,0.23963530361652374,0.28469762206077576,0.20667918026447296,0.2823317050933838,0.35511744022369385,0.24217589199543,0.0,0.27804434299468994,0.0,0.14910565316677094,0.5870177149772644,0.2948136031627655,0.5300541520118713,0.26471003890037537,0.0,0.18945366144180298,0.0,0.0,0.0,0.3101310729980469,0.3592022955417633,0.27427154779434204,0.08422587066888809,0.23737072944641113,0.675136148929596,0.7948365211486816,0.256767213344574,0.9023556709289551,0.33782991766929626,0.2856253385543823,1.014176368713379,0.2123168557882309,1.5041040182113647,0.37658390402793884,0.2050868719816208,0.0,0.2383878082036972,0.3239727318286896,0.0,0.43416163325309753,0.30238163471221924,0.23978291451931,0.3668534755706787,0.26445460319519043,0.879380464553833,0.1315954178571701,0.1961466521024704,0.09580591320991516,0.16960518062114716,1.2580026388168335,0.2708667814731598,0.18716901540756226,0.34911060333251953,0.0,0.0,0.0,0.0029167879838496447,0.4373600482940674,0.251516193151474,0.0,0.3582991063594818,0.22712044417858124,0.02446766011416912,0.0,0.15904515981674194,0.43481168150901794,0.0,0.27484989166259766,1.2457902431488037,0.21141232550144196,0.0,1.6807923316955566,0.20552277565002441,0.2438802719116211,0.0,0.05171104148030281,0.28010550141334534,1.3052669763565063,0.32330262660980225,0.03490956500172615,0.26218435168266296,0.0,0.0,1.1780823469161987,0.0,0.028829865157604218,0.9253852367401123,0.24584712088108063,0.0036785544361919165,0.009788312949240208,0.2984754145145416,0.18564939498901367,0.7727853655815125,0.013735689222812653,0.28025540709495544,0.1337420642375946,0.0,0.002539195353165269,0.0,0.2635729908943176,0.2623562216758728,0.23987269401550293,0.15091760456562042,0.22800813615322113,0.0,1.1512669324874878,1.404634952545166,0.621080756187439,0.5634883642196655,0.0,0.2611449062824249,0.0,0.003281099023297429,0.0,0.2577870786190033,1.86628258228302,0.18843980133533478,1.038445234298706,0.0,0.0,0.7017450332641602,1.4737343788146973,0.0,0.26124683022499084,0.9861266613006592,0.0,0.21872657537460327
0,0.3720480799674988,0.0907454639673233,0.35882681608200073,0.3846163749694824,0.31915175914764404,0.45903924107551575,0.0,0.0,0.0,0.0,0.11779706180095673,0.0,0.08324045687913895,0.0,0.8284220099449158,0.6140514016151428,0.5430917739868164,0.395473450422287,0.10450208932161331,0.0,0.029156314209103584,0.48593682050704956,0.4426570236682892,0.0,0.00036386007559485734,0.0509638711810112,0.40300610661506653,0.11865066736936569,0.3267154395580292,0.0,0.31962087750434875,0.0,0.0,0.38419613242149353,0.28754839301109314,1.1692084074020386,0.1411760449409485,0.0,0.37719058990478516,0.01283779926598072,0.6694990396499634,0.4473119080066681,0.39193880558013916,0.39679816365242004,0.0,0.011676643043756485,1.0622389316558838,0.2997308075428009,0.026211291551589966,0.5676594376564026,0.45538002252578735,0.33002057671546936,0.3038284182548523,0.10980220884084702,0.0,0.33942392468452454,0.0,0.4010862112045288,0.39527827501296997,1.4320945739746094,0.48852354288101196,1.106698751449585,1.1396721601486206,0.4486369490623474,0.40625280141830444,1.074080228805542,0.1063101664185524,1.0215455293655396,0.3571048974990845,0.0,0.4487534165382385,0.029928220435976982,0.42491862177848816,0.0,0.40137502551078796,0.35068732500076294,0.0,0.3255001902580261,0.2237699329853058,0.37143611907958984,0.0,1.2505593299865723,0.8198136687278748,0.45625966787338257,0.006952614523470402,0.0,0.35380932688713074,0.0,0.3340409994125366,0.0,0.20598873496055603,0.4828473627567291,1.1386353969573975,0.0,0.508444607257843,1.3531848192214966,0.44120103120803833,0.5205661058425903,0.48890554904937744,0.0,0.3823640048503876,0.22679120302200317,0.0,0.41760995984077454,0.0,0.0,0.40894848108291626,0.14719344675540924,0.00447006756439805,0.3304171860218048,0.0626821219921112,0.884489893913269,0.001079169916920364,0.39013591408729553,1.0474337339401245,0.3955717384815216,1.0521283149719238,1.2309577465057373,0.18726083636283875,0.00391217228025198,0.0,0.3396678566932678,0.2494979202747345,0.4437759816646576,0.0,1.3208624124526978,0.186314657330513,0.3713483512401581,0.4776430130004883,0.3267970383167267,0.448910653591156,0.37463194131851196,0.33176782727241516,0.3824321925640106,0.4595761001110077,0.0,0.4554271399974823,0.0,0.1447729468345642,0.5634211897850037,0.42526310682296753,0.5004716515541077,0.3261551558971405,0.0,0.41518518328666687,0.0,0.0,0.0,0.4059618413448334,0.37447884678840637,0.4579252600669861,0.12168051302433014,0.3991505801677704,0.7297573685646057,0.6177823543548584,0.3497468829154968,0.7187874913215637,0.42742931842803955,0.33037978410720825,0.8788440227508545,0.31254732608795166,1.2844886779785156,0.3297882080078125,0.3819464445114136,0.0,0.36770132184028625,0.37373432517051697,0.0,0.3788716495037079,0.37544581294059753,0.37496933341026306,0.4715312123298645,0.23645159602165222,0.64988112449646,0.1346392035484314,0.2026929259300232,0.07079862058162689,0.4329426884651184,1.1101081371307373,0.362967848777771,0.2625592350959778,0.4352705180644989,0.0,0.0,0.0,0.015878288075327873,0.39183667302131653,0.4491351246833801,0.0,0.2897263467311859,0.4812677204608917,0.04893858730792999,0.00855102576315403,0.3216245472431183,0.5498356223106384,0.0,0.4759674072265625,0.9901652932167053,0.40346118807792664,0.0,1.2781885862350464,0.4053053557872772,0.44602251052856445,0.0,0.05711653456091881,0.3865393102169037,1.0635675191879272,0.24408800899982452,0.06083110719919205,0.36518558859825134,0.0,0.002839818596839905,0.9887155294418335,0.0,0.04453723132610321,0.7957373857498169,0.4487309157848358,0.033195920288562775,0.0,0.44610482454299927,0.3395332992076874,0.6392427682876587,0.05561202019453049,0.40829548239707947,0.17899847030639648,0.0,0.012147302739322186,0.0,0.3598076403141022,0.44130951166152954,0.4149128496646881,0.16895052790641785,0.4459429085254669,0.0,0.8762800693511963,1.1436549425125122,0.5819379091262817,0.3300739526748657,0.0,0.34613022208213806,0.0,0.010301305912435055,0.0,0.4301967918872833,1.4295357465744019,0.15883277356624603,0.9545932412147522,0.0,0.0,0.7382605075836182,1.2549906969070435,0.0,0.4175252914428711,0.7748559713363647,0.0,0.3624805808067322
0,0.20018161833286285,0.04495749622583389,1.0424647331237793,0.6648942232131958,0.7822592854499817,0.6202228665351868,0.14519180357456207,0.0949944406747818,0.12416718155145645,0.06841477751731873,0.05172542855143547,0.07955227047204971,0.06133030727505684,0.08247317373752594,0.14165973663330078,0.12694692611694336,0.29813089966773987,0.5123453736305237,0.07349734008312225,0.6410092711448669,0.10666561126708984,0.4744027554988861,0.5878739356994629,0.10513030737638474,0.14420291781425476,0.17897486686706543,0.5144902467727661,0.0698825940489769,0.31935492157936096,0.13665686547756195,0.023345069959759712,0.06730964034795761,0.12715445458889008,0.34379011392593384,0.1393301784992218,0.15083371102809906,0.04437290504574776,0.11843505501747131,0.9690711498260498,0.13379326462745667,1.0491529703140259,0.8101872801780701,0.91472327709198,0.6209989190101624,0.11746497452259064,0.07342535257339478,0.20696258544921875,1.1447906494140625,0.06741046905517578,0.8423387408256531,0.5572414994239807,0.09395282715559006,1.0102885961532593,0.09453078359365463,0.04738090559840202,1.083910346031189,0.13585536181926727,0.5920569896697998,0.8338621258735657,0.08261622488498688,0.17925742268562317,0.09871424734592438,0.18454401195049286,0.21572940051555634,0.6855160593986511,0.17845839262008667,0.04207826778292656,0.1447431892156601,0.7264129519462585,0.17615559697151184,0.6642115712165833,0.1007353663444519,0.17254045605659485,0.14478151500225067,0.950257420539856,0.121262326836586,0.14953729510307312,0.0411103218793869,0.16090227663516998,0.9231924414634705,0.12463081628084183,0.16917645931243896,0.15285265445709229,0.06274274736642838,0.08193991333246231,0.09603005647659302,0.7314677238464355,0.09768380224704742,0.013109315186738968,0.13693828880786896,0.07586131244897842,0.4296976625919342,0.21629542112350464,0.09763289988040924,0.13348107039928436,0.18598301708698273,0.10921775549650192,0.08328427374362946,0.5841943025588989,0.08727368712425232,0.7367570996284485,0.04851001128554344,0.15904323756694794,0.6880515813827515,0.07917632162570953,0.1064186692237854,0.5085775256156921,0.09014976769685745,0.20137614011764526,1.1643425226211548,0.1254834234714508,0.11221998929977417,0.3712102174758911,1.0093631744384766,0.025727221742272377,0.7242166996002197,0.11615841835737228,0.2418578714132309,0.03509601205587387,0.1052362322807312,0.10628286749124527,0.01639287918806076,0.02491748332977295,0.6134822964668274,0.18798230588436127,0.21552202105522156,0.12355495989322662,0.9090942144393921,0.49896112084388733,1.046860694885254,0.6281167268753052,0.6227645874023438,1.30217444896698,0.857560396194458,0.3445260524749756,0.12812058627605438,0.5205326080322266,0.12700770795345306,0.033896081149578094,0.8147643804550171,0.6003169417381287,1.0063704252243042,0.8046217560768127,0.11867004632949829,0.4638306796550751,0.06106012687087059,0.10300981253385544,0.09865713119506836,0.7690935730934143,1.2509878873825073,0.46001556515693665,0.06103820353746414,0.7722662091255188,0.18284738063812256,0.10213903337717056,0.597461462020874,0.17798002064228058,1.1034939289093018,1.115502119064331,0.6469183564186096,0.5115197896957397,0.6063880920410156,0.08572622388601303,0.453444242477417,0.08943165093660355,0.6185179948806763,0.9554356336593628,0.1238962784409523,0.02861936390399933,0.515065610408783,0.9470195770263672,0.56708163022995,0.03452862426638603,0.2177785187959671,0.05481959506869316,0.0586220920085907,0.08058370649814606,0.36372995376586914,0.17501795291900635,0.7112380266189575,0.8960469365119934,0.17608411610126495,0.10941261053085327,0.13704881072044373,0.13577499985694885,0.08561445027589798,0.011352318339049816,0.46230942010879517,0.07521522790193558,1.1572879552841187,0.45723357796669006,0.10783278197050095,0.10888899862766266,0.45922762155532837,0.8510627746582031,0.155721977353096,0.7939209938049316,0.17164073884487152,0.492676317691803,0.1686447411775589,0.2578531503677368,0.44504314661026,0.4667398929595947,0.22273097932338715,0.047657568007707596,0.7269729971885681,0.18030023574829102,0.12124404311180115,0.1053263321518898,0.8068178296089172,0.10483986884355545,0.07887805998325348,0.18478266894817352,0.18877533078193665,0.031115299090743065,0.16374686360359192,0.4411553740501404,0.09505564719438553,0.08752760291099548,0.7430564761161804,0.7216041684150696,0.20189812779426575,0.03482138365507126,0.4595049321651459,0.1958264410495758,0.1059391126036644,0.13554377853870392,0.06559344381093979,0.8258470892906189,0.6213347315788269,0.5907031893730164,0.037522368133068085,0.4512968063354492,0.1120305061340332,0.13414527475833893,0.1308736354112625,0.19649569690227509,0.18178091943264008,0.35688117146492004,0.8962519764900208,0.1229340210556984,0.07362411916255951,0.16253283619880676,0.5909281969070435,0.4212525188922882,0.1001042053103447,0.14055417478084564,0.20469145476818085,0.08173700422048569,0.333204060792923,0.1915474385023117,0.19660593569278717,0.4714244306087494,0.04756217822432518,0.182210311293602,0.6210906505584717
1,0.8612578511238098,0.6566948890686035,0.40861016511917114,0.3232446610927582,0.2723183333873749,0.29818272590637207,0.7427249550819397,0.7375752329826355,0.7188661098480225,0.5602344870567322,0.668940007686615,0.7519868612289429,0.7499966025352478,0.7078654766082764,0.2643029987812042,0.44952088594436646,0.4497206211090088,0.2888557016849518,0.6689594984054565,0.9582163691520691,0.7420525550842285,0.2411942183971405,0.42887845635414124,0.7179951071739197,0.7762532234191895,0.6823403835296631,0.34656086564064026,0.6182072758674622,0.2512953281402588,0.777157723903656,0.6839288473129272,0.6966792941093445,0.6953034400939941,0.25193753838539124,0.3961688280105591,0.35679253935813904,0.7211125493049622,0.7952836155891418,0.362520694732666,0.6728476881980896,0.45268937945365906,0.40686434507369995,0.3936156630516052,0.22625815868377686,0.7113235592842102,0.7320351600646973,0.37789082527160645,0.3022327721118927,0.42127659916877747,0.2898428440093994,0.35027554631233215,0.6417768001556396,0.18021728098392487,0.7693816423416138,0.6952884793281555,0.33494725823402405,0.848397970199585,0.37412407994270325,0.35596999526023865,0.591339647769928,0.384959876537323,0.39942219853401184,1.0992298126220703,0.4085746705532074,0.28262925148010254,0.36727964878082275,0.6706730127334595,0.38157176971435547,0.32493725419044495,0.7255588173866272,0.42030948400497437,0.6738730072975159,0.23174044489860535,0.13251973688602448,0.3306313753128052,0.26087242364883423,0.7116900086402893,0.5484288930892944,0.1565302461385727,0.36097776889801025,0.7494388222694397,0.3763371706008911,0.29702210426330566,0.6960092186927795,0.7721692323684692,0.5350232720375061,0.44563859701156616,0.7830491065979004,0.6582562923431396,0.7691196203231812,0.7541865706443787,0.4754470884799957,0.3838430345058441,0.7210140228271484,0.20129190385341644,0.3811705410480499,0.2946804463863373,0.5830218195915222,0.262395977973938,0.7030858397483826,0.2758852541446686,0.6901903748512268,0.7862308621406555,0.44702601432800293,0.6728395223617554,0.6941864490509033,0.2049880027770996,0.7021105289459229,0.7127783894538879,0.3983481824398041,0.7877214550971985,0.3308793902397156,0.641570508480072,0.3552004098892212,0.12604352831840515,0.3695693910121918,0.3016534447669983,0.32521119713783264,0.6569039225578308,0.7203333973884583,0.7902020215988159,0.6427703499794006,0.6743482947349548,0.2546188533306122,0.6344171166419983,0.35782289505004883,0.7825957536697388,0.38420799374580383,0.4222394526004791,0.3595214784145355,0.4090123176574707,0.39785999059677124,0.3776223659515381,0.24332748353481293,0.3242594003677368,0.7766959071159363,0.30076488852500916,0.746661365032196,0.7418903112411499,0.2631374001502991,0.2612949311733246,0.24988575279712677,0.36850860714912415,0.7455813884735107,0.37311291694641113,0.6931607723236084,0.766986072063446,0.7187355756759644,0.38097381591796875,0.3868713676929474,0.36122846603393555,0.7739906311035156,0.39595189690589905,0.3161317706108093,0.654528021812439,0.22125327587127686,0.31761813163757324,0.3734827935695648,0.3505633473396301,0.6617171168327332,0.18064047396183014,0.4189732074737549,0.7899622917175293,0.4080643653869629,0.7550726532936096,0.38326817750930786,0.2796913981437683,0.7596483826637268,0.7566492557525635,0.2541084885597229,0.46036943793296814,0.2446480095386505,0.6742465496063232,0.9204500317573547,0.6494165062904358,0.632784903049469,0.6608452796936035,0.44011521339416504,0.35186395049095154,0.31801876425743103,0.6622477769851685,0.27503708004951477,0.648277759552002,0.8147659301757812,0.6473491787910461,0.7310952544212341,0.656293511390686,0.4434850215911865,0.7315861582756042,0.20370541512966156,0.3704630434513092,0.7325957417488098,0.8705796599388123,0.3238062262535095,0.2586914598941803,0.798816978931427,0.35453471541404724,0.3658081293106079,0.3871549665927887,0.7289142608642578,0.36049848794937134,0.37315255403518677,0.41256335377693176,0.788044273853302,0.6689562201499939,0.3684656620025635,0.30486559867858887,0.760513424873352,0.8346169590950012,0.31913113594055176,0.7035069465637207,0.7477107048034668,0.37373805046081543,0.6909095644950867,0.5380002856254578,0.3675078749656677,0.43232184648513794,0.6905390024185181,0.5606656074523926,0.42816296219825745,0.4034213423728943,0.3234522342681885,0.7577774524688721,0.24930861592292786,0.7236801981925964,0.681296169757843,0.6646074056625366,0.6399016380310059,0.33140793442726135,0.4108099341392517,0.32272887229919434,0.6649791598320007,0.3291209042072296,0.7947465181350708,0.4542800486087799,0.416364848613739,0.28021085262298584,0.2593335211277008,0.9189387559890747,0.32498034834861755,0.7254002690315247,0.7328385710716248,0.7426993250846863,0.2850668132305145,0.3903953433036804,0.7392216324806213,0.32722029089927673,0.8595478534698486,0.7280778288841248,0.2701965570449829,0.391415536403656,0.6923143267631531,0.39452293515205383,0.6551237106323242,0.835250973701477,0.4122561812400818
1,1.2319741249084473,0.9661909341812134,0.06284787505865097,0.014619994908571243,0.005002325866371393,0.0,1.064611792564392,1.1249539852142334,1.0485292673110962,0.7873280048370361,0.9596689939498901,1.073030710220337,1.1029037237167358,1.080074429512024,0.16988661885261536,0.49103039503097534,0.1746545135974884,0.07827728986740112,0.9459730386734009,1.2369625568389893,1.0298632383346558,0.09973148256540298,0.00953364372253418,1.0806546211242676,1.1258689165115356,0.9475408792495728,0.012886283919215202,0.8867862224578857,0.04625526815652847,1.0943050384521484,0.9731458425521851,1.0667340755462646,1.0023866891860962,0.016451144590973854,0.6795068979263306,0.24711142480373383,1.0373950004577637,1.1412575244903564,0.0,1.1212080717086792,0.5209479928016663,0.006823328789323568,0.0,0.036976467818021774,1.0524096488952637,1.0269874334335327,0.27880945801734924,0.003044201759621501,0.6314767003059387,0.11376763880252838,0.027801990509033203,0.9921391010284424,0.08169682323932648,1.1179172992706299,1.026261329650879,0.0,1.2446231842041016,0.0,0.0,0.641419529914856,0.021181778982281685,0.36291614174842834,1.3673349618911743,0.15448075532913208,0.011629204265773296,0.2618113160133362,0.954953670501709,0.32461121678352356,0.05513681843876839,1.061824083328247,0.027010440826416016,1.0186256170272827,0.05535420775413513,0.26130732893943787,0.018947714939713478,0.11850567907094955,1.0653940439224243,0.8671920299530029,0.16754598915576935,0.002637913916260004,1.0997430086135864,0.2728588581085205,0.1968214213848114,1.0420141220092773,1.1104425191879272,0.8077905178070068,0.05494875833392143,1.1401572227478027,0.9163114428520203,1.1483705043792725,1.0647464990615845,0.018028246238827705,0.29214006662368774,0.9862208366394043,0.18359914422035217,0.26846930384635925,0.09000448137521744,0.6932458877563477,0.09458480030298233,1.0409866571426392,0.023781105875968933,0.9732807278633118,1.135311245918274,0.028909727931022644,1.02788507938385,1.015334129333496,0.06376194208860397,0.9862814545631409,1.0650826692581177,0.00968130026012659,1.160400390625,0.28532928228378296,0.8381721377372742,0.009518483653664589,0.21780678629875183,0.0,0.20848730206489563,0.24027515947818756,0.9534029960632324,1.053878903388977,1.1954312324523926,0.9093616604804993,0.9794198870658875,0.012703325599431992,0.9588043689727783,0.2604285180568695,1.1145251989364624,0.11725006252527237,0.01733112335205078,0.0,0.012167013250291348,0.016882915049791336,0.011858334764838219,0.016651349142193794,0.024086937308311462,1.1410859823226929,0.030159134417772293,1.0960386991500854,1.0758477449417114,0.07038486748933792,0.023083539679646492,0.035777319222688675,0.034972239285707474,1.1262708902359009,0.03952972590923309,1.0055787563323975,1.1163877248764038,1.046997308731079,0.05001118406653404,0.009766539558768272,0.009386012330651283,1.096111536026001,0.013183869421482086,0.09922375530004501,0.8416642546653748,0.0693165734410286,0.22143764793872833,0.0,0.0,0.8764570355415344,0.10412750393152237,0.28050893545150757,1.0990983247756958,0.1177121177315712,1.128995418548584,0.0,0.04239795356988907,1.1503993272781372,1.0569441318511963,0.054931413382291794,0.08999019861221313,0.05331270396709442,0.9812886118888855,1.0647956132888794,0.9748970866203308,0.9097194671630859,1.011962652206421,0.21617382764816284,0.23919366300106049,0.0,0.5117946863174438,0.10213003307580948,1.0292093753814697,1.1597853899002075,0.967226505279541,1.0886532068252563,0.9345556497573853,0.05237313732504845,1.1038215160369873,0.02624327503144741,0.05004153028130531,0.9955266714096069,1.2426767349243164,0.1668596714735031,0.01799592562019825,1.2002135515213013,0.0,0.26008033752441406,0.06959909200668335,1.1411170959472656,0.2834424674510956,0.14858146011829376,0.0,1.169812560081482,0.968658447265625,0.0,0.19079475104808807,1.1199839115142822,1.2125910520553589,0.021230598911643028,1.036699652671814,1.0969375371932983,0.2800455391407013,1.0430097579956055,0.8453096151351929,0.2773836851119995,0.1134740337729454,1.0139621496200562,0.8834041953086853,0.02387918345630169,0.008057773113250732,0.20975863933563232,1.143147349357605,0.02126152440905571,0.939913272857666,1.0896250009536743,1.0440568923950195,0.9234955310821533,0.008332519792020321,0.022130843251943588,0.038275398313999176,0.9594645500183105,0.22219163179397583,1.116788625717163,0.47126683592796326,0.38232576847076416,0.15367385745048523,0.20727281272411346,1.191219687461853,0.02747078239917755,1.0613309144973755,1.068760871887207,1.1186411380767822,0.02222609892487526,0.2842696011066437,1.0184457302093506,0.2519499659538269,1.188560962677002,1.004319667816162,0.1179543063044548,0.27066126465797424,0.9955398440361023,0.0,0.8534089922904968,1.1695926189422607,0.0
1,0.7863133549690247,0.5982256531715393,0.42222046852111816,0.37186649441719055,0.2970297932624817,0.32469645142555237,0.6831521987915039,0.6879881024360657,0.6586739420890808,0.5187632441520691,0.6117810010910034,0.6843211650848389,0.6869738698005676,0.6571584939956665,0.26430296897888184,0.44634607434272766,0.4122850298881531,0.3127412796020508,0.6119524240493774,0.89360511302948,0.6739336252212524,0.2540217638015747,0.4516846239566803,0.6645578145980835,0.7121926546096802,0.6220088601112366,0.38569390773773193,0.5648606419563293,0.26822489500045776,0.717073917388916,0.6228575706481934,0.6473052501678467,0.6416692137718201,0.264190673828125,0.40950846672058105,0.35679250955581665,0.6558188796043396,0.7344887256622314,0.39306730031967163,0.631604790687561,0.4122398793697357,0.43472015857696533,0.41899335384368896,0.24713869392871857,0.6595015525817871,0.6718072295188904,0.37789082527160645,0.337406188249588,0.42261189222335815,0.30404433608055115,0.3599373698234558,0.6001724004745483,0.1930951476097107,0.7109529376029968,0.6371172070503235,0.35776790976524353,0.782751202583313,0.4001196622848511,0.3748575747013092,0.5692211985588074,0.4088439643383026,0.38834458589553833,1.053899884223938,0.4000076949596405,0.30921101570129395,0.3672795593738556,0.6213270425796509,0.38157182931900024,0.3299875855445862,0.6708682775497437,0.44120752811431885,0.6261105537414551,0.24164161086082458,0.1283131092786789,0.3613649010658264,0.22981999814510345,0.6580009460449219,0.5108569860458374,0.1567351222038269,0.40291664004325867,0.6887230277061462,0.3763371706008911,0.29702210426330566,0.6375640630722046,0.703985869884491,0.49458497762680054,0.4623645842075348,0.7216903567314148,0.6039923429489136,0.7177125811576843,0.6963733434677124,0.4720371961593628,0.3838430643081665,0.6516203284263611,0.20129188895225525,0.3811705708503723,0.28276675939559937,0.5527702569961548,0.27811017632484436,0.6506390571594238,0.29816827178001404,0.6238723397254944,0.7284762263298035,0.4594435691833496,0.6253112554550171,0.6370824575424194,0.22166061401367188,0.6377058625221252,0.6684773564338684,0.4383212625980377,0.7293320894241333,0.3308793902397156,0.5870932936668396,0.3858322501182556,0.12604349851608276,0.4019617736339569,0.3016534149646759,0.32521113753318787,0.5950686931610107,0.6617366075515747,0.7309574484825134,0.5827825665473938,0.6128179430961609,0.27527832984924316,0.5871589779853821,0.35782286524772644,0.7217663526535034,0.3886876404285431,0.4338016211986542,0.37826138734817505,0.4385782480239868,0.41486048698425293,0.4138741195201874,0.27450594305992126,0.3362731635570526,0.719889223575592,0.31854936480522156,0.6872849464416504,0.6802114844322205,0.28403323888778687,0.2636164426803589,0.2659861147403717,0.3805917799472809,0.6856012344360352,0.37341073155403137,0.6264954805374146,0.7098305821418762,0.6618329286575317,0.39748841524124146,0.42553460597991943,0.387482613325119,0.7082802057266235,0.41423162817955017,0.32339754700660706,0.6018332242965698,0.23486588895320892,0.31761810183525085,0.41434597969055176,0.3744851350784302,0.5947572588920593,0.20675146579742432,0.4244558811187744,0.723258376121521,0.405112087726593,0.7001597881317139,0.4020119905471802,0.29997551441192627,0.7039378881454468,0.6947826147079468,0.25769639015197754,0.4650132954120636,0.2600788474082947,0.599375307559967,0.8507881760597229,0.5951682329177856,0.5785082578659058,0.6154139637947083,0.4241796135902405,0.35186395049095154,0.34163975715637207,0.6408705711364746,0.2846284508705139,0.6080374121665955,0.7482097744941711,0.6164801716804504,0.6648709774017334,0.6026174426078796,0.4626258611679077,0.6797948479652405,0.2359815537929535,0.3774499297142029,0.6672266125679016,0.8091149926185608,0.33539971709251404,0.29053062200546265,0.7469191551208496,0.3764219284057617,0.3658081293106079,0.4058012068271637,0.6734095215797424,0.3604985177516937,0.3858937919139862,0.4256296455860138,0.7278553247451782,0.6152133941650391,0.4001609683036804,0.30486559867858887,0.7027415633201599,0.7744628190994263,0.35114943981170654,0.6474021673202515,0.6904930472373962,0.37373805046081543,0.654284656047821,0.49813175201416016,0.3675079345703125,0.44000178575515747,0.6334341168403625,0.5248081684112549,0.4543043076992035,0.3986763060092926,0.3234522044658661,0.6943129897117615,0.2597953677177429,0.6541985869407654,0.6342102289199829,0.630858838558197,0.5795627236366272,0.3649161458015442,0.44597068428993225,0.3660709261894226,0.6016616225242615,0.36305129528045654,0.7225679159164429,0.4498518705368042,0.4094780385494232,0.27437758445739746,0.25933346152305603,0.8437504768371582,0.3511962890625,0.6689530611038208,0.6660963296890259,0.6946969032287598,0.3086331784725189,0.3903953731060028,0.6829375624656677,0.3272203207015991,0.7861472964286804,0.6619434952735901,0.2793310880661011,0.391415536403656,0.6446661949157715,0.39644473791122437,0.6197140216827393,0.7701790928840637,0.4300791323184967
1,1.289659023284912,0.992838442325592,0.12808622419834137,0.0,0.013586354441940784,0.0,1.0322834253311157,1.0874615907669067,1.015665888786316,0.843061625957489,0.9848856329917908,1.0744317770004272,1.1036289930343628,1.0344772338867188,0.31126663088798523,0.6654880046844482,0.0,0.0760473757982254,0.9814952611923218,1.137496829032898,1.0765143632888794,0.18884629011154175,0.0,1.0358093976974487,1.1226547956466675,0.9455572366714478,0.0,0.9003006219863892,0.06392951309680939,1.0622849464416504,0.9951188564300537,1.0068533420562744,1.0004734992980957,0.013660830445587635,0.5732239484786987,0.46347877383232117,1.0758720636367798,1.1126362085342407,0.0,0.9252219796180725,0.6062424778938293,0.0,0.0,0.05140021815896034,1.0086007118225098,1.0476258993148804,0.5141186118125916,0.0,0.7083235383033752,0.19786137342453003,0.0,0.9841169118881226,0.1980701982975006,1.1043782234191895,0.9816749095916748,0.0,1.1827222108840942,0.0,0.0,0.9126338958740234,0.0,0.5871027708053589,1.7521167993545532,0.005271682050079107,0.0,0.4877922236919403,1.0390751361846924,0.5244725942611694,0.006305721588432789,0.9801336526870728,0.0,0.9833436608314514,0.07098910212516785,0.13633738458156586,0.00284575461409986,0.0,1.0005310773849487,0.8707425594329834,0.16862797737121582,0.0,1.0593029260635376,0.49240046739578247,0.37500426173210144,1.0495216846466064,1.1069165468215942,0.8113550543785095,0.0,1.0983294248580933,0.9882810115814209,1.1037499904632568,1.1120333671569824,0.0,0.5289298892021179,1.0065407752990723,0.2411123663187027,0.5133295655250549,0.17068195343017578,0.8918628096580505,0.17362670600414276,1.0261563062667847,0.058949731290340424,1.0313118696212769,1.0901172161102295,0.0,0.9817436337471008,0.9785217046737671,0.08025522530078888,1.0112382173538208,0.9501168727874756,0.0,1.133503794670105,0.4743114411830902,0.8352619409561157,0.026798414066433907,0.12363439053297043,0.0,0.38351544737815857,0.4549506902694702,0.9784609079360962,0.9958264827728271,1.1483616828918457,0.9624822735786438,1.0096471309661865,0.0,0.8620157837867737,0.47660180926322937,1.1273562908172607,0.0,0.0,0.0,0.0,0.0,0.0,0.03881865367293358,0.0,1.1161326169967651,0.04189028963446617,1.069527506828308,1.101096272468567,0.13100160658359528,0.04303784668445587,0.06729194521903992,0.0,1.0696336030960083,0.0,1.0134222507476807,1.1005377769470215,1.0455303192138672,0.0,0.0,0.0,1.1569342613220215,0.0,0.2080441117286682,0.9940462112426758,0.06486108154058456,0.4103966951370239,0.0,0.0,0.9551015496253967,0.01004871353507042,0.555591344833374,1.1598283052444458,0.0,1.1229664087295532,0.0,0.07247559726238251,1.0996266603469849,1.1360636949539185,0.10913693159818649,0.0,0.09747934341430664,0.9976116418838501,1.3217740058898926,0.9858136773109436,0.9187730550765991,0.9598134756088257,0.0,0.4567095637321472,0.0,0.4100397229194641,0.15897902846336365,0.9632911682128906,1.1109479665756226,0.8916289806365967,1.0762664079666138,0.9848959445953369,0.0,1.044853687286377,0.061236023902893066,0.0,1.0094202756881714,1.162577748298645,0.0,0.030681319534778595,1.1156866550445557,0.0,0.5142598748207092,0.0,1.0153285264968872,0.5121656060218811,0.0,0.0,1.0661507844924927,0.979159951210022,0.0,0.3957522213459015,1.091259479522705,1.2206084728240967,0.0,1.0151668787002563,1.0783053636550903,0.4962674081325531,0.932533860206604,0.8270397782325745,0.4781416952610016,0.0,0.9898374676704407,0.834252119064331,0.0,0.0,0.4243044853210449,1.147670865058899,0.039029285311698914,0.9770144820213318,0.9569103717803955,1.0178297758102417,0.9448198676109314,0.0,0.0,0.0,1.0110770463943481,0.045658014714717865,1.1299004554748535,0.6651179790496826,0.6271848678588867,0.31372448801994324,0.33704593777656555,1.2124383449554443,0.0,1.052444577217102,1.082683801651001,1.0291434526443481,0.0,0.5414571166038513,1.0596745014190674,0.44319021701812744,1.163922905921936,1.007347583770752,0.19966720044612885,0.5079646706581116,0.8871688842773438,0.0,1.034800410270691,1.152764916419983,0.0
1,0.9932480454444885,0.7570955753326416,0.08597777038812637,0.00919101107865572,0.006623804569244385,0.0,0.8040406703948975,0.9041184782981873,0.788641095161438,0.5992839932441711,0.7883293032646179,0.7897422313690186,0.8267103433609009,0.8588879704475403,0.27355533838272095,0.5785104036331177,0.11581500619649887,0.08148852735757828,0.7446016669273376,0.8896039128303528,0.8091138005256653,0.13250979781150818,0.006632088217884302,0.8524572849273682,0.8724181652069092,0.6628761291503906,0.0098521513864398,0.68845134973526,0.05339297279715538,0.8199962377548218,0.7561109662055969,0.8746483325958252,0.7647655606269836,0.016390083357691765,0.7357132434844971,0.3896249234676361,0.7962595224380493,0.8578463196754456,0.0,0.958816647529602,0.34565770626068115,0.005040163639932871,0.0,0.043591372668743134,0.8221534490585327,0.7931327819824219,0.4077172577381134,0.001909205224364996,0.6930849552154541,0.1400398164987564,0.02161920629441738,0.866687536239624,0.12447527050971985,0.8886931538581848,0.7843657732009888,0.0,0.946668267250061,0.0,0.0,0.7299312353134155,0.0124911954626441,0.4425104260444641,1.3324569463729858,0.11399608105421066,0.006910013034939766,0.40109625458717346,0.7872756719589233,0.4531366229057312,0.045577965676784515,0.8597215414047241,0.017835576087236404,0.8352394700050354,0.06146736815571785,0.22702579200267792,0.012301672250032425,0.0906318798661232,0.8579193353652954,0.7489743828773499,0.19895148277282715,0.0025439776945859194,0.853001594543457,0.41727712750434875,0.3112163245677948,0.841252863407135,0.820787787437439,0.6913354396820068,0.03928311541676521,0.8751432299613953,0.7363821864128113,0.9222184419631958,0.8553686141967773,0.010611813515424728,0.41900667548179626,0.7334886193275452,0.2583290636539459,0.41110944747924805,0.11717435717582703,0.6663273572921753,0.12492009997367859,0.8045073747634888,0.033887919038534164,0.7387293577194214,0.8696132302284241,0.022314179688692093,0.8361918330192566,0.7774481177330017,0.07264743745326996,0.7650231719017029,0.8866579532623291,0.00624545942991972,0.9348166584968567,0.40866559743881226,0.5982900857925415,0.015064709819853306,0.3020687997341156,0.0,0.33693578839302063,0.34486544132232666,0.7424870133399963,0.8141955733299255,0.9547043442726135,0.685047447681427,0.7793855667114258,0.009423548355698586,0.7736226320266724,0.39543482661247253,0.9207007884979248,0.07696373015642166,0.01189490593969822,0.0,0.008620860055088997,0.012714069336652756,0.007501936983317137,0.021770749241113663,0.01925482228398323,0.8748297095298767,0.03454612195491791,0.8576582670211792,0.8294708728790283,0.09208277612924576,0.029435789212584496,0.04880490154027939,0.02305806614458561,0.878419041633606,0.025232912972569466,0.7412877678871155,0.863007664680481,0.8064851760864258,0.03871450573205948,0.005907631944864988,0.0071952310390770435,0.875521719455719,0.00921336654573679,0.1594298779964447,0.7138000726699829,0.08838368952274323,0.34318551421165466,0.0,0.0,0.6197250485420227,0.0846230611205101,0.42495837807655334,0.8839102387428284,0.08367235213518143,0.8994232416152954,0.0,0.05280347168445587,0.9257648587226868,0.8717342019081116,0.07269350439310074,0.053048841655254364,0.07146213948726654,0.7138497829437256,0.8584920763969421,0.7637706398963928,0.7279862761497498,0.8417465090751648,0.16312295198440552,0.3850550353527069,0.0,0.32156652212142944,0.12770897150039673,0.8611677289009094,0.8513503670692444,0.784441351890564,0.8445978164672852,0.7524193525314331,0.041120804846286774,0.8608993887901306,0.03909013420343399,0.04230425879359245,0.7614341974258423,0.962917685508728,0.11877546459436417,0.022550860419869423,0.9493657350540161,0.0,0.38617923855781555,0.051786527037620544,0.8956069946289062,0.3938739001750946,0.10708747059106827,0.0,0.891305148601532,0.7827187776565552,0.0,0.31017258763313293,0.8640821576118469,0.9696425795555115,0.013351219706237316,0.8028629422187805,0.8475099802017212,0.4021844267845154,0.8485008478164673,0.7409756779670715,0.41237032413482666,0.08330234885215759,0.8004887700080872,0.7632525563240051,0.017803531140089035,0.003869656240567565,0.3180728852748871,0.9014663100242615,0.027713024988770485,0.6732341051101685,0.8778639435768127,0.9178653359413147,0.7015979886054993,0.005964058917015791,0.01366619486361742,0.029439091682434082,0.7258749604225159,0.1725543588399887,0.8199378848075867,0.5978184342384338,0.4704287350177765,0.22693195939064026,0.3045024871826172,0.9051489233970642,0.017792513594031334,0.8241702318191528,0.8202044367790222,0.8897737860679626,0.01557043008506298,0.40471190214157104,0.8286512494087219,0.3921322822570801,0.9152621030807495,0.7314456701278687,0.16244201362133026,0.4179733097553253,0.7730827927589417,0.0,0.7676138281822205,0.8949929475784302,0.0
0,0.6746403574943542,0.23316967487335205,0.20178377628326416,0.1713605523109436,0.18708796799182892,0.25190266966819763,0.07697843015193939,0.1682591736316681,0.10220834612846375,0.012251527979969978,0.3591812252998352,0.0008704696665517986,0.1492748260498047,0.056880414485931396,0.6699824333190918,0.6362838745117188,0.3531345725059509,0.2458149641752243,0.2476952075958252,0.0,0.18937727808952332,0.3244367241859436,0.255954384803772,0.061360932886600494,0.1578514575958252,0.07340104877948761,0.2648545801639557,0.264789342880249,0.2377663254737854,0.03961076959967613,0.37346065044403076,0.23157306015491486,0.024886958301067352,0.23886840045452118,0.767917811870575,1.0963338613510132,0.21672643721103668,0.04437755048274994,0.13917997479438782,0.2651064097881317,0.3784327507019043,0.2511613070964813,0.1983485221862793,0.23244306445121765,0.07657438516616821,0.12424737215042114,1.004448652267456,0.13531869649887085,0.16399821639060974,0.3398512005805969,0.2852109372615814,0.6806281805038452,0.2058960646390915,0.11847227811813354,0.05567191168665886,0.160218745470047,0.023873768746852875,0.23667779564857483,0.21882735192775726,1.6189584732055664,0.32000046968460083,1.132161259651184,1.3589215278625488,0.2897600531578064,0.22677519917488098,1.1245551109313965,0.2512482702732086,1.0098036527633667,0.20671789348125458,0.0879519134759903,0.25663113594055176,0.2662960886955261,0.2984485924243927,0.025131292641162872,0.21100622415542603,0.3277069628238678,0.0804063230752945,0.6066251397132874,0.21417273581027985,0.212185800075531,0.1188737079501152,1.1519968509674072,0.7280537486076355,0.6416500806808472,0.04384905472397804,0.05552009120583534,0.20618480443954468,0.030063128098845482,0.5375065803527832,0.1993018090724945,0.48041823506355286,0.3111635446548462,0.91185063123703,0.0,0.5297586917877197,1.2299305200576782,0.36985257267951965,0.6198424100875854,0.3550107479095459,0.0614529550075531,0.20849502086639404,0.31770673394203186,0.06756196916103363,0.2802867889404297,0.06949133425951004,0.10539792478084564,0.2426859438419342,0.32158762216567993,0.05777444690465927,0.17172574996948242,0.3519100248813629,0.9503260850906372,0.0,0.1719992756843567,1.1319663524627686,0.17269423604011536,1.0314446687698364,1.0579957962036133,0.36146247386932373,0.1409604847431183,0.21430189907550812,0.34332284331321716,0.48098406195640564,0.21174927055835724,0.05544731020927429,1.0690582990646362,0.3745671510696411,0.19744978845119476,0.30149605870246887,0.1450727880001068,0.25974029302597046,0.21315765380859375,0.14180418848991394,0.20317737758159637,0.28042981028556824,0.055433716624975204,0.2413588911294937,0.14152462780475616,0.2795630097389221,0.36458978056907654,0.218540757894516,0.2770642638206482,0.19943389296531677,0.021122615784406662,0.2563631236553192,0.028471358120441437,0.07293852418661118,0.04700794816017151,0.23402653634548187,0.17178909480571747,0.2802213430404663,0.30869540572166443,0.23407237231731415,0.5168507695198059,0.5675328969955444,0.23114269971847534,0.6238614916801453,0.20085394382476807,0.14678353071212769,0.8423885107040405,0.18835227191448212,1.2766008377075195,0.5687323212623596,0.2529809772968292,0.09950133413076401,0.2069300413131714,0.22911754250526428,0.1192043274641037,0.5148235559463501,0.2503240406513214,0.23851101100444794,0.2826197147369385,0.28935009241104126,0.4748251438140869,0.3722045123577118,0.4500684142112732,0.3637608289718628,0.2932368814945221,1.1335766315460205,0.1700173318386078,0.08965618908405304,0.3151129484176636,0.06870176643133163,0.02417675033211708,0.0031394553370773792,0.1663852035999298,0.5817481279373169,0.2821292281150818,0.04338241368532181,0.08847565948963165,0.30411773920059204,0.1356678307056427,0.08931909501552582,0.25756004452705383,0.3037185072898865,0.06922866404056549,0.27790191769599915,0.9538661241531372,0.24790909886360168,0.06088460981845856,1.1034144163131714,0.2362160086631775,0.25486499071121216,0.0,0.265295147895813,0.2223258912563324,0.9848054647445679,0.3982061743736267,0.14080458879470825,0.19989222288131714,0.05094393342733383,0.10529035329818726,0.8650764226913452,0.04588345065712929,0.36422064900398254,0.8553998470306396,0.26276201009750366,0.19721972942352295,0.16992881894111633,0.24798530340194702,0.23445400595664978,0.5187051296234131,0.2952827513217926,0.21371564269065857,0.1132723018527031,0.06590381264686584,0.2745119035243988,0.03749560937285423,0.2007308304309845,0.25524353981018066,0.27140289545059204,0.2741492986679077,0.332693487405777,0.0,1.0306044816970825,1.2401684522628784,0.47797495126724243,0.43309369683265686,0.030866418033838272,0.1858529895544052,0.055219944566488266,0.0861746296286583,0.03682547062635422,0.2197330892086029,1.1902377605438232,0.33182933926582336,1.06638765335083,0.12584172189235687,0.058486077934503555,0.565873384475708,1.0818860530853271,0.048088159412145615,0.27957919239997864,0.8987323045730591,0.02212625741958618,0.18327046930789948
0,0.04497107118368149,0.0,0.9000326991081238,0.44188016653060913,0.5098540186882019,0.4177253246307373,0.0,0.0,0.0,0.0,0.0019958247430622578,0.0,0.0,0.0,0.6608813405036926,0.6394566893577576,0.08223830908536911,0.39703449606895447,0.015322837047278881,0.19213831424713135,0.0,0.6808441281318665,0.4008396565914154,0.0,0.0,0.021923543885350227,0.4059317409992218,0.0,0.25527551770210266,0.0,0.06976362317800522,0.0,0.0,0.25226205587387085,0.06380746513605118,0.8613151907920837,0.023200493305921555,0.0,0.7175840735435486,0.0,1.1277425289154053,0.4786852300167084,0.5338342785835266,0.46558287739753723,0.0,0.0,1.0266660451889038,0.616145133972168,0.06218010187149048,0.8874709010124207,0.35276809334754944,0.009281747974455357,1.031922459602356,0.056062180548906326,0.0,0.6560759544372559,0.0,0.34239864349365234,0.5104925036430359,0.9449206590652466,0.1709800809621811,0.7953934073448181,1.053013563156128,0.03808865323662758,0.4197845458984375,0.9310668110847473,0.04086818918585777,0.8445958495140076,0.35948365926742554,0.0,0.4387621283531189,0.0,0.20945414900779724,0.031661804765462875,0.5348160862922668,0.005324501544237137,0.0,0.024353960528969765,0.32122570276260376,0.5335040092468262,0.0,0.9810594320297241,0.6952340006828308,0.03958820179104805,0.0,0.0,0.3987126350402832,0.0,0.04456719383597374,0.0,0.010855115018785,0.2776009440422058,1.1711288690567017,0.0,0.4119405150413513,1.1408535242080688,0.30705705285072327,0.4756242632865906,0.7036860585212708,0.0,0.6421962380409241,0.020853085443377495,0.0,0.39342135190963745,0.0,0.0,0.4451372027397156,0.0074325501918792725,0.0,0.5687385201454163,0.0,0.6261375546455383,0.1396622508764267,0.7626594305038452,0.17230485379695892,0.47030025720596313,0.6987630724906921,1.1828441619873047,0.008577144704759121,0.0,0.0,0.1339680552482605,0.0,0.3906960189342499,0.0,1.0985304117202759,0.008658845908939838,0.38947972655296326,0.3350154757499695,0.6127020716667175,0.42005351185798645,0.36172986030578613,0.7071508169174194,0.6532614827156067,0.24687883257865906,0.0,0.39471790194511414,0.0,0.0,0.812516987323761,0.4794444441795349,0.7888878583908081,0.42901065945625305,0.0,0.248666450381279,0.0,0.0,0.0,0.4614737927913666,0.7353835701942444,0.3246682584285736,0.0,0.4252558648586273,0.5615807771682739,0.6016656160354614,0.399946928024292,0.8154100775718689,0.6564339995384216,0.6308467984199524,0.7719746828079224,0.24801622331142426,1.2522097826004028,0.05227622762322426,0.262568861246109,0.0,0.3832637667655945,0.617889940738678,0.0,0.10069551318883896,0.4307033121585846,0.35332781076431274,0.5412263870239258,0.06460282951593399,0.7342641949653625,0.0,0.0,0.0,0.14687587320804596,0.9118951559066772,0.3475192189216614,0.49849748611450195,0.40964430570602417,0.0,0.0,0.0,0.0,0.03971492871642113,0.32175296545028687,0.0,0.9865366816520691,0.2304668426513672,0.0,0.0,0.19404970109462738,0.6447334289550781,0.0,0.41097840666770935,0.9123597145080566,0.2792647182941437,0.0,1.2928375005722046,0.2636893391609192,0.3187352120876312,0.0,0.0,0.45858505368232727,0.8895595669746399,0.02941284514963627,0.017307963222265244,0.47146421670913696,0.0,0.0,0.9431682825088501,0.0,0.0,0.7528080940246582,0.3019386827945709,0.0,0.0,0.47641053795814514,0.34818753600120544,0.8482562899589539,0.0,0.355823278427124,0.11696672439575195,0.0,0.0,0.0,0.4846339225769043,0.4449620544910431,0.3618029057979584,0.05705386400222778,0.13673712313175201,0.0038068904541432858,0.7329545021057129,0.9883190989494324,0.6684880256652832,0.49468615651130676,0.0,0.49691957235336304,0.0,0.0,0.0,0.40927258133888245,1.4666906595230103,0.025773683562874794,0.67081218957901,0.0,0.0005929152248427272,0.5939322710037231,1.0660345554351807,0.0,0.30611422657966614,0.5342404246330261,0.0,0.4156685769557953
1,0.7594127655029297,0.5406492948532104,0.5761979818344116,0.32841354608535767,0.3546653091907501,0.3023144006729126,0.6284847259521484,0.6133949160575867,0.5949406623840332,0.46307215094566345,0.5612395405769348,0.6177449822425842,0.6175535321235657,0.5957398414611816,0.26430296897888184,0.4337399899959564,0.158274844288826,0.2943294048309326,0.561761736869812,0.977477490901947,0.6295139789581299,0.2657206952571869,0.37001195549964905,0.5907635688781738,0.648605465888977,0.5707862973213196,0.30546900629997253,0.511191725730896,0.1871422380208969,0.6517401337623596,0.5603652596473694,0.5885987281799316,0.5815112590789795,0.18380653858184814,0.3895217180252075,0.35679253935813904,0.5977946519851685,0.6640075445175171,0.4722883999347687,0.5609395503997803,0.5823972225189209,0.40394026041030884,0.44339802861213684,0.2876878082752228,0.5859419107437134,0.6045457124710083,0.37789076566696167,0.4493594169616699,0.3886016309261322,0.44588610529899597,0.3029373586177826,0.544654905796051,0.4609321653842926,0.6351109743118286,0.5667432546615601,0.48331570625305176,0.7108361124992371,0.33358967304229736,0.3818494379520416,0.5440140962600708,0.20160545408725739,0.38043999671936035,0.9600539207458496,0.11789353936910629,0.265447735786438,0.36727964878082275,0.5527973175048828,0.38157182931900024,0.35909414291381836,0.6236185431480408,0.39725422859191895,0.568670392036438,0.11999493837356567,0.13388675451278687,0.41104423999786377,0.035570938140153885,0.6007951498031616,0.450088232755661,0.14401096105575562,0.462207555770874,0.6240556836128235,0.3763371706008911,0.29702210426330566,0.574675977230072,0.634362518787384,0.4541051387786865,0.44070523977279663,0.6563852429389954,0.5485881567001343,0.651060938835144,0.6382009983062744,0.31295230984687805,0.3838430643081665,0.5945417881011963,0.20129190385341644,0.3811705410480499,0.13750402629375458,0.5096392631530762,0.3443869352340698,0.5744419693946838,0.3227193355560303,0.5635954737663269,0.6645919680595398,0.4004323482513428,0.5616583824157715,0.5713518857955933,0.24375861883163452,0.5891343355178833,0.6154641509056091,0.5238639712333679,0.6591413617134094,0.3308793604373932,0.624326765537262,0.45924559235572815,0.12604346871376038,0.3801492154598236,0.3016534447669983,0.32521113753318787,0.543700635433197,0.5892481803894043,0.6684913039207458,0.5211659073829651,0.5513387322425842,0.28193148970603943,0.5299382209777832,0.35782289505004883,0.6621840000152588,0.3721954822540283,0.32017406821250916,0.480330228805542,0.3576756715774536,0.31590744853019714,0.5670696496963501,0.3407425582408905,0.2293153703212738,0.6513320803642273,0.29417288303375244,0.6244522929191589,0.609470009803772,0.3829171657562256,0.25875842571258545,0.3862941265106201,0.38606300950050354,0.6225371956825256,0.2714361846446991,0.5643400549888611,0.6405962109565735,0.5977085828781128,0.3762088716030121,0.540856659412384,0.28210777044296265,0.6427792906761169,0.3985223174095154,0.2989104092121124,0.5495479106903076,0.2688438892364502,0.31761810183525085,0.5032800436019897,0.4844472110271454,0.6838813424110413,0.19473515450954437,0.49971210956573486,0.6649848222732544,0.28737351298332214,0.630328357219696,0.35185694694519043,0.3823321461677551,0.6375930905342102,0.6227198243141174,0.26402926445007324,0.5012660622596741,0.27341151237487793,0.5362095832824707,0.8159891963005066,0.5334407687187195,0.5228341221809387,0.5574182271957397,0.2760573923587799,0.35186395049095154,0.30916628241539,0.6802390813827515,0.21138884127140045,0.5478430986404419,0.6797124147415161,0.5597893595695496,0.6004042625427246,0.5353513956069946,0.3607790470123291,0.6080886721611023,0.4456261396408081,0.26620662212371826,0.6104397773742676,0.7340267896652222,0.24330133199691772,0.40225949883461,0.6781755089759827,0.37195438146591187,0.3658080995082855,0.3058435916900635,0.6053380370140076,0.3604985177516937,0.27657923102378845,0.32119548320770264,0.6591690182685852,0.5592024922370911,0.3785249590873718,0.30486559867858887,0.6360953450202942,0.700146496295929,0.37704530358314514,0.5901833772659302,0.6166428923606873,0.37373805046081543,0.5996833443641663,0.4498828053474426,0.3675078749656677,0.331778347492218,0.5727680325508118,0.4801267683506012,0.4088723361492157,0.371886283159256,0.3234521746635437,0.6231880187988281,0.22118493914604187,0.6301050782203674,0.5688650012016296,0.5738090872764587,0.525554895401001,0.3863157033920288,0.36847612261772156,0.3204667568206787,0.5451170206069946,0.22971640527248383,0.6604989767074585,0.4358978867530823,0.40301454067230225,0.25472673773765564,0.2593334913253784,0.8515297174453735,0.3865952491760254,0.6100302338600159,0.6085596680641174,0.6228063106536865,0.3093584477901459,0.40811455249786377,0.6308852434158325,0.3272203207015991,0.7285301089286804,0.5956017971038818,0.25668931007385254,0.3914155066013336,0.6141098737716675,0.28243765234947205,0.5594316124916077,0.7218062281608582,0.3645012378692627
1,1.6266635656356812,0.6362323760986328,0.1374995857477188,0.057105667889118195,0.10033856332302094,0.11464840918779373,0.0,0.07927615940570831,0.2191658467054367,0.0,0.5479087233543396,0.0,0.4924030303955078,0.0,1.0818397998809814,1.259008526802063,0.10878518223762512,0.11267059296369553,0.48318609595298767,0.0,0.30021071434020996,0.30205628275871277,0.09645350277423859,0.0,0.18262925744056702,0.22396031022071838,0.09731414169073105,0.7691540122032166,0.1331745833158493,0.0,1.3675165176391602,0.003932399209588766,0.0,0.10058391839265823,0.3422520160675049,2.3696813583374023,0.7392016649246216,0.001130447257310152,0.09564042836427689,0.0,2.3672168254852295,0.08592009544372559,0.0760958343744278,0.16097697615623474,0.0,0.16745613515377045,1.9814883470535278,0.03794765844941139,0.028679734095931053,0.6916857957839966,0.09559950977563858,1.3953710794448853,0.3916313350200653,0.2979047894477844,0.0062906742095947266,0.07890736311674118,0.0,0.08861422538757324,0.09190487861633301,3.6791131496429443,0.1139160618185997,2.6629631519317627,2.834501266479492,0.08275086432695389,0.08508902043104172,2.1188807487487793,0.2906566262245178,2.164165496826172,0.05787407234311104,0.0,0.10316325724124908,0.4290505349636078,0.1550326645374298,0.020434841513633728,0.08824247121810913,0.12023670226335526,0.0,1.3524655103683472,0.11848438531160355,0.07991118729114532,0.10247288644313812,2.431589126586914,1.0889577865600586,1.883624792098999,0.18476170301437378,0.0,0.041739895939826965,0.0,1.3855613470077515,0.024468306452035904,0.964368462562561,0.09907853603363037,2.244283437728882,0.0,0.4365542232990265,3.1228291988372803,0.16690164804458618,1.2933249473571777,0.30831608176231384,0.0,0.16274523735046387,0.9236714243888855,0.0,0.07544116675853729,0.0,0.11747754365205765,0.14746826887130737,0.8173859715461731,0.0,0.039662301540374756,0.4821055233478546,1.456715703010559,0.0,0.08644462376832962,2.258180618286133,0.06950538605451584,1.9680280685424805,2.9328789710998535,0.8743072152137756,0.2736218571662903,0.13191944360733032,1.3177189826965332,1.1835829019546509,0.0912223756313324,0.0,2.632333755493164,0.9025006890296936,0.05312030389904976,0.09530270099639893,0.057407841086387634,0.08058208227157593,0.04076971113681793,0.041165515780448914,0.1572621613740921,0.12497158348560333,0.0,0.12537647783756256,0.12414361536502838,0.7376301884651184,0.5140959620475769,0.12137740850448608,0.5245266556739807,0.060691237449645996,0.0,0.07870624959468842,0.0,0.0,0.0,0.07256671786308289,0.053639885038137436,0.10592042654752731,0.6453157067298889,0.06432747840881348,0.7171632051467896,1.665975570678711,0.08823767304420471,1.0758843421936035,0.07242152839899063,0.0690104141831398,2.8749959468841553,0.04294801503419876,2.4238460063934326,1.2591156959533691,0.06552375108003616,0.0,0.08017503470182419,0.1454019695520401,0.0,1.3050073385238647,0.15475434064865112,0.07714556902647018,0.18765152990818024,1.074130654335022,1.4640966653823853,0.8433985114097595,1.081367015838623,0.6258960366249084,0.0743916779756546,2.1988883018493652,0.03470931574702263,0.0,0.1937188059091568,0.0,0.0,0.0,0.31774890422821045,1.6342953443527222,0.09793182462453842,0.0,0.10405287891626358,0.08116143196821213,0.2595479190349579,0.4632430672645569,0.059818416833877563,0.6349488496780396,0.0,0.1074700728058815,1.9662854671478271,0.058220285922288895,0.0,3.030777931213379,0.051885634660720825,0.08236966282129288,0.0,0.35798606276512146,0.07448403537273407,2.190988063812256,1.2904162406921387,0.16544261574745178,0.06609026342630386,0.0,0.15943565964698792,1.7474600076675415,0.0,0.35662615299224854,1.1813935041427612,0.07523594796657562,0.32681939005851746,0.009102079086005688,0.06123899668455124,0.07334157824516296,0.7789453268051147,0.563949704170227,0.12709401547908783,0.7860884666442871,0.0,0.06662438809871674,0.018984327092766762,0.07844483852386475,0.08112048357725143,0.08950173109769821,0.6496881246566772,0.1301610767841339,0.0,2.193697690963745,2.75569748878479,0.5246878266334534,0.44138064980506897,0.0,0.05758518725633621,0.0,0.2573210895061493,0.0,0.08751354366540909,3.380319595336914,0.6694352030754089,1.8431047201156616,0.04894256219267845,0.07246600836515427,0.8873440623283386,2.469742774963379,0.0,0.10874347388744354,2.2772579193115234,0.0,0.04244010150432587
1,1.041175365447998,0.8324419260025024,0.1962973177433014,0.2708352208137512,0.18785983324050903,0.263677179813385,0.9999015927314758,0.9329477548599243,0.9684704542160034,0.7215853929519653,0.7913960814476013,1.0351202487945557,1.0051275491714478,0.8889380693435669,0.1473964899778366,0.3017562925815582,0.5631663203239441,0.304201602935791,0.8522652387619019,1.306460976600647,0.894628643989563,0.22239109873771667,0.3453671932220459,0.9350512623786926,0.9780441522598267,0.9961415529251099,0.3248822093009949,0.7833890318870544,0.28351548314094543,1.029075026512146,0.850603461265564,0.8678961992263794,0.8921124339103699,0.2510834336280823,0.3207365870475769,0.2008618414402008,0.9226129651069641,1.0694797039031982,0.20905859768390656,0.8386877179145813,0.6140333414077759,0.32508689165115356,0.2846258878707886,0.19100086390972137,0.9034377336502075,0.9154640436172485,0.2138993740081787,0.22342710196971893,0.19839200377464294,0.21434342861175537,0.33143723011016846,0.7067828178405762,0.05959615111351013,0.9918573498725891,0.921269416809082,0.2021932154893875,1.1403257846832275,0.3254082202911377,0.25868120789527893,0.430671364068985,0.39313656091690063,0.25747525691986084,0.9851621389389038,0.5041645765304565,0.28613290190696716,0.1937997043132782,0.7887603044509888,0.20084145665168762,0.276738703250885,0.9049137830734253,0.37105071544647217,0.8320969343185425,0.27818116545677185,0.23498956859111786,0.26846185326576233,0.4456494450569153,0.8888028860092163,0.6133243441581726,0.19859561324119568,0.27250486612319946,0.9837802648544312,0.22516301274299622,0.18463966250419617,0.8769810795783997,1.045432209968567,0.6160511374473572,0.3884183168411255,1.0223190784454346,0.7877002954483032,0.9744497537612915,0.918271541595459,0.4315270483493805,0.244876891374588,0.9589532613754272,0.16781027615070343,0.20118847489356995,0.29856640100479126,0.5398734211921692,0.20463712513446808,0.897007942199707,0.20575621724128723,0.8881403207778931,1.0519006252288818,0.39121395349502563,0.8417322039604187,0.9238561391830444,0.21162502467632294,0.9068225026130676,0.8443778157234192,0.33166491985321045,0.9785333871841431,0.17832227051258087,0.890332043170929,0.22657935321331024,0.07495744526386261,0.24367117881774902,0.1663716733455658,0.1972711980342865,0.8439899682998657,0.9545585513114929,1.0196443796157837,0.826893150806427,0.8437816500663757,0.22308668494224548,0.8133870959281921,0.19215157628059387,0.9268888235092163,0.37891706824302673,0.35695940256118774,0.23101456463336945,0.34971922636032104,0.36111629009246826,0.24357923865318298,0.18074384331703186,0.3164304494857788,1.0095857381820679,0.2799076735973358,0.9563252329826355,0.9678375124931335,0.194083571434021,0.2292954921722412,0.19378767907619476,0.3587735891342163,0.9651923179626465,0.35038822889328003,0.9279141426086426,1.0122872591018677,0.9375356435775757,0.35462063550949097,0.2860034108161926,0.3309212327003479,0.9235585331916809,0.35396602749824524,0.23946499824523926,0.7087541818618774,0.21884450316429138,0.175948828458786,0.2681104242801666,0.2295987606048584,0.9159940481185913,0.26735758781433105,0.23223073780536652,0.9539301991462708,0.4232630133628845,0.9623134732246399,0.2953922152519226,0.2419455349445343,0.9553836584091187,0.8891146779060364,0.24526295065879822,0.4650591015815735,0.24223928153514862,0.9147518873214722,1.0417841672897339,0.8392087817192078,0.7835426926612854,0.7971603274345398,0.5071682929992676,0.18839964270591736,0.28584831953048706,0.7771971225738525,0.24532485008239746,0.7794123888015747,1.1394145488739014,0.8016586303710938,0.9389963150024414,0.7969260811805725,0.41233664751052856,0.9504432678222656,0.05249779298901558,0.38879528641700745,0.9300352334976196,1.1569114923477173,0.45648783445358276,0.1626882255077362,1.0362024307250977,0.2972531318664551,0.19631239771842957,0.40823739767074585,0.9731590151786804,0.20670631527900696,0.4124681055545807,0.3444214463233948,1.0724096298217773,0.8271716833114624,0.3133237957954407,0.16841307282447815,1.0056196451187134,1.0420671701431274,0.28258857131004333,0.9089072346687317,0.9889561533927917,0.24014148116111755,0.8563105463981628,0.6007416248321533,0.1987161785364151,0.4265871047973633,0.8856713175773621,0.6464797854423523,0.3499808609485626,0.36456626653671265,0.18213032186031342,0.9715949296951294,0.21735772490501404,0.9462664723396301,0.8933118581771851,0.7285614013671875,0.8305565714836121,0.27011993527412415,0.3572810888290405,0.3239952325820923,0.8666614294052124,0.5377354621887207,1.0844802856445312,0.2586134076118469,0.27684253454208374,0.21756021678447723,0.18696364760398865,1.1302294731140137,0.28288978338241577,0.9447215795516968,0.9548369646072388,0.9578232765197754,0.24832244217395782,0.2137211561203003,0.888963520526886,0.17636846005916595,1.1282044649124146,0.972588837146759,0.2370932549238205,0.17957356572151184,0.9194310307502747,0.37174907326698303,0.6490160822868347,1.0595619678497314,0.28732043504714966
1,0.7925726771354675,0.5572232604026794,0.5994381904602051,0.341172456741333,0.3625364899635315,0.3107397258281708,0.6458556056022644,0.6279953718185425,0.608343243598938,0.4740039110183716,0.5759499669075012,0.637902557849884,0.6338423490524292,0.6081271171569824,0.26430296897888184,0.4337356984615326,0.18281255662441254,0.2945198714733124,0.575892448425293,1.0004589557647705,0.6417690515518188,0.261261522769928,0.39189380407333374,0.603773295879364,0.6646471619606018,0.5918444991111755,0.3183107376098633,0.5249296426773071,0.1932092159986496,0.6712030172348022,0.5767436027526855,0.5993828177452087,0.5940890312194824,0.1971735805273056,0.3877568542957306,0.35679250955581665,0.6139222979545593,0.6834117770195007,0.4772111177444458,0.5742220878601074,0.5943905115127563,0.4175087511539459,0.45736098289489746,0.28692036867141724,0.6020532846450806,0.6193058490753174,0.37789082527160645,0.44729313254356384,0.38863569498062134,0.44089022278785706,0.31476256251335144,0.556424081325531,0.444112628698349,0.649702250957489,0.5822062492370605,0.4950106143951416,0.7276821136474609,0.35043424367904663,0.3899289667606354,0.5544153451919556,0.23486265540122986,0.3823675811290741,0.9725959897041321,0.1543574035167694,0.261234849691391,0.36727961897850037,0.5680829882621765,0.38157182931900024,0.36111414432525635,0.6386276483535767,0.41769707202911377,0.5828782320022583,0.12295764684677124,0.13220226764678955,0.4118678569793701,0.037949297577142715,0.6110332012176514,0.4634770154953003,0.14401096105575562,0.4839780330657959,0.6383612751960754,0.3763371407985687,0.29702210426330566,0.5890052318572998,0.6498709917068481,0.4596555531024933,0.47568297386169434,0.6721292734146118,0.5638165473937988,0.6674992442131042,0.6526638269424438,0.336900532245636,0.3838430941104889,0.609070897102356,0.20129190385341644,0.3811705410480499,0.1396692544221878,0.5190625190734863,0.3386094272136688,0.5897646546363831,0.3259694278240204,0.5811880230903625,0.6816967129707336,0.422948956489563,0.5740325450897217,0.584818422794342,0.2375962883234024,0.6043342351913452,0.6273770332336426,0.5261918902397156,0.6750169992446899,0.3308793604373932,0.6368426084518433,0.4689268469810486,0.12604351341724396,0.4034343957901001,0.3016534447669983,0.32521113753318787,0.5613570213317871,0.6040470004081726,0.6831920742988586,0.5375359058380127,0.5702605247497559,0.28644707798957825,0.5438587069511414,0.35782289505004883,0.6764077544212341,0.37854140996932983,0.34266191720962524,0.49422892928123474,0.3776266276836395,0.33446335792541504,0.571911096572876,0.334305077791214,0.2533419132232666,0.6684746742248535,0.3032355010509491,0.6370232701301575,0.6254331469535828,0.3763848543167114,0.2573866844177246,0.38197067379951477,0.390160471200943,0.6349546909332275,0.289418488740921,0.5799635648727417,0.6566146612167358,0.6118391156196594,0.38420844078063965,0.5492259860038757,0.29583287239074707,0.6604055762290955,0.41076716780662537,0.3124714195728302,0.5637515187263489,0.2622784376144409,0.31761813163757324,0.5154699683189392,0.49175047874450684,0.7031990885734558,0.17700108885765076,0.47464701533317566,0.6828340291976929,0.3087298572063446,0.642644464969635,0.3764037489891052,0.3766787052154541,0.6504701972007751,0.6389390826225281,0.2606445252895355,0.5107845067977905,0.2653302252292633,0.5564615726470947,0.8294302821159363,0.5484633445739746,0.5366303324699402,0.5680614709854126,0.3131355047225952,0.35186392068862915,0.3023555874824524,0.712618887424469,0.22157710790634155,0.5572790503501892,0.7018623352050781,0.5671026706695557,0.6163753271102905,0.551493227481842,0.3926033675670624,0.6211161613464355,0.4537288546562195,0.28676319122314453,0.6252602934837341,0.7508857846260071,0.2460118681192398,0.4085884094238281,0.6930984258651733,0.3848572373390198,0.3658081293106079,0.3135257065296173,0.6178943514823914,0.36049848794937134,0.28595900535583496,0.34901124238967896,0.6759440302848816,0.5703786015510559,0.39183324575424194,0.30486562848091125,0.6553215384483337,0.713279664516449,0.37833172082901,0.6027220487594604,0.6346824169158936,0.37373805046081543,0.6071372032165527,0.4596115052700043,0.3675078749656677,0.3550907373428345,0.586163341999054,0.4890415668487549,0.42998766899108887,0.39423641562461853,0.3234521746635437,0.6401181817054749,0.22644174098968506,0.6586542725563049,0.5776234269142151,0.5831729769706726,0.5404819250106812,0.3972516655921936,0.3933902680873871,0.33329349756240845,0.5613872408866882,0.23484152555465698,0.6775259375572205,0.4348796606063843,0.40449759364128113,0.2547980546951294,0.2593334913253784,0.8662084341049194,0.3872443437576294,0.621796727180481,0.6246914267539978,0.6351665258407593,0.3152027130126953,0.4037083685398102,0.6425806283950806,0.3272203207015991,0.748691201210022,0.6191420555114746,0.2551950216293335,0.3914155066013336,0.634177565574646,0.2948618233203888,0.572515606880188,0.7361778020858765,0.39024344086647034
1,1.3644050359725952,1.1092016696929932,0.07415518909692764,0.007251599337905645,0.007865776307880878,0.0,1.2035117149353027,1.2395403385162354,1.1815913915634155,0.9232500791549683,1.0712637901306152,1.2159473896026611,1.2534900903701782,1.2122501134872437,0.18734093010425568,0.5141585469245911,0.08733249455690384,0.060367949306964874,1.0690854787826538,1.4001365900039673,1.1956652402877808,0.10933206230401993,0.004088221583515406,1.19942045211792,1.2788259983062744,1.0631036758422852,0.005825428757816553,1.025517463684082,0.0422249361872673,1.2606818675994873,1.1072953939437866,1.1604993343353271,1.1388901472091675,0.013140465132892132,0.6029053330421448,0.26832982897758484,1.1960746049880981,1.2912780046463013,0.0,1.1135231256484985,0.6174220442771912,0.0027208044193685055,0.0,0.03242674097418785,1.1728802919387817,1.178131341934204,0.297647625207901,0.0015864052111282945,0.6614557504653931,0.1193661168217659,0.012991674244403839,1.0710415840148926,0.1146722361445427,1.243391990661621,1.1660500764846802,0.0,1.4082655906677246,0.0,0.0,0.6636087894439697,0.011487958021461964,0.37826862931251526,1.520973563194275,0.07023552805185318,0.006318744271993637,0.28554171323776245,1.0910041332244873,0.324371337890625,0.026248056441545486,1.177594780921936,0.012939012609422207,1.129874587059021,0.048643290996551514,0.20622257888317108,0.010873217135667801,0.04267045855522156,1.1767746210098267,0.9294384121894836,0.13001807034015656,0.0005706360097974539,1.2418618202209473,0.28901079297065735,0.22100386023521423,1.12897527217865,1.2696244716644287,0.9168182015419006,0.02637859433889389,1.2980068922042847,1.0409855842590332,1.2678076028823853,1.1958831548690796,0.009895711205899715,0.3062225580215454,1.1730830669403076,0.1641826182603836,0.29719078540802,0.09881586581468582,0.7858525514602661,0.10176321864128113,1.1755666732788086,0.03412879258394241,1.1210331916809082,1.2748569250106812,0.012682688422501087,1.142648696899414,1.141187310218811,0.05264471843838692,1.1261816024780273,1.1418031454086304,0.005256242118775845,1.2806288003921509,0.28905096650123596,0.9998490214347839,0.015514872968196869,0.11670637130737305,0.0,0.22593358159065247,0.26339253783226013,1.0895891189575195,1.1941900253295898,1.314295768737793,1.049886703491211,1.1083563566207886,0.005045602098107338,1.0201205015182495,0.2759273946285248,1.2640055418014526,0.05946789309382439,0.007798933889716864,0.0,0.00521011371165514,0.007568614091724157,0.00581736583262682,0.022473955526947975,0.010253854095935822,1.2834291458129883,0.02703983522951603,1.2378902435302734,1.2169054746627808,0.07584304362535477,0.024916645139455795,0.038958482444286346,0.01889384165406227,1.268731713294983,0.019687198102474213,1.1538523435592651,1.2604303359985352,1.1966520547866821,0.022280734032392502,0.005030009895563126,0.00353978737257421,1.258090615272522,0.0056757852435112,0.1204465851187706,0.9615129232406616,0.05061168596148491,0.24082469940185547,0.0,0.0,0.978763997554779,0.04956233501434326,0.3216581344604492,1.23884916305542,0.05439796671271324,1.2569894790649414,0.0,0.04349326714873314,1.2755168676376343,1.1859184503555298,0.06318452954292297,0.050466299057006836,0.056435417383909225,1.1173721551895142,1.2622114419937134,1.0818675756454468,1.0175440311431885,1.0962023735046387,0.10007673501968384,0.2644107937812805,0.0,0.5492336750030518,0.10068944096565247,1.1263256072998047,1.3184840679168701,1.0562843084335327,1.2375717163085938,1.0515432357788086,0.022340334951877594,1.2333905696868896,0.03545244038105011,0.01855296455323696,1.1548514366149902,1.4218885898590088,0.07509088516235352,0.017762871459126472,1.3256984949111938,0.0,0.29772940278053284,0.03231383487582207,1.2369797229766846,0.29651692509651184,0.0678495392203331,0.0,1.3017058372497559,1.0920813083648682,0.0,0.2291197031736374,1.2548933029174805,1.3545012474060059,0.010729416273534298,1.1696833372116089,1.2363927364349365,0.2965483069419861,1.1252862215042114,0.9054902791976929,0.2941739857196808,0.04875890910625458,1.14427649974823,0.950006902217865,0.01066659390926361,0.005355991423130035,0.24564993381500244,1.2803113460540771,0.022595904767513275,1.114524245262146,1.1838197708129883,1.1156994104385376,1.067150592803955,0.0035466705448925495,0.011396757327020168,0.017454341053962708,1.0963801145553589,0.15045508742332458,1.3131736516952515,0.5210912227630615,0.40934649109840393,0.1816299706697464,0.20765189826488495,1.3594022989273071,0.013273543678224087,1.2098668813705444,1.245421290397644,1.2291637659072876,0.009716111235320568,0.3134751319885254,1.1705266237258911,0.26261305809020996,1.3604514598846436,1.1639655828475952,0.12117783725261688,0.30074000358581543,1.0966371297836304,0.0,0.9473130106925964,1.3584092855453491,0.0
1,1.409740924835205,0.9017227292060852,0.1875150054693222,0.09558076411485672,0.07536981254816055,0.10856007784605026,0.9206111431121826,0.9226945638656616,0.9208711385726929,0.6735891699790955,0.8806959390640259,0.9706609845161438,1.0590218305587769,0.8233004212379456,0.3276951014995575,0.713956892490387,0.28075191378593445,0.166951522231102,0.9327037930488586,1.0994796752929688,0.9032876491546631,0.20790281891822815,0.13717497885227203,0.8653460144996643,0.983186662197113,1.052697777748108,0.1406359225511551,0.8553575873374939,0.1267869770526886,0.9188125133514404,1.0739344358444214,0.8639979958534241,0.8248188495635986,0.1017511785030365,0.3506028950214386,0.6612859964370728,1.0440361499786377,0.9890573024749756,0.0706547349691391,0.8148796558380127,1.0045287609100342,0.1283804327249527,0.10811781138181686,0.10311085730791092,0.8492011427879333,0.9300029277801514,0.7621679902076721,0.08286850154399872,0.31426185369491577,0.23401103913784027,0.14009815454483032,0.854099690914154,0.26812756061553955,1.0695573091506958,0.8448620438575745,0.07424671202898026,1.0231114625930786,0.1277972310781479,0.10192885994911194,1.3416192531585693,0.168398916721344,0.8784472942352295,1.8723976612091064,0.2670171856880188,0.11773288995027542,0.6410092711448669,0.9070865511894226,0.6969546675682068,0.11575032025575638,0.819783627986908,0.1553354114294052,0.8494201302528381,0.14704889059066772,0.1337806135416031,0.10230287909507751,0.2453175038099289,0.8139452338218689,0.8655328750610352,0.18388991057872772,0.10564155876636505,0.9166008234024048,0.6660895943641663,0.40030205249786377,1.1732853651046753,1.026555061340332,0.567976176738739,0.16473759710788727,0.9318702220916748,1.0863738059997559,0.9212408661842346,1.1043057441711426,0.18437370657920837,0.8681862354278564,0.8566969037055969,0.24033492803573608,0.8085306286811829,0.20095230638980865,0.9375629425048828,0.2023853361606598,0.8464211821556091,0.100773885846138,1.0492583513259888,0.9500601291656494,0.18314184248447418,0.7955804467201233,0.8845914602279663,0.12864862382411957,0.9651190042495728,0.741123378276825,0.14322353899478912,1.0126957893371582,0.5106529593467712,0.7713142037391663,0.1018119603395462,0.3163453936576843,0.09435928612947464,0.4800480902194977,0.7908825278282166,0.963187038898468,0.8645421862602234,0.987145185470581,1.0776530504226685,1.0138828754425049,0.09056556224822998,0.7436809539794922,0.783710241317749,1.0108325481414795,0.1788286566734314,0.14515188336372375,0.08532857149839401,0.14875183999538422,0.15744301676750183,0.08786823600530624,0.0840088427066803,0.14284712076187134,0.9427187442779541,0.13076390326023102,0.9223768711090088,1.0613998174667358,0.19872336089611053,0.11831413954496384,0.16985028982162476,0.15222065150737762,0.8732394576072693,0.15580664575099945,0.9046199917793274,0.9811390042304993,0.8622090816497803,0.15875321626663208,0.11499733477830887,0.14069904386997223,1.0669174194335938,0.14804215729236603,0.28292325139045715,1.1493699550628662,0.1223527193069458,0.5245257019996643,0.09789270907640457,0.0837898924946785,1.4898990392684937,0.13279084861278534,0.6426421999931335,1.222429871559143,0.20868462324142456,0.9295194745063782,0.11630135029554367,0.13441111147403717,0.908977746963501,1.1905993223190308,0.14739705622196198,0.221171036362648,0.14117947220802307,1.1252808570861816,1.4954605102539062,0.9554264545440674,0.9308090806007385,0.808144748210907,0.27072861790657043,0.6165937185287476,0.11060669273138046,0.5340872406959534,0.19047044217586517,0.7402279376983643,1.0150566101074219,0.7111619710922241,0.9305210113525391,1.0671265125274658,0.18503737449645996,0.8817996382713318,0.15149939060211182,0.17936432361602783,0.9423765540122986,1.011062741279602,0.24784818291664124,0.14136183261871338,0.9345765709877014,0.11556942015886307,0.6536893248558044,0.18621835112571716,0.8730586767196655,0.9227707386016846,0.20273485779762268,0.1418703943490982,0.9103729724884033,0.8559504151344299,0.12226884812116623,0.5369939208030701,1.083398699760437,1.1136940717697144,0.11536873131990433,0.8451182842254639,0.9647457599639893,0.636137068271637,0.7557947039604187,0.6830444931983948,0.49925604462623596,0.2112852931022644,0.888254702091217,0.6459594368934631,0.14277635514736176,0.17238998413085938,0.4667096436023712,1.0570855140686035,0.10772476345300674,1.088360071182251,0.7830501794815063,0.760073721408844,0.8091949224472046,0.10324924439191818,0.14282268285751343,0.14377279579639435,1.0271940231323242,0.2820759415626526,0.9737455248832703,0.7132298946380615,0.9583526253700256,0.3565155267715454,0.24536609649658203,1.0266636610031128,0.11164255440235138,0.8763793706893921,0.9036247730255127,0.8561257719993591,0.10397150367498398,0.9298145174980164,0.9953991174697876,0.5202684998512268,1.0083601474761963,0.9154651165008545,0.2865930497646332,0.7439019680023193,0.7892170548439026,0.16178478300571442,1.1925902366638184,0.9496000409126282,0.11471302807331085
0,0.2316671460866928,0.1755552440881729,0.3219929039478302,0.38789138197898865,0.3048416078090668,0.3993924558162689,0.1909678429365158,0.2586261034011841,0.1790899783372879,0.14484038949012756,0.24937377870082855,0.15563340485095978,0.16188250482082367,0.24222253262996674,0.42240089178085327,0.4891682267189026,0.6576032638549805,0.390593022108078,0.18730416893959045,0.21430298686027527,0.1977563500404358,0.3269437253475189,0.4992673695087433,0.23684939742088318,0.22138746082782745,0.10493046790361404,0.47386589646339417,0.1573663204908371,0.29178130626678467,0.21258296072483063,0.19173580408096313,0.2579140067100525,0.19077566266059875,0.3730570375919342,0.5200035572052002,0.4764920473098755,0.17105919122695923,0.1958022117614746,0.2874872088432312,0.44182687997817993,0.16119365394115448,0.46113812923431396,0.4149986505508423,0.2793932259082794,0.22521179914474487,0.18834535777568817,0.4877181053161621,0.3096534311771393,0.37432315945625305,0.28885164856910706,0.44886288046836853,0.29252952337265015,0.22050413489341736,0.2259947955608368,0.1997707039117813,0.3096739947795868,0.24781706929206848,0.443445086479187,0.37888607382774353,0.5496798157691956,0.5621908903121948,0.4297659993171692,0.771038293838501,0.6271737217903137,0.38767296075820923,0.5220935344696045,0.2481667548418045,0.5323358774185181,0.36479875445365906,0.2837687134742737,0.487787127494812,0.24515043199062347,0.4074096977710724,0.1558469980955124,0.36175939440727234,0.5000939965248108,0.2520851790904999,0.260868638753891,0.33189162611961365,0.39439183473587036,0.21458275616168976,0.5060335993766785,0.4220130145549774,0.19612811505794525,0.16026777029037476,0.2660142183303833,0.48357468843460083,0.2259562760591507,0.17841731011867523,0.27336567640304565,0.23816059529781342,0.5989702939987183,0.4933503568172455,0.17558234930038452,0.3712567687034607,0.5042709708213806,0.4517146348953247,0.3887423276901245,0.34584110975265503,0.21838751435279846,0.308056503534317,0.1558019518852234,0.2139890044927597,0.5125585198402405,0.25287026166915894,0.18812857568264008,0.27154970169067383,0.181825652718544,0.3539116680622101,0.3670339584350586,0.26630899310112,0.47018691897392273,0.10812554508447647,0.32965901494026184,0.27683842182159424,0.4104175269603729,0.4425388276576996,0.4251294434070587,0.15603278577327728,0.21521034836769104,0.26596713066101074,0.1298849880695343,0.1795598417520523,0.31561407446861267,0.29165396094322205,0.4811245799064636,0.2646714746952057,0.40279197692871094,0.5024678707122803,0.33433428406715393,0.49546876549720764,0.4845612347126007,0.3377421796321869,0.2837681472301483,0.44062909483909607,0.20975399017333984,0.38222992420196533,0.21646098792552948,0.17990554869174957,0.2860504388809204,0.31628066301345825,0.2771139442920685,0.4164363443851471,0.2539803087711334,0.46268799901008606,0.14370016753673553,0.2095392346382141,0.20047061145305634,0.44923630356788635,0.3938649296760559,0.5098079442977905,0.22276900708675385,0.470229834318161,0.4628699719905853,0.2737135589122772,0.2929547131061554,0.4372996687889099,0.38969680666923523,0.31547725200653076,0.1870834082365036,0.3179474472999573,0.5686739087104797,0.22462353110313416,0.5075230598449707,0.231452077627182,0.4320663511753082,0.29249486327171326,0.2780078947544098,0.2626054584980011,0.35210034251213074,0.4733666479587555,0.34148743748664856,0.10691677033901215,0.3468526303768158,0.17470231652259827,0.18013039231300354,0.27281486988067627,0.648892343044281,0.48597460985183716,0.33897605538368225,0.34969913959503174,0.3979984223842621,0.27742263674736023,0.19077447056770325,0.27237775921821594,0.21699731051921844,0.1822376549243927,0.5630626082420349,0.23043645918369293,0.18722200393676758,0.5200853943824768,0.18335244059562683,0.27321726083755493,0.49708616733551025,0.2620021402835846,0.267762690782547,0.4235425889492035,0.4871918857097626,0.5186223387718201,0.268734335899353,0.4587445855140686,0.4918680489063263,0.501811683177948,0.2596331834793091,0.22113589942455292,0.42296114563941956,0.4355069100856781,0.21025820076465607,0.2876203656196594,0.36803892254829407,0.2040994018316269,0.2099057137966156,0.49284371733665466,0.297932893037796,0.27133238315582275,0.5319160223007202,0.5166914463043213,0.20599053800106049,0.27360281348228455,0.5074390769004822,0.48684510588645935,0.44332700967788696,0.21066538989543915,0.3085922598838806,0.10456754267215729,0.26660534739494324,0.338358610868454,0.16841602325439453,0.36961629986763,0.503313422203064,0.4535176157951355,0.158430278301239,0.5867357850074768,0.15430571138858795,0.5415705442428589,0.4817032516002655,0.39364248514175415,0.40751826763153076,0.21280504763126373,0.34723567962646484,0.21031484007835388,0.20081545412540436,0.2659429907798767,0.3636973202228546,0.5270665287971497,0.24723902344703674,0.4683745205402374,0.2210247814655304,0.15004310011863708,0.4091680645942688,0.5646629333496094,0.2505023181438446,0.48388737440109253,0.35145094990730286,0.23864880204200745,0.42642346024513245
1,0.6801466941833496,0.5471622347831726,0.3012465536594391,0.0034458511509001255,0.17601056396961212,0.09706062078475952,0.5761987566947937,0.6254922747612,0.565977931022644,0.4359975755214691,0.5843942761421204,0.5953653454780579,0.6033584475517273,0.6034998297691345,0.5510669946670532,0.5485190749168396,0.006338785402476788,0.0910201296210289,0.5371931195259094,0.6414870619773865,0.5922086834907532,0.3294256329536438,0.0,0.5860900282859802,0.614949107170105,0.6596609354019165,0.0010125312255695462,0.493615984916687,0.1329619288444519,0.607100248336792,0.5501008033752441,0.5999417304992676,0.5510340929031372,0.04885709285736084,0.4886411726474762,0.6596028804779053,0.6081110239028931,0.6293895840644836,0.1485109180212021,0.6001579165458679,1.0986872911453247,0.0,0.0,0.17018455266952515,0.5837880373001099,0.583713173866272,0.7912722826004028,0.005711359903216362,0.49062302708625793,0.5263858437538147,0.0,0.5987930297851562,0.5744493007659912,0.7376644015312195,0.5700461268424988,0.001958235865458846,0.676129937171936,0.0,0.0043738423846662045,0.6632950901985168,0.0,0.5230273008346558,1.312789797782898,0.003677855711430311,0.01641708053648472,0.7331241965293884,0.6270459890365601,0.6650064587593079,0.02772270329296589,0.6031071543693542,0.0043259309604763985,0.5624443292617798,0.1510510891675949,0.21737584471702576,0.08017758280038834,0.008210941217839718,0.5934537053108215,0.4981926679611206,0.4448409676551819,0.0020069610327482224,0.605262041091919,0.525635302066803,0.6275235414505005,0.5858328938484192,0.6284460425376892,0.48638007044792175,0.0027393812779337168,0.6394437551498413,0.5402927994728088,0.6465487480163574,0.6213015913963318,0.0,0.7777436375617981,0.5716737508773804,0.4078936278820038,0.7036524415016174,0.14141395688056946,0.6890221238136292,0.32098740339279175,0.5784764885902405,0.2635413110256195,0.5551776885986328,0.6120315790176392,0.0,0.5763998031616211,0.5506802797317505,0.19309808313846588,0.5661831498146057,0.6122298240661621,0.0,0.6699281930923462,0.3901956379413605,0.4696107804775238,0.1352887600660324,0.2223970592021942,0.0,0.45161059498786926,0.8091297745704651,0.5421980023384094,0.5816084146499634,0.6653254628181458,0.5287163257598877,0.570081353187561,0.022241292521357536,0.5173689126968384,0.8486266732215881,0.6627117991447449,0.003121238900348544,0.0,0.0004073115123901516,0.0,0.0,0.0,0.21973714232444763,0.008618048392236233,0.6229133009910583,0.056565579026937485,0.6080108880996704,0.6035866141319275,0.303344190120697,0.17082516849040985,0.3243941068649292,0.03798552602529526,0.6175440549850464,0.007603324484080076,0.5508872866630554,0.6092804074287415,0.5932886600494385,0.015649408102035522,0.028788380324840546,0.0,0.6532867550849915,0.0,0.18499140441417694,0.8585444092750549,0.21834735572338104,0.6169320940971375,0.0,0.009229748509824276,0.6524208188056946,0.06261467188596725,0.776795506477356,0.6489484906196594,0.0,0.636532187461853,0.0,0.330548495054245,0.6429995894432068,0.6378400325775146,0.19296513497829437,0.0,0.2774527370929718,0.5591982007026672,1.0461982488632202,0.532209038734436,0.5183859467506409,0.6012918949127197,0.04753189906477928,0.708148181438446,0.07551992684602737,0.21923552453517914,0.17979882657527924,0.5811280608177185,0.6309050917625427,0.5431376099586487,0.6064105033874512,0.551145613193512,0.0,0.6037189960479736,0.37423649430274963,0.006672467105090618,0.5679519772529602,0.6847920417785645,0.0231169406324625,0.015150904655456543,0.6566404104232788,0.003074727253988385,0.7276957035064697,0.0,0.5987855792045593,0.9062219858169556,0.015614860691130161,0.0,0.6203202605247498,0.5595393180847168,0.0,0.8070041537284851,0.6255013346672058,0.7106715440750122,0.019237661734223366,0.5738739967346191,0.60101318359375,0.6658050417900085,0.574959397315979,0.5014309287071228,0.6092877388000488,0.000869995856191963,0.5553823709487915,0.526904284954071,0.0,0.0,0.8207092881202698,0.6454670429229736,0.078445665538311,0.5547237396240234,0.5771564245223999,0.643424928188324,0.5232151746749878,0.015591088682413101,0.0,0.0,0.5418436527252197,0.037804387509822845,0.6684696674346924,0.7145518660545349,0.6859029531478882,0.4674464166164398,0.6082204580307007,0.660895824432373,0.05012311041355133,0.5922254323959351,0.6091781854629517,0.6151938438415527,0.01724565587937832,0.9951583743095398,0.6065163612365723,0.564781904220581,0.6517929434776306,0.5594984292984009,0.3035411536693573,0.7371829748153687,0.5166863799095154,0.0,0.7345718145370483,0.661470890045166,0.0
0,0.15320660173892975,0.13348126411437988,0.36340028047561646,0.5310590267181396,0.392564594745636,0.5234789848327637,0.167488232254982,0.2046043425798416,0.15144062042236328,0.12142737954854965,0.15853352844715118,0.13421587646007538,0.13486678898334503,0.19323217868804932,0.31808364391326904,0.3378582000732422,0.8697563409805298,0.5197564959526062,0.13163308799266815,0.2281893789768219,0.14884698390960693,0.3977809548377991,0.6536209583282471,0.1934586465358734,0.1826755404472351,0.10435172915458679,0.6138960123062134,0.13042542338371277,0.4572627544403076,0.1858389675617218,0.14386731386184692,0.1973477452993393,0.15681280195713043,0.4919593632221222,0.3863784968852997,0.3640507161617279,0.13621507585048676,0.17239853739738464,0.391151487827301,0.3513157367706299,0.13061967492103577,0.6069345474243164,0.541589081287384,0.3687206506729126,0.18419742584228516,0.15657638013362885,0.38517048954963684,0.4107905924320221,0.23546844720840454,0.32002028822898865,0.6061896085739136,0.19703614711761475,0.16791418194770813,0.15748171508312225,0.16828620433807373,0.3970818519592285,0.21467670798301697,0.5943775773048401,0.49116480350494385,0.37428557872772217,0.7399837970733643,0.3039712905883789,0.5189534425735474,0.8220502734184265,0.5374936461448669,0.3897802233695984,0.15424764156341553,0.36076125502586365,0.4777072072029114,0.22079600393772125,0.6545217633247375,0.1915866732597351,0.5294948220252991,0.13965138792991638,0.49654820561408997,0.6917113065719604,0.19521567225456238,0.17138168215751648,0.32590749859809875,0.5142086744308472,0.17406746745109558,0.39641010761260986,0.3428468704223633,0.14556990563869476,0.13942375779151917,0.17497767508029938,0.648897647857666,0.18128496408462524,0.11728396266698837,0.21356301009655,0.15910030901432037,0.7794509530067444,0.4221133589744568,0.126112699508667,0.30792236328125,0.40997758507728577,0.5268664360046387,0.25500571727752686,0.38379618525505066,0.17492836713790894,0.4236101508140564,0.11751187592744827,0.18834248185157776,0.6526739001274109,0.1979893147945404,0.16166941821575165,0.37083005905151367,0.1388644129037857,0.3044702112674713,0.5011720061302185,0.19590000808238983,0.33877164125442505,0.10616765171289444,0.4317799508571625,0.14953762292861938,0.5175096988677979,0.33739519119262695,0.3829403519630432,0.12217447906732559,0.18428170680999756,0.20344285666942596,0.11631200462579727,0.13383285701274872,0.4344821870326996,0.24888421595096588,0.38160601258277893,0.18885943293571472,0.5545654892921448,0.6611799597740173,0.4274272918701172,0.6473619341850281,0.6296520829200745,0.44033101201057434,0.37620723247528076,0.5885879993438721,0.18146516382694244,0.5179137587547302,0.17795579135417938,0.14198681712150574,0.3469862937927246,0.4369925856590271,0.3584096133708954,0.573026716709137,0.20124231278896332,0.60780930519104,0.12576749920845032,0.17345933616161346,0.15708591043949127,0.6034438014030457,0.5200549364089966,0.6636309623718262,0.16156814992427826,0.6240265369415283,0.4978722631931305,0.2258782684803009,0.38036203384399414,0.3262873589992523,0.5184245109558105,0.4235866665840149,0.13469509780406952,0.42544975876808167,0.44926881790161133,0.14021675288677216,0.6655749678611755,0.17399869859218597,0.5623371005058289,0.40028536319732666,0.20617613196372986,0.16783522069454193,0.4268667995929718,0.6361774802207947,0.4579516649246216,0.09459558874368668,0.2698565423488617,0.13414627313613892,0.13683049380779266,0.19728663563728333,0.8321003913879395,0.38282686471939087,0.4739915430545807,0.44751283526420593,0.4571755528450012,0.2216249704360962,0.17283858358860016,0.2414500117301941,0.16797928512096405,0.12337692826986313,0.7410061955451965,0.18919384479522705,0.2037489265203476,0.693703830242157,0.14462144672870636,0.27082714438438416,0.6680473685264587,0.3445631265640259,0.22570182383060455,0.5600171089172363,0.3722999095916748,0.6943371295928955,0.22355706989765167,0.38980957865715027,0.6498647332191467,0.6524137854576111,0.2361713945865631,0.1540791094303131,0.5717494487762451,0.32908695936203003,0.17662778496742249,0.2118099331855774,0.510964035987854,0.16105908155441284,0.1759103387594223,0.3947639465332031,0.25935304164886475,0.17891736328601837,0.37112942337989807,0.6768304705619812,0.1631547510623932,0.18636184930801392,0.6572495698928833,0.6155555844306946,0.33335280418395996,0.15748903155326843,0.41494762897491455,0.08873946964740753,0.23430988192558289,0.23487822711467743,0.13268132507801056,0.5050002336502075,0.6682268977165222,0.6121128797531128,0.1178814023733139,0.81646329164505,0.13586777448654175,0.3797849416732788,0.3453010618686676,0.3733823299407959,0.3074856102466583,0.17966660857200623,0.4883739948272705,0.1689971685409546,0.15867489576339722,0.23277273774147034,0.49235934019088745,0.42476367950439453,0.18218497931957245,0.336455762386322,0.1957148313522339,0.13502293825149536,0.44449883699417114,0.38818493485450745,0.2406100332736969,0.6464160084724426,0.2310929149389267,0.19843097031116486,0.5424057841300964
1,1.2340768575668335,0.677588164806366,0.18489667773246765,0.0,0.011515934951603413,0.0,0.5924135446548462,0.673524022102356,0.6116629838943481,0.4481925666332245,0.7379970550537109,0.6666049957275391,0.75733882188797,0.5605595707893372,0.53972327709198,0.9761495590209961,0.0,0.11092980951070786,0.7428094744682312,0.5957903861999512,0.6744197010993958,0.2808753550052643,0.0,0.5789975523948669,0.6825066804885864,0.6681366562843323,0.0,0.6348799467086792,0.08446579426527023,0.5456730723381042,0.8281822800636292,0.6266890168190002,0.5494022965431213,0.00496639683842659,0.5224016308784485,1.001025915145874,0.787428081035614,0.6498942971229553,0.0,0.5730395317077637,0.7357120513916016,0.0,0.0,0.07215206325054169,0.5634128451347351,0.6489267349243164,1.0631314516067505,0.0,0.4928097426891327,0.32874229550361633,0.0,0.8120917677879333,0.289401113986969,0.8063995242118835,0.528282105922699,0.0,0.636763870716095,0.0,0.0,1.6751747131347656,0.0,1.1662837266921997,2.1542747020721436,0.03804856538772583,0.0,0.9556410908699036,0.7779828906059265,0.9621132016181946,0.0,0.5066975951194763,0.0,0.649438738822937,0.09552914649248123,0.07811563462018967,0.0,0.030274776741862297,0.5296252369880676,0.8131749033927917,0.19678853452205658,0.0,0.6075840592384338,1.0233299732208252,0.6438711285591125,1.063379168510437,0.6913772225379944,0.39823389053344727,0.0,0.5760607123374939,0.9208396077156067,0.6432949900627136,0.90752774477005,0.0,1.181767463684082,0.49653929471969604,0.3374694287776947,1.143341064453125,0.22962304949760437,1.0288877487182617,0.25924941897392273,0.574278712272644,0.0638323500752449,0.8218097686767578,0.6153755187988281,0.0,0.557997465133667,0.5976352691650391,0.12223346531391144,0.7292124032974243,0.4851101040840149,0.0,0.7603925466537476,0.7476741075515747,0.42279642820358276,0.02894137240946293,0.4384583532810211,0.0,0.7712967991828918,1.0900943279266357,0.7472996711730957,0.554726243019104,0.7250757217407227,0.8547117114067078,0.8204489350318909,0.0,0.4942304790019989,1.0941812992095947,0.8117586374282837,0.0,0.0,0.0,0.0,0.0,0.0,0.04343622550368309,0.0,0.6456616520881653,0.059179093688726425,0.6356460452079773,0.8203592896461487,0.2298162877559662,0.06044476106762886,0.1464296579360962,0.0,0.5833045840263367,0.0,0.61603182554245,0.66722571849823,0.575057327747345,0.0,0.0,0.0,0.8270509839057922,0.0,0.35656991600990295,1.0979893207550049,0.0900382325053215,0.7778412699699402,0.0,0.0,1.2008552551269531,0.0007245685555972159,1.011314034461975,1.0212470293045044,0.0,0.6806889176368713,0.0,0.10253552347421646,0.6361492872238159,1.0439908504486084,0.1374366134405136,0.0,0.12970654666423798,0.85184246301651,1.3223685026168823,0.7791101336479187,0.7458525896072388,0.6413460969924927,0.007016428280621767,0.9440940022468567,0.0,0.19743964076042175,0.22037096321582794,0.5280757546424866,0.6049904823303223,0.47815877199172974,0.6616643667221069,0.928885281085968,0.0,0.5771080851554871,0.10122056305408478,0.0,0.6279614567756653,0.610712468624115,0.0,0.09027106314897537,0.6062096357345581,0.0,0.9410269856452942,0.0,0.5502327680587769,1.2359205484390259,0.0,0.0,0.5332279205322266,0.6758604645729065,0.0,0.8178815841674805,0.779009222984314,0.8285631537437439,0.0,0.5746881365776062,0.68106609582901,0.9547926783561707,0.4819657504558563,0.6057223677635193,0.7685527205467224,0.018410699442029,0.6264453530311584,0.5513993501663208,0.0,0.0,0.7123306393623352,0.8168060183525085,0.0563160739839077,0.6973932981491089,0.4984305202960968,0.6738432049751282,0.5689670443534851,0.0,0.0,0.0,0.79020756483078,0.05331197753548622,0.6100346446037292,1.0002188682556152,1.2428123950958252,0.49703723192214966,0.4364297688007355,0.6945316195487976,0.0,0.6011176705360413,0.6221033930778503,0.5431879162788391,0.0,1.2308063507080078,0.7957102060317993,0.8133780360221863,0.6532596349716187,0.5898367166519165,0.37169259786605835,1.0342072248458862,0.4813094139099121,0.0,1.2850236892700195,0.5886101126670837,0.0
1,0.41998717188835144,0.154875248670578,0.24496880173683167,0.009354662150144577,0.034637339413166046,0.01969168148934841,0.1006305068731308,0.1709531843662262,0.09007465094327927,0.08297035843133926,0.26650023460388184,0.05643162131309509,0.1145579144358635,0.1291828155517578,0.8075342774391174,0.9166644811630249,0.06273673474788666,0.17538310587406158,0.21350952982902527,0.04854286462068558,0.15657106041908264,0.3887956142425537,0.017989393323659897,0.136091947555542,0.1425120085477829,0.09005732834339142,0.015941999852657318,0.1326303780078888,0.1598789095878601,0.0870947316288948,0.27959656715393066,0.1806095838546753,0.10007740557193756,0.0507112517952919,0.5385840535163879,1.1110594272613525,0.17349304258823395,0.08956588059663773,0.0,0.29054149985313416,0.44700857996940613,0.015498782508075237,0.005057900212705135,0.1280210316181183,0.13527406752109528,0.13082891702651978,1.1447677612304688,0.0007921465439721942,0.3276767134666443,0.4699828326702118,0.03292485326528549,0.32043007016181946,0.4181424677371979,0.231888547539711,0.08717957884073257,0.0,0.1082230880856514,0.012950759381055832,0.004417732823640108,1.312049150466919,0.02748396061360836,1.0570321083068848,1.5003114938735962,0.0762571170926094,0.017736727371811867,1.1420806646347046,0.26655542850494385,1.15494966506958,0.08972962945699692,0.15818990767002106,0.027071556076407433,0.17862093448638916,0.16682900488376617,0.11959628015756607,0.036736540496349335,0.07053346931934357,0.14967912435531616,0.3430911600589752,0.3872424066066742,0.01107145007699728,0.11149857193231583,1.1802424192428589,0.8627797365188599,0.3676581084728241,0.07539810240268707,0.1510544717311859,0.030747875571250916,0.09075874090194702,0.32758718729019165,0.16990536451339722,0.31854718923568726,0.02525658905506134,1.2155488729476929,0.06187109649181366,0.5970020890235901,1.2296417951583862,0.33263665437698364,0.7245165109634399,0.3988567888736725,0.11652933806180954,0.11666334420442581,0.21580727398395538,0.11142891645431519,0.03226214274764061,0.14088350534439087,0.10390173643827438,0.199062779545784,0.19154328107833862,0.1875152587890625,0.005132782272994518,0.22022052109241486,0.9839009046554565,0.022326285019516945,0.045961759984493256,0.6612231135368347,0.0,0.9596045613288879,1.0857726335525513,0.18210665881633759,0.093549944460392,0.17554844915866852,0.2591245174407959,0.2401106208562851,0.03828964754939079,0.15635716915130615,1.15973699092865,0.24946382641792297,0.034162361174821854,0.022587016224861145,0.0,0.016307130455970764,0.01727401465177536,0.0,0.08467620611190796,0.04749271646142006,0.11296246200799942,0.10573048889636993,0.12628450989723206,0.19410432875156403,0.3032374680042267,0.09849106520414352,0.14807192981243134,0.023854270577430725,0.11465755105018616,0.034807804971933365,0.06826399266719818,0.12847092747688293,0.10050197690725327,0.027705881744623184,0.002492782659828663,0.01692003197968006,0.23508141934871674,0.019216839224100113,0.49745213985443115,0.6409239172935486,0.19730332493782043,0.9599608182907104,0.013988868333399296,0.0069593219086527824,0.6056810617446899,0.08214656263589859,1.2309107780456543,0.36270469427108765,0.04378658905625343,0.1529945582151413,0.006126535125076771,0.15849140286445618,0.168493390083313,0.41853976249694824,0.20721951127052307,0.025004705414175987,0.2128657102584839,0.1883845031261444,0.8001341819763184,0.19695723056793213,0.21457679569721222,0.2140364646911621,0.10928741097450256,1.095823049545288,0.01545647345483303,0.0,0.34412962198257446,0.16501399874687195,0.06570108979940414,0.14170219004154205,0.1333887130022049,0.31607598066329956,0.03204755485057831,0.11889496445655823,0.1586468517780304,0.05132662504911423,0.1318022459745407,0.07485722005367279,0.07182636857032776,0.10787395387887955,0.14188064634799957,0.01150613371282816,1.0711171627044678,0.04154430702328682,0.14608104526996613,1.2271239757537842,0.08367478102445602,0.020757948979735374,0.09749571233987808,0.19858069717884064,0.012208772823214531,0.9685283899307251,0.18415573239326477,0.23916400969028473,0.03502458706498146,0.1083403080701828,0.12455162405967712,1.0977038145065308,0.16500084102153778,0.24279433488845825,1.0241267681121826,0.04867607727646828,0.14241935312747955,0.197027325630188,0.019036391749978065,0.017093518748879433,0.8974820375442505,0.18212497234344482,0.09349031001329422,0.1402358114719391,0.14930593967437744,0.24748064577579498,0.0790686160326004,0.014585865661501884,0.023238424211740494,0.0301972683519125,0.2243638038635254,0.07136477530002594,0.04934699833393097,0.9749135375022888,1.1725232601165771,0.6686280369758606,0.6360092163085938,0.12375334650278091,0.027164427563548088,0.1087530106306076,0.09439244866371155,0.13641946017742157,0.04062478989362717,1.3008100986480713,0.27013224363327026,0.9831053614616394,0.11752821505069733,0.06185859814286232,0.4978058338165283,1.2484124898910522,0.09852974861860275,0.021399911493062973,0.7860314249992371,0.09455744177103043,0.005287774372845888
1,0.9097946882247925,0.7011481523513794,0.17721299827098846,0.1486407220363617,0.12127692252397537,0.174238920211792,0.6382096409797668,0.7521541118621826,0.6442108154296875,0.6312731504440308,0.648323118686676,0.6969737410545349,0.6515803337097168,0.585748016834259,0.2658364772796631,0.4462240934371948,0.3414424955844879,0.23186947405338287,0.6161136627197266,0.7066950798034668,0.7440641522407532,0.20273172855377197,0.20662111043930054,0.7250937819480896,0.7938264608383179,0.6305766105651855,0.2132311314344406,0.5219706892967224,0.18981948494911194,0.7125290632247925,0.6190482974052429,0.611057460308075,0.694265604019165,0.18061114847660065,0.624992847442627,0.35333502292633057,0.6805417537689209,0.7379232048988342,0.0971125140786171,0.8246048092842102,0.4395413100719452,0.2120112180709839,0.17031371593475342,0.13832667469978333,0.7525308728218079,0.6571449041366577,0.3701293170452118,0.1356750875711441,0.7263951897621155,0.1796116679906845,0.22807347774505615,0.7500635981559753,0.1638544350862503,0.8436613082885742,0.600185215473175,0.10829471796751022,0.8041958808898926,0.204239621758461,0.15953703224658966,0.5677937269210815,0.2575434148311615,0.4606846272945404,1.2927796840667725,0.3456780016422272,0.19712123274803162,0.3704628050327301,0.7547037601470947,0.4037491977214813,0.20049768686294556,0.691627025604248,0.22994883358478546,0.6639207005500793,0.22051751613616943,0.21443720161914825,0.17628073692321777,0.32568684220314026,0.7253138422966003,0.6700096726417542,0.23792415857315063,0.1658795326948166,0.7132410407066345,0.3665647804737091,0.3208092153072357,0.7703089714050293,0.662015438079834,0.6051421165466309,0.2434699982404709,0.6750621795654297,0.5784057378768921,0.7835848927497864,0.7282624244689941,0.2824905812740326,0.3801703155040741,0.7342469096183777,0.2638434171676636,0.3642483353614807,0.2623499631881714,0.6298365592956543,0.21113140881061554,0.7459519505500793,0.139815092086792,0.6614255309104919,0.7343020439147949,0.28580939769744873,0.7210013270378113,0.6488180160522461,0.1459137499332428,0.6102790832519531,0.7437790632247925,0.18548883497714996,0.8148016929626465,0.36386623978614807,0.4266235828399658,0.13495582342147827,0.192093625664711,0.141654372215271,0.30186671018600464,0.306368350982666,0.6030993461608887,0.653730571269989,0.7334418296813965,0.5509230494499207,0.6595279574394226,0.14689378440380096,0.8939841389656067,0.34540319442749023,0.8032934665679932,0.21398532390594482,0.22793778777122498,0.13089130818843842,0.22810178995132446,0.23049604892730713,0.13924671709537506,0.12979348003864288,0.21933670341968536,0.7372834086418152,0.190363809466362,0.733569860458374,0.6376705169677734,0.1702987551689148,0.15081250667572021,0.1423780769109726,0.23047763109207153,0.7736426591873169,0.24162326753139496,0.630983829498291,0.6995791792869568,0.6961632370948792,0.23436206579208374,0.19533036649227142,0.2203555405139923,0.801647424697876,0.23101139068603516,0.25892090797424316,0.6910552978515625,0.1883164644241333,0.32343819737434387,0.1604771912097931,0.12035796046257019,0.5968148112297058,0.20252107083797455,0.42775776982307434,0.7970209717750549,0.2645830810070038,0.7561928629875183,0.17671076953411102,0.16081427037715912,0.7818341255187988,0.7801638245582581,0.19011446833610535,0.25103533267974854,0.17596544325351715,0.6361408233642578,0.8187605738639832,0.6455140113830566,0.6620497703552246,0.6661337018013,0.31163251399993896,0.35174039006233215,0.17534872889518738,0.339216947555542,0.2363361120223999,0.7052595615386963,0.751513659954071,0.6062618494033813,0.7566665410995483,0.6227076649665833,0.2690874934196472,0.6496872901916504,0.04245743155479431,0.2703235149383545,0.6562450528144836,0.717336118221283,0.28716251254081726,0.10932595282793045,0.7964038848876953,0.202566459774971,0.36754825711250305,0.26268553733825684,0.8193095326423645,0.34033769369125366,0.26635247468948364,0.23289191722869873,0.9360395073890686,0.6137624979019165,0.18502970039844513,0.29948779940605164,0.6850741505622864,0.852990448474884,0.17741991579532623,0.6484655737876892,0.6573634147644043,0.38084152340888977,0.7344448566436768,0.5811273455619812,0.38459739089012146,0.26148688793182373,0.6690360307693481,0.5956373810768127,0.23921287059783936,0.2520177364349365,0.33171868324279785,0.7560274600982666,0.14699335396289825,0.6395083069801331,0.615736722946167,0.8082358241081238,0.6328925490379333,0.17418301105499268,0.21648289263248444,0.2145710438489914,0.6439507603645325,0.34048500657081604,0.6730461716651917,0.48214301466941833,0.42560645937919617,0.2962005138397217,0.32138773798942566,0.9342889189720154,0.1754634529352188,0.6867935061454773,0.693202793598175,0.7957936525344849,0.1645059436559677,0.3735983371734619,0.6045162081718445,0.34691232442855835,0.7925661206245422,0.6608449220657349,0.25465914607048035,0.4478764235973358,0.5758915543556213,0.26024341583251953,0.5783077478408813,0.7732343673706055,0.1782584935426712
1,0.852419376373291,0.6649383306503296,0.1533653289079666,0.026807457208633423,0.021363429725170135,0.01851756125688553,0.6945340633392334,0.7156254053115845,0.6748433709144592,0.5472081899642944,0.7016153335571289,0.7117975950241089,0.6936257481575012,0.653243362903595,0.4342969059944153,0.6810091137886047,0.06622836738824844,0.12254462391138077,0.6800605058670044,0.8092972636222839,0.7372720241546631,0.22559697926044464,0.025107627734541893,0.7051181793212891,0.7212461233139038,0.640587329864502,0.025118593126535416,0.5608505606651306,0.10805247724056244,0.7150400876998901,0.6628053188323975,0.6738882064819336,0.6745845675468445,0.03734133392572403,0.5416461229324341,0.5863966941833496,0.70283043384552,0.7292318940162659,0.002407878404483199,0.6557478904724121,0.4903841018676758,0.0218181274831295,0.020558305084705353,0.07425973564386368,0.6712281703948975,0.7051377892494202,0.6274121999740601,0.022611435502767563,0.5418275594711304,0.2701428234577179,0.036421239376068115,0.6666426658630371,0.2643740773200989,0.7501824498176575,0.6515149474143982,0.007435900159180164,0.7995361089706421,0.0329364538192749,0.012708500027656555,0.8276176452636719,0.03452989086508751,0.6333000659942627,1.423454761505127,0.06262338161468506,0.032945115119218826,0.6012524366378784,0.7180692553520203,0.6342103481292725,0.05140840262174606,0.6993592381477356,0.0352250374853611,0.6551535725593567,0.10608862340450287,0.21738727390766144,0.03179831802845001,0.05315164849162102,0.7017802000045776,0.5878701210021973,0.2675674557685852,0.01872747205197811,0.7005840539932251,0.6199600100517273,0.5051396489143372,0.7053371667861938,0.7107104063034058,0.5622808337211609,0.043706949800252914,0.7301977276802063,0.6670404672622681,0.7433512210845947,0.7646383047103882,0.03451976925134659,0.6405288577079773,0.7092441320419312,0.3608080744743347,0.6207854747772217,0.24362961947917938,0.7531375288963318,0.235884428024292,0.6643580794334412,0.07836081832647324,0.6763083338737488,0.7367262840270996,0.040664512664079666,0.650813639163971,0.644677460193634,0.11346744000911713,0.6890706419944763,0.7042105197906494,0.05255492404103279,0.7676314115524292,0.5494142770767212,0.5736109614372253,0.03657877445220947,0.20438942313194275,0.00046034142724238336,0.4882516860961914,0.5339645147323608,0.6345670819282532,0.6666369438171387,0.7798821330070496,0.6131927967071533,0.6615118980407715,0.018845025449991226,0.659876823425293,0.5899012684822083,0.7690621018409729,0.04529859498143196,0.03027859888970852,0.010461965575814247,0.025017311796545982,0.03302378207445145,0.014722387306392193,0.04804541543126106,0.028940940275788307,0.7243137359619141,0.07359050214290619,0.7112604975700378,0.7230539321899414,0.16917529702186584,0.0615474097430706,0.08419328927993774,0.05008266493678093,0.6977187395095825,0.03421373292803764,0.6495311856269836,0.7393304705619812,0.6971720457077026,0.039303503930568695,0.020686578005552292,0.02082819677889347,0.7772061228752136,0.034855157136917114,0.2751150131225586,0.739626407623291,0.12293900549411774,0.5360954403877258,0.020300235599279404,0.012958926148712635,0.687740683555603,0.05333701893687248,0.6986091136932373,0.8095046877861023,0.043572839349508286,0.7317312359809875,0.02433328703045845,0.12118203938007355,0.7371748685836792,0.7841329574584961,0.15557143092155457,0.08828121423721313,0.13749967515468597,0.618712306022644,1.0675103664398193,0.6216142773628235,0.6172448396682739,0.6445713043212891,0.059628766030073166,0.5861345529556274,0.04006924107670784,0.29476991295814514,0.22063148021697998,0.6424506902694702,0.7423120737075806,0.6721762418746948,0.698506236076355,0.6469453573226929,0.03913175314664841,0.69426429271698,0.07264956086874008,0.04069137945771217,0.717524528503418,0.7503150701522827,0.05960839241743088,0.03279631584882736,0.775262713432312,0.02978500723838806,0.6057721376419067,0.04601823538541794,0.6812974810600281,0.597848653793335,0.0498417392373085,0.025902777910232544,0.7738380432128906,0.6604880094528198,0.027021652087569237,0.4987940788269043,0.6925778985023499,0.8326514959335327,0.03421926125884056,0.674805760383606,0.6994165182113647,0.6474806666374207,0.6649290323257446,0.5540091395378113,0.6160300374031067,0.044954318553209305,0.6657696962356567,0.586613118648529,0.026981879025697708,0.03520530089735985,0.5407927632331848,0.7400280237197876,0.05549515038728714,0.6655725836753845,0.6496526002883911,0.7052258849143982,0.597417950630188,0.02591457962989807,0.02616867423057556,0.028828565031290054,0.6507149934768677,0.07812575250864029,0.7439223527908325,0.646794319152832,0.6286983489990234,0.41681036353111267,0.4618986248970032,0.852608323097229,0.037922877818346024,0.6869971752166748,0.6954115629196167,0.7333855032920837,0.017930591478943825,0.64145827293396,0.7403072118759155,0.5415822267532349,0.7690380811691284,0.6635962724685669,0.26859644055366516,0.6420881748199463,0.6056786775588989,0.04399050772190094,0.7769054770469666,0.77558833360672,0.010782338678836823
0,0.07665564864873886,0.026545081287622452,0.6313787698745728,0.7242765426635742,0.5816629528999329,0.7038058638572693,0.04024043679237366,0.07368984073400497,0.03221292048692703,0.031092727556824684,0.075804203748703,0.012614255771040916,0.012150081805884838,0.06396208703517914,0.42597514390945435,0.36284247040748596,0.9862558841705322,0.6310459971427917,0.04728681594133377,0.06291592866182327,0.02860606089234352,0.4779396057128906,0.9212232828140259,0.06827598065137863,0.04358771815896034,0.01611544005572796,0.8030034899711609,0.018026962876319885,0.529140293598175,0.03332764282822609,0.05791015550494194,0.08249955624341965,0.03919990360736847,0.632647693157196,0.33934593200683594,0.47068536281585693,0.020744536072015762,0.03202143684029579,0.658170223236084,0.1852857917547226,0.14088134467601776,0.842115044593811,0.7710322737693787,0.503578782081604,0.05727671831846237,0.04385748505592346,0.46593135595321655,0.5768727660179138,0.14903688430786133,0.35193973779678345,0.771712064743042,0.09296177327632904,0.22432941198349,0.054546061903238297,0.034300439059734344,0.6393924355506897,0.049857478588819504,0.7871097326278687,0.7355911135673523,0.4270213842391968,0.9332758784294128,0.37571796774864197,0.5079396963119507,0.9793540835380554,0.6760620474815369,0.4860258996486664,0.07253509759902954,0.49230170249938965,0.6796313524246216,0.07838937640190125,0.8815882802009583,0.06909240782260895,0.6197109222412109,0.10723866522312164,0.6689795255661011,0.7129881381988525,0.07032011449337006,0.10292475670576096,0.355546236038208,0.7495680451393127,0.04842760041356087,0.5134280323982239,0.44256889820098877,0.05701545253396034,0.012856628745794296,0.07700936496257782,0.8147553205490112,0.03512901812791824,0.049060411751270294,0.08282005041837692,0.07287097722291946,1.02407705783844,0.4787217676639557,0.0002261008630739525,0.4090924561023712,0.4863940477371216,0.6096298098564148,0.2467242181301117,0.47814950346946716,0.04403582960367203,0.5723234415054321,0.030022701248526573,0.049133673310279846,0.8727585077285767,0.06765948235988617,0.03671175241470337,0.4616784453392029,0.039629921317100525,0.13649940490722656,0.6786132454872131,0.06907279789447784,0.46600237488746643,0.04592638462781906,0.6871354579925537,0.3214518427848816,0.8043193817138672,0.43837979435920715,0.42132872343063354,0.021304767578840256,0.03809206932783127,0.07707512378692627,0.0330231711268425,0.037067607045173645,0.6134613752365112,0.09418320655822754,0.4591924846172333,0.065167635679245,0.736230194568634,0.9000458717346191,0.6979498267173767,0.8830249309539795,0.836974024772644,0.6655576229095459,0.5545779466629028,0.7442896962165833,0.044602975249290466,0.6763450503349304,0.04951775446534157,0.03281792998313904,0.47691482305526733,0.57975172996521,0.47285282611846924,0.6864725351333618,0.05069383978843689,0.8153207898139954,0.010860906913876534,0.04933394119143486,0.030567634850740433,0.7794480919837952,0.6963452100753784,0.8812233805656433,0.05492362752556801,0.8035464882850647,0.6417191028594971,0.19986805319786072,0.47624707221984863,0.4155937433242798,0.7707310318946838,0.6735783219337463,0.15734976530075073,0.48925161361694336,0.5501647591590881,0.06501168012619019,0.8517918586730957,0.05364657938480377,0.7807021141052246,0.51959228515625,0.07381482422351837,0.09539356827735901,0.5174472332000732,0.7272365093231201,0.535793125629425,0.01214783824980259,0.2690356373786926,0.03156019002199173,0.03944414481520653,0.08255302906036377,0.9577058553695679,0.4657057225704193,0.6166820526123047,0.5999213457107544,0.5865814685821533,0.09116828441619873,0.02431260608136654,0.10235776007175446,0.03431621193885803,0.05445629358291626,0.9419201016426086,0.05277645215392113,0.3639805316925049,0.8724505305290222,0.03117128275334835,0.035727690905332565,0.7575352191925049,0.5527137517929077,0.07313137501478195,0.731974720954895,0.4402123689651489,0.8740670084953308,0.07511016726493835,0.44800108671188354,0.8435929417610168,0.8958935141563416,0.06881258636713028,0.05161251127719879,0.766521692276001,0.41137972474098206,0.04289714992046356,0.08749543130397797,0.6630056500434875,0.04157908633351326,0.0415012501180172,0.5012736320495605,0.10455898195505142,0.08143213391304016,0.4983538091182709,0.9199845194816589,0.04574928060173988,0.08778155595064163,0.9039626717567444,0.7784591317176819,0.4155692458152771,0.03477431833744049,0.5876870155334473,0.019645197317004204,0.09503019601106644,0.1193615198135376,0.01566876284778118,0.6976200342178345,0.8762566447257996,0.773465096950531,0.04001663625240326,0.8166699409484863,0.010888936929404736,0.3721591830253601,0.43035608530044556,0.4151996672153473,0.3578602373600006,0.04315754026174545,0.6313574910163879,0.04029082506895065,0.023250410333275795,0.08360481262207031,0.6706457138061523,0.4903129041194916,0.07928407192230225,0.4272506535053253,0.04115151986479759,0.01726614125072956,0.5619982481002808,0.5159977674484253,0.0685727447271347,0.8007310628890991,0.2339438945055008,0.03673224523663521,0.8318520188331604
0,0.45323824882507324,0.25112706422805786,0.8456015586853027,0.5096550583839417,0.6320478320121765,0.4764971137046814,0.33750346302986145,0.31458771228790283,0.31781789660453796,0.2807929515838623,0.23403246700763702,0.3031824231147766,0.2743091583251953,0.2614925503730774,0.19582930207252502,0.20029647648334503,0.1358131617307663,0.3648105263710022,0.2672201991081238,0.7728253602981567,0.34660452604293823,0.41397055983543396,0.44655394554138184,0.319100946187973,0.37038812041282654,0.3707374036312103,0.40400275588035583,0.23463685810565948,0.23103272914886475,0.352466344833374,0.19975170493125916,0.2435499131679535,0.3396355211734772,0.25578826665878296,0.25683432817459106,0.2085123360157013,0.2675529718399048,0.3420078158378601,0.7720162868499756,0.3372015357017517,0.9739111065864563,0.6012006402015686,0.6816821694374084,0.4878973960876465,0.33435410261154175,0.2743377387523651,0.26623401045799255,0.8736811876296997,0.24653486907482147,0.6897205114364624,0.39229705929756165,0.3048749268054962,0.8553811311721802,0.3547104597091675,0.2300342321395874,0.8513888120651245,0.3889387547969818,0.4284668564796448,0.6540183424949646,0.18734046816825867,0.1154121533036232,0.17685571312904358,0.49944907426834106,0.11484596878290176,0.4747752249240875,0.23549862205982208,0.2620418667793274,0.21915867924690247,0.5098830461502075,0.36347565054893494,0.49487990140914917,0.29554063081741333,0.15864478051662445,0.19048933684825897,0.7056854367256165,0.07365020364522934,0.361926794052124,0.2217148244380951,0.1843404769897461,0.7012926340103149,0.3494577705860138,0.2373277246952057,0.21329624950885773,0.2905506193637848,0.28848060965538025,0.27332186698913574,0.5243802070617676,0.32190707325935364,0.1743611842393875,0.36694616079330444,0.29345595836639404,0.2872510850429535,0.2881644666194916,0.3375261723995209,0.16305777430534363,0.2478346824645996,0.14492225646972656,0.2501416802406311,0.49040547013282776,0.3192995488643646,0.59032142162323,0.2563001811504364,0.3838789165019989,0.509727954864502,0.3006889820098877,0.3015420436859131,0.40155190229415894,0.28124311566352844,0.3728155195713043,0.8730788230895996,0.3651370108127594,0.17209701240062714,0.4704408645629883,0.816403865814209,0.03107372298836708,0.5860121846199036,0.16249772906303406,0.27069318294525146,0.22275683283805847,0.2921513319015503,0.3225848078727722,0.17797936499118805,0.22572097182273865,0.4811941087245941,0.42210516333580017,0.2588765323162079,0.3611203134059906,0.6130985021591187,0.3649880886077881,0.8224195241928101,0.4796828329563141,0.45823854207992554,0.9966551065444946,0.6912519931793213,0.25181877613067627,0.3553728759288788,0.40362757444381714,0.34821009635925293,0.2328777015209198,0.676076352596283,0.47544655203819275,0.7870317697525024,0.5413402318954468,0.36543983221054077,0.309984415769577,0.2633398175239563,0.3231733739376068,0.3170994818210602,0.5371118783950806,0.9447372555732727,0.34014925360679626,0.3070381283760071,0.5869674682617188,0.19955751299858093,0.29099345207214355,0.45195406675338745,0.23116067051887512,0.8475397825241089,0.8611056208610535,0.664476215839386,0.34078654646873474,0.5904523134231567,0.3241923749446869,0.31160619854927063,0.32242351770401,0.4689803123474121,0.6972466707229614,0.35400980710983276,0.2538384795188904,0.41488155722618103,0.7102646827697754,0.4621759057044983,0.22977595031261444,0.4815797805786133,0.25608745217323303,0.25311964750289917,0.28760895133018494,0.2084195911884308,0.23161134123802185,0.4780295491218567,0.7709676623344421,0.1786511242389679,0.3238803744316101,0.3712281882762909,0.28939032554626465,0.31796973943710327,0.1740015596151352,0.3381817936897278,0.27705058455467224,0.956154465675354,0.30477088689804077,0.31802159547805786,0.329835444688797,0.26383283734321594,0.6845592856407166,0.39838409423828125,0.5721195936203003,0.24248452484607697,0.3140503466129303,0.39792436361312866,0.29315513372421265,0.26767227053642273,0.3659810423851013,0.49763068556785583,0.23321843147277832,0.5641618967056274,0.227370947599411,0.3052233159542084,0.36302804946899414,0.6025224924087524,0.3090149164199829,0.2794787287712097,0.2504676282405853,0.38835209608078003,0.18658527731895447,0.2447822093963623,0.28120100498199463,0.2964794933795929,0.25925034284591675,0.5376440286636353,0.5545369982719421,0.2646492123603821,0.2657986581325531,0.3555435538291931,0.3992888629436493,0.26918473839759827,0.35186967253685,0.27237004041671753,0.6063840389251709,0.48485860228538513,0.4744887948036194,0.23386883735656738,0.37170159816741943,0.33257412910461426,0.2252170592546463,0.1865783929824829,0.2268640697002411,0.22808191180229187,0.6057339310646057,0.6634485125541687,0.3454276919364929,0.2980267107486725,0.4034045338630676,0.4500390887260437,0.4339616894721985,0.2755863070487976,0.19675776362419128,0.4181138873100281,0.28644680976867676,0.28707200288772583,0.26057374477386475,0.33063316345214844,0.2786845564842224,0.1765439659357071,0.4097677767276764,0.4893719553947449
1,0.7187819480895996,0.4416584074497223,0.6783245801925659,0.3732749819755554,0.4797847270965576,0.3256874978542328,0.45740053057670593,0.489619642496109,0.44489192962646484,0.42347583174705505,0.42899492383003235,0.45328211784362793,0.4254675507545471,0.40033209323883057,0.23785367608070374,0.37592363357543945,0.02850090153515339,0.2408304661512375,0.4277530014514923,0.8281642198562622,0.5260942578315735,0.30212610960006714,0.3182865381240845,0.48104918003082275,0.54742431640625,0.4851914048194885,0.2698647677898407,0.3600738048553467,0.10320882499217987,0.4934954345226288,0.37728351354599,0.40558725595474243,0.48736169934272766,0.14506366848945618,0.44993048906326294,0.31614184379577637,0.43857574462890625,0.49538078904151917,0.578148365020752,0.5297431945800781,1.0052883625030518,0.4463581144809723,0.5242473483085632,0.3441460132598877,0.4986598789691925,0.4347601532936096,0.3311683237552643,0.7086648941040039,0.5145866870880127,0.5371168851852417,0.25801512598991394,0.5221171379089355,0.7734161019325256,0.5484110116958618,0.37263619899749756,0.6854661703109741,0.543816089630127,0.29725050926208496,0.4870643615722656,0.4416523575782776,0.011733240447938442,0.3812752962112427,0.9220196604728699,0.048724304884672165,0.3153115212917328,0.3314667344093323,0.48615559935569763,0.3612492084503174,0.36531680822372437,0.5099536180496216,0.32985636591911316,0.4586598873138428,0.06843836605548859,0.18112242221832275,0.5060110092163086,0.05382658168673515,0.5165457129478455,0.43369242548942566,0.1413307934999466,0.5526010394096375,0.4947132170200348,0.32797902822494507,0.27365803718566895,0.4991033375263214,0.4460756778717041,0.4233042001724243,0.37180590629577637,0.46153390407562256,0.3649846017360687,0.5454227924346924,0.503182590007782,0.15937019884586334,0.340152382850647,0.5027990341186523,0.1924823671579361,0.3259063959121704,0.12448624521493912,0.4566934108734131,0.3869219720363617,0.48500171303749084,0.4116770327091217,0.43503299355506897,0.5176872611045837,0.3610938787460327,0.4721820652484894,0.43428656458854675,0.25602900981903076,0.4283347427845001,0.5171201825141907,0.6896635293960571,0.5689258575439453,0.32556450366973877,0.5579501986503601,0.6355476379394531,0.15474867820739746,0.46957647800445557,0.26887762546539307,0.27411898970603943,0.37842902541160583,0.42736735939979553,0.5013442039489746,0.3313993513584137,0.4104782044887543,0.33554455637931824,0.6058001518249512,0.3090449869632721,0.564989447593689,0.4560968577861786,0.24080248177051544,0.6578924655914307,0.3364487588405609,0.32668817043304443,0.8197113275527954,0.5247213840484619,0.16162553429603577,0.5067861676216125,0.27146875858306885,0.5051278471946716,0.40384146571159363,0.5386104583740234,0.33425238728523254,0.6024526953697205,0.37319615483283997,0.5230428576469421,0.1958920955657959,0.4087692201137543,0.480602502822876,0.47432270646095276,0.3786485493183136,0.7202066779136658,0.21492646634578705,0.5300769805908203,0.4409220218658447,0.17340266704559326,0.4545425474643707,0.3079472482204437,0.28939205408096313,0.661282479763031,0.6616158485412598,0.8518831133842468,0.20782876014709473,0.6273736953735352,0.556049108505249,0.20017021894454956,0.5065171122550964,0.3371053636074066,0.5189417600631714,0.5343921184539795,0.5025941729545593,0.29520007967948914,0.5474516749382019,0.30251142382621765,0.3884315490722656,0.6486333608627319,0.42305228114128113,0.4281057119369507,0.4506723880767822,0.1013975664973259,0.3147151470184326,0.2934553921222687,0.6636707782745361,0.1343744844198227,0.4796755313873291,0.5119379758834839,0.4245511591434479,0.4908433258533478,0.37460842728614807,0.19738759100437164,0.4224815368652344,0.7890470623970032,0.18580715358257294,0.46722251176834106,0.4616008698940277,0.14315330982208252,0.5602767467498779,0.5499445796012878,0.4273773431777954,0.32885897159576416,0.1784428209066391,0.5549677014350891,0.30451273918151855,0.11910423636436462,0.2548145651817322,0.6470525860786438,0.40558502078056335,0.4148263931274414,0.26796281337738037,0.459927499294281,0.5787309408187866,0.42713379859924316,0.4512076675891876,0.4293696880340576,0.3384295403957367,0.5270736813545227,0.3709530532360077,0.34411346912384033,0.13257305324077606,0.45224103331565857,0.4163399636745453,0.37105923891067505,0.4368278682231903,0.2968009412288666,0.47485968470573425,0.25493916869163513,0.5610588192939758,0.40917032957077026,0.5665512084960938,0.41954055428504944,0.43722373247146606,0.340404212474823,0.3459274172782898,0.4152368903160095,0.2084636241197586,0.47984570264816284,0.38723695278167725,0.35783952474594116,0.23155850172042847,0.26215192675590515,0.773556649684906,0.46833691000938416,0.4832506775856018,0.4586794078350067,0.5536550879478455,0.30495673418045044,0.46816760301589966,0.4377577304840088,0.3103952407836914,0.5655439496040344,0.4341558516025543,0.23394928872585297,0.40073156356811523,0.42398032546043396,0.13737571239471436,0.39551395177841187,0.5586565136909485,0.36162954568862915
1,1.2491549253463745,1.001794695854187,0.06701656430959702,0.007029385771602392,0.004978846292942762,0.00097888452000916,1.1123632192611694,1.1062300205230713,1.0992714166641235,0.8007831573486328,0.9781681895256042,1.1531126499176025,1.155501365661621,1.0655882358551025,0.2595522403717041,0.4928041696548462,0.16322465240955353,0.08885723352432251,0.9939029216766357,1.358530879020691,1.036413311958313,0.13044457137584686,0.0018385875737294555,1.0922870635986328,1.1145952939987183,1.0683022737503052,0.0,0.9156253337860107,0.06751932948827744,1.1467534303665161,1.0309644937515259,1.0565105676651,1.0206835269927979,0.013669722713530064,0.5785937309265137,0.3610599637031555,1.0724072456359863,1.1999711990356445,0.0,1.041146993637085,0.6898472905158997,0.0012027632910758257,0.0,0.056267932057380676,1.0368738174438477,1.0589964389801025,0.3546999394893646,0.0,0.4335424602031708,0.15372657775878906,0.022186145186424255,0.9433815479278564,0.0929211974143982,1.1545170545578003,1.0660568475723267,0.0,1.2939397096633911,0.0,0.0,0.6862409710884094,0.016417531296610832,0.44182074069976807,1.3626909255981445,0.12165632098913193,0.003568449290469289,0.34128081798553467,0.965682864189148,0.3780006170272827,0.06718740612268448,1.05951726436615,0.019530804827809334,0.997358500957489,0.07092370837926865,0.27671292424201965,0.015303758904337883,0.09593154489994049,1.0496492385864258,0.8110455274581909,0.19107234477996826,0.0,1.1300817728042603,0.384446918964386,0.2868900001049042,1.0649710893630981,1.1766151189804077,0.7633575797080994,0.04092481732368469,1.1857366561889648,0.9511740803718567,1.1360547542572021,1.0911359786987305,0.0071132592856884,0.3684382438659668,1.0655250549316406,0.24119241535663605,0.36138540506362915,0.12628430128097534,0.7197031378746033,0.13542643189430237,1.0370780229568481,0.026127681136131287,1.0298948287963867,1.174914836883545,0.017635110765695572,1.0147567987442017,1.0536582469940186,0.10012191534042358,1.0455037355422974,0.9933592081069946,0.0015805789735168219,1.1668952703475952,0.335689902305603,0.95501708984375,0.012080170214176178,0.2716113030910492,0.0,0.3047921657562256,0.30509135127067566,1.000745415687561,1.092869758605957,1.1977428197860718,0.9743790626525879,1.016220211982727,0.02063668519258499,0.940835177898407,0.3511315584182739,1.1145392656326294,0.10469230264425278,0.0,0.0,0.0006726535502821207,0.01079533714801073,0.0012888446217402816,0.019883310422301292,0.022619865834712982,1.147693157196045,0.04840613529086113,1.1176570653915405,1.127042293548584,0.0941292867064476,0.03908423334360123,0.04769043251872063,0.02956213988363743,1.130313515663147,0.03132486343383789,1.0595325231552124,1.1625250577926636,1.0789926052093506,0.029884599149227142,0.0,0.0012276344932615757,1.115843653678894,0.006878223270177841,0.1742570847272873,0.8787558674812317,0.0992560163140297,0.27991706132888794,0.005840685684233904,0.0,1.051892876625061,0.1103791669011116,0.37861528992652893,1.138034462928772,0.08720032125711441,1.122227668762207,0.0,0.060799408704042435,1.1342161893844604,1.0893603563308716,0.0856391042470932,0.08787697553634644,0.0965128093957901,1.0543159246444702,1.2113711833953857,0.9826467633247375,0.9347903728485107,0.985252857208252,0.1930008828639984,0.34019550681114197,0.0052261874079704285,0.6066358685493469,0.12626327574253082,0.9667550921440125,1.2413638830184937,0.9434515237808228,1.1001769304275513,0.9766760468482971,0.03231910616159439,1.108970046043396,0.029977940022945404,0.03904584050178528,1.0642335414886475,1.2810792922973633,0.13925600051879883,0.02847019024193287,1.1978200674057007,0.0005462488043121994,0.3270760476589203,0.05767713859677315,1.1179075241088867,0.34277108311653137,0.12243840843439102,0.006644432432949543,1.1891318559646606,0.985398530960083,0.0,0.2767302989959717,1.156278133392334,1.2240071296691895,0.0184529647231102,1.060632348060608,1.1363223791122437,0.3837740421295166,0.9912306070327759,0.7769339680671692,0.3534325957298279,0.08137841522693634,1.038159966468811,0.8457401394844055,0.007897262461483479,0.003593235043808818,0.2733078896999359,1.1667883396148682,0.03511524945497513,1.0512357950210571,1.061753749847412,0.9703038930892944,0.9625106453895569,0.0,0.012471604160964489,0.011314666830003262,1.0170139074325562,0.21172955632209778,1.2036242485046387,0.4683229923248291,0.4514024257659912,0.20947574079036713,0.27528515458106995,1.2236425876617432,0.018964732065796852,1.0807921886444092,1.1135114431381226,1.1096454858779907,0.016670428216457367,0.3508521318435669,1.052372932434082,0.34536054730415344,1.2262696027755737,1.0666651725769043,0.15987421572208405,0.3513805866241455,1.0132237672805786,0.001899505383335054,0.8823735117912292,1.190799593925476,0.0
0,0.17042651772499084,0.13751277327537537,0.28416210412979126,0.44320347905158997,0.28932246565818787,0.4344218671321869,0.1667734533548355,0.21800224483013153,0.1502114236354828,0.13278348743915558,0.15539336204528809,0.1398535817861557,0.13754883408546448,0.1919243335723877,0.3017076849937439,0.3578042685985565,0.7959424257278442,0.4956011176109314,0.13862498104572296,0.22067534923553467,0.153436079621315,0.3708116114139557,0.5459416508674622,0.1956998109817505,0.19071510434150696,0.10551225394010544,0.5283544659614563,0.13111211359500885,0.46371492743492126,0.17889215052127838,0.1483461707830429,0.18922702968120575,0.15758059918880463,0.4302904009819031,0.41770124435424805,0.3748611807823181,0.1397790163755417,0.17059431970119476,0.2745073735713959,0.36012694239616394,0.12040162086486816,0.507915198802948,0.4389626383781433,0.32199233770370483,0.19259528815746307,0.16245445609092712,0.402158260345459,0.34052056074142456,0.21841184794902802,0.3353695869445801,0.5397967100143433,0.19666361808776855,0.15242405235767365,0.16365540027618408,0.16596610844135284,0.28249630331993103,0.22032025456428528,0.5132012367248535,0.3885912597179413,0.40679308772087097,0.6475736498832703,0.3209770619869232,0.5551828145980835,0.7445169687271118,0.47434431314468384,0.39327311515808105,0.15701712667942047,0.3678422272205353,0.43874508142471313,0.20871520042419434,0.5691876411437988,0.19312143325805664,0.48018643260002136,0.14896586537361145,0.4369257092475891,0.6827055215835571,0.19040879607200623,0.1783696711063385,0.35735586285591125,0.41998496651649475,0.17042353749275208,0.42018911242485046,0.3555804193019867,0.16417112946510315,0.13687653839588165,0.15996074676513672,0.5824447274208069,0.17675833404064178,0.12514887750148773,0.21917645633220673,0.16634705662727356,0.6615503430366516,0.4438580870628357,0.1087244525551796,0.34173068404197693,0.4175824820995331,0.49767035245895386,0.2677038311958313,0.3726566731929779,0.17345775663852692,0.3369811177253723,0.13003258407115936,0.19833330810070038,0.5769763588905334,0.20202048122882843,0.1612616330385208,0.3482782542705536,0.14384399354457855,0.3172640800476074,0.4524039924144745,0.19088557362556458,0.3437784016132355,0.09243965148925781,0.3303738236427307,0.1453930288553238,0.37453147768974304,0.3406608998775482,0.39210137724876404,0.128970667719841,0.1809329092502594,0.2038578987121582,0.12109827995300293,0.14291717112064362,0.37542375922203064,0.25120121240615845,0.3844335973262787,0.1870010942220688,0.5210832357406616,0.5767485499382019,0.31343314051628113,0.5437961220741272,0.5269004106521606,0.36213943362236023,0.28132709860801697,0.5199644565582275,0.18602867424488068,0.4576779901981354,0.1728127896785736,0.15235348045825958,0.3182261884212494,0.3770999610424042,0.29514020681381226,0.5320018529891968,0.1958194077014923,0.5409334897994995,0.12540526688098907,0.17632904648780823,0.15721550583839417,0.5443182587623596,0.4437403678894043,0.5682291984558105,0.16978462040424347,0.5481395125389099,0.43845582008361816,0.2454349249601364,0.37274008989334106,0.33676061034202576,0.41320422291755676,0.33255475759506226,0.12968984246253967,0.4260740578174591,0.4589967429637909,0.14648644626140594,0.6123209595680237,0.1820860654115677,0.4654272198677063,0.3692851662635803,0.2013026922941208,0.1847124844789505,0.38535192608833313,0.5752333998680115,0.41999420523643494,0.09674075990915298,0.278737336397171,0.146222785115242,0.14664402604103088,0.18760868906974792,0.7915357947349548,0.38140055537223816,0.4343843162059784,0.36048319935798645,0.4135459065437317,0.22332526743412018,0.16160431504249573,0.26229342818260193,0.16961562633514404,0.13212570548057556,0.6379415392875671,0.1901666224002838,0.09656882286071777,0.6327365636825562,0.1441970318555832,0.2692180573940277,0.6486793756484985,0.2656511962413788,0.23402927815914154,0.46572360396385193,0.38067498803138733,0.6334143877029419,0.23434968292713165,0.40929344296455383,0.6033143997192383,0.5465503931045532,0.2438720315694809,0.15639303624629974,0.48864057660102844,0.3204345107078552,0.177962064743042,0.20881490409374237,0.4645889401435852,0.16354846954345703,0.17736880481243134,0.42096009850502014,0.27271220088005066,0.17620889842510223,0.36856451630592346,0.6019037365913391,0.16426502168178558,0.1802581548690796,0.5480674505233765,0.5151063799858093,0.3326129913330078,0.16566041111946106,0.3416514992713928,0.08703584223985672,0.24292193353176117,0.23058007657527924,0.13538533449172974,0.4314236044883728,0.5656577348709106,0.5503331422805786,0.12445534765720367,0.7727605104446411,0.12602436542510986,0.38056594133377075,0.3639989495277405,0.37928029894828796,0.3029415011405945,0.1916724443435669,0.44629254937171936,0.17231549322605133,0.15750865638256073,0.24311761558055878,0.4335925281047821,0.4306308627128601,0.18077798187732697,0.34286031126976013,0.20336343348026276,0.1287083923816681,0.41405993700027466,0.38225844502449036,0.24624809622764587,0.5712472200393677,0.2597823441028595,0.186686173081398,0.4361993670463562
0,0.07644026726484299,0.0041663446463644505,0.36295151710510254,0.37023425102233887,0.2993558943271637,0.41681429743766785,0.0,0.0,0.0,0.0,0.07247662544250488,0.0,0.0006027040653862059,0.0,0.8380643725395203,0.5604621767997742,0.4893967807292938,0.3505123555660248,0.025500791147351265,0.0,0.0010397650767117739,0.5577072501182556,0.41713181138038635,0.0,0.0,0.0,0.3779294490814209,0.0028603998944163322,0.37093329429626465,0.0,0.07790158689022064,0.0,0.0,0.3978786766529083,0.3308434784412384,0.9791486859321594,0.01686253398656845,0.0,0.28379616141319275,0.0,0.2627326548099518,0.42867133021354675,0.35283949971199036,0.41763532161712646,0.0,0.0,0.880054771900177,0.2699432969093323,0.052226949483156204,0.5089455246925354,0.44903621077537537,0.21263869106769562,0.39252474904060364,0.031239932402968407,0.0,0.3003329038619995,0.0,0.38910913467407227,0.38930001854896545,1.0105654001235962,0.4703039228916168,0.84930020570755,0.8255382180213928,0.430229514837265,0.3938547670841217,0.9256873726844788,0.063858263194561,0.8419674038887024,0.2884804904460907,0.0,0.39168116450309753,0.0,0.4764978587627411,0.03350840136408806,0.35524845123291016,0.38725677132606506,0.0,0.08260315656661987,0.29278185963630676,0.36519578099250793,0.0,1.0922895669937134,0.8397879004478455,0.16676698625087738,0.0,0.0,0.3196834325790405,0.0,0.08300727605819702,0.0,0.06076899170875549,0.4612344205379486,0.9008397459983826,0.0,0.5951467156410217,1.0748335123062134,0.5410082936286926,0.39634969830513,0.548420250415802,0.0,0.37068942189216614,0.040643513202667236,0.0,0.41506728529930115,0.0,0.0,0.47332704067230225,0.036952581256628036,0.0,0.31732508540153503,0.016426721587777138,0.8521490693092346,0.0,0.3507121801376343,0.7338239550590515,0.35885968804359436,1.0047640800476074,0.961059033870697,0.04030538722872734,0.0,0.0,0.07264778763055801,0.07658892869949341,0.4064730405807495,0.0,1.0733717679977417,0.0693511888384819,0.3189627230167389,0.5154457092285156,0.2920333445072174,0.40951821208000183,0.35444486141204834,0.27500075101852417,0.4203081429004669,0.447115421295166,0.0,0.437046080827713,0.0,0.019821491092443466,0.5118244886398315,0.4090946912765503,0.32547977566719055,0.30829736590385437,0.0,0.383022665977478,0.0,0.0,0.0,0.3537801504135132,0.3144772946834564,0.44694796204566956,0.02142031490802765,0.37977612018585205,0.7232467532157898,0.3557852506637573,0.3698441982269287,0.6948633193969727,0.38534796237945557,0.2862662971019745,0.47569510340690613,0.224289670586586,1.1625642776489258,0.11496477574110031,0.36480018496513367,0.0,0.3649064004421234,0.37233221530914307,0.0,0.17249272763729095,0.43642663955688477,0.35761240124702454,0.49768194556236267,0.03599633648991585,0.44614458084106445,0.007637666072696447,0.03784985467791557,0.0385836623609066,0.37447676062583923,0.9725307822227478,0.30603620409965515,0.2139265090227127,0.5221925377845764,0.0,0.0,0.0,0.0,0.14122037589550018,0.41109728813171387,0.0,0.1805066466331482,0.42858049273490906,0.007025161292403936,0.0,0.30677661299705505,0.4524368345737457,0.0,0.44590532779693604,0.8592410683631897,0.3620211184024811,0.0,0.9592759609222412,0.33689379692077637,0.43508970737457275,0.0,0.025172404944896698,0.3536202013492584,0.8961813449859619,0.04601682350039482,0.014672116376459599,0.3117208778858185,0.0,0.0,0.8621571660041809,0.0,0.01286365743726492,0.8285512328147888,0.36496686935424805,0.0,0.027981223538517952,0.3893330991268158,0.3152710497379303,0.6392417550086975,0.0,0.4024556577205658,0.036226432770490646,0.0,0.024660130962729454,0.0,0.33283159136772156,0.4028186798095703,0.3903813064098358,0.04855330288410187,0.3879731595516205,0.0,0.7414326071739197,0.9223142266273499,0.6479935050010681,0.4316364526748657,0.0,0.2894705832004547,0.0,0.0,0.0,0.376356840133667,1.1086175441741943,0.06603605300188065,0.8537243008613586,0.0,0.0,0.7208278775215149,0.9864404797554016,0.0,0.4041242301464081,0.49821925163269043,0.0,0.33250170946121216
0,0.31286385655403137,0.03490616753697395,0.6568496227264404,0.24945029616355896,0.24995659291744232,0.3157981336116791,0.0,0.0,0.0,0.0,0.05983543023467064,0.0,0.05800265446305275,0.0,0.8456753492355347,0.9155887365341187,0.25235170125961304,0.3691229522228241,0.1199355497956276,0.0,0.0,0.6369634866714478,0.2626105844974518,0.0,0.0,0.08602584153413773,0.2698793411254883,0.048453304916620255,0.3363175094127655,0.0,0.27969229221343994,0.0,0.0,0.2046683132648468,0.060976557433605194,1.2266247272491455,0.13714997470378876,0.0,0.40764710307121277,0.0,1.0055108070373535,0.26905253529548645,0.26409584283828735,0.3393042981624603,0.0,0.0007504388340748847,1.4482879638671875,0.21269938349723816,0.056666962802410126,0.6825527548789978,0.24184435606002808,0.008951290510594845,0.7465426325798035,0.14599394798278809,0.0,0.23729845881462097,0.0,0.21631550788879395,0.2534581422805786,1.4241256713867188,0.2560245096683502,1.2209771871566772,1.5851783752441406,0.18141715228557587,0.2819269597530365,1.2509735822677612,0.13309766352176666,1.1626373529434204,0.21629022061824799,0.0,0.2748371362686157,0.0,0.3806057572364807,0.0028429164085537195,0.3260713815689087,0.14509141445159912,0.0,0.1430298537015915,0.34407153725624084,0.25244247913360596,0.0,1.2835628986358643,0.9154072999954224,0.23171959817409515,0.0,0.0,0.2239656150341034,0.0,0.25149279832839966,0.0,0.14306339621543884,0.260579377412796,1.668344497680664,0.0,0.49709856510162354,1.5718140602111816,0.4334745407104492,0.7295300960540771,0.6157251000404358,0.0,0.42483413219451904,0.1843307912349701,0.0,0.20709945261478424,0.0,0.0,0.3858628273010254,0.07021824270486832,0.0,0.23411168158054352,0.0002384868130320683,0.8448517918586731,0.0,0.3702821433544159,0.2593398094177246,0.22573891282081604,1.0211423635482788,1.5710532665252686,0.11056074500083923,0.0,0.0,0.34882354736328125,0.08018559962511063,0.2625468075275421,0.0,1.5603998899459839,0.07188466191291809,0.1733430027961731,0.2478547841310501,0.2347656786441803,0.27053964138031006,0.23223234713077545,0.21659590303897858,0.36745569109916687,0.2171013355255127,0.0,0.3494887351989746,0.0,0.1039619967341423,0.6175562143325806,0.32772621512413025,0.5204856991767883,0.29567715525627136,0.0,0.20269519090652466,0.0,0.0,0.0,0.25537681579589844,0.3104853928089142,0.25618669390678406,0.08156339824199677,0.23875132203102112,0.6503283381462097,0.8931150436401367,0.3318703770637512,1.0725175142288208,0.2929081618785858,0.30012252926826477,0.9474395513534546,0.17185766994953156,1.3637783527374268,0.24840399622917175,0.16148708760738373,0.0,0.22890585660934448,0.45465749502182007,0.0,0.37224647402763367,0.37574833631515503,0.20873425900936127,0.48369884490966797,0.24298208951950073,1.1366305351257324,0.019558141008019447,0.07266072928905487,0.0,0.18110594153404236,1.2248119115829468,0.26618292927742004,0.16749611496925354,0.47218722105026245,0.0,0.0,0.0,0.0,0.24389733374118805,0.30682486295700073,0.0,0.614429235458374,0.21819135546684265,0.04252225533127785,0.0,0.2219911366701126,0.34995371103286743,0.0,0.24977973103523254,1.1987709999084473,0.251752108335495,0.0,1.7730157375335693,0.2364969104528427,0.22840800881385803,0.0,0.022038983181118965,0.2637963891029358,1.1709049940109253,0.09051986783742905,0.11500497162342072,0.26992863416671753,0.0,0.0,1.2451636791229248,0.0,0.0,0.9491097331047058,0.27201607823371887,0.0,0.0,0.29523470997810364,0.17797788977622986,1.073776364326477,0.0015767955919727683,0.27477049827575684,0.25281181931495667,0.0,0.0,0.0,0.27523839473724365,0.27302563190460205,0.22473958134651184,0.20723293721675873,0.3105396032333374,0.0,0.9852514863014221,1.4942322969436646,0.8550935983657837,0.5327182412147522,0.0,0.26677149534225464,0.0,0.0,0.0,0.2767820954322815,1.8897672891616821,0.14137884974479675,0.8564530611038208,0.0,0.0,0.7097012400627136,1.46554696559906,0.0,0.28867480158805847,0.8761556148529053,0.0,0.23692086338996887
1,0.8094578981399536,0.2779099941253662,0.3479340076446533,0.4744230806827545,0.3819933235645294,0.5450981855392456,0.0,0.023799799382686615,0.061404936015605927,0.0,0.3167617917060852,0.0,0.20830543339252472,0.0,0.7655376195907593,0.6546411514282227,0.5513386726379395,0.38279959559440613,0.22961707413196564,0.0,0.1563751995563507,0.40077435970306396,0.5242416858673096,0.0,0.05443119257688522,0.085075743496418,0.49010613560676575,0.38469573855400085,0.3147529363632202,0.0,0.567842960357666,0.041177812963724136,0.0,0.3930411636829376,0.2599521279335022,1.3454636335372925,0.28683510422706604,0.0,0.5054116249084473,0.009465940296649933,1.0312944650650024,0.5294638872146606,0.4903659224510193,0.39072760939598083,0.0,0.06127858906984329,1.156373381614685,0.3707520365715027,0.02526731975376606,0.525265097618103,0.5100891590118408,0.7763381004333496,0.19470754265785217,0.1756357103586197,0.0,0.4575209319591522,0.0,0.47502726316452026,0.5030327439308167,2.0287246704101562,0.5536506175994873,1.4244719743728638,1.4608087539672852,0.4538112282752991,0.48427027463912964,1.2096489667892456,0.1627746820449829,1.1579407453536987,0.32925546169281006,0.0,0.5155882835388184,0.1969980001449585,0.4374386668205261,0.005460414569824934,0.44981294870376587,0.34955504536628723,0.0,0.7091583609580994,0.09332957118749619,0.4562768042087555,0.020042598247528076,1.4636906385421753,0.7226061820983887,0.9317083358764648,0.022057095542550087,0.0,0.4269956648349762,0.0,0.6946273446083069,0.016675610095262527,0.46758389472961426,0.5549697279930115,1.3564794063568115,0.0,0.3465159833431244,1.6684582233428955,0.38468560576438904,0.659831702709198,0.3709801733493805,0.0,0.45056626200675964,0.4434431493282318,0.0,0.4614032804965973,0.0,0.04152727127075195,0.34153732657432556,0.35007941722869873,0.0,0.41036203503608704,0.26532816886901855,0.9360549449920654,0.0,0.49606266617774963,1.3906835317611694,0.49246081709861755,1.1974756717681885,1.5722752809524536,0.47573909163475037,0.09691110998392105,0.07017043232917786,0.652296781539917,0.5857566595077515,0.456716924905777,0.0,1.5291756391525269,0.4398636519908905,0.4452255070209503,0.514068603515625,0.40126797556877136,0.5448640584945679,0.4521474838256836,0.4134637713432312,0.4507490396499634,0.5053948760032654,0.0,0.48366960883140564,0.043180275708436966,0.3333778977394104,0.65267014503479,0.45537644624710083,0.7134919166564941,0.3886359930038452,0.0,0.43491050601005554,0.0,0.0017848723800852895,0.0,0.4936695098876953,0.4742581844329834,0.5397723317146301,0.29201608896255493,0.4756842255592346,0.6871277093887329,0.8388056755065918,0.291885644197464,0.5949652194976807,0.5195228457450867,0.4003245532512665,1.4485474824905396,0.2666914165019989,1.4835792779922485,0.6356627345085144,0.4346426725387573,0.0,0.4455181658267975,0.37291350960731506,0.0,0.6240831613540649,0.3863234519958496,0.467212438583374,0.44459274411201477,0.47574424743652344,0.6473022699356079,0.4060463309288025,0.4916726350784302,0.3053584396839142,0.4239100515842438,1.2856062650680542,0.4044871926307678,0.3240715563297272,0.3429354131221771,0.0,0.0,0.0,0.09913167357444763,0.8100020885467529,0.54647296667099,0.0,0.2732434570789337,0.4897362291812897,0.10941853374242783,0.1369209736585617,0.33606329560279846,0.7229756116867065,0.0,0.5677375197410583,1.1040668487548828,0.4623664915561676,0.0,1.603255271911621,0.39974915981292725,0.5021615028381348,0.0,0.17231784760951996,0.4591977894306183,1.2640914916992188,0.5548216104507446,0.043351951986551285,0.39887097477912903,0.0,0.03177843987941742,1.006488561630249,0.0,0.20653890073299408,0.7216188907623291,0.5075513124465942,0.15644541382789612,0.02992621622979641,0.5385732054710388,0.419294536113739,0.4886128604412079,0.2888055145740509,0.42007336020469666,0.2936061918735504,0.0,0.054388802498579025,5.6407305237371475e-05,0.4173656105995178,0.5297249555587769,0.49097055196762085,0.32174426317214966,0.48074817657470703,0.0,1.1228257417678833,1.4939173460006714,0.4422507584095001,0.22733165323734283,0.0,0.392678827047348,0.0,0.072817862033844,0.0,0.45989367365837097,1.755677580833435,0.34081774950027466,1.1189289093017578,0.010475419461727142,0.0,0.7740014791488647,1.3772811889648438,0.0,0.4803457260131836,1.1456462144851685,0.0,0.43519333004951477
1,2.388110399246216,1.9272016286849976,0.044226281344890594,0.0,0.0035201581194996834,0.0,2.081056833267212,1.9630030393600464,2.0332581996917725,1.6340935230255127,1.769480586051941,2.1691489219665527,2.247907876968384,1.9302270412445068,0.10679838061332703,0.3898890018463135,0.0,0.030367828905582428,1.8572990894317627,2.4926068782806396,2.021738290786743,0.07018141448497772,0.0,1.9204580783843994,2.125035524368286,2.0605244636535645,0.0,1.7621750831604004,0.023920759558677673,2.151301860809326,1.931713581085205,1.7995882034301758,1.9172823429107666,0.002719008829444647,0.43491271138191223,0.17072966694831848,2.1042821407318115,2.244720220565796,0.0,1.5106099843978882,1.400038719177246,0.0,0.0,0.01978224702179432,1.9100290536880493,2.005962371826172,0.19282668828964233,0.0,0.5717638731002808,0.07328449189662933,0.0,1.5936630964279175,0.05749036744236946,2.07212495803833,1.9715895652770996,0.0,2.39389967918396,0.0,0.0,0.827536404132843,0.0,0.43440258502960205,2.177039623260498,0.008031253702938557,0.0,0.17046859860420227,1.8708161115646362,0.1814294159412384,0.00020006731210742146,1.8200409412384033,0.0,1.7400063276290894,0.02672656439244747,0.14548543095588684,0.00023500766837969422,0.001975735416635871,1.8418550491333008,1.3955366611480713,0.0583576001226902,0.0,2.0964863300323486,0.1788942515850067,0.1254129558801651,1.897397756576538,2.287830114364624,1.334793210029602,0.0,2.1722681522369385,1.853217363357544,2.040437936782837,2.043926239013672,0.0,0.20396164059638977,2.0888798236846924,0.08090629428625107,0.18655166029930115,0.06333646923303604,1.1758654117584229,0.06303487718105316,1.9767693281173706,0.016734855249524117,2.0385470390319824,2.1354715824127197,0.0,1.8301763534545898,1.9417040348052979,0.03352087363600731,1.9795451164245605,1.5693528652191162,0.0,2.0949132442474365,0.16085243225097656,1.9143644571304321,0.006698202341794968,0.04732557013630867,0.0,0.13563555479049683,0.18607169389724731,1.958702564239502,1.986100673675537,2.128830671310425,1.9360121488571167,1.9538512229919434,0.0,1.5723381042480469,0.18006715178489685,2.02919340133667,0.0,0.0,0.0,0.0,0.0,0.0,0.011717619374394417,0.0,2.1638100147247314,0.016454068943858147,2.0553011894226074,2.1406497955322266,0.04953009635210037,0.01624397560954094,0.02517664059996605,0.0,2.0608224868774414,0.0,2.0508289337158203,2.1372287273406982,2.034757375717163,0.0,0.0,0.0,2.1181652545928955,0.0,0.06801817566156387,1.6034586429595947,0.025187131017446518,0.14360545575618744,0.0,0.0,2.0928337574005127,0.003009019885212183,0.19101566076278687,2.152449607849121,0.0,2.0837581157684326,0.0,0.0269224401563406,2.0353097915649414,1.9872241020202637,0.038655441254377365,0.0,0.03604831546545029,2.146395444869995,2.263918161392212,1.8687835931777954,1.7385419607162476,1.6915597915649414,0.0,0.16302961111068726,0.0,1.0342758893966675,0.05781662091612816,1.6487616300582886,2.340893030166626,1.5240836143493652,2.077205181121826,1.8309082984924316,0.0,2.0092976093292236,0.01846749521791935,0.0,2.0118491649627686,2.278883695602417,0.0,0.012663792818784714,2.0903351306915283,0.0,0.1771097183227539,0.0,1.9355682134628296,0.1983959823846817,0.0,0.0,2.071584939956665,1.7917062044143677,0.0,0.13053561747074127,2.1025872230529785,2.211869478225708,0.0,1.969809651374817,2.0977823734283447,0.17819923162460327,1.6382691860198975,1.3140231370925903,0.1539323925971985,0.0,1.899902582168579,1.3715652227401733,0.0,0.0,0.14382612705230713,2.211817741394043,0.01496181357651949,2.181650161743164,1.8075321912765503,1.5579596757888794,1.8626501560211182,0.0,0.0,0.0,2.0176024436950684,0.07501526921987534,2.4225616455078125,0.465056449174881,0.49566543102264404,0.10814085602760315,0.10760608315467834,2.3141372203826904,0.0,2.0188121795654297,2.1478519439697266,1.904058575630188,0.0,0.1980670541524887,1.9589266777038574,0.15262453258037567,2.336963653564453,2.142030954360962,0.07293319702148438,0.17538024485111237,1.7347662448883057,0.0,1.5104258060455322,2.2651119232177734,0.0
1,0.3338322639465332,0.06463735550642014,0.3284108638763428,0.2782762050628662,0.2413586974143982,0.29564711451530457,0.0,0.0,0.0,0.0,0.08271142095327377,0.0,0.07174532860517502,0.0,0.9569833874702454,0.7258679866790771,0.16846732795238495,0.2778221666812897,0.09874606877565384,0.014520407654345036,0.0060639274306595325,0.5604634881019592,0.20372070372104645,0.0,0.0,0.0738697201013565,0.22728483378887177,0.08297335356473923,0.2932192385196686,0.0,0.2833605110645294,0.0,0.0,0.2496883124113083,0.17490728199481964,1.258377194404602,0.13958792388439178,0.0,0.32948586344718933,0.0,0.9648600220680237,0.23949949443340302,0.24327172338962555,0.3599982261657715,0.0,0.005209722090512514,1.2252334356307983,0.2811877429485321,0.027040645480155945,0.71999192237854,0.23467351496219635,0.23633384704589844,0.6057105660438538,0.11387426406145096,0.0,0.26820108294487,0.0,0.18713752925395966,0.24366319179534912,1.5959726572036743,0.16410724818706512,1.2242563962936401,1.3117120265960693,0.06633766740560532,0.2935437858104706,1.1928989887237549,0.11226755380630493,1.0871384143829346,0.2194528728723526,0.0,0.2541685700416565,0.006147678941488266,0.26651304960250854,0.0,0.31494054198265076,0.019344771280884743,0.0,0.2477312684059143,0.23876570165157318,0.2134467363357544,0.0,1.3919357061386108,0.8722651600837708,0.4833839237689972,0.010856442153453827,0.0,0.22443972527980804,0.0,0.3155231177806854,0.0,0.1718350052833557,0.15409256517887115,1.3805702924728394,0.0,0.4605614244937897,1.5879888534545898,0.2663176655769348,0.5788260102272034,0.5416211485862732,0.0,0.3876892626285553,0.18949343264102936,0.0,0.166518434882164,0.0,0.0,0.44749781489372253,0.12625452876091003,0.0,0.24110715091228485,0.02819344401359558,0.8735819458961487,0.0,0.3152640759944916,0.8787183165550232,0.17780883610248566,1.0890588760375977,1.5051932334899902,0.18339204788208008,0.0,0.0,0.39232394099235535,0.15814507007598877,0.3215012848377228,0.0,1.6277108192443848,0.15288691222667694,0.26998934149742126,0.17770199477672577,0.2221166342496872,0.23739314079284668,0.16657792031764984,0.26866984367370605,0.3921504020690918,0.2365959733724594,0.0,0.3115856349468231,0.0,0.11941049247980118,0.6010934710502625,0.3383021652698517,0.5560329556465149,0.24353836476802826,0.0,0.1725914478302002,0.0,0.0,0.0,0.28757408261299133,0.3490591049194336,0.22202348709106445,0.09408509731292725,0.20178759098052979,0.6426751017570496,0.7823871970176697,0.3037274181842804,0.8679693341255188,0.3224075734615326,0.2701781094074249,0.9793408513069153,0.2512831687927246,1.4339712858200073,0.3062947690486908,0.1651490181684494,0.0,0.20025604963302612,0.41816624999046326,0.0,0.35242295265197754,0.32080748677253723,0.2061253935098648,0.4486009180545807,0.2777128517627716,0.8157007098197937,0.07564420998096466,0.11098501086235046,0.01272818073630333,0.13258907198905945,1.2306259870529175,0.2594541311264038,0.1668829768896103,0.32566291093826294,0.0,0.0,0.0,0.005684809759259224,0.3289421498775482,0.18674473464488983,0.0,0.511319637298584,0.17399413883686066,0.041461873799562454,0.0,0.12810289859771729,0.4649152457714081,0.0,0.2554090917110443,1.156430721282959,0.16421042382717133,0.0,1.6101444959640503,0.18127049505710602,0.18464148044586182,0.0,0.029384588822722435,0.25657495856285095,1.2189791202545166,0.19029337167739868,0.07396870106458664,0.24731296300888062,0.0,0.0,1.1094037294387817,0.0,0.0008773659355938435,0.842122495174408,0.2005358189344406,0.010381841100752354,1.0161243153561372e-05,0.26142123341560364,0.1670880913734436,0.7552311420440674,0.02019398659467697,0.31826797127723694,0.17701654136180878,0.0,0.0,0.0001053452433552593,0.24449224770069122,0.22754888236522675,0.2106674760580063,0.18258540332317352,0.19002793729305267,0.0,1.0503103733062744,1.273645281791687,0.6118767857551575,0.5160077214241028,0.0,0.26661935448646545,0.0,0.006986089050769806,0.0,0.2511027157306671,1.784424901008606,0.1600373089313507,0.9965331554412842,0.0,0.0,0.690991222858429,1.3875278234481812,0.0,0.22957785427570343,0.8613736033439636,0.0,0.16729681193828583
1,0.742455780506134,0.5901932716369629,0.1721121072769165,0.18396180868148804,0.1247609332203865,0.19130638241767883,0.6420407295227051,0.704461932182312,0.6177313923835754,0.5045289993286133,0.6064400672912598,0.6341292262077332,0.6418457627296448,0.6760901808738708,0.2767814099788666,0.4916936159133911,0.37100276350975037,0.24199342727661133,0.5795167684555054,0.7514392137527466,0.666008472442627,0.20736248791217804,0.2458726167678833,0.6649205684661865,0.7218093276023865,0.5034741759300232,0.24858716130256653,0.5537590980529785,0.20057684183120728,0.6947669982910156,0.5897567272186279,0.6615870594978333,0.6184142827987671,0.19153712689876556,0.5704329013824463,0.3689364194869995,0.6398254036903381,0.6977638006210327,0.11309605836868286,0.736147940158844,0.2930666506290436,0.229577898979187,0.19664093852043152,0.1393405795097351,0.6666558980941772,0.64467853307724,0.38463202118873596,0.1542370617389679,0.5612512826919556,0.20435485243797302,0.23994792997837067,0.6360582113265991,0.15922284126281738,0.6821892857551575,0.6381809711456299,0.11742836236953735,0.7823822498321533,0.23351708054542542,0.16944995522499084,0.584486186504364,0.2977360188961029,0.38315796852111816,1.096449851989746,0.35718369483947754,0.20504742860794067,0.3835908770561218,0.6233726143836975,0.40259021520614624,0.20068992674350739,0.6879327297210693,0.256399929523468,0.6411710977554321,0.2302931249141693,0.1569114625453949,0.19117878377437592,0.31314340233802795,0.6562171578407288,0.5468767285346985,0.2259516566991806,0.18530826270580292,0.6664485335350037,0.3882278800010681,0.31876447796821594,0.622550368309021,0.6566337943077087,0.5441528558731079,0.268728643655777,0.7002768516540527,0.5746199488639832,0.7192839980125427,0.6671555042266846,0.3093107044696808,0.3905460834503174,0.606134295463562,0.2588261663913727,0.3896350860595703,0.2732958197593689,0.5493290424346924,0.21681824326515198,0.6543518900871277,0.14507907629013062,0.5777534246444702,0.7003743052482605,0.2889794409275055,0.6571388840675354,0.6176791787147522,0.15461879968643188,0.5993572473526001,0.7425926327705383,0.21109212934970856,0.7079395055770874,0.35671743750572205,0.48801085352897644,0.14284637570381165,0.15186342597007751,0.16780737042427063,0.319660484790802,0.3261026442050934,0.5740975737571716,0.668434202671051,0.7219270467758179,0.5498531460762024,0.5917316675186157,0.15123438835144043,0.6311210989952087,0.36783239245414734,0.7207953333854675,0.2280995398759842,0.2658991813659668,0.13187021017074585,0.2533140778541565,0.25025486946105957,0.16370698809623718,0.13343599438667297,0.238517627120018,0.7095004916191101,0.2098369151353836,0.6799083948135376,0.6388787031173706,0.17439845204353333,0.15956225991249084,0.13877595961093903,0.24664367735385895,0.7051066160202026,0.2529260814189911,0.5968575477600098,0.6762100458145142,0.6418571472167969,0.25321847200393677,0.2059870809316635,0.26080262660980225,0.6916812658309937,0.25568729639053345,0.26571014523506165,0.5886081457138062,0.18032783269882202,0.32941585779190063,0.17202766239643097,0.133134126663208,0.4844399690628052,0.19463330507278442,0.43339088559150696,0.6730362176895142,0.2870878279209137,0.6892701387405396,0.20742018520832062,0.17491456866264343,0.7234969139099121,0.6862130761146545,0.19367395341396332,0.2746022045612335,0.1862787902355194,0.5588073134422302,0.7429261207580566,0.5821446776390076,0.5605564713478088,0.6332069635391235,0.3698193430900574,0.3654249310493469,0.18716631829738617,0.38864415884017944,0.23151373863220215,0.673006534576416,0.6978316307067871,0.6356320977210999,0.671959638595581,0.5755445957183838,0.2967771291732788,0.6881585121154785,0.0486183799803257,0.2911859452724457,0.612959086894989,0.8333008885383606,0.3082863390445709,0.11451588571071625,0.7555652856826782,0.2078353762626648,0.3758719563484192,0.29535508155822754,0.7147971391677856,0.36253777146339417,0.2735636830329895,0.25768595933914185,0.7370688915252686,0.610907256603241,0.20978961884975433,0.315386563539505,0.6863954067230225,0.7803966999053955,0.2029765546321869,0.6314309239387512,0.6716940999031067,0.382477730512619,0.6935282349586487,0.5445258617401123,0.3910207152366638,0.28383150696754456,0.622969925403595,0.5711402297019958,0.25140640139579773,0.2606543302536011,0.330579936504364,0.6907331943511963,0.14798355102539062,0.5533152222633362,0.6896231770515442,0.6973031163215637,0.5746903419494629,0.1850130707025528,0.25659096240997314,0.24336865544319153,0.5690603852272034,0.36547768115997314,0.6755918860435486,0.5248944163322449,0.4017319679260254,0.292831152677536,0.28892114758491516,0.7531247138977051,0.19118614494800568,0.6561844348907471,0.6627358794212341,0.7223431468009949,0.18304769694805145,0.39687564969062805,0.6626763343811035,0.34952107071876526,0.7521264553070068,0.612800657749176,0.2534252107143402,0.41304469108581543,0.64274662733078,0.26653772592544556,0.6138396263122559,0.7589100003242493,0.19918109476566315
1,1.2896589040756226,0.992838442325592,0.12808622419834137,0.0,0.013586348854005337,0.0,1.0322835445404053,1.0874615907669067,1.0156660079956055,0.8430616855621338,0.9848857522010803,1.0744318962097168,1.1036289930343628,1.0344772338867188,0.31126663088798523,0.6654880046844482,0.0,0.0760473757982254,0.9814952611923218,1.137496829032898,1.0765143632888794,0.18884626030921936,0.0,1.0358092784881592,1.1226547956466675,0.9455572366714478,0.0,0.9003005623817444,0.06392951309680939,1.0622849464416504,0.9951188564300537,1.0068535804748535,1.0004734992980957,0.013660821132361889,0.5732240080833435,0.46347877383232117,1.0758721828460693,1.1126364469528198,0.0,0.925221860408783,0.6062424778938293,0.0,0.0,0.05140021815896034,1.0086007118225098,1.04762601852417,0.5141186118125916,0.0,0.7083235383033752,0.19786132872104645,0.0,0.9841169714927673,0.1980702430009842,1.1043781042099,0.9816749691963196,0.0,1.1827222108840942,0.0,0.0,0.9126338958740234,0.0,0.5871027112007141,1.7521167993545532,0.005271695088595152,0.0,0.4877921938896179,1.0390751361846924,0.5244726538658142,0.006305721588432789,0.9801336526870728,0.0,0.9833436608314514,0.07098910212516785,0.13633733987808228,0.002845764858648181,0.0,1.0005309581756592,0.8707426190376282,0.16862797737121582,0.0,1.0593030452728271,0.4924004375934601,0.37500420212745667,1.049521565437317,1.1069165468215942,0.8113550543785095,0.0,1.0983294248580933,0.988280713558197,1.1037499904632568,1.1120333671569824,0.0,0.5289298892021179,1.0065407752990723,0.2411123812198639,0.5133295655250549,0.17068195343017578,0.8918628096580505,0.17362672090530396,1.0261565446853638,0.058949731290340424,1.0313118696212769,1.09011709690094,0.0,0.9817436337471008,0.9785217046737671,0.08025522530078888,1.0112382173538208,0.950116753578186,0.0,1.133503794670105,0.4743114411830902,0.8352617621421814,0.02679840847849846,0.12363440543413162,0.0,0.38351544737815857,0.4549507200717926,0.9784608483314514,0.9958263635635376,1.148361325263977,0.962482213973999,1.009647011756897,0.0,0.8620159029960632,0.47660186886787415,1.1273561716079712,0.0,0.0,0.0,0.0,0.0,0.0,0.03881864622235298,0.0,1.1161326169967651,0.041890282183885574,1.069527506828308,1.101096272468567,0.13100160658359528,0.04303784295916557,0.06729193031787872,0.0,1.0696334838867188,0.0,1.0134222507476807,1.100537896156311,1.0455303192138672,0.0,0.0,0.0,1.1569340229034424,0.0,0.20804409682750702,0.9940459728240967,0.06486108899116516,0.4103967547416687,0.0,0.0,0.9551014304161072,0.01004871353507042,0.555591344833374,1.1598283052444458,0.0,1.1229664087295532,0.0,0.0724756047129631,1.0996266603469849,1.136063575744629,0.1091369166970253,0.0,0.09747935086488724,0.9976117610931396,1.3217740058898926,0.9858136773109436,0.9187731146812439,0.9598134756088257,0.0,0.4567095637321472,0.0,0.4100397229194641,0.15897901356220245,0.963291347026825,1.1109479665756226,0.8916288614273071,1.0762665271759033,0.9848960638046265,0.0,1.044853687286377,0.06123603507876396,0.0,1.0094202756881714,1.1625778675079346,0.0,0.03068132884800434,1.1156865358352661,0.0,0.514259934425354,0.0,1.0153286457061768,0.5121656060218811,0.0,0.0,1.0661507844924927,0.979159951210022,0.0,0.3957522511482239,1.091259479522705,1.2206085920333862,0.0,1.0151668787002563,1.0783052444458008,0.4962674379348755,0.9325339794158936,0.827039897441864,0.4781416952610016,0.0,0.9898374676704407,0.834252119064331,0.0,0.0,0.4243044853210449,1.147670865058899,0.03902928903698921,0.9770144820213318,0.9569103717803955,1.0178298950195312,0.9448198676109314,0.0,0.0,0.0,1.011076807975769,0.04565802589058876,1.1299004554748535,0.6651179790496826,0.6271848082542419,0.31372448801994324,0.33704596757888794,1.2124384641647339,0.0,1.0524444580078125,1.0826835632324219,1.0291434526443481,0.0,0.5414569973945618,1.0596745014190674,0.44319018721580505,1.1639227867126465,1.007347822189331,0.19966720044612885,0.5079647302627563,0.8871688842773438,0.0,1.0348005294799805,1.152764916419983,0.0
1,0.479522705078125,0.13968585431575775,0.17374679446220398,0.00644276849925518,0.020794890820980072,0.025032373145222664,0.057890601456165314,0.11213728785514832,0.05112449824810028,0.01791052147746086,0.2446470409631729,0.01599457859992981,0.11571371555328369,0.06572423875331879,0.8467463254928589,0.8541048765182495,0.1539994478225708,0.20199133455753326,0.18126903474330902,0.01565375365316868,0.11637580394744873,0.3567139506340027,0.025789549574255943,0.07511872798204422,0.0917772501707077,0.10125792026519775,0.021950706839561462,0.14990119636058807,0.15725423395633698,0.0296173132956028,0.2954588830471039,0.14359284937381744,0.030012523755431175,0.07024025917053223,0.5881766676902771,1.195518136024475,0.17254003882408142,0.032413631677627563,0.0,0.2717743515968323,0.4593563377857208,0.029605083167552948,0.0,0.16648977994918823,0.0708928182721138,0.10171142220497131,1.1638095378875732,0.0,0.16598764061927795,0.4579051434993744,0.07491018623113632,0.3505134880542755,0.30732831358909607,0.2024042159318924,0.03734397888183594,0.0,0.04694065824151039,0.016343504190444946,0.0,1.4605708122253418,0.05310506373643875,1.1011673212051392,1.4138007164001465,0.14848795533180237,0.02619219571352005,1.1870261430740356,0.19841736555099487,1.1955156326293945,0.1387583315372467,0.08371749520301819,0.053483471274375916,0.14220720529556274,0.19571083784103394,0.10196228325366974,0.05741668492555618,0.15135358273983002,0.07683117687702179,0.36755165457725525,0.3752620220184326,0.005906642414629459,0.07027402520179749,1.297597885131836,0.869008481502533,0.470660001039505,0.038786210119724274,0.07347878813743591,0.05363418906927109,0.03124820813536644,0.36374062299728394,0.11507104337215424,0.29563090205192566,0.03924282267689705,1.265268325805664,0.009762550704181194,0.6272833943367004,1.3187239170074463,0.3043404817581177,0.6708806753158569,0.3833891749382019,0.0519849993288517,0.09125342220067978,0.23634257912635803,0.060012780129909515,0.07626587152481079,0.0842180848121643,0.06378316879272461,0.27100932598114014,0.1754220426082611,0.1437813937664032,0.008111320436000824,0.19540533423423767,1.0096286535263062,0.0,0.027679700404405594,0.9742909073829651,0.0,1.0676225423812866,1.108832597732544,0.21063989400863647,0.061119891703128815,0.12203815579414368,0.31875574588775635,0.2637835741043091,0.07698267698287964,0.10942880064249039,1.256461262702942,0.2459697276353836,0.07706667482852936,0.04427022486925125,0.0,0.026344936341047287,0.01816708594560623,0.0,0.0713765025138855,0.0961654931306839,0.05342123657464981,0.1310020387172699,0.07430559396743774,0.19135890901088715,0.2967465817928314,0.10767482221126556,0.16651535034179688,0.042417895048856735,0.05125727877020836,0.08701401948928833,0.029832329601049423,0.07188550382852554,0.024957749992609024,0.05545926094055176,0.0030139824375510216,0.031123418360948563,0.18509918451309204,0.0409451462328434,0.5242853164672852,0.6839730739593506,0.24892625212669373,0.8935967087745667,0.02621215023100376,0.0,0.738025426864624,0.148162841796875,1.2789446115493774,0.3949772119522095,0.09818043559789658,0.07580254971981049,0.0,0.17140556871891022,0.1056303083896637,0.429849773645401,0.19400131702423096,0.04749703034758568,0.24857375025749207,0.2622222304344177,0.7707353830337524,0.18314719200134277,0.22616833448410034,0.17504629492759705,0.21794012188911438,1.1694111824035645,0.026660459116101265,0.0,0.3355814814567566,0.0941578596830368,0.026448311284184456,0.06946469843387604,0.07619379460811615,0.4005730152130127,0.060304876416921616,0.05508583411574364,0.12515732645988464,0.12315189838409424,0.111683189868927,0.033827174454927444,0.16293257474899292,0.1495113968849182,0.07666391134262085,0.022206077352166176,1.0761550664901733,0.08443500101566315,0.08912042528390884,1.280016303062439,0.16348502039909363,0.04402304068207741,0.04976917803287506,0.15689638257026672,0.013272515498101711,1.030961275100708,0.1900710016489029,0.1593429148197174,0.06539478898048401,0.04329438507556915,0.06880226731300354,1.1410479545593262,0.10398030281066895,0.19700241088867188,1.0117124319076538,0.09218641370534897,0.12609560787677765,0.15018098056316376,0.03711596876382828,0.027062956243753433,0.8172282576560974,0.16199451684951782,0.11003109812736511,0.16036579012870789,0.09948426485061646,0.1727183610200882,0.03270325809717178,0.024806907400488853,0.04314010962843895,0.06345626711845398,0.22348788380622864,0.15656057000160217,0.004879668354988098,0.9827187061309814,1.1976025104522705,0.6150265336036682,0.6058263182640076,0.027225583791732788,0.055588290095329285,0.04188186675310135,0.04291940852999687,0.07875944674015045,0.08292731642723083,1.3263795375823975,0.23583801090717316,1.0739085674285889,0.07277796417474747,0.03487555682659149,0.5564239621162415,1.2816716432571411,0.06366875767707825,0.03149715065956116,0.8188682198524475,0.027774812653660774,0.0
0,0.008187245577573776,0.0,1.090158224105835,0.8454353213310242,0.848707377910614,0.8410341739654541,0.0,0.0,0.0,0.0,0.0,0.0,0.0,0.0,0.3657102584838867,0.2911261320114136,0.3906666934490204,0.650880753993988,0.0010969382710754871,0.2030809074640274,0.0,0.7125902771949768,0.7902010083198547,0.0,0.0,0.0,0.8060522675514221,0.0,0.5927901864051819,0.0,0.016506178304553032,0.0,0.0,0.5854685306549072,0.03401969000697136,0.42760980129241943,0.006658224388957024,0.0,1.184277057647705,0.0,0.8183711767196655,0.8875242471694946,0.9086695313453674,0.7431765198707581,0.0,0.0,0.5567159056663513,0.9093446135520935,0.03705337271094322,0.7383871078491211,0.6909103393554688,0.0,0.9520488977432251,0.011834343895316124,0.0,0.9839959740638733,0.0,0.6816142201423645,0.9082437753677368,0.3815862536430359,0.580756425857544,0.348943829536438,0.5120306611061096,0.24846602976322174,0.8187635540962219,0.4788525402545929,0.025941096246242523,0.38540583848953247,0.6228112578392029,0.0,0.8451175093650818,0.0,0.5227686762809753,0.016684141010046005,0.9590207934379578,0.16471756994724274,0.0,0.0,0.3194386065006256,0.8892290592193604,0.0,0.4657285511493683,0.39911481738090515,0.0,0.0,0.0,0.7399448752403259,0.0,0.006640332750976086,0.0,0.0,0.719721257686615,0.6600165963172913,0.0,0.2798095643520355,0.5724435448646545,0.38230326771736145,0.21487873792648315,0.725845456123352,0.0,0.9291287064552307,0.003260951256379485,0.0,0.7587739825248718,0.0,0.0,0.6653987169265747,0.0,0.0,0.9251213073730469,0.0,0.31914374232292175,0.13968898355960846,1.0931862592697144,0.06770066916942596,0.85381680727005,0.3642609417438507,0.685856282711029,0.0,0.0,0.0,0.03287181630730629,0.0,0.7497159838676453,0.0,0.601502537727356,0.0,0.6689069271087646,0.715738832950592,0.9552816152572632,0.8455329537391663,0.7419404983520508,1.035241723060608,0.9437589645385742,0.5407223105430603,0.0,0.7160861492156982,0.0,0.0,0.9006130695343018,0.6948394179344177,0.9481229186058044,0.8442806005477905,0.0,0.574057400226593,0.0,0.0,0.0,0.8215417861938477,1.193114161491394,0.7431394457817078,0.0,0.7826215624809265,0.5575786232948303,0.28796476125717163,0.6499616503715515,0.4497186839580536,1.071992039680481,1.0790022611618042,0.4228218197822571,0.46905261278152466,0.7937728762626648,0.0,0.530133068561554,0.0,0.7482675313949585,0.8774341344833374,0.0,0.034507475793361664,0.6101967692375183,0.59983229637146,0.7886123061180115,0.016408247873187065,0.359252393245697,0.0,0.0,0.0,0.42596980929374695,0.4837769567966461,0.7493453621864319,0.770744264125824,0.5055651664733887,0.0,0.0,0.0,0.0,0.0,0.7513414621353149,0.0,1.0368214845657349,0.5741173624992371,0.0,0.0,0.4895167052745819,0.8165843486785889,0.0,0.7672456502914429,0.4637322425842285,0.6569506525993347,0.0,0.6928424835205078,0.6413426399230957,0.6741496920585632,0.0,0.0,0.8229014873504639,0.46746522188186646,0.0,0.0,0.8368425965309143,0.0,0.0,0.469593346118927,0.0,0.0,0.39026758074760437,0.7079470753669739,0.0,0.0,0.9393190741539001,0.5951026082038879,0.4854816496372223,0.0,0.6033874154090881,0.07997937500476837,0.0,0.0,0.0,0.887748658657074,0.8344253301620483,0.6827688813209534,0.02194727212190628,0.47011080384254456,0.0,0.34412285685539246,0.4733606278896332,0.5027052164077759,0.3466006815433502,0.0,0.8664737343788147,0.0,0.0,0.0,0.7960035800933838,0.7831970453262329,0.006666151806712151,0.3413034975528717,0.0,0.0,0.6322386264801025,0.529207170009613,0.0,0.7187666296958923,0.21073609590530396,0.0,0.8155036568641663
1,1.442177176475525,1.1341464519500732,0.1022186353802681,0.1221637949347496,0.08294001966714859,0.12481611967086792,1.2656139135360718,1.2468287944793701,1.2369285821914673,0.9587754011154175,1.0886547565460205,1.3072404861450195,1.3316850662231445,1.1987265348434448,0.133207306265831,0.3923129737377167,0.32205507159233093,0.178259938955307,1.1184146404266357,1.5295689105987549,1.2184239625930786,0.13322769105434418,0.1649884730577469,1.212473750114441,1.3122222423553467,1.1985801458358765,0.17009587585926056,1.0559608936309814,0.13905897736549377,1.3048042058944702,1.1559354066848755,1.162062406539917,1.1725209951400757,0.1254657655954361,0.4689338207244873,0.19870994985103607,1.2381279468536377,1.3658075332641602,0.07720130681991577,1.108460545539856,0.736604630947113,0.15424489974975586,0.12738068401813507,0.09851118922233582,1.199087381362915,1.2148224115371704,0.22534307837486267,0.10131141543388367,0.49832239747047424,0.12401474267244339,0.17097720503807068,1.0243492126464844,0.06700624525547028,1.2890952825546265,1.206894040107727,0.08006405830383301,1.4659830331802368,0.14986048638820648,0.1132211908698082,0.6182427406311035,0.20399533212184906,0.34480422735214233,1.427758812904358,0.30668988823890686,0.13984617590904236,0.20172573626041412,1.1092373132705688,0.22979632019996643,0.15102849900722504,1.1679836511611938,0.1820327490568161,1.1146332025527954,0.15475314855575562,0.19939622282981873,0.13047905266284943,0.271892786026001,1.1662580966949463,0.8888876438140869,0.15950368344783783,0.121233731508255,1.2735998630523682,0.21797238290309906,0.16070520877838135,1.1928151845932007,1.3619744777679443,0.8408485054969788,0.19953404366970062,1.325498342514038,1.1098424196243286,1.2797952890396118,1.2378520965576172,0.21396757662296295,0.238553985953331,1.2171387672424316,0.15794704854488373,0.2164372354745865,0.16778980195522308,0.7499743700027466,0.12975704669952393,1.2025668621063232,0.0906616672873497,1.1913102865219116,1.3283579349517822,0.2090718299150467,1.1400213241577148,1.1948927640914917,0.11290641129016876,1.1819736957550049,1.1103479862213135,0.15248331427574158,1.3004934787750244,0.20028914511203766,1.0872610807418823,0.09327612072229385,0.1201830506324768,0.10967803746461868,0.16380462050437927,0.19538816809654236,1.150795817375183,1.2334342002868652,1.332078218460083,1.1295788288116455,1.1646080017089844,0.10607574135065079,1.0250768661499023,0.20843327045440674,1.2605026960372925,0.2042151391506195,0.18110917508602142,0.09149835258722305,0.17398539185523987,0.1774541437625885,0.11065748333930969,0.08414798974990845,0.17091511189937592,1.329349160194397,0.1418040692806244,1.2614333629608154,1.2893065214157104,0.109160415828228,0.10993523895740509,0.09663407504558563,0.1797132045030594,1.263501763343811,0.18421335518360138,1.2218117713928223,1.3021072149276733,1.2275923490524292,0.19114850461483002,0.13858617842197418,0.17106619477272034,1.2703160047531128,0.17641612887382507,0.1508713662624359,0.9996777176856995,0.12610283493995667,0.17605315148830414,0.11179221421480179,0.09142301231622696,1.1667972803115845,0.16427449882030487,0.2174428254365921,1.2949167490005493,0.24159546196460724,1.284765362739563,0.13432498276233673,0.12059445679187775,1.2749556303024292,1.228725790977478,0.12323438376188278,0.230142742395401,0.1208295077085495,1.2435601949691772,1.3588569164276123,1.1369284391403198,1.061315894126892,1.0943081378936768,0.3255034387111664,0.19095711410045624,0.124798983335495,0.719525933265686,0.14579249918460846,1.077667236328125,1.4051719903945923,1.0330219268798828,1.2637561559677124,1.104508399963379,0.22149384021759033,1.2552525997161865,0.020737871527671814,0.2169017344713211,1.2044647932052612,1.4576910734176636,0.28288957476615906,0.07812733203172684,1.3361351490020752,0.13517068326473236,0.20433807373046875,0.22615264356136322,1.2414363622665405,0.2295936942100525,0.24126513302326202,0.1693383753299713,1.3193542957305908,1.1099945306777954,0.13784921169281006,0.15230493247509003,1.3002002239227295,1.3808753490447998,0.1407998651266098,1.2008377313613892,1.2857166528701782,0.2186897099018097,1.1150494813919067,0.8499613404273987,0.20464347302913666,0.24112509191036224,1.164931058883667,0.8941822648048401,0.1743878275156021,0.1840895712375641,0.16882897913455963,1.3317545652389526,0.10191875696182251,1.2418502569198608,1.1711719036102295,1.0416200160980225,1.1061664819717407,0.12250147759914398,0.17554445564746857,0.17261944711208344,1.1768654584884644,0.3310091495513916,1.3970366716384888,0.38222736120224,0.35006457567214966,0.15879002213478088,0.1507757008075714,1.4221737384796143,0.13773667812347412,1.226773977279663,1.2660796642303467,1.2293308973312378,0.12775050103664398,0.22860385477542877,1.1804914474487305,0.18549798429012299,1.424620270729065,1.2539398670196533,0.15339894592761993,0.20930680632591248,1.128230094909668,0.18039707839488983,0.9566807746887207,1.376276969909668,0.13061366975307465
1,1.353797197341919,0.7775751352310181,0.2199046015739441,0.0849079042673111,0.07081957906484604,0.09607692062854767,0.739942729473114,0.7688271403312683,0.7459773421287537,0.5464029312133789,0.7959415912628174,0.809975266456604,0.9048545360565186,0.6317795515060425,0.4303804337978363,0.8426498174667358,0.20726212859153748,0.1759633868932724,0.839927613735199,0.8141503930091858,0.7637040615081787,0.2602106034755707,0.12341693788766861,0.6914322376251221,0.8106619119644165,0.8802589178085327,0.12934723496437073,0.7356987595558167,0.1401110738515854,0.7030656337738037,0.9401872754096985,0.7324813008308411,0.672220766544342,0.09430595487356186,0.38157859444618225,0.8728072643280029,0.9127986431121826,0.800742506980896,0.0625755712389946,0.6568726897239685,0.9313593506813049,0.11523748189210892,0.09556020796298981,0.11240936070680618,0.6601973176002502,0.7755825519561768,0.9719144701957703,0.07380352914333344,0.3721753656864166,0.2876858413219452,0.11958540230989456,0.7917952537536621,0.3151901364326477,0.9293528199195862,0.6499994397163391,0.0656995177268982,0.7758718729019165,0.11293758451938629,0.09045808762311935,1.6038870811462402,0.14897020161151886,1.0872775316238403,2.071110486984253,0.19248422980308533,0.10502104461193085,0.8380864858627319,0.8307350873947144,0.8643322587013245,0.08795244246721268,0.6130750775337219,0.13542959094047546,0.7075458765029907,0.1586379110813141,0.08985840529203415,0.0900338813662529,0.18647675216197968,0.6330921053886414,0.8216906785964966,0.20022134482860565,0.09339481592178345,0.7343965768814087,0.8612310886383057,0.5320406556129456,1.1128849983215332,0.8234327435493469,0.4344952404499054,0.13630905747413635,0.7017130851745605,1.0331261157989502,0.7573410272598267,1.0016342401504517,0.16469478607177734,1.0649256706237793,0.6406601667404175,0.30242007970809937,1.0280485153198242,0.243397057056427,1.0132254362106323,0.24616126716136932,0.6705223917961121,0.10910572111606598,0.9437791705131531,0.7553492188453674,0.1594601571559906,0.6445339918136597,0.7263818383216858,0.14778485894203186,0.8270257711410522,0.5470603704452515,0.12803566455841064,0.8696153163909912,0.6609870791435242,0.5873963236808777,0.098743736743927,0.3519432842731476,0.0833863839507103,0.6450040936470032,0.9604285359382629,0.856157660484314,0.6741176843643188,0.8227759599685669,0.9728497266769409,0.9090464115142822,0.08018968254327774,0.5881999135017395,0.9898927211761475,0.8828535676002502,0.1329697072505951,0.12949185073375702,0.07555326819419861,0.13309834897518158,0.13835681974887848,0.07880827784538269,0.08747383207082748,0.12584608793258667,0.7636061310768127,0.13292409479618073,0.7506533861160278,0.9356522560119629,0.22977875173091888,0.12181735783815384,0.18455249071121216,0.12882362306118011,0.6614922881126404,0.130792498588562,0.739388644695282,0.8106403946876526,0.6710662245750427,0.13412387669086456,0.10298319160938263,0.1249585747718811,0.9299752116203308,0.13348889350891113,0.33989498019218445,1.1397820711135864,0.1282045692205429,0.6598621606826782,0.08648215979337692,0.0743410512804985,1.4437663555145264,0.09028025716543198,0.8601801991462708,1.1424859762191772,0.15623506903648376,0.7788183689117432,0.10304876416921616,0.14734119176864624,0.7272201776504517,1.1318262815475464,0.17308254539966583,0.1728644222021103,0.16357913613319397,1.0029631853103638,1.4530502557754517,0.8594128489494324,0.83626389503479,0.6857026815414429,0.1852043718099594,0.8182135820388794,0.0976199358701706,0.39128580689430237,0.22832468152046204,0.570076584815979,0.7714404463768005,0.532642662525177,0.746904730796814,1.0247116088867188,0.15420633554458618,0.6737729907035828,0.15788720548152924,0.1467265486717224,0.7771176695823669,0.7521945834159851,0.17777782678604126,0.14445331692695618,0.7146496772766113,0.10209419578313828,0.8287314772605896,0.15368640422821045,0.6487762928009033,1.1221368312835693,0.1418653428554535,0.12676066160202026,0.6736281514167786,0.7548144459724426,0.10803773254156113,0.6910572648048401,0.9079364538192749,0.9580121636390686,0.09923038631677628,0.6750639081001282,0.7961989641189575,0.8066563606262207,0.5534540414810181,0.611382007598877,0.6560897827148438,0.1542818695306778,0.7368652820587158,0.5385486483573914,0.1249212995171547,0.15117980539798737,0.6045793294906616,0.9278597831726074,0.11155666410923004,0.9152696132659912,0.570940375328064,0.6628778576850891,0.6637762188911438,0.09130771458148956,0.1249682605266571,0.11881709843873978,0.9235771894454956,0.19732731580734253,0.7610989212989807,0.8782089948654175,1.174959421157837,0.4284478724002838,0.34804674983024597,0.848289430141449,0.09694602340459824,0.7007697224617004,0.7179469466209412,0.6447831988334656,0.09098415076732635,1.1207925081253052,0.8837666511535645,0.6906397938728333,0.8065997362136841,0.7398333549499512,0.342317134141922,0.9348293542861938,0.5760638117790222,0.14678224921226501,1.2636260986328125,0.7096154689788818,0.10137243568897247
1,1.3439064025878906,1.0686641931533813,0.06787719577550888,0.007251596078276634,0.005229318048804998,0.0,1.145719289779663,1.1941615343093872,1.1264986991882324,0.8589795827865601,1.0430843830108643,1.160608172416687,1.1990548372268677,1.1591449975967407,0.20617987215518951,0.5176959037780762,0.08733247220516205,0.05926373600959778,1.0337249040603638,1.3319088220596313,1.1297203302383423,0.10461299121379852,0.004088223446160555,1.1496039628982544,1.2112668752670288,1.0193054676055908,0.005825428757816553,0.9786312580108643,0.040530502796173096,1.189946174621582,1.0633325576782227,1.1283026933670044,1.0806529521942139,0.010844746604561806,0.6353965997695923,0.30465206503868103,1.1469024419784546,1.2341573238372803,0.0,1.1161314249038696,0.5885169506072998,0.0027208083774894476,0.0,0.031167510896921158,1.1248024702072144,1.1132736206054688,0.3197826147079468,0.0015864074230194092,0.6635817289352417,0.1105026826262474,0.012991674244403839,1.0595972537994385,0.0928892120718956,1.205246925354004,1.1139004230499268,0.0,1.3482338190078735,0.0,0.0,0.7096554040908813,0.011487958021461964,0.39987218379974365,1.5117948055267334,0.07845892012119293,0.006318749859929085,0.3089072108268738,1.0625050067901611,0.3332213759422302,0.022907797247171402,1.1373292207717896,0.01293900329619646,1.0901947021484375,0.046400412917137146,0.22038748860359192,0.009534541517496109,0.04744238406419754,1.1342538595199585,0.9162599444389343,0.1320459544658661,0.0005706354277208447,1.1932120323181152,0.31716838479042053,0.23628877103328705,1.114588737487793,1.2131191492080688,0.8760327696800232,0.0263785682618618,1.237815499305725,1.016160011291504,1.2257411479949951,1.1563246250152588,0.009895709343254566,0.3273925185203552,1.0969253778457642,0.1775851994752884,0.3217270076274872,0.09116122871637344,0.7749906778335571,0.09626124054193497,1.1210660934448242,0.026753608137369156,1.0720890760421753,1.2187702655792236,0.012682690285146236,1.109326958656311,1.0968776941299438,0.0539223849773407,1.0839446783065796,1.0938764810562134,0.005256250035017729,1.2429499626159668,0.2948724329471588,0.9475632905960083,0.01189318299293518,0.18181940913200378,0.0,0.2569355368614197,0.27308717370033264,1.0611152648925781,1.1436271667480469,1.27483069896698,1.004327416419983,1.0804766416549683,0.005045602098107338,0.9981715679168701,0.3087492883205414,1.2247220277786255,0.05998950079083443,0.0077989352867007256,0.0,0.005210112780332565,0.007568608969449997,0.00581736583262682,0.01718743145465851,0.010253855027258396,1.2223610877990723,0.026204871013760567,1.1861053705215454,1.1714245080947876,0.07269693166017532,0.0232387725263834,0.03853018209338188,0.01889384724199772,1.2072757482528687,0.019687196239829063,1.0908440351486206,1.207973599433899,1.1412280797958374,0.022280732169747353,0.005030009895563126,0.003539792727679014,1.2010468244552612,0.005675786640495062,0.11967897415161133,0.9241783022880554,0.05952591821551323,0.25824058055877686,0.0,0.0,0.9403764009475708,0.04941049963235855,0.3285443186759949,1.2045953273773193,0.05439796671271324,1.214377999305725,0.0,0.04064224660396576,1.2277387380599976,1.156084418296814,0.057389624416828156,0.05046629533171654,0.05433132126927376,1.0770061016082764,1.1738425493240356,1.0478897094726562,0.9912655353546143,1.0719330310821533,0.10809504240751266,0.2965632379055023,0.0,0.5233914852142334,0.09843031316995621,1.090070366859436,1.2516096830368042,1.003080129623413,1.1821222305297852,1.0272220373153687,0.02234034053981304,1.1844546794891357,0.030860621482133865,0.01855296641588211,1.097521424293518,1.3469730615615845,0.07509086281061172,0.017803307622671127,1.27335524559021,0.0,0.2980552613735199,0.03231383487582207,1.1907333135604858,0.3106723129749298,0.0678495392203331,0.0,1.230646014213562,1.0564415454864502,0.0,0.23642615973949432,1.201328992843628,1.301599144935608,0.010729419998824596,1.119802713394165,1.1857553720474243,0.3099151849746704,1.0752547979354858,0.8919554352760315,0.30301356315612793,0.05076780915260315,1.1003928184509277,0.9351797699928284,0.01066659390926361,0.005355992820113897,0.24546197056770325,1.2443102598190308,0.02187870442867279,1.0560868978500366,1.143184781074524,1.096170425415039,1.0144901275634766,0.003546668915078044,0.011396755464375019,0.01745433732867241,1.0523399114608765,0.16232912242412567,1.240317463874817,0.5417864918708801,0.4305182099342346,0.17245355248451233,0.21711716055870056,1.2908942699432373,0.01327354647219181,1.1517596244812012,1.1808491945266724,1.1792733669281006,0.009716112166643143,0.31689953804016113,1.1300705671310425,0.2895565927028656,1.298756718635559,1.1055625677108765,0.12221737951040268,0.3198961317539215,1.0508562326431274,0.0,0.933887779712677,1.2739641666412354,0.0
1,0.03860613331198692,0.0,0.6783081293106079,0.23938992619514465,0.3534380793571472,0.3098808825016022,0.0,0.0,0.0,0.0,0.008847341872751713,0.0,0.0,0.0,0.7934373021125793,0.6711946725845337,0.11014782637357712,0.3519873023033142,0.012226120568811893,0.05843412131071091,0.0,0.7153865098953247,0.2065127044916153,0.0,0.0,0.011202906258404255,0.24395373463630676,0.0,0.32390329241752625,0.0,0.06516177207231522,0.0,0.0,0.20961004495620728,0.055353421717882156,0.9765301942825317,0.017995914444327354,0.0,0.4723454713821411,0.0,0.9208927154541016,0.2571936249732971,0.289506733417511,0.39433977007865906,0.0,0.0,1.1957261562347412,0.31632158160209656,0.07332190871238708,0.8082093596458435,0.21742083132266998,0.0,0.9093360900878906,0.05414097011089325,0.0,0.34713882207870483,0.0,0.19556371867656708,0.3172321319580078,0.936953604221344,0.11653297394514084,0.8395308256149292,1.1781072616577148,0.010471653193235397,0.3126923739910126,1.042616605758667,0.06215502321720123,0.920728325843811,0.24764207005500793,0.0,0.266094446182251,0.0,0.31516239047050476,0.06181090325117111,0.382663756608963,0.0,0.0,0.0,0.4758874177932739,0.26922011375427246,0.0,1.0529346466064453,0.8279074430465698,0.035958800464868546,0.0,0.0,0.19436584413051605,0.0,0.03455216810107231,0.0,0.01350755151361227,0.17570433020591736,1.3389718532562256,0.0,0.5153723359107971,1.2566064596176147,0.4144439697265625,0.5201214551925659,0.6844095587730408,0.0,0.5685240626335144,0.027269018813967705,0.0,0.22119905054569244,0.0,0.0,0.4480493366718292,0.00629936158657074,0.0,0.30106374621391296,0.0,0.6709728240966797,0.016203630715608597,0.4869665801525116,0.1503094583749771,0.21274906396865845,0.7970285415649414,1.3110066652297974,0.010532145388424397,0.0,0.0,0.10255301743745804,0.0007640733965672553,0.27259424328804016,0.0,1.2305042743682861,0.0,0.2092316448688507,0.19299346208572388,0.3211877644062042,0.24416424334049225,0.21601764857769012,0.3306424915790558,0.5142133831977844,0.16243037581443787,0.0,0.32039231061935425,0.0,0.00417820829898119,0.6796411275863647,0.39026591181755066,0.5942976474761963,0.3056795001029968,0.0,0.1606350541114807,0.0,0.0,0.0,0.28843456506729126,0.42459794878959656,0.1937975287437439,0.0,0.22504568099975586,0.556240439414978,0.6375429630279541,0.3884096145629883,0.9645478129386902,0.3629437983036041,0.3818258047103882,0.5582099556922913,0.2280883491039276,1.3082467317581177,0.039196889847517014,0.14585913717746735,0.0,0.21076363325119019,0.5314010381698608,0.0,0.11283694207668304,0.44810232520103455,0.1845826357603073,0.5626606345176697,0.05083170160651207,0.8361475467681885,0.0,0.0,0.0,0.095128133893013,1.0572375059127808,0.30006667971611023,0.21568432450294495,0.4730598032474518,0.0,0.0,0.0,0.0,0.03774699941277504,0.18470311164855957,0.0,0.6954047083854675,0.1449788361787796,0.0,0.0,0.17132756114006042,0.3525047302246094,0.0,0.25007784366607666,1.016541838645935,0.18251413106918335,0.0,1.4384890794754028,0.20929886400699615,0.16306430101394653,0.0,0.0,0.2635340094566345,1.0185627937316895,0.0,0.010247288271784782,0.3188299834728241,0.0,0.0,1.0413661003112793,0.0,0.0,0.8742281794548035,0.19166983664035797,0.0,0.0,0.2717846632003784,0.17324522137641907,1.0339558124542236,0.0,0.2842403054237366,0.04347958788275719,0.0,0.0,0.0,0.30493295192718506,0.24149709939956665,0.19058038294315338,0.05629223957657814,0.1874181628227234,0.00930618867278099,0.7772542238235474,1.0742100477218628,0.8179928660392761,0.6649937033653259,0.0,0.3379155993461609,0.0,0.0,0.0,0.2831892669200897,1.5394630432128906,0.020260054618120193,0.7339776158332825,0.0,0.0,0.6457293033599854,1.1463526487350464,0.0,0.23664918541908264,0.5633105635643005,0.0,0.21394284069538116
0,0.03338398411870003,0.0,0.7672492861747742,0.635194718837738,0.5175962448120117,0.6273210644721985,0.0,0.0,0.0,0.0,0.027375487610697746,0.0,0.0,0.0,0.5770516991615295,0.4746133089065552,0.78415846824646,0.6664144992828369,0.014754164032638073,0.029536116868257523,0.0,0.6174455285072327,0.745246171951294,0.0,0.0,0.0,0.6503676772117615,0.0,0.5409471392631531,0.0,0.03675586357712746,0.0,0.0,0.5586881637573242,0.18912024796009064,0.6601805090904236,0.00025805330369621515,0.0,0.5984668135643005,0.0,0.226006418466568,0.7252058386802673,0.694844663143158,0.5506075620651245,0.0,0.0,0.6856397986412048,0.5502545833587646,0.08970645070075989,0.5874243378639221,0.7203807830810547,0.0,0.3368716537952423,0.02840452641248703,0.0,0.5773285627365112,0.0,0.6611635088920593,0.6749886870384216,0.5207246541976929,0.74294114112854,0.5046226978302002,0.6588372588157654,0.6951242685317993,0.5959179997444153,0.6868847608566284,0.052867695689201355,0.6564047336578369,0.6788671016693115,0.0,0.7952352166175842,0.0,0.6368690133094788,0.0590275302529335,0.6582210063934326,0.46431225538253784,0.0,0.006139565724879503,0.44399845600128174,0.6808315515518188,0.0,0.6856613159179688,0.629302442073822,0.015906620770692825,0.0,0.0,0.7075340747833252,0.0,0.026654774323105812,0.0,0.02227862738072872,0.8462833762168884,0.7142453789710999,0.0,0.5551068186759949,0.7070751786231995,0.7097626328468323,0.31707337498664856,0.6183400750160217,0.0,0.5736878514289856,0.015472629107534885,0.0,0.7403934001922607,0.0,0.0,0.5512392520904541,0.00012630567653104663,0.0,0.6376298666000366,0.0,0.6512808799743652,0.02745828777551651,0.6881424188613892,0.29861611127853394,0.6587141156196594,0.6001605987548828,0.6414551138877869,0.0,0.0,0.0,0.03496432304382324,0.0,0.5859391689300537,0.0,0.6654778122901917,0.00571984238922596,0.6080765128135681,0.7581126689910889,0.6560245752334595,0.7529297471046448,0.70171719789505,0.6181322336196899,0.5586439967155457,0.5873698592185974,0.0,0.6417975425720215,0.0,0.00035392705467529595,0.6379745602607727,0.6081181764602661,0.5337114334106445,0.6242169737815857,0.0,0.7086204290390015,0.0,0.0,0.0,0.7034381628036499,0.6836713552474976,0.7036306262016296,0.003001870820298791,0.6851174831390381,0.6822227835655212,0.2718460261821747,0.5860467553138733,0.589111864566803,0.7225235104560852,0.629303514957428,0.24812498688697815,0.4995145797729492,0.8415378332138062,0.03147483617067337,0.7082561254501343,0.0,0.6785570383071899,0.5907288789749146,0.0,0.07780441641807556,0.5686157941818237,0.550613284111023,0.6287328004837036,0.009862241335213184,0.40741947293281555,0.0,0.0,0.0,0.749401867389679,0.6721430420875549,0.6290456056594849,0.5152877569198608,0.6813716292381287,0.0,0.0,0.0,0.0,0.027005691081285477,0.7432029843330383,0.0,0.3742463290691376,0.7225827574729919,0.0028014627750962973,0.0,0.5270782113075256,0.5371654629707336,0.0,0.6324141621589661,0.662318766117096,0.7109097838401794,0.0,0.6397010684013367,0.7456613183021545,0.7553383111953735,0.0,0.007336461450904608,0.7006224989891052,0.628449022769928,0.0,0.016097284853458405,0.6395015120506287,0.0,0.0,0.6870774030685425,0.0,0.0,0.6484827995300293,0.7835431694984436,0.0,0.015583017840981483,0.7821905612945557,0.6406715512275696,0.6469264030456543,0.0,0.5773496627807617,0.016486704349517822,0.0,0.0018096715211868286,0.0,0.6429482102394104,0.7132219672203064,0.6424283385276794,0.03375447541475296,0.5746601819992065,0.0,0.5148274302482605,0.612444281578064,0.6359032988548279,0.4247730076313019,0.0,0.615379273891449,0.0,0.0,0.0,0.6157560348510742,0.7434719204902649,0.024684391915798187,0.5312728881835938,0.0,0.0,0.6828610897064209,0.7140300273895264,0.0,0.7045935988426208,0.27011120319366455,0.0,0.7293711304664612
0,0.164439395070076,0.03193046152591705,0.3484402000904083,0.3465437591075897,0.26687848567962646,0.3725750744342804,0.0,0.0,0.0,0.0,0.11166904121637344,0.0,0.01485657412558794,0.0,0.8419308066368103,0.609099268913269,0.4862789809703827,0.3376762866973877,0.06079908832907677,0.0,0.012878223322331905,0.49025189876556396,0.3975115716457367,0.0,0.0,0.0,0.36480602622032166,0.04233604669570923,0.3178490996360779,0.0,0.18609587848186493,0.015744758769869804,0.0,0.36496248841285706,0.3714388906955719,1.033683180809021,0.05235331133008003,0.0,0.2681906223297119,0.056098923087120056,0.4148164689540863,0.3999911844730377,0.335156112909317,0.3700859844684601,0.0,0.0018303124234080315,0.9138018488883972,0.2567267417907715,0.10028991103172302,0.5137165188789368,0.41424354910850525,0.2814042270183563,0.31159213185310364,0.05809612572193146,0.0,0.26495108008384705,0.0,0.36774447560310364,0.35051441192626953,1.1059824228286743,0.4419891834259033,0.9263289570808411,0.9817489981651306,0.4447977542877197,0.3765404224395752,0.989875316619873,0.08360210061073303,0.9407077431678772,0.3058435916900635,0.007955766282975674,0.38125142455101013,0.0017079178942367435,0.41079461574554443,0.04486545920372009,0.3284567892551422,0.36806169152259827,0.0,0.20300932228565216,0.3064557909965515,0.33438336849212646,0.0,1.125752329826355,0.8388221263885498,0.2515973448753357,0.0,0.01128364447504282,0.3011803925037384,0.0,0.18527920544147491,0.008008559234440327,0.12545248866081238,0.43999406695365906,0.935663640499115,0.0,0.5866439938545227,1.1115323305130005,0.48806941509246826,0.4707626402378082,0.5150078535079956,0.0,0.3343789875507355,0.10894876718521118,0.0,0.39261314272880554,0.004392996896058321,0.0,0.40671607851982117,0.07772263884544373,0.021676165983080864,0.2984316051006317,0.05518587306141853,0.8886383175849915,0.0,0.32326754927635193,0.8848592638969421,0.3338482677936554,1.0117796659469604,1.0057741403579712,0.0878600999712944,0.0,0.0035311311949044466,0.17009902000427246,0.12910591065883636,0.3863253593444824,0.007510004099458456,1.108201503753662,0.12082395702600479,0.32603946328163147,0.45528483390808105,0.2700265944004059,0.39506664872169495,0.32470703125,0.2664608061313629,0.3492746651172638,0.40564119815826416,0.0,0.39866745471954346,0.0,0.0594412200152874,0.4980573356151581,0.3667590320110321,0.35661089420318604,0.2897469699382782,0.0,0.3562012016773224,0.0,0.0,0.0,0.34640753269195557,0.2991671562194824,0.42504966259002686,0.05578627064824104,0.3748815953731537,0.6956161856651306,0.4400601387023926,0.3541359007358551,0.7367286682128906,0.3652056157588959,0.268966406583786,0.5688238739967346,0.2674269676208496,1.2064541578292847,0.19507938623428345,0.3585869371891022,0.0,0.3398197591304779,0.31307336688041687,0.000398023403249681,0.2439262419939041,0.3789304196834564,0.3425694406032562,0.44007888436317444,0.08772492408752441,0.5092137455940247,0.054561395198106766,0.10468118637800217,0.07820248603820801,0.42257824540138245,1.0311983823776245,0.30443698167800903,0.19442914426326752,0.4863945245742798,0.007677056360989809,0.0,0.0,0.0,0.21832047402858734,0.3897993862628937,0.0,0.1890823096036911,0.44096073508262634,0.013855834491550922,0.0,0.30538293719291687,0.4159856140613556,0.0,0.3989733159542084,0.9014320373535156,0.35066094994544983,0.0,1.0261694192886353,0.3582082688808441,0.4117976725101471,0.0,0.04230011627078056,0.345568984746933,0.9427692294120789,0.11536576598882675,0.03177713230252266,0.3106202781200409,0.0,0.0,0.8977052569389343,0.0029582742135971785,0.06263385713100433,0.8532471060752869,0.3829139173030853,0.0,0.05351567268371582,0.3795904219150543,0.2977447509765625,0.6461892127990723,0.007907846011221409,0.3556443750858307,0.06565883010625839,0.006075567100197077,0.07154906541109085,0.0,0.3132009506225586,0.38630226254463196,0.37735867500305176,0.07590114325284958,0.3738464415073395,0.0,0.8055839538574219,0.9857833385467529,0.6162866950035095,0.4372084140777588,0.0,0.28874388337135315,0.0,0.0,0.0,0.36692479252815247,1.165479063987732,0.1039750874042511,0.9067521095275879,0.0,0.0,0.6900764107704163,1.1242743730545044,0.0,0.37728381156921387,0.58137446641922,0.0,0.3048967719078064
1,0.9859755039215088,0.753166139125824,0.08597775548696518,0.009185358881950378,0.006623787805438042,0.0,0.7961410880088806,0.9033408761024475,0.7830742597579956,0.5871081948280334,0.779500424861908,0.7850335836410522,0.8139201998710632,0.859019935131073,0.26444172859191895,0.5871639847755432,0.11808376759290695,0.07506739348173141,0.7372825145721436,0.8854547142982483,0.8034159541130066,0.13250978291034698,0.005178414285182953,0.852138876914978,0.8702320456504822,0.6574313044548035,0.007378876209259033,0.6837841272354126,0.05133865773677826,0.8189882040023804,0.7482134699821472,0.8677510619163513,0.767105758190155,0.013736676424741745,0.7410644292831421,0.38717398047447205,0.7911335229873657,0.853614091873169,0.0,0.9552247524261475,0.3465389311313629,0.0034463522024452686,0.0,0.0394788421690464,0.8223926424980164,0.7836792469024658,0.4054555594921112,0.0020094464998692274,0.7097195982933044,0.1399700790643692,0.01645611971616745,0.8622305393218994,0.12007658183574677,0.880859911441803,0.7794504761695862,0.0,0.9458582401275635,0.0,0.0,0.7349355220794678,0.014551414176821709,0.4391418695449829,1.3350622653961182,0.10473550856113434,0.00800374336540699,0.39510780572891235,0.7801442742347717,0.43820062279701233,0.0290165264159441,0.8612037897109985,0.01638941653072834,0.8368918299674988,0.058773841708898544,0.23884861171245575,0.012077066116034985,0.07792610675096512,0.8562206029891968,0.7508203387260437,0.17663529515266418,0.0007228056201711297,0.8489121794700623,0.40431270003318787,0.3019236624240875,0.838823676109314,0.8160187602043152,0.6930385231971741,0.040931448340415955,0.8733488917350769,0.725462019443512,0.9203962683677673,0.8444938659667969,0.012534568086266518,0.4157363474369049,0.7167376279830933,0.23043964803218842,0.4082567095756531,0.11547087877988815,0.658292829990387,0.12193091958761215,0.8025103211402893,0.03388791158795357,0.7316877841949463,0.869133710861206,0.016064738854765892,0.8326854705810547,0.7751888632774353,0.06830167025327682,0.7571926712989807,0.8838107585906982,0.00665790680795908,0.9266615509986877,0.3809301257133484,0.585404098033905,0.015064706094563007,0.2536938190460205,0.0,0.32866171002388,0.34740570187568665,0.7333764433860779,0.8104037642478943,0.9524885416030884,0.6739779710769653,0.7663618922233582,0.00639109592884779,0.776907742023468,0.39270690083503723,0.9130668640136719,0.0835547149181366,0.00987864937633276,0.0,0.006599477492272854,0.00960681401193142,0.0073686633259058,0.021770751103758812,0.012988214381039143,0.8706847429275513,0.03319283202290535,0.85494065284729,0.8223267793655396,0.09208278357982635,0.029435770586133003,0.04880489036440849,0.027383318170905113,0.876542866230011,0.024937117472290993,0.7346036434173584,0.860529363155365,0.8044622540473938,0.03445105999708176,0.006371346302330494,0.004483730532228947,0.8676254749298096,0.007189327850937843,0.1531914621591568,0.6954660415649414,0.0753994882106781,0.3294858932495117,0.0,0.0,0.5911496877670288,0.0730690136551857,0.4199356734752655,0.8708055019378662,0.07791851460933685,0.895104706287384,0.0,0.05148015171289444,0.9183773398399353,0.864352822303772,0.07269350439310074,0.06388017535209656,0.06881967186927795,0.6992717981338501,0.8191902041435242,0.7571851015090942,0.7219469547271729,0.8335258364677429,0.15933017432689667,0.37802934646606445,0.0,0.33151519298553467,0.12467838823795319,0.8602724671363831,0.842755913734436,0.7892653346061707,0.841097891330719,0.7444066405296326,0.033943187445402145,0.8607085943222046,0.0390901193022728,0.02350042015314102,0.7515844702720642,0.962263286113739,0.10400906950235367,0.02255086787045002,0.9486417174339294,0.0,0.381465345621109,0.048679616302251816,0.8965432047843933,0.39327022433280945,0.09753600507974625,0.0,0.8928587436676025,0.7818702459335327,0.0,0.3032729923725128,0.8631729483604431,0.9660100936889648,0.013590593822300434,0.7983967065811157,0.8458297848701477,0.3941737115383148,0.8400832414627075,0.7373473048210144,0.3945956826210022,0.07294249534606934,0.7956734299659729,0.7667173147201538,0.013511018827557564,0.006784255616366863,0.31359007954597473,0.893490731716156,0.027713021263480186,0.6455946564674377,0.8664926886558533,0.9199994206428528,0.6992529630661011,0.0044924491085112095,0.01443589199334383,0.022108830511569977,0.714680016040802,0.1859414428472519,0.8044893741607666,0.590846836566925,0.46687233448028564,0.2217063009738922,0.28843754529953003,0.911579966545105,0.016813155263662338,0.8245941996574402,0.813435971736908,0.8885786533355713,0.012307073920965195,0.402800053358078,0.824487566947937,0.3755132853984833,0.9057787656784058,0.7241105437278748,0.1548086702823639,0.4112173914909363,0.7775141596794128,0.0,0.7584812045097351,0.8907293081283569,0.0
1,1.3705707788467407,0.8193152546882629,0.22092078626155853,0.0821661576628685,0.07181806117296219,0.0955328643321991,0.782972514629364,0.8044923543930054,0.7917023301124573,0.5995948910713196,0.8225026726722717,0.8491635322570801,0.9440104961395264,0.6798728704452515,0.4272473156452179,0.8400357961654663,0.2049022614955902,0.17349855601787567,0.8696384429931641,0.892443060874939,0.8228424191474915,0.2653122544288635,0.12094486504793167,0.736622154712677,0.8720200061798096,0.9388550519943237,0.12428989261388779,0.7700046300888062,0.13970154523849487,0.7654245495796204,0.9853573441505432,0.7555229067802429,0.7200364470481873,0.09555179625749588,0.3337574899196625,0.8442202210426331,0.955312192440033,0.8437914252281189,0.062176164239645004,0.6706753373146057,0.9761030673980713,0.11305505037307739,0.09514366835355759,0.1133536547422409,0.7170652151107788,0.8317734003067017,0.9625227451324463,0.07284718751907349,0.3710552155971527,0.29283878207206726,0.11710964888334274,0.792243242263794,0.32742932438850403,0.9508817791938782,0.6961813569068909,0.06533710658550262,0.8447425961494446,0.11246155947446823,0.08969739824533463,1.5675228834152222,0.14557689428329468,1.0627673864364624,2.069810390472412,0.18855714797973633,0.10333690792322159,0.8149072527885437,0.8554554581642151,0.8528535962104797,0.08919664472341537,0.6639260649681091,0.13255862891674042,0.7429246306419373,0.16007326543331146,0.07953886687755585,0.08997480571269989,0.17806047201156616,0.6761497259140015,0.8251473903656006,0.20020070672035217,0.09296457469463348,0.7762483954429626,0.8328619599342346,0.5290019512176514,1.1243646144866943,0.8960604071617126,0.482829213142395,0.133931964635849,0.7681190967559814,1.05726957321167,0.7910879254341125,1.0400071144104004,0.16216498613357544,1.0583107471466064,0.7138816118240356,0.29428619146347046,1.000559687614441,0.25211432576179504,1.0205230712890625,0.25219735503196716,0.7209286689758301,0.1139620840549469,0.9830388426780701,0.8059155941009521,0.15705403685569763,0.6678605675697327,0.7622348666191101,0.14679808914661407,0.8761157393455505,0.5875142812728882,0.1261962354183197,0.8964342474937439,0.6472416520118713,0.6461483240127563,0.1007659062743187,0.3151026666164398,0.08303617686033249,0.621353805065155,0.9394932389259338,0.8835560083389282,0.7118069529533386,0.8501600027084351,1.0175682306289673,0.9370943307876587,0.07969769835472107,0.6184672713279724,0.9560770392417908,0.9081214070320129,0.13153761625289917,0.12760508060455322,0.07508914172649384,0.13071270287036896,0.1352638155221939,0.07733951508998871,0.09053224325180054,0.12242493778467178,0.8116220235824585,0.1335039734840393,0.7992199659347534,0.9740534424781799,0.23467960953712463,0.12305309623479843,0.1818842887878418,0.12597770988941193,0.707075834274292,0.12907686829566956,0.7976245284080505,0.8549578785896301,0.7328128814697266,0.1306644231081009,0.10131916403770447,0.12381517142057419,0.9809482097625732,0.1304791420698166,0.34217795729637146,1.1771063804626465,0.1260768473148346,0.6561194658279419,0.08614557981491089,0.07373510301113129,1.4721319675445557,0.09138517081737518,0.8472488522529602,1.1748745441436768,0.15357472002506256,0.8165154457092285,0.10234519094228745,0.15017105638980865,0.762238621711731,1.1462643146514893,0.17668797075748444,0.1737211048603058,0.1660383939743042,1.0364172458648682,1.5265711545944214,0.8868845105171204,0.8586518168449402,0.7018319964408875,0.18168523907661438,0.7884497046470642,0.0973338857293129,0.418806791305542,0.23267915844917297,0.6078324317932129,0.8387701511383057,0.5696016550064087,0.8014757633209229,1.034540057182312,0.15099190175533295,0.7328107953071594,0.1649007648229599,0.14137248694896698,0.8340729475021362,0.8143585920333862,0.17320992052555084,0.14097122848033905,0.7699345350265503,0.10170108824968338,0.8317623138427734,0.15060430765151978,0.7014381885528564,1.1003847122192383,0.13829730451107025,0.1248752623796463,0.7333989143371582,0.7770662903785706,0.10759659111499786,0.6761223673820496,0.9475497603416443,0.9998844861984253,0.09900780767202377,0.7187660336494446,0.8390536308288574,0.7901154160499573,0.5994265079498291,0.6200689077377319,0.6366603374481201,0.15053512156009674,0.7743297815322876,0.554040789604187,0.12200625240802765,0.15156570076942444,0.6116657853126526,0.9624481201171875,0.1119706854224205,0.9728858470916748,0.614187479019165,0.6750374436378479,0.7109360694885254,0.09085933864116669,0.12346962094306946,0.11866409331560135,0.9665399193763733,0.19354574382305145,0.8300500512123108,0.8356648087501526,1.1463878154754639,0.4529980421066284,0.33023539185523987,0.9126706123352051,0.09438397735357285,0.7506371140480042,0.7723792791366577,0.6979593634605408,0.09048393368721008,1.121301531791687,0.9240428805351257,0.6539379358291626,0.8631110191345215,0.7963278889656067,0.34881392121315,0.910227358341217,0.6214674115180969,0.14268995821475983,1.2628238201141357,0.7873786687850952,0.10094745457172394
1,1.0899022817611694,0.8215753436088562,0.236501544713974,0.2431178092956543,0.17284324765205383,0.20930299162864685,0.9201390147209167,0.9328808784484863,0.8965561985969543,0.6955545544624329,0.8093924522399902,0.909471333026886,0.9413350820541382,0.8991003036499023,0.18909360468387604,0.43039649724960327,0.35593390464782715,0.22212620079517365,0.8195832967758179,1.107653021812439,0.8815670013427734,0.18770883977413177,0.2982018291950226,0.8965137600898743,0.9485237002372742,0.8547899127006531,0.26179999113082886,0.7677810192108154,0.1991562694311142,0.9445273280143738,0.8218210935592651,0.8804377317428589,0.8585729598999023,0.18422546982765198,0.4977988600730896,0.2894194722175598,0.8882939219474792,0.9922721982002258,0.21636052429676056,0.8497252464294434,0.4641283452510834,0.2748761773109436,0.2541934549808502,0.15941761434078217,0.8835548162460327,0.8801940083503723,0.3037934899330139,0.20393195748329163,0.48139190673828125,0.18154896795749664,0.24726228415966034,0.8266833424568176,0.0882447212934494,0.9525517225265503,0.8628983497619629,0.20118853449821472,1.0556505918502808,0.27144891023635864,0.23168575763702393,0.6071192622184753,0.28971943259239197,0.3631412982940674,1.2372685670852661,0.3443782925605774,0.216837078332901,0.29048293828964233,0.8246521949768066,0.29802337288856506,0.20579203963279724,0.8996780514717102,0.29132574796676636,0.8516184091567993,0.18966898322105408,0.18457354605197906,0.22698870301246643,0.25268369913101196,0.8846074938774109,0.7024255990982056,0.11862026154994965,0.24418076872825623,0.9407891035079956,0.29756996035575867,0.22077302634716034,0.8812692761421204,0.9589664340019226,0.6543964147567749,0.29698529839515686,0.9613595008850098,0.7937020659446716,0.9719915390014648,0.9280563592910767,0.3300841748714447,0.31102293729782104,0.8406476974487305,0.1516418159008026,0.30564063787460327,0.21121065318584442,0.6242863535881042,0.18014991283416748,0.8840289115905762,0.18666832149028778,0.8411688804626465,0.9780362248420715,0.30602508783340454,0.8543576002120972,0.8680368661880493,0.1539393812417984,0.8614414930343628,0.8509505391120911,0.2814081013202667,0.9823735356330872,0.2664017081260681,0.7570763230323792,0.22540923953056335,0.12985627353191376,0.24703320860862732,0.24038536846637726,0.25962671637535095,0.8287887573242188,0.8865358233451843,1.0076634883880615,0.7865551710128784,0.8400761485099792,0.1793566644191742,0.7852588891983032,0.29331180453300476,0.955115795135498,0.30349618196487427,0.29311221837997437,0.22250911593437195,0.2897131145000458,0.2838180661201477,0.24023732542991638,0.16514500975608826,0.22738245129585266,0.9700085520744324,0.21513095498085022,0.9295381307601929,0.9213627576828003,0.1777813732624054,0.18427614867687225,0.16850484907627106,0.2507459819316864,0.9370170831680298,0.2601681649684906,0.845626711845398,0.9589934349060059,0.9006212949752808,0.2601877450942993,0.25301241874694824,0.273404061794281,0.9440485835075378,0.27065902948379517,0.2152816355228424,0.7157331705093384,0.16828295588493347,0.2422632873058319,0.2484249323606491,0.22037473320960999,0.7416561245918274,0.15349379181861877,0.3121171295642853,0.9618374109268188,0.30466848611831665,0.9589951634407043,0.2552216649055481,0.1869635283946991,0.9534459114074707,0.9005030393600464,0.18273183703422546,0.3486275374889374,0.17751413583755493,0.833685576915741,0.9614259004592896,0.8290950059890747,0.7857941389083862,0.8325659036636353,0.3338716924190521,0.2817350924015045,0.2350754737854004,0.629967451095581,0.20519118010997772,0.8343067169189453,1.0031534433364868,0.7971571683883667,0.9043528437614441,0.8059174418449402,0.30413419008255005,0.9236067533493042,0.10607757419347763,0.27184000611305237,0.8657776117324829,1.0607374906539917,0.27645501494407654,0.175188347697258,0.9947482347488403,0.24230532348155975,0.2831525206565857,0.2798333466053009,0.9238414764404297,0.2951386570930481,0.27264314889907837,0.2859458327293396,0.9530211687088013,0.8209840059280396,0.258838951587677,0.2246048003435135,0.9570263028144836,1.0295367240905762,0.22599780559539795,0.8855009078979492,0.9382088780403137,0.28564563393592834,0.8520432710647583,0.6782873868942261,0.27137550711631775,0.3140886723995209,0.856916606426239,0.7130268216133118,0.28165921568870544,0.2840612530708313,0.23318886756896973,0.9520036578178406,0.18074941635131836,0.8305829763412476,0.8720508813858032,0.8447848558425903,0.7795314788818359,0.233180433511734,0.29722002148628235,0.25300687551498413,0.8225935101509094,0.3748633861541748,0.9680340886116028,0.4573964476585388,0.38350149989128113,0.19997473061084747,0.20017895102500916,1.0744411945343018,0.2223038673400879,0.9109090566635132,0.9104775190353394,0.9229719042778015,0.19931462407112122,0.30105456709861755,0.9057332873344421,0.2693510353565216,1.0471469163894653,0.8859559893608093,0.20629391074180603,0.297578901052475,0.8518191576004028,0.2646590769290924,0.751305341720581,1.0064141750335693,0.2658412754535675
1,1.4216235876083374,1.0934525728225708,0.14788146317005157,0.22052088379859924,0.15899868309497833,0.23783624172210693,1.242465615272522,1.1918113231658936,1.2141658067703247,0.9489182233810425,1.0374847650527954,1.3204706907272339,1.3136314153671265,1.1262811422348022,0.12499628961086273,0.336178183555603,0.49413299560546875,0.27859896421432495,1.0963879823684692,1.5369623899459839,1.176607370376587,0.1821402609348297,0.3112804889678955,1.160917043685913,1.2755043506622314,1.2384217977523804,0.3188484311103821,1.0220774412155151,0.23111523687839508,1.2803767919540405,1.136233925819397,1.0929653644561768,1.1410930156707764,0.22599630057811737,0.35036638379096985,0.19076097011566162,1.2153435945510864,1.3502696752548218,0.15189228951931,1.0115387439727783,0.7880721092224121,0.29192915558815,0.2428436279296875,0.16076886653900146,1.1544756889343262,1.189599871635437,0.2199154496192932,0.1928306519985199,0.3717971742153168,0.15044452250003815,0.30484461784362793,0.9256490468978882,0.06686557829380035,1.2636293172836304,1.1695975065231323,0.15719012916088104,1.427852988243103,0.28464841842651367,0.2159873992204666,0.618758499622345,0.37647756934165955,0.3522834777832031,1.3799015283584595,0.4694516062736511,0.2601805627346039,0.1874702125787735,1.0723644495010376,0.1934415102005005,0.232175812125206,1.0976296663284302,0.33156222105026245,1.0520931482315063,0.2508864104747772,0.16192223131656647,0.23363909125328064,0.4288858473300934,1.0895408391952515,0.8203688859939575,0.15978704392910004,0.22975005209445953,1.227522611618042,0.2024369090795517,0.15873971581459045,1.1772562265396118,1.354627013206482,0.7586307525634766,0.34226852655410767,1.2765843868255615,1.098006248474121,1.2205231189727783,1.210638165473938,0.4028071165084839,0.2321750819683075,1.199475884437561,0.14244495332241058,0.20924493670463562,0.2511814832687378,0.7287768721580505,0.17848141491413116,1.1655991077423096,0.15951649844646454,1.190170407295227,1.2981542348861694,0.38121968507766724,1.078071117401123,1.1694749593734741,0.16630779206752777,1.155968427658081,1.020312786102295,0.2951714098453522,1.2399492263793945,0.1660744994878769,1.097479224205017,0.17649580538272858,0.05333585664629936,0.207708477973938,0.1516191065311432,0.19433890283107758,1.1255207061767578,1.1892141103744507,1.2762161493301392,1.127943754196167,1.1381784677505493,0.18984615802764893,0.9777013659477234,0.19954290986061096,1.1958955526351929,0.3079594671726227,0.3332709074020386,0.17757399380207062,0.32775938510894775,0.33177450299263,0.20366023480892181,0.1513087898492813,0.3104388117790222,1.2969733476638794,0.24913781881332397,1.2166122198104858,1.277980089187622,0.15880532562732697,0.1931779831647873,0.16289754211902618,0.32038289308547974,1.2004146575927734,0.3241508901119232,1.2062326669692993,1.2735580205917358,1.187180519104004,0.3282298445701599,0.26148587465286255,0.3195369839668274,1.2240214347839355,0.33060649037361145,0.22030840814113617,0.9892908334732056,0.17893341183662415,0.15981456637382507,0.2123374044895172,0.17479097843170166,1.222787618637085,0.2267780900001526,0.20984981954097748,1.275354266166687,0.37848925590515137,1.2450240850448608,0.2559356093406677,0.19847339391708374,1.205883264541626,1.2032651901245117,0.19277900457382202,0.390595018863678,0.18875455856323242,1.248001217842102,1.3726491928100586,1.115736484527588,1.0390836000442505,1.0220091342926025,0.45442304015159607,0.17892561852931976,0.23821453750133514,0.8165507316589355,0.20601022243499756,0.9821885228157043,1.4003410339355469,0.9594699740409851,1.217565655708313,1.0958575010299683,0.38070085644721985,1.2015835046768188,0.01986578106880188,0.36755654215812683,1.182124137878418,1.4133105278015137,0.41767048835754395,0.13953915238380432,1.2668979167938232,0.2565080523490906,0.19437387585639954,0.38049551844596863,1.1740320920944214,0.22444629669189453,0.3476307690143585,0.32499462366104126,1.2673842906951904,1.068035364151001,0.26302048563957214,0.15087248384952545,1.2738243341445923,1.3410719633102417,0.2519536316394806,1.155022382736206,1.2595113515853882,0.2040577381849289,1.0389798879623413,0.7700811624526978,0.17040018737316132,0.37381985783576965,1.1200644969940186,0.792319655418396,0.31494975090026855,0.35780835151672363,0.16362495720386505,1.2905566692352295,0.18361319601535797,1.2569782733917236,1.0757933855056763,0.939521312713623,1.078009009361267,0.2281193882226944,0.3220903277397156,0.29749661684036255,1.1715039014816284,0.47120043635368347,1.390339970588684,0.3197765052318573,0.35688117146492004,0.1906909942626953,0.12377167493104935,1.416285514831543,0.2426048219203949,1.189894199371338,1.220211148262024,1.1641430854797363,0.22253017127513885,0.22126823663711548,1.1442359685897827,0.1598142832517624,1.4026540517807007,1.2596079111099243,0.20733234286308289,0.1937997043132782,1.0856044292449951,0.35334092378616333,0.9401389956474304,1.3311212062835693,0.24879896640777588
1,1.2553752660751343,0.880662202835083,0.16557402908802032,0.09312408417463303,0.08514247089624405,0.10856007784605026,0.9402104020118713,0.9452295899391174,0.9231851100921631,0.7254142165184021,0.8900776505470276,0.9948608875274658,1.0148152112960815,0.8423118591308594,0.3287160396575928,0.5956437587738037,0.23255257308483124,0.17833875119686127,0.919407069683075,1.0817832946777344,0.93597012758255,0.23216061294078827,0.13717494904994965,0.9048638939857483,0.9731206297874451,0.9471569657325745,0.1406359076499939,0.7972770929336548,0.15546415746212006,0.9278821349143982,0.9337719082832336,0.8878841400146484,0.8721261620521545,0.11342933028936386,0.4492737054824829,0.5283195376396179,0.9658834934234619,0.9970865249633789,0.0706547424197197,0.8188624978065491,0.7016456723213196,0.1283804327249527,0.10811781138181686,0.11794651299715042,0.8696825504302979,0.9336848855018616,0.5695623159408569,0.08286850154399872,0.4533194303512573,0.2240840494632721,0.13296090066432953,0.8304674625396729,0.18391110002994537,1.0048408508300781,0.8532844185829163,0.07424671202898026,1.0365231037139893,0.1277972310781479,0.10192887485027313,1.00323486328125,0.16517521440982819,0.6710917949676514,1.6347800493240356,0.21406173706054688,0.11742638796567917,0.5328185558319092,0.9245864748954773,0.5448644161224365,0.10162793844938278,0.8324455618858337,0.15039867162704468,0.8408645987510681,0.1717163473367691,0.14018547534942627,0.10251083970069885,0.20144657790660858,0.8449391722679138,0.7621002197265625,0.20174817740917206,0.10564155876636505,0.92531818151474,0.5458649396896362,0.4053528904914856,1.0081454515457153,0.994993269443512,0.6213910579681396,0.15190979838371277,0.9399966597557068,0.964684247970581,0.9624845385551453,1.0359991788864136,0.18413567543029785,0.5816393494606018,0.8809860348701477,0.2803521454334259,0.5671781897544861,0.24653011560440063,0.8406957983970642,0.21756692230701447,0.8730283975601196,0.11833426356315613,0.9786664843559265,0.973355233669281,0.17824290692806244,0.8309038281440735,0.8851230144500732,0.14591239392757416,0.9401756525039673,0.7525529861450195,0.14322353899478912,1.0106127262115479,0.4771890640258789,0.7948276996612549,0.10392749309539795,0.20619815587997437,0.09435928612947464,0.43133363127708435,0.4992063641548157,0.9215283989906311,0.8719022274017334,1.012511968612671,0.9120668172836304,0.9518505334854126,0.09056556224822998,0.7623618841171265,0.5364318490028381,0.9791231751441956,0.1492069959640503,0.14509709179401398,0.08532857149839401,0.14838486909866333,0.15348204970359802,0.08781648427248001,0.0968901589512825,0.13881051540374756,0.9690542221069336,0.14709503948688507,0.9363537430763245,1.0273830890655518,0.17597268521785736,0.12639445066452026,0.1320614218711853,0.14298366010189056,0.8729461431503296,0.14665454626083374,0.906855046749115,0.9914376735687256,0.8962339758872986,0.14813080430030823,0.11499731987714767,0.14069905877113342,1.0245662927627563,0.14804215729236603,0.2749810814857483,0.9400591254234314,0.13867421448230743,0.44256651401519775,0.09789270907640457,0.0837898924946785,1.0981333255767822,0.10704679787158966,0.5779367685317993,1.1144652366638184,0.1741701364517212,0.9824313521385193,0.11630135029554367,0.1501285433769226,0.933929979801178,1.0606281757354736,0.1777447611093521,0.19756807386875153,0.16594292223453522,0.9718169569969177,1.3006983995437622,0.9152403473854065,0.8604738116264343,0.8316830992698669,0.20606555044651031,0.5188588500022888,0.11060669273138046,0.5169602036476135,0.21712416410446167,0.7509958744049072,1.007514238357544,0.7241367101669312,0.9231172204017639,0.9490115642547607,0.17126548290252686,0.888962984085083,0.05791313946247101,0.16026514768600464,0.9274511337280273,0.9818493127822876,0.19636182487010956,0.08945712447166443,0.951763391494751,0.11556942015886307,0.5387596487998962,0.17080162465572357,0.860866367816925,0.5687898397445679,0.15681205689907074,0.1418703943490982,0.9125821590423584,0.8770886063575745,0.12226884812116623,0.4216437041759491,0.9829766750335693,1.0714086294174194,0.1125088706612587,0.8754706978797913,0.9669134616851807,0.5205193161964417,0.7619715332984924,0.6873192191123962,0.48907366394996643,0.17075306177139282,0.8762046694755554,0.6645106673240662,0.13845159113407135,0.17238996922969818,0.43375536799430847,1.0420000553131104,0.11736952513456345,0.9553986191749573,0.7768898606300354,0.8118372559547424,0.8232778310775757,0.10324923694133759,0.14016729593276978,0.134845569729805,0.9624172449111938,0.21959547698497772,0.9995002150535583,0.594477653503418,0.702585756778717,0.33684852719306946,0.3289909362792969,1.0836161375045776,0.10697238147258759,0.9055609107017517,0.9215102791786194,0.8611072301864624,0.10282265394926071,0.5698776841163635,0.955691397190094,0.47128888964653015,1.0419907569885254,0.9234040975570679,0.25760090351104736,0.5354218482971191,0.7762300968170166,0.16178478300571442,0.9981920123100281,0.9670013189315796,0.11471302062273026
1,0.3133300244808197,0.2303016185760498,0.21720987558364868,0.0,0.02632422000169754,0.0,0.23150774836540222,0.3267432153224945,0.2203865945339203,0.17614497244358063,0.3594541549682617,0.1882701814174652,0.2031446397304535,0.3005828857421875,0.7040015459060669,0.7839272022247314,0.0,0.10154813528060913,0.25478655099868774,0.20069235563278198,0.2648365795612335,0.3046199083328247,0.0,0.29743534326553345,0.27342483401298523,0.10905662924051285,0.0,0.19456148147583008,0.07934653759002686,0.25527554750442505,0.24201911687850952,0.33770015835762024,0.2389722466468811,0.018303530290722847,0.6523998379707336,0.7941533327102661,0.2240898609161377,0.23978982865810394,0.0,0.49028465151786804,0.2686561346054077,0.0,0.0,0.08504751324653625,0.2842846214771271,0.23305606842041016,0.8128634691238403,0.0,0.5659960508346558,0.36213627457618713,0.0,0.40496304631233215,0.36750686168670654,0.29306066036224365,0.24403521418571472,0.0,0.29952993988990784,0.0,0.0,0.9041366577148438,0.0,0.7167689800262451,1.2396626472473145,0.0034401635639369488,0.0,0.8701558709144592,0.3730822205543518,0.8872265815734863,0.0352276973426342,0.36824265122413635,0.0,0.3106030225753784,0.1189427524805069,0.1833135485649109,0.0029540867544710636,0.014517907053232193,0.32805436849594116,0.35210731625556946,0.42159196734428406,0.0,0.26681965589523315,0.8433893918991089,0.6983615756034851,0.26029089093208313,0.19356591999530792,0.3724484443664551,0.0,0.28062012791633606,0.24848705530166626,0.3521411120891571,0.32094281911849976,0.0,0.8222506046295166,0.23715952038764954,0.5527966618537903,0.8404515981674194,0.30824369192123413,0.6390854716300964,0.3287176787853241,0.27710169553756714,0.08503419160842896,0.20882225036621094,0.2600344121456146,0.0,0.32153937220573425,0.22701019048690796,0.1470186859369278,0.24137285351753235,0.40792784094810486,0.0,0.3523949086666107,0.7836449146270752,0.12035487592220306,0.044608306139707565,0.4511542320251465,0.0,0.737564742565155,0.7085490822792053,0.20623481273651123,0.26370543241500854,0.34213244915008545,0.16842229664325714,0.23659494519233704,0.0,0.3344084918498993,0.8018743991851807,0.3574939966201782,0.007854927331209183,0.0,0.0,0.0,0.0,0.0,0.0631728246808052,0.0,0.2587747275829315,0.05077749490737915,0.26966485381126404,0.22738943994045258,0.2264159470796585,0.05146859213709831,0.08040660619735718,0.0,0.3189998269081116,0.0,0.17398184537887573,0.2597865164279938,0.26066237688064575,0.0,0.0,0.0,0.2942161560058594,0.0,0.38327556848526,0.43808090686798096,0.14812666177749634,0.7288328409194946,0.0,0.0,0.322634756565094,0.0592503622174263,0.9477898478507996,0.31435975432395935,0.0,0.30501997470855713,0.0,0.09607219696044922,0.3614232838153839,0.37460434436798096,0.1977500468492508,0.0,0.18053653836250305,0.1319563239812851,0.5758730173110962,0.22488927841186523,0.22644779086112976,0.36621421575546265,0.0862499549984932,0.8099576830863953,0.0,0.024870634078979492,0.3047078847885132,0.36017099022865295,0.2216375470161438,0.3252086043357849,0.2756301164627075,0.24494749307632446,0.0,0.28759604692459106,0.13066035509109497,0.0,0.2297092229127884,0.2782735526561737,0.01582299917936325,0.04488770291209221,0.33077073097229004,0.0,0.8119864463806152,0.0,0.3293057978153229,0.7645742297172546,0.050542816519737244,0.0,0.3055563271045685,0.2951394319534302,0.0,0.7258449196815491,0.2566441297531128,0.3815045952796936,0.0,0.25690099596977234,0.256217360496521,0.8214063048362732,0.35734549164772034,0.37418562173843384,0.8865267634391785,0.0,0.2546921670436859,0.37826141715049744,0.0,0.0,0.7388784289360046,0.2710641622543335,0.04851086437702179,0.1277213841676712,0.31539997458457947,0.4708802402019501,0.2148832082748413,0.0,0.0,0.0,0.21308809518814087,0.04443071782588959,0.18816083669662476,0.868927538394928,0.806473433971405,0.5575565695762634,0.6565917730331421,0.27213284373283386,0.0,0.26364588737487793,0.2568916082382202,0.33611083030700684,0.0,0.8784441351890564,0.33139121532440186,0.7806241512298584,0.27119356393814087,0.17759031057357788,0.36541998386383057,0.9411048889160156,0.25871938467025757,0.0,0.5657553672790527,0.29993003606796265,0.0
1,1.315830111503601,0.893340528011322,0.11766152083873749,0.006262744776904583,0.007328320760279894,0.0,0.8987886905670166,0.9568197131156921,0.9018948078155518,0.6587495803833008,0.8989487290382385,0.9399414658546448,1.011430025100708,0.8895969390869141,0.34962132573127747,0.7362876534461975,0.07542350888252258,0.0847039520740509,0.9027059078216553,1.0204647779464722,0.9204763174057007,0.17873886227607727,0.0035307370126247406,0.8873544335365295,0.9760624170303345,0.8744718432426453,0.00503105204552412,0.8413171768188477,0.0582532063126564,0.90607088804245,0.9877286553382874,0.8954004645347595,0.8340341448783875,0.007678611669689417,0.5590293407440186,0.6370165348052979,0.9970178008079529,0.9727134108543396,0.0,0.8604715466499329,0.6971399784088135,0.002349785529077053,0.0,0.048219744116067886,0.8663577437400818,0.9074434041976929,0.6765381097793579,0.0013700771378353238,0.5309056639671326,0.21335792541503906,0.011220081709325314,0.9499483704566956,0.18416433036327362,1.0340625047683716,0.8532224297523499,0.0,1.032299518585205,0.0,0.0,1.1845921277999878,0.009921418502926826,0.7729869484901428,1.8104171752929688,0.07908986508846283,0.005457097664475441,0.610843300819397,0.9160327911376953,0.6301564574241638,0.01951591484248638,0.8479176163673401,0.011174601502716541,0.8942296504974365,0.06730683147907257,0.1611109972000122,0.007967622950673103,0.045776356011629105,0.8510103821754456,0.8850597143173218,0.15320342779159546,0.0004928219714201987,0.9309383034706116,0.6546100378036499,0.4131009876728058,1.1243664026260376,0.9844404458999634,0.6440837383270264,0.022781504318118095,0.941612184047699,0.9908101558685303,0.9553689360618591,1.0543415546417236,0.008546296507120132,0.7520339488983154,0.8254186511039734,0.23599115014076233,0.7275806665420532,0.1461237668991089,0.8866817355155945,0.16604997217655182,0.8691565990447998,0.0406205877661705,0.9738244414329529,0.9487806558609009,0.010953230783343315,0.8513250946998596,0.8773216605186462,0.08312322199344635,0.9322011470794678,0.8206034302711487,0.004539481829851866,1.0238609313964844,0.48750293254852295,0.7159658074378967,0.01841723546385765,0.31799355149269104,0.0,0.4941919445991516,0.6926085948944092,0.9269247055053711,0.8881454467773438,1.0246162414550781,0.9718331694602966,0.9727916121482849,0.00435756566002965,0.7631166577339172,0.6962971687316895,1.0473397970199585,0.05135863646864891,0.0067354426719248295,0.0,0.004499643575400114,0.006536530330777168,0.00502408854663372,0.027641234919428825,0.008855600841343403,0.9617586731910706,0.04006686806678772,0.9387692809104919,1.0230339765548706,0.14624673128128052,0.03846484795212746,0.0931825190782547,0.01631740853190422,0.9350337386131287,0.01700258068740368,0.8803503513336182,0.964307963848114,0.8780568838119507,0.019242452457547188,0.0043440996669232845,0.0030570889357477427,1.034352421760559,0.004901814740151167,0.22690819203853607,1.0318080186843872,0.06857659667730331,0.4977765381336212,0.0,0.0,1.1248408555984497,0.03824055939912796,0.6435635089874268,1.1403924226760864,0.04698006808757782,0.9562222957611084,0.0,0.06657444685697556,0.9562861919403076,1.1187918186187744,0.08745966851711273,0.04358452931046486,0.08254054188728333,1.005068063735962,1.2746597528457642,0.9337331652641296,0.8918127417564392,0.8731856942176819,0.0881410613656044,0.6007871031761169,0.0,0.3979388475418091,0.14770562946796417,0.8304359912872314,0.9698196649551392,0.7749893069267273,0.9513521790504456,1.004955530166626,0.019293926656246185,0.9102796316146851,0.06441307812929153,0.01602301374077797,0.892103910446167,1.0398190021514893,0.06485121697187424,0.0574452243745327,0.9742519855499268,0.0,0.5969104170799255,0.02790740318596363,0.9113647937774658,0.7843359112739563,0.05859732627868652,0.0,0.9322764873504639,0.8816937804222107,0.0,0.5204700827598572,1.0368529558181763,1.0860111713409424,0.009266314096748829,0.869577944278717,0.96157306432724,0.6155716180801392,0.813473105430603,0.7549228668212891,0.5040674209594727,0.04688233509659767,0.8919606804847717,0.7588268518447876,0.009212058037519455,0.0046256291680037975,0.45330125093460083,1.0508548021316528,0.035837505012750626,0.9168323278427124,0.8593738675117493,0.8874170184135437,0.812262773513794,0.0030630335677415133,0.009842653758823872,0.015074202790856361,0.9419229626655579,0.14209069311618805,0.9577996730804443,0.7501806616783142,0.8286476135253906,0.31629636883735657,0.2885407507419586,1.007457971572876,0.011463514529168606,0.9011320471763611,0.9313986301422119,0.895694375038147,0.008391186594963074,0.7832403779029846,0.9882234930992126,0.5228112936019897,1.0085725784301758,0.8778790831565857,0.2413516491651535,0.6638796329498291,0.8117190003395081,0.0,1.118536114692688,0.9708707928657532,0.0
1,1.4819083213806152,1.1677082777023315,0.33119314908981323,0.2765199542045593,0.21633251011371613,0.247833713889122,1.2803065776824951,1.2171424627304077,1.2460764646530151,0.9707609415054321,1.1073229312896729,1.31328547000885,1.3479423522949219,1.1838856935501099,0.1512749046087265,0.3688962161540985,0.3807222247123718,0.22837235033512115,1.148077368736267,1.5877010822296143,1.2540345191955566,0.181094229221344,0.3539260923862457,1.1938862800598145,1.3100947141647339,1.2386265993118286,0.27240923047065735,1.0842201709747314,0.21701578795909882,1.3193131685256958,1.174384355545044,1.1294701099395752,1.1811827421188354,0.21679706871509552,0.36177921295166016,0.23153558373451233,1.267265796661377,1.3657176494598389,0.28610819578170776,0.9921466708183289,0.8397607207298279,0.3320848047733307,0.322898268699646,0.18227747082710266,1.1814533472061157,1.2274309396743774,0.24303476512432098,0.24814681708812714,0.42371857166290283,0.20255790650844574,0.2910933196544647,1.0186253786087036,0.09037885814905167,1.2839372158050537,1.1980912685394287,0.27236443758010864,1.4592422246932983,0.3155786395072937,0.29217615723609924,0.626382052898407,0.32860931754112244,0.3617786467075348,1.4119845628738403,0.3516407012939453,0.24698013067245483,0.23238636553287506,1.1384836435317993,0.23749400675296783,0.27335914969444275,1.1665964126586914,0.3514767587184906,1.0987811088562012,0.19481568038463593,0.14968353509902954,0.27503645420074463,0.20117920637130737,1.162682056427002,0.8708346486091614,0.11075126379728317,0.29694730043411255,1.2919954061508179,0.2380559891462326,0.17741987109184265,1.1775622367858887,1.3743155002593994,0.8411497473716736,0.34884345531463623,1.329352617263794,1.1339551210403442,1.2707509994506836,1.2571402788162231,0.38287392258644104,0.24881835281848907,1.2711461782455444,0.1316175013780594,0.24451251327991486,0.2093021273612976,0.7730362415313721,0.18395185470581055,1.1974072456359863,0.21748512983322144,1.2282769680023193,1.3276368379592896,0.357336163520813,1.1243714094161987,1.197360634803772,0.16232645511627197,1.2227760553359985,1.0342483520507812,0.3153202533721924,1.3084906339645386,0.21616563200950623,1.1570073366165161,0.282140851020813,0.10388504713773727,0.3070804178714752,0.19230830669403076,0.20752686262130737,1.1885432004928589,1.2296168804168701,1.3210238218307495,1.1516594886779785,1.1926586627960205,0.21741142868995667,0.9953153729438782,0.23464946448802948,1.2839268445968628,0.31747856736183167,0.34764033555984497,0.29637837409973145,0.3300284147262573,0.3221261203289032,0.2941187024116516,0.1841978132724762,0.25083836913108826,1.319535255432129,0.2481815218925476,1.2670936584472656,1.298293948173523,0.19710569083690643,0.22307288646697998,0.2082957774400711,0.2989391088485718,1.2538249492645264,0.3232732117176056,1.231116771697998,1.309874415397644,1.2385796308517456,0.3015945553779602,0.28699931502342224,0.3048023581504822,1.2968717813491821,0.3207637667655945,0.2147371470928192,1.0023891925811768,0.18645615875720978,0.19381064176559448,0.309533029794693,0.29357898235321045,1.2131329774856567,0.16674838960170746,0.2529789209365845,1.330926537513733,0.3336493670940399,1.2738038301467896,0.3166434168815613,0.23151303827762604,1.26288902759552,1.2357715368270874,0.20192311704158783,0.3770917057991028,0.1911477893590927,1.2690201997756958,1.4289069175720215,1.1359188556671143,1.0726507902145386,1.0699349641799927,0.3480180501937866,0.2253880500793457,0.28120437264442444,0.8890925049781799,0.2006373256444931,1.0371942520141602,1.4189212322235107,0.9789074063301086,1.2722806930541992,1.1138681173324585,0.352742075920105,1.2322685718536377,0.15564589202404022,0.32085201144218445,1.2495453357696533,1.4128814935684204,0.2551640570163727,0.20626159012317657,1.3104074001312256,0.29980137944221497,0.2265220284461975,0.31338560581207275,1.2030125856399536,0.23611094057559967,0.30932003259658813,0.3505401909351349,1.2891089916229248,1.1110777854919434,0.3160710632801056,0.1796838343143463,1.2869422435760498,1.3692681789398193,0.27116209268569946,1.2072619199752808,1.2807300090789795,0.22851648926734924,1.0512487888336182,0.8321086764335632,0.21710044145584106,0.35837024450302124,1.1776984930038452,0.8709180951118469,0.3454257845878601,0.3165592849254608,0.18655109405517578,1.329535722732544,0.2217307984828949,1.3167763948440552,1.1274594068527222,1.0009044408798218,1.125954031944275,0.2850727140903473,0.3303326666355133,0.2701154053211212,1.2061190605163574,0.27789753675460815,1.4306966066360474,0.39428842067718506,0.3695831298828125,0.17568166553974152,0.155493825674057,1.4625259637832642,0.26579055190086365,1.2333344221115112,1.2895947694778442,1.1966123580932617,0.22853954136371613,0.24084368348121643,1.2159860134124756,0.21548080444335938,1.4493041038513184,1.2902721166610718,0.1962043046951294,0.23806312680244446,1.1108880043029785,0.30348098278045654,0.9436178803443909,1.3934695720672607,0.3501216769218445
1,2.060420036315918,0.7832361459732056,0.1632019579410553,0.0,0.005683473777025938,0.0,0.0,0.10015036910772324,0.25663256645202637,0.0,0.6394573450088501,0.0,0.6601671576499939,0.0,1.1346327066421509,1.6108179092407227,0.0,0.063626728951931,0.5959969162940979,0.0,0.36032530665397644,0.2901327908039093,0.0,0.0,0.2946866452693939,0.4155752658843994,0.0,0.9150809049606323,0.040965281426906586,0.0,1.6355479955673218,0.0,0.0,0.0,0.23451142013072968,2.743375539779663,0.9400202035903931,0.01989954151213169,0.0,0.0,2.9164483547210693,0.0,0.0,0.065324567258358,0.0,0.2274591475725174,2.516112804412842,0.0,0.03274693712592125,0.7187610864639282,0.0,1.4662965536117554,0.6449902653694153,0.5202332735061646,0.002195983659476042,0.0,0.0,0.0,0.0,4.396426200866699,0.0,3.181190013885498,3.5806045532226562,0.0,0.0,2.4539787769317627,0.40618714690208435,2.5833756923675537,0.0,0.0,0.0,0.5047882199287415,0.06608054041862488,0.0,0.0,0.0,0.0,1.5352545976638794,0.13876010477542877,0.0,0.1215120404958725,2.7852680683135986,1.1912124156951904,2.2197930812835693,0.2954424023628235,0.0,0.0,0.0,1.6771920919418335,0.01961257867515087,1.1411809921264648,0.0,2.8770012855529785,0.0,0.4084681570529938,3.6699841022491455,0.17756429314613342,1.686884880065918,0.2963109612464905,0.0,0.05472483113408089,1.1402332782745361,0.0,0.0,0.0,0.18237808346748352,0.11059893667697906,0.940192699432373,0.0,0.0,0.5478802919387817,1.6046693325042725,0.0,0.02888183668255806,2.297767400741577,0.0,2.1349897384643555,3.453263521194458,0.9873544573783875,0.2794819474220276,0.12469025701284409,1.6579405069351196,1.3636795282363892,0.0,0.0,3.166558265686035,1.0237935781478882,0.0,0.0,0.0,0.0,0.0,0.0,0.04838560149073601,0.0,0.0,0.04048822820186615,0.13652028143405914,0.8883635401725769,0.5108961462974548,0.0462484247982502,0.5316542983055115,0.0,0.0,0.0,0.004081904422491789,0.022817641496658325,0.0,0.0,0.0,0.0,0.816309928894043,0.0,0.6953742504119873,2.125323534011841,0.0620504729449749,1.324514627456665,0.0,0.0,3.4840168952941895,0.0,2.675753116607666,1.5511038303375244,0.0,0.0,0.0,0.07725051790475845,0.0,1.614816665649414,0.10148791968822479,0.0,0.10895433276891708,1.3911206722259521,1.9658457040786743,0.9713945388793945,1.2114131450653076,0.6219225525856018,0.0,2.5248453617095947,0.0,0.0,0.18846113979816437,0.0,0.0,0.0,0.3601422905921936,1.930492639541626,0.0,0.0,0.3426225781440735,0.0,0.3558547794818878,0.4714965224266052,0.0,0.6292200088500977,0.0,0.0,2.364433765411377,0.0,0.0,3.760929584503174,0.0,0.0,0.0,0.38024410605430603,0.0,2.4830832481384277,1.468355417251587,0.32616251707077026,0.0,0.0,0.21557705104351044,2.141477108001709,0.0,0.38641616702079773,1.383565068244934,0.0,0.4057217240333557,0.0,0.0,0.0,1.0206196308135986,0.6649304628372192,0.05039878934621811,1.0851116180419922,0.0,0.041397884488105774,0.06575838476419449,0.0,0.0,0.0,0.8678245544433594,0.0,0.0,2.558732271194458,3.3350212574005127,0.6164622902870178,0.4352235198020935,0.0,0.0,0.0,0.29387760162353516,0.0,0.0,4.117513656616211,0.809644877910614,2.0922188758850098,0.06445857137441635,0.14296522736549377,0.8887065649032593,3.017211437225342,0.0,0.0,2.766066551208496,0.0,0.0
1,1.8784795999526978,0.7355870604515076,0.17552267014980316,0.0,0.009929586201906204,0.0,0.0,0.09430168569087982,0.24262909591197968,0.0,0.6226785182952881,0.0,0.5930571556091309,0.0,1.1238644123077393,1.5501646995544434,0.0,0.07173033803701401,0.5707971453666687,0.0,0.3446041941642761,0.2984265089035034,0.0,0.0,0.24917638301849365,0.3250799775123596,0.0,0.8455211520195007,0.053572457283735275,0.0,1.5384525060653687,0.0034715235233306885,0.0,0.006015143357217312,0.2895195186138153,2.6299328804016113,0.8592596054077148,0.00837385281920433,0.0,0.0,2.653672456741333,0.0,0.0,0.05975924804806709,0.0,0.20529553294181824,2.3692023754119873,0.0,0.04075123742222786,0.7285497784614563,0.0,1.4223514795303345,0.5062099695205688,0.4415649473667145,0.00685384264215827,0.0,0.0,0.0,0.0,4.122762203216553,0.0,3.005798101425171,3.380126476287842,0.0,0.0,2.372352123260498,0.36721473932266235,2.4975674152374268,1.2241287549841218e-05,0.0,0.0,0.46762531995773315,0.0708155632019043,0.01736961491405964,0.0,0.0,0.0,1.4484657049179077,0.1517530381679535,0.0,0.11468348652124405,2.6835780143737793,1.171898603439331,2.0390429496765137,0.23817257583141327,0.0,0.0,0.0,1.5616315603256226,0.028406327590346336,1.096394658088684,0.0,2.6768851280212402,0.0,0.41474518179893494,3.471712589263916,0.1985374093055725,1.5791314840316772,0.29583269357681274,0.0,0.061512600630521774,1.0503926277160645,0.0,0.0,0.0,0.15119586884975433,0.10044802725315094,0.8927401304244995,0.0,0.0,0.5337406992912292,1.5637398958206177,0.0,0.030881565064191818,2.232215404510498,0.0,2.0659339427948,3.257408618927002,0.9325159788131714,0.2768994867801666,0.13542094826698303,1.5215141773223877,1.2824180126190186,0.0,0.0,2.9710822105407715,0.9658293724060059,0.0,0.0,0.0,0.0,0.0,0.0,0.046840179711580276,0.0,0.0,0.042004432529211044,0.131415456533432,0.8320139646530151,0.4982767701148987,0.046132296323776245,0.5071443319320679,0.0,0.0,0.0,0.0,0.008429249748587608,0.0,0.0,0.0,0.0,0.764918863773346,0.0,0.6799423098564148,1.9530776739120483,0.06473975628614426,1.3061950206756592,0.0,0.0,3.222609043121338,0.0020611330401152372,2.5998167991638184,1.4593427181243896,0.0,0.0,0.0,0.07967296987771988,0.0,1.4958807229995728,0.10745161771774292,0.0,0.10206277668476105,1.2522836923599243,1.8405516147613525,0.9137263298034668,1.1566826105117798,0.6251146197319031,0.0,2.438573122024536,0.0,0.0,0.19692568480968475,0.0,0.0,0.0,0.3426634669303894,1.7909667491912842,0.0,0.0,0.2364003211259842,0.0,0.3207269608974457,0.44961732625961304,0.0,0.566963255405426,0.0,0.0,2.276987314224243,0.0,0.0,3.516197681427002,0.0,0.0,0.0,0.38603559136390686,0.0,2.386887788772583,1.38802969455719,0.2587560713291168,0.0,0.0,0.18914300203323364,2.0576653480529785,0.0,0.3886364996433258,1.3809518814086914,0.0,0.3771093785762787,0.00745598878711462,0.0,0.0,1.0039634704589844,0.6279247403144836,0.04598943144083023,0.9598535299301147,0.0,0.06424371153116226,0.04333233833312988,0.0,0.0,0.0,0.7867289781570435,0.0,0.0,2.4675610065460205,3.15405011177063,0.6192077398300171,0.48681506514549255,0.0,0.0,0.0,0.27733540534973145,0.0,0.0,3.86413311958313,0.7743033170700073,2.0241243839263916,0.061889003962278366,0.11860732734203339,0.8748095631599426,2.8676412105560303,0.0,0.0,2.587130308151245,0.0,0.0
1,1.298518180847168,0.9943938255310059,0.11856243759393692,0.11090126633644104,0.09135889261960983,0.1257011443376541,1.1212316751480103,1.101162075996399,1.0955020189285278,0.8287075161933899,0.9687187075614929,1.1491810083389282,1.1620653867721558,1.0292965173721313,0.19795113801956177,0.42341864109039307,0.33159467577934265,0.1713845580816269,1.003247857093811,1.3542039394378662,1.0511471033096313,0.16018274426460266,0.1585303694009781,1.080593466758728,1.1265863180160522,1.0921012163162231,0.16214385628700256,0.9101301431655884,0.1429993212223053,1.1362608671188354,1.0384701490402222,1.0349037647247314,1.0167120695114136,0.12343032658100128,0.4764185845851898,0.29923510551452637,1.0772550106048584,1.1942405700683594,0.08181075006723404,1.0028712749481201,0.7153604626655579,0.14854542911052704,0.12518903613090515,0.10681162029504776,1.0435609817504883,1.0683605670928955,0.3180742859840393,0.09605444222688675,0.39989376068115234,0.14746472239494324,0.16169185936450958,0.9138932228088379,0.09442322701215744,1.1520073413848877,1.0499587059020996,0.08596987277269363,1.2722762823104858,0.14797572791576385,0.11802290380001068,0.6815512776374817,0.19495388865470886,0.4200972020626068,1.3607505559921265,0.3079906404018402,0.1367693394422531,0.30271363258361816,0.9835006594657898,0.33515188097953796,0.13463354110717773,1.037147045135498,0.17964373528957367,0.9842762351036072,0.15810933709144592,0.22218260169029236,0.11887256801128387,0.28565943241119385,1.0305360555648804,0.8057373762130737,0.184005007147789,0.12232180684804916,1.115465760231018,0.31517526507377625,0.24120323359966278,1.0641456842422485,1.1689661741256714,0.7399116158485413,0.19401893019676208,1.1572463512420654,0.997096598148346,1.1382948160171509,1.1201410293579102,0.2143130749464035,0.3254513740539551,1.0766645669937134,0.21295477449893951,0.3183690905570984,0.18692925572395325,0.7233977913856506,0.1547081619501114,1.0397295951843262,0.10366477072238922,1.0623618364334106,1.1675008535385132,0.21165017783641815,1.0003300905227661,1.0498480796813965,0.12390145659446716,1.0570883750915527,0.9514312744140625,0.16562794148921967,1.1661458015441895,0.301418274641037,0.9663897156715393,0.10566014796495438,0.19257695972919464,0.10925812274217606,0.24763880670070648,0.2687166631221771,1.0191447734832764,1.075494408607483,1.1901350021362305,0.9840866923332214,1.047280192375183,0.10486537963151932,0.9235596060752869,0.30455657839775085,1.1108416318893433,0.21261750161647797,0.16830484569072723,0.09880151599645615,0.17187723517417908,0.18229463696479797,0.10199230164289474,0.09034061431884766,0.16485776007175446,1.143866777420044,0.1460682898759842,1.104130744934082,1.1412066221237183,0.1278504729270935,0.12143483757972717,0.11346668004989624,0.1764373779296875,1.086564064025879,0.1805211305618286,1.0491710901260376,1.159213662147522,1.070235252380371,0.1873759627342224,0.13299493491649628,0.1629147082567215,1.135433554649353,0.17115136981010437,0.19626472890377045,0.883979082107544,0.132973313331604,0.2560691237449646,0.11334943771362305,0.09701987355947495,1.097590446472168,0.1588018387556076,0.3247569799423218,1.1734906435012817,0.2447667121887207,1.1323715448379517,0.13466472923755646,0.1318734735250473,1.123740792274475,1.1045717000961304,0.14446498453617096,0.260267972946167,0.13768820464611053,1.0719385147094727,1.2423713207244873,1.0011177062988281,0.9552487730979919,0.9723047018051147,0.3203538656234741,0.29292353987693787,0.1280709058046341,0.6769444346427917,0.1652337610721588,0.923835039138794,1.235620141029358,0.9058422446250916,1.0925958156585693,0.9933635592460632,0.2171657532453537,1.086418867111206,0.03086063079535961,0.20475289225578308,1.0751053094863892,1.2430616617202759,0.2889418601989746,0.08568881452083588,1.1674470901489258,0.13381721079349518,0.29928749799728394,0.22056742012500763,1.0870890617370605,0.30995455384254456,0.2358783483505249,0.16423238813877106,1.1453025341033936,0.9841871857643127,0.1415744572877884,0.23228171467781067,1.1535948514938354,1.2177114486694336,0.13358430564403534,1.045573115348816,1.130467414855957,0.30619674921035767,0.9619179964065552,0.7684692144393921,0.30692681670188904,0.24317188560962677,1.0322562456130981,0.7831255197525024,0.16511841118335724,0.199790358543396,0.24340538680553436,1.1727725267410278,0.11330565810203552,1.0948410034179688,1.0080437660217285,0.9232915639877319,0.9518691897392273,0.11955174803733826,0.1659541130065918,0.16382798552513123,1.0409421920776367,0.3333888649940491,1.1957842111587524,0.4288799464702606,0.4400848150253296,0.2074424773454666,0.22286562621593475,1.23867928981781,0.12937669456005096,1.0703589916229248,1.0948718786239624,1.0720211267471313,0.11991849541664124,0.31270113587379456,1.0539578199386597,0.29279008507728577,1.2442528009414673,1.086072564125061,0.1767580360174179,0.3103286921977997,0.9899575114250183,0.1869095414876938,0.882788896560669,1.1793053150177002,0.1328255981206894
1,0.370572566986084,0.27259013056755066,0.1328812837600708,0.015128176659345627,0.016360541805624962,0.0,0.29534783959388733,0.43138444423675537,0.27959299087524414,0.2268272191286087,0.3784518241882324,0.21627916395664215,0.2354937642812729,0.41269123554229736,0.451894074678421,0.649368941783905,0.18029868602752686,0.12119070440530777,0.2814731001853943,0.2759839594364166,0.3116569519042969,0.19330357015132904,0.013690703548491001,0.4037369191646576,0.35318195819854736,0.13922373950481415,0.01377785112708807,0.22727423906326294,0.07481455057859421,0.31770434975624084,0.2899378538131714,0.44425198435783386,0.30053630471229553,0.03161805495619774,0.80687016248703,0.5402479767799377,0.25058871507644653,0.2977069914340973,0.0,0.6922008395195007,0.1662326455116272,0.010705001652240753,0.0,0.06620527058839798,0.3725651204586029,0.31111180782318115,0.5591656565666199,0.008026840165257454,0.603740930557251,0.23869240283966064,0.036353591829538345,0.5098065733909607,0.22539709508419037,0.35164669156074524,0.3108133375644684,0.0,0.3897261321544647,0.004021399188786745,0.0,0.7016450762748718,0.031529009342193604,0.5070444941520691,0.9764174818992615,0.154924675822258,0.01329122856259346,0.5927847027778625,0.3474111258983612,0.6839976906776428,0.09984331578016281,0.46284404397010803,0.029051674529910088,0.4112943410873413,0.09712008386850357,0.2692074477672577,0.023738140240311623,0.12393958121538162,0.42855820059776306,0.46498438715934753,0.3724837601184845,0.0115665877237916,0.3459964096546173,0.5855271220207214,0.4809713661670685,0.33279311656951904,0.2256094068288803,0.4299863874912262,0.07603104412555695,0.3484935462474823,0.2729928195476532,0.4554269313812256,0.3701193034648895,0.024158114567399025,0.5620666742324829,0.22941112518310547,0.44952675700187683,0.5657663941383362,0.19563432037830353,0.4881083071231842,0.21588337421417236,0.3424367606639862,0.059134263545274734,0.22423391044139862,0.3482194244861603,0.03965259715914726,0.4179125726222992,0.2924276292324066,0.1074124276638031,0.28759318590164185,0.568209707736969,0.012804370373487473,0.4287130534648895,0.6051739454269409,0.12607626616954803,0.02774619124829769,0.43081292510032654,0.0,0.5025853514671326,0.46616074442863464,0.22744278609752655,0.3331283628940582,0.43845197558403015,0.18354888260364532,0.2937585413455963,0.015446393750607967,0.4445732831954956,0.5399965643882751,0.41347768902778625,0.1246500238776207,0.0218628142029047,0.0,0.014465980231761932,0.02268839441239834,0.014630362391471863,0.04113703966140747,0.026593169197440147,0.3344157934188843,0.05129565671086311,0.3496367931365967,0.28262338042259216,0.14638398587703705,0.03973314166069031,0.06172932684421539,0.05582519993185997,0.412243515253067,0.04948590323328972,0.20356841385364532,0.34446653723716736,0.29970499873161316,0.06810042262077332,0.014291477389633656,0.01401914656162262,0.3679756224155426,0.016659915447235107,0.25226232409477234,0.35980966687202454,0.1284584254026413,0.5074841976165771,0.0015982589684426785,0.0,0.20878596603870392,0.16075007617473602,0.6472082734107971,0.3394254744052887,0.13446848094463348,0.3711596727371216,0.00456727109849453,0.07366008311510086,0.4545457065105438,0.38542893528938293,0.11990473419427872,0.08679255843162537,0.11368482559919357,0.14090488851070404,0.4199042320251465,0.2856992781162262,0.29230859875679016,0.4489701986312866,0.28631213307380676,0.5448194146156311,0.0014663849724456668,0.09164648503065109,0.21041296422481537,0.4856839179992676,0.2707047760486603,0.4789707660675049,0.3338085114955902,0.2798686921596527,0.07692387700080872,0.37464895844459534,0.06196155026555061,0.06257767230272293,0.27296894788742065,0.40007519721984863,0.18054252862930298,0.0310294721275568,0.45386573672294617,0.0,0.5500873327255249,0.09692136198282242,0.46580109000205994,0.5160863399505615,0.18502283096313477,0.003440369153395295,0.43607521057128906,0.34308958053588867,0.0029004772659391165,0.460427850484848,0.32670363783836365,0.4569782018661499,0.024932118132710457,0.31373390555381775,0.3308994472026825,0.5779201984405518,0.5075017213821411,0.46279454231262207,0.6621263027191162,0.10825694352388382,0.3382500112056732,0.4671417474746704,0.03514983505010605,0.010185602121055126,0.48659542202949524,0.34057867527008057,0.03613667190074921,0.1386745125055313,0.4836340844631195,0.5754185914993286,0.240647092461586,0.011051670648157597,0.030060162767767906,0.04793122038245201,0.21955738961696625,0.19444161653518677,0.19909226894378662,0.6655283570289612,0.549497663974762,0.35774871706962585,0.4718751609325409,0.332592636346817,0.03599577024579048,0.32955288887023926,0.2942362129688263,0.4534265995025635,0.02736717276275158,0.5670100450515747,0.3685484230518341,0.5554845929145813,0.3412892520427704,0.2041088491678238,0.25230616331100464,0.6553040146827698,0.375317245721817,0.0,0.457207053899765,0.36217057704925537,0.0035899141803383827
1,1.2546031475067139,0.9216751456260681,0.11724241077899933,0.0,0.009032455272972584,0.0,0.9330867528915405,1.0083765983581543,0.9211632013320923,0.7336914539337158,0.9373287558555603,0.9775481820106506,1.0101139545440674,0.9401954412460327,0.3438066244125366,0.6689434051513672,0.0,0.07414010912179947,0.9212045669555664,1.0191599130630493,0.9634681940078735,0.18069517612457275,0.0,0.9488979578018188,1.0062530040740967,0.8697645664215088,0.0,0.8178470730781555,0.06100279465317726,0.9392824769020081,0.9185094833374023,0.9519093036651611,0.8988977670669556,0.00969548150897026,0.6301071643829346,0.5262172818183899,0.9899880886077881,1.0129504203796387,0.0,0.9327245950698853,0.5568585991859436,0.0,0.0,0.04922518879175186,0.9254106283187866,0.9346714019775391,0.5523517727851868,0.0,0.7133980393409729,0.18255175650119781,0.0,0.964076042175293,0.1604449599981308,1.0392637252807617,0.8906384110450745,0.0,1.0772262811660767,0.0,0.0,0.9897603988647461,0.0,0.6251115202903748,1.7335327863693237,0.021941768005490303,0.0,0.5281507968902588,0.9909284710884094,0.53975909948349,0.0005361809162423015,0.9107055068016052,0.0,0.915988564491272,0.06711501628160477,0.15999756753444672,0.0005334711167961359,0.018147071823477745,0.9282533526420593,0.8474858999252319,0.17213064432144165,0.0,0.9735584855079651,0.5410363674163818,0.4014055132865906,1.0261025428771973,1.0089110136032104,0.7380457520484924,0.0,0.9921252727508545,0.9457900524139404,1.029101848602295,1.0443923473358154,0.0,0.5654962658882141,0.875422477722168,0.264262318611145,0.5557103157043457,0.1574603021144867,0.8743261098861694,0.1641232818365097,0.9311764240264893,0.04621078819036484,0.9465034008026123,0.9922405481338501,0.0,0.9229111075401306,0.901296079158783,0.08246209472417831,0.9374341368675232,0.8668302893638611,0.0,1.0674952268600464,0.484366774559021,0.7440097332000732,0.020542781800031662,0.2361023873090744,0.0,0.43706434965133667,0.47204867005348206,0.9295917749404907,0.9067842364311218,1.0782856941223145,0.8822835683822632,0.9628862738609314,0.0,0.824956476688385,0.5332942605018616,1.0573296546936035,0.0,0.0,0.0,0.0,0.0,0.0,0.02968737483024597,0.0,1.0101937055587769,0.04044807329773903,0.980311930179596,1.0221799612045288,0.12556742131710052,0.04013970494270325,0.06655213981866837,0.0,0.9618078470230103,0.0,0.9055305123329163,1.0088679790496826,0.9491522312164307,0.0,0.0,0.0,1.0580533742904663,0.0,0.20671825110912323,0.9295057654380798,0.08025841414928436,0.44047871232032776,0.0,0.0,0.8945945501327515,0.009786462411284447,0.5674856305122375,1.1004592180252075,0.0,1.0500750541687012,0.0,0.06755108386278152,1.0173968076705933,1.0854761600494385,0.09912752360105515,0.0,0.09384501725435257,0.9293571710586548,1.1677695512771606,0.9292001724243164,0.8743913173675537,0.9190700650215149,0.01672833040356636,0.5122455954551697,0.0,0.3643544018268585,0.15507687628269196,0.8984603881835938,0.9948234558105469,0.7959121465682983,0.9806812405586243,0.9432852268218994,0.0,0.9597234129905701,0.053304728120565414,0.0,0.910033643245697,1.0296071767807007,0.0,0.030751191079616547,1.0241872072219849,0.0,0.514822781085968,0.0,0.9360272884368896,0.536615788936615,0.0,0.0,0.9428979754447937,0.917987585067749,0.0,0.4083724021911621,0.996748685836792,1.128570318222046,0.0,0.9279273748397827,0.991011381149292,0.5193557143211365,0.8462366461753845,0.8023002743721008,0.49341002106666565,0.010471861809492111,0.9136991500854492,0.8057476282119751,0.0,0.0,0.4239797592163086,1.0859135389328003,0.037790488451719284,0.875964343547821,0.8865623474121094,0.981340765953064,0.8527024984359741,0.0,0.0,0.0,0.9360887408256531,0.06583075225353241,1.0048085451126099,0.7017576694488525,0.6650030016899109,0.2978743314743042,0.3533950448036194,1.0949972867965698,0.0,0.951752245426178,0.9701599478721619,0.9418895244598389,0.0,0.5473719835281372,0.98859041929245,0.489729106426239,1.0563173294067383,0.9051367044448853,0.2014627456665039,0.5410525798797607,0.8071327805519104,0.0,1.0110543966293335,1.0066183805465698,0.0
1,1.5378620624542236,1.2126890420913696,0.09794288873672485,0.0916488915681839,0.07547038793563843,0.10384006798267365,1.349307656288147,1.3066972494125366,1.3190802335739136,1.0085927248001099,1.1480237245559692,1.391215205192566,1.4125405550003052,1.2486313581466675,0.15633101761341095,0.3969739079475403,0.2725381553173065,0.14090557396411896,1.1986117362976074,1.6377066373825073,1.279740810394287,0.13232488930225372,0.1309598982334137,1.284765362739563,1.3633190393447876,1.310520052909851,0.13394492864608765,1.1129069328308105,0.11812986433506012,1.385779619216919,1.2430068254470825,1.2161056995391846,1.2324784994125366,0.10196418315172195,0.4641268253326416,0.2449110448360443,1.3165324926376343,1.4447258710861206,0.06758279353380203,1.127252459526062,0.8578716516494751,0.1227114275097847,0.10341703146696091,0.08823569118976593,1.2539751529693604,1.286801815032959,0.2610537111759186,0.0793493315577507,0.41814059019088745,0.12181869894266129,0.1326427012681961,1.0659878253936768,0.07531008869409561,1.3671015501022339,1.2744923830032349,0.07101859152317047,1.5480366945266724,0.1222408264875412,0.09749719500541687,0.6754202842712402,0.1623508632183075,0.39021414518356323,1.5039067268371582,0.2484227418899536,0.11374416202306747,0.24557141959667206,1.1769388914108276,0.2619079053401947,0.10513253509998322,1.2352168560028076,0.147870272397995,1.1682149171829224,0.13029909133911133,0.2154368907213211,0.09844636172056198,0.21862410008907318,1.228346586227417,0.9368030428886414,0.13780489563941956,0.10104844719171524,1.3506942987442017,0.2527107894420624,0.1942712962627411,1.2522926330566406,1.4327255487442017,0.8854811191558838,0.1579519808292389,1.4057846069335938,1.1836298704147339,1.3519877195358276,1.3246744871139526,0.17887887358665466,0.26654738187789917,1.3205205202102661,0.15777425467967987,0.26068761944770813,0.15441980957984924,0.802169144153595,0.12780238687992096,1.2612030506134033,0.08563611656427383,1.2819688320159912,1.4033300876617432,0.17371013760566711,1.198227047920227,1.264485239982605,0.10118544846773148,1.2715190649032593,1.1094512939453125,0.13745664060115814,1.3813649415969849,0.23033073544502258,1.1924970149993896,0.08728448301553726,0.12031663954257965,0.0902567207813263,0.20101797580718994,0.22386308014392853,1.2343814373016357,1.299810767173767,1.4135609865188599,1.198011040687561,1.2499624490737915,0.08662793040275574,1.0827484130859375,0.24903516471385956,1.326472520828247,0.17533163726329803,0.13887587189674377,0.08161865174770355,0.14178767800331116,0.15095531940460205,0.08436734229326248,0.07462921738624573,0.1342555284500122,1.3849605321884155,0.12066511809825897,1.3323553800582886,1.3712280988693237,0.10561560839414597,0.10031572729349136,0.09373334050178528,0.14733390510082245,1.3248182535171509,0.1486799716949463,1.285040259361267,1.3924438953399658,1.3001067638397217,0.15164288878440857,0.10986537486314774,0.13458171486854553,1.3588628768920898,0.14138591289520264,0.15964917838573456,1.0285245180130005,0.1056322529911995,0.20532645285129547,0.09363650530576706,0.08014684915542603,1.2887043952941895,0.12026295810937881,0.2648315727710724,1.3899480104446411,0.1944063901901245,1.3524903059005737,0.11124477535486221,0.10893898457288742,1.3405578136444092,1.2974354028701782,0.11934065073728561,0.22192706167697906,0.11374242603778839,1.31037175655365,1.4377169609069824,1.19634211063385,1.1341668367385864,1.1394317150115967,0.25105294585227966,0.23799562454223633,0.10579771548509598,0.779822826385498,0.13450349867343903,1.1008806228637695,1.4994159936904907,1.0632067918777466,1.3273862600326538,1.1802135705947876,0.17475780844688416,1.3125758171081543,0.025493556633591652,0.16118769347667694,1.2982697486877441,1.5077557563781738,0.22644950449466705,0.07078638672828674,1.3956527709960938,0.11054465919733047,0.242391437292099,0.17860999703407288,1.2997947931289673,0.25545695424079895,0.1843084841966629,0.1356702744960785,1.3795135021209717,1.17490816116333,0.1169528141617775,0.18643242120742798,1.381013035774231,1.447808861732483,0.11030631512403488,1.2646660804748535,1.3607405424118042,0.2481706589460373,1.130660891532898,0.8920415639877319,0.2391519695520401,0.18994982540607452,1.2398996353149414,0.9222613573074341,0.13532009720802307,0.16599571704864502,0.19733615219593048,1.409816861152649,0.0936003178358078,1.3406758308410645,1.2074884176254272,1.0697726011276245,1.1675469875335693,0.09876015037298203,0.13800367712974548,0.13329190015792847,1.2569578886032104,0.30073079466819763,1.4818840026855469,0.4155448079109192,0.4172647297382355,0.1669243425130844,0.16879147291183472,1.4975701570510864,0.10621854662895203,1.2978495359420776,1.345504641532898,1.2780035734176636,0.0983520969748497,0.2567352056503296,1.2646384239196777,0.22812022268772125,1.506399393081665,1.3350790739059448,0.14601750671863556,0.2522405683994293,1.1820528507232666,0.15440353751182556,0.9985472559928894,1.4461297988891602,0.10972549766302109
1,0.9897332787513733,0.7432432174682617,0.1676049381494522,0.26651227474212646,0.1910843849182129,0.28557318449020386,0.8367177248001099,0.8556960821151733,0.8148032426834106,0.6423829793930054,0.7233850955963135,0.8684192895889282,0.8779394030570984,0.801891028881073,0.13744644820690155,0.36340755224227905,0.5655738115310669,0.33063459396362305,0.7455012202262878,1.0092508792877197,0.8102383613586426,0.20643286406993866,0.36581358313560486,0.8138939738273621,0.8900155425071716,0.7662774324417114,0.38115954399108887,0.6978098750114441,0.2795478403568268,0.8616686463356018,0.767353355884552,0.7914910316467285,0.7838574647903442,0.2735136151313782,0.4672660231590271,0.22233958542346954,0.8157224059104919,0.9038977026939392,0.1674470454454422,0.8238826990127563,0.39120709896087646,0.34336888790130615,0.2826652526855469,0.1970268189907074,0.8124053478240967,0.8071891069412231,0.2484634518623352,0.22209474444389343,0.4330834448337555,0.17150218784809113,0.36561721563339233,0.7035332322120667,0.07372656464576721,0.8815492987632751,0.7988499402999878,0.1790325790643692,0.975658118724823,0.3349189758300781,0.25873929262161255,0.5442745685577393,0.444537490606308,0.30727359652519226,1.1112250089645386,0.5385771989822388,0.3072599768638611,0.22273944318294525,0.7407790422439575,0.22860734164714813,0.28833889961242676,0.7893829345703125,0.3883492946624756,0.7673794627189636,0.3027110695838928,0.15745070576667786,0.27735716104507446,0.5079058408737183,0.7814282774925232,0.6222125291824341,0.19614049792289734,0.2710571885108948,0.8393961787223816,0.23495075106620789,0.19309623539447784,0.8325417637825012,0.891983687877655,0.5711004137992859,0.39521312713623047,0.8731244206428528,0.7395868897438049,0.8651213645935059,0.8398095369338989,0.4662892520427704,0.26395028829574585,0.776390790939331,0.18019752204418182,0.24082070589065552,0.30234333872795105,0.5553571581840515,0.21150757372379303,0.8043400645256042,0.18366901576519012,0.7833300232887268,0.8920456171035767,0.44011956453323364,0.7739148139953613,0.7972825169563293,0.2042027711868286,0.7718903422355652,0.8029515147209167,0.3317738175392151,0.8720446228981018,0.1956080049276352,0.6756111979484558,0.20279057323932648,0.09315913915634155,0.23672530055046082,0.1839209794998169,0.21656586229801178,0.7520431280136108,0.822081983089447,0.9033239483833313,0.7352771759033203,0.7650295495986938,0.23473778367042542,0.7283709049224854,0.23325534164905548,0.8577746152877808,0.3503180742263794,0.3960973620414734,0.20255935192108154,0.38035324215888977,0.377329558134079,0.2370174527168274,0.1717592030763626,0.3652121126651764,0.8969119787216187,0.28981080651283264,0.84221351146698,0.8593394160270691,0.17913514375686646,0.22999277710914612,0.18419696390628815,0.36863458156585693,0.841580867767334,0.37840330600738525,0.8021724224090576,0.8677358031272888,0.8122947216033936,0.38448280096054077,0.298103928565979,0.3856849670410156,0.8431869745254517,0.3821928799152374,0.25808581709861755,0.7048019766807556,0.22236397862434387,0.1929297149181366,0.25149986147880554,0.20720602571964264,0.7067688703536987,0.28151166439056396,0.24211806058883667,0.8713942766189575,0.43902334570884705,0.8676319122314453,0.30367717146873474,0.23296035826206207,0.8604871034622192,0.8414998054504395,0.22880329191684723,0.4241195023059845,0.23340237140655518,0.7982597351074219,0.8966173529624939,0.7677348852157593,0.7198055386543274,0.7456861734390259,0.5324326753616333,0.21497681736946106,0.28102347254753113,0.5841624736785889,0.24088741838932037,0.7497740983963013,0.9212067127227783,0.7089980244636536,0.8355805277824402,0.7489827871322632,0.4451588988304138,0.8460288047790527,0.023362359032034874,0.4446985125541687,0.7895849347114563,0.9905450940132141,0.48386332392692566,0.1647271066904068,0.9094723463058472,0.3086296021938324,0.22688882052898407,0.4427911341190338,0.8444085717201233,0.2542687952518463,0.4122357666492462,0.3764989376068115,0.882448673248291,0.7529069185256958,0.31049028038978577,0.1727789342403412,0.879961371421814,0.9361183643341064,0.29992175102233887,0.7977545857429504,0.8609886169433594,0.23325274884700775,0.7872121930122375,0.5968003273010254,0.20207999646663666,0.4374009072780609,0.776395320892334,0.6123783588409424,0.3727878928184509,0.3970262408256531,0.19070318341255188,0.8855497241020203,0.2120160609483719,0.7714834809303284,0.7843024134635925,0.7463589310646057,0.7254329919815063,0.274770587682724,0.37483543157577515,0.3625311851501465,0.7617002129554749,0.5565161108970642,0.8926934003829956,0.36209017038345337,0.3109343945980072,0.2120232880115509,0.15133698284626007,0.969224750995636,0.289873331785202,0.8252541422843933,0.8287395238876343,0.8415745496749878,0.2724788784980774,0.25491032004356384,0.794413149356842,0.19334307312965393,0.9520700573921204,0.8160569071769714,0.24341583251953125,0.2264467030763626,0.7772404551506042,0.40852442383766174,0.690720796585083,0.9158871173858643,0.28797468543052673
0,0.10230860114097595,0.06807476282119751,0.6405139565467834,0.704033374786377,0.5629124045372009,0.6736758947372437,0.08347073942422867,0.1323348730802536,0.07451421767473221,0.05445844680070877,0.15674619376659393,0.038762904703617096,0.043425049632787704,0.12071232497692108,0.41316404938697815,0.43583133816719055,0.8857146501541138,0.5462972521781921,0.08944743871688843,0.10247091948986053,0.08375130593776703,0.4314649701118469,0.8894085884094238,0.12050133943557739,0.08810664713382721,0.029841748997569084,0.7728487253189087,0.05343347787857056,0.43555784225463867,0.0881127119064331,0.07897059619426727,0.14928796887397766,0.08457022905349731,0.576593816280365,0.37179288268089294,0.45525527000427246,0.05103885382413864,0.07617492973804474,0.6578899621963501,0.24551871418952942,0.15111909806728363,0.8131473660469055,0.7642813324928284,0.44527116417884827,0.10458061844110489,0.07723062485456467,0.45867156982421875,0.5735549926757812,0.27807801961898804,0.32038256525993347,0.7117215394973755,0.18295875191688538,0.22244086861610413,0.09940892457962036,0.08687931299209595,0.6391828060150146,0.10145313292741776,0.7681838274002075,0.725492537021637,0.48013928532600403,0.8853636384010315,0.39733946323394775,0.6127251982688904,0.8819059729576111,0.6446813941001892,0.5020714402198792,0.14434516429901123,0.5232516527175903,0.593034029006958,0.1640661358833313,0.8341754078865051,0.13107220828533173,0.5495548844337463,0.12059332430362701,0.616129457950592,0.6236439943313599,0.137935608625412,0.15959574282169342,0.32176780700683594,0.7315943241119385,0.09882578253746033,0.4934827983379364,0.41498199105262756,0.08088261634111404,0.039513878524303436,0.1651848405599594,0.7606775760650635,0.09632812440395355,0.07659245282411575,0.14888672530651093,0.12110425531864166,0.9825893640518188,0.4640634059906006,0.05356926470994949,0.36033058166503906,0.4753011167049408,0.5808923244476318,0.31632089614868164,0.4292755722999573,0.0995149314403534,0.5368061065673828,0.05002422630786896,0.09466589987277985,0.8225138187408447,0.12536291778087616,0.07787450402975082,0.3894144296646118,0.08031535893678665,0.19647082686424255,0.6686251759529114,0.14716839790344238,0.45892226696014404,0.05912531912326813,0.6825579404830933,0.27810007333755493,0.8041920065879822,0.42982783913612366,0.3989080488681793,0.051194772124290466,0.09160616993904114,0.13951167464256287,0.043888986110687256,0.06904742866754532,0.5527118444442749,0.1532631367444992,0.45253291726112366,0.13572952151298523,0.6983113288879395,0.8624509572982788,0.6951459050178528,0.8531497716903687,0.8077747821807861,0.6631953120231628,0.5223925709724426,0.6729296445846558,0.08935093879699707,0.6097514033317566,0.0962032899260521,0.06175503507256508,0.44932234287261963,0.5308675765991211,0.45555925369262695,0.648021936416626,0.11797363311052322,0.7567394971847534,0.03628413751721382,0.08981457352638245,0.08967459946870804,0.7284732460975647,0.6863276958465576,0.8479787707328796,0.10467657446861267,0.771992564201355,0.577454686164856,0.18521112203598022,0.4104888141155243,0.42363035678863525,0.7448365688323975,0.6616573929786682,0.16721075773239136,0.42600950598716736,0.5440343618392944,0.11520945280790329,0.7766736149787903,0.10869792848825455,0.7673757076263428,0.4532288610935211,0.14536798000335693,0.14200399816036224,0.48949694633483887,0.6847788095474243,0.47335708141326904,0.026103220880031586,0.28273114562034607,0.0674760714173317,0.07301858812570572,0.16199827194213867,0.88735032081604,0.4744110703468323,0.5896266102790833,0.6017180681228638,0.5338736772537231,0.15869097411632538,0.06538968533277512,0.1562003493309021,0.09011273086071014,0.080159492790699,0.8838533163070679,0.10694093257188797,0.3777877986431122,0.7836441397666931,0.07508028298616409,0.09092779457569122,0.6624735593795776,0.5165851712226868,0.13252197206020355,0.7142836451530457,0.46366629004478455,0.7958199977874756,0.13635556399822235,0.4314926266670227,0.7789260745048523,0.8596184253692627,0.12227167189121246,0.10820772498846054,0.743009626865387,0.41032400727272034,0.08608110249042511,0.15479448437690735,0.6097252368927002,0.09385263919830322,0.08517907559871674,0.47591283917427063,0.16041652858257294,0.16689437627792358,0.5161163210868835,0.8609967231750488,0.09223178029060364,0.17728960514068604,0.8676876425743103,0.7505043745040894,0.4167380928993225,0.08239936828613281,0.5401177406311035,0.027353402227163315,0.1451219618320465,0.2207683026790619,0.060394369065761566,0.6697301864624023,0.839363694190979,0.7237776517868042,0.05773674696683884,0.7448909282684326,0.03478254750370979,0.47162333130836487,0.4425421357154846,0.3925161063671112,0.38376349210739136,0.08370649814605713,0.5884897708892822,0.09006370604038239,0.0775376483798027,0.14516381919384003,0.6077207326889038,0.4956877827644348,0.14059194922447205,0.4528510272502899,0.09156008064746857,0.04255746677517891,0.5113720893859863,0.5366591811180115,0.12390623986721039,0.7616148591041565,0.26958826184272766,0.10297003388404846,0.8209752440452576
0,0.02315312996506691,0.0,0.4756639897823334,0.624665379524231,0.46029528975486755,0.6242475509643555,0.0015790242468938231,0.024927720427513123,0.0,0.019503744319081306,0.06780187785625458,0.0,0.0,0.022006893530488014,0.38090550899505615,0.3548961877822876,1.1223688125610352,0.6145590543746948,0.016110291704535484,0.0052829948253929615,0.0028018332086503506,0.40163859724998474,0.8076995015144348,0.03303283452987671,0.0025066586676985025,0.0002812761231325567,0.7009100317955017,0.0,0.45128270983695984,0.0029486585408449173,0.021383024752140045,0.05154719948768616,0.006833276245743036,0.6052108407020569,0.4066384434700012,0.3991641402244568,0.0003504548512864858,0.003711482509970665,0.45066291093826294,0.2762989401817322,0.12741804122924805,0.7315467596054077,0.6775858402252197,0.4560290277004242,0.029136836528778076,0.006399137433618307,0.3866211175918579,0.5073595643043518,0.18284064531326294,0.3442496955394745,0.7630839347839355,0.09058883041143417,0.17341306805610657,0.018401123583316803,3.1704332741355756e-06,0.48497918248176575,0.017605844885110855,0.705879271030426,0.5955002903938293,0.35438698530197144,0.887092113494873,0.3198123872280121,0.4273027181625366,1.0684823989868164,0.6315247416496277,0.452602744102478,0.056675929576158524,0.4733751714229584,0.6922734975814819,0.06043286249041557,0.8242861032485962,0.0322759635746479,0.6203058362007141,0.14832119643688202,0.6173275113105774,0.8265612721443176,0.042056165635585785,0.10359068959951401,0.4658086597919464,0.6593398451805115,0.012794656679034233,0.44596174359321594,0.4213527739048004,0.013228054158389568,0.0,0.08256630599498749,0.8125025033950806,0.0017898045480251312,0.02719300054013729,0.052022531628608704,0.029429912567138672,0.9495649933815002,0.39608991146087646,0.0,0.45094847679138184,0.4008072018623352,0.5677273869514465,0.2233865112066269,0.45916903018951416,0.005082102958112955,0.4384433329105377,0.010759099386632442,0.008005001582205296,0.8579513430595398,0.055019646883010864,0.0,0.45367497205734253,0.002667974913492799,0.16885116696357727,0.5982383489608765,0.038213200867176056,0.42473992705345154,0.00433757621794939,0.5334752202033997,0.35602453351020813,0.6045582890510559,0.41292935609817505,0.33870214223861694,0.0012961406027898192,0.0021739834919571877,0.03853846713900566,0.022621847689151764,8.016098581720144e-05,0.542057454586029,0.11670918017625809,0.38143715262413025,0.035366956144571304,0.745763897895813,0.834018349647522,0.5511552691459656,0.7858253717422485,0.7637912034988403,0.564296543598175,0.42112693190574646,0.7020730972290039,0.0,0.59572833776474,0.00993070937693119,0.0018181588966399431,0.3900099992752075,0.5188219547271729,0.4245593845844269,0.7213273644447327,0.013712029904127121,0.8332950472831726,0.0,0.005951597820967436,0.00046246135025285184,0.7649229168891907,0.6591203808784485,0.7997487783432007,0.004552668891847134,0.7746536135673523,0.5858705043792725,0.15362878143787384,0.532331645488739,0.37744131684303284,0.6330233812332153,0.5507777333259583,0.1409217119216919,0.6185358762741089,0.47951310873031616,0.03666700795292854,0.8855379819869995,0.011507588438689709,0.6867721676826477,0.4801063537597656,0.043023232370615005,0.05397484079003334,0.49070388078689575,0.7465046048164368,0.5017241835594177,0.005810914561152458,0.23287060856819153,0.0,0.0010786009952425957,0.06525694578886032,1.0903503894805908,0.41404658555984497,0.57611483335495,0.4719923436641693,0.5661516189575195,0.0766182392835617,0.0,0.12483920902013779,0.0,0.019409721717238426,0.8951951861381531,0.012763396836817265,0.22368577122688293,0.9063478708267212,0.004274305421859026,0.004518202971667051,0.8523710370063782,0.4011557400226593,0.03273224085569382,0.6649355888366699,0.39624395966529846,0.9081109762191772,0.06514932215213776,0.36131682991981506,0.8981973528862,0.8008683919906616,0.07820846885442734,0.019160913303494453,0.6832700967788696,0.3657018542289734,0.0,0.04828723147511482,0.6320570111274719,0.003173499135300517,0.0,0.44644802808761597,0.10793168842792511,0.06551722437143326,0.4643900394439697,0.9004642963409424,0.007056334987282753,0.08829842507839203,0.8467207551002502,0.7386584281921387,0.364951491355896,0.0,0.5117342472076416,0.010047437623143196,0.11090671271085739,0.136631578207016,0.0,0.6091418266296387,0.7876060605049133,0.757473886013031,0.020945874974131584,0.8752541542053223,0.0,0.3484347462654114,0.3710974156856537,0.4084404408931732,0.34701815247535706,0.0017228903016075492,0.6259598135948181,0.002348151057958603,0.0,0.05012143775820732,0.6415486335754395,0.4196788966655731,0.04651796817779541,0.38915979862213135,0.01918037235736847,0.002688984852284193,0.5622889399528503,0.49609413743019104,0.06547830253839493,0.7291949987411499,0.18813900649547577,0.005243513733148575,0.732665479183197
0,0.0029976184014230967,0.0,0.9142727851867676,0.7929741740226746,0.730174720287323,0.8619372248649597,0.0,0.0,0.0,0.0,0.010159818455576897,0.0,0.0,0.0,0.4070374667644501,0.31023165583610535,1.001624584197998,0.7654543519020081,0.0013622300466522574,0.06079207360744476,0.0,0.6769063472747803,0.971965491771698,0.0,0.0,0.0,0.860051691532135,0.0,0.6693570017814636,0.0,0.007469219621270895,0.0,0.0,0.7600387930870056,0.0757145956158638,0.4637805223464966,0.0,0.0,0.8088498115539551,0.0,0.13911424577236176,0.9310905337333679,0.8756721615791321,0.6858759522438049,0.0,0.0,0.5002284049987793,0.6694427132606506,0.04983536899089813,0.4889102876186371,0.9351670742034912,0.0,0.29096511006355286,0.008908487856388092,0.0,0.749451220035553,0.0,0.8546543717384338,0.8875132203102112,0.3358367681503296,0.9957594275474548,0.3476076126098633,0.42920932173728943,0.9138488173484802,0.7933318614959717,0.4980417788028717,0.024740388616919518,0.41488251090049744,0.7813157439231873,0.0,0.9936995506286621,0.0,0.7983803153038025,0.040984805673360825,0.8173249363899231,0.6676605343818665,0.0,0.0,0.37152016162872314,0.8894650340080261,0.0,0.49095579981803894,0.5173891186714172,0.004775559064000845,0.0,0.0,0.8848319053649902,0.0,0.0,0.0,0.0016089417040348053,1.1111794710159302,0.5676479339599609,0.0,0.4518359899520874,0.530381977558136,0.7367594838142395,0.20454813539981842,0.6432765126228333,0.0,0.7383496761322021,0.0027156537398695946,0.0,0.9279363751411438,0.0,0.0,0.6109113693237305,0.0,0.0,0.7474748492240906,0.0,0.4497222602367401,0.03600981459021568,0.8347669243812561,0.16060371696949005,0.8445132374763489,0.4464518129825592,0.5101098418235779,0.0,0.0,0.0,0.010731804184615612,0.0,0.7299158573150635,0.0,0.49433454871177673,0.0,0.6769342422485352,1.0048441886901855,0.8143329620361328,0.948354184627533,0.8752153515815735,0.768833339214325,0.7610345482826233,0.830524742603302,0.0,0.7973474860191345,0.0,0.0,0.705615222454071,0.7552327513694763,0.6205371022224426,0.8157930970191956,0.0,0.9007735848426819,0.0,0.0,0.0,0.8640622496604919,0.839012622833252,0.9329420924186707,0.0,0.8622019290924072,0.7476779818534851,0.20254075527191162,0.6221215128898621,0.43451258540153503,0.9148562550544739,0.8127515316009521,0.15501926839351654,0.5868551135063171,0.6371421813964844,0.0,0.8411118388175964,0.0,0.8667359948158264,0.6903517246246338,0.0,0.028547875583171844,0.6560348868370056,0.7252500653266907,0.7400646805763245,0.0,0.28885388374328613,0.0,0.0,0.0,0.9180459380149841,0.48775815963745117,0.7229769229888916,0.6171545386314392,0.7241647243499756,0.0,0.0,0.0,0.0,0.0,1.0008574724197388,0.0,0.4278375208377838,0.9612343907356262,0.0,0.0,0.7357763648033142,0.6988396048545837,0.0,0.8570279479026794,0.45502540469169617,0.884330689907074,0.0,0.4882141053676605,0.8748406767845154,0.9609098434448242,0.0,0.0,0.8859180808067322,0.44094863533973694,0.0,0.0,0.7843260169029236,0.0,0.0,0.503811776638031,0.0,0.0,0.4320601522922516,0.9805397391319275,0.0,0.00216125650331378,0.9926803708076477,0.834388017654419,0.46326422691345215,0.0,0.7228338122367859,0.007367436308413744,0.0,0.0,0.0,0.830634355545044,0.9322294592857361,0.8622357845306396,0.01096182782202959,0.8753754496574402,0.0,0.30645203590393066,0.4199680984020233,0.5833156704902649,0.30707600712776184,0.0,0.7428633570671082,0.0,0.0,0.0,0.7872956395149231,0.5320916771888733,0.004019155632704496,0.36663687229156494,0.0,0.0,0.7465100288391113,0.4989156723022461,0.0,0.9765966534614563,0.1679585576057434,0.0,0.9001007080078125
1,0.7751213908195496,0.5987706184387207,0.35752028226852417,0.34036993980407715,0.2687455713748932,0.30516916513442993,0.6827386021614075,0.6847225427627563,0.6555991172790527,0.5205737948417664,0.6133322715759277,0.6869156956672668,0.6871628165245056,0.6533178687095642,0.26430296897888184,0.44776058197021484,0.41860127449035645,0.3215348422527313,0.6139932870864868,0.8779382705688477,0.6805415153503418,0.2587498724460602,0.399240642786026,0.6657217144966125,0.7134280204772949,0.6091122031211853,0.36858633160591125,0.5614956021308899,0.256274551153183,0.714753270149231,0.6202796697616577,0.6468864679336548,0.6399476528167725,0.24747130274772644,0.4076075255870819,0.35679253935813904,0.6560920476913452,0.7302188873291016,0.35995906591415405,0.6282814145088196,0.42560988664627075,0.3936809003353119,0.37136855721473694,0.2361522912979126,0.6567702293395996,0.6707772612571716,0.37789082527160645,0.30238765478134155,0.43125176429748535,0.2927466630935669,0.32934898138046265,0.5960965156555176,0.17341390252113342,0.7119978070259094,0.6392493844032288,0.3128841519355774,0.7851376533508301,0.35781386494636536,0.3253787159919739,0.5609741806983948,0.37749725580215454,0.38669630885124207,1.0509051084518433,0.37908831238746643,0.2940855324268341,0.36727964878082275,0.6198608875274658,0.38157182931900024,0.3207792341709137,0.6694842576980591,0.396133691072464,0.6253998279571533,0.25893887877464294,0.12790369987487793,0.3499988317489624,0.23831821978092194,0.660963773727417,0.5051102042198181,0.18518148362636566,0.3540918827056885,0.6853542923927307,0.3763371706008911,0.2990909516811371,0.6368803977966309,0.7008359432220459,0.49858736991882324,0.41944393515586853,0.7248748540878296,0.6048746705055237,0.7157840132713318,0.6937422156333923,0.43257737159729004,0.3838430643081665,0.6594005823135376,0.20920027792453766,0.3811705410480499,0.30492091178894043,0.5515999794006348,0.280059278011322,0.6461687684059143,0.2773759365081787,0.6230378150939941,0.7264736294746399,0.40153437852859497,0.6273584961891174,0.6352357864379883,0.23018696904182434,0.6342602968215942,0.6701672673225403,0.400111585855484,0.7242733240127563,0.3308793604373932,0.5801129341125488,0.33042392134666443,0.12604346871376038,0.340344101190567,0.3016534447669983,0.32521116733551025,0.5939429998397827,0.6618462800979614,0.7283678650856018,0.5817399024963379,0.611579418182373,0.2590130567550659,0.5866335034370422,0.35782289505004883,0.718572199344635,0.3377447724342346,0.3925107717514038,0.3168790638446808,0.39021411538124084,0.3773498237133026,0.35799211263656616,0.2512831389904022,0.3051387667655945,0.7186079621315002,0.32266321778297424,0.686412513256073,0.6776722073554993,0.27719417214393616,0.2476014494895935,0.2710925340652466,0.3790695071220398,0.6839016079902649,0.337446928024292,0.6278773546218872,0.7068037986755371,0.6611264944076538,0.3683101534843445,0.3810872435569763,0.36237889528274536,0.7038245797157288,0.38296371698379517,0.3248162269592285,0.6043301820755005,0.2350989729166031,0.31761810183525085,0.3684588074684143,0.3285200595855713,0.5851065516471863,0.23297131061553955,0.43182969093322754,0.7203947305679321,0.3481557369232178,0.7002364993095398,0.3476860821247101,0.3272841274738312,0.706400990486145,0.6941160559654236,0.26212209463119507,0.43885889649391174,0.27617165446281433,0.5967787504196167,0.8485054969787598,0.5932081341743469,0.5777522325515747,0.6175024509429932,0.4061107635498047,0.35186395049095154,0.3428058624267578,0.5763764381408691,0.2748417556285858,0.6094178557395935,0.7414042353630066,0.6173396110534668,0.6661808490753174,0.6013081669807434,0.4276811182498932,0.6793493032455444,0.18211685121059418,0.3452901244163513,0.670798122882843,0.8101838231086731,0.34904563426971436,0.2503960132598877,0.7480961084365845,0.3487622141838074,0.3658080995082855,0.4024311900138855,0.6703251004219055,0.3604985177516937,0.3756091594696045,0.3766152858734131,0.7283454537391663,0.6186643838882446,0.3686443865299225,0.30486559867858887,0.6970555782318115,0.7750802040100098,0.3349476456642151,0.644263505935669,0.6903085112571716,0.37373805046081543,0.6548885107040405,0.49917086958885193,0.3675078749656677,0.42848896980285645,0.6338468194007874,0.5232241153717041,0.41657811403274536,0.3596046566963196,0.3234521746635437,0.6940733790397644,0.23412321507930756,0.6433247923851013,0.6361396312713623,0.6301771402359009,0.5810789465904236,0.33795085549354553,0.4008003771305084,0.33637845516204834,0.5995827913284302,0.4257068336009979,0.7257393598556519,0.4531957805156708,0.40647950768470764,0.2843242585659027,0.2593334913253784,0.8452388644218445,0.3342088460922241,0.669437050819397,0.6656476855278015,0.6970961093902588,0.29554009437561035,0.3903953433036804,0.6833209991455078,0.3272203207015991,0.7831529974937439,0.6578793525695801,0.2940855622291565,0.391415536403656,0.6379694938659668,0.38625672459602356,0.616826593875885,0.7729926109313965,0.3660411238670349
1,1.4571647644042969,1.1439613103866577,0.10140295326709747,0.11887068301439285,0.08192642778158188,0.12303885072469711,1.2757956981658936,1.2574982643127441,1.2473257780075073,0.9679665565490723,1.09406578540802,1.3189122676849365,1.3419229984283447,1.2070690393447876,0.133207306265831,0.3902253210544586,0.3176901936531067,0.17337048053741455,1.1270897388458252,1.5410536527633667,1.2239751815795898,0.13254471123218536,0.16094528138637543,1.221707820892334,1.3203574419021606,1.2129813432693481,0.16574393212795258,1.061496615409851,0.13571032881736755,1.3138238191604614,1.1643403768539429,1.1673388481140137,1.1802022457122803,0.12316533923149109,0.4737144410610199,0.19809676706790924,1.2517592906951904,1.3755148649215698,0.07630117237567902,1.1152034997940063,0.7461541891098022,0.15036939084529877,0.12476950138807297,0.09677892178297043,1.2068301439285278,1.2234305143356323,0.22517548501491547,0.09822101891040802,0.48906081914901733,0.12406614422798157,0.166209414601326,1.0319262742996216,0.06700623780488968,1.2986146211624146,1.21284019947052,0.07919349521398544,1.4767240285873413,0.14775918424129486,0.11168291419744492,0.6246577501296997,0.19790326058864594,0.34679538011550903,1.4420279264450073,0.30236390233039856,0.1368611752986908,0.20094287395477295,1.1196277141571045,0.2293499857187271,0.14580564200878143,1.1737241744995117,0.17839814722537994,1.1213500499725342,0.15243297815322876,0.19911958277225494,0.12624427676200867,0.2675638496875763,1.1719324588775635,0.9007119536399841,0.15848317742347717,0.11974693089723587,1.2830945253372192,0.2173427939414978,0.1596454530954361,1.2017526626586914,1.369207501411438,0.848137378692627,0.19475708901882172,1.3345270156860352,1.1159608364105225,1.2902721166610718,1.2490142583847046,0.20998753607273102,0.2384069412946701,1.225968360900879,0.1569337397813797,0.2160423994064331,0.16513592004776,0.7538066506385803,0.12838467955589294,1.2125673294067383,0.08990394324064255,1.2022600173950195,1.3369858264923096,0.2057390809059143,1.1494951248168945,1.2020131349563599,0.11172167956829071,1.190209984779358,1.1106406450271606,0.15069839358329773,1.3100955486297607,0.1991613656282425,1.0967841148376465,0.0923016369342804,0.12018302083015442,0.10781370848417282,0.1630353033542633,0.19539831578731537,1.1609220504760742,1.2387397289276123,1.343673586845398,1.1387853622436523,1.1729928255081177,0.10404374450445175,1.0401536226272583,0.20779486000537872,1.2661571502685547,0.2030477076768875,0.1760116070508957,0.0902336984872818,0.17066842317581177,0.17482265830039978,0.10727619379758835,0.083018958568573,0.1667168140411377,1.3392106294631958,0.13999219238758087,1.2710779905319214,1.2969961166381836,0.10818219929933548,0.10828319936990738,0.09564057737588882,0.17532958090305328,1.2753218412399292,0.18027257919311523,1.2296514511108398,1.3140826225280762,1.2362140417099,0.18696148693561554,0.13515174388885498,0.16835790872573853,1.2815097570419312,0.1718231588602066,0.14991754293441772,1.0004609823226929,0.12453153729438782,0.17527441680431366,0.11033196747303009,0.08983640372753143,1.1783016920089722,0.15875665843486786,0.21682719886302948,1.3054054975509644,0.2375849485397339,1.295416235923767,0.1325153112411499,0.11875298619270325,1.2853690385818481,1.2352856397628784,0.12239784002304077,0.22948120534420013,0.1192210242152214,1.2526131868362427,1.3583778142929077,1.1465378999710083,1.069675326347351,1.0997076034545898,0.32008126378059387,0.1902952641248703,0.12227965146303177,0.7248291969299316,0.14490044116973877,1.084477424621582,1.4180331230163574,1.037332534790039,1.2713099718093872,1.1127663850784302,0.21662726998329163,1.2626464366912842,0.02073787711560726,0.21109923720359802,1.2110307216644287,1.4603790044784546,0.27916252613067627,0.07747342437505722,1.34447181224823,0.13272233307361603,0.2030562460422516,0.22083032131195068,1.2526615858078003,0.22949939966201782,0.23663368821144104,0.1649627834558487,1.3289709091186523,1.1155805587768555,0.13621464371681213,0.15230494737625122,1.3104922771453857,1.3908512592315674,0.13646674156188965,1.208430528640747,1.2951666116714478,0.2183828353881836,1.1194785833358765,0.8592684268951416,0.2039090245962143,0.2374197542667389,1.173364281654358,0.9008007645606995,0.1700890213251114,0.1825394481420517,0.16803275048732758,1.3420591354370117,0.10093867033720016,1.2511552572250366,1.177810549736023,1.0514402389526367,1.1149685382843018,0.12086855620145798,0.17112502455711365,0.17049753665924072,1.1867998838424683,0.334221214056015,1.4079961776733398,0.38588765263557434,0.3583686649799347,0.15872561931610107,0.15025004744529724,1.4325153827667236,0.1337449997663498,1.2376203536987305,1.2761374711990356,1.2388838529586792,0.12514780461788177,0.22820058465003967,1.1911488771438599,0.18458251655101776,1.4324952363967896,1.264014482498169,0.1522819846868515,0.20872265100479126,1.1345824003219604,0.1776832640171051,0.9622348546981812,1.384859561920166,0.1288769394159317
1,0.9859753847122192,0.753166139125824,0.08597776293754578,0.009185358881950378,0.006623794324696064,0.0,0.7961410880088806,0.9033409357070923,0.783074140548706,0.5871081948280334,0.779500424861908,0.7850335836410522,0.8139201998710632,0.859019935131073,0.26444169878959656,0.587164044380188,0.11808376759290695,0.07506739348173141,0.7372825145721436,0.8854547142982483,0.8034159541130066,0.13250978291034698,0.005178414285182953,0.8521388173103333,0.8702321648597717,0.6574313044548035,0.007378876209259033,0.6837840676307678,0.05133865028619766,0.8189882636070251,0.748213529586792,0.8677510023117065,0.7671056985855103,0.013736682943999767,0.7410643696784973,0.38717401027679443,0.7911333441734314,0.8536140322685242,0.0,0.955224871635437,0.3465389013290405,0.0034463522024452686,0.0,0.0394788421690464,0.8223927617073059,0.7836792469024658,0.4054555594921112,0.0020094464998692274,0.7097195386886597,0.139970064163208,0.01645611971616745,0.862230658531189,0.12007657438516617,0.8808599710464478,0.7794504165649414,0.0,0.9458581209182739,0.0,0.0,0.7349355220794678,0.014551414176821709,0.4391418397426605,1.3350623846054077,0.10473553091287613,0.00800374336540699,0.39510783553123474,0.7801443338394165,0.43820062279701233,0.029016543179750443,0.8612038493156433,0.01638941653072834,0.836891770362854,0.05877384915947914,0.23884858191013336,0.012077074497938156,0.07792609184980392,0.8562206625938416,0.7508203983306885,0.176635280251503,0.0007228056201711297,0.8489121794700623,0.40431270003318787,0.3019236624240875,0.8388236165046692,0.8160188794136047,0.6930384039878845,0.04093145951628685,0.8733489513397217,0.7254621386528015,0.9203962087631226,0.8444939255714417,0.012534568086266518,0.41573646664619446,0.7167376279830933,0.23043964803218842,0.40825679898262024,0.11547087132930756,0.6582928895950317,0.12193088978528976,0.8025103211402893,0.033887915313243866,0.7316879034042358,0.869133710861206,0.016064738854765892,0.8326854705810547,0.7751889824867249,0.06830167025327682,0.7571926712989807,0.883810818195343,0.00665790680795908,0.9266614317893982,0.380930095911026,0.585404098033905,0.015064704231917858,0.2536938488483429,0.0,0.32866165041923523,0.34740570187568665,0.7333763837814331,0.8104038238525391,0.9524885416030884,0.6739780306816101,0.7663618922233582,0.00639109592884779,0.7769075632095337,0.3927069306373596,0.9130668044090271,0.08355473726987839,0.00987864937633276,0.0,0.006599477492272854,0.00960681401193142,0.0073686633259058,0.021770749241113663,0.012988214381039143,0.8706847429275513,0.03319283202290535,0.85494065284729,0.8223268985748291,0.09208278357982635,0.0294357780367136,0.048804912716150284,0.02738332562148571,0.8765429258346558,0.024937117472290993,0.7346036434173584,0.8605294823646545,0.804462194442749,0.03445105627179146,0.006371346302330494,0.004483730532228947,0.8676256537437439,0.007189327850937843,0.153191477060318,0.6954660415649414,0.0753994882106781,0.3294858932495117,0.0,0.0,0.5911495685577393,0.0730690285563469,0.4199357330799103,0.8708056211471558,0.07791850715875626,0.895104706287384,0.0,0.05148015171289444,0.9183772206306458,0.864352822303772,0.07269350439310074,0.06388016790151596,0.06881967186927795,0.6992717981338501,0.8191902041435242,0.757185161113739,0.7219469547271729,0.8335258364677429,0.15933020412921906,0.37802937626838684,0.0,0.3315151631832123,0.12467837333679199,0.8602724671363831,0.842755913734436,0.7892652750015259,0.8410979509353638,0.7444067001342773,0.033943187445402145,0.8607086539268494,0.0390901081264019,0.02350042015314102,0.7515845894813538,0.9622633457183838,0.10400906950235367,0.022550852969288826,0.948641836643219,0.0,0.381465345621109,0.04867962375283241,0.8965430855751038,0.39327022433280945,0.09753600507974625,0.0,0.8928587436676025,0.7818703055381775,0.0,0.3032729923725128,0.8631730675697327,0.9660100936889648,0.013590593822300434,0.7983967065811157,0.8458297848701477,0.3941737413406372,0.8400832414627075,0.7373473644256592,0.3945957124233246,0.07294251769781113,0.7956734895706177,0.7667173743247986,0.013511018827557564,0.006784255616366863,0.31359007954597473,0.893490731716156,0.027713021263480186,0.645594596862793,0.8664928078651428,0.9199995398521423,0.6992530226707458,0.0044924491085112095,0.01443589199334383,0.022108830511569977,0.714680016040802,0.18594145774841309,0.8044893145561218,0.5908468961715698,0.46687227487564087,0.2217063009738922,0.2884375751018524,0.911579966545105,0.016813155263662338,0.8245941996574402,0.8134360909461975,0.8885785341262817,0.012307073920965195,0.40280017256736755,0.8244876265525818,0.3755132555961609,0.9057787656784058,0.7241104245185852,0.15480868518352509,0.41121742129325867,0.7775142192840576,0.0,0.7584811449050903,0.8907292485237122,0.0
1,1.556655764579773,1.2327300310134888,0.10486356168985367,0.11058720201253891,0.08175301551818848,0.11903189867734909,1.35029935836792,1.3180437088012695,1.3189001083374023,1.0331792831420898,1.168752908706665,1.3980119228363037,1.4302542209625244,1.2742844820022583,0.16442923247814178,0.41098734736442566,0.24747642874717712,0.15735600888729095,1.2052652835845947,1.6209872961044312,1.312211036682129,0.13696584105491638,0.1558598428964615,1.281420350074768,1.3997217416763306,1.2886238098144531,0.15938706696033478,1.142519474029541,0.13124369084835052,1.3987468481063843,1.2513428926467896,1.2257342338562012,1.247368574142456,0.11637882888317108,0.4514394700527191,0.25166910886764526,1.3416324853897095,1.4556294679641724,0.075946144759655,1.1173874139785767,0.8281489014625549,0.14642775058746338,0.1217353567481041,0.09231559187173843,1.2711503505706787,1.3031718730926514,0.26416823267936707,0.09683892875909805,0.5021806955337524,0.1201394572854042,0.15301303565502167,1.0904299020767212,0.07673453539609909,1.3779513835906982,1.289854884147644,0.07859507948160172,1.5614434480667114,0.1426602154970169,0.1081065833568573,0.6902781128883362,0.18888336420059204,0.3861299157142639,1.560417890548706,0.24112996459007263,0.13055956363677979,0.25259387493133545,1.2114735841751099,0.25814566016197205,0.11704593896865845,1.2418313026428223,0.166037917137146,1.18490469455719,0.1421959549188614,0.16579070687294006,0.1175394058227539,0.2170269638299942,1.2346433401107788,0.9447411298751831,0.12789484858512878,0.11499661207199097,1.367002248764038,0.25875651836395264,0.20033633708953857,1.2669836282730103,1.4600038528442383,0.9039226174354553,0.1717296540737152,1.417158842086792,1.2059582471847534,1.359809160232544,1.334694266319275,0.2016386091709137,0.2704547345638275,1.3287386894226074,0.1503615826368332,0.2657744884490967,0.16377262771129608,0.8318461775779724,0.13126949965953827,1.2841954231262207,0.09203643351793289,1.293063998222351,1.409143328666687,0.19093890488147736,1.2185509204864502,1.275012493133545,0.10291698575019836,1.2766059637069702,1.1379115581512451,0.14746616780757904,1.3889847993850708,0.23165364563465118,1.1905289888381958,0.09450257569551468,0.11291850358247757,0.10399270802736282,0.20992815494537354,0.22560235857963562,1.2534106969833374,1.3168582916259766,1.4154770374298096,1.2207692861557007,1.265856146812439,0.09523577988147736,1.0725003480911255,0.25505372881889343,1.362855315208435,0.1542740911245346,0.16717708110809326,0.08878699690103531,0.1641095131635666,0.1659851223230362,0.1019936054944992,0.08297497034072876,0.155425563454628,1.4106425046920776,0.13450969755649567,1.3490934371948242,1.3844780921936035,0.11080243438482285,0.10625173896551132,0.09900473803281784,0.16080178320407867,1.3415940999984741,0.16273117065429688,1.3047884702682495,1.3943003416061401,1.3159655332565308,0.1643907129764557,0.13120290637016296,0.15993452072143555,1.3763309717178345,0.16582748293876648,0.16918699443340302,1.074784517288208,0.11327099055051804,0.21066373586654663,0.10636335611343384,0.08739548921585083,1.2644224166870117,0.11715196818113327,0.2714062035083771,1.4048738479614258,0.1897135227918625,1.3703926801681519,0.12819717824459076,0.11594825237989426,1.3560909032821655,1.3226733207702637,0.12141351401805878,0.19524314999580383,0.11845896393060684,1.3405227661132812,1.4640830755233765,1.212576150894165,1.1448798179626465,1.1553367376327515,0.23306146264076233,0.24498702585697174,0.11939650028944016,0.7408130764961243,0.14375077188014984,1.132921576499939,1.5019252300262451,1.0589115619659424,1.3548119068145752,1.1966736316680908,0.19087478518486023,1.3290311098098755,0.025493549183011055,0.18429216742515564,1.3059035539627075,1.5459012985229492,0.20923641324043274,0.07706928253173828,1.4056212902069092,0.1287490874528885,0.24621959030628204,0.19081130623817444,1.297534465789795,0.25664231181144714,0.1746015101671219,0.1630990356206894,1.3760578632354736,1.1903434991836548,0.13177713751792908,0.19530853629112244,1.3859376907348633,1.4701220989227295,0.12656240165233612,1.2797995805740356,1.373803973197937,0.24838753044605255,1.1454217433929443,0.9053619503974915,0.23597875237464905,0.18715153634548187,1.2512860298156738,0.9378367066383362,0.15786463022232056,0.1791706085205078,0.20277293026447296,1.4300282001495361,0.10109838098287582,1.3539396524429321,1.2232754230499268,1.0938475131988525,1.1906378269195557,0.11426461488008499,0.16157682240009308,0.1490216702222824,1.272909164428711,0.2695085406303406,1.5115505456924438,0.4492611289024353,0.40538784861564636,0.174927219748497,0.17093433439731598,1.5121033191680908,0.12180552631616592,1.3149750232696533,1.3707764148712158,1.2886594533920288,0.11165614426136017,0.2617865800857544,1.2870105504989624,0.2342182844877243,1.534751534461975,1.3565624952316284,0.15809161961078644,0.25876426696777344,1.1786623001098633,0.17672203481197357,1.0346755981445312,1.4740948677062988,0.1245703250169754
1,1.0862351655960083,0.8341472148895264,0.16356246173381805,0.19710223376750946,0.16485905647277832,0.22745920717716217,0.9807774424552917,0.9434218406677246,0.9551371335983276,0.7221129536628723,0.8114805817604065,1.0208953619003296,1.0017468929290771,0.8789658546447754,0.20559923350811005,0.3679206967353821,0.4893675446510315,0.2594353258609772,0.856966495513916,1.2266517877578735,0.9174990057945251,0.2037750482559204,0.2898103594779968,0.9305456876754761,0.9808542132377625,0.9566093683242798,0.29626938700675964,0.7814292907714844,0.22880449891090393,1.014551043510437,0.8987182378768921,0.8738130927085876,0.8830956220626831,0.22086679935455322,0.3505042791366577,0.27582424879074097,0.931769609451294,1.0458790063858032,0.14803847670555115,0.836516797542572,0.6239895820617676,0.27147889137268066,0.22653253376483917,0.16881318390369415,0.9138056635856628,0.9354743957519531,0.29732078313827515,0.175700381398201,0.30836254358291626,0.1896638125181198,0.2825442850589752,0.7287003397941589,0.12447324395179749,1.0005760192871094,0.9185304045677185,0.15556453168392181,1.119685173034668,0.267765611410141,0.21356526017189026,0.5658414363861084,0.349700927734375,0.36303386092185974,1.149140477180481,0.4501582086086273,0.2482597529888153,0.28232529759407043,0.8210176825523376,0.29510697722435,0.21182624995708466,0.9057228565216064,0.3169350326061249,0.8439645171165466,0.2533667981624603,0.18499568104743958,0.21258875727653503,0.42621344327926636,0.8803015351295471,0.6494120359420776,0.20507195591926575,0.2213442176580429,0.9620895385742188,0.29109206795692444,0.2568044364452362,0.8998050689697266,1.0311182737350464,0.6299837231636047,0.3218196630477905,1.0136979818344116,0.8452645540237427,0.9708269834518433,0.9514428377151489,0.3873010277748108,0.30716660618782043,0.9762711524963379,0.2113114297389984,0.2981785833835602,0.2820071280002594,0.6222840547561646,0.2172122746706009,0.9024288654327393,0.1725035011768341,0.9210114479064941,1.0232118368148804,0.3757522702217102,0.8509970903396606,0.9108938574790955,0.18018123507499695,0.9069156646728516,0.8421658873558044,0.3007579445838928,0.9850295782089233,0.25199005007743835,0.8648869395256042,0.18557362258434296,0.09451095759868622,0.19770517945289612,0.2333780974149704,0.261229008436203,0.8584839105606079,0.9470916986465454,1.0145047903060913,0.8451012969017029,0.8846873044967651,0.18975642323493958,0.7996541261672974,0.2829934358596802,0.9557817578315735,0.31470903754234314,0.3062199354171753,0.17878368496894836,0.31236451864242554,0.32284024357795715,0.1849864423274994,0.1554993838071823,0.29343488812446594,0.9976301789283752,0.24383023381233215,0.9520466327667236,0.9837846159934998,0.17584700882434845,0.20004132390022278,0.17075197398662567,0.30335357785224915,0.9424000978469849,0.31035301089286804,0.9197073578834534,1.0064350366592407,0.9283387064933777,0.31268510222435,0.24368299543857574,0.2947980463504791,0.9711859822273254,0.3128729462623596,0.27391523122787476,0.7645686864852905,0.1928485482931137,0.25294244289398193,0.20510850846767426,0.17555974423885345,0.9246876835823059,0.21180157363414764,0.3238382935523987,1.0065608024597168,0.3679107129573822,0.9643899202346802,0.243679016828537,0.20626190304756165,0.9610039591789246,0.9422978758811951,0.21801240742206573,0.41380494832992554,0.21024881303310394,0.9189183115959167,1.0949013233184814,0.8414704203605652,0.8143283128738403,0.8152774572372437,0.4389571249485016,0.2801913917064667,0.2317473590373993,0.678430438041687,0.23864896595478058,0.7801865935325623,1.1002265214920044,0.79438716173172,0.9391555786132812,0.8473193645477295,0.3621625304222107,0.9455035924911499,0.0347239151597023,0.3390113413333893,0.9489114880561829,1.131649136543274,0.41509097814559937,0.13810469210147858,1.0173779726028442,0.24214544892311096,0.2866487205028534,0.3615562319755554,0.942200779914856,0.28826838731765747,0.3326842188835144,0.30033648014068604,1.0285215377807617,0.844793438911438,0.25618234276771545,0.23887382447719574,1.0036070346832275,1.0506539344787598,0.23573285341262817,0.896654486656189,0.9811070561408997,0.2911694049835205,0.8532187342643738,0.6231158375740051,0.27935439348220825,0.3603106141090393,0.8863736391067505,0.6360867619514465,0.29175513982772827,0.36275017261505127,0.2563469707965851,0.986025333404541,0.18608875572681427,0.9753850102424622,0.85271817445755,0.7574782967567444,0.8226367235183716,0.21633173525333405,0.29648667573928833,0.28253358602523804,0.8772974610328674,0.4662068784236908,1.064833641052246,0.3612496256828308,0.38044634461402893,0.2633383274078369,0.19901521503925323,1.1071330308914185,0.2272386997938156,0.9342195391654968,0.9485800862312317,0.9345830082893372,0.21543793380260468,0.3080756366252899,0.9102805256843567,0.24859267473220825,1.0978446006774902,0.9693702459335327,0.24216997623443604,0.2996301054954529,0.8801321387290955,0.3402702808380127,0.7431257367134094,1.0608338117599487,0.24035106599330902
1,1.4010722637176514,1.026964545249939,0.1334778219461441,0.08451998978853226,0.0712173655629158,0.09290476888418198,1.1098124980926514,1.1143110990524292,1.0917202234268188,0.8548898696899414,1.025709629058838,1.1908612251281738,1.2012856006622314,1.02741539478302,0.2531214952468872,0.5357041954994202,0.20198233425617218,0.15772613883018494,1.061033010482788,1.2898138761520386,1.0729460716247559,0.18806013464927673,0.12138605117797852,1.0717860460281372,1.1328527927398682,1.1196545362472534,0.12890033423900604,0.9276952147483826,0.13428474962711334,1.1134018898010254,1.062469244003296,1.048062801361084,1.0400593280792236,0.09316690266132355,0.4821019172668457,0.4181426167488098,1.1477333307266235,1.213957667350769,0.06055288016796112,0.9868730306625366,0.74007648229599,0.11278994381427765,0.09228532016277313,0.09904735535383224,1.0417081117630005,1.0834591388702393,0.45038700103759766,0.07191856950521469,0.524695634841919,0.1816432625055313,0.11728972941637039,0.9715823531150818,0.1229792907834053,1.1922454833984375,1.0364857912063599,0.06352108716964722,1.2631160020828247,0.10905154794454575,0.08771034330129623,0.9237334728240967,0.14647658169269562,0.5842691659927368,1.6755988597869873,0.18986688554286957,0.10252833366394043,0.4120163917541504,1.066354513168335,0.43401575088500977,0.08591745793819427,0.9963827729225159,0.1328977793455124,0.9738377332687378,0.14415350556373596,0.16753925383090973,0.0879468023777008,0.18662232160568237,1.0195176601409912,0.870448112487793,0.17729946970939636,0.09021640568971634,1.119563341140747,0.42720744013786316,0.3047783672809601,1.1550652980804443,1.200868010520935,0.7473567128181458,0.13340021669864655,1.1448848247528076,1.0753190517425537,1.1429296731948853,1.1808898448944092,0.16070905327796936,0.4579104781150818,1.060666799545288,0.2321777194738388,0.4365890920162201,0.20408415794372559,0.8695995807647705,0.17649976909160614,1.0576398372650146,0.09225741773843765,1.1147555112838745,1.154922366142273,0.1556408405303955,1.0156238079071045,1.0522626638412476,0.12515193223953247,1.0819908380508423,0.9151490330696106,0.12491094321012497,1.1887612342834473,0.386226624250412,0.9459378123283386,0.0848575159907341,0.16579444706439972,0.08051593601703644,0.33359426259994507,0.3745654225349426,1.0661879777908325,1.047283411026001,1.208524227142334,1.0412968397140503,1.0925296545028687,0.07757854461669922,0.9293526411056519,0.4240760803222656,1.1448420286178589,0.12969592213630676,0.12629856169223785,0.07309364527463913,0.13024817407131195,0.1359027922153473,0.07714934647083282,0.07934057712554932,0.1242394745349884,1.1646260023117065,0.12458382546901703,1.1155011653900146,1.1936454772949219,0.14568835496902466,0.10619127750396729,0.10991920530796051,0.12648150324821472,1.0836726427078247,0.12738345563411713,1.0789064168930054,1.1745914220809937,1.0837275981903076,0.13222655653953552,0.10078717768192291,0.1212376207113266,1.1750445365905762,0.13125237822532654,0.20600798726081848,0.9987137913703918,0.1237252950668335,0.3322669267654419,0.08347956836223602,0.07206441462039948,1.1640959978103638,0.08958832919597626,0.45140063762664795,1.2438833713531494,0.1530383825302124,1.1794661283493042,0.09976187348365784,0.12396978586912155,1.1196354627609253,1.2013881206512451,0.1451123207807541,0.1658877283334732,0.137135848402977,1.1179163455963135,1.3457406759262085,1.0584559440612793,0.9866185784339905,0.9910860061645508,0.18584617972373962,0.39400190114974976,0.09414032846689224,0.5874224901199341,0.18154433369636536,0.9256133437156677,1.2203322649002075,0.873003363609314,1.0990755558013916,1.0726439952850342,0.15145710110664368,1.0896689891815186,0.04014349728822708,0.14550542831420898,1.0656250715255737,1.1870582103729248,0.1748005598783493,0.07646844536066055,1.1434134244918823,0.09854549914598465,0.40475204586982727,0.15094691514968872,1.060591220855713,0.4330449402332306,0.13978426158428192,0.12381687760353088,1.111032485961914,1.0253846645355225,0.10430659353733063,0.2978832423686981,1.1560746431350708,1.2711056470870972,0.0961972326040268,1.0593438148498535,1.1489592790603638,0.42261961102485657,0.9222260117530823,0.8141635060310364,0.3839046061038971,0.15200577676296234,1.032367467880249,0.8060023784637451,0.12272493541240692,0.14552560448646545,0.32502415776252747,1.2346000671386719,0.09886534512042999,1.10444176197052,0.9641208052635193,0.9766069650650024,0.9808778166770935,0.08822700381278992,0.12165026366710663,0.11439432203769684,1.0997995138168335,0.21638529002666473,1.228829264640808,0.5611255168914795,0.6092888712882996,0.2605036497116089,0.28061598539352417,1.2809995412826538,0.09592826664447784,1.0829758644104004,1.1091138124465942,1.0468806028366089,0.08796573430299759,0.4276597797870636,1.0924094915390015,0.37765899300575256,1.2318248748779297,1.101714849472046,0.2096632421016693,0.42616572976112366,0.9181022644042969,0.14473530650138855,1.0445228815078735,1.157279372215271,0.09788210690021515
1,0.5777262449264526,0.1778433471918106,0.27583953738212585,0.0,0.019302019849419594,0.0,0.05876682326197624,0.11260223388671875,0.05957065522670746,0.03120364062488079,0.32530665397644043,0.012295424938201904,0.12716293334960938,0.061477601528167725,0.8808326125144958,1.133459448814392,0.0,0.13123734295368195,0.2569088339805603,0.0,0.1684933751821518,0.3933470547199249,0.0,0.07238707691431046,0.11531773209571838,0.09465894103050232,0.0,0.1751621961593628,0.10442137718200684,0.03794412687420845,0.3691210448741913,0.1516130268573761,0.05097520351409912,0.012922299094498158,0.47132018208503723,1.4098702669143677,0.20382696390151978,0.03572306036949158,0.0,0.2052728533744812,0.6250429749488831,0.0,0.0,0.0918482169508934,0.07879768311977386,0.1039934828877449,1.4589875936508179,0.0,0.28562813997268677,0.513140857219696,0.0,0.40235117077827454,0.45640966296195984,0.25204184651374817,0.03657626733183861,0.0,0.0348091721534729,0.0,0.0,1.7736388444900513,0.0,1.3971463441848755,1.8859434127807617,0.00038904091343283653,0.0,1.4297345876693726,0.2807019054889679,1.4232803583145142,0.010598770342767239,0.09405427426099777,0.0,0.14733515679836273,0.12345129996538162,0.07446383684873581,0.0,0.0,0.091289222240448,0.43093380331993103,0.31906625628471375,0.0,0.06496848165988922,1.4699662923812866,0.9730412364006042,0.5143086314201355,0.04273499920964241,0.08379938453435898,0.0,0.03141242265701294,0.4853171110153198,0.11983459442853928,0.4169427454471588,0.0,1.5640870332717896,0.0,0.5826509594917297,1.6005210876464844,0.32535210251808167,0.9094725251197815,0.40058186650276184,0.0659060850739479,0.09568864107131958,0.28180643916130066,0.0596701055765152,0.0,0.07497300952672958,0.07282531261444092,0.15703929960727692,0.2346782088279724,0.08109036833047867,0.0,0.23199433088302612,1.1327292919158936,0.0,0.045097868889570236,0.7938225269317627,0.0,1.1716352701187134,1.3946582078933716,0.23508070409297943,0.05304520204663277,0.12951111793518066,0.38884615898132324,0.3240019381046295,0.0,0.07817534357309341,1.5152678489685059,0.28950047492980957,0.0,0.0,0.0,0.0,0.0,0.0,0.06322341412305832,0.0,0.05702800676226616,0.07078833132982254,0.08556845039129257,0.23733806610107422,0.3367947041988373,0.07360626012086868,0.19091783463954926,0.0,0.02989734522998333,0.0,0.0335053913295269,0.07908806949853897,0.0511176735162735,0.0,0.0,0.0,0.26860156655311584,0.0,0.5159932971000671,0.828056275844574,0.1502700299024582,1.1590646505355835,0.0,0.0,0.9243559241294861,0.013953211717307568,1.506007194519043,0.5334893465042114,0.0,0.1001492366194725,0.0,0.1264670044183731,0.10027366876602173,0.5478197336196899,0.18247853219509125,0.0,0.16973423957824707,0.28490155935287476,1.0519336462020874,0.23465673625469208,0.2874099910259247,0.19929425418376923,0.01674732379615307,1.3852434158325195,0.0,0.0,0.32356658577919006,0.08728810399770737,0.01449102908372879,0.032997410744428635,0.10139324516057968,0.4628969132900238,0.0,0.05269201099872589,0.2038891315460205,0.001211154623888433,0.1441590040922165,0.018946414813399315,0.0,0.11836708337068558,0.07452911138534546,0.0,1.3456639051437378,0.0,0.06920372694730759,1.622544765472412,0.014488671906292439,0.0,0.0075057451613247395,0.21527522802352905,0.0,1.2278943061828613,0.21648353338241577,0.20548401772975922,0.0,0.056846026331186295,0.07931438833475113,1.308100938796997,0.06961873918771744,0.2527299225330353,1.1833568811416626,0.0070382095873355865,0.12849177420139313,0.16519959270954132,0.0,0.0,1.0467833280563354,0.19882917404174805,0.06750110536813736,0.19530926644802094,0.07885462790727615,0.19135135412216187,0.040954601019620895,0.0,0.0,0.0,0.2889230251312256,0.0,0.0,1.2309621572494507,1.5422744750976562,0.7422458529472351,0.6412976384162903,0.05394919216632843,0.0,0.05559907481074333,0.042558152228593826,0.05977092683315277,0.0,1.7119728326797485,0.32627275586128235,1.2114746570587158,0.08658561110496521,0.038594286888837814,0.5701579451560974,1.5278959274291992,0.041795432567596436,0.0,1.044777512550354,0.025142380967736244,0.0
1,1.4720155000686646,1.0264713764190674,0.136733278632164,0.08403445780277252,0.0693899542093277,0.09238164871931076,1.0979382991790771,1.081470012664795,1.0920448303222656,0.803667426109314,1.0003284215927124,1.1728155612945557,1.212269902229309,0.9974576234817505,0.270382821559906,0.6019600629806519,0.24387651681900024,0.15673714876174927,1.0559262037277222,1.3050798177719116,1.0555416345596313,0.18739350140094757,0.11865263432264328,1.0320910215377808,1.1248966455459595,1.1412607431411743,0.12367326766252518,0.9666181206703186,0.1252872198820114,1.1036028861999512,1.1344374418258667,1.0070397853851318,0.993407666683197,0.08814528584480286,0.4153275489807129,0.5319065451622009,1.1551048755645752,1.186156153678894,0.06016883626580238,0.9150199294090271,0.8820672631263733,0.11064755171537399,0.09188481420278549,0.09614960104227066,0.9963410496711731,1.077512264251709,0.5666764974594116,0.07104231417179108,0.35369735956192017,0.20436818897724152,0.11981065571308136,0.9706528782844543,0.14859190583229065,1.1950879096984863,1.0177483558654785,0.06317261606454849,1.2342989444732666,0.10859382897615433,0.08697891235351562,1.0893282890319824,0.147038534283638,0.7094094753265381,1.7541613578796387,0.22474637627601624,0.1021142527461052,0.5011394023895264,1.0212461948394775,0.5210715532302856,0.0939956083893776,0.9585311412811279,0.13376809656620026,0.9775917530059814,0.13869725167751312,0.16758157312870026,0.08770629018545151,0.20222340524196625,0.9625869989395142,0.9047286510467529,0.15889963507652283,0.08980270475149155,1.09580659866333,0.5345702171325684,0.33961281180381775,1.2311432361602783,1.1982038021087646,0.6774774193763733,0.14227622747421265,1.1165138483047485,1.126616358757019,1.0956885814666748,1.202775478363037,0.1607433408498764,0.625978410243988,1.0296796560287476,0.2171478271484375,0.6037097573280334,0.1935388147830963,0.8902257084846497,0.18204447627067566,1.0140817165374756,0.0904604122042656,1.1516101360321045,1.1359416246414185,0.15615448355674744,0.9636597037315369,1.0469988584518433,0.12127845734357834,1.096317172050476,0.8637650012969971,0.12357611209154129,1.1657150983810425,0.40231087803840637,0.9393657445907593,0.08425308763980865,0.23639577627182007,0.08017921447753906,0.3943867087364197,0.5673046708106995,1.0795605182647705,1.0482933521270752,1.1772689819335938,1.1262681484222412,1.1184849739074707,0.07710547745227814,0.8637298345565796,0.5781886577606201,1.1531184911727905,0.1569025218486786,0.12454275786876678,0.07264737039804459,0.12784427404403687,0.136675626039505,0.0760403722524643,0.07729505747556686,0.12229536473751068,1.1317315101623535,0.12164989858865738,1.0915586948394775,1.2035025358200073,0.16338156163692474,0.10448065400123596,0.132866770029068,0.13313040137290955,1.062591791152954,0.13314016163349152,1.0712116956710815,1.1518851518630981,1.0351231098175049,0.1377255767583847,0.09902282804250717,0.11999734491109848,1.1766372919082642,0.12809646129608154,0.24285505712032318,1.0869956016540527,0.11199553310871124,0.3989933729171753,0.08315592259168625,0.07148177921772003,1.3766613006591797,0.10398855805397034,0.5296319723129272,1.3004372119903564,0.17498275637626648,1.1051490306854248,0.09908534586429596,0.12237931042909622,1.0817677974700928,1.236682415008545,0.13701631128787994,0.19559934735298157,0.13252654671669006,1.2009737491607666,1.4654432535171509,1.0676525831222534,1.019719123840332,0.9552847146987915,0.22493499517440796,0.4927244484424591,0.09386531263589859,0.6268758177757263,0.17369762063026428,0.8752606511116028,1.2071582078933716,0.8457221984863281,1.0910810232162476,1.135079026222229,0.15799695253372192,1.0482022762298584,0.05324331670999527,0.1476491093635559,1.0778696537017822,1.2185883522033691,0.20487090945243835,0.09506035596132278,1.1126459836959839,0.09816749393939972,0.4941624104976654,0.16133785247802734,1.0312421321868896,0.6448813080787659,0.16660833358764648,0.12190870195627213,1.0885310173034668,1.0038068294525146,0.10388242453336716,0.4163724184036255,1.2019129991531372,1.244578242301941,0.0977080762386322,1.0228346586227417,1.1361730098724365,0.5106467008590698,0.8864628672599792,0.7761451005935669,0.4113888740539551,0.17244070768356323,1.0324727296829224,0.7709260582923889,0.12253249436616898,0.14662310481071472,0.3686734735965729,1.2128537893295288,0.09713041037321091,1.1636236906051636,0.9426726698875427,0.899142861366272,0.9651670455932617,0.08779588341712952,0.12364840507507324,0.1180591881275177,1.1174302101135254,0.26926368474960327,1.1954951286315918,0.6145716309547424,0.752957284450531,0.2844112515449524,0.24407170712947845,1.222379446029663,0.09678950905799866,1.0527548789978027,1.0948712825775146,1.0120759010314941,0.08748475462198257,0.6465734243392944,1.1140762567520142,0.43143126368522644,1.2131280899047852,1.097564697265625,0.2393089085817337,0.5400609374046326,0.9400153756141663,0.14064589142799377,1.1371495723724365,1.1344186067581177,0.09747349470853806
1,0.7313206791877747,0.5398188829421997,0.5303741693496704,0.3173765242099762,0.3280557692050934,0.28850501775741577,0.6266916990280151,0.6142503619194031,0.5943182706832886,0.46385374665260315,0.5614444017410278,0.6138718724250793,0.6166653633117676,0.5965147614479065,0.26430296897888184,0.4347015619277954,0.1706855446100235,0.29372456669807434,0.561587929725647,0.9487881660461426,0.6292670369148254,0.26337599754333496,0.3443182408809662,0.5932202339172363,0.6469406485557556,0.5670267939567566,0.2949049174785614,0.5091584324836731,0.1963532567024231,0.6498659253120422,0.5569958090782166,0.5891324281692505,0.5815110802650452,0.1799975484609604,0.39621686935424805,0.35679253935813904,0.5980718731880188,0.6629758477210999,0.43533051013946533,0.5630784034729004,0.5457796454429626,0.384068101644516,0.4163823425769806,0.28111621737480164,0.5858737230300903,0.604095995426178,0.37789082527160645,0.4301559627056122,0.3901945650577545,0.4370093047618866,0.28800302743911743,0.5489547848701477,0.4274500906467438,0.6362106800079346,0.5671186447143555,0.4472845792770386,0.7122044563293457,0.3250044882297516,0.3629072606563568,0.5410380363464355,0.19971440732479095,0.38010674715042114,0.9711077213287354,0.11789776384830475,0.27875131368637085,0.36727961897850037,0.5565150380134583,0.38157182931900024,0.34909772872924805,0.6226338744163513,0.3777626156806946,0.5694572329521179,0.12975336611270905,0.13115155696868896,0.3979489207267761,0.038870539516210556,0.602905809879303,0.4550762176513672,0.14822576940059662,0.4285741448402405,0.6230911612510681,0.3763371706008911,0.29702210426330566,0.5743225812911987,0.633575439453125,0.45754721760749817,0.4100927710533142,0.6560453772544861,0.5477057695388794,0.6531956195831299,0.6369692087173462,0.3016655445098877,0.3838430941104889,0.5954275727272034,0.20129188895225525,0.38117051124572754,0.13941097259521484,0.5131503343582153,0.3379819989204407,0.5763734579086304,0.31108298897743225,0.5614399909973145,0.6642311215400696,0.37786802649497986,0.5619357228279114,0.5699581503868103,0.24619567394256592,0.5864356160163879,0.6190769076347351,0.5031590461730957,0.6602715849876404,0.3308793902397156,0.5977687239646912,0.42595046758651733,0.12604351341724396,0.34483763575553894,0.3016534447669983,0.32521116733551025,0.5409128069877625,0.5889828205108643,0.6681948304176331,0.5215115547180176,0.5503888726234436,0.27338963747024536,0.5308343768119812,0.35782289505004883,0.6626977920532227,0.3653757870197296,0.30912837386131287,0.4424607455730438,0.3428424894809723,0.30266550183296204,0.5233985781669617,0.321668416261673,0.21616166830062866,0.6506584882736206,0.2840990722179413,0.6238918304443359,0.6099241971969604,0.3657738268375397,0.2489762008190155,0.36740589141845703,0.3749972879886627,0.6234083771705627,0.258562833070755,0.5633100867271423,0.6396769285202026,0.5988460183143616,0.36249271035194397,0.5073661804199219,0.27635592222213745,0.644607663154602,0.37896472215652466,0.28620460629463196,0.5489482283592224,0.27534249424934387,0.31761813163757324,0.4724045991897583,0.45847636461257935,0.6482616662979126,0.2130630612373352,0.5049929618835449,0.6613439917564392,0.27695775032043457,0.6320242881774902,0.32627254724502563,0.38134509325027466,0.6383816599845886,0.625140905380249,0.2680952548980713,0.4777999818325043,0.2751297950744629,0.5329597592353821,0.8129459023475647,0.5323975682258606,0.5202831625938416,0.5601257085800171,0.2618691921234131,0.35186395049095154,0.3163159191608429,0.6384440064430237,0.21073448657989502,0.5520099997520447,0.6775537133216858,0.5676045417785645,0.6012077331542969,0.5347372889518738,0.3353963792324066,0.6097139716148376,0.40878087282180786,0.2620779871940613,0.6077892780303955,0.7343733906745911,0.2502877414226532,0.3690071105957031,0.6813867688179016,0.36092913150787354,0.3658081591129303,0.3032635450363159,0.6035665273666382,0.36049848794937134,0.27671802043914795,0.2968394160270691,0.664228081703186,0.5615097284317017,0.36166566610336304,0.30486559867858887,0.6346282362937927,0.7027745246887207,0.3651515245437622,0.5893468856811523,0.6161354184150696,0.37373802065849304,0.6042537689208984,0.4534250795841217,0.3675078749656677,0.3132774233818054,0.5719524621963501,0.4840604066848755,0.39068910479545593,0.3387085497379303,0.3234521746635437,0.6249913573265076,0.2139071226119995,0.6128199100494385,0.5718951225280762,0.5799205899238586,0.5250245332717896,0.37172603607177734,0.3508283495903015,0.30428892374038696,0.5437339544296265,0.2435518503189087,0.6602121591567993,0.43924224376678467,0.4027206003665924,0.25804486870765686,0.25933346152305603,0.8386021852493286,0.38059428334236145,0.6094212532043457,0.60882169008255,0.628201961517334,0.2978198826313019,0.4085732400417328,0.6301023364067078,0.3272203207015991,0.7259702682495117,0.5920811295509338,0.2552220821380615,0.3914155066013336,0.608807384967804,0.27973663806915283,0.5633823275566101,0.7195956707000732,0.335038423538208
1,0.8892699480056763,0.6950086355209351,0.16607874631881714,0.1603492647409439,0.12358057498931885,0.17110835015773773,0.7778841853141785,0.8066004514694214,0.7563291788101196,0.5917051434516907,0.704076886177063,0.8006725311279297,0.7924084067344666,0.763392984867096,0.28082191944122314,0.4879299998283386,0.35754454135894775,0.22978775203227997,0.6970310211181641,0.9313403964042664,0.7694606184959412,0.21193669736385345,0.22573937475681305,0.7751094698905945,0.8277203440666199,0.6945763826370239,0.23092348873615265,0.6405505537986755,0.19400162994861603,0.8216519951820374,0.7263856530189514,0.7586722373962402,0.7302373647689819,0.17070086300373077,0.49399489164352417,0.3790920376777649,0.7601612210273743,0.8417825698852539,0.10917257517576218,0.7699463963508606,0.45091426372528076,0.21227629482746124,0.17643140256404877,0.13443568348884583,0.7693085670471191,0.7700055837631226,0.40150898694992065,0.1404929757118225,0.49708569049835205,0.2035778909921646,0.22242215275764465,0.6861023306846619,0.16870638728141785,0.8239459991455078,0.7528164386749268,0.1129804253578186,0.9135429859161377,0.20676319301128387,0.15540321171283722,0.6381058692932129,0.2743353843688965,0.4219872057437897,1.1997383832931519,0.33678680658340454,0.18939296901226044,0.3902345299720764,0.7185685634613037,0.40542006492614746,0.1749897599220276,0.7750079035758972,0.24012434482574463,0.7326666116714478,0.20848219096660614,0.16215880215168,0.17266134917736053,0.3122510612010956,0.7539921998977661,0.5999215245246887,0.2185206562280655,0.16530761122703552,0.7912760972976685,0.3998582363128662,0.3276031017303467,0.7519791722297668,0.8130657076835632,0.5800196528434753,0.24932822585105896,0.8315662145614624,0.6959829330444336,0.8262784481048584,0.7955656051635742,0.2911546528339386,0.4078332483768463,0.7535915374755859,0.24833709001541138,0.4049937427043915,0.2684765160083771,0.6261193752288818,0.21873483061790466,0.756546139717102,0.1448831558227539,0.7221278548240662,0.8310506343841553,0.2759503126144409,0.7373588681221008,0.7374488115310669,0.1505836397409439,0.724319577217102,0.7863266468048096,0.21224799752235413,0.8307904601097107,0.3515593409538269,0.6386921405792236,0.14253394305706024,0.13392123579978943,0.14948952198028564,0.3217967450618744,0.34553682804107666,0.6902614235877991,0.775888979434967,0.8512794375419617,0.6737998127937317,0.7147787809371948,0.13690143823623657,0.6936990022659302,0.3801867961883545,0.8271484971046448,0.22340607643127441,0.24205836653709412,0.1276313066482544,0.23710986971855164,0.2393948882818222,0.14779774844646454,0.12971921265125275,0.22507210075855255,0.8289850950241089,0.1942806988954544,0.7939147353172302,0.7881707549095154,0.17550073564052582,0.1544794738292694,0.1428617388010025,0.23372876644134521,0.7992960810661316,0.23617617785930634,0.7294383645057678,0.8151339292526245,0.7612333297729492,0.23834611475467682,0.19032688438892365,0.23063674569129944,0.8166632652282715,0.24044321477413177,0.27304479479789734,0.699369490146637,0.1655481904745102,0.3374692499637604,0.15289732813835144,0.12563101947307587,0.6813772916793823,0.17223793268203735,0.445158988237381,0.8240345120429993,0.27514588832855225,0.8127590417861938,0.18428343534469604,0.17213064432144165,0.8213369846343994,0.8054620623588562,0.18944384157657623,0.2806650996208191,0.18021371960639954,0.7067415714263916,0.9382342100143433,0.6920109391212463,0.6711419224739075,0.7176035046577454,0.3357295095920563,0.37385547161102295,0.17355848848819733,0.47686538100242615,0.23274379968643188,0.7206510901451111,0.8599101901054382,0.7032220363616943,0.7846000790596008,0.7018405199050903,0.27678176760673523,0.7945389151573181,0.04647117108106613,0.2674836218357086,0.7555996775627136,0.946684718132019,0.30349409580230713,0.11142507195472717,0.8625562787055969,0.18666693568229675,0.3886711001396179,0.277137815952301,0.7972801923751831,0.38302966952323914,0.2543775737285614,0.2362799346446991,0.8538301587104797,0.7158122658729553,0.1894296407699585,0.32391971349716187,0.8198989629745483,0.9007250666618347,0.18450835347175598,0.7419468760490417,0.8005276322364807,0.3970966637134552,0.7560970783233643,0.5858496427536011,0.39047715067863464,0.27093610167503357,0.7320942282676697,0.6047003269195557,0.22861407697200775,0.25794804096221924,0.3436679244041443,0.8200131058692932,0.1464504599571228,0.7259862422943115,0.7504032850265503,0.7372066974639893,0.672031819820404,0.1654924750328064,0.23453477025032043,0.21623124182224274,0.699009895324707,0.3461155891418457,0.8346703052520752,0.5008444786071777,0.44732555747032166,0.30426397919654846,0.27830079197883606,0.9023521542549133,0.17723819613456726,0.7736151218414307,0.7788571119308472,0.807573139667511,0.1605057269334793,0.41479507088661194,0.7749062180519104,0.34767162799835205,0.8897912502288818,0.7599561214447021,0.25244876742362976,0.4158790111541748,0.7246286869049072,0.25517594814300537,0.7136142253875732,0.879636824131012,0.17906984686851501
1,1.4189698696136475,1.0444899797439575,0.13486109673976898,0.08154915273189545,0.07090052217245102,0.09238164871931076,1.1243921518325806,1.1236001253128052,1.1042158603668213,0.8687016367912292,1.0314531326293945,1.2006698846817017,1.2121703624725342,1.037589430809021,0.2648535966873169,0.535351574420929,0.199314147233963,0.1537526696920395,1.0693398714065552,1.3076103925704956,1.0920342206954956,0.190782368183136,0.11865262687206268,1.0834323167800903,1.148742914199829,1.1339192390441895,0.12367327511310577,0.94142746925354,0.13156022131443024,1.1287814378738403,1.0787996053695679,1.0505764484405518,1.0492838621139526,0.09373395889997482,0.4780072569847107,0.4257234036922455,1.1561520099639893,1.2227107286453247,0.06016883626580238,0.9788584113121033,0.7679516673088074,0.11064755171537399,0.09188481420278549,0.09896402060985565,1.0531086921691895,1.0981475114822388,0.4561256170272827,0.07104232907295227,0.5077607035636902,0.18331965804100037,0.11487820744514465,0.972915768623352,0.12811006605625153,1.1963813304901123,1.0492353439331055,0.06317261606454849,1.27748441696167,0.10859382897615433,0.08697891235351562,0.9215078353881836,0.1429699808359146,0.5832025408744812,1.6814634799957275,0.19275768101215363,0.10085359960794449,0.4232444763183594,1.08050537109375,0.43714383244514465,0.08454566448926926,1.0084389448165894,0.130020409822464,0.987002432346344,0.14390647411346436,0.16761904954910278,0.08655376732349396,0.18099641799926758,1.0269705057144165,0.8730654120445251,0.17563104629516602,0.08980270475149155,1.1300734281539917,0.43629190325737,0.3200547993183136,1.1558241844177246,1.212162971496582,0.7546939253807068,0.13084687292575836,1.1584367752075195,1.0881832838058472,1.1542563438415527,1.1907494068145752,0.15819069743156433,0.46474722027778625,1.0781075954437256,0.2322777956724167,0.4489028751850128,0.20341795682907104,0.8736454844474792,0.1784852147102356,1.0688414573669434,0.09378157556056976,1.1325087547302246,1.1691515445709229,0.1531161367893219,1.0216716527938843,1.0641549825668335,0.12460189312696457,1.098800778388977,0.9155188798904419,0.1230156421661377,1.1980830430984497,0.3895423710346222,0.9649081826210022,0.0853809267282486,0.1704479604959488,0.08017921447753906,0.3446207344532013,0.3855746388435364,1.0830409526824951,1.0621310472488403,1.2170993089675903,1.056674599647522,1.1075470447540283,0.07710547745227814,0.9273859262466431,0.4323383867740631,1.1542874574661255,0.12782715260982513,0.12454276531934738,0.07264737039804459,0.12784427404403687,0.13281573355197906,0.07565531134605408,0.0789593905210495,0.12072466313838959,1.1734687089920044,0.12421935051679611,1.1251089572906494,1.2060651779174805,0.1461210995912552,0.10595715045928955,0.11049691587686539,0.12363649904727936,1.0913641452789307,0.125687837600708,1.0891404151916504,1.1863369941711426,1.0966159105300903,0.12862402200698853,0.09902282804250717,0.11999734491109848,1.193557620048523,0.12809647619724274,0.21456098556518555,1.0086230039596558,0.12187464535236359,0.3477684259414673,0.08315592259168625,0.07148177921772003,1.189371109008789,0.08881565183401108,0.45997440814971924,1.257477879524231,0.1500893235206604,1.1849535703659058,0.09908534586429596,0.12445909529924393,1.1301716566085815,1.2100166082382202,0.1463107317686081,0.16658565402030945,0.13793621957302094,1.1359238624572754,1.3713374137878418,1.0645724534988403,0.9982932806015015,0.9921330809593201,0.18066035211086273,0.40753552317619324,0.09386531263589859,0.6034569144248962,0.1813867837190628,0.928970217704773,1.2305556535720825,0.8777037262916565,1.1155246496200562,1.080623745918274,0.1480529010295868,1.0959677696228027,0.04262375086545944,0.1403428465127945,1.0857149362564087,1.1998498439788818,0.17030683159828186,0.07604865729808807,1.1540424823760986,0.09816749393939972,0.41679924726486206,0.14757375419139862,1.0635390281677246,0.44250357151031494,0.13601358234882355,0.12190870195627213,1.1148350238800049,1.0304948091506958,0.10388242453336716,0.3138626515865326,1.1687935590744019,1.2760905027389526,0.09532923251390457,1.0694615840911865,1.1602915525436401,0.42660003900527954,0.9241369962692261,0.8114457726478577,0.3936026394367218,0.14897166192531586,1.045189619064331,0.8081592321395874,0.11981523782014847,0.14578138291835785,0.33707869052886963,1.243046522140503,0.09882695972919464,1.1278882026672363,0.9709832668304443,0.9752981662750244,0.9942966103553772,0.08779588341712952,0.12005361169576645,0.11424721032381058,1.1161459684371948,0.21570144593715668,1.237097978591919,0.5577949285507202,0.6131494045257568,0.2635717988014221,0.2809829115867615,1.2923105955123901,0.09310332685709,1.0944654941558838,1.124392032623291,1.053528904914856,0.08748475462198257,0.44094181060791016,1.1073026657104492,0.38590338826179504,1.2500076293945312,1.1182531118392944,0.2095080316066742,0.4362187087535858,0.9360635280609131,0.14064589142799377,1.0501668453216553,1.1743849515914917,0.09747349470853806
0,0.22629690170288086,0.09514760226011276,0.20844517648220062,0.283075213432312,0.21778222918510437,0.3236180543899536,0.10258816182613373,0.14999815821647644,0.08639561384916306,0.0765630304813385,0.15554676949977875,0.06601901352405548,0.0820932388305664,0.13696683943271637,0.4710383117198944,0.46364644169807434,0.6483784914016724,0.42785751819610596,0.12276322394609451,0.09325333684682846,0.09390696883201599,0.3412534296512604,0.39275673031806946,0.13252432644367218,0.11741570383310318,0.08538667857646942,0.3900463283061981,0.08533653616905212,0.3689350485801697,0.09507667273283005,0.14852367341518402,0.16440357267856598,0.08675406873226166,0.3483824133872986,0.5936253666877747,0.5673512816429138,0.10206157714128494,0.09060481190681458,0.15083564817905426,0.3723776936531067,0.1468881219625473,0.36219522356987,0.2905423045158386,0.3005005121231079,0.12713462114334106,0.11815254390239716,0.5533186793327332,0.2167392075061798,0.20151609182357788,0.3404938876628876,0.41587841510772705,0.20258338749408722,0.17188969254493713,0.1580934226512909,0.09703738242387772,0.18393546342849731,0.12971176207065582,0.3545365631580353,0.27081483602523804,0.6381855010986328,0.4836367070674896,0.4858601689338684,0.7074835896492004,0.6249482035636902,0.3283538818359375,0.5819663405418396,0.14661924540996552,0.5957121253013611,0.41707250475883484,0.14485883712768555,0.41471755504608154,0.1618322730064392,0.4213317036628723,0.13060802221298218,0.32546234130859375,0.5725686550140381,0.1340189278125763,0.21272708475589752,0.4078231155872345,0.2963268756866455,0.11010734736919403,0.6332935690879822,0.5248398184776306,0.19971071183681488,0.0703841894865036,0.12229391187429428,0.41610610485076904,0.10322504490613937,0.15279635787010193,0.15495046973228455,0.17618468403816223,0.48595574498176575,0.5756164193153381,0.046179018914699554,0.4967327415943146,0.5832816362380981,0.45012331008911133,0.3362250328063965,0.39145782589912415,0.10985322296619415,0.2413821965456009,0.11235694587230682,0.11429881304502487,0.45847922563552856,0.14151151478290558,0.0992673709988594,0.3557281494140625,0.11325575411319733,0.24475833773612976,0.2948780357837677,0.15993288159370422,0.5568668842315674,0.026824096217751503,0.21484048664569855,0.5509604811668396,0.23805172741413116,0.5438160300254822,0.48740053176879883,0.10704216361045837,0.10477569699287415,0.15769217908382416,0.11411680281162262,0.14367955923080444,0.30879512429237366,0.18107305467128754,0.5518593788146973,0.1552291065454483,0.3977068364620209,0.43611207604408264,0.20105178654193878,0.3885769248008728,0.37105506658554077,0.2360437512397766,0.2145649492740631,0.4206687808036804,0.11270392686128616,0.3686778247356415,0.11218618601560593,0.12596532702445984,0.2784789204597473,0.295989990234375,0.22563138604164124,0.37184521555900574,0.12664641439914703,0.4288034439086914,0.06254588812589645,0.11928132176399231,0.084305539727211,0.4066268801689148,0.2881355881690979,0.42054811120033264,0.14395731687545776,0.3874590992927551,0.49572229385375977,0.2855851352214813,0.3807685077190399,0.4795443117618561,0.28665849566459656,0.21737724542617798,0.21065481007099152,0.4050596058368683,0.6446112990379333,0.17275738716125488,0.5042692422866821,0.1277763992547989,0.3189094662666321,0.3084671199321747,0.1525806039571762,0.21190237998962402,0.3236812949180603,0.39958885312080383,0.3741089701652527,0.09970949590206146,0.33154726028442383,0.12660978734493256,0.13635770976543427,0.16463102400302887,0.6915942430496216,0.5579907894134521,0.2970466911792755,0.20052756369113922,0.41435086727142334,0.16173960268497467,0.0908498615026474,0.15476322174072266,0.1070176288485527,0.1579272598028183,0.4731995463371277,0.12073425203561783,0.05667411535978317,0.5210441946983337,0.0947374626994133,0.12860053777694702,0.5677928328514099,0.22817577421665192,0.1516244262456894,0.33442866802215576,0.5240901708602905,0.4845585525035858,0.15571461617946625,0.5338537693023682,0.5203330516815186,0.3960108160972595,0.127384752035141,0.13832207024097443,0.3338452875614166,0.4717622995376587,0.12487876415252686,0.17609713971614838,0.34742671251296997,0.10333675891160965,0.12200399488210678,0.5878810286521912,0.18155179917812347,0.172215074300766,0.5668838024139404,0.4923008382320404,0.1247551366686821,0.17013098299503326,0.3970212936401367,0.37786686420440674,0.44495949149131775,0.13524875044822693,0.2831837236881256,0.05050547420978546,0.16951203346252441,0.2112831324338913,0.06682567298412323,0.29574549198150635,0.3992338180541992,0.4180660843849182,0.1186327114701271,0.6062058806419373,0.05442747101187706,0.49040111899375916,0.5255215167999268,0.44160574674606323,0.41330862045288086,0.09698154032230377,0.32586023211479187,0.1040339320898056,0.08301763981580734,0.14809849858283997,0.35564976930618286,0.5581096410751343,0.16754150390625,0.5532048344612122,0.10887287557125092,0.06364502757787704,0.46168631315231323,0.6113405823707581,0.14054690301418304,0.40940138697624207,0.3639640212059021,0.09934496879577637,0.2982049882411957
1,1.2358068227767944,0.9062820672988892,0.17127437889575958,0.09337063133716583,0.08720079064369202,0.10856007784605026,0.9834809899330139,0.986383855342865,0.96645587682724,0.7927841544151306,0.8963173031806946,1.0533666610717773,1.046488881111145,0.8983803391456604,0.298519104719162,0.5845456719398499,0.23284345865249634,0.17973285913467407,0.9377440810203552,1.136790156364441,0.9831911325454712,0.23604215681552887,0.1374373435974121,0.9561380743980408,1.0236562490463257,0.9893220663070679,0.1412385106086731,0.8196350336074829,0.15692752599716187,0.9918825030326843,0.9469920992851257,0.9044891595840454,0.9289182424545288,0.11541200429201126,0.4321171045303345,0.4572705924510956,0.9969139099121094,1.0539518594741821,0.0706547349691391,0.8292379975318909,0.7067213654518127,0.12847164273262024,0.10811781138181686,0.11903402954339981,0.9140030145645142,0.9787765741348267,0.5077376365661621,0.08278090506792068,0.4833546578884125,0.226022869348526,0.1330791562795639,0.8348625302314758,0.18664470314979553,1.0344446897506714,0.9023113250732422,0.07424671202898026,1.093712329864502,0.1277972310781479,0.10192887485027313,0.8833550810813904,0.1654282957315445,0.5993894338607788,1.6010981798171997,0.2142695039510727,0.11742832511663437,0.4707897901535034,0.9479687213897705,0.49599695205688477,0.10451269894838333,0.8762696981430054,0.15063482522964478,0.8749033212661743,0.17365337908267975,0.15514686703681946,0.10366697609424591,0.20443706214427948,0.8916522860527039,0.7637666463851929,0.20501188933849335,0.10564155876636505,0.9658457040786743,0.4814150035381317,0.3752848505973816,0.9958577752113342,1.055724024772644,0.6754462122917175,0.15219540894031525,0.998051643371582,0.9478433132171631,1.0017255544662476,1.0437992811203003,0.18427839875221252,0.5236160755157471,0.9536626935005188,0.26189857721328735,0.5037150979042053,0.2526547312736511,0.8292796611785889,0.22260399162769318,0.9309482574462891,0.12423713505268097,0.9968122839927673,1.0263339281082153,0.17847047746181488,0.8704213500022888,0.9203979969024658,0.14521802961826324,0.9602681994438171,0.815656840801239,0.1434047967195511,1.0370579957962036,0.44467031955718994,0.8284009695053101,0.10747310519218445,0.11594688147306442,0.09435930103063583,0.37453749775886536,0.44982579350471497,0.9226370453834534,0.9154039025306702,1.049716591835022,0.9217666983604431,0.9533706903457642,0.09056556224822998,0.7951873540878296,0.46579739451408386,1.0000249147415161,0.14947456121444702,0.14500579237937927,0.08532857149839401,0.14853717386722565,0.15370889008045197,0.08788582682609558,0.10121135413646698,0.1391192376613617,1.0275682210922241,0.14781612157821655,0.9766054749488831,1.050458312034607,0.17820316553115845,0.12784351408481598,0.13101036846637726,0.1431564837694168,0.9381290078163147,0.14667826890945435,0.9617929458618164,1.0360978841781616,0.9529460668563843,0.1484823077917099,0.11513540893793106,0.14069905877113342,1.059878945350647,0.14827175438404083,0.2710406184196472,0.9382164478302002,0.13615509867668152,0.4125162363052368,0.09789269417524338,0.0837898999452591,1.0680314302444458,0.10887113213539124,0.52643221616745,1.1064577102661133,0.1745167374610901,1.026880145072937,0.11630136519670486,0.1525907963514328,0.9831364154815674,1.0670768022537231,0.1839846968650818,0.19741035997867584,0.17083357274532318,0.9785791039466858,1.3327199220657349,0.9256734848022461,0.8648387789726257,0.8521599173545837,0.20646052062511444,0.4526556134223938,0.11060669273138046,0.5365048050880432,0.2192944586277008,0.8054353594779968,1.068198323249817,0.7838693261146545,0.9740707874298096,0.9366949200630188,0.17158173024654388,0.9381135702133179,0.05995875224471092,0.1606505960226059,0.9569743871688843,1.0451951026916504,0.19682945311069489,0.08873511105775833,1.0038877725601196,0.11556942015886307,0.49683988094329834,0.17114125192165375,0.9121736288070679,0.5063357949256897,0.1571560502052307,0.14190372824668884,0.9804151058197021,0.8964559435844421,0.12226886302232742,0.3810782730579376,1.0219284296035767,1.1233516931533813,0.1125088706612587,0.9249929189682007,1.0097367763519287,0.4795611500740051,0.8199490904808044,0.6946621537208557,0.4514003098011017,0.1710626482963562,0.9068069458007812,0.6861336827278137,0.13864348828792572,0.17223374545574188,0.4146217405796051,1.063988208770752,0.11798892170190811,0.9797509908676147,0.8198754787445068,0.8522548079490662,0.8765148520469666,0.10324923694133759,0.14030638337135315,0.134845569729805,0.9766606688499451,0.21993841230869293,1.0665156841278076,0.5454436540603638,0.6285675168037415,0.3387981951236725,0.3142075538635254,1.1535910367965698,0.1072545275092125,0.9622130990028381,0.9775984287261963,0.9196214079856873,0.10282265394926071,0.5301012396812439,0.9693477153778076,0.4144279360771179,1.088881015777588,0.9709068536758423,0.2497176229953766,0.49140292406082153,0.8199915289878845,0.16214770078659058,0.9676380157470703,1.038427472114563,0.11471300572156906
1,1.3647100925445557,0.8913198113441467,0.16071563959121704,0.09287753701210022,0.08140350878238678,0.10856007784605026,0.9026684165000916,0.9127979278564453,0.9011329412460327,0.648962140083313,0.9039873480796814,0.9437629580497742,1.0191712379455566,0.799582839012146,0.3613922894001007,0.6626268029212952,0.23226164281368256,0.17290042340755463,0.9234097003936768,1.0453073978424072,0.9128938913345337,0.2232656627893448,0.13691259920597076,0.8510991930961609,0.9589492678642273,0.95736163854599,0.14003333449363708,0.8171106576919556,0.14626143872737885,0.8957309126853943,0.9972193241119385,0.8730453848838806,0.8158301711082458,0.10483991354703903,0.4272571802139282,0.6818747520446777,1.0014461278915405,0.9607716202735901,0.0706547424197197,0.7896671295166016,0.8090038895606995,0.12828922271728516,0.10811781138181686,0.1130794957280159,0.8345638513565063,0.9213228821754456,0.7226609587669373,0.08295609802007675,0.3794032335281372,0.22594262659549713,0.13284264504909515,0.8621317148208618,0.19949544966220856,1.0070323944091797,0.8210424780845642,0.07424671202898026,0.9928980469703674,0.1277972310781479,0.10192885994911194,1.2804659605026245,0.16492213308811188,0.833984911441803,1.8122414350509644,0.2138538956642151,0.11742448061704636,0.6587857007980347,0.9109172224998474,0.6709140539169312,0.09820696711540222,0.7942905426025391,0.15016256272792816,0.8305027484893799,0.16309423744678497,0.11188036948442459,0.10082122683525085,0.20055168867111206,0.7945024967193604,0.8299285769462585,0.16890877485275269,0.10564155876636505,0.9066801071166992,0.6692867279052734,0.43539664149284363,1.1165833473205566,0.967932939529419,0.5595327019691467,0.15162420272827148,0.9022563695907593,1.062726378440857,0.9276384115219116,1.0858228206634521,0.18399295210838318,0.7709716558456421,0.8445391058921814,0.27953389286994934,0.7619807720184326,0.22784189879894257,0.911105215549469,0.2090281993150711,0.831768810749054,0.10787589102983475,1.0176552534103394,0.9296882748603821,0.17801529169082642,0.786587119102478,0.8678751587867737,0.14246992766857147,0.9533312320709229,0.6986107230186462,0.14304231107234955,1.010624885559082,0.5300117135047913,0.7613399028778076,0.09967725723981857,0.30483558773994446,0.09435928612947464,0.5135602951049805,0.6440847516059875,0.9606266617774963,0.847189724445343,0.9901766180992126,0.9964414834976196,1.006507396697998,0.09056556224822998,0.7188529372215271,0.7272217273712158,1.000340461730957,0.14893941581249237,0.14518842101097107,0.08532857149839401,0.14823254942893982,0.15325520932674408,0.08774714171886444,0.09053614735603333,0.13850179314613342,0.9185974597930908,0.14320287108421326,0.9171632528305054,1.0440418720245361,0.1901339441537857,0.12293566018342972,0.141187846660614,0.14281083643436432,0.8315639495849609,0.14663085341453552,0.8746902346611023,0.9631166458129883,0.8466770052909851,0.14777933061122894,0.11485925316810608,0.14069905877113342,1.0382663011550903,0.14781254529953003,0.29546159505844116,1.038679838180542,0.12788166105747223,0.49103832244873047,0.09789270907640457,0.0837898924946785,1.2969120740890503,0.09882242977619171,0.6963433623313904,1.1975607872009277,0.1738235354423523,0.9267380237579346,0.11630135029554367,0.14506895840168,0.8911786675453186,1.126042366027832,0.1622496247291565,0.19772577285766602,0.1560773104429245,1.0380306243896484,1.383513331413269,0.9345556497573853,0.9131370186805725,0.8230135440826416,0.20567061007022858,0.6392626762390137,0.11060669273138046,0.5032196640968323,0.20751065015792847,0.7113533020019531,0.9751907587051392,0.6670674085617065,0.9040008783340454,1.051814317703247,0.17094926536083221,0.8504040241241455,0.06442408263683319,0.15987972915172577,0.9251304268836975,0.9603608846664429,0.19589419662952423,0.11107716709375381,0.9058799147605896,0.11556942015886307,0.6376137733459473,0.17046195268630981,0.8253085613250732,0.7698652148246765,0.15646809339523315,0.14183707535266876,0.859774649143219,0.8783131241798401,0.12226884812116623,0.5208274126052856,1.0029414892196655,1.0582404136657715,0.1125088706612587,0.8323840498924255,0.9428620934486389,0.611244797706604,0.7030709385871887,0.6978119611740112,0.5318328738212585,0.17044347524642944,0.8784780502319336,0.6454325914382935,0.13825970888137817,0.17254620790481567,0.465871125459671,1.0547860860824585,0.11483824998140335,0.9971724152565002,0.7458496689796448,0.7772508263587952,0.7841367721557617,0.10324924439191818,0.140028178691864,0.1348455548286438,0.9951051473617554,0.2192525714635849,0.9608913660049438,0.7273576259613037,0.8828598260879517,0.3506852090358734,0.32032540440559387,1.0171103477478027,0.10669025778770447,0.8514832854270935,0.8867351412773132,0.8175429701805115,0.10282265394926071,0.792019784450531,0.9844062328338623,0.5622292160987854,1.0089436769485474,0.9008188843727112,0.2954842746257782,0.6827618479728699,0.7316476702690125,0.16142188012599945,1.1291582584381104,0.9147501587867737,0.11471299827098846
0,0.45975950360298157,0.13207541406154633,0.3727526366710663,0.4274507164955139,0.33239927887916565,0.4590030610561371,0.0,0.006745608057826757,0.008648136630654335,0.0,0.16079585254192352,0.0,0.11602557450532913,0.0,0.7693149447441101,0.6323810815811157,0.5059912800788879,0.40544575452804565,0.13195326924324036,0.007609999272972345,0.05621075630187988,0.4400196671485901,0.4704979956150055,0.0,0.02395365573465824,0.07177422195672989,0.4501020610332489,0.17205610871315002,0.3087407648563385,0.0,0.3676432967185974,0.013158909045159817,0.0,0.38418838381767273,0.32674267888069153,1.1565755605697632,0.17808477580547333,0.0,0.4280789792537689,0.029388943687081337,0.7870227098464966,0.4702303111553192,0.42957860231399536,0.3984714150428772,0.0,0.03243103623390198,1.0503915548324585,0.35193201899528503,0.0243391003459692,0.5624802112579346,0.45854392647743225,0.4005892872810364,0.3070020377635956,0.13210788369178772,0.0,0.38830485939979553,0.0,0.41909879446029663,0.4356862008571625,1.49924635887146,0.49059680104255676,1.1296390295028687,1.2142250537872314,0.43407946825027466,0.42312464118003845,1.0740411281585693,0.12680436670780182,1.0412442684173584,0.3813793957233429,0.0,0.47101709246635437,0.07429591566324234,0.41292551159858704,0.0,0.43279457092285156,0.34746628999710083,0.0,0.4197782576084137,0.22686104476451874,0.4074411988258362,0.0010754510294646025,1.2113656997680664,0.7614510655403137,0.5419027209281921,0.01460628304630518,0.0,0.4077634811401367,0.0,0.4107040762901306,0.012583626434206963,0.27466607093811035,0.5114196538925171,1.1171578168869019,0.0,0.4851682782173157,1.3510243892669678,0.42028382420539856,0.5538402795791626,0.47249719500541687,0.0,0.3928444981575012,0.26910316944122314,0.0,0.47001975774765015,0.0,0.006764688529074192,0.3939264714717865,0.18621337413787842,0.010949614457786083,0.39344945549964905,0.11828161776065826,0.8799113035202026,0.002447334351018071,0.4469081461429596,1.0695630311965942,0.4288790225982666,1.0158263444900513,1.2375990152359009,0.2408198118209839,0.021526183933019638,0.02295048162341118,0.39678677916526794,0.30907341837882996,0.44358277320861816,0.0,1.2840076684951782,0.24146123230457306,0.42957156896591187,0.4913579523563385,0.3782813251018524,0.47979313135147095,0.41829562187194824,0.3977055549621582,0.39005714654922485,0.43555790185928345,0.0,0.4474753737449646,0.008212155662477016,0.18670761585235596,0.5840324759483337,0.42656394839286804,0.5533279776573181,0.36370009183883667,0.0,0.4211675524711609,0.0,0.0,0.0,0.4486825168132782,0.45987364649772644,0.46996501088142395,0.17760661244392395,0.42947152256965637,0.6974557042121887,0.6506733298301697,0.3632412254810333,0.6840307116508484,0.4812902808189392,0.37789425253868103,0.9670365452766418,0.3277113735675812,1.284796953201294,0.4088980555534363,0.41904911398887634,0.0,0.4068693518638611,0.39836379885673523,0.0,0.42384177446365356,0.3678795397281647,0.3790245056152344,0.46730393171310425,0.28048089146614075,0.6381610631942749,0.18626843392848969,0.2720058858394623,0.12612555921077728,0.46802330017089844,1.0949009656906128,0.4065287113189697,0.31541895866394043,0.41056162118911743,0.0,0.0,0.0,0.03884796425700188,0.48174387216567993,0.47221022844314575,0.0,0.33571305871009827,0.4707954227924347,0.07194646447896957,0.019632726907730103,0.3351374566555023,0.579623818397522,0.0,0.48398610949516296,0.9932633638381958,0.44210514426231384,0.0,1.2931190729141235,0.4551364481449127,0.47391656041145325,0.0,0.07871564477682114,0.41801244020462036,1.049776315689087,0.3143138885498047,0.07892052084207535,0.39811232686042786,0.0,0.014452447183430195,0.9596154093742371,0.0,0.11080796271562576,0.7810690999031067,0.48289719223976135,0.06907682865858078,0.00830838829278946,0.4831857681274414,0.3710167706012726,0.6054273843765259,0.10520268976688385,0.38906076550483704,0.2022554874420166,0.0,0.05572829023003578,0.0,0.3908994495868683,0.47093886137008667,0.4223232567310333,0.20750553905963898,0.4379267990589142,0.0,0.9369881749153137,1.1893430948257446,0.5424808859825134,0.3286391794681549,0.0,0.3918134868144989,0.0,0.027105139568448067,0.0,0.4491269290447235,1.4322606325149536,0.20229637622833252,0.9657624363899231,0.004941453225910664,0.0,0.7062731385231018,1.260070562362671,0.0,0.438068687915802,0.8402613997459412,0.0,0.41172531247138977
1,1.3644047975540161,1.1092017889022827,0.07415515929460526,0.007251599337905645,0.007865793071687222,0.0,1.2035114765167236,1.2395403385162354,1.1815913915634155,0.9232501983642578,1.0712636709213257,1.2159475088119507,1.2534900903701782,1.2122501134872437,0.18734093010425568,0.5141586065292358,0.08733247220516205,0.060367949306964874,1.0690855979919434,1.4001367092132568,1.1956653594970703,0.10933206230401993,0.004088221583515406,1.1994205713272095,1.2788259983062744,1.0631036758422852,0.005825428757816553,1.0255175828933716,0.0422249473631382,1.2606818675994873,1.1072953939437866,1.1604992151260376,1.1388901472091675,0.01314045861363411,0.6029053926467896,0.26832982897758484,1.1960744857788086,1.2912781238555908,0.0,1.113523006439209,0.6174219846725464,0.0027208044193685055,0.0,0.03242674097418785,1.1728801727294922,1.178131341934204,0.2976476550102234,0.0015864052111282945,0.6614556908607483,0.1193661317229271,0.012991674244403839,1.071041464805603,0.11467218399047852,1.2433922290802002,1.1660503149032593,0.0,1.4082657098770142,0.0,0.0,0.6636088490486145,0.011487958021461964,0.37826868891716003,1.5209734439849854,0.07023554295301437,0.006318744271993637,0.28554168343544006,1.0910041332244873,0.3243713080883026,0.026248043403029442,1.1775946617126465,0.012939012609422207,1.129874348640442,0.048643290996551514,0.2062225639820099,0.010873210616409779,0.04267045110464096,1.1767746210098267,0.9294385313987732,0.13001808524131775,0.0005706360097974539,1.2418619394302368,0.28901079297065735,0.22100383043289185,1.12897527217865,1.2696243524551392,0.9168182015419006,0.026378586888313293,1.2980067729949951,1.0409854650497437,1.2678077220916748,1.1958831548690796,0.009895711205899715,0.306222528219223,1.173082947731018,0.16418258845806122,0.2971908152103424,0.09881585836410522,0.7858524322509766,0.10176322609186172,1.1755666732788086,0.03412879258394241,1.1210331916809082,1.2748569250106812,0.012682688422501087,1.142648696899414,1.141187310218811,0.05264471843838692,1.1261816024780273,1.1418031454086304,0.005256242118775845,1.2806288003921509,0.28905096650123596,0.9998491406440735,0.015514864586293697,0.11670637130737305,0.0,0.22593355178833008,0.26339250802993774,1.0895891189575195,1.1941899061203003,1.3142956495285034,1.04988694190979,1.108356237411499,0.005045602098107338,1.02012038230896,0.2759273946285248,1.2640056610107422,0.05946788191795349,0.007798933889716864,0.0,0.00521011371165514,0.007568614091724157,0.00581736583262682,0.022473955526947975,0.010253854095935822,1.2834293842315674,0.02703983150422573,1.2378898859024048,1.2169055938720703,0.07584304362535477,0.024916648864746094,0.03895850479602814,0.01889384165406227,1.268731713294983,0.019687198102474213,1.1538524627685547,1.2604305744171143,1.1966521739959717,0.0222807377576828,0.005030009895563126,0.00353978737257421,1.258090615272522,0.0056757852435112,0.1204465851187706,0.9615129232406616,0.05061166360974312,0.24082469940185547,0.0,0.0,0.9787640571594238,0.04956233501434326,0.3216581344604492,1.2388490438461304,0.05439796671271324,1.2569894790649414,0.0,0.04349325969815254,1.2755168676376343,1.1859184503555298,0.06318453699350357,0.050466299057006836,0.056435417383909225,1.1173721551895142,1.262211561203003,1.0818675756454468,1.0175440311431885,1.0962023735046387,0.10007672756910324,0.26441076397895813,0.0,0.549233615398407,0.10068946331739426,1.1263258457183838,1.3184839487075806,1.0562843084335327,1.2375718355178833,1.0515432357788086,0.022340334951877594,1.2333904504776,0.03545243293046951,0.01855296455323696,1.1548514366149902,1.421888828277588,0.07509087771177292,0.01776288077235222,1.3256983757019043,0.0,0.29772940278053284,0.03231383487582207,1.2369798421859741,0.29651689529418945,0.0678495317697525,0.0,1.3017059564590454,1.0920814275741577,0.0,0.2291197031736374,1.2548933029174805,1.3545013666152954,0.010729416273534298,1.1696836948394775,1.2363929748535156,0.2965482771396637,1.1252864599227905,0.9054902791976929,0.2941739559173584,0.048758894205093384,1.1442766189575195,0.950006902217865,0.01066659390926361,0.005355991423130035,0.24564996361732483,1.2803113460540771,0.022595899179577827,1.114524483680725,1.1838197708129883,1.1156994104385376,1.0671507120132446,0.0035466705448925495,0.011396757327020168,0.017454341053962708,1.0963798761367798,0.15045510232448578,1.313173532485962,0.5210909843444824,0.409346342086792,0.1816299557685852,0.20765189826488495,1.3594022989273071,0.013273543678224087,1.2098671197891235,1.2454214096069336,1.2291637659072876,0.009716111235320568,0.3134751617908478,1.170526385307312,0.2626130282878876,1.360451579093933,1.1639655828475952,0.12117785215377808,0.30074000358581543,1.0966370105743408,0.0,0.9473128914833069,1.3584095239639282,0.0
1,1.3644050359725952,1.1092017889022827,0.07415518164634705,0.007251594215631485,0.007865780033171177,0.0,1.2035115957260132,1.239540457725525,1.1815913915634155,0.9232501983642578,1.0712637901306152,1.2159472703933716,1.2534900903701782,1.2122501134872437,0.18734093010425568,0.5141586661338806,0.08733247220516205,0.060367949306964874,1.069085717201233,1.4001365900039673,1.1956653594970703,0.10933204740285873,0.004088215529918671,1.19942045211792,1.278826117515564,1.0631037950515747,0.005825428757816553,1.0255175828933716,0.0422249361872673,1.2606819868087769,1.1072953939437866,1.1604992151260376,1.138890266418457,0.01314045675098896,0.6029052734375,0.26832982897758484,1.1960746049880981,1.2912780046463013,0.0,1.113523006439209,0.6174220442771912,0.0027208062820136547,0.0,0.032426733523607254,1.1728801727294922,1.178131341934204,0.297647625207901,0.001586402882821858,0.6614556312561035,0.1193661168217659,0.012991674244403839,1.071041464805603,0.1146722361445427,1.243391990661621,1.1660501956939697,0.0,1.4082653522491455,0.0,0.0,0.6636089086532593,0.011487958021461964,0.37826862931251526,1.520973563194275,0.07023552805185318,0.006318751722574234,0.28554171323776245,1.0910041332244873,0.3243713080883026,0.026248062029480934,1.177594780921936,0.012939008884131908,1.1298744678497314,0.048643290996551514,0.20622265338897705,0.01087321899831295,0.042670439928770065,1.1767746210098267,0.9294385313987732,0.13001808524131775,0.0005706354277208447,1.2418619394302368,0.28901079297065735,0.22100386023521423,1.12897527217865,1.2696245908737183,0.9168182015419006,0.026378585025668144,1.2980068922042847,1.0409857034683228,1.2678078413009644,1.1958831548690796,0.009895711205899715,0.306222528219223,1.173082947731018,0.1641826182603836,0.2971908152103424,0.09881586581468582,0.7858524918556213,0.10176322609186172,1.1755666732788086,0.034128788858652115,1.1210330724716187,1.2748569250106812,0.012682679109275341,1.1426488161087036,1.141187310218811,0.05264471843838692,1.1261814832687378,1.1418031454086304,0.005256244912743568,1.2806289196014404,0.28905096650123596,0.9998490214347839,0.015514868311583996,0.11670634895563126,0.0,0.22593358159065247,0.26339250802993774,1.0895891189575195,1.1941897869110107,1.3142956495285034,1.049886703491211,1.1083563566207886,0.005045594181865454,1.0201205015182495,0.2759273946285248,1.264005422592163,0.05946788191795349,0.007798926439136267,0.0,0.005210107192397118,0.007568608969449997,0.005817366763949394,0.022473953664302826,0.010253856889903545,1.2834293842315674,0.027039838954806328,1.2378900051116943,1.2169055938720703,0.07584304362535477,0.024916645139455795,0.038958482444286346,0.01889384165406227,1.268731713294983,0.019687199965119362,1.1538524627685547,1.2604306936264038,1.1966519355773926,0.0222807377576828,0.0050300173461437225,0.00353978737257421,1.258090615272522,0.005675783846527338,0.1204465851187706,0.9615128040313721,0.05061168596148491,0.24082469940185547,0.0,0.0,0.9787638783454895,0.04956234246492386,0.3216581344604492,1.2388490438461304,0.05439795181155205,1.256989598274231,0.0,0.04349326714873314,1.2755168676376343,1.1859184503555298,0.06318452954292297,0.05046628788113594,0.056435417383909225,1.1173721551895142,1.262211561203003,1.0818675756454468,1.0175440311431885,1.0962022542953491,0.10007672756910324,0.2644107937812805,0.0,0.549233615398407,0.10068943351507187,1.1263256072998047,1.3184840679168701,1.0562843084335327,1.2375718355178833,1.0515432357788086,0.022340333089232445,1.2333905696868896,0.03545244038105011,0.01855296641588211,1.1548514366149902,1.4218885898590088,0.07509089261293411,0.01776287332177162,1.3256982564926147,0.0,0.29772940278053284,0.03231383487582207,1.2369797229766846,0.29651692509651184,0.0678495392203331,0.0,1.3017059564590454,1.0920811891555786,0.0,0.22911973297595978,1.2548933029174805,1.3545013666152954,0.010729416273534298,1.1696834564208984,1.2363929748535156,0.2965482771396637,1.125286340713501,0.9054902791976929,0.2941739857196808,0.04875890165567398,1.1442766189575195,0.9500067830085754,0.010666596703231335,0.005355991423130035,0.24564996361732483,1.2803112268447876,0.022595904767513275,1.114524245262146,1.1838196516036987,1.1156994104385376,1.067150592803955,0.0035466724075376987,0.011396758258342743,0.01745433919131756,1.0963799953460693,0.1504550725221634,1.3131736516952515,0.5210912227630615,0.40934649109840393,0.1816299557685852,0.20765189826488495,1.3594024181365967,0.013273543678224087,1.2098668813705444,1.2454214096069336,1.2291635274887085,0.009716114960610867,0.313475102186203,1.170526385307312,0.26261305809020996,1.360451579093933,1.1639655828475952,0.12117783725261688,0.30074000358581543,1.0966368913650513,0.0,0.9473128914833069,1.3584092855453491,0.0
0,0.19475871324539185,0.017886972054839134,0.5025202631950378,0.2251361459493637,0.2212478071451187,0.23945783078670502,0.0,0.0,0.0,0.0,0.053577765822410583,0.0,0.017222413793206215,0.0,0.881679117679596,0.8897657990455627,0.21703948080539703,0.3206745684146881,0.07503500580787659,0.0,0.0,0.6623126268386841,0.20798717439174652,0.0,0.0,0.003989329095929861,0.20624981820583344,0.018508095294237137,0.3652839958667755,0.0,0.22543764114379883,0.0,0.0,0.21683865785598755,0.08210395276546478,1.206709861755371,0.08607582002878189,0.0,0.27066490054130554,0.0,0.8121904730796814,0.19993172585964203,0.1920519918203354,0.301569402217865,0.0,0.0,1.3278535604476929,0.1538420468568802,0.06675843894481659,0.6817362308502197,0.22053660452365875,0.04567551612854004,0.6851366758346558,0.09588997811079025,0.0,0.17472711205482483,0.0,0.1860053390264511,0.20353740453720093,1.304560899734497,0.21485640108585358,1.1322895288467407,1.4048100709915161,0.1725582778453827,0.24838130176067352,1.2208281755447388,0.09699647128582001,1.1312028169631958,0.16426055133342743,0.0,0.23086105287075043,0.0,0.360170841217041,0.03402496874332428,0.24570316076278687,0.16248348355293274,0.0,0.09729807078838348,0.36811187863349915,0.1838514655828476,0.0,1.2832685708999634,0.9525662660598755,0.1929967701435089,0.0,0.0,0.18976235389709473,0.0,0.1831684410572052,0.0,0.10141138732433319,0.20401841402053833,1.5430976152420044,0.0,0.5503153204917908,1.5372936725616455,0.44984740018844604,0.668556272983551,0.6128302812576294,0.0,0.3955841660499573,0.11776081472635269,0.0,0.14070084691047668,0.0,0.0,0.3419855237007141,0.06512448191642761,0.0,0.15193772315979004,0.0015665044775232673,0.8815370202064514,0.0,0.2853046953678131,0.382522314786911,0.17670020461082458,1.0439692735671997,1.5066157579421997,0.08027879893779755,0.0,0.0,0.2812226116657257,0.061005089432001114,0.21757951378822327,0.0,1.512319564819336,0.05960092693567276,0.13964606821537018,0.21828855574131012,0.16875576972961426,0.20318739116191864,0.15369349718093872,0.16399414837360382,0.3334501385688782,0.2176632583141327,0.0,0.2932590842247009,0.0,0.05866977199912071,0.56453937292099,0.3019736111164093,0.4302675426006317,0.21772977709770203,0.0,0.1630774289369583,0.0,0.0,0.0,0.1934576779603958,0.22126062214374542,0.2213815301656723,0.0378706119954586,0.18152223527431488,0.6799344420433044,0.782463788986206,0.3009387254714966,1.039470911026001,0.22703930735588074,0.2321133315563202,0.8101931810379028,0.15049856901168823,1.3567856550216675,0.1899907886981964,0.13861779868602753,0.0,0.19276966154575348,0.380634605884552,0.0,0.28063705563545227,0.3558374047279358,0.16688841581344604,0.42558753490448,0.16019894182682037,0.9956635236740112,0.01132864411920309,0.0428924635052681,0.0034923022612929344,0.14038828015327454,1.2288254499435425,0.19248509407043457,0.09189032763242722,0.5144962668418884,0.0,0.0,0.0,0.0,0.18989397585391998,0.23849736154079437,0.0,0.4313700497150421,0.20830513536930084,0.014017926529049873,0.0,0.1741936355829239,0.2987782955169678,0.0,0.213013157248497,1.1861793994903564,0.1724729835987091,0.0,1.6209965944290161,0.17763742804527283,0.18778067827224731,0.0,0.014358882792294025,0.21213434636592865,1.167187213897705,0.08309529721736908,0.04435678943991661,0.21531137824058533,0.0,0.0,1.2071917057037354,0.0,0.0005541705177165568,0.9515886306762695,0.1942802369594574,0.0,0.0,0.2031647264957428,0.12241487950086594,1.0239081382751465,0.0,0.2694159150123596,0.14128194749355316,0.0,0.0,0.0,0.2161935418844223,0.21135562658309937,0.2086186707019806,0.14484736323356628,0.25169092416763306,0.0,0.9665419459342957,1.346462368965149,0.8583964705467224,0.5591684579849243,0.0,0.197541743516922,0.0,0.0,0.0,0.222341850399971,1.8041176795959473,0.10561314225196838,0.8741321563720703,0.0,0.0,0.7046689391136169,1.3853931427001953,0.0,0.2405947595834732,0.7934955954551697,0.0,0.157393217086792
1,1.5378618240356445,1.2126888036727905,0.09794288873672485,0.0916488766670227,0.07547038048505783,0.10384006798267365,1.3493077754974365,1.3066973686218262,1.3190804719924927,1.0085928440093994,1.1480237245559692,1.391215205192566,1.4125404357910156,1.248631477355957,0.15633101761341095,0.3969738483428955,0.2725381553173065,0.14090557396411896,1.1986117362976074,1.6377063989639282,1.279740571975708,0.13232487440109253,0.1309598684310913,1.2847651243209839,1.3633191585540771,1.310520052909851,0.13394494354724884,1.1129070520401,0.11812985688447952,1.3857795000076294,1.243006944656372,1.216105580329895,1.2324784994125366,0.10196417570114136,0.4641268849372864,0.24491100013256073,1.3165324926376343,1.444725751876831,0.06758278608322144,1.1272525787353516,0.8578715920448303,0.12271144241094589,0.10341703146696091,0.08823567628860474,1.2539751529693604,1.286801815032959,0.2610537111759186,0.07934931665658951,0.41814059019088745,0.12181868404150009,0.1326427012681961,1.0659877061843872,0.07531005889177322,1.3671014308929443,1.2744923830032349,0.07101859152317047,1.5480369329452515,0.1222408264875412,0.09749717265367508,0.6754201650619507,0.1623508483171463,0.390214204788208,1.5039067268371582,0.248422771692276,0.11374415457248688,0.24557141959667206,1.1769391298294067,0.2619079351425171,0.10513252764940262,1.235216736793518,0.147870272397995,1.168215036392212,0.13029909133911133,0.21543684601783752,0.09844633936882019,0.21862410008907318,1.228346586227417,0.9368030428886414,0.13780489563941956,0.10104844719171524,1.350694179534912,0.2527107894420624,0.1942712962627411,1.252292513847351,1.4327256679534912,0.8854812383651733,0.1579519808292389,1.4057847261428833,1.1836298704147339,1.351987600326538,1.3246746063232422,0.17887887358665466,0.26654741168022156,1.3205205202102661,0.15777425467967987,0.26068761944770813,0.15441983938217163,0.8021692037582397,0.12780238687992096,1.2612031698226929,0.08563611656427383,1.2819688320159912,1.4033300876617432,0.1737101525068283,1.198226809501648,1.264485239982605,0.10118544846773148,1.2715190649032593,1.109451174736023,0.13745665550231934,1.3813649415969849,0.2303307205438614,1.1924970149993896,0.08728446811437607,0.12031663954257965,0.0902567133307457,0.20101797580718994,0.22386310994625092,1.2343814373016357,1.299810767173767,1.413561224937439,1.198011040687561,1.2499622106552124,0.08662793040275574,1.0827484130859375,0.24903513491153717,1.326472520828247,0.17533163726329803,0.13887587189674377,0.08161863684654236,0.14178766310214996,0.15095531940460205,0.08436734229326248,0.07462920993566513,0.1342555433511734,1.3849607706069946,0.12066510319709778,1.3323553800582886,1.3712282180786133,0.10561561584472656,0.10031572729349136,0.09373334050178528,0.14733390510082245,1.3248182535171509,0.1486799567937851,1.285040259361267,1.3924437761306763,1.3001068830490112,0.15164285898208618,0.10986537486314774,0.13458171486854553,1.358863115310669,0.14138591289520264,0.15964917838573456,1.0285245180130005,0.1056322529911995,0.20532645285129547,0.09363650530576706,0.08014684915542603,1.2887042760849,0.12026294320821762,0.26483154296875,1.3899480104446411,0.1944063901901245,1.3524901866912842,0.11124477535486221,0.10893897712230682,1.34055757522583,1.2974354028701782,0.11934065073728561,0.22192707657814026,0.11374243348836899,1.31037175655365,1.437717080116272,1.19634211063385,1.1341667175292969,1.1394317150115967,0.25105294585227966,0.23799563944339752,0.10579770803451538,0.7798229455947876,0.13450349867343903,1.1008806228637695,1.4994159936904907,1.0632070302963257,1.3273861408233643,1.1802135705947876,0.17475780844688416,1.3125759363174438,0.025493549183011055,0.16118766367435455,1.2982693910598755,1.5077556371688843,0.22644950449466705,0.07078640162944794,1.3956527709960938,0.11054465919733047,0.2423914670944214,0.17860999703407288,1.2997950315475464,0.25545695424079895,0.1843084692955017,0.1356702446937561,1.3795137405395508,1.1749082803726196,0.1169528141617775,0.18643245100975037,1.381013035774231,1.447808861732483,0.11030632257461548,1.2646660804748535,1.3607407808303833,0.2481706589460373,1.130660891532898,0.8920413851737976,0.2391519695520401,0.18994979560375214,1.2398996353149414,0.9222615361213684,0.13532009720802307,0.16599571704864502,0.19733615219593048,1.409816861152649,0.0936003178358078,1.3406758308410645,1.2074882984161377,1.069772720336914,1.1675469875335693,0.09876015037298203,0.13800367712974548,0.13329191505908966,1.2569578886032104,0.30073082447052,1.4818840026855469,0.4155447483062744,0.4172647297382355,0.1669243574142456,0.16879144310951233,1.4975700378417969,0.10621854662895203,1.2978496551513672,1.345504879951477,1.2780035734176636,0.0983520969748497,0.2567351758480072,1.2646385431289673,0.22812020778656006,1.506399393081665,1.3350791931152344,0.14601750671863556,0.2522405683994293,1.1820529699325562,0.15440353751182556,0.9985471963882446,1.4461297988891602,0.10972549766302109
1,0.6714053153991699,0.23289209604263306,0.31749486923217773,0.0,0.01419616024941206,0.0,0.10666061192750931,0.17735888063907623,0.09895773977041245,0.0826323851943016,0.34018003940582275,0.06169244647026062,0.18285703659057617,0.12333056330680847,0.8259238600730896,1.16342031955719,0.0,0.12158102542161942,0.3163968026638031,0.04055014252662659,0.21712152659893036,0.3621314764022827,0.0,0.1307182013988495,0.17178495228290558,0.16045749187469482,0.0,0.21939469873905182,0.09025832265615463,0.08848246186971664,0.4533102512359619,0.18780483305454254,0.10464028269052505,0.006461152341216803,0.46992063522338867,1.3559389114379883,0.2893643081188202,0.09311959147453308,0.0,0.25986310839653015,0.7427342534065247,0.0,0.0,0.08172514289617538,0.13289222121238708,0.16609224677085876,1.4517344236373901,0.0,0.346315860748291,0.486469030380249,0.0,0.4097594916820526,0.5162713527679443,0.32898184657096863,0.08687455207109451,0.0,0.09680735319852829,0.0,0.0,1.8195676803588867,0.0,1.418507695198059,2.004819869995117,0.00507538765668869,0.0,1.3770689964294434,0.3542259931564331,1.3996673822402954,0.007391910534352064,0.15669234097003937,0.0,0.21491803228855133,0.10576418042182922,0.06569449603557587,0.0,0.00522897532209754,0.14787894487380981,0.48957160115242004,0.28221189975738525,0.0,0.11324316263198853,1.389480710029602,0.9175384044647217,0.5599763989448547,0.09522183984518051,0.1434299647808075,0.0,0.08735215663909912,0.5445459485054016,0.17376822233200073,0.4642857611179352,0.0,1.5767360925674438,0.0721726194024086,0.5246920585632324,1.5798488855361938,0.28551116585731506,0.970621645450592,0.37078389525413513,0.11575280874967575,0.08678952604532242,0.3506051003932953,0.11168885231018066,0.0,0.13292260468006134,0.11318478733301163,0.13286767899990082,0.27621179819107056,0.14186163246631622,0.0,0.27031123638153076,1.1109814643859863,0.020318087190389633,0.050240591168403625,0.6794978976249695,0.0,1.092361330986023,1.4303511381149292,0.28605541586875916,0.09375069290399551,0.1843472570180893,0.4583722651004791,0.35986414551734924,0.0,0.13487105071544647,1.5160478353500366,0.3424184024333954,0.0,0.0,0.0,0.0,0.0,0.0,0.053666453808546066,0.0,0.11413133144378662,0.062312934547662735,0.13432630896568298,0.2984906733036041,0.32507678866386414,0.07058532536029816,0.19781161844730377,0.0,0.103365957736969,0.0,0.0816057026386261,0.14880642294883728,0.10711246728897095,0.0,0.0,0.0,0.3455890715122223,0.0,0.49986258149147034,0.9177796244621277,0.11618510633707047,1.1392402648925781,0.0,0.0,1.0211735963821411,0.00917393621057272,1.421446681022644,0.5780290961265564,0.0,0.1596781462430954,0.0,0.12042411416769028,0.16973070800304413,0.6378369927406311,0.16275641322135925,0.0,0.14778538048267365,0.35114383697509766,1.1304136514663696,0.2847723960876465,0.327060341835022,0.22584281861782074,0.01686355471611023,1.3187841176986694,0.0,0.0,0.28924909234046936,0.15211187303066254,0.06423207372426987,0.11710598319768906,0.1608477234840393,0.4989670515060425,0.0,0.11395376175642014,0.28297922015190125,0.00012164569488959387,0.19728390872478485,0.0680873692035675,0.0,0.12571923434734344,0.12846726179122925,0.0,1.3122981786727905,0.0,0.13503290712833405,1.6552554368972778,0.014690299518406391,0.0,0.067434161901474,0.24935144186019897,0.0,1.1642415523529053,0.28715601563453674,0.32374876737594604,0.0,0.1120169535279274,0.14072725176811218,1.2895609140396118,0.13415095210075378,0.29264524579048157,1.1292539834976196,0.005982061382383108,0.1781892627477646,0.2016974240541458,0.0,0.0,1.0173176527023315,0.24901138246059418,0.061593156307935715,0.27175161242485046,0.1309501975774765,0.2546257972717285,0.0964268147945404,0.0,0.0,0.0,0.35730528831481934,0.0,0.04506077989935875,1.2274963855743408,1.5659313201904297,0.7253050804138184,0.5830861926078796,0.1308368593454361,0.0,0.11340850591659546,0.10280009359121323,0.11739436537027359,0.0,1.7573057413101196,0.37710586190223694,1.1271045207977295,0.12094655632972717,0.07185912877321243,0.526787281036377,1.5609077215194702,0.08824402838945389,0.0,1.1054377555847168,0.09004140645265579,0.0
1,1.382226586341858,0.8811303973197937,0.18686218559741974,0.09952304512262344,0.07596056908369064,0.10917831212282181,0.9004570245742798,0.9126102328300476,0.9057174324989319,0.657191812992096,0.8608110547065735,0.9707149863243103,1.039703130722046,0.8064832091331482,0.31079551577568054,0.7201572060585022,0.2896025776863098,0.17048712074756622,0.9187150597572327,1.060289978981018,0.8774566054344177,0.20575805008411407,0.14024654030799866,0.8527509570121765,0.9585044384002686,1.0273807048797607,0.1469855159521103,0.8455898761749268,0.12871576845645905,0.8998258113861084,1.0482070446014404,0.851978063583374,0.8160120248794556,0.10231812298297882,0.36311355233192444,0.6791087985038757,1.0230144262313843,0.9792654514312744,0.0711086317896843,0.7998515963554382,0.957797110080719,0.1309516876935959,0.10859114676713943,0.10312532633543015,0.8225662112236023,0.9095404148101807,0.7577285170555115,0.0838676393032074,0.34463217854499817,0.2331150621175766,0.1418026238679886,0.8534454107284546,0.26356884837150574,1.0603054761886597,0.8275272250175476,0.07465853542089462,0.9897000789642334,0.12833815813064575,0.10279328376054764,1.3359191417694092,0.17393942177295685,0.8829579949378967,1.8725409507751465,0.26037290692329407,0.12070254981517792,0.6435313820838928,0.8892633318901062,0.680311918258667,0.11131946742534637,0.7904085516929626,0.1583995521068573,0.830974817276001,0.14671285450458527,0.14166542887687683,0.10382628440856934,0.24627423286437988,0.7938899993896484,0.8661471009254456,0.16910776495933533,0.10613048076629639,0.900448203086853,0.6607386469841003,0.39115241169929504,1.1598759889602661,0.9989168643951416,0.5488502979278564,0.17019852995872498,0.9043088555335999,1.0696216821670532,0.9108579158782959,1.082433819770813,0.1899425983428955,0.8626986145973206,0.8169746994972229,0.22676023840904236,0.8113986849784851,0.1996542364358902,0.9302725195884705,0.20056948065757751,0.8291026949882507,0.10080129653215408,1.0253069400787354,0.9352367520332336,0.18498729169368744,0.7896730899810791,0.8739427924156189,0.12711535394191742,0.9359956383705139,0.7243503332138062,0.1461002081632614,0.9950307607650757,0.494759738445282,0.7363957762718201,0.1023065373301506,0.2765594720840454,0.09475725144147873,0.4838598072528839,0.7866367697715759,0.9407387375831604,0.8524668216705322,0.979281485080719,1.0542826652526855,0.9884834885597229,0.09112464636564255,0.7332543730735779,0.8011385202407837,0.9983219504356384,0.18723458051681519,0.14714983105659485,0.08585599064826965,0.15124809741973877,0.16184744238853455,0.0900663211941719,0.0845583826303482,0.14514604210853577,0.9318513870239258,0.13082605600357056,0.9051452875137329,1.04710054397583,0.1945614367723465,0.11835894733667374,0.16985295712947845,0.15747815370559692,0.8588399291038513,0.15743927657604218,0.8878934383392334,0.9699755311012268,0.8367412090301514,0.16321927309036255,0.11702635139226913,0.14199838042259216,1.0418882369995117,0.15169192850589752,0.27604010701179504,1.1202175617218018,0.11500664055347443,0.5112107992172241,0.09827519208192825,0.0844784677028656,1.4549736976623535,0.12677425146102905,0.64670729637146,1.2027812004089355,0.21062909066677094,0.9147163033485413,0.11710088700056076,0.13365763425827026,0.8936014175415039,1.177738070487976,0.14752613008022308,0.22733479738235474,0.14130668342113495,1.0963603258132935,1.445299744606018,0.9382259249687195,0.9151191115379333,0.7989845871925354,0.271573930978775,0.6267806887626648,0.11093172430992126,0.5386927127838135,0.18686972558498383,0.7262030243873596,0.981548547744751,0.7007993459701538,0.9090820550918579,1.0569143295288086,0.18715383112430573,0.8548067212104797,0.14447487890720367,0.17564773559570312,0.9142177104949951,0.9975066781044006,0.24792379140853882,0.13787724077701569,0.9104427099227905,0.11601614952087402,0.6358819603919983,0.19234256446361542,0.8545438647270203,0.9128054976463318,0.2015698105096817,0.14404621720314026,0.8898439407348633,0.8457857370376587,0.12277014553546906,0.5258721709251404,1.063556432723999,1.101805567741394,0.11558215320110321,0.8307628631591797,0.9529371857643127,0.6333956718444824,0.7323070764541626,0.6754907369613647,0.495627760887146,0.20665888488292694,0.8717761635780334,0.6429018378257751,0.14534148573875427,0.17257186770439148,0.4550899565219879,1.0422720909118652,0.10787368565797806,1.0418338775634766,0.7646040320396423,0.7647285461425781,0.7983289957046509,0.10375876724720001,0.14620345830917358,0.1397908329963684,1.0010912418365479,0.29372164607048035,0.9450405240058899,0.7235392928123474,0.9667282700538635,0.3368622064590454,0.23936162889003754,1.0133954286575317,0.11464668065309525,0.862174391746521,0.8827196359634399,0.8392783999443054,0.10339107364416122,0.9231410622596741,0.9763705730438232,0.5171675086021423,0.987248420715332,0.894426167011261,0.27516210079193115,0.7468404769897461,0.768924355506897,0.16679798066616058,1.182205319404602,0.9144873023033142,0.11519594490528107
1,1.5182130336761475,1.1934442520141602,0.09637922048568726,0.09499545395374298,0.07582854479551315,0.10443142056465149,1.3327556848526,1.2957161664962769,1.305388331413269,0.9926366209983826,1.1418943405151367,1.3799819946289062,1.4004151821136475,1.2372528314590454,0.14306864142417908,0.39726144075393677,0.27568644285202026,0.14546148478984833,1.1894371509552002,1.6180042028427124,1.258335828781128,0.12924757599830627,0.13412904739379883,1.2718571424484253,1.345434546470642,1.2944070100784302,0.13980455696582794,1.0977239608764648,0.11954497545957565,1.3688875436782837,1.22492253780365,1.2137359380722046,1.221921682357788,0.10132315009832382,0.46281561255455017,0.23634149134159088,1.3068944215774536,1.4348927736282349,0.06801693141460419,1.1360591650009155,0.8255251049995422,0.12507984042167664,0.10386978089809418,0.08832988888025284,1.241500973701477,1.270749807357788,0.25456658005714417,0.0803087055683136,0.43517184257507324,0.11992361396551132,0.13543811440467834,1.0640982389450073,0.06951004266738892,1.362581491470337,1.2606935501098633,0.07141251862049103,1.5313732624053955,0.12275824695825577,0.0983240082859993,0.6773172616958618,0.16621747612953186,0.3911409378051758,1.4979312419891357,0.24484306573867798,0.11543352901935577,0.23287883400917053,1.1614043712615967,0.25837185978889465,0.106255903840065,1.2219054698944092,0.15121610462665558,1.1530877351760864,0.13057836890220642,0.21547141671180725,0.09934175759553909,0.2248510718345642,1.2201950550079346,0.9335165619850159,0.13969092071056366,0.10151611268520355,1.3393882513046265,0.24244146049022675,0.17700232565402985,1.2516124248504639,1.4204272031784058,0.8777099251747131,0.16083399951457977,1.3910746574401855,1.1691416501998901,1.3390806913375854,1.3137520551681519,0.1817098706960678,0.25881898403167725,1.301387906074524,0.15766115486621857,0.2467677891254425,0.15517288446426392,0.7981154322624207,0.125558003783226,1.2487444877624512,0.08391314744949341,1.262049674987793,1.3877323865890503,0.17652244865894318,1.1914618015289307,1.2513353824615479,0.10180721431970596,1.2523760795593262,1.108883023262024,0.13969473540782928,1.3710922002792358,0.22658254206180573,1.1717438697814941,0.08669278025627136,0.11505624651908875,0.09063736349344254,0.18855327367782593,0.21164581179618835,1.2158244848251343,1.2837636470794678,1.4038352966308594,1.1807756423950195,1.233322024345398,0.08716271072626114,1.0850874185562134,0.23969519138336182,1.3159518241882324,0.17736807465553284,0.14078748226165771,0.08212311565876007,0.1445195972919464,0.15450288355350494,0.08595868200063705,0.07506012171506882,0.13824692368507385,1.3751012086868286,0.12107713520526886,1.3214085102081299,1.357443928718567,0.10512638837099075,0.10058040171861649,0.09308025985956192,0.15049521625041962,1.3162084817886353,0.15050625801086426,1.2732875347137451,1.3792328834533691,1.2859899997711182,0.1556897759437561,0.11193887144327164,0.1356491595506668,1.3380032777786255,0.1448046714067459,0.14998053014278412,1.017587661743164,0.10772430151700974,0.18780305981636047,0.09400235116481781,0.08080549538135529,1.2589149475097656,0.12001568078994751,0.25513947010040283,1.3746224641799927,0.19780661165714264,1.346350073814392,0.11200952529907227,0.10838583111763,1.3290550708770752,1.2875138521194458,0.11798591911792755,0.22111226618289948,0.11283766478300095,1.2903865575790405,1.4070675373077393,1.1891242265701294,1.1209743022918701,1.1386393308639526,0.25674986839294434,0.2226967215538025,0.10610860586166382,0.7629103660583496,0.1346816122531891,1.097019076347351,1.4882235527038574,1.0575579404830933,1.3089603185653687,1.1711732149124146,0.17860524356365204,1.3058875799179077,0.02268979512155056,0.1669076681137085,1.2758768796920776,1.4936047792434692,0.23159319162368774,0.0712609589099884,1.3840774297714233,0.11097195744514465,0.22877290844917297,0.18238191306591034,1.2970023155212402,0.2447645217180252,0.1883978396654129,0.1378098428249359,1.3754909038543701,1.169256329536438,0.11743231117725372,0.16836880147457123,1.3668389320373535,1.4418660402297974,0.11045260727405548,1.2534821033477783,1.3483059406280518,0.2436710000038147,1.128516674041748,0.89506995677948,0.22818899154663086,0.19337241351604462,1.2255113124847412,0.9203673005104065,0.13851498067378998,0.16574786603450775,0.1837093085050583,1.4004008769989014,0.09364371746778488,1.3138492107391357,1.1992616653442383,1.0710774660110474,1.1523104906082153,0.099247507750988,0.13977643847465515,0.1334582269191742,1.2385890483856201,0.3011128902435303,1.472835898399353,0.41899657249450684,0.41253024339675903,0.1634560376405716,0.16750694811344147,1.4840503931045532,0.1094142273068428,1.2852840423583984,1.3286737203598022,1.2706575393676758,0.09889581799507141,0.2417207807302475,1.2485491037368774,0.21880054473876953,1.4864811897277832,1.3172379732131958,0.1461929827928543,0.24087628722190857,1.162075400352478,0.1589909940958023,0.9922319650650024,1.4268934726715088,0.11018740385770798
1,0.7919084429740906,0.301082044839859,0.35621392726898193,0.0,0.00909030344337225,0.0,0.15085051953792572,0.2272828370332718,0.14130522310733795,0.12987767159938812,0.37116023898124695,0.11885137110948563,0.2564701735973358,0.17487065494060516,0.7851155400276184,1.2185896635055542,0.0,0.1119246706366539,0.3822665512561798,0.08520263433456421,0.2753225564956665,0.33121171593666077,0.0,0.17757545411586761,0.2346058487892151,0.22573865950107574,0.0,0.28583478927612305,0.07609526067972183,0.13707371056079865,0.5592864155769348,0.2234611064195633,0.15288500487804413,0.0,0.45591285824775696,1.373669147491455,0.3902145326137543,0.14561642706394196,0.0,0.2992030382156372,0.8924903869628906,0.0,0.0,0.07200589776039124,0.1811801940202713,0.22705064713954926,1.503703236579895,0.0,0.3820827007293701,0.4641268253326416,0.0,0.44118914008140564,0.5808765888214111,0.4050903618335724,0.13476620614528656,0.0,0.15504461526870728,0.0,0.0,1.9501947164535522,0.0,1.4834271669387817,2.1660187244415283,0.0,0.0,1.3720954656600952,0.42042985558509827,1.4053950309753418,0.0,0.20383508503437042,0.0,0.2705906331539154,0.08955111354589462,0.04895050823688507,0.0,0.004337223246693611,0.1962893009185791,0.566523551940918,0.23631404340267181,0.0,0.16083796322345734,1.373915195465088,0.8877082467079163,0.6441953778266907,0.14956775307655334,0.1867513209581375,0.0,0.1415581852197647,0.6490790843963623,0.22759020328521729,0.5371951460838318,0.0,1.6546868085861206,0.12005728483200073,0.4748690128326416,1.6334115266799927,0.2455054074525833,1.0511757135391235,0.34650716185569763,0.1605534553527832,0.07762385159730911,0.43869519233703613,0.16212843358516693,0.0,0.1856897622346878,0.15411198139190674,0.11296959966421127,0.32854247093200684,0.18777316808700562,0.0,0.3124246299266815,1.0857690572738647,0.04976804554462433,0.05489148572087288,0.5830006003379822,0.0,1.0682920217514038,1.5118910074234009,0.3547825515270233,0.1444108933210373,0.23522089421749115,0.5651815533638,0.4231574237346649,0.0,0.17369218170642853,1.601533055305481,0.4149418771266937,0.0,0.0,0.0,0.0,0.0,0.0,0.044109463691711426,0.0,0.16250105202198029,0.053837526589632034,0.18244676291942596,0.3760252296924591,0.322262704372406,0.06756439805030823,0.21367812156677246,0.0,0.1622355580329895,0.0,0.12660714983940125,0.2097080945968628,0.1566668599843979,0.0,0.0,0.0,0.4298710823059082,0.0,0.48344746232032776,1.0409083366394043,0.08128903061151505,1.1292797327041626,0.0,0.0,1.1967898607254028,0.0,1.3943651914596558,0.6683477759361267,0.0,0.20917828381061554,0.0,0.11438122391700745,0.2230714112520218,0.7505223751068115,0.14184923470020294,0.0,0.12998633086681366,0.44787630438804626,1.2439134120941162,0.3399685323238373,0.3998889923095703,0.25196340680122375,0.007295887917280197,1.3158963918685913,0.0,0.0,0.25382354855537415,0.2004965990781784,0.10874136537313461,0.16867291927337646,0.22010649740695953,0.5761507153511047,0.0,0.16610927879810333,0.36734235286712646,0.0,0.2666711211204529,0.1261606365442276,0.0,0.13989649713039398,0.1807934045791626,0.0,1.3187575340270996,0.0,0.18466365337371826,1.7470284700393677,0.00477933045476675,0.0,0.12013626843690872,0.29630523920059204,0.0,1.157180666923523,0.37414202094078064,0.4277222454547882,0.0,0.15703773498535156,0.1981348991394043,1.3120564222335815,0.17540805041790009,0.3317773640155792,1.0973018407821655,0.0,0.23509086668491364,0.2248961478471756,0.0,0.0,1.0081908702850342,0.3157481253147125,0.05568518117070198,0.37040701508522034,0.16956157982349396,0.29514583945274353,0.1468867063522339,0.0,0.0,0.0,0.4427383244037628,0.0,0.09109779447317123,1.2681676149368286,1.6502904891967773,0.7111273407936096,0.5204817056655884,0.19365034997463226,0.0,0.16678424179553986,0.1548892855644226,0.1700660139322281,0.0,1.8796272277832031,0.44139420986175537,1.0736021995544434,0.16839011013507843,0.11404001712799072,0.49775752425193787,1.6175273656845093,0.12472022324800491,0.0,1.2026777267456055,0.14662747085094452,0.0
0,0.09453393518924713,0.011485695838928223,0.5970467925071716,0.3505305349826813,0.2939046025276184,0.3377821445465088,0.0,0.0,0.0,0.0,0.0650966614484787,0.0,0.004721221514046192,0.0,0.8048815131187439,0.7707098722457886,0.38825318217277527,0.42471811175346375,0.04556077718734741,0.010642772540450096,0.0023175436072051525,0.616363525390625,0.3914046883583069,0.0,0.0,0.0,0.3450641334056854,0.00730541767552495,0.3592340648174286,0.0,0.11842604726552963,0.0,0.0,0.31468942761421204,0.19205236434936523,1.0118926763534546,0.026559116318821907,0.0,0.3503299057483673,0.01031800452619791,0.44815000891685486,0.38601964712142944,0.3620217442512512,0.356697142124176,0.0,0.0,1.0721008777618408,0.29607251286506653,0.09914278239011765,0.6507498025894165,0.3872974216938019,0.052017729729413986,0.45561376214027405,0.058391816914081573,0.0,0.307513952255249,0.0,0.34703198075294495,0.3584253489971161,0.9727686643600464,0.3859369158744812,0.8910135626792908,1.134275197982788,0.3547862470149994,0.3429111838340759,1.0508519411087036,0.07813848555088043,1.0027971267700195,0.3489801287651062,0.0,0.4190579354763031,0.0,0.40731868147850037,0.05343233793973923,0.3518195152282715,0.24062928557395935,0.0,0.06880166381597519,0.4057328701019287,0.36355453729629517,0.0,1.0978963375091553,0.8488249182701111,0.11853202432394028,0.0,0.0,0.3762304484844208,0.0,0.09764691442251205,0.0,0.06931667774915695,0.4333767592906952,1.2014816999435425,0.0,0.5794820785522461,1.1662038564682007,0.5938462615013123,0.5426056981086731,0.5972247123718262,0.0,0.40503183007240295,0.06269527971744537,0.0,0.3631834387779236,0.0,0.0,0.41346558928489685,0.029371993616223335,8.423779217991978e-05,0.3289046883583069,0.0034086499363183975,0.8363361358642578,0.0061384993605315685,0.41441208124160767,0.4253067076206207,0.32766297459602356,0.8942193984985352,1.099676489830017,0.023213345557451248,0.0,0.0,0.12746353447437286,0.027194956317543983,0.31913813948631287,0.0,1.1215132474899292,0.04550870880484581,0.31042489409446716,0.3946961760520935,0.33247441053390503,0.39703133702278137,0.3535641133785248,0.32927650213241577,0.3741956353187561,0.32106566429138184,0.0,0.3886823356151581,0.0,0.03142338618636131,0.5646107792854309,0.3914075493812561,0.41411611437797546,0.33403411507606506,0.0,0.3584502637386322,0.0,0.0,0.0,0.37163740396499634,0.3750820755958557,0.3693341612815857,0.028708970174193382,0.3561561107635498,0.672131359577179,0.5456547141075134,0.3833768367767334,0.903680682182312,0.4054291844367981,0.34736672043800354,0.5193971395492554,0.28000131249427795,1.1966190338134766,0.12571564316749573,0.3518655002117157,0.0,0.3541683852672577,0.3920123279094696,0.0,0.18309037387371063,0.43294599652290344,0.2891080975532532,0.4773492217063904,0.06039586290717125,0.7321048974990845,0.006249592639505863,0.03158154711127281,0.0028212915640324354,0.37098386883735657,1.0293161869049072,0.3401295244693756,0.24068142473697662,0.5758692622184753,0.0,0.0,0.0,0.0,0.09844671189785004,0.3887264132499695,0.0,0.38155820965766907,0.37943533062934875,0.012443308718502522,0.0,0.29506856203079224,0.367981493473053,0.0,0.34302905201911926,0.9988036751747131,0.36563047766685486,0.0,1.1981319189071655,0.38941988348960876,0.3994455933570862,0.0,0.015497565269470215,0.3766475319862366,0.9449415802955627,0.035200994461774826,0.018499089404940605,0.3426339030265808,0.0,0.0,1.0596352815628052,0.0,0.0030799326486885548,0.9120063185691833,0.40216827392578125,0.0,0.019744770601391792,0.4098871648311615,0.31302616000175476,0.9126783609390259,0.0031886748038232327,0.3540332019329071,0.0533987320959568,0.0,0.010267749428749084,0.0,0.3480736315250397,0.389319509267807,0.347324401140213,0.0685526579618454,0.33286359906196594,0.0,0.7975825071334839,1.0515410900115967,0.7695622444152832,0.551095187664032,0.0,0.33376601338386536,0.0,0.0,0.0,0.340911328792572,1.282978892326355,0.062043510377407074,0.8067556619644165,0.0,0.0,0.68701171875,1.1372195482254028,0.0,0.3807202875614166,0.571145236492157,0.0,0.37441232800483704
1,0.8719258308410645,0.5392931699752808,0.1941501796245575,0.023733848705887794,0.019741013646125793,0.016703996807336807,0.5127485990524292,0.5485638976097107,0.510353147983551,0.4102379381656647,0.5980544090270996,0.557822585105896,0.5669792294502258,0.46952247619628906,0.5315305590629578,0.873482346534729,0.05946242809295654,0.13902530074119568,0.5958345532417297,0.5653217434883118,0.571915864944458,0.28084731101989746,0.022413166239857674,0.5226122736930847,0.5513361096382141,0.5445343255996704,0.022517530247569084,0.4754924774169922,0.11681519448757172,0.5075138211250305,0.6242881417274475,0.5148916840553284,0.5049630999565125,0.03074513003230095,0.49232250452041626,0.8619529008865356,0.6010173559188843,0.5506575703620911,0.0025111541617661715,0.4897805452346802,0.5580052733421326,0.019395483657717705,0.018184682354331017,0.08529496937990189,0.4832194745540619,0.5518344640731812,0.9223577976226807,0.01968877948820591,0.4556383192539215,0.3541547954082489,0.032053109258413315,0.6044579148292542,0.31032794713974,0.6456134915351868,0.4632461369037628,0.0069363778457045555,0.5694680213928223,0.028976088389754295,0.011621534824371338,1.232895851135254,0.030636854469776154,0.9407727718353271,1.715181589126587,0.05748922377824783,0.029062828049063683,0.8431947231292725,0.6130875945091248,0.8831272125244141,0.04254743456840515,0.4852454960346222,0.031023798510432243,0.5145909786224365,0.1185196191072464,0.1579645574092865,0.026718366891145706,0.048197973519563675,0.4999791085720062,0.5850685238838196,0.2587680220603943,0.016673753038048744,0.5145212411880493,0.8933830857276917,0.6301360726356506,0.7448280453681946,0.5537598729133606,0.3910670876502991,0.03840726241469383,0.5150449275970459,0.6665410399436951,0.5520628094673157,0.7050677537918091,0.030653206631541252,0.9936551451683044,0.4885329306125641,0.39557021856307983,0.9505299925804138,0.2696266770362854,0.8552302718162537,0.28379353880882263,0.4865381121635437,0.08377852290868759,0.614632785320282,0.5454002618789673,0.03567954897880554,0.47686779499053955,0.4896702170372009,0.13346529006958008,0.577458381652832,0.49235790967941284,0.04668702185153961,0.611326277256012,0.7130060791969299,0.3877171277999878,0.039898552000522614,0.32124748826026917,0.0006653917371295393,0.6748595237731934,0.8611929416656494,0.5426554679870605,0.4763633608818054,0.5998377799987793,0.6106328368186951,0.5857310891151428,0.01689297705888748,0.4783403277397156,0.9093030095100403,0.6489608287811279,0.042628493160009384,0.026660742238163948,0.009645454585552216,0.022281747311353683,0.029091503471136093,0.013159622438251972,0.05084607005119324,0.02566138468682766,0.5452470779418945,0.0809556171298027,0.5339558124542236,0.6292581558227539,0.22801494598388672,0.07201339304447174,0.12740373611450195,0.04378898814320564,0.49707305431365967,0.030225178226828575,0.49972429871559143,0.5670194029808044,0.5081104040145874,0.034876927733421326,0.018427571281790733,0.0188890527933836,0.6563888788223267,0.030717814341187477,0.3518097996711731,0.8428062200546265,0.1241229698061943,0.7212181687355042,0.018085932359099388,0.011816597543656826,0.8410642743110657,0.044453248381614685,0.9358632564544678,0.7841144800186157,0.03864851966500282,0.5595353841781616,0.021664928644895554,0.1350049376487732,0.5426753163337708,0.7816454172134399,0.1690097451210022,0.07600206136703491,0.14973261952400208,0.5781403183937073,1.1439647674560547,0.5544937252998352,0.5523911118507385,0.5041529536247253,0.050451263785362244,0.8224272727966309,0.034996651113033295,0.2033294439315796,0.24702775478363037,0.47021082043647766,0.5284500122070312,0.49261239171028137,0.5303071737289429,0.6539002060890198,0.03452757000923157,0.5009954571723938,0.10722494125366211,0.03594781458377838,0.5574649572372437,0.5260383486747742,0.05255370959639549,0.06485415995121002,0.5602554678916931,0.026147449389100075,0.8458497524261475,0.04051655903458595,0.481915682554245,0.9731128811836243,0.04390644654631615,0.022664953023195267,0.5353319048881531,0.5425171852111816,0.024001188576221466,0.7072244882583618,0.5857781767845154,0.6898015737533569,0.030266402289271355,0.5024819374084473,0.5445476770401001,0.8900194764137268,0.4675235450267792,0.4700641632080078,0.7634457349777222,0.03966869041323662,0.518842875957489,0.4678289592266083,0.024031061679124832,0.029648136347532272,0.691509485244751,0.6107468605041504,0.06446192413568497,0.5553819537162781,0.45127955079078674,0.5600975155830383,0.4571800231933594,0.02300574816763401,0.023250415921211243,0.025713875889778137,0.5883072018623352,0.06826470792293549,0.531885027885437,0.8250598907470703,0.9579620957374573,0.5102104544639587,0.503253698348999,0.6544868350028992,0.033452846109867096,0.5104774236679077,0.5131379961967468,0.5251139402389526,0.016116946935653687,1.0153071880340576,0.6406680941581726,0.7289382219314575,0.5617064833641052,0.489702045917511,0.35592326521873474,0.9205909371376038,0.42973390221595764,0.038746196776628494,0.9471626281738281,0.5370380282402039,0.010122195817530155
0,0.3804848790168762,0.07659081369638443,0.4141935706138611,0.16656769812107086,0.1309790164232254,0.1502014547586441,0.0,0.0,0.0,0.0,0.11682800203561783,0.0,0.07832950353622437,0.0,0.962260901927948,1.1022655963897705,0.14480797946453094,0.23902790248394012,0.14027708768844604,0.0,0.006710199173539877,0.5690667033195496,0.14133402705192566,0.0,0.0,0.06445502489805222,0.14976392686367035,0.08535881340503693,0.2034321129322052,0.0,0.37377873063087463,0.0,0.0,0.14099879562854767,0.13360477983951569,1.4480363130569458,0.1614508181810379,0.0,0.17109200358390808,0.0,1.0353480577468872,0.1500587910413742,0.14543628692626953,0.2262401133775711,0.0,0.005020246375352144,1.5455583333969116,0.14920102059841156,0.05886220559477806,0.7394108772277832,0.15056326985359192,0.1720976084470749,0.6292427182197571,0.1592014878988266,0.0,0.13315291702747345,0.0,0.13123954832553864,0.14118508994579315,1.7759584188461304,0.14346911013126373,1.4639643430709839,1.7730313539505005,0.08110073953866959,0.18274028599262238,1.4338549375534058,0.1477680206298828,1.4278408288955688,0.1402130424976349,0.0,0.1718510538339615,0.0011956311063840985,0.22921259701251984,0.024813735857605934,0.1684139519929886,0.06247260048985481,0.0,0.25329113006591797,0.2972452938556671,0.1364816129207611,0.0,1.5650261640548706,1.012312650680542,0.4306458830833435,0.0041826642118394375,0.0,0.15647760033607483,0.0,0.353445440530777,0.0,0.21700896322727203,0.13350994884967804,1.727675437927246,0.0,0.516335666179657,1.8277653455734253,0.3663206398487091,0.8486737608909607,0.5484453439712524,0.0,0.260362833738327,0.22504130005836487,0.0,0.12884579598903656,0.0,0.0,0.30824407935142517,0.14113855361938477,0.0,0.1473030149936676,0.03324113041162491,0.9916406273841858,0.0,0.20578335225582123,0.6735726594924927,0.10972326248884201,1.2014808654785156,1.727015733718872,0.16697916388511658,0.0,0.0,0.44159847497940063,0.17065665125846863,0.14289355278015137,0.0,1.787253499031067,0.1669164001941681,0.15085862576961517,0.14175033569335938,0.13626526296138763,0.15510067343711853,0.13188819587230682,0.1454213708639145,0.2237880378961563,0.11793016642332077,0.0,0.19348964095115662,0.0,0.14941763877868652,0.5270401239395142,0.21138431131839752,0.4218156039714813,0.17926299571990967,0.0,0.1261909306049347,0.0,0.0,0.0,0.1735239028930664,0.1880229413509369,0.1501806080341339,0.12546119093894958,0.1333918273448944,0.6564298272132874,0.9853044152259827,0.22773246467113495,1.174088478088379,0.18200060725212097,0.15756568312644958,1.1248983144760132,0.15216004848480225,1.5710545778274536,0.3775559961795807,0.1256343424320221,0.0,0.13482140004634857,0.3050578534603119,0.0,0.4694531559944153,0.26722702383995056,0.12770868837833405,0.32741451263427734,0.2936439514160156,1.2097293138504028,0.07106395810842514,0.1455889791250229,0.02343272790312767,0.10788263380527496,1.425373911857605,0.17099186778068542,0.09595374017953873,0.4069426655769348,0.0,0.0,0.0,0.0,0.37585875391960144,0.1466110795736313,0.0,0.4427807629108429,0.13417157530784607,0.05914630740880966,0.0,0.1312844455242157,0.29062849283218384,0.0,0.15230537950992584,1.4325670003890991,0.1365908980369568,0.0,1.9564546346664429,0.15742981433868408,0.12772658467292786,0.0,0.045298781245946884,0.16443538665771484,1.379601240158081,0.21209768950939178,0.09761357307434082,0.16561447083950043,0.0,0.0,1.4133927822113037,0.0,0.011750945821404457,1.1006444692611694,0.1567605584859848,0.004245185758918524,0.0077425348572432995,0.17183372378349304,0.1092841774225235,1.09298837184906,0.024177344515919685,0.19289110600948334,0.23615281283855438,0.0,0.0,0.0,0.15816758573055267,0.14852511882781982,0.14876243472099304,0.21910162270069122,0.15641799569129944,0.0,1.2605360746383667,1.6435292959213257,0.8268836140632629,0.5927719473838806,0.0,0.16090337932109833,0.0,0.001228922395966947,0.0,0.14061865210533142,2.123229503631592,0.1952742338180542,1.096704125404358,0.0,0.0,0.7101654410362244,1.6505705118179321,0.0,0.16662834584712982,1.0793176889419556,0.0,0.12520889937877655
1,1.3980369567871094,1.1155699491500854,0.11019304394721985,0.1382872611284256,0.08781101554632187,0.1407293975353241,1.2297650575637817,1.2237768173217773,1.2016496658325195,0.9371294975280762,1.0726137161254883,1.2679229974746704,1.2902708053588867,1.1829684972763062,0.12510472536087036,0.4108666479587555,0.32615017890930176,0.18381351232528687,1.0896880626678467,1.4827824831008911,1.2043639421463013,0.13605926930904388,0.18120679259300232,1.1839390993118286,1.2950407266616821,1.1462833881378174,0.18325147032737732,1.0410242080688477,0.1444684863090515,1.2797468900680542,1.123744010925293,1.1376200914382935,1.1514256000518799,0.1367575228214264,0.4827274680137634,0.19678492844104767,1.207075834274292,1.3326553106307983,0.08359275013208389,1.090349555015564,0.6955351829528809,0.16911473870277405,0.14489659667015076,0.09785174578428268,1.1783908605575562,1.1882730722427368,0.2260313481092453,0.11370635032653809,0.5522142052650452,0.12069394439458847,0.18228675425052643,1.0128387212753296,0.06726562231779099,1.2574748992919922,1.1815093755722046,0.08679487556219101,1.4324387311935425,0.1717960089445114,0.1246853619813919,0.6094158291816711,0.2236386388540268,0.3368419110774994,1.405177354812622,0.3046182096004486,0.1522361934185028,0.20081362128257751,1.0900495052337646,0.2300957590341568,0.15261241793632507,1.1486197710037231,0.19332359731197357,1.0994524955749512,0.16172471642494202,0.1874549835920334,0.14132355153560638,0.26506829261779785,1.1443071365356445,0.8698999285697937,0.14359693229198456,0.1364533007144928,1.2438079118728638,0.2102234661579132,0.15044139325618744,1.163354516029358,1.3278284072875977,0.829962432384491,0.2126593142747879,1.2969317436218262,1.0807124376296997,1.2520101070404053,1.2053614854812622,0.23077353835105896,0.23538526892662048,1.1764429807662964,0.13948291540145874,0.21468569338321686,0.17457522451877594,0.7357391119003296,0.12781566381454468,1.1788862943649292,0.09602496027946472,1.1500598192214966,1.300173282623291,0.21664917469024658,1.1185176372528076,1.1673014163970947,0.10748492181301117,1.1527503728866577,1.1064181327819824,0.15664857625961304,1.2703649997711182,0.20001475512981415,1.0432602167129517,0.0985945537686348,0.085729219019413,0.12373023480176926,0.15788018703460693,0.19765709340572357,1.11664617061615,1.2048943042755127,1.2981637716293335,1.0998347997665405,1.128778338432312,0.11076606810092926,1.0055195093154907,0.20730246603488922,1.2380927801132202,0.2035517692565918,0.19597101211547852,0.09683437645435333,0.18683047592639923,0.18908751010894775,0.12110588699579239,0.09091928601264954,0.17790138721466064,1.305557370185852,0.15371771156787872,1.23759925365448,1.254480004310608,0.11205970495939255,0.11574112623929977,0.09928617626428604,0.19228163361549377,1.239453673362732,0.19464778900146484,1.1924253702163696,1.2685288190841675,1.2016388177871704,0.19698134064674377,0.151686891913414,0.19200536608695984,1.2466747760772705,0.18836179375648499,0.15219879150390625,0.9794661402702332,0.12205846607685089,0.165751114487648,0.12648607790470123,0.09791351109743118,1.097881555557251,0.16336122155189514,0.2244899719953537,1.2581775188446045,0.24298377335071564,1.2589442729949951,0.15255901217460632,0.12538914382457733,1.2486693859100342,1.2052818536758423,0.1261998564004898,0.2335003763437271,0.12362506240606308,1.204683780670166,1.3086612224578857,1.1113992929458618,1.035010576248169,1.0741866827011108,0.319286048412323,0.18624968826770782,0.1375761479139328,0.6995559334754944,0.14192283153533936,1.0680947303771973,1.365158200263977,1.0212188959121704,1.2387583255767822,1.0748658180236816,0.23011218011379242,1.2323873043060303,0.024482646957039833,0.22286245226860046,1.17352294921875,1.4415491819381714,0.2709618806838989,0.08354450017213821,1.3110249042510986,0.15303398668766022,0.20627306401729584,0.23495154082775116,1.2184277772903442,0.22880367934703827,0.23725636303424835,0.18997490406036377,1.2927780151367188,1.0903778076171875,0.1541692018508911,0.1518024057149887,1.271437406539917,1.3573325872421265,0.15187405049800873,1.1763007640838623,1.2575324773788452,0.21449336409568787,1.0976994037628174,0.8431838750839233,0.19477853178977966,0.23921597003936768,1.141469120979309,0.8893792629241943,0.1884235292673111,0.19337700307369232,0.16520234942436218,1.3015191555023193,0.10808908194303513,1.1893163919448853,1.1544023752212524,1.0320136547088623,1.0869020223617554,0.13604974746704102,0.19299571216106415,0.18324442207813263,1.1453962326049805,0.3215846121311188,1.3576977252960205,0.3970443606376648,0.3367711901664734,0.157864049077034,0.14975187182426453,1.3950928449630737,0.1448444128036499,1.1999973058700562,1.2393189668655396,1.2115246057510376,0.13409622013568878,0.22750641405582428,1.154770016670227,0.18510176241397858,1.3957310914993286,1.216744065284729,0.151968315243721,0.20175699889659882,1.1083123683929443,0.19670061767101288,0.9369242191314697,1.3549025058746338,0.14648295938968658
1,1.1738009452819824,0.8534007668495178,0.11649917811155319,0.0031072988640516996,0.008816136978566647,0.0008454002672806382,0.900617778301239,0.9286623001098633,0.8940920233726501,0.689054012298584,0.8752464056015015,0.9707319140434265,0.9727098941802979,0.8524512648582458,0.3954564332962036,0.6386055946350098,0.08014778047800064,0.10706272721290588,0.8818991184234619,1.0317288637161255,0.8707950711250305,0.20300425589084625,0.0015878744889050722,0.8949040770530701,0.9167161583900452,0.913752019405365,0.0003200283390469849,0.7584814429283142,0.08881353586912155,0.894481897354126,0.8900154232978821,0.8886674642562866,0.8421175479888916,0.016653412953019142,0.5779960751533508,0.5702548027038574,0.9294055700302124,0.9827842116355896,0.0,0.8683650493621826,0.6421597003936768,0.001038752612657845,0.0,0.07320760935544968,0.8425719738006592,0.8887554407119751,0.5810322761535645,0.0,0.5086867809295654,0.2240397036075592,0.014300999231636524,0.8545359969139099,0.161797434091568,0.9897227883338928,0.8453837037086487,0.0,1.025862693786621,0.0,0.0,0.9679584503173828,0.008011003956198692,0.6625709533691406,1.5970054864883423,0.07846034318208694,0.0007600366952829063,0.556616485118866,0.9035404324531555,0.5839179754257202,0.053259626030921936,0.8301563262939453,0.013027936220169067,0.8235610723495483,0.09563389420509338,0.20304183661937714,0.011389733292162418,0.06961650401353836,0.8458247780799866,0.7545045614242554,0.23865608870983124,0.0,0.9140046834945679,0.6021361351013184,0.44662439823150635,0.9792190790176392,0.965583860874176,0.6331537365913391,0.018359316512942314,0.9399139285087585,0.892382025718689,0.9467824697494507,0.984645426273346,0.0011390853906050324,0.5992682576179504,0.8435043692588806,0.33693554997444153,0.5870606899261475,0.18724051117897034,0.8265842795372009,0.19663108885288239,0.8546194434165955,0.045670200139284134,0.9139700531959534,0.9459060430526733,0.012806663289666176,0.8400740027427673,0.8601883053779602,0.12912850081920624,0.8967224359512329,0.7813350558280945,0.0,0.9960116744041443,0.5329465866088867,0.749286413192749,0.020704247057437897,0.34784209728240967,0.0,0.47720059752464294,0.49600255489349365,0.8794029355049133,0.859783411026001,1.0060292482376099,0.8600494861602783,0.9052778482437134,0.017822593450546265,0.7717960476875305,0.5662761330604553,0.9570352435112,0.049807075411081314,0.0003021501179318875,0.0,0.0011701780604198575,0.004349009599536657,0.0005454477504827082,0.032015636563301086,0.019689416512846947,0.9421255588531494,0.062029335647821426,0.9146569967269897,0.9814797043800354,0.14407719671726227,0.05382441356778145,0.07446324080228806,0.012077170424163342,0.8902372121810913,0.018733998760581017,0.8721922039985657,0.965313732624054,0.8859594464302063,0.016815371811389923,0.0,0.001060227514244616,0.9807649254798889,0.005940282251685858,0.249864399433136,0.8971803784370422,0.12154197692871094,0.46361178159713745,0.005044226534664631,0.0,1.0148861408233643,0.07651612162590027,0.6074578762054443,1.0389626026153564,0.04692145809531212,0.9647697806358337,0.0,0.0862840935587883,0.9304009079933167,1.0283509492874146,0.12352480739355087,0.033282551914453506,0.12840083241462708,0.9138576984405518,1.2198857069015503,0.8674255609512329,0.8193199634552002,0.838918149471283,0.1146320104598999,0.5467846393585205,0.0045135305263102055,0.4358350932598114,0.18499842286109924,0.7871853113174438,0.9780141711235046,0.7439720034599304,0.9033867120742798,0.898611843585968,0.01943950541317463,0.8880159854888916,0.052542392164468765,0.03338944539427757,0.8747217655181885,0.9645246863365173,0.08378969877958298,0.03996347635984421,0.9526417255401611,0.000471762556117028,0.5414037704467773,0.03143201768398285,0.865110456943512,0.5637176036834717,0.07239580899477005,0.005738368723541498,0.9047214984893799,0.8481516242027283,0.0,0.439601331949234,0.9520511627197266,1.0590837001800537,0.013175830245018005,0.8715505599975586,0.9437193274497986,0.5858660340309143,0.7727051377296448,0.6952698230743408,0.5468973517417908,0.04935945197939873,0.8541387319564819,0.72220379114151,0.004768595565110445,0.0011593166273087263,0.44625237584114075,1.017295479774475,0.04922204837203026,0.8822692632675171,0.8154202103614807,0.8687906265258789,0.8012741208076477,0.0,0.005620643030852079,0.007456493563950062,0.9098379611968994,0.11210256069898605,0.9702049493789673,0.6296009421348572,0.6834547519683838,0.3261620104312897,0.4077403247356415,1.0260646343231201,0.012693822383880615,0.8836075067520142,0.906044065952301,0.8770975470542908,0.015627073124051094,0.5730687379837036,0.9144532680511475,0.5399730205535889,0.989260733127594,0.8688287138938904,0.23338522017002106,0.5717495083808899,0.765628457069397,0.001640481874346733,0.9703094363212585,0.9255222082138062,0.0
0,0.19197441637516022,0.03858692944049835,0.6016038656234741,0.37125226855278015,0.3432912826538086,0.3267607092857361,0.0,0.0,0.0,0.0,0.09299410134553909,0.0,0.026195187121629715,0.0,0.8070077896118164,0.6660624146461487,0.039277032017707825,0.29105690121650696,0.07096441090106964,0.13013280928134918,0.008663156069815159,0.5387125611305237,0.3033275008201599,0.0,0.0,0.006235778331756592,0.3251609206199646,0.03831888735294342,0.19450093805789948,0.0,0.1852698177099228,0.0,0.0,0.2248084843158722,0.21034884452819824,1.0623160600662231,0.07018237560987473,0.0,0.47839242219924927,0.0,0.9336567521095276,0.3975679576396942,0.436134397983551,0.4257811903953552,0.0,0.0028563945088535547,0.9702614545822144,0.5358465909957886,0.04218830540776253,0.8556692600250244,0.28223052620887756,0.2652701139450073,0.6710301637649536,0.06872706115245819,0.0,0.5365915894508362,0.0,0.29687535762786865,0.3965122103691101,1.2695637941360474,0.1371418833732605,1.0078080892562866,1.1401054859161377,0.005962014198303223,0.3969246745109558,1.0276612043380737,0.07922077924013138,1.023187518119812,0.32787516713142395,0.0,0.3518260717391968,0.0,0.1612253338098526,0.026722444221377373,0.42703884840011597,0.0,0.0,0.19949382543563843,0.19419828057289124,0.41243812441825867,0.0,1.1804134845733643,0.7474313974380493,0.3199399709701538,0.0,0.0,0.32413166761398315,0.0,0.24103085696697235,0.0,0.14023901522159576,0.199405699968338,1.078268051147461,0.0,0.4509420394897461,1.2514173984527588,0.2144922912120819,0.4950738251209259,0.5779976844787598,0.0,0.44013655185699463,0.10558189451694489,0.0,0.30555617809295654,0.0,0.0,0.4561486542224884,0.09847620129585266,0.0,0.49004289507865906,0.036389634013175964,0.7445286512374878,0.07305565476417542,0.5484023690223694,0.7762399315834045,0.3477611839771271,0.917896032333374,1.1581941843032837,0.11992070078849792,0.0,0.0,0.23168253898620605,0.11265598237514496,0.38565319776535034,0.0,1.261348843574524,0.15208667516708374,0.4245093762874603,0.2573375403881073,0.47380372881889343,0.338191956281662,0.2663983702659607,0.5689721703529358,0.5279863476753235,0.2428061068058014,0.0,0.32712599635124207,0.0,0.06844000518321991,0.7172946929931641,0.405026376247406,0.7001267075538635,0.3257158696651459,0.0,0.19846239686012268,0.0,0.0,0.0,0.419950932264328,0.590668797492981,0.2807680070400238,0.05997966229915619,0.36384567618370056,0.5454059839248657,0.5571569800376892,0.3745422959327698,0.7729241251945496,0.5501227974891663,0.5081673264503479,0.9180387258529663,0.27816349267959595,1.3690431118011475,0.27557751536369324,0.21017290651798248,0.0,0.3003731966018677,0.5647739171981812,0.0,0.260248601436615,0.3762977719306946,0.3418845534324646,0.44552531838417053,0.12480878084897995,0.6164290308952332,0.05954589694738388,0.09968892484903336,0.05395850911736488,0.10991334170103073,1.0082027912139893,0.3304171860218048,0.38953888416290283,0.2734115421772003,0.0,0.0,0.0,0.0,0.2577097713947296,0.22120103240013123,0.0,0.6917210817337036,0.18006888031959534,0.018455039709806442,0.0,0.16669680178165436,0.5753255486488342,0.0,0.37955963611602783,1.0009316205978394,0.21970322728157043,0.0,1.2530473470687866,0.21346253156661987,0.25934192538261414,0.0,0.031188251450657845,0.3769676983356476,1.0415034294128418,0.1662147343158722,0.027193831279873848,0.37601178884506226,0.0,0.0,0.9552822113037109,0.0,0.03354944661259651,0.8224954605102539,0.20514105260372162,0.0022597466595470905,0.026528285816311836,0.38418838381767273,0.29467540979385376,0.6865400075912476,0.010646799579262733,0.3229266405105591,0.12532326579093933,0.0,0.02222093753516674,0.0,0.3833894431591034,0.35051023960113525,0.3000622093677521,0.08923046290874481,0.08840421587228775,0.0,0.9486395120620728,1.057555079460144,0.539398193359375,0.5193538069725037,0.0,0.41285455226898193,0.0,0.0,0.0,0.32912126183509827,1.4821356534957886,0.13558050990104675,0.8688174486160278,0.0,0.0,0.6067354679107666,1.172215223312378,0.0,0.24126401543617249,0.6749661564826965,0.0,0.30684298276901245
1,0.587055504322052,0.2709804177284241,0.2966407239437103,0.0,0.016476260498166084,0.0,0.18519118428230286,0.26997846364974976,0.17531897127628326,0.14998295903205872,0.3657415807247162,0.14886538684368134,0.23380006849765778,0.22908075153827667,0.7501935958862305,1.0327926874160767,0.0,0.1074775829911232,0.32794928550720215,0.13449706137180328,0.2703486680984497,0.3198152184486389,0.0,0.2292230725288391,0.251220166683197,0.17650502920150757,0.0,0.24643461406230927,0.07748865336179733,0.18751586973667145,0.423685759305954,0.27213606238365173,0.19036133587360382,0.007844356819987297,0.5398392677307129,1.1244230270385742,0.31905636191368103,0.18588826060295105,0.0,0.38165268301963806,0.6253982186317444,0.0,0.0,0.07759515941143036,0.22576935589313507,0.22965605556964874,1.2070399522781372,0.0,0.4603075385093689,0.42041659355163574,0.0,0.42608416080474854,0.4894324243068695,0.3567589521408081,0.18100471794605255,0.0,0.21696597337722778,0.0,0.0,1.50205397605896,0.0,1.154209852218628,1.7695521116256714,0.0016980309737846255,0.0,1.156686544418335,0.39985260367393494,1.1808195114135742,0.015418569557368755,0.274172842502594,0.0,0.2881782650947571,0.10214751958847046,0.10659070312976837,0.0012660371139645576,0.009482410736382008,0.25258323550224304,0.4752112925052643,0.3159489035606384,0.0,0.20652832090854645,1.1467628479003906,0.806467592716217,0.4796678125858307,0.1686411201953888,0.2667885422706604,0.0,0.2015465348958969,0.47752875089645386,0.28087547421455383,0.44481250643730164,0.0,1.2977521419525146,0.17057473957538605,0.5083855390548706,1.2929567098617554,0.27239328622817993,0.8747903108596802,0.33888310194015503,0.21103611588478088,0.08079971373081207,0.34069037437438965,0.20437921583652496,0.0,0.24424289166927338,0.18492144346237183,0.12756206095218658,0.29109981656074524,0.28236526250839233,0.0,0.32885223627090454,0.9516379237174988,0.07971440255641937,0.050484418869018555,0.518623411655426,0.0,0.9264481067657471,1.1676582098007202,0.29042643308639526,0.19526898860931396,0.281526118516922,0.39501920342445374,0.34359604120254517,0.0,0.24311330914497375,1.2584604024887085,0.38995784521102905,0.0036310844589024782,0.0,0.0,0.0,0.0,0.0,0.052279479801654816,0.0,0.20403888821601868,0.0525260865688324,0.21977896988391876,0.3124219477176666,0.281185507774353,0.06066618487238884,0.1565617471933365,0.0,0.23002438247203827,0.0,0.14671280980110168,0.23118387162685394,0.20149438083171844,0.0,0.0,0.0,0.3726206421852112,0.0,0.44030338525772095,0.7822742462158203,0.10993370413780212,0.9577668309211731,0.0,0.0,0.8228732347488403,0.025608625262975693,1.2031162977218628,0.5163667798042297,0.0,0.2503315210342407,0.0,0.10653450340032578,0.2828609347343445,0.5890132188796997,0.16580672562122345,0.0,0.15165069699287415,0.31222882866859436,0.9578607678413391,0.29065418243408203,0.3256925046443939,0.3009513318538666,0.04120321571826935,1.0991432666778564,0.0,0.008920567110180855,0.2756311297416687,0.2693657875061035,0.15670126676559448,0.2363673895597458,0.24401387572288513,0.43341055512428284,0.0,0.21788692474365234,0.2659071981906891,0.0,0.25082388520240784,0.19101564586162567,0.0069689759984612465,0.09917844086885452,0.24543267488479614,0.0,1.1015210151672363,0.0,0.24708214402198792,1.3257689476013184,0.02468213066458702,0.0,0.19990652799606323,0.2952866852283478,0.0,0.9719430208206177,0.32390180230140686,0.4081595838069916,0.0,0.19995754957199097,0.22354203462600708,1.1019396781921387,0.2527294456958771,0.3501898944377899,1.0070120096206665,0.0,0.24342934787273407,0.2912464737892151,0.0,0.0,0.8925341367721558,0.29707884788513184,0.052610475569963455,0.2665318250656128,0.2315201759338379,0.3713492751121521,0.1765979379415512,0.0,0.0,0.0,0.34343329071998596,0.018865318968892097,0.1335013210773468,1.0964632034301758,1.2878209352493286,0.6453113555908203,0.5792183876037598,0.228729248046875,0.0,0.20846232771873474,0.19915376603603363,0.24151650071144104,0.0,1.4503473043441772,0.39420780539512634,0.9448046088218689,0.21218763291835785,0.14120133221149445,0.4406629800796509,1.324595332145691,0.18224318325519562,0.0,0.9292110204696655,0.21285736560821533,0.0
