{
  "dataset": "ENZYMES",
  "embedding_dim": 64,
  "epochs": 100,
  "lr": 0.0005,
  "dropout": 0.0,
  "batch_size": 64,
  "num_layers": 5,
  "pooling": "mean",
  "train_time_sec": 17.446236848831177,
  "embed_time_sec": 0.14002776145935059,
  "total_time_sec": 17.586264610290527,
  "val_best_acc": 0.5081967213114754,
  "train_acc": 0.9686847599164927,
  "val_acc": 0.5081967213114754,
  "test_acc": 0.4,
  "peak_tracemalloc_mb": 0.3011178970336914,
  "rss_before_mb": 1454.44140625,
  "rss_after_mb": 1454.46875,
  "device": "cuda"
}