dataset,dim,epochs,lr,dropout,it_time_s,embed_time_s,total_time_s,val_acc,test_acc,peak_tracemalloc_mb,rss_before_mb,rss_after_mb
ENZYMES,64,100,0.0005,0.0,17.446236848831177,0.14002776145935059,17.586264610290527,0.5081967213114754,0.4,0.3011178970336914,1454.44140625,1454.46875
