dataset,dim,epochs,lr,dropout,it_time_s,embed_time_s,total_time_s,val_acc,test_acc,peak_tracemalloc_mb,rss_before_mb,rss_after_mb
IMDB-MULTI,64,40,0.001,0.0,20.988102912902832,0.4610860347747803,21.449188947677612,0.5133333333333333,0.49333333333333335,0.5251398086547852,1462.44140625,1465.31640625
