{
  "dataset": "ENZYMES",
  "embedding_dim": 256,
  "epochs": 100,
  "lr": 0.0005,
  "dropout": 0.0,
  "batch_size": 64,
  "num_layers": 5,
  "pooling": "mean",
  "train_time_sec": 17.58839511871338,
  "embed_time_sec": 0.14117884635925293,
  "total_time_sec": 17.729573965072632,
  "val_best_acc": 0.5737704918032787,
  "train_acc": 0.906054279749478,
  "val_acc": 0.5737704918032787,
  "test_acc": 0.38333333333333336,
  "peak_tracemalloc_mb": 0.7181596755981445,
  "rss_before_mb": 1457.51171875,
  "rss_after_mb": 1457.51171875,
  "device": "cuda"
}