label,dim0,dim1,dim2,dim3,dim4,dim5,dim6,dim7,dim8,dim9,dim10,dim11,dim12,dim13,dim14,dim15,dim16,dim17,dim18,dim19,dim20,dim21,dim22,dim23,dim24,dim25,dim26,dim27,dim28,dim29,dim30,dim31,dim32,dim33,dim34,dim35,dim36,dim37,dim38,dim39,dim40,dim41,dim42,dim43,dim44,dim45,dim46,dim47,dim48,dim49,dim50,dim51,dim52,dim53,dim54,dim55,dim56,dim57,dim58,dim59,dim60,dim61,dim62,dim63,dim64,dim65,dim66,dim67,dim68,dim69,dim70,dim71,dim72,dim73,dim74,dim75,dim76,dim77,dim78,dim79,dim80,dim81,dim82,dim83,dim84,dim85,dim86,dim87,dim88,dim89,dim90,dim91,dim92,dim93,dim94,dim95,dim96,dim97,dim98,dim99,dim100,dim101,dim102,dim103,dim104,dim105,dim106,dim107,dim108,dim109,dim110,dim111,dim112,dim113,dim114,dim115,dim116,dim117,dim118,dim119,dim120,dim121,dim122,dim123,dim124,dim125,dim126,dim127
1,-0.4498623,0.2541887,0.57410765,-0.43970084,-0.46529156,-0.08831905,-0.6511578,-0.8582086,0.3307477,0.5714656,-0.20052086,0.068715334,-0.15916723,-0.16028598,-0.8283304,-0.52873564,0.16514766,0.15838735,-0.106623076,0.08054464,0.47149545,-0.36924446,-0.2691371,-0.45909512,-0.7962493,-0.097952865,-0.08405248,0.6131748,0.40716743,0.14323145,0.41978723,0.044186763,0.37391308,0.29780293,-0.01758378,-0.6520175,-0.31519103,-0.18177411,0.2211596,0.35174012,0.5460689,-0.46620518,-0.1136612,-0.58448374,-0.3302161,0.4362626,-0.13732266,0.33093202,0.24283755,0.29752868,0.3276867,0.5745588,0.15853792,0.09357183,-0.6133659,0.2955486,0.21704498,-0.9109455,-0.16533092,0.3545814,0.10342651,0.22824013,0.26140946,0.2683498,0.5723253,-0.41311613,0.15741353,0.07028292,0.3681392,0.72541153,0.21682268,-0.8941645,0.028300006,-0.18209326,-0.6529513,-0.91829526,-0.14523645,-0.38206047,-0.5201127,0.070037164,0.55864877,0.10977025,-0.16945955,-0.2639362,-1.0476185,0.3618698,0.5479594,0.45499644,-0.25410867,0.35304883,-0.6377248,-0.06360069,-0.22538316,0.46369776,0.27621603,-0.52359664,0.674772,0.14595087,-0.4291837,-0.13989046,-0.123376444,0.30291897,0.16047193,0.1026248,-0.3272994,-0.38786563,0.35108253,0.17524226,0.40588135,0.09293384,-0.17779107,-0.19239512,0.5370145,-0.32730666,-0.6205021,-0.48715547,0.5380087,-0.07434086,0.34671158,-0.38910818,-0.049503032,-0.02969449,-0.21445465,-0.5882349,0.18761992,-0.2573441,-0.19096456,0.37841058
0,-0.025199898,-0.10761289,0.117995545,-0.028113475,-0.09982162,0.04627671,-0.09365059,-0.029350018,-0.023918714,-0.07343313,-0.017432325,0.016348692,-0.076689854,-0.060612567,-0.029292252,-0.014324851,-0.11821151,-0.012139972,0.016655102,-0.05655199,-0.020797182,0.041049376,0.13162619,0.056725144,-0.099993385,0.05278293,0.06810668,-0.13080412,0.031590514,0.1418592,0.059211504,-0.010958657,-0.06807554,-0.09110151,0.10369553,-0.0119799785,-0.015841242,-0.07814891,0.045755133,-0.08930886,0.05872491,0.050301578,0.031151531,-0.059771497,0.07584847,-0.007235205,0.1044206,0.0026897113,0.09925285,-0.008856084,-0.077002004,0.086182654,-0.11997681,-0.017299887,-0.102394,0.00938357,-0.052968398,-0.07463663,0.13807742,-0.047027662,-0.025289718,0.016977988,-0.083297655,0.0538748,-0.0057185255,0.010298036,-0.111529775,-0.018546065,0.056837194,0.1036761,-0.016989436,0.026458278,-0.053992335,0.1263294,0.07057515,0.04516264,-0.1464355,0.04498642,0.006423466,-0.020896563,0.079193816,0.04292588,0.1078929,0.044347852,-0.0015285015,-0.01752993,-0.055690456,-0.066736385,-0.15919623,-0.043761898,-0.060280114,-0.0298688,0.05208618,-0.06717439,-0.112427816,-0.042481273,0.037459306,-0.0395557,0.02761289,0.09382455,0.065763205,0.060976185,-0.035448037,-0.1350824,-0.12134378,-0.027697725,0.03214763,-0.102904975,0.05626761,-0.07561146,0.13187715,0.084649496,-0.05293776,0.058932707,-0.050344344,0.03705201,-0.069001995,-0.0672921,-0.079366446,0.027747966,0.036958765,-0.06103816,-0.044410523,0.043441977,-0.114097066,0.07784936,0.13193983,-0.03300915
0,0.021966342,-0.15682371,0.089134894,0.00645099,-0.06817084,0.06798938,-0.04820881,0.040230997,-0.050826132,-0.1373769,0.016870443,0.005763404,-0.082084745,-0.04826373,0.026955264,0.024889316,-0.15332007,-0.017375223,0.05161468,-0.07611319,-0.06504086,0.073469855,0.18210074,0.085154384,-0.035375424,0.08331857,0.086217016,-0.20671809,0.0030971337,0.14118885,0.032163132,-0.028707787,-0.11265455,-0.13999346,0.11202671,0.059404027,0.016761273,-0.08656849,0.023673333,-0.139954,0.006800402,0.094746575,0.047613956,-0.015595578,0.11113912,-0.059980623,0.14135686,-0.015116002,0.089163795,-0.043665953,-0.12911037,0.043864526,-0.14890933,-0.015429743,-0.066015355,-0.017146714,-0.09838525,-0.012101727,0.16349663,-0.08975948,-0.019278929,-0.0065691397,-0.11465005,0.046240102,-0.055375263,0.041440338,-0.1429778,-0.03957659,0.015899818,0.059869267,-0.03161823,0.11201047,-0.07375448,0.16007899,0.13867262,0.13658538,-0.15175359,0.10076539,0.04162229,-0.02971214,0.035585932,0.05215975,0.13800436,0.06506758,0.0952407,-0.04578665,-0.11807999,-0.13011682,-0.18601257,-0.08072692,-0.015117142,-0.0250412,0.08373216,-0.11591151,-0.15158382,0.002658181,-0.010159986,-0.06363809,0.08032002,0.12066209,0.10159222,0.031983025,-0.0538597,-0.17771013,-0.107365645,-0.003618084,0.00951219,-0.13258022,0.02176898,-0.08944811,0.16129118,0.13181037,-0.12063972,0.100785896,-0.0011073053,0.0947623,-0.130262,-0.07935792,-0.13132948,0.07145366,0.055863712,-0.07622807,-0.020832978,0.09328943,-0.15269028,0.1127718,0.159474,-0.07527082
1,-0.5736313,0.35319963,0.7141588,-0.5663822,-0.57914084,-0.126012,-0.814277,-1.1051507,0.43679714,0.76109844,-0.2516415,0.08167455,-0.18509912,-0.1919033,-1.0677294,-0.6833246,0.24744481,0.20792323,-0.13629234,0.12047101,0.6166602,-0.4947962,-0.379922,-0.6135832,-1.0059801,-0.13501143,-0.1280908,0.8239309,0.5232767,0.1439313,0.52910125,0.05665417,0.50393116,0.40851727,-0.04958316,-0.8355105,-0.4011559,-0.22274801,0.2701504,0.47850746,0.6879074,-0.61630744,-0.15572964,-0.739411,-0.44702637,0.56428707,-0.20599312,0.42798755,0.28688276,0.38908505,0.44144806,0.7209209,0.23570299,0.12987559,-0.7661472,0.37742835,0.28666,-1.1634848,-0.2510873,0.47433555,0.1492129,0.2854432,0.35887647,0.33823916,0.74302346,-0.5442954,0.23430882,0.09181463,0.455336,0.9154792,0.28135842,-1.1679733,0.04581706,-0.26664194,-0.86506116,-1.1994643,-0.1483543,-0.5072073,-0.6792882,0.09562198,0.70107174,0.13107982,-0.24691501,-0.35786778,-1.3583248,0.47871155,0.7275347,0.60686487,-0.29186782,0.4750932,-0.8135197,-0.07421178,-0.30041447,0.62269515,0.3881883,-0.6691729,0.86524844,0.19943473,-0.5613144,-0.20684466,-0.1674301,0.37532678,0.21789111,0.16821337,-0.39225006,-0.49414665,0.44435737,0.25315017,0.5066999,0.1440832,-0.26167786,-0.2662407,0.7042091,-0.43822828,-0.7880094,-0.64345354,0.7135671,-0.08404256,0.46693563,-0.510269,-0.06937058,-0.022699796,-0.26219186,-0.77957,0.27230293,-0.3526732,-0.28426275,0.4982059
0,0.019479204,-0.15490872,0.08856696,0.004969392,-0.06846919,0.066483706,-0.04821399,0.0390047,-0.049457755,-0.13666363,0.014621768,0.006829612,-0.081584044,-0.048678733,0.028018823,0.022776753,-0.15100804,-0.01757127,0.049745172,-0.0751455,-0.064656496,0.07190662,0.18056127,0.084328815,-0.03597854,0.08203093,0.08408978,-0.2035782,0.0016301386,0.14188129,0.03263046,-0.0272533,-0.11124137,-0.13783185,0.112381466,0.05676404,0.015085302,-0.08546347,0.025457878,-0.13742054,0.008780461,0.093224764,0.045931958,-0.017054833,0.10923922,-0.058819957,0.14019412,-0.013391878,0.087735645,-0.04265604,-0.12604722,0.04321646,-0.14613052,-0.016198788,-0.06669044,-0.016823053,-0.09638316,-0.011273542,0.16256343,-0.0890156,-0.021436945,-0.0044606626,-0.11367971,0.045285184,-0.05420096,0.0409156,-0.14166668,-0.038017377,0.016976263,0.060753234,-0.03021805,0.10989514,-0.07174955,0.15724365,0.13694026,0.13313173,-0.1507912,0.10054571,0.042045053,-0.029550694,0.035304144,0.051119618,0.13704483,0.06414045,0.09304637,-0.044676483,-0.11645298,-0.12588532,-0.18552038,-0.079481415,-0.015412152,-0.026838616,0.08176164,-0.11449586,-0.14891991,0.0019396655,-0.008503027,-0.06226234,0.0783862,0.12089787,0.098728836,0.032059707,-0.051871147,-0.17450085,-0.10827477,-0.0045847706,0.00903286,-0.1320395,0.023330908,-0.088979624,0.16007686,0.129698,-0.1186286,0.09794803,-0.0020908564,0.09328846,-0.12832071,-0.078044854,-0.13015702,0.06974065,0.05385628,-0.07497945,-0.021886691,0.092515714,-0.1507993,0.11136236,0.15809429,-0.07289359
1,-0.21493402,0.05225161,0.3224354,-0.21352537,-0.26469177,-0.011860553,-0.345711,-0.4032654,0.13765265,0.21487907,-0.0981988,0.036873203,-0.113208815,-0.104979046,-0.39023075,-0.25134555,0.009155937,0.06572063,-0.03650371,0.005512275,0.20302445,-0.14611617,-0.04129803,-0.1824481,-0.4109991,-0.007345997,-0.00063355826,0.20111759,0.20157808,0.1463184,0.22345208,0.014928624,0.12942371,0.08324963,0.049861547,-0.29609895,-0.14974922,-0.13073675,0.12259506,0.10951116,0.27374837,-0.18385844,-0.034752063,-0.2981035,-0.10808816,0.19169419,-0.007507667,0.15419984,0.16139704,0.13220994,0.104253806,0.30537707,0.004309535,0.03417206,-0.33413866,0.1374919,0.06706911,-0.4521482,0.00026479363,0.13474575,0.034888357,0.10945686,0.07108354,0.14897144,0.2528395,-0.18398091,0.0068605393,0.017522877,0.19160163,0.38420767,0.087013446,-0.38549167,-0.01950286,-0.010262508,-0.25465396,-0.38723165,-0.1479505,-0.1471393,-0.23062348,0.021313779,0.29418778,0.073462516,-0.016539045,-0.09734692,-0.47104102,0.15483272,0.21738267,0.17058,-0.20562518,0.13445091,-0.31815168,-0.04736582,-0.07242365,0.17130324,0.06618343,-0.25947613,0.32642967,0.04419002,-0.17846084,-0.013719305,-0.016172303,0.16896613,0.056283813,-0.02905462,-0.21249631,-0.19045049,0.17167741,0.020037517,0.21299024,0.00069833547,-0.008162625,-0.038537852,0.20832397,-0.115322694,-0.30427274,-0.19753996,0.20180479,-0.07501817,0.1073344,-0.1593156,-0.0006550364,-0.047764912,-0.11498784,-0.24086457,0.018015489,-0.0721942,-0.016870309,0.1522286
0,-0.2910417,0.1273828,0.39088687,-0.2753505,-0.31755906,-0.042627767,-0.43693128,-0.5393271,0.19359283,0.32553464,-0.13625531,0.053845905,-0.12314156,-0.12108839,-0.5142549,-0.32566166,0.061209276,0.09339556,-0.07077721,0.028932124,0.28158122,-0.20644382,-0.12719724,-0.2540766,-0.5261711,-0.050878994,-0.025810553,0.3391171,0.2560489,0.14240763,0.27670324,0.029281821,0.20544443,0.156644,0.025306184,-0.41820386,-0.20600188,-0.12580799,0.15888587,0.18687034,0.36294073,-0.26998055,-0.061229736,-0.38420403,-0.17837815,0.27440903,-0.04800424,0.20168875,0.18674168,0.1814254,0.18062636,0.38482994,0.057565577,0.045293014,-0.41414225,0.1890968,0.1285991,-0.58304775,-0.05258593,0.20031479,0.042820565,0.15390673,0.13439289,0.17607313,0.34990364,-0.24143893,0.059345767,0.044069782,0.2555703,0.47802958,0.1306823,-0.5407543,0.008223038,-0.07300645,-0.3774616,-0.5563689,-0.14147736,-0.22125389,-0.31114978,0.03628035,0.37469393,0.07856308,-0.07018253,-0.14192125,-0.64335513,0.20975538,0.31630635,0.26112643,-0.19943732,0.19532636,-0.4088331,-0.049762525,-0.12598838,0.2571056,0.13000919,-0.3358642,0.42560887,0.07831797,-0.25957668,-0.053290352,-0.067077324,0.21017551,0.08733952,0.020348556,-0.24421972,-0.24807388,0.22842582,0.072503865,0.27418584,0.027373768,-0.066708356,-0.09856942,0.32168296,-0.18635829,-0.40315735,-0.28702778,0.31068072,-0.06154907,0.19275814,-0.23272765,-0.024254825,-0.03714042,-0.15517977,-0.33859694,0.079595566,-0.1336394,-0.069651425,0.22379982
1,-0.33602643,0.1572076,0.4512253,-0.32809088,-0.36798695,-0.053830024,-0.5004386,-0.63744456,0.23513214,0.3970181,-0.15082122,0.053920783,-0.13536969,-0.13348478,-0.6137128,-0.3905303,0.09096682,0.113068104,-0.07335442,0.044011585,0.33962965,-0.26075703,-0.15978858,-0.3220296,-0.60987127,-0.057681017,-0.04310271,0.41364235,0.30473197,0.14250037,0.32309738,0.029899068,0.25389743,0.19363518,0.016782917,-0.48102352,-0.236126,-0.1536404,0.17340198,0.2337488,0.4143214,-0.3281439,-0.07681944,-0.44463313,-0.22374336,0.31775042,-0.0740261,0.24347243,0.20277646,0.2168248,0.21778643,0.44129837,0.08347284,0.0649427,-0.47619933,0.21797879,0.14511946,-0.6859071,-0.08531234,0.24670473,0.069701634,0.16974068,0.16945145,0.2095985,0.41682735,-0.30073038,0.084741905,0.045532063,0.28370565,0.55972385,0.15405291,-0.6467501,0.0062443507,-0.10055469,-0.45977476,-0.6610618,-0.14503822,-0.26531786,-0.37844566,0.045558363,0.4302324,0.091467075,-0.09595823,-0.18278097,-0.7656495,0.26050276,0.38611525,0.31616175,-0.22776887,0.24722001,-0.48188248,-0.055867128,-0.15222305,0.3221622,0.17115785,-0.39481127,0.5050662,0.09623087,-0.30778623,-0.077913076,-0.07360795,0.23852299,0.10971524,0.03923636,-0.27236804,-0.2924203,0.2651048,0.101007655,0.31164598,0.047259368,-0.09549649,-0.1181446,0.3777574,-0.22532274,-0.467364,-0.34604296,0.37439778,-0.07328862,0.23288196,-0.27911103,-0.027085949,-0.037872963,-0.16778308,-0.41846517,0.106093496,-0.16727433,-0.10648972,0.26748908
0,0.030383233,-0.16961448,0.09761759,0.0025475305,-0.06940459,0.07830183,-0.04701387,0.04688972,-0.050245732,-0.14258108,0.021903288,0.0051306784,-0.09201145,-0.049270198,0.024155414,0.021997768,-0.16172391,-0.017403562,0.06085942,-0.075459175,-0.06713371,0.071698725,0.19190583,0.08496626,-0.026962642,0.09763154,0.08972122,-0.22031608,0.008710906,0.14566112,0.038490668,-0.038715474,-0.110942684,-0.14983235,0.10827886,0.073620945,0.023079291,-0.10128381,0.018584937,-0.14971319,0.003988635,0.09899154,0.05485133,-0.011557505,0.12516846,-0.07005434,0.14751248,-0.009586591,0.09174152,-0.046803534,-0.13112569,0.04727114,-0.15297697,-0.012851834,-0.06642504,-0.019103266,-0.112786,-0.010449631,0.1704526,-0.096603185,-0.013848536,-0.009841785,-0.12309023,0.054236967,-0.057938937,0.038706474,-0.14778993,-0.046064958,0.010910999,0.059489526,-0.040550508,0.119598135,-0.083280005,0.17251678,0.14393146,0.14921162,-0.15739112,0.103168786,0.03876905,-0.027805284,0.032561526,0.05561484,0.14727138,0.06883067,0.09629506,-0.043498814,-0.11948456,-0.13635287,-0.2083638,-0.07939337,-0.017132912,-0.023015104,0.09502147,-0.11310704,-0.14901017,0.0073687807,-0.013536757,-0.06793356,0.08958628,0.12449562,0.12088287,0.027854536,-0.05509086,-0.18270496,-0.10660923,0.0029800348,0.006018076,-0.13900793,0.019628093,-0.0869228,0.16813122,0.14262149,-0.1313522,0.11116896,0.006091751,0.09654698,-0.1404291,-0.08775471,-0.14347889,0.08190804,0.061057586,-0.07853915,-0.0109375715,0.0879936,-0.16406442,0.118008606,0.16654678,-0.075576514
1,-0.48266843,0.2793735,0.61258954,-0.47509092,-0.49728888,-0.097289905,-0.69522935,-0.9244184,0.35931113,0.6223788,-0.21342027,0.071436316,-0.16681205,-0.16888824,-0.89374065,-0.5714027,0.18653429,0.17149471,-0.11305935,0.09139743,0.5111441,-0.40367156,-0.29695353,-0.5019816,-0.8531059,-0.10646181,-0.09623539,0.6685141,0.43933383,0.14331213,0.45025164,0.047178134,0.40894738,0.32633492,-0.025633492,-0.69963974,-0.33723688,-0.19527368,0.23351485,0.3855273,0.58386695,-0.5064058,-0.12438151,-0.6260641,-0.36118174,0.46935624,-0.1554729,0.35752907,0.25466076,0.3216068,0.3575679,0.61416876,0.17888144,0.10407452,-0.65495336,0.3175414,0.23343772,-0.979621,-0.18787709,0.38704792,0.11700051,0.24273059,0.28712434,0.28853083,0.6182372,-0.449758,0.17725371,0.07493345,0.39069512,0.777668,0.23414823,-0.9677534,0.03129215,-0.20344627,-0.7097192,-0.99263984,-0.1466063,-0.41561112,-0.5640054,0.07685893,0.5967002,0.116257764,-0.18923846,-0.28961354,-1.1319232,0.3943646,0.5963692,0.49507087,-0.26679227,0.38679528,-0.6862458,-0.06655425,-0.24489033,0.5067761,0.306261,-0.5631207,0.72715944,0.15982875,-0.4639061,-0.15745011,-0.13334152,0.32224485,0.17512175,0.11882975,-0.34511077,-0.41668245,0.37647995,0.19578631,0.43277884,0.106578164,-0.1994512,-0.21091986,0.5805829,-0.3558838,-0.6655073,-0.5293088,0.5842764,-0.078334786,0.37783688,-0.42080915,-0.053821985,-0.028439172,-0.22660264,-0.64075136,0.20903614,-0.28237855,-0.2156289,0.41003633
1,-0.4201879,0.23543721,0.5352176,-0.40218544,-0.43185952,-0.08352879,-0.6089116,-0.79769593,0.30339643,0.5233605,-0.19133155,0.06892368,-0.1503059,-0.15150464,-0.7639718,-0.48481774,0.14826226,0.14763564,-0.10599268,0.07026216,0.43355376,-0.33491966,-0.24855632,-0.41544354,-0.7414535,-0.09483998,-0.071089365,0.5660408,0.37335464,0.14315915,0.3894123,0.043149557,0.34053135,0.2749306,-0.011801384,-0.6136005,-0.29792017,-0.16149639,0.21121097,0.3212132,0.51177907,-0.43000492,-0.10580292,-0.5461043,-0.30333808,0.41053241,-0.12263524,0.30525818,0.23126999,0.27732092,0.30248916,0.5360708,0.14154795,0.08246721,-0.5725913,0.2759709,0.20995337,-0.84405595,-0.14736249,0.32266343,0.08660767,0.2164245,0.23973167,0.244537,0.5287521,-0.37480098,0.1410578,0.06884921,0.35017657,0.67245626,0.20101032,-0.8245107,0.031049017,-0.16715801,-0.601433,-0.85251266,-0.14228925,-0.35085693,-0.4747874,0.06443126,0.52399594,0.1003724,-0.15475999,-0.23867528,-0.96627504,0.32776296,0.50238353,0.42104715,-0.23363549,0.31857225,-0.58777374,-0.060306665,-0.20987046,0.4232773,0.24923544,-0.48475993,0.62296367,0.13459387,-0.39976826,-0.12591289,-0.12097862,0.28501526,0.14862119,0.09218722,-0.30855215,-0.3592885,0.3267738,0.1573755,0.3817876,0.08042424,-0.16117461,-0.18075258,0.50120723,-0.3056407,-0.5783043,-0.44831404,0.49759826,-0.066729814,0.3224452,-0.36160326,-0.049242247,-0.028889604,-0.20477726,-0.53569937,0.17040321,-0.23581749,-0.16999629,0.350656
1,-0.44955784,0.25396663,0.5709831,-0.43705964,-0.46516722,-0.090886265,-0.64629847,-0.85638756,0.32848436,0.5685078,-0.20207363,0.06869721,-0.15582411,-0.16123909,-0.8219228,-0.5249866,0.16644049,0.15563452,-0.10963595,0.081129886,0.4695059,-0.36800194,-0.26832595,-0.45388603,-0.79488707,-0.09885406,-0.082736984,0.608933,0.4051594,0.14300394,0.41760215,0.04585284,0.37161,0.29924446,-0.01432737,-0.65259856,-0.3156734,-0.1789566,0.22026396,0.3507596,0.5448029,-0.46304452,-0.11582281,-0.5825394,-0.32942945,0.43872592,-0.139649,0.32693,0.24188066,0.30011785,0.3263762,0.5720078,0.1552909,0.092757896,-0.60987973,0.29343888,0.21888694,-0.90670055,-0.16412598,0.35406741,0.10259753,0.22528933,0.25932562,0.2651269,0.56882566,-0.41185027,0.15749915,0.07012187,0.36703697,0.72253984,0.2118246,-0.8917947,0.029442009,-0.18101585,-0.65121615,-0.9161528,-0.14480096,-0.3828471,-0.5151041,0.069724075,0.5576992,0.10542273,-0.16988555,-0.26286343,-1.0424235,0.36003876,0.54765666,0.45703256,-0.24658263,0.35297635,-0.6334622,-0.064543515,-0.22364551,0.4630789,0.2736243,-0.5240681,0.6702436,0.14772855,-0.43036446,-0.14106996,-0.12363616,0.3042236,0.16250485,0.10547023,-0.32670024,-0.3843266,0.34716064,0.1734607,0.40353853,0.0922265,-0.17489196,-0.19385153,0.53564715,-0.32790616,-0.61787605,-0.487815,0.5356311,-0.074587725,0.34742546,-0.389641,-0.049794707,-0.027183406,-0.21384165,-0.58481884,0.1870592,-0.2561476,-0.19029117,0.3773921
1,-0.41881004,0.22257295,0.54621506,-0.4157205,-0.44610304,-0.07620968,-0.61202985,-0.80250037,0.30784982,0.52586436,-0.1860106,0.062136687,-0.15324473,-0.15551502,-0.7765622,-0.49778762,0.14435425,0.14490058,-0.09324585,0.071786575,0.43917888,-0.3457752,-0.2321718,-0.4276893,-0.7515615,-0.07936157,-0.07357547,0.55377114,0.38587847,0.14518318,0.39854357,0.038325094,0.3436049,0.26723462,-0.0045399144,-0.60242754,-0.29263783,-0.18504243,0.20601416,0.31968945,0.5099646,-0.42894274,-0.10359597,-0.5487154,-0.2994278,0.40334514,-0.120922856,0.30840582,0.23277038,0.27810457,0.2963535,0.54180354,0.13505057,0.08838257,-0.5799233,0.27381635,0.18980643,-0.8575434,-0.1408885,0.32966638,0.09963802,0.2078505,0.23315495,0.25834697,0.5316399,-0.3905002,0.13604434,0.059126228,0.34216562,0.68777543,0.19627517,-0.8317998,0.01598033,-0.1541529,-0.60107005,-0.8484209,-0.14860624,-0.35389084,-0.4873339,0.06242413,0.5259169,0.10502599,-0.14601119,-0.24601676,-0.9771471,0.34102982,0.50928795,0.41872075,-0.25468105,0.33093807,-0.6015442,-0.0628246,-0.2008214,0.4289947,0.24903347,-0.49395698,0.6337557,0.13321038,-0.39671138,-0.12252821,-0.10114515,0.2878415,0.14654793,0.083374016,-0.31569117,-0.36265752,0.3267353,0.15179051,0.3798244,0.082367055,-0.14953433,-0.16794175,0.48954836,-0.29803318,-0.5791131,-0.4533446,0.49177667,-0.08145123,0.31196845,-0.35869884,-0.038873646,-0.03278085,-0.19967628,-0.5481092,0.16216885,-0.23049852,-0.16743997,0.34828976
0,0.030417908,-0.1683086,0.09670795,0.003452897,-0.06932816,0.07744071,-0.047165807,0.046530876,-0.050657444,-0.14171189,0.021851916,0.0053092837,-0.09226988,-0.04908491,0.024414195,0.02249119,-0.16134124,-0.017522357,0.06090278,-0.07614975,-0.066870615,0.07278023,0.19125071,0.084767334,-0.027887326,0.096397586,0.08941739,-0.21993472,0.009105746,0.14450574,0.038090333,-0.03792034,-0.11207966,-0.14925963,0.10820992,0.07317498,0.023022808,-0.09983518,0.018216398,-0.14906287,0.003990017,0.09894857,0.054709084,-0.012352504,0.124388576,-0.06929411,0.14683208,-0.010265026,0.09237697,-0.046494067,-0.13147083,0.047398128,-0.1538218,-0.012662157,-0.065671034,-0.019321289,-0.1119994,-0.010716235,0.16922083,-0.09588113,-0.013713211,-0.010794319,-0.12225282,0.05399916,-0.058462366,0.038896397,-0.14734565,-0.045065947,0.011403266,0.05915843,-0.040224105,0.11971983,-0.08302367,0.17242534,0.14420575,0.14912154,-0.15784945,0.10288976,0.03900681,-0.028171327,0.033589795,0.055794038,0.14722754,0.06905782,0.09651536,-0.04357973,-0.119443715,-0.13585503,-0.20670503,-0.07965542,-0.017520491,-0.02327238,0.09458463,-0.11380032,-0.14993389,0.006353192,-0.013235869,-0.067616604,0.08943743,0.123875365,0.12012172,0.0279091,-0.055980396,-0.18283466,-0.10638741,0.002815254,0.0058518983,-0.13834964,0.019421697,-0.08727397,0.16770229,0.1422114,-0.13050465,0.11104937,0.0051887482,0.09649872,-0.13960417,-0.08696696,-0.14209214,0.08148318,0.061405074,-0.07871422,-0.01122883,0.088253394,-0.16332501,0.117960714,0.16605599,-0.07586801
1,-0.56287163,0.34365037,0.7012242,-0.5557272,-0.56912285,-0.12176052,-0.79967225,-1.0824108,0.42743883,0.74415535,-0.24730796,0.080046624,-0.18248855,-0.18903226,-1.0462252,-0.67054504,0.23929918,0.2030153,-0.13309011,0.11721482,0.60418856,-0.48337278,-0.3695126,-0.59996223,-0.98735785,-0.13068452,-0.124416836,0.80439407,0.51332027,0.14457273,0.51945966,0.055738218,0.4928318,0.39856288,-0.046176888,-0.81829005,-0.39266193,-0.22016603,0.26580268,0.4672799,0.6751391,-0.60263324,-0.1515887,-0.72515965,-0.43613344,0.5526807,-0.19928065,0.41905418,0.28281853,0.38058817,0.43144348,0.7084268,0.22866389,0.12630576,-0.7530607,0.36998677,0.2793052,-1.141182,-0.2428976,0.463773,0.14499083,0.28060144,0.3494683,0.3324163,0.727618,-0.5330186,0.22715132,0.0890088,0.44676366,0.89842397,0.27541775,-1.1435642,0.04351912,-0.25810656,-0.845552,-1.1735238,-0.1483355,-0.49701014,-0.6649498,0.093323104,0.6877614,0.12920702,-0.23966089,-0.3495909,-1.330669,0.46839857,0.7117941,0.5932922,-0.28914014,0.46470863,-0.79801464,-0.07357326,-0.29302558,0.6081931,0.37861282,-0.6566562,0.8482288,0.19481488,-0.54946685,-0.20067486,-0.16250125,0.36862594,0.21265683,0.16237605,-0.38651556,-0.48414207,0.43556833,0.24540778,0.4976682,0.13966727,-0.2535078,-0.25941938,0.6881098,-0.42775467,-0.7727653,-0.63011634,0.69766027,-0.08365702,0.4550845,-0.49871558,-0.06722516,-0.023494892,-0.2579428,-0.76256824,0.2645035,-0.34381744,-0.27550817,0.4875816
1,-0.40966323,0.21365714,0.53950316,-0.40913385,-0.4404148,-0.07247859,-0.6024883,-0.7872918,0.3010235,0.5149444,-0.18052493,0.059908696,-0.15448053,-0.15388829,-0.7639606,-0.4894318,0.13742179,0.14182629,-0.08731528,0.068988346,0.42917073,-0.33837634,-0.22381315,-0.41989994,-0.7383709,-0.07555134,-0.07028689,0.5382058,0.38133618,0.1437177,0.39254987,0.036068413,0.33504558,0.25788808,-0.003683515,-0.58788776,-0.28602278,-0.18589595,0.20096761,0.309757,0.5005692,-0.41966695,-0.09987162,-0.5392756,-0.291999,0.39268252,-0.114923514,0.30390537,0.23050356,0.2719491,0.2859853,0.5334814,0.12833714,0.0887184,-0.5704578,0.2677846,0.18216369,-0.8438787,-0.1360578,0.32071906,0.100441195,0.20307821,0.22638716,0.25677857,0.52134544,-0.38425395,0.13062309,0.056221567,0.3344362,0.67842597,0.19135952,-0.81452703,0.012106191,-0.14673303,-0.5879959,-0.8297444,-0.14892252,-0.34345195,-0.48014623,0.061618306,0.5167832,0.107261024,-0.14009479,-0.24144624,-0.95944107,0.33510178,0.4963073,0.40665215,-0.25835863,0.3242168,-0.5932499,-0.062353227,-0.19597243,0.41916445,0.24050285,-0.48551428,0.6229105,0.12779602,-0.38556236,-0.11867884,-0.093716145,0.2824875,0.14238143,0.07548868,-0.31151208,-0.35751823,0.3221399,0.14748868,0.37284678,0.07900513,-0.14406982,-0.15949926,0.47681215,-0.2887571,-0.5707042,-0.44158307,0.48031452,-0.081493884,0.3017696,-0.3505742,-0.035972077,-0.034374632,-0.19367799,-0.53897667,0.15532622,-0.22396442,-0.16218492,0.34024358
0,0.023372147,-0.15892589,0.09168484,0.00455343,-0.06840225,0.0698919,-0.047776666,0.04082481,-0.049984373,-0.13850275,0.016934227,0.0068200305,-0.08452442,-0.049169414,0.026681107,0.022448115,-0.15422407,-0.017044397,0.05374247,-0.07491483,-0.06455907,0.07118589,0.1848857,0.08400554,-0.033723563,0.087181725,0.08568896,-0.20883533,0.0037228987,0.14306799,0.034353502,-0.03155555,-0.11143065,-0.14128666,0.111231305,0.06267482,0.017636865,-0.090816505,0.023382787,-0.14111984,0.0072826557,0.09522694,0.04928872,-0.015898038,0.11498359,-0.062777236,0.14202696,-0.0120732,0.0895223,-0.043653294,-0.1275456,0.044601798,-0.14851205,-0.015035819,-0.06695832,-0.01778472,-0.10175868,-0.010753678,0.16516271,-0.09118727,-0.018795047,-0.0061827004,-0.11670372,0.04809952,-0.05495947,0.03979846,-0.1438933,-0.040221103,0.015577521,0.059894424,-0.03374186,0.11298589,-0.075817466,0.16266726,0.13909814,0.13866772,-0.15376651,0.10161678,0.04129202,-0.029113922,0.034671016,0.052774347,0.14057931,0.06628075,0.094203725,-0.043910563,-0.11616652,-0.12844287,-0.19319946,-0.07907489,-0.015986279,-0.026066504,0.08667874,-0.11401525,-0.14910746,0.0033296347,-0.0098761935,-0.06420714,0.08154957,0.12194322,0.10609147,0.030748893,-0.052520808,-0.17679526,-0.10843408,-0.0022157803,0.007245142,-0.13465828,0.022048444,-0.08823703,0.16202447,0.13390432,-0.122728206,0.10180493,0.0008955598,0.09444124,-0.13255215,-0.08123822,-0.13406989,0.07333937,0.05557714,-0.07633114,-0.018183224,0.09058436,-0.15490462,0.11367162,0.16085586,-0.073781535
1,-0.4001007,0.21658182,0.51680374,-0.3872872,-0.41882023,-0.07495825,-0.58508843,-0.7598471,0.28718284,0.4946973,-0.18168378,0.06428534,-0.14754246,-0.1473782,-0.73091316,-0.46480253,0.13389844,0.13923118,-0.097392626,0.06514444,0.4144795,-0.31854862,-0.22581783,-0.395837,-0.7115897,-0.08425271,-0.065125085,0.5293461,0.35953933,0.14357796,0.37664923,0.040727105,0.32068494,0.25449336,-0.004838139,-0.58131516,-0.28119817,-0.16278009,0.20149502,0.30106246,0.49065644,-0.40677235,-0.09716935,-0.5228522,-0.28422725,0.3876386,-0.11193947,0.29143342,0.22578457,0.26205468,0.28262752,0.5155643,0.12750912,0.07941377,-0.55138314,0.26332176,0.1919997,-0.80802983,-0.13208425,0.3072616,0.08394963,0.20423627,0.22271955,0.23794866,0.5033234,-0.36012173,0.12720558,0.062412426,0.33399832,0.6477266,0.18895188,-0.7833069,0.02268834,-0.14934108,-0.568767,-0.8069822,-0.14441672,-0.33262244,-0.45384264,0.059854984,0.50273955,0.09860733,-0.13995497,-0.22503974,-0.9208659,0.314049,0.47678965,0.39644837,-0.23474938,0.30390012,-0.5653631,-0.059081648,-0.19506223,0.40108284,0.2305529,-0.46461207,0.5976225,0.1253021,-0.37867108,-0.114334404,-0.10806526,0.27527276,0.13829492,0.07946978,-0.300227,-0.34385496,0.31302875,0.14435051,0.36599994,0.07201169,-0.14614701,-0.16529384,0.4724206,-0.2845163,-0.552336,-0.42681453,0.46810636,-0.07074264,0.30038238,-0.34172714,-0.042468045,-0.032454886,-0.19573301,-0.51025224,0.15408483,-0.21986648,-0.1547832,0.3312133
0,0.015403438,-0.1477993,0.0884503,0.0020514894,-0.0724429,0.06391899,-0.04992203,0.036469012,-0.05086293,-0.13030748,0.009595688,0.005918555,-0.07731877,-0.050656006,0.02563835,0.023680497,-0.146731,-0.02030992,0.043083914,-0.0714186,-0.06300333,0.071515575,0.17546809,0.08702336,-0.04156906,0.07514745,0.081394024,-0.19844936,0.0050766543,0.14067702,0.032556385,-0.022493772,-0.109560296,-0.1342809,0.114640586,0.050299916,0.013963722,-0.08317353,0.026771706,-0.1332367,0.014117222,0.090871945,0.045075923,-0.01865207,0.10606806,-0.05345393,0.13353045,-0.016910737,0.088046975,-0.039992213,-0.122701705,0.04522088,-0.14505664,-0.017015092,-0.06484738,-0.0152901225,-0.0894211,-0.014598811,0.16100751,-0.08222943,-0.022380948,-0.0044579282,-0.11210509,0.044693608,-0.050444078,0.03813114,-0.13928854,-0.03464485,0.021684088,0.064703815,-0.03188017,0.1041571,-0.069926694,0.15402521,0.13186991,0.12783496,-0.1502763,0.09439567,0.04125963,-0.028143391,0.03926457,0.048530698,0.13518651,0.063029155,0.08673136,-0.045099355,-0.112558275,-0.120908864,-0.17561308,-0.07748982,-0.01815524,-0.027323887,0.07728131,-0.11163792,-0.14977443,-0.0036811344,-0.007352723,-0.060218714,0.07384854,0.11879719,0.09108397,0.0376418,-0.05323619,-0.17073146,-0.109065145,-0.0057033673,0.009915631,-0.1263855,0.026946831,-0.091142505,0.15614459,0.12439561,-0.11017506,0.09518331,-0.0055620894,0.08789362,-0.12290847,-0.07384093,-0.12450836,0.06391626,0.052888963,-0.07357752,-0.026072197,0.090238534,-0.14565073,0.109708354,0.15795372,-0.072334245
1,-0.41284707,0.2227912,0.53280556,-0.4040243,-0.43479198,-0.0773578,-0.60094017,-0.78621924,0.3001372,0.5134946,-0.18476607,0.063894644,-0.14967704,-0.15216619,-0.7575408,-0.4839701,0.14195853,0.1423276,-0.09664616,0.06934226,0.4288412,-0.3346726,-0.23176596,-0.41455865,-0.73586285,-0.08423179,-0.07137086,0.5467816,0.37337017,0.14350703,0.3885713,0.040603295,0.3347146,0.26409698,-0.005069025,-0.5969853,-0.28951424,-0.1726491,0.20528796,0.31436342,0.5029101,-0.42043364,-0.10240323,-0.5394359,-0.29582483,0.3983265,-0.117966734,0.30138892,0.2292231,0.27187163,0.29144642,0.5303998,0.13353938,0.08420411,-0.5687486,0.26995593,0.1932207,-0.8373396,-0.13871203,0.32071546,0.09179916,0.20775858,0.23069967,0.2488786,0.52036697,-0.37721664,0.13354397,0.062074713,0.34049952,0.67133653,0.19582334,-0.8131254,0.02101868,-0.15505254,-0.5893741,-0.8342256,-0.14549264,-0.3449587,-0.47311085,0.061660863,0.516908,0.10252225,-0.14494856,-0.23768638,-0.9552838,0.32938933,0.4962679,0.4111738,-0.24401078,0.31958163,-0.58663017,-0.061648067,-0.20064345,0.4175487,0.24194787,-0.482167,0.62031907,0.1308221,-0.39069352,-0.1192341,-0.10702835,0.28238913,0.14376847,0.08285215,-0.3099131,-0.3565314,0.32231632,0.15021318,0.37425965,0.07812675,-0.14955105,-0.16870335,0.48448834,-0.2940865,-0.56971115,-0.4422644,0.4837871,-0.074856885,0.309687,-0.3530568,-0.042174403,-0.031939946,-0.19930848,-0.5322875,0.16062622,-0.22744772,-0.1637855,0.34223974
1,-0.1575592,0.011717364,0.25223157,-0.14950354,-0.20726316,0.0020534247,-0.2661409,-0.28434068,0.08504821,0.1248603,-0.07647628,0.035120733,-0.09885761,-0.090926506,-0.27129993,-0.17095308,-0.028071102,0.0414032,-0.02822037,-0.013461672,0.13130115,-0.08305239,0.0035909116,-0.10064368,-0.31118056,0.0007877052,0.021272805,0.10615255,0.14171988,0.14263663,0.16855298,0.010429442,0.06807956,0.03316344,0.06330956,-0.21542028,-0.11230563,-0.10022291,0.10175601,0.04960241,0.20976639,-0.11048789,-0.01503853,-0.22359727,-0.0529161,0.13363262,0.025631756,0.10362764,0.14171818,0.0872925,0.052268527,0.23380296,-0.0298734,0.013778824,-0.25822446,0.10055731,0.040225804,-0.3269875,0.04110035,0.07669005,0.007877372,0.08514401,0.026915768,0.11187449,0.17081708,-0.11453938,-0.026947737,0.013081124,0.1560156,0.28873992,0.057193577,-0.25519848,-0.02158365,0.02476246,-0.15397,-0.2564476,-0.14358085,-0.08707999,-0.15170358,0.008562808,0.22671829,0.06027395,0.017796487,-0.04936799,-0.3210867,0.095246226,0.12980387,0.09791242,-0.17718603,0.07421117,-0.2322462,-0.03939353,-0.03927805,0.094663195,0.010388829,-0.18743406,0.2321629,0.020146979,-0.11687405,0.019186288,-0.0033992138,0.13533567,0.026725467,-0.056983016,-0.18072492,-0.13866106,0.12967564,-0.01456536,0.16469032,-0.024596892,0.030266508,-0.008653672,0.13578624,-0.06494063,-0.22590804,-0.123086296,0.12028706,-0.06382565,0.05806569,-0.10321629,0.0048323832,-0.047903895,-0.09788348,-0.146137,-0.017769057,-0.028520256,0.028998742,0.09553196
1,-0.40362993,0.21682528,0.52211475,-0.39266488,-0.4254533,-0.07521494,-0.5879776,-0.7667181,0.29096478,0.4990357,-0.18170503,0.06392498,-0.14791492,-0.14986607,-0.73769045,-0.46971232,0.13603744,0.13834204,-0.097057424,0.0666778,0.41735998,-0.3237243,-0.22580835,-0.40026772,-0.71922815,-0.08354638,-0.06700397,0.5315439,0.3638289,0.1423817,0.37989786,0.040082075,0.32415232,0.25682813,-0.003240794,-0.5847687,-0.2837044,-0.1668128,0.20142478,0.30428353,0.49286613,-0.40873617,-0.09936483,-0.52718973,-0.2860617,0.3898303,-0.113861896,0.29287094,0.22674552,0.26523113,0.28422466,0.5189069,0.12789696,0.08084375,-0.55542415,0.2642398,0.19035953,-0.8160239,-0.13271183,0.310804,0.087318204,0.20416279,0.22393075,0.24161175,0.50691706,-0.36543024,0.12833926,0.061551176,0.3354741,0.65499246,0.18960875,-0.79220545,0.021119867,-0.1493262,-0.57389253,-0.81310624,-0.14476252,-0.33649662,-0.45930582,0.05970394,0.50620085,0.09997786,-0.13999817,-0.22868852,-0.9310221,0.31884938,0.48256654,0.40048277,-0.23735812,0.30897927,-0.57191205,-0.060177863,-0.19560453,0.40545356,0.2329626,-0.46988833,0.60418046,0.12723939,-0.38132182,-0.115284875,-0.105794474,0.2770587,0.13930884,0.07911567,-0.30431926,-0.34695196,0.31472453,0.14496194,0.3668344,0.07359377,-0.14450932,-0.16529912,0.4739326,-0.28633544,-0.5561252,-0.43051967,0.47036943,-0.07262811,0.30263358,-0.34424388,-0.041648675,-0.03153079,-0.19624133,-0.517275,0.1543241,-0.22088006,-0.1562351,0.33273572
1,-0.6337341,0.40296653,0.78288627,-0.62774146,-0.63380057,-0.14372791,-0.8954328,-1.225862,0.48878244,0.8537979,-0.27636358,0.08827888,-0.19880684,-0.2062178,-1.1866177,-0.75884795,0.28769535,0.23330939,-0.15092415,0.14009309,0.68798894,-0.55564314,-0.43573192,-0.6904558,-1.1071162,-0.1541231,-0.14984103,0.9295525,0.5795594,0.1440028,0.58280766,0.062421978,0.5677221,0.46258914,-0.06670121,-0.9259355,-0.44286495,-0.24212493,0.2943486,0.54101574,0.7579577,-0.6910386,-0.1758986,-0.8153935,-0.5050645,0.62650335,-0.23957759,0.47726014,0.30845922,0.43235594,0.49794656,0.7923683,0.2752313,0.14833444,-0.8415667,0.4181378,0.3220458,-1.2866061,-0.29485193,0.531831,0.17063406,0.31485152,0.407858,0.37224314,0.82755774,-0.60823876,0.27172005,0.102582075,0.49879834,1.0085795,0.31557265,-1.3013355,0.05493371,-0.30970216,-0.969873,-1.3376552,-0.14948674,-0.5673592,-0.75754625,0.10861232,0.7710961,0.1428152,-0.28546664,-0.40316898,-1.5103554,0.5346866,0.8148133,0.6810742,-0.31141376,0.5335416,-0.8989604,-0.07924768,-0.33880976,0.7004634,0.4436214,-0.7392353,0.95952797,0.2251013,-0.62620205,-0.2397213,-0.1911436,0.40986618,0.24548961,0.19977051,-0.42364004,-0.5472643,0.49125785,0.29305142,0.55712616,0.16878751,-0.30579782,-0.30310804,0.78727484,-0.4924009,-0.8704567,-0.7191941,0.800306,-0.087228745,0.52615386,-0.5693984,-0.079923585,-0.020518474,-0.28575778,-0.8733294,0.31415567,-0.40001306,-0.33055064,0.55700356
1,-0.81048435,0.53930753,0.98943305,-0.81656843,-0.8036861,-0.19311461,-1.1326239,-1.5816823,0.6429905,1.1275812,-0.34658563,0.10346831,-0.23929489,-0.25298735,-1.538329,-0.9871871,0.40319827,0.30407596,-0.18595931,0.19790965,0.8990793,-0.74065685,-0.5879179,-0.91946286,-1.4128895,-0.20089167,-0.21446906,1.2282497,0.75269,0.14498278,0.74449915,0.07765792,0.7566081,0.6166795,-0.11072727,-1.1831675,-0.5628009,-0.3127488,0.36240372,0.7223532,0.9608463,-0.9064932,-0.23355497,-1.0392796,-0.670528,0.8042304,-0.3361698,0.6196428,0.37277165,0.5620101,0.65799564,1.005264,0.38455096,0.20402665,-1.0645835,0.53528124,0.41132867,-1.6553572,-0.41638842,0.7055361,0.24193949,0.39407158,0.5452495,0.47975776,1.0753131,-0.8044401,0.37880057,0.12933165,0.6208062,1.2889062,0.40896454,-1.6972728,0.07281339,-0.42493215,-1.2746423,-1.7393433,-0.15688053,-0.7469647,-0.9939331,0.14488156,0.97601676,0.17802513,-0.39214197,-0.5406599,-1.9621574,0.70835984,1.0744653,0.8961819,-0.3787608,0.71428365,-1.1595136,-0.09461088,-0.4436,0.93068904,0.604456,-0.9514133,1.2397355,0.29897642,-0.81313854,-0.33401674,-0.24552426,0.5136878,0.3246764,0.2875626,-0.51942784,-0.7024177,0.6270333,0.40401667,0.7015997,0.24289194,-0.42277884,-0.40301627,1.021473,-0.6472145,-1.1127529,-0.94499576,1.0502113,-0.10720979,0.69323593,-0.7410308,-0.103470445,-0.013986625,-0.35139722,-1.155082,0.4314937,-0.5349004,-0.4632896,0.7277934
1,-0.3912996,0.206305,0.50846213,-0.38028955,-0.4147755,-0.0723269,-0.5708341,-0.7427035,0.279703,0.480517,-0.17642015,0.062027447,-0.1449791,-0.14693418,-0.7136754,-0.4542982,0.12865207,0.13327539,-0.09310554,0.06222459,0.4024542,-0.31191888,-0.21400094,-0.38428044,-0.69913936,-0.079624034,-0.06256204,0.5100674,0.35248935,0.14229721,0.36869246,0.038735054,0.31130555,0.24577563,0.0009628609,-0.565693,-0.2752596,-0.16342266,0.19673741,0.29110703,0.47822127,-0.39344558,-0.09561235,-0.51140267,-0.27486023,0.37723804,-0.106616355,0.28304848,0.22183096,0.2570285,0.2722667,0.50447065,0.11933041,0.07710798,-0.5396019,0.2550587,0.18268219,-0.7912627,-0.123633906,0.29881224,0.0836825,0.19714521,0.21397476,0.23545441,0.49032587,-0.35320923,0.12064542,0.059286743,0.32585943,0.6371113,0.18262595,-0.76495135,0.018786866,-0.14045502,-0.55284226,-0.78514713,-0.14415978,-0.3233907,-0.44394135,0.05754038,0.49234354,0.09698826,-0.13218501,-0.22021706,-0.89959484,0.30779535,0.464792,0.3852094,-0.2340593,0.29773197,-0.5551452,-0.059513956,-0.18779993,0.39038843,0.22135665,-0.45644712,0.58424985,0.12129883,-0.36752585,-0.10858992,-0.100631714,0.2703397,0.13434592,0.07259507,-0.29774588,-0.33630902,0.30510992,0.137037,0.3566528,0.06866106,-0.1348805,-0.15724447,0.45616347,-0.27541155,-0.53996307,-0.41531733,0.45270705,-0.07240109,0.29036573,-0.3326699,-0.039335255,-0.032149352,-0.1910752,-0.49803504,0.14608717,-0.21083054,-0.1468565,0.3209758
1,0.025456134,-0.1624385,0.09366578,0.0038492829,-0.06874982,0.07273762,-0.04789538,0.042705864,-0.050161824,-0.13961604,0.018621895,0.006369576,-0.087061465,-0.04888203,0.025483254,0.022174485,-0.15675789,-0.016979309,0.056213275,-0.07492185,-0.0651764,0.071552806,0.18663304,0.084080644,-0.03141941,0.09023746,0.08777998,-0.21214564,0.005338831,0.143719,0.036087092,-0.033745304,-0.110477,-0.14408362,0.11007883,0.065999866,0.01923266,-0.094188295,0.021413356,-0.14414424,0.006662961,0.09620221,0.05116819,-0.014688779,0.11832892,-0.065084085,0.14418894,-0.011256922,0.09041539,-0.044833213,-0.12837535,0.045340683,-0.14967689,-0.014182752,-0.06723964,-0.017954543,-0.10505081,-0.0104143005,0.16697901,-0.09326736,-0.017721891,-0.0071041137,-0.11917456,0.050388645,-0.055971753,0.039512537,-0.14482976,-0.042542815,0.01427317,0.059829064,-0.03607264,0.11520625,-0.07830253,0.16607386,0.14055316,0.14192359,-0.15496552,0.10231207,0.039957352,-0.028997142,0.03396464,0.054348547,0.14224598,0.06689578,0.09425689,-0.043866724,-0.11739656,-0.13055934,-0.19863725,-0.07859906,-0.016259551,-0.025183424,0.08906382,-0.11308123,-0.14863959,0.00484081,-0.010592148,-0.06574659,0.08423132,0.12224522,0.11148603,0.030127589,-0.053348523,-0.17864902,-0.10787225,-0.0007539615,0.0074631684,-0.135858,0.0209402,-0.08786979,0.16343787,0.13625523,-0.12548326,0.10537931,0.00229989,0.0950497,-0.13504677,-0.083415486,-0.1372706,0.07606777,0.05712762,-0.07674371,-0.0156175755,0.08954168,-0.15803188,0.114621714,0.16219658,-0.07395813
1,-0.6376725,0.40321982,0.7870712,-0.63369936,-0.6387687,-0.143372,-0.8995686,-1.2318172,0.4920309,0.8595418,-0.27763692,0.08755214,-0.199263,-0.20805296,-1.1932306,-0.7652387,0.2886045,0.23324355,-0.1498315,0.14135888,0.6925424,-0.55990624,-0.43616167,-0.69515264,-1.1148255,-0.15263978,-0.15171672,0.93250686,0.58465534,0.14475772,0.58642733,0.062786445,0.5724019,0.46466213,-0.065827124,-0.92859155,-0.44397196,-0.24670519,0.2953414,0.54436344,0.76121384,-0.6938162,-0.17633882,-0.8191734,-0.5066052,0.62867945,-0.24030483,0.47888038,0.30973786,0.43495125,0.50030726,0.79756624,0.2760311,0.14890791,-0.8464075,0.4197976,0.3198802,-1.2949024,-0.29500303,0.5363297,0.17298073,0.31554595,0.40864226,0.3761662,0.8318545,-0.6136373,0.27310216,0.10174758,0.49956402,1.0147346,0.31606206,-1.3098049,0.053105097,-0.30881318,-0.9742728,-1.3435824,-0.15051506,-0.57261837,-0.7631552,0.10878617,0.77404904,0.14352424,-0.28587857,-0.40648043,-1.5201523,0.5398187,0.8207117,0.6844459,-0.31471497,0.539094,-0.9060038,-0.07985288,-0.33875704,0.7045411,0.4468124,-0.74489737,0.96522516,0.22635035,-0.6288822,-0.24074155,-0.18861434,0.41198793,0.24617006,0.200618,-0.42620635,-0.5493174,0.4930266,0.293301,0.55909145,0.17072392,-0.30464166,-0.30353683,0.7888059,-0.49394605,-0.8749238,-0.7247703,0.8040479,-0.089761406,0.5271028,-0.5714239,-0.078756616,-0.020335443,-0.28682247,-0.8798624,0.3152663,-0.401471,-0.3317097,0.55985194
1,-0.3978233,0.211775,0.5154749,-0.38654017,-0.4206174,-0.07374185,-0.5794114,-0.75513417,0.28577724,0.48967865,-0.17885378,0.063139886,-0.1464049,-0.14867437,-0.7260231,-0.46213073,0.1323638,0.13580118,-0.095246084,0.064474784,0.40988064,-0.31795046,-0.219946,-0.39229327,-0.7094103,-0.08180041,-0.06482437,0.52094513,0.35826087,0.1422703,0.37430498,0.039226882,0.3177646,0.2514385,-0.0010276213,-0.5755606,-0.2798197,-0.16503048,0.19874096,0.29786175,0.4855306,-0.40085757,-0.0978085,-0.5197788,-0.28054237,0.38362688,-0.11028341,0.28792325,0.22423062,0.2614219,0.2783293,0.5115818,0.12379218,0.07902925,-0.5474914,0.25976136,0.1865907,-0.80410254,-0.12820089,0.3049966,0.085505836,0.20050527,0.21907368,0.23856789,0.49840719,-0.35936606,0.124747545,0.06054289,0.33087096,0.6461827,0.1864362,-0.7790077,0.020041045,-0.14507978,-0.5637591,-0.7994089,-0.14448957,-0.3299614,-0.45184273,0.058295168,0.49959427,0.09847011,-0.13604645,-0.22467734,-0.9156149,0.31330812,0.4737352,0.39304778,-0.2356978,0.30338016,-0.56380904,-0.059725553,-0.19172122,0.397944,0.22729193,-0.4629326,0.5944799,0.1244737,-0.37481007,-0.111696124,-0.10353178,0.2738625,0.13668148,0.07571196,-0.30120802,-0.34151888,0.3097644,0.14082979,0.36174667,0.07133008,-0.13957416,-0.16123109,0.46528006,-0.28126645,-0.54797536,-0.42278165,0.46162334,-0.07253033,0.29674295,-0.338714,-0.040311564,-0.03164702,-0.19375235,-0.50815034,0.15002954,-0.21573201,-0.15139328,0.32693315
1,-0.16591306,0.014926966,0.2681302,-0.16137321,-0.21907797,0.0005294457,-0.28053954,-0.30714396,0.094112426,0.14046784,-0.078456774,0.033604257,-0.103538275,-0.09309345,-0.29477558,-0.18650006,-0.022890326,0.04652338,-0.025933832,-0.01017008,0.14469543,-0.095589034,-0.0015754253,-0.11805417,-0.32892004,0.003190361,0.018908413,0.118529364,0.15509424,0.1433166,0.18005218,0.0090873875,0.07799357,0.04008362,0.061526395,-0.22706285,-0.11757905,-0.11032235,0.10329938,0.057698272,0.22137523,-0.12440576,-0.018332452,-0.2371599,-0.062243544,0.14303316,0.020158052,0.114439584,0.14588565,0.09615313,0.058443688,0.24742512,-0.026961647,0.020838298,-0.27301556,0.10590005,0.041564144,-0.35166875,0.033290625,0.08587322,0.017294444,0.086717546,0.033352934,0.12119417,0.18611264,-0.13017279,-0.021762758,0.010306688,0.15960081,0.30903596,0.058978602,-0.27822065,-0.025097398,0.021875603,-0.17228557,-0.2787093,-0.14620695,-0.09630264,-0.16743365,0.011294992,0.2391984,0.06454636,0.012213226,-0.058985617,-0.34825602,0.10794124,0.14602451,0.11006313,-0.18809843,0.08648626,-0.24903771,-0.04193007,-0.04277531,0.11046376,0.018586554,-0.20185299,0.24991566,0.023249993,-0.12704566,0.011898734,0.0005001668,0.1417006,0.03348322,-0.05357454,-0.18697631,-0.14784706,0.13629214,-0.009293474,0.17289689,-0.01992384,0.024343528,-0.010209205,0.14578822,-0.072525896,-0.24025284,-0.13702467,0.13374618,-0.06902931,0.06357462,-0.11278646,0.006009329,-0.049196836,-0.09764833,-0.16630766,-0.014310747,-0.035551347,0.020078527,0.10503302
1,-0.6243693,0.3954225,0.7717772,-0.6177296,-0.6247508,-0.14099626,-0.8825607,-1.2065957,0.48033163,0.8392147,-0.27252924,0.08740496,-0.19666475,-0.2036725,-1.1674473,-0.7466047,0.28141075,0.22939655,-0.14894104,0.13688302,0.6768117,-0.54562515,-0.42729083,-0.6781167,-1.0909209,-0.15142009,-0.14645399,0.9133445,0.57021743,0.14400959,0.57431483,0.061736785,0.55746424,0.45432836,-0.064236514,-0.91182274,-0.4361839,-0.23842193,0.29068,0.5312702,0.7469139,-0.6794292,-0.17280574,-0.80321443,-0.4960667,0.6168924,-0.23434576,0.4695205,0.30500412,0.42557392,0.48930478,0.7812107,0.26919883,0.14522362,-0.82958776,0.41170502,0.31688422,-1.2668494,-0.2882214,0.5225494,0.16699919,0.3104244,0.40037,0.3665277,0.8140872,-0.5978068,0.26584142,0.10106482,0.4921833,0.99330795,0.31032676,-1.2800056,0.05380359,-0.30322036,-0.9534109,-1.3156687,-0.14908099,-0.557922,-0.74474514,0.106608115,0.76003385,0.14081411,-0.27954057,-0.39574006,-1.4861642,0.5254528,0.80089766,0.6694584,-0.30784872,0.52396864,-0.8851318,-0.07849506,-0.3330252,0.6881909,0.43501937,-0.7279012,0.9444869,0.22108527,-0.61597246,-0.23465475,-0.18775895,0.4042868,0.24116822,0.19512504,-0.4184705,-0.53870887,0.4839549,0.2869935,0.5493358,0.1647529,-0.29935318,-0.29774922,0.7744301,-0.4839053,-0.8573024,-0.70722175,0.7867572,-0.08654119,0.5171257,-0.5599753,-0.078573614,-0.020833649,-0.2819976,-0.8582672,0.30753872,-0.39266205,-0.32329118,0.5477653
1,-0.46332538,0.25882748,0.59892476,-0.4618684,-0.48661655,-0.08880523,-0.67363673,-0.8931562,0.3473046,0.59618986,-0.20299914,0.06668255,-0.16668878,-0.1658197,-0.8666905,-0.555884,0.17357385,0.1652302,-0.10128496,0.08581009,0.49250335,-0.3912653,-0.27419806,-0.48676246,-0.826844,-0.09242804,-0.08986224,0.63306814,0.42908153,0.14438084,0.43904653,0.041876286,0.39035693,0.3068838,-0.020004436,-0.6683501,-0.32330966,-0.20116156,0.22331622,0.36494246,0.56195873,-0.4857297,-0.117476664,-0.6067784,-0.3433206,0.44837743,-0.14441743,0.34813032,0.2494114,0.31038335,0.33756456,0.59682083,0.16456461,0.10365169,-0.6368667,0.30423906,0.21521977,-0.9512517,-0.1754112,0.37071705,0.11827027,0.2309391,0.27058083,0.28439236,0.595872,-0.43852785,0.1640389,0.06701551,0.3732271,0.7581699,0.22247002,-0.9316763,0.022018235,-0.1861968,-0.6805973,-0.9522068,-0.14980382,-0.39681986,-0.54722995,0.07353968,0.578125,0.11727352,-0.17478982,-0.28043464,-1.0927356,0.38335317,0.5732457,0.47329244,-0.27449512,0.37420925,-0.66745406,-0.06659177,-0.22976808,0.48672643,0.29088026,-0.5459498,0.7049437,0.15049703,-0.4432105,-0.14792298,-0.116255686,0.31188414,0.16754995,0.10510435,-0.33837974,-0.40365556,0.36260146,0.18246359,0.41799253,0.1007907,-0.18410487,-0.19287969,0.5508566,-0.3378616,-0.64216983,-0.50782907,0.55705553,-0.08360423,0.35437825,-0.40275627,-0.046581734,-0.032266967,-0.21475764,-0.6203022,0.19305542,-0.2667209,-0.20326467,0.39315847
1,-0.040825702,-0.09514503,0.14243007,-0.046715647,-0.11661042,0.044131726,-0.1211021,-0.068415426,-0.005498346,-0.045854174,-0.021347225,0.018426344,-0.085424,-0.06459689,-0.07068616,-0.041410547,-0.108450174,-0.0005126484,0.01636048,-0.05092133,0.0033546388,0.01980137,0.11999073,0.026294943,-0.12956433,0.05291868,0.06252975,-0.09936743,0.04988206,0.14363214,0.07964201,-0.012084365,-0.048771262,-0.07704264,0.095066294,-0.03563804,-0.028952222,-0.088503115,0.0510024,-0.072047845,0.077998295,0.02508469,0.02617233,-0.08600014,0.058778852,0.00910918,0.09469184,0.023411661,0.10586032,0.004853862,-0.060473956,0.1089662,-0.1078544,-0.0092922095,-0.12755989,0.022828598,-0.046042077,-0.114892505,0.12342355,-0.030671421,-0.016098704,0.024309747,-0.06809584,0.06556241,0.019737087,-0.011104371,-0.101872265,-0.01791654,0.06838118,0.13277107,-0.0061094835,-0.013235271,-0.053319424,0.115238264,0.03784952,0.0032563508,-0.1489947,0.02929596,-0.020723362,-0.01639865,0.10051825,0.048731267,0.097894594,0.028787946,-0.049439292,0.0021971054,-0.028214946,-0.0450092,-0.17441808,-0.025948063,-0.08707359,-0.030800171,0.041444685,-0.041962713,-0.09229052,-0.062114783,0.0695283,-0.032936744,0.009548005,0.08329295,0.06289608,0.06902306,-0.02608618,-0.12779468,-0.12974828,-0.04525001,0.04669102,-0.091722146,0.0720066,-0.067149006,0.11711971,0.07669188,-0.029605037,0.043140747,-0.074571855,0.016011044,-0.044850677,-0.07225942,-0.064142086,0.010760583,0.03493595,-0.061453864,-0.046440557,0.012117133,-0.1051586,0.0636549,0.11576423,-0.014784053
1,-0.2564793,0.08748323,0.37232432,-0.2558543,-0.3027758,-0.025352806,-0.40113243,-0.48730397,0.17247935,0.27984634,-0.11491881,0.04365511,-0.12437324,-0.11546699,-0.47290644,-0.30101094,0.036090724,0.08316691,-0.04653998,0.018818207,0.2519697,-0.18787396,-0.08304533,-0.23277698,-0.48285756,-0.024764448,-0.015282823,0.27591884,0.23946422,0.1437411,0.2608262,0.017086685,0.17447945,0.12019725,0.036880042,-0.36055088,-0.17986846,-0.14089428,0.1400966,0.15181708,0.3252472,-0.23487346,-0.048511855,-0.3501519,-0.14736529,0.23410076,-0.027959108,0.18665595,0.17781511,0.1599662,0.14364457,0.35527408,0.032151297,0.046287846,-0.38577846,0.16655515,0.0905366,-0.53740776,-0.028754734,0.17374325,0.04949837,0.13080078,0.10558253,0.17420858,0.31246197,-0.22600368,0.03457895,0.02661884,0.22509715,0.448773,0.1109247,-0.47982937,-0.012681741,-0.040772926,-0.3274576,-0.48403662,-0.14712346,-0.18750612,-0.28598106,0.02932059,0.3431123,0.0814595,-0.042822875,-0.12753482,-0.57783014,0.19457424,0.27706665,0.21922477,-0.21936539,0.1762451,-0.37972984,-0.04909418,-0.098738804,0.22659802,0.10221097,-0.3071745,0.3912353,0.062038124,-0.22244677,-0.033954225,-0.03320393,0.19342524,0.07357028,-0.007175185,-0.23553324,-0.22728595,0.20731159,0.048505917,0.24810442,0.017650515,-0.037537426,-0.06335609,0.26805493,-0.15237215,-0.36328873,-0.2503613,0.2621819,-0.07574382,0.1520679,-0.20087601,-0.008925151,-0.04487578,-0.13434003,-0.30650362,0.04837457,-0.10517038,-0.046636093,0.19309634
0,-0.28494707,0.12240344,0.3864968,-0.2696665,-0.31348062,-0.040166397,-0.43182442,-0.53020805,0.18940796,0.31760672,-0.13346213,0.052226372,-0.12302032,-0.11942152,-0.50705683,-0.32073736,0.057005167,0.09246679,-0.068468705,0.027157843,0.27666202,-0.20247081,-0.12110779,-0.2506433,-0.51708424,-0.048526533,-0.023427123,0.33047622,0.2519567,0.14273545,0.27353603,0.027617484,0.1996215,0.15090786,0.025952995,-0.40889388,-0.20226976,-0.12588201,0.15581316,0.18181592,0.35629877,-0.26496565,-0.05872757,-0.37826353,-0.17397535,0.26756248,-0.046734117,0.19999298,0.18445484,0.17798138,0.17492682,0.37861764,0.054171957,0.045203794,-0.4085243,0.18589789,0.12560587,-0.5737755,-0.050373092,0.19507962,0.042601295,0.15035632,0.1305388,0.1736477,0.34350854,-0.23751104,0.05516216,0.042148426,0.2515796,0.4712175,0.12779333,-0.528846,0.0062538353,-0.06938852,-0.36963066,-0.54453284,-0.14173111,-0.21506722,-0.3060639,0.035573713,0.3692642,0.07888464,-0.066789806,-0.13901842,-0.6312384,0.20580287,0.30873972,0.25399637,-0.20040303,0.19036537,-0.40213913,-0.049102258,-0.12382868,0.25178033,0.1259457,-0.3296212,0.4190181,0.07562032,-0.25404748,-0.051226318,-0.064368844,0.20761175,0.085124955,0.016705297,-0.24055555,-0.24472344,0.22494733,0.0697722,0.2702409,0.025532342,-0.06398009,-0.0944291,0.31447804,-0.181715,-0.39620125,-0.2795467,0.30367938,-0.062210817,0.18730336,-0.22839339,-0.022823814,-0.03791859,-0.15079038,-0.3319864,0.07499479,-0.12973508,-0.06689562,0.2191239
1,-0.35494497,0.17499548,0.46833912,-0.345747,-0.38386595,-0.059996996,-0.5238522,-0.6714401,0.2500621,0.42544845,-0.16136488,0.056882657,-0.13704154,-0.13842976,-0.6454016,-0.41228077,0.10341793,0.11786106,-0.08276856,0.051176526,0.36152244,-0.2770701,-0.17799899,-0.34215778,-0.639493,-0.065798424,-0.051001213,0.44596916,0.3205588,0.14348465,0.33806148,0.035174437,0.2738164,0.21226756,0.011597522,-0.5101046,-0.24962923,-0.15545873,0.18152955,0.25494674,0.43623102,-0.34968305,-0.08331905,-0.46686405,-0.24049805,0.3388868,-0.08703365,0.2548169,0.20830837,0.23057294,0.2381069,0.46256548,0.09554853,0.066986755,-0.49651268,0.23102854,0.1595136,-0.72047466,-0.097295985,0.26648602,0.071836285,0.1788749,0.18397695,0.21676031,0.4401096,-0.31741336,0.09760778,0.05114618,0.29899114,0.58368844,0.16260776,-0.6863001,0.011198226,-0.113131255,-0.4899073,-0.7020998,-0.14423129,-0.2883313,-0.39937696,0.049590312,0.45065808,0.09100611,-0.10766101,-0.19470102,-0.81102604,0.27649397,0.41355616,0.3404736,-0.22533354,0.26452374,-0.50547844,-0.057007182,-0.16440085,0.34414586,0.1892003,-0.41573447,0.530694,0.10639519,-0.3292654,-0.08834779,-0.08447386,0.24990815,0.11741401,0.05256035,-0.27953124,-0.30600503,0.27749637,0.11279373,0.32661813,0.05426406,-0.10764907,-0.1335147,0.40531203,-0.24199976,-0.49093664,-0.3703369,0.4008005,-0.07210566,0.2532217,-0.29692906,-0.031874668,-0.033824883,-0.17624992,-0.44350246,0.12027039,-0.1819731,-0.11943564,0.2859641
0,-0.28738108,0.12437013,0.38755718,-0.27165186,-0.3157554,-0.041973546,-0.43244147,-0.53299445,0.1903209,0.32000944,-0.13550505,0.053482875,-0.12237872,-0.1205642,-0.50809836,-0.3211317,0.059147537,0.09176175,-0.07074814,0.028570637,0.27867955,-0.2042827,-0.12269218,-0.2500658,-0.5215181,-0.04975593,-0.024866393,0.33263838,0.25300562,0.14283589,0.27440116,0.029289525,0.20088407,0.15338953,0.027472489,-0.41236487,-0.20384237,-0.12568197,0.15711895,0.18374029,0.35868827,-0.26623264,-0.060425952,-0.37995148,-0.1746542,0.2709717,-0.04775556,0.19860604,0.18516086,0.17897877,0.17815197,0.38069743,0.05482114,0.044133853,-0.4088992,0.18721582,0.12649864,-0.57628614,-0.05009517,0.1982379,0.041388117,0.15077622,0.13081014,0.17320271,0.34480476,-0.2387779,0.05705589,0.04344017,0.25418922,0.47310224,0.12799552,-0.5337025,0.007247132,-0.069453746,-0.37166107,-0.54847646,-0.1415814,-0.21872269,-0.30659118,0.034878813,0.37107354,0.07633178,-0.06699896,-0.13895532,-0.63467485,0.20765273,0.31195554,0.25781095,-0.19745335,0.19306731,-0.40414408,-0.049521185,-0.123529255,0.25370744,0.12707332,-0.3320096,0.42099977,0.077079095,-0.25685468,-0.051608726,-0.06629522,0.20903684,0.085887745,0.019448362,-0.24212384,-0.24466309,0.22624074,0.070262775,0.27180135,0.025318503,-0.06454317,-0.096674025,0.31688097,-0.1833923,-0.39733845,-0.2835686,0.30510235,-0.06291188,0.18980402,-0.2305386,-0.02341539,-0.036748208,-0.15312536,-0.33301598,0.07689418,-0.13068366,-0.06703159,0.22014058
1,-0.27634388,0.11819239,0.373036,-0.25775605,-0.30042335,-0.038129054,-0.41862074,-0.5095311,0.18129717,0.3023229,-0.13063294,0.053890187,-0.12051116,-0.11612608,-0.48531362,-0.30612913,0.051698253,0.09017852,-0.06949199,0.022795476,0.26437277,-0.19019064,-0.11648394,-0.23512821,-0.49905452,-0.04786185,-0.019408343,0.31781903,0.2399345,0.14325675,0.26366934,0.027813166,0.19039264,0.14452429,0.026092108,-0.39842483,-0.19717228,-0.11656954,0.15443407,0.17240739,0.346139,-0.25258133,-0.055765443,-0.36600423,-0.16424106,0.2595399,-0.03974431,0.19110519,0.18249646,0.17018527,0.16877955,0.36719072,0.0510151,0.040097553,-0.39633054,0.18109293,0.12377547,-0.55114806,-0.043694556,0.18503419,0.03448911,0.14903784,0.12484873,0.16550824,0.32960537,-0.22218263,0.050098747,0.043864377,0.2471532,0.45178473,0.1251742,-0.5066103,0.00873762,-0.06600472,-0.35224023,-0.5240454,-0.14055628,-0.20610176,-0.291171,0.033326164,0.35819012,0.075003326,-0.062398,-0.12916525,-0.6046019,0.19379908,0.29406056,0.24294147,-0.19281322,0.17760855,-0.3860062,-0.0463835,-0.118504435,0.23737028,0.11835693,-0.31516802,0.40174568,0.072092846,-0.24462429,-0.04511515,-0.065746576,0.20077023,0.07989657,0.013877206,-0.23468675,-0.23481724,0.21739915,0.06353137,0.26288164,0.021941401,-0.058570117,-0.09230986,0.30467424,-0.17502064,-0.38223273,-0.26749602,0.2909713,-0.05853549,0.18091011,-0.21773612,-0.023185272,-0.037860103,-0.1505112,-0.31391588,0.0701469,-0.12336693,-0.058628228,0.2109198
0,-0.29073548,0.12735876,0.39200994,-0.275477,-0.3165142,-0.041148238,-0.43912676,-0.5405588,0.19500242,0.32590875,-0.13516156,0.05388224,-0.1240305,-0.1206205,-0.51663566,-0.32773322,0.060553238,0.09525275,-0.07003246,0.027903028,0.28286397,-0.20718953,-0.12695678,-0.25656134,-0.52565217,-0.0493476,-0.02527644,0.34076294,0.25612223,0.14346242,0.2780483,0.027908329,0.20690751,0.15649737,0.023468994,-0.41842654,-0.20636028,-0.12619445,0.15917102,0.18730077,0.36286217,-0.27098855,-0.060640126,-0.3852306,-0.17854705,0.27396223,-0.04780651,0.20390767,0.18736793,0.1818118,0.18101236,0.38602656,0.058902077,0.045638207,-0.4167606,0.1903346,0.12844062,-0.5846614,-0.053190142,0.20019487,0.043548368,0.15454586,0.13575672,0.17686713,0.3508982,-0.24123159,0.0587523,0.043858506,0.25540835,0.4780872,0.13185138,-0.5411309,0.008154321,-0.07398859,-0.37846696,-0.55719894,-0.14202005,-0.2211696,-0.31282568,0.036718324,0.37556696,0.07968907,-0.07065469,-0.14263617,-0.6444071,0.20992906,0.31678066,0.26026675,-0.20181239,0.19421914,-0.40914285,-0.048706785,-0.1262386,0.25767574,0.13178958,-0.33507806,0.42666367,0.07865214,-0.25970185,-0.053082936,-0.06657125,0.20966123,0.08761679,0.01970499,-0.24413723,-0.24872726,0.22874856,0.07225953,0.27417177,0.02854316,-0.06690189,-0.09834602,0.32218972,-0.18683393,-0.40349945,-0.2866763,0.31152987,-0.06221542,0.1930857,-0.2319613,-0.024039079,-0.03771484,-0.15450874,-0.3397435,0.0788507,-0.13427544,-0.07020596,0.22471076
0,0.011128169,-0.1426364,0.09242206,-0.0031065494,-0.07736328,0.062414285,-0.05531797,0.030023204,-0.04732543,-0.123850316,0.0045038275,0.009350039,-0.07737418,-0.052739754,0.01946271,0.018762324,-0.14307246,-0.020887885,0.037787177,-0.06870329,-0.056610085,0.06725797,0.17177877,0.083990574,-0.04882476,0.0728725,0.0789288,-0.19151683,0.008842763,0.14194387,0.037159424,-0.019691736,-0.1036381,-0.12933172,0.114314795,0.04341642,0.010841515,-0.0843961,0.02927944,-0.1273627,0.020868793,0.086912096,0.044178993,-0.023834322,0.105486624,-0.04717339,0.129055,-0.016224101,0.089297876,-0.03682614,-0.11405362,0.050915286,-0.14190197,-0.018872254,-0.068520814,-0.011823012,-0.086226664,-0.020720815,0.16061154,-0.076103136,-0.025307633,-0.002195023,-0.11016828,0.045697417,-0.045996096,0.034465127,-0.13514751,-0.031682603,0.027606407,0.06882678,-0.031384826,0.09470142,-0.06869971,0.15336637,0.12587924,0.118690625,-0.15081528,0.085223,0.037787892,-0.028490998,0.04428532,0.045564275,0.13491717,0.06303874,0.07565604,-0.040606365,-0.10389522,-0.111914635,-0.17316732,-0.07112512,-0.024105974,-0.027878173,0.07741617,-0.10495962,-0.143712,-0.007768387,-0.0018527526,-0.057266593,0.066855006,0.11634895,0.088995695,0.041355234,-0.05263539,-0.16436476,-0.1106212,-0.006299928,0.012352411,-0.12449717,0.031191029,-0.08957434,0.15480684,0.11858721,-0.102721214,0.09182701,-0.008773178,0.07908429,-0.11708762,-0.074510984,-0.119766034,0.060603358,0.051024113,-0.07109951,-0.029396037,0.085321404,-0.14248338,0.10641759,0.1569759,-0.06745636
0,-0.25068933,0.09618926,0.3440919,-0.23207133,-0.27993283,-0.031005584,-0.38327447,-0.4590826,0.15896823,0.26236215,-0.12151055,0.050306972,-0.11345869,-0.1105969,-0.43567547,-0.27437147,0.035553515,0.07811935,-0.06385134,0.01590342,0.23425889,-0.1660932,-0.090023786,-0.20357274,-0.45770058,-0.039392475,-0.010795897,0.2710523,0.21703273,0.1439352,0.24104722,0.026009489,0.16207948,0.12116106,0.03652084,-0.35902625,-0.1793552,-0.11153475,0.14303179,0.14653307,0.315758,-0.22144537,-0.048071302,-0.33387232,-0.14049987,0.2341161,-0.028361157,0.17022529,0.17153032,0.15313894,0.14479354,0.33619952,0.03289575,0.032944936,-0.3629934,0.16299926,0.10855769,-0.4994737,-0.025562406,0.1620382,0.026543178,0.1342213,0.102647685,0.15043777,0.29302824,-0.19873583,0.03408011,0.03742788,0.22808248,0.41472405,0.10900293,-0.45032114,0.0036545885,-0.046410594,-0.30797336,-0.46515095,-0.14076689,-0.181403,-0.25699112,0.027988352,0.3285951,0.06872833,-0.044880725,-0.11083038,-0.54018235,0.17111059,0.25818515,0.21360567,-0.18371317,0.15488857,-0.34958208,-0.046010174,-0.10206725,0.20600557,0.094866306,-0.2877944,0.3626814,0.062017627,-0.21857318,-0.032409117,-0.055545226,0.18752238,0.06906985,0.0012283996,-0.2219519,-0.21201909,0.19648704,0.046612516,0.2415892,0.011175208,-0.03966765,-0.0763893,0.26799423,-0.15263526,-0.34622097,-0.23644519,0.25386024,-0.058812212,0.15433142,-0.19466554,-0.018194478,-0.038643867,-0.13944983,-0.27449384,0.052055813,-0.10216708,-0.03962,0.18512803
1,-0.4301168,0.23819649,0.5514765,-0.4190488,-0.44822133,-0.083392024,-0.6236569,-0.81936246,0.31363335,0.5405904,-0.1926653,0.06633748,-0.15376031,-0.15549105,-0.7892426,-0.5032749,0.1527106,0.1493126,-0.10278777,0.0745227,0.4486644,-0.34960666,-0.2508144,-0.4334911,-0.7636095,-0.09172941,-0.07679612,0.57846516,0.38809103,0.14310822,0.40298334,0.042549126,0.3525008,0.2805003,-0.011320569,-0.6239439,-0.3016783,-0.17483419,0.21265727,0.33151618,0.5233376,-0.4417876,-0.10759495,-0.5597189,-0.3111666,0.41685513,-0.12769258,0.31457907,0.23546153,0.284043,0.30945423,0.5509127,0.14527825,0.087544456,-0.5881499,0.28202552,0.20588869,-0.86997193,-0.15158889,0.3358867,0.09640371,0.21759126,0.2455371,0.25696418,0.5443043,-0.3926633,0.14519577,0.06634069,0.35416934,0.6950577,0.20469871,-0.8504225,0.025563661,-0.16809413,-0.61907166,-0.8730523,-0.1448607,-0.36326894,-0.49389243,0.065636,0.5363335,0.105251156,-0.15712148,-0.24915837,-0.9979746,0.34364218,0.5202745,0.4317146,-0.24615082,0.33436507,-0.60952044,-0.062113944,-0.21255673,0.43915096,0.25785357,-0.5008663,0.64403963,0.13837175,-0.40861374,-0.12960891,-0.1159147,0.2920982,0.15127367,0.09338962,-0.31702057,-0.3696505,0.33517927,0.16255485,0.38916904,0.084505014,-0.16314581,-0.18123582,0.50998956,-0.31015146,-0.59321105,-0.46369746,0.5091283,-0.073739566,0.32817036,-0.3701378,-0.046685625,-0.030048512,-0.20673522,-0.55739725,0.17369948,-0.24164978,-0.17600976,0.35890594
0,0.031235565,-0.17102528,0.09784631,0.0029645637,-0.06934007,0.078862764,-0.047552414,0.047165778,-0.050565936,-0.1426657,0.022247326,0.0048728473,-0.09368317,-0.048669115,0.023724629,0.022265352,-0.16298692,-0.017563198,0.06193783,-0.075978436,-0.06749503,0.07283309,0.191954,0.08498895,-0.026884552,0.09832407,0.09067529,-0.22210114,0.009994898,0.14541109,0.039223067,-0.038980052,-0.11111685,-0.15070103,0.107615426,0.07474947,0.023750953,-0.10216626,0.017408136,-0.15100598,0.0036936924,0.099578306,0.055550702,-0.011262555,0.12633654,-0.07085206,0.1483207,-0.009608056,0.09208337,-0.047058903,-0.13194549,0.04745149,-0.15394902,-0.012392605,-0.06570835,-0.019050106,-0.11384364,-0.010333752,0.17058925,-0.097066015,-0.01359706,-0.010860868,-0.124063164,0.055372495,-0.059052795,0.03856183,-0.14798406,-0.04645612,0.010583222,0.05940544,-0.04116004,0.12035649,-0.08431444,0.17389584,0.14468025,0.15052727,-0.15785559,0.10322912,0.03823446,-0.028360553,0.03278643,0.056476012,0.1481232,0.069296196,0.09623842,-0.043351553,-0.12030066,-0.13704087,-0.20993763,-0.07915543,-0.01762294,-0.022218652,0.09589666,-0.113079906,-0.14936373,0.007592328,-0.013722142,-0.06889278,0.09035948,0.124080345,0.122826144,0.027720701,-0.056257773,-0.18348986,-0.105946995,0.0041173026,0.0060205236,-0.13922518,0.01929427,-0.086837195,0.1690084,0.14341563,-0.13241848,0.11274887,0.005911559,0.09656017,-0.14082044,-0.088433444,-0.14432162,0.082785845,0.062284354,-0.07861856,-0.010152876,0.08805939,-0.16511628,0.11851104,0.16693044,-0.07560136
1,-0.59466136,0.36920515,0.7396823,-0.5901863,-0.6003013,-0.1303405,-0.84400356,-1.1481929,0.45642516,0.79399693,-0.25962672,0.082920514,-0.19065076,-0.1974065,-1.1120161,-0.7128079,0.2614681,0.21700656,-0.13937736,0.12759846,0.6430812,-0.5180424,-0.39727625,-0.6434418,-1.042608,-0.13876066,-0.13634145,0.8605191,0.54505414,0.14477205,0.5499879,0.058164567,0.52751935,0.42642543,-0.055053376,-0.8661615,-0.4148917,-0.23368126,0.27797505,0.50083613,0.71210337,-0.6425136,-0.16234346,-0.76716685,-0.4665528,0.5846107,-0.21762842,0.44684905,0.29484853,0.40414095,0.46148682,0.7467993,0.2501136,0.13751163,-0.79459566,0.39211434,0.29651517,-1.2084925,-0.26625133,0.49512762,0.15761316,0.2951703,0.3756873,0.35197324,0.77366936,-0.5691528,0.24594189,0.09423681,0.46938702,0.95028126,0.29435408,-1.2156627,0.0468142,-0.28029883,-0.90185815,-1.2480396,-0.14981082,-0.52911526,-0.7093599,0.10023717,0.7260951,0.13627946,-0.25948828,-0.37447318,-1.4136974,0.5001894,0.75955594,0.6334692,-0.30249703,0.49710685,-0.84589076,-0.07610496,-0.3130918,0.65012616,0.40925956,-0.69441646,0.9008988,0.20806147,-0.58406895,-0.21792117,-0.17392468,0.38718382,0.22656979,0.17771581,-0.4038362,-0.51343405,0.46069634,0.26619166,0.5243631,0.15334484,-0.27614367,-0.27824605,0.7317335,-0.4566892,-0.81698716,-0.6707808,0.7432746,-0.08707084,0.48608804,-0.52968657,-0.07184094,-0.02312418,-0.2696154,-0.8145586,0.2854868,-0.36863974,-0.30045763,0.51922446
1,-0.4498623,0.25418875,0.57410765,-0.4397009,-0.4652916,-0.08831903,-0.65115774,-0.8582086,0.33074763,0.5714656,-0.20052084,0.06871528,-0.15916722,-0.16028598,-0.8283303,-0.5287356,0.16514762,0.15838738,-0.1066231,0.08054466,0.4714955,-0.36924443,-0.26913702,-0.45909512,-0.7962493,-0.09795287,-0.084052436,0.6131748,0.4071675,0.14323151,0.41978726,0.044186722,0.37391302,0.29780287,-0.017583735,-0.6520175,-0.31519103,-0.18177412,0.22115958,0.35174015,0.54606885,-0.46620518,-0.11366117,-0.58448374,-0.33021608,0.4362626,-0.1373226,0.33093202,0.24283761,0.29752868,0.32768673,0.5745588,0.15853795,0.09357183,-0.6133659,0.29554862,0.21704495,-0.9109454,-0.16533092,0.3545814,0.10342651,0.22824013,0.26140943,0.26834977,0.5723252,-0.41311616,0.1574135,0.07028287,0.3681392,0.72541153,0.21682262,-0.89416444,0.028299984,-0.18209323,-0.6529513,-0.91829526,-0.14523645,-0.3820605,-0.52011263,0.07003719,0.55864877,0.109770216,-0.16945957,-0.26393616,-1.0476185,0.3618698,0.5479593,0.45499644,-0.25410864,0.35304883,-0.63772476,-0.063600704,-0.2253832,0.46369776,0.2762161,-0.5235967,0.67477196,0.14595091,-0.42918366,-0.13989045,-0.12337646,0.30291894,0.16047192,0.10262477,-0.32729936,-0.38786563,0.35108253,0.17524222,0.4058814,0.09293384,-0.17779107,-0.19239509,0.5370145,-0.32730666,-0.62050205,-0.48715547,0.53800863,-0.07434087,0.34671164,-0.38910824,-0.049503002,-0.02969452,-0.21445465,-0.5882349,0.18761992,-0.2573441,-0.1909645,0.3784106
1,0.024063688,-0.16133451,0.09302772,0.0042628627,-0.068414465,0.07137182,-0.04859031,0.041269455,-0.05023835,-0.13888797,0.01781236,0.0061691925,-0.08531404,-0.048916705,0.025814176,0.022454392,-0.15582627,-0.016809791,0.054549314,-0.074456595,-0.06486794,0.07164089,0.1846214,0.08417619,-0.03243458,0.08817629,0.08789916,-0.210057,0.004088007,0.14348295,0.03571441,-0.032177858,-0.11042261,-0.14285208,0.110447034,0.06387669,0.018544883,-0.09254145,0.022261277,-0.1433894,0.007127296,0.09560609,0.04975962,-0.0147794075,0.116845444,-0.06375657,0.14382845,-0.011961136,0.08956428,-0.04439549,-0.12777752,0.044547357,-0.14857934,-0.01481124,-0.067022376,-0.017293911,-0.1028393,-0.010257432,0.16656694,-0.09321046,-0.018691167,-0.0058556795,-0.11833706,0.049627963,-0.05516925,0.03999335,-0.14445576,-0.042419165,0.014830988,0.05994749,-0.034894228,0.11356792,-0.07702447,0.16414422,0.13919194,0.14003634,-0.15329863,0.1021028,0.039706785,-0.029599704,0.033939537,0.053455904,0.14027742,0.06573963,0.093981445,-0.044009753,-0.11766057,-0.12982304,-0.19570875,-0.078635424,-0.015511941,-0.024860866,0.08727686,-0.11307879,-0.14861819,0.0050127394,-0.009949187,-0.06548678,0.08279365,0.121239014,0.1092885,0.031000778,-0.052989922,-0.17791918,-0.108021505,-0.0017972216,0.008712307,-0.13510048,0.02132526,-0.08803732,0.16269282,0.1343797,-0.124274634,0.10391873,0.0016160607,0.094873436,-0.13361767,-0.08267436,-0.1360707,0.07427947,0.05614533,-0.07592382,-0.016959313,0.09099834,-0.15657315,0.113826215,0.16103801,-0.07376543
1,-0.6376725,0.40321973,0.78707117,-0.63369936,-0.63876873,-0.14337203,-0.8995686,-1.2318172,0.4920309,0.8595418,-0.27763703,0.08755206,-0.19926295,-0.20805296,-1.1932306,-0.76523876,0.28860456,0.23324361,-0.14983147,0.14135888,0.6925424,-0.55990624,-0.4361618,-0.6951526,-1.1148256,-0.15263972,-0.15171666,0.93250686,0.5846553,0.14475775,0.58642733,0.06278649,0.572402,0.46466216,-0.065827094,-0.92859155,-0.44397193,-0.24670534,0.2953414,0.54436344,0.7612137,-0.6938163,-0.17633879,-0.81917334,-0.5066051,0.62867945,-0.24030474,0.4788803,0.30973783,0.43495125,0.50030726,0.79756635,0.2760311,0.14890788,-0.8464074,0.41979754,0.31988025,-1.2949024,-0.29500315,0.5363297,0.1729807,0.3155459,0.40864223,0.37616616,0.8318546,-0.61363745,0.27310222,0.10174751,0.49956414,1.0147346,0.31606212,-1.3098049,0.0531052,-0.3088132,-0.97427267,-1.3435824,-0.15051505,-0.57261837,-0.7631553,0.1087861,0.774049,0.14352426,-0.2858785,-0.40648043,-1.5201524,0.53981864,0.8207117,0.68444604,-0.31471497,0.539094,-0.9060038,-0.079852946,-0.33875707,0.704541,0.4468124,-0.7448974,0.96522516,0.22635035,-0.6288823,-0.24074149,-0.18861428,0.4119879,0.24617006,0.20061803,-0.4262063,-0.54931754,0.49302667,0.293301,0.5590915,0.17072394,-0.30464172,-0.30353683,0.7888059,-0.49394616,-0.8749237,-0.7247703,0.8040479,-0.08976139,0.52710277,-0.5714239,-0.07875657,-0.020335503,-0.28682253,-0.8798624,0.31526637,-0.40147102,-0.3317097,0.559852
1,-0.42807624,0.23275697,0.5560055,-0.4232567,-0.4532911,-0.080099165,-0.6246329,-0.8217339,0.31558892,0.5396333,-0.18983571,0.06385326,-0.1559843,-0.15686616,-0.7936146,-0.5081948,0.15224108,0.15068515,-0.09707656,0.07442307,0.45025545,-0.3543363,-0.24257979,-0.43933725,-0.7650894,-0.08388703,-0.07660166,0.5733121,0.3921715,0.14506966,0.40715852,0.040031046,0.35190025,0.27695698,-0.009301171,-0.61849344,-0.29970676,-0.18478331,0.20982018,0.33010042,0.52061266,-0.44151396,-0.10731808,-0.5612922,-0.30992013,0.41360074,-0.12714773,0.3176993,0.23583052,0.28496462,0.30665684,0.5518652,0.14300996,0.09131217,-0.5913404,0.28120777,0.1994032,-0.8747866,-0.14985424,0.33712012,0.10165619,0.21319415,0.24323213,0.26107892,0.5448455,-0.39811322,0.1415137,0.062354445,0.34995335,0.70039874,0.2032685,-0.8507472,0.019630056,-0.16374695,-0.6181059,-0.8709807,-0.14779052,-0.36190438,-0.49804908,0.06537949,0.5373505,0.10655262,-0.15371583,-0.25216213,-0.99974376,0.3480072,0.5216442,0.43161863,-0.255401,0.33764055,-0.613161,-0.063071206,-0.20877974,0.44047245,0.25890648,-0.5020528,0.6481683,0.13733199,-0.40757248,-0.1282294,-0.10872723,0.29229575,0.15115948,0.08946853,-0.31856567,-0.37151697,0.3346369,0.15916784,0.38824916,0.0855731,-0.15951498,-0.17586637,0.5052467,-0.30809662,-0.5913813,-0.4634346,0.50555766,-0.08010014,0.32353836,-0.3680135,-0.04253914,-0.032223143,-0.20255971,-0.5612396,0.16918357,-0.2389451,-0.17598599,0.35892344
1,-0.43744227,0.24471483,0.5598794,-0.42696637,-0.4537851,-0.084675804,-0.6347583,-0.833597,0.3201806,0.55245066,-0.1954642,0.06756562,-0.15638076,-0.15690991,-0.8042536,-0.5129521,0.15724355,0.15360767,-0.10399609,0.07652932,0.45707208,-0.35663193,-0.25812742,-0.443408,-0.77496684,-0.09430858,-0.07948234,0.59241104,0.3952435,0.1434617,0.4090084,0.042904213,0.3606924,0.2868713,-0.014532439,-0.63396156,-0.30648565,-0.17732595,0.21635011,0.33919972,0.5318983,-0.45139796,-0.10945664,-0.5688447,-0.3187593,0.42382494,-0.13056609,0.32136792,0.23846063,0.2883347,0.31649068,0.5600002,0.15104672,0.08983989,-0.5982953,0.28739238,0.21043247,-0.8855739,-0.15666842,0.34275946,0.09877243,0.22260648,0.25183198,0.26120245,0.5551699,-0.39981472,0.14976095,0.06821066,0.3594589,0.7062783,0.21047142,-0.8664737,0.026913915,-0.17400447,-0.6318428,-0.8900705,-0.14497574,-0.36954305,-0.5037007,0.067448474,0.54460895,0.10739101,-0.16186342,-0.25446513,-1.0162724,0.3497867,0.5299918,0.44005474,-0.24994591,0.34060925,-0.6198272,-0.06259344,-0.21789078,0.44791904,0.26512986,-0.50886446,0.65561557,0.14091888,-0.41615406,-0.13292615,-0.11928734,0.29579785,0.15487458,0.0963931,-0.3208171,-0.37725,0.3418572,0.1674451,0.39585495,0.08786913,-0.1696817,-0.18524358,0.5206888,-0.31629047,-0.60353756,-0.4716628,0.52043545,-0.07344255,0.3349802,-0.37689453,-0.047654632,-0.030651025,-0.20988582,-0.5687289,0.17932962,-0.24776757,-0.18167943,0.36664274
1,0.030904282,-0.17103443,0.098044865,0.0025683474,-0.06938776,0.07891239,-0.04710487,0.04740543,-0.050467893,-0.14295594,0.022221003,0.004728578,-0.09326474,-0.04879444,0.023746066,0.022296097,-0.16269074,-0.017548017,0.06148295,-0.07595023,-0.067584164,0.0720965,0.19242561,0.08528414,-0.026758961,0.09832383,0.090291426,-0.22167939,0.009572666,0.14594465,0.039185166,-0.03895399,-0.11114734,-0.15043496,0.10797345,0.07459712,0.02353774,-0.102209546,0.017860997,-0.1505213,0.0033246726,0.09928064,0.05512692,-0.01101812,0.1260224,-0.070706576,0.14808592,-0.009515379,0.09187341,-0.046914786,-0.13174886,0.04759408,-0.15361685,-0.012646308,-0.06606538,-0.018918527,-0.114016645,-0.0101370085,0.1707871,-0.09680177,-0.013508968,-0.01046776,-0.12369375,0.05468,-0.058875285,0.03849291,-0.14821531,-0.046392426,0.01038342,0.05955327,-0.040812723,0.1201116,-0.08390144,0.1734219,0.14466597,0.14996393,-0.15750138,0.10327524,0.03879444,-0.028099518,0.032552183,0.055826336,0.14817391,0.06931099,0.0965742,-0.043379664,-0.12045248,-0.13720015,-0.20968145,-0.079484135,-0.017577078,-0.02250839,0.0957437,-0.113144755,-0.14902654,0.007907912,-0.014094388,-0.06840893,0.090248115,0.12487867,0.12197617,0.027671777,-0.055862214,-0.18331993,-0.10618743,0.0038772821,0.0059100613,-0.13938893,0.01951874,-0.086800575,0.16910052,0.14337115,-0.13244066,0.11192575,0.006127484,0.09645708,-0.14089985,-0.08860397,-0.14437108,0.08257355,0.061959658,-0.07880149,-0.010374516,0.08819053,-0.16490598,0.11852033,0.1671152,-0.07570605
1,-0.0702464,-0.062755324,0.15508726,-0.062376767,-0.13267368,0.026882162,-0.14629778,-0.11030998,0.0076435804,-0.0087505635,-0.04335876,0.025538176,-0.078931294,-0.071121775,-0.10071391,-0.057853587,-0.08572053,0.0017658323,-0.0074964166,-0.04103934,0.027054291,0.0029639304,0.085238755,0.013276741,-0.16899708,0.025497578,0.052105226,-0.050452188,0.06253024,0.14073911,0.09070653,0.0018658638,-0.02491451,-0.0458334,0.09284721,-0.0822882,-0.05042877,-0.07575993,0.06553682,-0.040948763,0.106473245,-0.0014730282,0.01430502,-0.10988483,0.03303516,0.043341257,0.072273895,0.029627958,0.11000081,0.02465386,-0.030190114,0.13063022,-0.09009144,-0.012005655,-0.14497958,0.03961843,-0.012821797,-0.14915347,0.10513964,-0.006198235,-0.022416111,0.03884971,-0.046982117,0.06452185,0.047808696,-0.026968919,-0.08123259,-0.0032752268,0.09470789,0.15759483,0.0066267475,-0.06445134,-0.03675015,0.09070116,-0.0026804097,-0.05352372,-0.14172126,-0.0018827207,-0.037896667,-0.01246067,0.12504354,0.04136295,0.07630341,0.017029934,-0.10109043,0.015085883,0.0038396642,-0.009103345,-0.14767529,-0.007189948,-0.10950704,-0.032858383,0.01749612,-0.015569016,-0.07250513,-0.08843945,0.09528159,-0.017915556,-0.022434577,0.06600373,0.03185694,0.086352974,-0.0147881955,-0.10333119,-0.13750204,-0.06019876,0.063927375,-0.071531124,0.091668084,-0.060566083,0.096480384,0.045292154,0.01177779,0.014786797,-0.10563792,-0.015613042,-0.004999686,-0.061611954,-0.028950766,-0.019431002,0.021935862,-0.051847182,-0.06494659,-0.011172473,-0.07833171,0.042452037,0.097754225,0.0072275214
1,-0.49643457,0.28770217,0.62957346,-0.49015886,-0.5122483,-0.10220958,-0.71207803,-0.9542886,0.37184665,0.6431872,-0.21913844,0.07187819,-0.16867787,-0.1740028,-0.92085123,-0.5898712,0.19616076,0.17617735,-0.1149107,0.09614047,0.52735513,-0.41996118,-0.30656156,-0.5195667,-0.87866807,-0.10776761,-0.1002967,0.6884042,0.45398882,0.14417043,0.4630695,0.047850586,0.4232138,0.33865604,-0.027075537,-0.7194461,-0.3475511,-0.20274961,0.23790878,0.39857197,0.59858483,-0.5223538,-0.13018784,-0.6440944,-0.37376264,0.48468864,-0.16362593,0.36762115,0.25939238,0.33491427,0.36811498,0.63112295,0.18446699,0.10910441,-0.6721135,0.32503352,0.23920637,-1.010273,-0.19650233,0.40116274,0.12485517,0.24631277,0.29592556,0.29739678,0.636675,-0.46699083,0.18557532,0.07542182,0.3982574,0.80091304,0.2373836,-0.9997511,0.03143644,-0.21062228,-0.73335934,-1.0243481,-0.14804208,-0.43011865,-0.5822234,0.07954774,0.6132269,0.11761821,-0.19721058,-0.30236945,-1.1670352,0.409468,0.6179244,0.5130071,-0.27177528,0.4029469,-0.70665145,-0.06863457,-0.2506448,0.5258983,0.3179906,-0.5816814,0.7483434,0.16637264,-0.4790766,-0.16575393,-0.13388476,0.33156455,0.18344797,0.12639442,-0.35346156,-0.4279081,0.3850073,0.20237319,0.44275868,0.11328896,-0.20543416,-0.21718882,0.59656024,-0.3689398,-0.68372023,-0.5480755,0.60285085,-0.08240814,0.38974878,-0.43523288,-0.054696266,-0.026874088,-0.23021328,-0.66343176,0.21750551,-0.29172346,-0.22658996,0.42353407
1,-0.5200961,0.3043461,0.66030097,-0.5188662,-0.5364712,-0.105770886,-0.74724,-1.0033793,0.39480162,0.6812519,-0.22646593,0.07260187,-0.1767842,-0.17972812,-0.9731194,-0.6251975,0.21087146,0.18741375,-0.11577378,0.10361969,0.55772007,-0.44701186,-0.32476202,-0.55594647,-0.9209374,-0.110175915,-0.1102115,0.7289888,0.48032126,0.14524993,0.4871572,0.048659872,0.44955996,0.35766652,-0.033783145,-0.7518717,-0.36186063,-0.21805005,0.246523,0.4233927,0.6257036,-0.55320615,-0.13667727,-0.6762182,-0.39646918,0.50638014,-0.1752589,0.390741,0.26894352,0.35115704,0.38946688,0.6621383,0.2004345,0.11875802,-0.70597136,0.3415844,0.24745694,-1.0638773,-0.21360114,0.42548382,0.13706782,0.2576307,0.31477344,0.31483066,0.6724668,-0.49685502,0.19874032,0.0771693,0.41287765,0.8424958,0.25293714,-1.0546643,0.030967604,-0.22505838,-0.775588,-1.078825,-0.15076515,-0.4537579,-0.6179464,0.08501502,0.64181787,0.12604553,-0.21034563,-0.32213464,-1.2312194,0.43479097,0.6536483,0.54158324,-0.28910673,0.42813134,-0.74529326,-0.071209624,-0.26433936,0.55735666,0.34145832,-0.61101246,0.7904167,0.1748181,-0.50329226,-0.17764467,-0.1381881,0.34425813,0.19361015,0.13509125,-0.36770418,-0.45131895,0.40457788,0.21754535,0.46330392,0.12372615,-0.22260435,-0.2278342,0.6263444,-0.3883532,-0.71751434,-0.578267,0.63679415,-0.087404415,0.40903103,-0.45726758,-0.056086127,-0.02900029,-0.23760045,-0.7050123,0.23171726,-0.31001848,-0.24525078,0.44697174
1,-0.30896193,0.13359194,0.42387936,-0.3044126,-0.3470731,-0.04347552,-0.46755746,-0.5859053,0.21388088,0.3584415,-0.13953021,0.049760528,-0.13102031,-0.1280868,-0.5661588,-0.36159098,0.071741,0.10111661,-0.0651619,0.03656192,0.31106704,-0.23568791,-0.1332355,-0.2923711,-0.5668619,-0.04641307,-0.034451447,0.3665493,0.28369233,0.14316043,0.30259612,0.026932828,0.22758684,0.16883625,0.02354087,-0.43956563,-0.21650761,-0.14991705,0.16156045,0.20675832,0.38403258,-0.29663634,-0.06658482,-0.41273618,-0.19741204,0.2896368,-0.06052708,0.2233921,0.19338837,0.19822106,0.19335562,0.41249782,0.065461345,0.05775628,-0.44457504,0.2006262,0.12720262,-0.63604546,-0.06595193,0.22318506,0.06222392,0.15580344,0.14718714,0.19751355,0.38099438,-0.27614945,0.068063065,0.039140888,0.26404253,0.52152133,0.13793561,-0.5902338,-0.0005034092,-0.07919684,-0.41500962,-0.60029393,-0.14578944,-0.24135317,-0.34758508,0.040485054,0.4004882,0.087713584,-0.07740243,-0.16452178,-0.70360816,0.23878582,0.34988958,0.28362992,-0.22342476,0.22403863,-0.44723612,-0.053798564,-0.13454902,0.2897845,0.14874527,-0.36595392,0.4665565,0.08517035,-0.27878508,-0.06417848,-0.059616372,0.22389208,0.096856385,0.023980938,-0.25864923,-0.26997194,0.24536583,0.08363487,0.29028073,0.036787443,-0.07552014,-0.10062739,0.34082603,-0.19963238,-0.43214098,-0.31431076,0.336558,-0.074039966,0.20550036,-0.2527905,-0.020944227,-0.03909377,-0.15532567,-0.3805003,0.086496055,-0.14636597,-0.0865062,0.24234873
1,0.027269486,-0.16576059,0.09295326,0.00630703,-0.06884592,0.07387407,-0.049799815,0.044907607,-0.05081595,-0.13973038,0.021113101,0.004446529,-0.0902762,-0.046467863,0.024045356,0.024745513,-0.16076887,-0.017981626,0.057825446,-0.078374065,-0.06634315,0.076445475,0.18624273,0.084607355,-0.031109948,0.08924801,0.09135827,-0.21509476,0.0074484274,0.1411963,0.036562145,-0.031886972,-0.11249764,-0.14699486,0.1094273,0.06712648,0.021482624,-0.09320856,0.018402621,-0.14687186,0.0039413013,0.097001955,0.051193923,-0.012170207,0.117717445,-0.06539804,0.14614871,-0.014495712,0.09122467,-0.046022676,-0.13279295,0.045487583,-0.15240902,-0.012911333,-0.06484558,-0.017369121,-0.10711581,-0.0110036675,0.16646546,-0.093757465,-0.016010396,-0.010105908,-0.11932127,0.050729547,-0.060161106,0.040703896,-0.14524354,-0.04462248,0.0122013055,0.059013195,-0.03579943,0.11712621,-0.07901185,0.16746627,0.14268446,0.14368807,-0.15439016,0.10248776,0.03966953,-0.03070863,0.03459163,0.055578016,0.14283223,0.06661318,0.09616439,-0.045433383,-0.123505235,-0.1354803,-0.1971074,-0.08051475,-0.016080894,-0.022251993,0.08891404,-0.11501812,-0.15203945,0.0061808154,-0.01202118,-0.06617263,0.08664563,0.1217532,0.11239748,0.03038527,-0.057991493,-0.18311699,-0.10467035,0.0003823191,0.009653188,-0.13545385,0.019618936,-0.08869334,0.16635461,0.13732365,-0.12698561,0.10910608,0.0005798638,0.096697636,-0.1342982,-0.08509974,-0.13856643,0.077648446,0.061710473,-0.07772405,-0.015659079,0.09275022,-0.15946823,0.115469314,0.16289146,-0.07608104
0,-0.30220217,0.13721891,0.40358678,-0.2855944,-0.3283049,-0.04632656,-0.45180684,-0.5622624,0.2028912,0.3425091,-0.14215149,0.054997936,-0.12516052,-0.123147644,-0.53643787,-0.33966464,0.068538666,0.098309636,-0.07575798,0.032968394,0.29624078,-0.21830699,-0.13665465,-0.2685812,-0.5452485,-0.054396518,-0.029854184,0.35876316,0.26562852,0.14385417,0.28742066,0.03036378,0.21728197,0.16728507,0.02252546,-0.43526357,-0.21462879,-0.12862124,0.16295473,0.20000097,0.3756691,-0.28479272,-0.06539912,-0.3977461,-0.18894921,0.28628954,-0.05673068,0.21078101,0.18985283,0.19003819,0.19298482,0.3979699,0.06492261,0.047722507,-0.4277591,0.19741021,0.13646215,-0.6055744,-0.060807183,0.21218842,0.045884028,0.15823261,0.14365315,0.18138714,0.36509532,-0.2529712,0.066085264,0.04606571,0.2649347,0.494179,0.13615388,-0.5653051,0.010221038,-0.08070238,-0.39667508,-0.5815205,-0.14151216,-0.23490919,-0.3250859,0.038280927,0.38753206,0.07860483,-0.077349454,-0.15027499,-0.67199916,0.22090091,0.33424485,0.27578172,-0.20040613,0.20649484,-0.42421904,-0.050309867,-0.13353685,0.27220216,0.14179067,-0.34864962,0.4427709,0.08447083,-0.27322397,-0.05958116,-0.07310383,0.21746272,0.09229998,0.028509371,-0.24875724,-0.2566079,0.23628604,0.07956229,0.28396454,0.0323442,-0.07402103,-0.107063584,0.33775058,-0.19759755,-0.41722953,-0.3024153,0.32667848,-0.06290037,0.20511866,-0.24413265,-0.026767347,-0.03556568,-0.15951511,-0.3553587,0.08733162,-0.1423657,-0.07801817,0.23520723
1,0.02313969,-0.16041903,0.09538619,0.0003099423,-0.07194543,0.07256703,-0.04968922,0.041668825,-0.049768414,-0.13640903,0.015819456,0.005929906,-0.087566875,-0.050678402,0.023235952,0.021955632,-0.15481114,-0.019078998,0.052802578,-0.07315713,-0.06461839,0.07071428,0.18392368,0.08662849,-0.03439335,0.08829612,0.086036086,-0.21029247,0.009353161,0.14395478,0.038271528,-0.031389304,-0.10915135,-0.14283006,0.10988387,0.06260824,0.018906675,-0.09505682,0.021959946,-0.14252806,0.009345721,0.09579353,0.051624373,-0.015950724,0.1185645,-0.062016472,0.1415669,-0.012035973,0.09180293,-0.04371626,-0.12563206,0.049128324,-0.14938793,-0.015194757,-0.06612887,-0.01624628,-0.10352833,-0.012839889,0.1668515,-0.08929111,-0.017560866,-0.007512599,-0.11868467,0.050393555,-0.054225292,0.037476305,-0.14373115,-0.040156692,0.016635563,0.06265804,-0.03741326,0.11167814,-0.07742691,0.16551735,0.13752607,0.13815148,-0.1548797,0.09689507,0.03887448,-0.027182784,0.037372638,0.051879004,0.14337005,0.06796338,0.090015024,-0.043438006,-0.11542493,-0.12831442,-0.19587126,-0.077153035,-0.019700117,-0.023822673,0.08880672,-0.11023164,-0.14766124,0.002647616,-0.010484887,-0.06443159,0.08266054,0.122006424,0.10903099,0.03247611,-0.0549665,-0.17634764,-0.10726392,0.00037159026,0.008069798,-0.13358602,0.023897197,-0.0882849,0.16292377,0.13400775,-0.12122896,0.10495146,0.00080674887,0.09034497,-0.13300285,-0.08306662,-0.13474804,0.074548125,0.057993006,-0.07628487,-0.017215256,0.0877764,-0.15625964,0.11409248,0.16366228,-0.07276098
1,-0.075652756,-0.061988436,0.17209646,-0.07580104,-0.14184234,0.031266835,-0.16308656,-0.13064978,0.02060217,0.0034869853,-0.03829863,0.023614366,-0.08709438,-0.07220436,-0.12705722,-0.0785877,-0.08380579,0.011473358,0.0009974204,-0.040088415,0.040834215,-0.009501323,0.08533928,-0.009710789,-0.18181513,0.0365066,0.050481305,-0.03795434,0.074812256,0.14406665,0.10492867,-0.003953509,-0.014584154,-0.043605767,0.08644523,-0.08995797,-0.053720422,-0.089175306,0.06681856,-0.035312146,0.11650562,-0.014306329,0.013296332,-0.12589821,0.025446754,0.046738245,0.07350704,0.045406375,0.11584869,0.029023739,-0.026435815,0.14436716,-0.08393491,-0.0040883534,-0.16560729,0.046081405,-0.01880996,-0.1749966,0.09959561,0.0014983565,-0.011398144,0.042663388,-0.03965397,0.07708062,0.063244,-0.039617814,-0.07985984,-0.0077032875,0.094381884,0.17643362,0.013097122,-0.08312844,-0.042275626,0.08720663,-0.017681517,-0.073047556,-0.14681992,-0.005560279,-0.05737752,-0.009347144,0.13708344,0.05035272,0.07341392,0.006496709,-0.12674643,0.027984582,0.01777988,-0.002459662,-0.17107224,0.0021978095,-0.12762597,-0.033280868,0.01694544,-0.0032167062,-0.06184887,-0.097908914,0.11634367,-0.016241675,-0.028705005,0.064995,0.04026085,0.08882775,-0.010562964,-0.10563881,-0.1442317,-0.07197804,0.070304245,-0.06942443,0.098946765,-0.05499758,0.09121411,0.04918859,0.020017086,0.010355931,-0.11811135,-0.025115632,0.003666751,-0.06902022,-0.02695373,-0.022589277,0.025227658,-0.05693526,-0.062841564,-0.03184113,-0.07890956,0.036501646,0.090138644,0.01746662
1,-0.52323276,0.3108198,0.6569389,-0.5170136,-0.53683597,-0.1105808,-0.74565154,-1.0043317,0.3932856,0.68308985,-0.23113255,0.07520303,-0.17249581,-0.18089414,-0.9691957,-0.6213897,0.21451405,0.18503416,-0.1235896,0.10516616,0.55827594,-0.44607052,-0.3299447,-0.5504852,-0.9233875,-0.11733791,-0.11085317,0.7334573,0.47754234,0.14452496,0.4856299,0.05244434,0.45060125,0.3626274,-0.032078587,-0.7591337,-0.36566806,-0.20976722,0.24893042,0.42689067,0.6297737,-0.5535042,-0.1393288,-0.67633486,-0.39865458,0.51227415,-0.17885771,0.3860062,0.26861268,0.35289422,0.3939658,0.6612214,0.20164272,0.11515345,-0.7035078,0.34286514,0.25423172,-1.0614842,-0.21364167,0.42843583,0.13207823,0.25829592,0.31645495,0.310737,0.6718835,-0.493855,0.20216511,0.08142511,0.41793928,0.8401287,0.25162104,-1.0570889,0.03548613,-0.22838393,-0.77706915,-1.083312,-0.1483165,-0.4582112,-0.61448973,0.08426335,0.6431613,0.12025993,-0.21310815,-0.32049584,-1.2315192,0.43370527,0.65633243,0.546187,-0.2760509,0.42922914,-0.7440592,-0.07110146,-0.26668027,0.5588166,0.34124762,-0.61229193,0.7885734,0.17821552,-0.50838184,-0.17840974,-0.14606193,0.347422,0.19434012,0.14185172,-0.36719692,-0.44950768,0.40481913,0.21909998,0.46397924,0.12307104,-0.22334705,-0.23478785,0.6329678,-0.3922173,-0.7183231,-0.58253676,0.6395035,-0.083669305,0.41631636,-0.46054476,-0.059454147,-0.02504883,-0.242257,-0.702433,0.23595586,-0.31167468,-0.24535759,0.4483003
1,-0.6356811,0.40450948,0.7851555,-0.6298252,-0.63568383,-0.14430773,-0.89810604,-1.2298573,0.49055263,0.8568073,-0.27715307,0.088432945,-0.1992366,-0.20676056,-1.1905903,-0.7613733,0.28900293,0.23412678,-0.15130188,0.14073947,0.6902909,-0.55773175,-0.43746725,-0.6930026,-1.1105111,-0.1546602,-0.15051046,0.93290615,0.58152765,0.14402935,0.58457947,0.06255845,0.5698694,0.46429637,-0.067195125,-0.92882097,-0.44427198,-0.24291797,0.29513216,0.5430063,0.76023084,-0.6934431,-0.17650266,-0.81791276,-0.5068755,0.6284822,-0.24062979,0.47884828,0.30920932,0.43375504,0.49970222,0.79466605,0.27646714,0.14897968,-0.8440267,0.4194761,0.3230593,-1.2907008,-0.29622933,0.533733,0.17138687,0.31574118,0.40935636,0.37341538,0.83036923,-0.61040866,0.27292472,0.10290138,0.5001618,1.0117389,0.31662986,-1.305721,0.055170354,-0.31098822,-0.9732315,-1.3422266,-0.1495879,-0.56929713,-0.76022255,0.10902809,0.7733939,0.14320356,-0.28667957,-0.40471068,-1.5153326,0.53662604,0.81766874,0.6834627,-0.31218278,0.53556675,-0.90187854,-0.0793737,-0.33998284,0.70301175,0.44539827,-0.7416109,0.9626141,0.22589411,-0.62828565,-0.24076766,-0.19181001,0.4110322,0.24637176,0.20070156,-0.4246729,-0.5490135,0.4927617,0.2942474,0.558725,0.16964108,-0.3071099,-0.30422634,0.789895,-0.49419668,-0.87319994,-0.7216947,0.80310535,-0.087408766,0.528012,-0.5713457,-0.08015767,-0.020453848,-0.28649527,-0.87644076,0.31551096,-0.40151215,-0.33205095,0.5589333
1,-0.02923119,-0.10597427,0.13128944,-0.036585085,-0.106977835,0.0488322,-0.10756403,-0.04631508,-0.015069801,-0.062047258,-0.015695106,0.016404167,-0.08400719,-0.061801337,-0.05096467,-0.028139718,-0.11697673,-0.0052691065,0.02124058,-0.055166356,-0.009706158,0.03088718,0.13051265,0.039854318,-0.11182931,0.057349645,0.066926084,-0.11961949,0.041462965,0.14317094,0.07054111,-0.014028236,-0.059974954,-0.088638246,0.09858606,-0.017706774,-0.020177541,-0.08765288,0.046145502,-0.084712304,0.06558196,0.038881376,0.030659245,-0.071582004,0.070343755,-0.0036203805,0.102443494,0.014259916,0.10312148,-0.0040589357,-0.07172512,0.09737805,-0.11541086,-0.011798136,-0.114729,0.016090542,-0.05470337,-0.09391382,0.13191578,-0.041330915,-0.018275589,0.018838856,-0.077421635,0.061257545,0.005095277,-0.000508897,-0.109043986,-0.021096257,0.059419237,0.11753286,-0.012369521,0.010266744,-0.05665678,0.124304175,0.057224438,0.029227661,-0.14949796,0.04042951,-0.008228939,-0.018964548,0.088097155,0.048420526,0.10532586,0.036632944,-0.02259114,-0.007510897,-0.045247655,-0.060263738,-0.17395833,-0.036209352,-0.07311061,-0.029551886,0.049085107,-0.05574632,-0.103284866,-0.05017976,0.05290333,-0.038173337,0.022767615,0.08971714,0.06973936,0.06291192,-0.03171979,-0.13628411,-0.12485743,-0.035992544,0.0393654,-0.098790854,0.06263755,-0.071822494,0.12575465,0.0852441,-0.046217836,0.05484861,-0.06071198,0.029724292,-0.060397744,-0.072462514,-0.07626533,0.02238131,0.038373698,-0.06278914,-0.042417936,0.02789855,-0.11372863,0.07295472,0.1251103,-0.026547797
1,-0.39521584,0.2095634,0.5129303,-0.38450724,-0.41842094,-0.073171884,-0.57604533,-0.7502409,0.28326753,0.4863647,-0.17805164,0.06258962,-0.14636746,-0.1479136,-0.7211914,-0.45919114,0.13098986,0.13496311,-0.094351225,0.06386008,0.40678427,-0.3157349,-0.21750832,-0.3894114,-0.70539606,-0.080979496,-0.06418258,0.5165867,0.35625044,0.14200273,0.37217626,0.03918846,0.31534654,0.24917607,-0.00039366633,-0.5715471,-0.27807626,-0.16488175,0.1980572,0.29544201,0.48251942,-0.3982011,-0.09697263,-0.5164196,-0.27869564,0.38121286,-0.10889589,0.28653824,0.2232624,0.25952405,0.2761745,0.508925,0.121870555,0.07850985,-0.5446263,0.25788677,0.185049,-0.7991757,-0.12653172,0.3026045,0.08494001,0.19933352,0.21725735,0.23740101,0.49555725,-0.35707453,0.12283607,0.059870154,0.32880452,0.6431239,0.18528655,-0.77358305,0.019748855,-0.143321,-0.5595449,-0.7940733,-0.14432913,-0.32738355,-0.44877625,0.058248125,0.49647474,0.09798921,-0.1344683,-0.22302161,-0.9097095,0.31134957,0.47059697,0.39029247,-0.23554334,0.30134687,-0.56056625,-0.059808172,-0.19042356,0.39506564,0.22543462,-0.46104282,0.5905944,0.12319026,-0.37157783,-0.110680595,-0.102250904,0.2722488,0.13586506,0.074458264,-0.29987252,-0.33999676,0.3082101,0.13953118,0.35988706,0.070209526,-0.13768014,-0.15938112,0.46183753,-0.27872637,-0.5451566,-0.41984895,0.45813504,-0.072493,0.2940427,-0.33634633,-0.04001311,-0.0320163,-0.19259912,-0.50405145,0.14853679,-0.21399817,-0.14980216,0.32462126
0,0.022776227,-0.16038309,0.09222687,0.004116915,-0.06842172,0.07048383,-0.04860214,0.04097834,-0.049813915,-0.13884376,0.017252076,0.006415233,-0.08469869,-0.048516624,0.026038669,0.022545882,-0.15500832,-0.016842978,0.0535878,-0.07454863,-0.06472827,0.07124322,0.18433055,0.08416925,-0.032932967,0.08719639,0.08705779,-0.20866844,0.0033502132,0.14372635,0.035247147,-0.0312431,-0.11010004,-0.14182238,0.11098398,0.06261921,0.01735238,-0.0913827,0.022894263,-0.14194536,0.007197749,0.09490295,0.048829816,-0.015206099,0.11546661,-0.062989995,0.14325976,-0.011952613,0.08918287,-0.04420586,-0.12705821,0.044306196,-0.14776222,-0.015284939,-0.06756564,-0.016732099,-0.102003716,-0.009973073,0.16594325,-0.0922839,-0.019524783,-0.005261503,-0.11758586,0.04831003,-0.055188783,0.039981253,-0.14383806,-0.041613087,0.015462834,0.060073987,-0.033559605,0.1128242,-0.07573658,0.16298912,0.13871112,0.13834968,-0.1528547,0.10192175,0.040203966,-0.029585589,0.034069747,0.053013496,0.13979554,0.06584771,0.09362276,-0.043997794,-0.1175617,-0.12884387,-0.1944718,-0.07865288,-0.015474811,-0.025611479,0.08615434,-0.112935185,-0.14784683,0.0045683607,-0.009754928,-0.06481853,0.08188105,0.121408835,0.107134044,0.031064447,-0.052432474,-0.17693177,-0.108074136,-0.0023586266,0.008842874,-0.13467847,0.021887839,-0.08800608,0.16222695,0.13326114,-0.123769686,0.10259045,0.00083339214,0.094227575,-0.13282369,-0.081954926,-0.13521549,0.07342273,0.055539887,-0.075786546,-0.017846324,0.091192424,-0.15556012,0.113257095,0.16067071,-0.07347245
1,0.025733296,-0.16247812,0.09356307,0.004226776,-0.0686986,0.072870195,-0.047810193,0.043164544,-0.05041679,-0.1397566,0.019192126,0.005827181,-0.08643868,-0.049059957,0.025807,0.02255427,-0.15705468,-0.017170459,0.055924073,-0.07500612,-0.06538251,0.0717311,0.18679023,0.08428919,-0.031118453,0.09032986,0.08768943,-0.21234532,0.0047702026,0.14353852,0.035732154,-0.033724472,-0.11145432,-0.14460282,0.110466674,0.06615195,0.019802421,-0.093684174,0.021673799,-0.14447834,0.006162349,0.09630878,0.05102609,-0.013948403,0.11805341,-0.06515729,0.14412573,-0.011985626,0.090415,-0.045064703,-0.1290349,0.04534126,-0.15003154,-0.0142461825,-0.06663869,-0.01819487,-0.105160095,-0.010722188,0.16681154,-0.09346411,-0.01683423,-0.0071790293,-0.11875804,0.050025422,-0.055671312,0.04014297,-0.14541963,-0.04281225,0.013633754,0.059440907,-0.036261603,0.11525514,-0.07820246,0.16564447,0.14054158,0.14251186,-0.15460312,0.1025006,0.040189933,-0.028859045,0.033813804,0.053797197,0.1420458,0.06643425,0.09535147,-0.044237573,-0.11806703,-0.13169827,-0.19739965,-0.07963703,-0.01594932,-0.024893448,0.08889608,-0.11390457,-0.14959213,0.004984282,-0.011108629,-0.0652959,0.084619105,0.12238546,0.11106725,0.030085944,-0.053731482,-0.17950752,-0.10776896,-0.0011110343,0.0074604377,-0.13586746,0.020894364,-0.08828884,0.16390029,0.13668415,-0.12523006,0.10514134,0.0026554912,0.09568839,-0.13508567,-0.08326513,-0.13702245,0.076352105,0.057576355,-0.07711547,-0.015974313,0.090338975,-0.15805596,0.115026705,0.1627209,-0.07492626
1,-0.26148066,0.09765504,0.36875394,-0.25298765,-0.30094853,-0.031231984,-0.40379548,-0.49115255,0.17181264,0.2848746,-0.12081888,0.04596412,-0.120477095,-0.11597202,-0.47084638,-0.299033,0.041181833,0.082894236,-0.0559078,0.021042563,0.25390574,-0.18592945,-0.09337515,-0.22986515,-0.4848572,-0.03369523,-0.015330838,0.28546947,0.2380606,0.1423955,0.2594197,0.022699278,0.17668495,0.1277711,0.034996595,-0.3717444,-0.1848306,-0.13055594,0.14292386,0.15691859,0.3313797,-0.23868798,-0.051085673,-0.3532523,-0.15316184,0.24290885,-0.034618028,0.18518247,0.17791303,0.16462821,0.1495752,0.35578138,0.035071,0.04440673,-0.38549066,0.16976033,0.10387813,-0.53664225,-0.03363225,0.17629826,0.04458666,0.13408759,0.110457696,0.16814578,0.31484434,-0.2232737,0.039126903,0.03212239,0.23070776,0.44661278,0.11026948,-0.48403943,-0.0053867134,-0.04789779,-0.33372748,-0.49392593,-0.14467683,-0.19275883,-0.28385535,0.031195916,0.34635258,0.07792708,-0.05041208,-0.12689348,-0.5817817,0.19186126,0.28053775,0.22667822,-0.20436427,0.17525306,-0.3776074,-0.04923239,-0.10561727,0.22856405,0.103937656,-0.30901462,0.39068195,0.06536597,-0.22970268,-0.040123627,-0.044462264,0.1970842,0.07627872,0.0008155629,-0.23263349,-0.22780839,0.20788278,0.05380608,0.25077188,0.01707042,-0.044421263,-0.07414878,0.27961144,-0.15877199,-0.36787838,-0.25475037,0.26962885,-0.06845567,0.16119325,-0.20649607,-0.014464203,-0.040865563,-0.13740724,-0.30631936,0.054689907,-0.110885926,-0.050924722,0.19692513
0,-0.14830478,0.003335327,0.2469878,-0.14145182,-0.2001665,0.0058860816,-0.25735417,-0.27026573,0.079497546,0.1131791,-0.0716634,0.03393028,-0.10092328,-0.08711762,-0.26052076,-0.16233741,-0.034715556,0.04153506,-0.023691408,-0.016776472,0.1225889,-0.07591627,0.012256697,-0.094680294,-0.29737353,0.0060401894,0.025125861,0.091762215,0.13611421,0.14375278,0.16302045,0.006508641,0.05928427,0.024370585,0.06347379,-0.20170964,-0.10623478,-0.100980856,0.09782964,0.040571414,0.20044282,-0.10346599,-0.012562615,-0.21409172,-0.045026142,0.12399905,0.03064552,0.10146162,0.13947329,0.08116909,0.043972276,0.22581688,-0.03539578,0.014136918,-0.25026733,0.09448047,0.0337504,-0.31377733,0.04496357,0.0675848,0.0069961175,0.08082109,0.020372307,0.109858796,0.16139008,-0.10819685,-0.032408148,0.009831427,0.14978035,0.2784319,0.05409052,-0.2374556,-0.02426776,0.03159415,-0.14109506,-0.23817544,-0.14508562,-0.077454954,-0.14360547,0.0070896717,0.21827297,0.061226234,0.02383437,-0.044026155,-0.30272016,0.08928065,0.119047955,0.08726423,-0.18194366,0.066450186,-0.221952,-0.03914306,-0.03369408,0.085637785,0.004222244,-0.17833821,0.22173506,0.015139403,-0.10753784,0.02288162,0.0026784558,0.12961596,0.023188539,-0.062023394,-0.17649335,-0.13256279,0.12389898,-0.019172888,0.15973106,-0.026515573,0.03456189,-0.0016439054,0.123467036,-0.057660453,-0.21571729,-0.11291198,0.10948093,-0.06530252,0.047533788,-0.09531275,0.007530436,-0.05044599,-0.09251948,-0.13691738,-0.024931923,-0.022365056,0.034017466,0.088569276
0,-0.1852574,0.038122665,0.2751941,-0.1715713,-0.2273267,-0.0099367015,-0.29787913,-0.33310166,0.10439603,0.16393185,-0.09098607,0.039538242,-0.10064982,-0.09627456,-0.31454718,-0.1980365,-0.008650526,0.050198738,-0.041296862,-0.0045795664,0.15956742,-0.10511435,-0.025323048,-0.12716134,-0.35304216,-0.014473241,0.011258259,0.15400289,0.1611464,0.14154398,0.18670917,0.017260518,0.09428026,0.059964236,0.05670687,-0.25849894,-0.13271955,-0.09944487,0.11413409,0.07889036,0.24047777,-0.14133245,-0.025944116,-0.25421536,-0.07957953,0.16337597,0.008508787,0.120258026,0.1490082,0.106327355,0.0789415,0.26099652,-0.01175943,0.01798809,-0.2862671,0.11805338,0.06293202,-0.373597,0.021668628,0.10168287,0.010821886,0.09955898,0.04915718,0.120432094,0.20482057,-0.13653943,-0.008519128,0.021936914,0.17766836,0.32306105,0.07215786,-0.3104576,-0.012039013,0.0029080883,-0.19773075,-0.31653675,-0.14103928,-0.11448103,-0.1797097,0.013872729,0.25504506,0.061374553,-0.0015810728,-0.0663982,-0.38240167,0.115403265,0.16566518,0.13165657,-0.17281389,0.0966532,-0.2640117,-0.04162457,-0.059401482,0.12510079,0.03319916,-0.21632896,0.26782998,0.032811,-0.14695674,0.0038313642,-0.022266923,0.1508782,0.039032582,-0.038649417,-0.1916105,-0.15939972,0.1482058,0.0042119734,0.1862123,-0.015468448,0.009946696,-0.030605467,0.1748993,-0.0909684,-0.26106784,-0.15508702,0.15916993,-0.059570465,0.08796281,-0.1307849,-0.0033880621,-0.043414205,-0.11120561,-0.18068764,0.003846012,-0.050372437,0.009052236,0.12082239
1,-0.52608377,0.31298804,0.66193163,-0.5205805,-0.5385977,-0.11008561,-0.75247306,-1.0118412,0.39741385,0.6887468,-0.23126082,0.07532483,-0.17548352,-0.18039334,-0.97887933,-0.62791276,0.21589106,0.1885789,-0.12199619,0.10578414,0.5629313,-0.4497452,-0.33327523,-0.55817306,-0.9280654,-0.11721047,-0.11233925,0.7411477,0.481278,0.14480045,0.48927328,0.051838823,0.45407936,0.36431897,-0.03550405,-0.76295996,-0.36734563,-0.2126562,0.24998796,0.43026754,0.6328538,-0.5593599,-0.13963097,-0.6817467,-0.40247247,0.51420593,-0.17999715,0.39214265,0.2696286,0.35449046,0.39691314,0.6660904,0.20540956,0.11756928,-0.7092885,0.34570122,0.25597367,-1.0699388,-0.2180818,0.43044746,0.13387102,0.26146638,0.32003278,0.31348076,0.6780711,-0.4981954,0.2039506,0.081388205,0.41990334,0.8461308,0.256443,-1.064444,0.035809975,-0.23169559,-0.78401357,-1.0915076,-0.14866814,-0.4597409,-0.6209713,0.08583053,0.6472517,0.12378273,-0.21521887,-0.3238848,-1.2414147,0.43690783,0.6599256,0.54939413,-0.28227627,0.431326,-0.74912095,-0.07144821,-0.27026677,0.5626627,0.3459292,-0.61522824,0.79571956,0.17847373,-0.51073635,-0.180793,-0.14708588,0.3477464,0.19571848,0.1416943,-0.36847517,-0.454641,0.40858,0.22245564,0.46801746,0.12465798,-0.22845109,-0.23552313,0.6368521,-0.39491612,-0.7239064,-0.58459026,0.64532006,-0.083732225,0.4179742,-0.4640513,-0.06004617,-0.02644118,-0.24215427,-0.70867455,0.23835024,-0.31509694,-0.24934734,0.45226258
1,-0.6376681,0.4032159,0.7870729,-0.63369375,-0.63877064,-0.14337495,-0.89955944,-1.2318056,0.49202225,0.8595339,-0.27763635,0.08755449,-0.19926716,-0.2080532,-1.1932293,-0.7652228,0.2885983,0.23324525,-0.14983276,0.14135322,0.69252884,-0.55989903,-0.43614963,-0.6951488,-1.114819,-0.15263715,-0.15171048,0.9324884,0.58465564,0.14475492,0.5864208,0.062781624,0.5723969,0.46465072,-0.06581839,-0.92858136,-0.443966,-0.2467046,0.295341,0.54435915,0.7612027,-0.6938029,-0.176345,-0.81916475,-0.5065914,0.62866783,-0.2403101,0.47887194,0.309731,0.43495536,0.5002944,0.7975586,0.27601898,0.14890768,-0.84639394,0.41979036,0.31987363,-1.294892,-0.2950005,0.5363203,0.17297927,0.31553474,0.40863344,0.37616646,0.83184457,-0.6136403,0.27309525,0.10174956,0.4995618,1.0147297,0.31605527,-1.3097925,0.053102966,-0.30880496,-0.97426015,-1.3435736,-0.15051904,-0.5726106,-0.7631541,0.10878114,0.7740363,0.14351957,-0.28587165,-0.40647417,-1.5201316,0.5398162,0.8207108,0.684437,-0.31471047,0.5390854,-0.9059966,-0.07985177,-0.33875307,0.7045273,0.44680858,-0.7448938,0.965222,0.2263474,-0.62887484,-0.24074191,-0.18860853,0.41198894,0.24616386,0.20060602,-0.42620322,-0.549305,0.49301422,0.29330415,0.5590836,0.17072189,-0.30462712,-0.3035301,0.7887973,-0.49394396,-0.87492126,-0.72476506,0.8040438,-0.08976929,0.52709734,-0.5714146,-0.07874325,-0.020338722,-0.2868149,-0.87986314,0.31525692,-0.40146002,-0.33169857,0.5598382
1,-0.28365284,0.114803195,0.3916192,-0.27570167,-0.32118613,-0.037730552,-0.43113062,-0.5332942,0.19080615,0.31761056,-0.13091883,0.048839457,-0.12366544,-0.12184299,-0.51170194,-0.32625276,0.055967957,0.090534985,-0.062063295,0.028246962,0.27915013,-0.2081506,-0.111533165,-0.2559083,-0.5223998,-0.040773533,-0.02434457,0.3225556,0.2570752,0.14361542,0.2777707,0.025952037,0.19898081,0.14717329,0.030575532,-0.40330863,-0.1998657,-0.13742425,0.15223913,0.18004397,0.35427985,-0.26446542,-0.058625184,-0.37995225,-0.1729788,0.2654524,-0.046359353,0.20043497,0.18394393,0.18010974,0.17049628,0.38098615,0.0493503,0.048387725,-0.41032535,0.1836632,0.115793645,-0.5807636,-0.047611117,0.19821057,0.05029481,0.14421447,0.12656525,0.17940712,0.3433777,-0.2459442,0.05311364,0.036307827,0.24685186,0.4785018,0.123094216,-0.5318482,-0.0014085281,-0.06261653,-0.369383,-0.5419648,-0.14467196,-0.21573783,-0.31029266,0.035054408,0.37018484,0.080132395,-0.06214419,-0.14358644,-0.6353543,0.21227069,0.31142652,0.25355917,-0.20950368,0.19709498,-0.40778354,-0.05131207,-0.118437424,0.2552451,0.12474792,-0.33422107,0.42373878,0.075106524,-0.25250387,-0.050416976,-0.05316341,0.20904288,0.085652485,0.013164453,-0.24424551,-0.24582303,0.22475025,0.066611975,0.268799,0.025778323,-0.058233216,-0.08737034,0.30721834,-0.17866985,-0.395417,-0.28178945,0.30005988,-0.07065256,0.18173292,-0.22807379,-0.018322255,-0.03908308,-0.14683408,-0.3371254,0.07050337,-0.12656629,-0.066851914,0.21751589
0,0.026711818,-0.16430967,0.09346762,0.0055570714,-0.068472385,0.07325246,-0.048761915,0.043446217,-0.05068703,-0.1396872,0.020376135,0.0049832463,-0.088917345,-0.047294043,0.02397675,0.02440827,-0.1590263,-0.017137628,0.057550825,-0.07669635,-0.06592975,0.073898405,0.18674663,0.084809236,-0.031048551,0.09044575,0.090266496,-0.21399395,0.00637858,0.14275576,0.036323354,-0.033231445,-0.11194886,-0.14549597,0.10886888,0.067017764,0.02031634,-0.09394764,0.01938783,-0.14617446,0.0044733956,0.09665522,0.051419526,-0.013266288,0.11922105,-0.06567366,0.14551225,-0.012613736,0.09166247,-0.04588128,-0.13096988,0.046359718,-0.15200187,-0.0136941485,-0.0663656,-0.01730299,-0.10634903,-0.010524152,0.16684258,-0.0939435,-0.01630754,-0.008404821,-0.11920285,0.05045713,-0.058133636,0.04028008,-0.14548647,-0.043717735,0.013399377,0.059577964,-0.036002427,0.11666707,-0.07902707,0.16816244,0.1419829,0.14344518,-0.1548064,0.10210998,0.03937192,-0.029866844,0.03435771,0.055325247,0.14255401,0.0672714,0.09583816,-0.044437237,-0.12073469,-0.1339599,-0.1984753,-0.08021896,-0.015962657,-0.023067996,0.08957815,-0.11425485,-0.15004064,0.0056863613,-0.011412688,-0.0662168,0.085958466,0.12159303,0.11309253,0.030094285,-0.056149736,-0.181191,-0.10627906,-0.00042181462,0.008815104,-0.13542855,0.01963,-0.08812825,0.16474605,0.13741754,-0.12695019,0.10791829,0.0017780066,0.096190706,-0.13572122,-0.08475481,-0.13826963,0.07721028,0.059569206,-0.07739383,-0.015226666,0.09150903,-0.15858147,0.11526259,0.162846,-0.075726025
1,-0.4947482,0.28729597,0.62779784,-0.48799765,-0.5105485,-0.102390856,-0.71004546,-0.9514585,0.37033185,0.64088166,-0.21834859,0.07204981,-0.16835642,-0.17338863,-0.9175141,-0.58707523,0.19565251,0.17587273,-0.11531686,0.09548589,0.5254092,-0.41815156,-0.30563334,-0.5173213,-0.8756083,-0.10815687,-0.0996386,0.6864944,0.45178694,0.14389324,0.46160328,0.047682352,0.4208466,0.3375149,-0.027098529,-0.71779174,-0.34673995,-0.20098695,0.23743558,0.39714235,0.597043,-0.5209413,-0.12997337,-0.64225286,-0.37299535,0.48350286,-0.16327506,0.36653662,0.2588217,0.33375603,0.36682793,0.62892234,0.18375692,0.108541965,-0.67000395,0.3241526,0.2394191,-1.0068263,-0.1956332,0.39984182,0.12434972,0.24564138,0.29538968,0.29598558,0.6345342,-0.46462142,0.18495364,0.07580229,0.3978279,0.7983315,0.23663905,-0.9959929,0.032038715,-0.21058127,-0.7310415,-1.0211354,-0.14775091,-0.42798832,-0.57972944,0.079142444,0.6118256,0.117258854,-0.19655424,-0.30102417,-1.1629649,0.40756398,0.61536336,0.51118726,-0.27040344,0.4007921,-0.7039388,-0.068490945,-0.250285,0.5241541,0.3163929,-0.5794811,0.7458933,0.16605131,-0.4774846,-0.16472416,-0.13432792,0.33097416,0.18304576,0.12599176,-0.35265884,-0.42697784,0.38432994,0.20191579,0.44166142,0.1122522,-0.2052991,-0.21650982,0.5958292,-0.36783984,-0.68160945,-0.545658,0.60086894,-0.081902936,0.38933384,-0.434251,-0.054815475,-0.026868261,-0.22969817,-0.66053164,0.21677595,-0.2909078,-0.22575997,0.42209062
1,-0.4634776,0.2637285,0.5913814,-0.45566073,-0.47993004,-0.091588795,-0.669945,-0.88675267,0.34323373,0.5930847,-0.20548314,0.06932403,-0.16256365,-0.16420296,-0.8572128,-0.5477682,0.17405671,0.16372344,-0.1082946,0.085251965,0.48871565,-0.38466546,-0.27966255,-0.4783247,-0.8209661,-0.10031787,-0.08938738,0.6356748,0.42166167,0.14342374,0.43341622,0.045044538,0.38887396,0.30926293,-0.020489126,-0.67144597,-0.32413977,-0.18929413,0.22591615,0.36585128,0.5617013,-0.4832037,-0.11822035,-0.602356,-0.3431025,0.4498397,-0.14499137,0.3425339,0.2477974,0.30795237,0.33967674,0.59172374,0.16659793,0.09859516,-0.6314418,0.30442762,0.22247833,-0.9411288,-0.17461401,0.3686732,0.11021554,0.23355907,0.27176288,0.2780128,0.5919704,-0.43006313,0.16547523,0.07136213,0.37698695,0.7487809,0.22380033,-0.9257848,0.028403077,-0.19025764,-0.6771013,-0.9494953,-0.14626469,-0.39628312,-0.5396776,0.072810866,0.5750656,0.11297298,-0.17710468,-0.27553087,-1.0840422,0.37656868,0.5689322,0.4718006,-0.26123363,0.3682778,-0.65911484,-0.06521075,-0.23294987,0.48248842,0.2888757,-0.54100585,0.6978232,0.15166536,-0.44355956,-0.14717193,-0.12590687,0.3112083,0.16667387,0.10878327,-0.335469,-0.4003924,0.36186707,0.18366666,0.41715038,0.098897524,-0.18618448,-0.19921578,0.5542668,-0.3388582,-0.6395515,-0.5053363,0.5572014,-0.07727009,0.3589877,-0.40248567,-0.05064561,-0.029552244,-0.2190072,-0.61137295,0.19600537,-0.26746282,-0.20149158,0.39161506
0,-0.14860088,0.0099519715,0.23002613,-0.13108678,-0.19193235,-0.000660412,-0.24532345,-0.25646645,0.071033314,0.10471992,-0.07836231,0.037226506,-0.09025953,-0.086995594,-0.23763436,-0.14682212,-0.031202234,0.03417566,-0.036789857,-0.016497254,0.11378874,-0.065767266,0.0070285946,-0.075660065,-0.289319,-0.006460063,0.024596576,0.09022786,0.12348767,0.142297,0.15182297,0.015945569,0.0534254,0.02796666,0.06850798,-0.20479015,-0.10776132,-0.08316004,0.10044038,0.04097455,0.19672799,-0.09438813,-0.014322963,-0.20554881,-0.04355357,0.1271285,0.027402729,0.08780346,0.13486731,0.07943647,0.046123356,0.21479218,-0.03546816,0.0047337227,-0.23572864,0.09284298,0.04497414,-0.29283458,0.047740847,0.06572761,-0.0063928664,0.081241384,0.018929077,0.09563333,0.15085205,-0.095505364,-0.031168342,0.017758636,0.1535109,0.26233962,0.051479742,-0.22609946,-0.01494313,0.027483426,-0.1318841,-0.23074828,-0.13933197,-0.07803522,-0.12711363,0.0054245377,0.21147536,0.050167643,0.022289492,-0.035612453,-0.28420985,0.07802372,0.111027926,0.087708645,-0.1540612,0.058856584,-0.20762292,-0.038342014,-0.03659215,0.076443486,-0.0013123825,-0.17104869,0.20677388,0.017558875,-0.10851479,0.023844872,-0.01368296,0.12989967,0.021148313,-0.05504421,-0.17128527,-0.124092214,0.118322626,-0.019578308,0.15574382,-0.031179424,0.03574921,-0.011503413,0.12514846,-0.059194,-0.20737644,-0.109158374,0.105766505,-0.055758122,0.05309605,-0.09516222,0.0016171373,-0.044284135,-0.09884989,-0.11881611,-0.020363279,-0.020649232,0.038585182,0.083751
1,-0.6565413,0.41663477,0.81282973,-0.6571824,-0.6602094,-0.14718074,-0.9274969,-1.272407,0.5100076,0.8904828,-0.28358534,0.088112526,-0.205499,-0.21357647,-1.2361394,-0.792665,0.3008243,0.2415576,-0.15084615,0.14783567,0.7169149,-0.5826205,-0.4505038,-0.72387636,-1.1501651,-0.15576026,-0.15933494,0.9647142,0.6062041,0.1443899,0.606537,0.063007884,0.59374535,0.47962433,-0.070513405,-0.9550803,-0.45608655,-0.2588311,0.30176893,0.56423086,0.7836445,-0.71817565,-0.18166639,-0.84493876,-0.5246883,0.645845,-0.25053495,0.496595,0.31757694,0.44831237,0.5166016,0.8219426,0.2878891,0.15707637,-0.8728106,0.43290836,0.32612044,-1.3383156,-0.30821607,0.556338,0.18362048,0.32312876,0.42361617,0.39102337,0.8607909,-0.63845706,0.28369814,0.103414215,0.5122759,1.0493973,0.32731038,-1.3547683,0.052368235,-0.3200617,-1.0087892,-1.3878492,-0.15241513,-0.59149754,-0.7927631,0.11260853,0.797603,0.14968723,-0.2961311,-0.42268264,-1.5726283,0.56130993,0.8500659,0.70709175,-0.32778886,0.5608206,-0.93822163,-0.08149555,-0.34975138,0.73129535,0.46434176,-0.76922387,0.99953854,0.23333897,-0.648618,-0.25023943,-0.19179106,0.4236162,0.25368643,0.20744419,-0.43811658,-0.56848174,0.50949603,0.3059532,0.5752123,0.1790095,-0.31717253,-0.3119489,0.8135639,-0.50935924,-0.902661,-0.7497608,0.8309879,-0.094174,0.5440825,-0.58988553,-0.079492494,-0.021463014,-0.2930594,-0.9141295,0.32669488,-0.41584778,-0.34627682,0.57822156
1,-0.16290523,0.01516157,0.25834003,-0.15600659,-0.21140109,0.0016058777,-0.27370408,-0.2949782,0.090683356,0.13314147,-0.07777777,0.035618767,-0.0995135,-0.09247076,-0.2814845,-0.17932837,-0.025330704,0.043561827,-0.02875204,-0.012351558,0.13821986,-0.08849134,-0.00034105778,-0.107858315,-0.31954312,0.0017851479,0.019835051,0.1144813,0.14672875,0.14397605,0.17386429,0.010367114,0.07539812,0.038031574,0.061665297,-0.2236179,-0.1156212,-0.10218385,0.10444206,0.054776333,0.21579818,-0.11661103,-0.016899977,-0.23046286,-0.057128772,0.13932088,0.024063513,0.10732744,0.14408675,0.09172931,0.057391874,0.24112438,-0.026653916,0.014488343,-0.2668981,0.10438819,0.041762024,-0.33881712,0.039020754,0.08220717,0.009923764,0.08790278,0.031240823,0.116125286,0.17824256,-0.11946354,-0.023768462,0.013535498,0.15860768,0.29647776,0.05950792,-0.26739419,-0.021107707,0.02185236,-0.16244784,-0.26830018,-0.14440794,-0.093587995,-0.15915786,0.009547663,0.23272696,0.061299674,0.014258765,-0.054019857,-0.3344365,0.10073595,0.13838123,0.10377126,-0.179728,0.078998305,-0.23972258,-0.03966128,-0.04084834,0.100815214,0.016000658,-0.19361483,0.24023922,0.023432324,-0.122438915,0.017113738,-0.0034183841,0.13812648,0.029704291,-0.05427497,-0.18423639,-0.14278859,0.13292332,-0.012909286,0.16820621,-0.021492466,0.028713241,-0.011535859,0.14217156,-0.06945156,-0.23302454,-0.13071159,0.12746248,-0.065285936,0.06269524,-0.106464975,0.0045219995,-0.04771551,-0.10028201,-0.15446314,-0.014747102,-0.032651633,0.025499431,0.10098485
0,0.0028741881,-0.13371311,0.092862196,-0.0055592153,-0.07757265,0.05711859,-0.060048766,0.021157412,-0.043290596,-0.11674677,3.553182e-05,0.012262637,-0.07440849,-0.054966893,0.016153354,0.01475812,-0.13619448,-0.019233473,0.03223835,-0.066132076,-0.05103653,0.0637753,0.16124004,0.08300523,-0.056261636,0.06700417,0.07706658,-0.17738031,0.008707643,0.14142475,0.039629396,-0.016206905,-0.09752632,-0.11975078,0.11152983,0.029971767,0.0040789694,-0.0766801,0.03406837,-0.11968989,0.027836572,0.08206652,0.041525036,-0.031109907,0.099540785,-0.038460687,0.12620862,-0.014803119,0.092520386,-0.033240326,-0.10601691,0.055236757,-0.1359792,-0.020819003,-0.07473545,-0.007816348,-0.077543624,-0.024731902,0.15717405,-0.07169064,-0.029820494,0.0038144514,-0.104640186,0.0428839,-0.040399626,0.034243844,-0.13084239,-0.02701812,0.033938017,0.07062937,-0.027924486,0.08438303,-0.06238312,0.14550796,0.117122024,0.10344483,-0.14889918,0.07851642,0.035137363,-0.027382612,0.05012688,0.043644644,0.12753324,0.061798815,0.06548059,-0.038856618,-0.0959512,-0.10186008,-0.165562,-0.06752554,-0.026949689,-0.028249852,0.072110504,-0.09985171,-0.13837992,-0.010928299,0.0039973753,-0.05350229,0.059391744,0.112920485,0.08108921,0.0434445,-0.047903877,-0.15613905,-0.112566575,-0.01053264,0.015870675,-0.12140046,0.0345673,-0.08735014,0.14824735,0.10877648,-0.092193365,0.085324645,-0.014478028,0.07224237,-0.11014171,-0.07073134,-0.10960469,0.05472312,0.04451124,-0.06813343,-0.034099825,0.0817114,-0.13482681,0.100076474,0.151056,-0.060101673
0,-0.15506649,0.01563219,0.23781177,-0.13722758,-0.19755617,-0.0029725693,-0.25363025,-0.26973602,0.076194435,0.11552481,-0.081025966,0.03841644,-0.09229477,-0.08898828,-0.24985847,-0.15412761,-0.027587686,0.036589157,-0.0386122,-0.014117274,0.12126796,-0.07144799,-0.0006189048,-0.08247185,-0.30024567,-0.009147055,0.02330422,0.10111323,0.13008824,0.1409908,0.15743816,0.015991352,0.060444772,0.03430998,0.06577781,-0.21565782,-0.11226571,-0.08413529,0.10269277,0.046900526,0.20563248,-0.10235064,-0.016718654,-0.21397124,-0.04936416,0.13484967,0.024285547,0.092407614,0.1382364,0.08465198,0.05159206,0.22321886,-0.031853594,0.007214945,-0.24425495,0.0969708,0.049115807,-0.3065819,0.04292275,0.07123633,-0.0035723597,0.08498877,0.024032718,0.099543795,0.15996245,-0.1014994,-0.0261764,0.018782848,0.15836996,0.27221093,0.05381579,-0.24104095,-0.013364628,0.023108628,-0.14402427,-0.24624337,-0.13932666,-0.08464976,-0.135398,0.0070035504,0.21898983,0.05233814,0.01762031,-0.039861653,-0.30101165,0.083317146,0.120678514,0.09575831,-0.1557971,0.06531129,-0.21679522,-0.03862823,-0.04008406,0.08494737,0.003845811,-0.17938606,0.21613093,0.02055951,-0.11535879,0.019926436,-0.0145326685,0.13349873,0.024669845,-0.05120431,-0.17494524,-0.1291422,0.123313084,-0.015466988,0.16092096,-0.028882373,0.030854683,-0.015120102,0.13517633,-0.065231726,-0.21743992,-0.11754518,0.115694895,-0.055497233,0.060071126,-0.10144088,0.00046831742,-0.043480676,-0.101246566,-0.12953046,-0.01602415,-0.026351564,0.03332781,0.0901883
0,-0.33253917,0.16075727,0.43948486,-0.3184414,-0.35494453,-0.053275723,-0.49482125,-0.6234077,0.23070727,0.39025983,-0.15220076,0.05799014,-0.1332295,-0.13100255,-0.597914,-0.3806908,0.0877285,0.11180362,-0.07953264,0.041567586,0.33204198,-0.24943408,-0.16433087,-0.309565,-0.596087,-0.06204223,-0.040738493,0.41227537,0.29552758,0.14337951,0.314837,0.032110263,0.2510449,0.19352385,0.012600891,-0.4797991,-0.2350066,-0.14049284,0.17568907,0.23032439,0.41097757,-0.32206905,-0.07438797,-0.43742782,-0.21832618,0.31659395,-0.07069602,0.2371136,0.20194674,0.2117244,0.21995836,0.4354645,0.08539728,0.057800014,-0.4686744,0.21834752,0.15184447,-0.6699222,-0.08217269,0.24062163,0.058969475,0.17457525,0.16897354,0.20075418,0.40892446,-0.2854957,0.08476561,0.05070129,0.2847638,0.5425936,0.15450004,-0.6336739,0.013673279,-0.10257566,-0.4500891,-0.6518566,-0.14284538,-0.2634426,-0.3669926,0.04579451,0.4231791,0.08771256,-0.09683375,-0.1743833,-0.7500097,0.24948145,0.37729168,0.31110796,-0.21543145,0.23529539,-0.46881527,-0.052570134,-0.15236455,0.31108978,0.16992141,-0.3843605,0.4913701,0.0965721,-0.30392382,-0.0756291,-0.081762254,0.233725,0.106808946,0.041226305,-0.26591718,-0.2852147,0.26073074,0.09898773,0.3085208,0.045516886,-0.095758975,-0.123048976,0.37865576,-0.22364236,-0.4605941,-0.3389401,0.37090036,-0.06486882,0.23328942,-0.27259117,-0.030987944,-0.035384864,-0.17076823,-0.4045211,0.107545555,-0.16665012,-0.10161564,0.26495612
1,0.0008982606,-0.13525952,0.105380245,-0.010595297,-0.08330241,0.059317674,-0.07124162,0.008727683,-0.038041864,-0.10549751,0.0009824224,0.011816038,-0.08387096,-0.05391984,-0.0014903583,0.007162464,-0.1392503,-0.015676834,0.034836978,-0.067817196,-0.04343436,0.060070246,0.15676858,0.07375286,-0.065976925,0.070220746,0.07974637,-0.17192337,0.01940028,0.14093511,0.04871153,-0.020119548,-0.09019878,-0.11806305,0.10637965,0.024567213,0.0025696643,-0.08286348,0.033111412,-0.11895535,0.032849252,0.073764436,0.041072644,-0.035148278,0.09741308,-0.03485375,0.12579866,-0.00862772,0.09683351,-0.027952986,-0.10264867,0.067222975,-0.13549405,-0.016541399,-0.08250291,-0.00264824,-0.07886676,-0.04167895,0.1529541,-0.069059364,-0.022078834,0.0041397996,-0.0997788,0.051304083,-0.033119656,0.027722375,-0.1277068,-0.029809734,0.035124995,0.08070249,-0.02701497,0.070466444,-0.06547722,0.14630409,0.10711455,0.09317826,-0.15009922,0.0711381,0.024304554,-0.02644689,0.05783636,0.04750955,0.12504096,0.057076067,0.048114885,-0.0315867,-0.08966078,-0.10058497,-0.17386314,-0.06339323,-0.038345985,-0.02443704,0.07153559,-0.09204235,-0.13343194,-0.016879462,0.011116956,-0.05186277,0.05652582,0.10823855,0.08629361,0.045783635,-0.04788655,-0.15845814,-0.113147065,-0.011960708,0.021192923,-0.11895211,0.038408056,-0.08293306,0.14956534,0.10948859,-0.087099254,0.083281845,-0.024392962,0.06535558,-0.10114662,-0.07529239,-0.106594354,0.05363241,0.048995685,-0.06926766,-0.03365948,0.069710515,-0.13585189,0.09675273,0.14930023,-0.055129964
1,-0.5740348,0.35236412,0.7155522,-0.56887126,-0.58140945,-0.12491712,-0.81503326,-1.1061481,0.4378111,0.76179516,-0.2514603,0.08133698,-0.18557091,-0.19279471,-1.0699791,-0.6855955,0.24750063,0.2079018,-0.13485011,0.1211045,0.6179048,-0.49688318,-0.37792167,-0.61554444,-1.0084274,-0.1333453,-0.12872149,0.82333714,0.5251029,0.14440948,0.5308349,0.05670785,0.5044732,0.4077703,-0.048809536,-0.83485425,-0.40058202,-0.22590262,0.2696736,0.4788829,0.68828833,-0.61672205,-0.15514643,-0.74083257,-0.44687843,0.5637261,-0.20543346,0.42838547,0.28757593,0.38895673,0.44131747,0.722314,0.23568362,0.13069473,-0.7674505,0.37790477,0.28400463,-1.1660943,-0.25063232,0.4758966,0.1505692,0.28464165,0.3582239,0.33971468,0.74371034,-0.5468151,0.23382361,0.09083492,0.4549183,0.91782725,0.28147006,-1.1697576,0.043839585,-0.2651263,-0.86526996,-1.2001237,-0.14930558,-0.5080962,-0.6811229,0.09552661,0.7018116,0.13134377,-0.24575135,-0.35872135,-1.3605387,0.4808262,0.7287527,0.6075432,-0.2946654,0.47730827,-0.81650245,-0.07441062,-0.29923266,0.6235779,0.38856065,-0.67023903,0.8679123,0.19915937,-0.5616521,-0.2060642,-0.16547832,0.37554538,0.21708938,0.1674338,-0.39347672,-0.49501082,0.44521385,0.2526353,0.5069056,0.14427063,-0.26111913,-0.26505333,0.703359,-0.43790066,-0.78820264,-0.64473945,0.7132986,-0.08598409,0.46581382,-0.51006913,-0.068378225,-0.023541741,-0.26206592,-0.7816086,0.2718384,-0.3522064,-0.2842195,0.49841005
1,0.02299207,-0.1584795,0.09152322,0.0044974163,-0.068445474,0.069885924,-0.04801389,0.040757984,-0.050249614,-0.13821779,0.016822387,0.006748125,-0.08344752,-0.049492046,0.02693224,0.022355571,-0.15389961,-0.017052233,0.053285427,-0.07427804,-0.06450344,0.07138966,0.18386635,0.084206566,-0.03385594,0.08631453,0.08581869,-0.2080174,0.003488455,0.14287753,0.034348432,-0.03139925,-0.11104141,-0.14117281,0.11142468,0.062156286,0.017405525,-0.09046217,0.023451693,-0.14094964,0.007896412,0.095100984,0.04910638,-0.01602853,0.114606865,-0.062073328,0.14228195,-0.012411714,0.08929001,-0.04379589,-0.12700233,0.044285294,-0.14802036,-0.015264368,-0.06702835,-0.017603358,-0.10084105,-0.010758618,0.16515143,-0.091562994,-0.019189976,-0.0056994334,-0.11676255,0.048219327,-0.05446539,0.04018129,-0.14365011,-0.040726863,0.015725292,0.05985891,-0.033731826,0.1127498,-0.075527534,0.1620292,0.13859825,0.13842727,-0.15328678,0.101634175,0.04084605,-0.029016726,0.034771547,0.05262291,0.13971561,0.06551568,0.09400551,-0.04449618,-0.1162865,-0.12821734,-0.19243726,-0.07881719,-0.01577058,-0.026163086,0.08593796,-0.113679826,-0.14905901,0.003382381,-0.009788392,-0.06430989,0.08136593,0.12147373,0.106083706,0.031111471,-0.05224387,-0.17676216,-0.10852216,-0.0026528686,0.008068804,-0.13442393,0.02195014,-0.08845818,0.16138959,0.13311358,-0.12235124,0.10188337,0.0008098185,0.094395876,-0.13223423,-0.080698356,-0.13361862,0.07300783,0.055024516,-0.075859845,-0.018291794,0.09091902,-0.154812,0.11341472,0.16024156,-0.07377064
1,-0.32609975,0.14376546,0.44810367,-0.3259039,-0.3655814,-0.046204034,-0.49230343,-0.6233272,0.23175977,0.3861169,-0.14526305,0.050691634,-0.13729118,-0.13338026,-0.60404,-0.3879367,0.08253792,0.109543934,-0.065091215,0.04131332,0.33298063,-0.25685498,-0.14485222,-0.31791562,-0.5992173,-0.044759803,-0.040347196,0.39322102,0.3045361,0.14563945,0.32110783,0.025980175,0.24720857,0.18302721,0.01970075,-0.46284807,-0.22778991,-0.1631596,0.1676712,0.22307914,0.40355256,-0.31823486,-0.07172916,-0.43616885,-0.2119193,0.30701688,-0.06800466,0.23974195,0.2013748,0.21245368,0.20902643,0.43677425,0.07496811,0.064842656,-0.4697985,0.21222837,0.1317091,-0.6769552,-0.076582536,0.24124035,0.07277421,0.16266115,0.15946066,0.21145588,0.40665412,-0.29838622,0.07753156,0.039570063,0.2733861,0.5526532,0.14588921,-0.6316525,-0.0021801475,-0.08784312,-0.44483507,-0.6401631,-0.14927146,-0.26026666,-0.37353194,0.04410594,0.42185277,0.092160635,-0.08639656,-0.17974785,-0.75085205,0.25888693,0.37801275,0.30567336,-0.23703486,0.24367124,-0.47625595,-0.05563821,-0.14087126,0.313623,0.16636856,-0.3885222,0.49581793,0.09229975,-0.29690096,-0.07278702,-0.05921054,0.23394017,0.10539688,0.031345837,-0.26989186,-0.28494987,0.25736254,0.091755435,0.30463523,0.046088003,-0.08403106,-0.106981404,0.3613183,-0.21451564,-0.45552975,-0.33834273,0.36025253,-0.07993037,0.2184346,-0.267937,-0.020572316,-0.039958656,-0.16061695,-0.41180274,0.09617154,-0.1583161,-0.09874816,0.25995454
1,-0.08892517,-0.045846112,0.17833522,-0.081147425,-0.1495148,0.022393925,-0.17292476,-0.14804484,0.0246857,0.021113502,-0.05106209,0.02822224,-0.08461115,-0.07507837,-0.1387856,-0.0811597,-0.073829204,0.011052817,-0.014689095,-0.035109922,0.050328564,-0.015129738,0.06694344,-0.010249898,-0.2002719,0.021858506,0.046905007,-0.017353341,0.08176422,0.14269419,0.10942769,0.0027020127,-0.004213497,-0.028251065,0.08607976,-0.11297436,-0.06400195,-0.08046184,0.07351315,-0.0214758,0.1310436,-0.025745284,0.007580486,-0.13450405,0.016163345,0.0649911,0.061524846,0.04516801,0.1191787,0.039146915,-0.010845616,0.15525372,-0.077390105,-0.0061285235,-0.17079006,0.0534158,-0.0015406162,-0.18949266,0.09175008,0.013728283,-0.016164228,0.048572727,-0.030769434,0.07529107,0.0745132,-0.045144297,-0.0690694,0.00074975006,0.10937859,0.18621206,0.015404815,-0.10670698,-0.033487987,0.077122055,-0.035820585,-0.097816095,-0.14353341,-0.023736868,-0.06261054,-0.0086702155,0.14892289,0.043833002,0.06451558,0.0044390447,-0.14961334,0.03196752,0.033353105,0.015009152,-0.15303126,0.01035618,-0.13748562,-0.03319665,0.0072456934,0.009020805,-0.053825833,-0.110189706,0.12401629,-0.008347712,-0.04489074,0.057022262,0.024651838,0.098161116,-0.0065724067,-0.09143876,-0.14697832,-0.07469548,0.07666278,-0.060131483,0.108574,-0.05272768,0.08310862,0.03323307,0.041656293,-0.003148662,-0.1308269,-0.041955456,0.022350457,-0.062824085,-0.008715361,-0.03600669,0.019808918,-0.0512778,-0.072936766,-0.041713387,-0.06701581,0.02740898,0.084973246,0.026525624
0,-0.12422027,-0.011242438,0.20723827,-0.10915653,-0.16975737,0.009635901,-0.21635455,-0.21076988,0.05362961,0.06959969,-0.06496882,0.0352325,-0.089606166,-0.08079523,-0.19533467,-0.12126216,-0.049405865,0.02775288,-0.026505312,-0.026250988,0.08787945,-0.04307162,0.029363774,-0.049111366,-0.24867067,0.0068990737,0.0345283,0.049990628,0.10258044,0.14244725,0.13458128,0.010084737,0.031462416,0.0061020777,0.07014154,-0.16914712,-0.09016816,-0.07745594,0.09074356,0.014498316,0.1701831,-0.065910056,-0.0039925016,-0.17734787,-0.018321808,0.09980317,0.045800563,0.07193751,0.1304293,0.06074082,0.024571575,0.19053698,-0.048935544,-0.0008858703,-0.21158804,0.07881148,0.027166415,-0.24768376,0.066289425,0.040875517,-0.013081379,0.072606325,0.0020123366,0.08654992,0.1196211,-0.068776585,-0.047228955,0.012652876,0.13498312,0.22609231,0.040181093,-0.17503446,-0.020645417,0.044971883,-0.09107946,-0.17694783,-0.14038926,-0.054382253,-0.100432515,0.0004411796,0.18457831,0.04865215,0.03659606,-0.018222753,-0.228346,0.058150075,0.0779995,0.05648469,-0.15466696,0.035027944,-0.17755382,-0.034212306,-0.019077484,0.045741156,-0.020707048,-0.14063144,0.17273924,0.006430695,-0.08093442,0.03827737,0.00032513775,0.113481686,0.008603446,-0.07057402,-0.15980722,-0.104442574,0.10175185,-0.03699229,0.136095,-0.038977794,0.05404049,0.004886776,0.09274327,-0.036521032,-0.17585486,-0.07944205,0.070242584,-0.055816393,0.029226653,-0.06689199,0.00610454,-0.04716666,-0.08983507,-0.085924655,-0.038549565,-0.002728559,0.057421427,0.06225554
1,-0.6361725,0.405242,0.78578156,-0.63024205,-0.6361851,-0.14457881,-0.89885134,-1.2309445,0.49099615,0.85760534,-0.27732196,0.088505976,-0.19942215,-0.20682362,-1.1916705,-0.7619953,0.2894842,0.23447177,-0.15162781,0.14095199,0.69099176,-0.55824125,-0.43806055,-0.6936661,-1.1113172,-0.15491238,-0.15078081,0.9341125,0.5818866,0.14400056,0.5851239,0.062631026,0.5702895,0.4648622,-0.067468934,-0.9297395,-0.44467956,-0.24292578,0.2952828,0.5436193,0.76093394,-0.6942191,-0.17676385,-0.818658,-0.5075635,0.6290281,-0.2410278,0.4794827,0.3092643,0.4341435,0.5003392,0.7951794,0.2770031,0.14918795,-0.84458566,0.4198314,0.32360893,-1.2916298,-0.29676512,0.5342008,0.17147464,0.31604254,0.41000628,0.3735959,0.83114666,-0.61089885,0.27318412,0.10318389,0.5005867,1.0125241,0.31708208,-1.3068174,0.055339556,-0.3116655,-0.97434527,-1.3435347,-0.14952406,-0.5696999,-0.7608652,0.1091736,0.7740865,0.14331636,-0.28708968,-0.40512207,-1.5167606,0.536986,0.81839806,0.68424535,-0.312224,0.53601426,-0.90261066,-0.079409294,-0.3404692,0.7037676,0.44594032,-0.74204564,0.9634805,0.22602578,-0.6290064,-0.24106058,-0.19232196,0.4113182,0.24657862,0.20107424,-0.42477638,-0.54954803,0.4932564,0.29491484,0.55935276,0.16971976,-0.30778408,-0.30469415,0.7908622,-0.49475864,-0.8739362,-0.72232324,0.80386055,-0.087187424,0.52870363,-0.5719967,-0.080464855,-0.020482697,-0.28663766,-0.87726283,0.31587824,-0.40199664,-0.33256152,0.55951875
1,-0.62495667,0.396157,0.772346,-0.61822623,-0.62527424,-0.14129943,-0.88341,-1.207732,0.48071805,0.8400612,-0.27274972,0.08743789,-0.19690472,-0.20371297,-1.1684529,-0.7471861,0.28177357,0.22983125,-0.14921777,0.13711706,0.6775823,-0.54612887,-0.42790565,-0.6787015,-1.0918081,-0.15176296,-0.14662294,0.9145132,0.570633,0.14397484,0.5748727,0.061834656,0.5578511,0.45487028,-0.064545535,-0.91258967,-0.4365578,-0.23842119,0.29086322,0.5318645,0.74764895,-0.6802187,-0.17287205,-0.8039685,-0.4967075,0.6173377,-0.23465356,0.4700649,0.3051864,0.42580658,0.48989046,0.7817671,0.26967013,0.14535345,-0.8301796,0.4122864,0.3174246,-1.2679013,-0.2886643,0.5231432,0.16721845,0.3107145,0.4009936,0.36662608,0.81497097,-0.5982082,0.2661625,0.10141838,0.49270692,0.99413323,0.31072816,-1.2811533,0.054012086,-0.30376086,-0.954487,-1.3170483,-0.14901578,-0.55829644,-0.74539703,0.106715955,0.7606983,0.14089747,-0.27994317,-0.39608636,-1.4875149,0.52592796,0.8015131,0.670152,-0.30792972,0.5244453,-0.88602734,-0.07835228,-0.33344784,0.6889934,0.43546802,-0.72835755,0.9452942,0.22119173,-0.6166782,-0.23485988,-0.18824762,0.40469798,0.24142428,0.19548559,-0.41851205,-0.53930354,0.4845562,0.2874934,0.54998624,0.16477263,-0.29999232,-0.29805094,0.77552927,-0.4844412,-0.8580365,-0.7078028,0.78755575,-0.08648913,0.51787144,-0.56066597,-0.0786407,-0.020863526,-0.28217,-0.85902786,0.30801126,-0.393245,-0.323725,0.54844826
1,-0.21365695,0.066313,0.30776238,-0.19271882,-0.24849492,-0.022617888,-0.33546034,-0.3919593,0.12572013,0.20820889,-0.105265915,0.045302607,-0.10657906,-0.101427756,-0.36831024,-0.22681879,0.013099566,0.06552391,-0.053914916,0.00397826,0.19349721,-0.13107586,-0.059225246,-0.15813544,-0.3990241,-0.028245486,0.0061432347,0.2069077,0.18580353,0.14096367,0.21199077,0.019690923,0.1232709,0.08930968,0.046963055,-0.3082688,-0.15508571,-0.0995093,0.1267854,0.10637245,0.27751932,-0.1785038,-0.036477655,-0.28943294,-0.1067915,0.19901933,-0.009844936,0.14280926,0.16175371,0.13017546,0.10762922,0.29429013,0.006510593,0.02752718,-0.32026514,0.13767175,0.08791703,-0.4274996,-0.0031092167,0.12533844,0.01827564,0.11352436,0.0748967,0.13291958,0.24575156,-0.16221598,0.01086998,0.029251235,0.20255665,0.36274233,0.08447242,-0.3720692,-0.0038167979,-0.021306057,-0.24985877,-0.385433,-0.14142066,-0.14340599,-0.21213198,0.019889858,0.29068893,0.06318232,-0.024576098,-0.083701596,-0.44919768,0.13754673,0.20900944,0.17039374,-0.17375803,0.12112758,-0.3010247,-0.042415936,-0.07812457,0.16437382,0.05721797,-0.24791537,0.30700207,0.04515367,-0.18183431,-0.015831627,-0.037876412,0.16918343,0.054316495,-0.016967721,-0.20393789,-0.17987368,0.16869257,0.023971215,0.21174076,-0.003976032,-0.015080437,-0.053093627,0.22021553,-0.12175223,-0.29918057,-0.19433007,0.20315602,-0.05867109,0.12183314,-0.16026081,-0.0108589865,-0.04171313,-0.123827785,-0.222848,0.024251051,-0.07474833,-0.014665287,0.14949793
0,-0.052265003,-0.07697266,0.13167657,-0.044473693,-0.11443667,0.031707894,-0.11926511,-0.07242777,-0.006593995,-0.03988187,-0.03319715,0.024228808,-0.07249042,-0.06612907,-0.06114606,-0.03482646,-0.09606445,-0.004686661,-0.0017233714,-0.04857511,0.0042753182,0.021430358,0.104256555,0.036681123,-0.1376106,0.034004547,0.057800498,-0.08280737,0.042279985,0.14073396,0.07280718,0.0004988834,-0.045206662,-0.06274545,0.09893085,-0.055749357,-0.038346153,-0.06846396,0.0602256,-0.060303666,0.086209245,0.023624288,0.019074582,-0.08857872,0.049487982,0.023779934,0.0868253,0.014347818,0.105027124,0.008920137,-0.049377546,0.10736303,-0.09991184,-0.018065862,-0.12490459,0.027144324,-0.026684947,-0.11011625,0.12047384,-0.022478528,-0.029281694,0.031206343,-0.060851164,0.054360915,0.022138778,-0.005064331,-0.092897005,-0.0057740267,0.07951169,0.12943572,-0.00023932382,-0.022635974,-0.038794342,0.10235262,0.031217495,-0.011825116,-0.14199634,0.019679803,-0.013510395,-0.016872756,0.10404121,0.03809732,0.08815678,0.03127236,-0.051151726,-0.0021820888,-0.022703402,-0.031580336,-0.14368543,-0.02583348,-0.0834443,-0.031751327,0.03156742,-0.041427508,-0.0915008,-0.06664197,0.067552455,-0.025381772,-0.0032264031,0.080529846,0.0389186,0.07415169,-0.022293285,-0.11366678,-0.13088667,-0.0458515,0.047925983,-0.08591433,0.07474326,-0.06861222,0.11175171,0.05817029,-0.01418321,0.031444177,-0.07940153,0.008320749,-0.03432034,-0.06068905,-0.047901597,0.0009439122,0.025692355,-0.054397106,-0.060867947,0.019040003,-0.090959564,0.057442136,0.1127051,-0.011308987
0,0.026302714,-0.16197899,0.09574082,0.0008652974,-0.07173173,0.07423939,-0.04845097,0.04403868,-0.050511934,-0.13730006,0.017034296,0.006025061,-0.089836694,-0.050961237,0.02425395,0.021416035,-0.15607873,-0.019516751,0.05553449,-0.07378228,-0.06538066,0.07178603,0.18653017,0.08628289,-0.032183513,0.091495596,0.0860512,-0.2144645,0.010882709,0.14326,0.037936717,-0.033092983,-0.11064227,-0.14519353,0.10927831,0.06692535,0.021031506,-0.09739859,0.020369507,-0.1448006,0.008742366,0.09764314,0.053565085,-0.015300069,0.12088988,-0.06429784,0.14121653,-0.011452485,0.092437804,-0.04346534,-0.12792206,0.048577264,-0.15207916,-0.013690202,-0.06455402,-0.018533587,-0.10645678,-0.012194989,0.16738239,-0.090175875,-0.015542686,-0.009995088,-0.120384365,0.052546542,-0.055408783,0.036471516,-0.14489451,-0.04025746,0.015189938,0.061909806,-0.04065498,0.11479567,-0.08042302,0.16830763,0.13961823,0.14260061,-0.15712805,0.09840545,0.03896092,-0.027034149,0.037061546,0.053482626,0.14597994,0.06909597,0.09093858,-0.042995974,-0.11500633,-0.12962517,-0.19962144,-0.0773394,-0.019718602,-0.024765521,0.091245204,-0.11126037,-0.14932159,0.0019873343,-0.011452751,-0.06561495,0.08502108,0.12224127,0.11299518,0.03155755,-0.055817332,-0.17797041,-0.10722569,0.0017216243,0.005165484,-0.13403338,0.023043446,-0.088371076,0.16440059,0.13735287,-0.12292034,0.10792914,0.0020733923,0.09179419,-0.13514115,-0.083168864,-0.13711052,0.07614856,0.059404206,-0.077281564,-0.014574543,0.086119525,-0.15805702,0.11563023,0.16521306,-0.073582016
1,-0.647214,0.4116879,0.79841924,-0.6431186,-0.6476191,-0.14707105,-0.9125994,-1.2518424,0.50030154,0.87453634,-0.28142816,0.088864334,-0.20158319,-0.21051791,-1.2122232,-0.7766408,0.29562932,0.23759216,-0.15260601,0.14433828,0.7037242,-0.56995773,-0.44536105,-0.70720947,-1.1312656,-0.15642753,-0.15494488,0.9498022,0.5934704,0.1442241,0.595013,0.06361806,0.5821371,0.47346073,-0.0688852,-0.9436501,-0.45135534,-0.24899761,0.29919666,0.55426115,0.7725852,-0.7059861,-0.17983393,-0.8317745,-0.5162411,0.63886327,-0.24616739,0.48680094,0.31340662,0.4422456,0.5091749,0.808655,0.2822904,0.15202269,-0.8580902,0.42651558,0.32632124,-1.3146298,-0.30220112,0.54573846,0.17679563,0.31988665,0.41692972,0.38122985,0.8455806,-0.6235522,0.27943712,0.1041717,0.5071289,1.0298319,0.3213089,-1.3313687,0.05510616,-0.31628513,-0.9915152,-1.3664957,-0.1505118,-0.5816524,-0.7758204,0.1108535,0.7857883,0.14523536,-0.29229203,-0.4137622,-1.5446011,0.5489509,0.8345296,0.6963878,-0.31722626,0.54829013,-0.9197888,-0.08035923,-0.34526435,0.717374,0.45522916,-0.75599086,0.9802462,0.23045667,-0.6393605,-0.24609324,-0.19296646,0.41795525,0.25085378,0.20578447,-0.43121007,-0.5582589,0.50082517,0.30004764,0.5671221,0.17450777,-0.31197083,-0.30945513,0.8031396,-0.50309306,-0.8884195,-0.73648155,0.8180569,-0.09014686,0.5375757,-0.5816408,-0.080534264,-0.019639231,-0.29052922,-0.8948283,0.3222137,-0.4093821,-0.33942127,0.5693231
1,-0.5229439,0.3097383,0.65701854,-0.5173737,-0.5369473,-0.11028984,-0.7454135,-1.0039916,0.3928911,0.6827148,-0.23047884,0.0746786,-0.17288245,-0.18093288,-0.96895576,-0.621368,0.21420473,0.18474491,-0.122448914,0.10491183,0.5574434,-0.44612262,-0.32928237,-0.5504974,-0.923051,-0.11705095,-0.11072894,0.7322886,0.4778214,0.14413449,0.48549917,0.052378908,0.45022425,0.36183912,-0.031794004,-0.7579043,-0.36492324,-0.2107958,0.24858877,0.4262316,0.62887746,-0.5528474,-0.13907158,-0.6760058,-0.39839187,0.51137626,-0.17855892,0.38606578,0.26835048,0.3528397,0.3927306,0.6610518,0.20099047,0.11560686,-0.702904,0.34243163,0.2532479,-1.0612767,-0.21348217,0.42782676,0.1329158,0.2576667,0.3159307,0.31123224,0.67174834,-0.49454236,0.20179169,0.081030376,0.4170497,0.8406883,0.25162837,-1.0565436,0.035051744,-0.22769466,-0.77692217,-1.082445,-0.1482256,-0.4570658,-0.61464924,0.08441556,0.64277065,0.120872445,-0.21251306,-0.32066518,-1.2308149,0.43383706,0.65525347,0.5453719,-0.27749896,0.42904073,-0.74413884,-0.07108861,-0.26649058,0.5586488,0.34066123,-0.6123419,0.78828216,0.17764519,-0.5071766,-0.17851375,-0.14510402,0.34718543,0.1941309,0.14063185,-0.3671616,-0.44961503,0.4046793,0.21900551,0.46357787,0.12288285,-0.22286494,-0.23366171,0.6316821,-0.3914723,-0.718402,-0.5817144,0.6390398,-0.08422774,0.41527435,-0.46060407,-0.058738474,-0.02533143,-0.24137631,-0.7023307,0.23551002,-0.31129023,-0.24512158,0.44783753
1,-0.581611,0.35923973,0.7252252,-0.5767721,-0.58847284,-0.1265611,-0.8269047,-1.1221924,0.44490823,0.77411544,-0.2540865,0.081687875,-0.18827985,-0.1936532,-1.0865577,-0.69606805,0.2526493,0.21214816,-0.1366416,0.12332726,0.62810034,-0.5046091,-0.3854528,-0.62704885,-1.0204679,-0.13517573,-0.13178635,0.8385731,0.5323792,0.1447832,0.5388577,0.056892145,0.5131273,0.4148271,-0.051868908,-0.84657323,-0.40553772,-0.22878493,0.2727981,0.48771816,0.6973284,-0.62717414,-0.15781538,-0.7505413,-0.45450157,0.5711424,-0.21044314,0.43678138,0.290237,0.39403608,0.4498781,0.7316172,0.24194321,0.13343415,-0.7785243,0.38377148,0.28940514,-1.1817973,-0.2570247,0.48296422,0.15294835,0.2889776,0.3657334,0.34453824,0.75574064,-0.55501264,0.23790129,0.0922109,0.46071893,0.930221,0.28763536,-1.1866398,0.045125958,-0.27146086,-0.87952363,-1.2178859,-0.14933679,-0.5159492,-0.69224644,0.097348206,0.7112785,0.13369623,-0.25111493,-0.36440873,-1.3810335,0.48791224,0.74045426,0.61730856,-0.29830477,0.4840554,-0.8273885,-0.0749073,-0.3051962,0.6337995,0.39731216,-0.67873853,0.88079864,0.20259103,-0.57019883,-0.21043158,-0.16968238,0.37973186,0.22037773,0.17125916,-0.39678952,-0.5024716,0.4513816,0.25832158,0.5141419,0.14754686,-0.26769155,-0.27050033,0.7149411,-0.4446082,-0.799073,-0.6542512,0.72456104,-0.08619877,0.4739449,-0.5170056,-0.06974973,-0.023736425,-0.26465008,-0.79418325,0.2766607,-0.358707,-0.29024073,0.5066274
1,-0.64911145,0.41214314,0.8004327,-0.6455649,-0.64953876,-0.1468554,-0.9149007,-1.255033,0.50200135,0.8771439,-0.28233778,0.08869075,-0.20196423,-0.21121833,-1.2159839,-0.7797946,0.29620498,0.237941,-0.15216205,0.14507511,0.7059115,-0.5720143,-0.44640246,-0.7097442,-1.1347299,-0.15598771,-0.15567593,0.95193714,0.5959658,0.1445382,0.59667015,0.06380594,0.5848144,0.4747349,-0.06885091,-0.9455138,-0.4522656,-0.25100234,0.2997337,0.5558748,0.77431303,-0.7075828,-0.18007548,-0.83385336,-0.51710314,0.6401995,-0.24656856,0.48801783,0.3140443,0.44354647,0.51062727,0.8111488,0.2830893,0.15265922,-0.8604691,0.4275146,0.32608354,-1.3185332,-0.30317372,0.5472356,0.17735544,0.320645,0.41752937,0.38281593,0.84800375,-0.62623566,0.2801367,0.10374903,0.50761795,1.0327561,0.3221492,-1.3356214,0.054422896,-0.31631765,-0.99413425,-1.3701192,-0.15084186,-0.5840551,-0.77863157,0.11131159,0.787362,0.14564112,-0.29301944,-0.41527167,-1.5491945,0.5511014,0.83741623,0.69844407,-0.31877786,0.55072546,-0.9228577,-0.08050816,-0.34566358,0.71933573,0.4570349,-0.75846136,0.9830209,0.2308086,-0.6411572,-0.24726894,-0.19245565,0.41861627,0.25129855,0.20623955,-0.43210977,-0.55930156,0.5015956,0.3005715,0.568373,0.17566761,-0.3121102,-0.31021017,0.8039596,-0.50433487,-0.8907956,-0.73921597,0.82030267,-0.090728536,0.53802854,-0.5827391,-0.08039896,-0.01964707,-0.29110843,-0.8981012,0.32302955,-0.41030046,-0.34035537,0.5709452
1,-0.5601236,0.34436738,0.69843906,-0.55085355,-0.5652896,-0.12268284,-0.79706216,-1.0790101,0.4251493,0.7401905,-0.24655712,0.081010036,-0.18238421,-0.18760544,-1.0419183,-0.6653805,0.23946083,0.20379663,-0.13449088,0.116172574,0.60099006,-0.48040143,-0.3701963,-0.59668964,-0.98190963,-0.1326296,-0.122732006,0.8036211,0.50931543,0.14369455,0.51703274,0.055542268,0.4893103,0.39757878,-0.04747764,-0.817498,-0.39257035,-0.21583697,0.2652702,0.46500927,0.67307645,-0.60124916,-0.15158021,-0.7230525,-0.43553978,0.55171055,-0.19932607,0.41839463,0.2821014,0.37917426,0.43002677,0.7045708,0.22861454,0.12620313,-0.7494526,0.3691101,0.2822325,-1.1352818,-0.24384642,0.46019578,0.14308807,0.28021932,0.34963372,0.32898974,0.7249909,-0.52887195,0.22637846,0.09030092,0.44704226,0.8938907,0.27547053,-1.1376526,0.045668107,-0.2598381,-0.84326714,-1.1704698,-0.14739242,-0.49277273,-0.6609731,0.09339752,0.68635154,0.12851599,-0.2399903,-0.3471141,-1.3237222,0.46439928,0.70753294,0.5914543,-0.28611052,0.46035087,-0.7928176,-0.07286382,-0.2938092,0.6057169,0.37645632,-0.65219104,0.8444085,0.19379303,-0.5480196,-0.20049617,-0.16548473,0.36719227,0.2123584,0.16214758,-0.3843831,-0.48296878,0.4347233,0.24594434,0.4966674,0.13829911,-0.25552428,-0.25995004,0.68821096,-0.42758045,-0.7698887,-0.62610847,0.69564646,-0.081365675,0.4555416,-0.49786484,-0.06854695,-0.02362562,-0.25709754,-0.75793374,0.26402327,-0.34330145,-0.27535793,0.48594826
1,-0.05406224,-0.08233213,0.1528934,-0.057273276,-0.1264954,0.037980966,-0.13641572,-0.09124564,0.0029070936,-0.026204893,-0.0293525,0.020633845,-0.085722744,-0.067938976,-0.091095924,-0.054188136,-0.09888916,0.0020155497,0.009791426,-0.04639437,0.016477633,0.009717032,0.105298,0.014651969,-0.15025783,0.043955877,0.057380207,-0.07652013,0.060082845,0.14244154,0.087980345,-0.0078069493,-0.036530215,-0.064220354,0.092670575,-0.0561988,-0.038039584,-0.08841,0.056982808,-0.058422796,0.09307501,0.010485392,0.021347167,-0.100314565,0.04617146,0.02441336,0.08594766,0.030004796,0.108536854,0.014512633,-0.047805402,0.12218326,-0.099618316,-0.007834788,-0.13886438,0.030911807,-0.03451021,-0.13689667,0.11377868,-0.018727496,-0.01448831,0.031040791,-0.058157615,0.069648966,0.035733867,-0.022683188,-0.09217911,-0.013648277,0.07895646,0.14966236,5.6590885e-05,-0.04002337,-0.048927125,0.104718335,0.016533976,-0.02553744,-0.14735809,0.01596494,-0.033516172,-0.013367715,0.11409573,0.04925572,0.08912538,0.020653348,-0.07890114,0.011622466,-0.0117899105,-0.028347524,-0.17117572,-0.014573045,-0.1025472,-0.032292254,0.031366434,-0.026771106,-0.08217911,-0.07723417,0.08593305,-0.027042657,-0.004650999,0.075010605,0.053970873,0.07717484,-0.020409446,-0.11900519,-0.13487434,-0.0544347,0.055974543,-0.08179514,0.08276867,-0.063529566,0.106888734,0.06622689,-0.0107775945,0.031002142,-0.09201531,0.00040028244,-0.02517926,-0.06955445,-0.049978897,-0.0037667425,0.030857727,-0.058858424,-0.052788384,-0.0036315545,-0.09382538,0.05370924,0.10629226,-0.0032815076
1,-0.29445678,0.11983678,0.40697727,-0.28982848,-0.33298627,-0.038244464,-0.4477493,-0.5571811,0.20268932,0.3350202,-0.13337128,0.047502954,-0.12763284,-0.1242818,-0.5370898,-0.34497976,0.061996713,0.09615874,-0.06046066,0.031200096,0.29367852,-0.22160175,-0.117785305,-0.27489543,-0.54163915,-0.037618034,-0.028466841,0.33894733,0.2709539,0.14560333,0.2895427,0.02509442,0.21190572,0.15613517,0.028125525,-0.41648674,-0.20595399,-0.14796975,0.15565994,0.19104484,0.3655202,-0.2786106,-0.061947137,-0.3946253,-0.18296556,0.2753396,-0.05166594,0.21268708,0.18851022,0.18918863,0.17934522,0.39622688,0.055285253,0.05389105,-0.42798445,0.19026665,0.117648266,-0.60727,-0.055051908,0.20922649,0.0582157,0.14876205,0.13449529,0.18910003,0.35998476,-0.26147822,0.057986617,0.034816854,0.25068834,0.49918962,0.12890823,-0.5574974,-0.0034964937,-0.06767313,-0.38880363,-0.5663749,-0.14710917,-0.22726549,-0.32755706,0.03766471,0.383339,0.08461993,-0.06821352,-0.154223,-0.66544455,0.22499673,0.32948098,0.2671997,-0.22056466,0.20915931,-0.42562947,-0.053269736,-0.123190984,0.27029338,0.13678165,-0.34942335,0.44323823,0.07927885,-0.26352814,-0.056684323,-0.051477224,0.21478401,0.09218556,0.016364478,-0.2513662,-0.25622156,0.23138781,0.07144132,0.27760035,0.032065555,-0.06399228,-0.090551205,0.31859398,-0.18731704,-0.41062307,-0.2961938,0.31501523,-0.07530213,0.18815196,-0.23725241,-0.017195124,-0.040740475,-0.14844279,-0.35779065,0.07532668,-0.13428155,-0.075707674,0.22873238
1,-0.37640083,0.1929042,0.49241623,-0.36622155,-0.4021498,-0.06740998,-0.55175537,-0.7142607,0.26780438,0.45775846,-0.16946755,0.059609883,-0.14203416,-0.14328247,-0.6864649,-0.43714935,0.11879307,0.12776357,-0.087547496,0.057299815,0.38530445,-0.29825667,-0.19905218,-0.3678093,-0.6750978,-0.07388048,-0.057765275,0.48406476,0.33939373,0.1425018,0.35626957,0.036722593,0.295491,0.23146601,0.005539499,-0.5426774,-0.2647514,-0.16092612,0.19043899,0.2759706,0.46069288,-0.37592006,-0.09064799,-0.49352294,-0.26168755,0.3610049,-0.09802037,0.27264217,0.21612918,0.2460844,0.2570654,0.4868775,0.1097407,0.07402764,-0.52239925,0.24485551,0.17254755,-0.76268727,-0.11365001,0.28502408,0.07964354,0.18948779,0.20177656,0.22820964,0.47035837,-0.33942905,0.11079182,0.055671543,0.31438026,0.61650443,0.17542243,-0.73276734,0.015560072,-0.13000225,-0.5275775,-0.7516205,-0.14439714,-0.30703524,-0.42623675,0.054131247,0.47544193,0.09581494,-0.12209734,-0.21041271,-0.8630741,0.29493845,0.4431417,0.36650538,-0.23256555,0.28425345,-0.5352034,-0.05885412,-0.17853218,0.3717871,0.20770033,-0.43987656,0.5633051,0.1143199,-0.3514615,-0.10018134,-0.093601465,0.26173693,0.12764603,0.06355741,-0.2908968,-0.32488972,0.2945404,0.12761949,0.34453928,0.062736146,-0.12466562,-0.14647597,0.43466866,-0.26187524,-0.5204024,-0.3963324,0.43167344,-0.07264431,0.27449012,-0.31862056,-0.036098886,-0.033879273,-0.18459307,-0.4763067,0.13532516,-0.19896653,-0.13651133,0.3063404
0,-0.020278119,-0.11125143,0.11155964,-0.02257943,-0.09551215,0.047006752,-0.0866463,-0.019829372,-0.029105917,-0.080914974,-0.014965583,0.015115751,-0.0741317,-0.059196558,-0.0198012,-0.0063216276,-0.121053755,-0.014040127,0.018004805,-0.058834113,-0.02772724,0.046269804,0.13619742,0.06281393,-0.09284675,0.051714636,0.06944331,-0.13869205,0.026330687,0.14093852,0.05301269,-0.010178432,-0.075117074,-0.09635089,0.10772106,-0.0048127584,-0.0118834935,-0.07576788,0.04442113,-0.094187066,0.052048936,0.055701137,0.031918988,-0.052882202,0.07761041,-0.011746736,0.10727019,-0.0028149304,0.095826596,-0.013181791,-0.08329668,0.07859004,-0.122851476,-0.018714443,-0.09452018,0.0063410252,-0.055218555,-0.06510595,0.14038236,-0.050930895,-0.026184902,0.0141332,-0.086315624,0.050494086,-0.012425076,0.014501184,-0.114247106,-0.019815082,0.052976016,0.09847996,-0.017751805,0.03683617,-0.054021906,0.12775362,0.07913582,0.055729166,-0.14567688,0.052465357,0.0129935965,-0.02252635,0.072707035,0.04265294,0.11057365,0.046720054,0.012912501,-0.022974191,-0.06530703,-0.074426554,-0.15623543,-0.049607605,-0.052771498,-0.02995652,0.053012673,-0.07467024,-0.11890319,-0.03791475,0.030125093,-0.04168368,0.03319017,0.09724564,0.06427746,0.05854923,-0.037748635,-0.1398537,-0.119856104,-0.024955638,0.029886799,-0.10484072,0.05248019,-0.07945202,0.13408342,0.08911606,-0.059453793,0.06237621,-0.04485577,0.044757724,-0.07435447,-0.0661623,-0.08413762,0.029888567,0.038807105,-0.062721334,-0.04420154,0.053001925,-0.116228916,0.082545385,0.13516335,-0.040474065
1,-0.4435246,0.25207236,0.5647784,-0.42897278,-0.45658338,-0.08952549,-0.641406,-0.84679,0.32451317,0.56036365,-0.19963083,0.06983917,-0.1563623,-0.15804836,-0.8130971,-0.51715016,0.1633317,0.15716542,-0.10888682,0.07835942,0.46298248,-0.3612903,-0.26695338,-0.44823956,-0.7834133,-0.099127725,-0.07990379,0.6046756,0.39800632,0.14320034,0.41258344,0.044483587,0.36540952,0.29477447,-0.017107688,-0.64656484,-0.31328452,-0.17386377,0.21935779,0.3450205,0.5389971,-0.45934087,-0.113338545,-0.5768505,-0.3258958,0.43367484,-0.13577613,0.32537475,0.24014905,0.29492992,0.32277057,0.56538737,0.15508333,0.091260806,-0.60364974,0.29151416,0.21993467,-0.8956873,-0.16337538,0.34677204,0.0989378,0.22571126,0.25773424,0.2605185,0.5626821,-0.40318978,0.15486819,0.07098354,0.36535576,0.7125404,0.21250793,-0.87866664,0.031400885,-0.18146354,-0.6430849,-0.9062511,-0.14397585,-0.3745518,-0.50794816,0.069301374,0.55224687,0.10596212,-0.16832955,-0.2583543,-1.0283133,0.35281837,0.53784347,0.4497908,-0.24567601,0.34424436,-0.62432605,-0.06285447,-0.22294872,0.4556783,0.27030194,-0.51440626,0.66222966,0.1444041,-0.4246274,-0.1385184,-0.1255761,0.2995902,0.16000688,0.102789454,-0.32237136,-0.38129967,0.34539598,0.17188288,0.40111113,0.09013692,-0.17633997,-0.19189633,0.53181833,-0.325287,-0.6109357,-0.47876522,0.53038365,-0.071458414,0.34390438,-0.38489193,-0.050994653,-0.028592654,-0.21222053,-0.5752598,0.18508938,-0.25361603,-0.18813989,0.37343708
0,-0.17973526,0.034656797,0.2687535,-0.16542795,-0.22279975,-0.008575464,-0.29022908,-0.32163918,0.099427804,0.15508439,-0.08978677,0.039883923,-0.099520594,-0.09548738,-0.30397674,-0.18962656,-0.011136524,0.04776543,-0.041440655,-0.00578212,0.15279339,-0.09992532,-0.020802587,-0.11931978,-0.3441188,-0.01500592,0.012537599,0.14567524,0.15587056,0.14126185,0.18216579,0.017742626,0.08726579,0.05484241,0.05860056,-0.2504645,-0.12934035,-0.097275235,0.111925505,0.07330755,0.23400542,-0.13473718,-0.023597201,-0.24746376,-0.07436238,0.1583786,0.010554731,0.11568154,0.14688498,0.10156857,0.07470672,0.2539004,-0.014632799,0.016144589,-0.27712727,0.114748105,0.060808256,-0.36101654,0.024618775,0.09667665,0.0078329295,0.096598804,0.04448779,0.11567137,0.19654289,-0.13134396,-0.011694528,0.021827297,0.17555249,0.31446385,0.06980152,-0.2979181,-0.01228546,0.006080251,-0.1885641,-0.30433434,-0.1405381,-0.108640686,-0.17158948,0.012539898,0.24925731,0.05918457,0.0031865537,-0.060840745,-0.36766,0.10958396,0.15715021,0.12599307,-0.16990423,0.0914552,-0.25614575,-0.040846303,-0.056602854,0.118871935,0.028131127,-0.20917967,0.2592631,0.02995698,-0.14151877,0.006767206,-0.02247828,0.14785771,0.035564903,-0.04102654,-0.18844259,-0.15430856,0.1451015,0.0014905743,0.18257861,-0.018503167,0.011965707,-0.027884683,0.1683712,-0.086330146,-0.25221002,-0.14815113,0.15144709,-0.05898809,0.08307048,-0.12664454,-0.0027223192,-0.04377774,-0.109408714,-0.17094636,0.0003952384,-0.04563763,0.01317798,0.11483068
1,-0.64911145,0.4121431,0.8004327,-0.64556485,-0.64953876,-0.14685544,-0.9149006,-1.255033,0.5020013,0.877144,-0.28233778,0.088690706,-0.20196429,-0.21121833,-1.2159837,-0.7797946,0.29620504,0.23794109,-0.15216202,0.14507511,0.70591146,-0.5720142,-0.44640246,-0.7097442,-1.1347297,-0.15598774,-0.15567593,0.95193714,0.5959658,0.14453813,0.59667015,0.06380592,0.5848143,0.47473484,-0.06885088,-0.9455137,-0.4522656,-0.25100225,0.29973367,0.5558748,0.7743129,-0.7075828,-0.18007557,-0.83385336,-0.51710325,0.6401995,-0.24656856,0.4880178,0.3140442,0.44354644,0.51062727,0.8111489,0.28308928,0.1526592,-0.86046904,0.42751455,0.32608342,-1.3185332,-0.3031738,0.5472356,0.17735544,0.32064492,0.41752952,0.38281587,0.8480037,-0.62623584,0.2801367,0.103749,0.50761795,1.0327561,0.3221492,-1.3356211,0.054422986,-0.31631762,-0.99413425,-1.3701192,-0.15084189,-0.5840552,-0.7786317,0.11131153,0.7873619,0.14564115,-0.29301944,-0.41527173,-1.5491943,0.5511014,0.8374163,0.69844407,-0.3187778,0.55072546,-0.92285764,-0.080508314,-0.3456637,0.71933573,0.45703477,-0.7584615,0.98302096,0.23080863,-0.6411572,-0.24726894,-0.19245571,0.4186162,0.25129855,0.20623958,-0.4321098,-0.55930156,0.5015956,0.3005715,0.5683731,0.17566764,-0.31211007,-0.31021023,0.8039596,-0.5043349,-0.8907956,-0.7392159,0.82030267,-0.0907285,0.5380286,-0.5827392,-0.0803989,-0.019647159,-0.29110843,-0.8981012,0.32302958,-0.41030055,-0.34035543,0.57094514
1,-0.08936186,-0.051353768,0.1904295,-0.089319445,-0.15620005,0.026237722,-0.18270047,-0.16177692,0.03220995,0.026043212,-0.044094834,0.023802621,-0.091342926,-0.07476437,-0.15679456,-0.09697598,-0.07401015,0.018251482,-0.0015141368,-0.035170797,0.05829997,-0.02499231,0.07305254,-0.029966898,-0.206473,0.03282272,0.046358515,-0.015061524,0.08991021,0.14395833,0.11830421,-0.0034151375,-0.00035195053,-0.030641591,0.08288598,-0.11110448,-0.06390588,-0.095734306,0.07107338,-0.020881113,0.13386041,-0.03388341,0.007780223,-0.14436632,0.010726062,0.06250404,0.06353192,0.058851052,0.12087148,0.041154608,-0.014240991,0.16154942,-0.07685206,0.0027665421,-0.18390335,0.05476876,-0.0101280175,-0.2059212,0.08721433,0.01454898,-0.0035624653,0.04755268,-0.028138258,0.0859859,0.08425674,-0.0571523,-0.07054369,-0.007119598,0.10384466,0.20092535,0.018791582,-0.11507979,-0.042018842,0.078217626,-0.043873724,-0.10654263,-0.14785603,-0.019601058,-0.07614553,-0.0054312004,0.15452781,0.053691864,0.06340052,-0.0053172596,-0.1640583,0.042674042,0.039980613,0.016308354,-0.17724133,0.017366938,-0.1487252,-0.035950564,0.0077386126,0.01748883,-0.04942105,-0.116807655,0.1392301,-0.0106162,-0.045412406,0.054645315,0.036997892,0.098115385,-0.0024391003,-0.097166024,-0.15128057,-0.08458191,0.08016066,-0.059362885,0.11141315,-0.048793606,0.08015224,0.041133754,0.03927044,-0.003218362,-0.13876325,-0.044227995,0.024569683,-0.07087886,-0.013719898,-0.03812061,0.023038551,-0.056345344,-0.06632069,-0.05670753,-0.069927566,0.025115829,0.0774671,0.031525232
1,-0.581611,0.35923973,0.72522527,-0.57677203,-0.5884728,-0.1265611,-0.8269047,-1.1221923,0.44490814,0.7741153,-0.25408652,0.08168786,-0.18827985,-0.19365308,-1.0865577,-0.69606805,0.25264943,0.21214819,-0.13664156,0.12332723,0.6281003,-0.5046091,-0.3854529,-0.62704897,-1.0204679,-0.1351758,-0.1317863,0.83857304,0.53237915,0.14478317,0.5388577,0.05689212,0.5131273,0.41482705,-0.051868893,-0.8465733,-0.40553778,-0.22878495,0.27279812,0.48771816,0.6973283,-0.62717414,-0.15781543,-0.75054127,-0.45450163,0.5711423,-0.21044317,0.43678135,0.29023704,0.3940361,0.449878,0.7316172,0.24194315,0.13343415,-0.7785243,0.38377148,0.28940517,-1.1817973,-0.25702477,0.48296416,0.15294847,0.2889776,0.36573336,0.3445383,0.7557407,-0.5550127,0.23790134,0.092210874,0.46071896,0.930221,0.28763536,-1.1866398,0.045125987,-0.27146086,-0.87952363,-1.2178859,-0.14933677,-0.51594913,-0.6922464,0.09734819,0.71127844,0.13369627,-0.25111488,-0.36440867,-1.3810333,0.48791218,0.74045426,0.61730856,-0.29830477,0.48405546,-0.8273884,-0.07490735,-0.3051962,0.6337995,0.39731216,-0.6787385,0.8807986,0.20259105,-0.57019883,-0.21043158,-0.16968244,0.37973186,0.22037773,0.17125916,-0.39678955,-0.50247175,0.45138165,0.25832152,0.5141419,0.1475468,-0.26769155,-0.27050033,0.7149411,-0.44460818,-0.799073,-0.65425116,0.724561,-0.08619873,0.4739449,-0.51700556,-0.0697497,-0.023736484,-0.2646501,-0.79418325,0.27666077,-0.358707,-0.2902408,0.5066274
1,-0.647214,0.41168794,0.79841924,-0.6431186,-0.6476191,-0.14707103,-0.9125993,-1.2518423,0.5003015,0.8745363,-0.2814281,0.08886435,-0.2015832,-0.21051809,-1.2122232,-0.7766408,0.29562938,0.23759222,-0.15260592,0.14433834,0.7037241,-0.56995773,-0.44536093,-0.7072096,-1.1312655,-0.15642753,-0.15494491,0.9498021,0.59347034,0.14422408,0.595013,0.06361811,0.5821371,0.4734608,-0.068885185,-0.94365025,-0.45135534,-0.2489977,0.29919663,0.5542611,0.77258515,-0.70598614,-0.179834,-0.83177453,-0.51624113,0.63886315,-0.2461673,0.48680094,0.31340656,0.44224566,0.5091748,0.8086549,0.28229037,0.15202275,-0.85809016,0.4265155,0.32632113,-1.3146298,-0.30220106,0.54573834,0.17679563,0.31988674,0.41692978,0.38122988,0.8455806,-0.62355226,0.279437,0.10417169,0.50712883,1.0298319,0.32130897,-1.3313687,0.05510613,-0.31628516,-0.9915152,-1.3664957,-0.15051186,-0.58165234,-0.7758204,0.11085359,0.78578824,0.14523539,-0.29229203,-0.41376227,-1.5446011,0.54895085,0.8345297,0.6963878,-0.31722617,0.54829013,-0.9197887,-0.080359265,-0.34526432,0.717374,0.4552291,-0.75599074,0.98024607,0.23045667,-0.6393605,-0.24609321,-0.19296649,0.41795516,0.25085372,0.20578444,-0.43121007,-0.55825895,0.5008251,0.30004764,0.5671221,0.1745078,-0.31197083,-0.30945513,0.8031395,-0.5030931,-0.8884195,-0.73648155,0.8180568,-0.09014675,0.53757554,-0.5816407,-0.08053434,-0.019639201,-0.29052928,-0.8948282,0.3222137,-0.40938208,-0.33942136,0.5693231
1,0.023276169,-0.15795118,0.09122987,0.00464708,-0.06958967,0.06983286,-0.047784325,0.04174673,-0.051360823,-0.13688566,0.01690637,0.004815202,-0.08451414,-0.048631154,0.025978725,0.024873562,-0.15414537,-0.018121239,0.05244819,-0.07541992,-0.06588006,0.07332913,0.18364052,0.086487405,-0.034643713,0.08566107,0.08616889,-0.2096178,0.0058437213,0.14161354,0.03400626,-0.02966097,-0.11302679,-0.14161886,0.11123636,0.06167048,0.018303536,-0.08961635,0.022089198,-0.14140075,0.007245008,0.09527089,0.049155213,-0.014854997,0.11414674,-0.061561443,0.14083752,-0.014560994,0.0906256,-0.04322853,-0.12940824,0.04567694,-0.150495,-0.01458025,-0.0647776,-0.01747706,-0.100586794,-0.012340026,0.16450197,-0.08936927,-0.017309166,-0.008113295,-0.11602733,0.04837955,-0.05556562,0.040039472,-0.14400676,-0.03993599,0.015342236,0.06117484,-0.034756303,0.113264754,-0.075779386,0.16268376,0.13916388,0.1387708,-0.153516,0.09963368,0.041039433,-0.028578334,0.036280308,0.052445106,0.14037302,0.065878615,0.09401356,-0.045150813,-0.117712945,-0.1303553,-0.18930706,-0.0807043,-0.016881827,-0.024848145,0.08549856,-0.115046434,-0.1515015,0.0018303096,-0.011166776,-0.06396161,0.082104556,0.12152238,0.10477761,0.032079075,-0.05531731,-0.1782082,-0.10719525,-0.0020505227,0.007787574,-0.1320518,0.022300988,-0.08961138,0.16247919,0.13368721,-0.12106439,0.102801785,-0.0005719811,0.0937938,-0.13157077,-0.079894334,-0.13310665,0.07266764,0.057577085,-0.07681225,-0.019176036,0.09118819,-0.15396158,0.11424788,0.16169769,-0.075592026
1,-0.49250764,0.28883672,0.6217003,-0.4829659,-0.5056794,-0.10197821,-0.70629567,-0.9431984,0.36698145,0.6355784,-0.21909098,0.07304147,-0.16581097,-0.17163363,-0.90948355,-0.5816392,0.19491068,0.17428182,-0.1189222,0.095011614,0.5221664,-0.4135862,-0.3058208,-0.51125896,-0.86886466,-0.109312065,-0.098662324,0.6838308,0.4471806,0.14493665,0.45841673,0.04883898,0.41875592,0.33667636,-0.026084252,-0.7165141,-0.34509227,-0.19579415,0.23762205,0.39572698,0.595599,-0.51746535,-0.1286299,-0.637608,-0.36977553,0.48212564,-0.16284576,0.36268127,0.25849184,0.32994258,0.36801142,0.6242802,0.18409619,0.10576387,-0.6661305,0.32384658,0.24124369,-0.99674016,-0.19352987,0.39746296,0.11837109,0.24610576,0.29400277,0.29178444,0.63023466,-0.4584077,0.18350673,0.07725258,0.39814135,0.7906617,0.23647517,-0.9881449,0.03368595,-0.21062335,-0.7250003,-1.0147427,-0.14719054,-0.4276608,-0.57322204,0.078308605,0.6083772,0.11421766,-0.19637123,-0.2957011,-1.1534466,0.40250516,0.6123033,0.5098547,-0.26374894,0.39632124,-0.69800967,-0.06774832,-0.24957809,0.5192686,0.31443524,-0.57431823,0.73997736,0.16587675,-0.4769204,-0.16270147,-0.13906756,0.32943612,0.18062626,0.1274274,-0.3501592,-0.42266926,0.3813476,0.20035516,0.44010395,0.110604696,-0.20509382,-0.21927729,0.5948907,-0.36614516,-0.6762823,-0.5439534,0.5967826,-0.07894742,0.38900948,-0.43013877,-0.056482363,-0.026632108,-0.23175949,-0.65333474,0.21618429,-0.2893199,-0.22257967,0.4194205
1,-0.34076828,0.15605927,0.46711662,-0.34296203,-0.38220248,-0.04959197,-0.51456654,-0.6548069,0.24532174,0.41126403,-0.1511945,0.051277526,-0.1414419,-0.13660511,-0.63891757,-0.40873817,0.09197962,0.11585651,-0.0679692,0.047747225,0.35329613,-0.27375028,-0.1577752,-0.34054607,-0.62633455,-0.049985684,-0.046674587,0.42064142,0.32054967,0.1446068,0.336592,0.026982635,0.2635472,0.1949334,0.015083335,-0.48467293,-0.23767105,-0.17078081,0.17240444,0.2399188,0.42204562,-0.33882374,-0.07612866,-0.45588964,-0.22703257,0.32096475,-0.07830896,0.25383493,0.2070961,0.22171113,0.22234303,0.45507836,0.08532085,0.071279526,-0.48959813,0.22245482,0.13871199,-0.71010584,-0.08855808,0.25712135,0.07927262,0.16924189,0.17151701,0.22198161,0.42942375,-0.3176929,0.08680703,0.040904082,0.28520247,0.5786534,0.15601255,-0.6664685,-0.0009847763,-0.09775323,-0.47305068,-0.6749995,-0.14996085,-0.27543026,-0.39620945,0.046534844,0.4406442,0.09666646,-0.094830185,-0.19211748,-0.79236466,0.27500457,0.40132204,0.32408768,-0.24521467,0.26084226,-0.50020295,-0.05747219,-0.1519163,0.33493197,0.18015675,-0.40825057,0.5229305,0.09825204,-0.31320643,-0.08091666,-0.06425762,0.24340186,0.11070277,0.038276725,-0.27855146,-0.30066606,0.2713036,0.10352415,0.31842607,0.051941298,-0.096455544,-0.11572558,0.38207826,-0.22677998,-0.4776873,-0.3582215,0.38257506,-0.08222085,0.23303285,-0.284243,-0.022223134,-0.040793516,-0.16615602,-0.43772057,0.10654719,-0.17047608,-0.111579016,0.274453
1,-0.57560045,0.3534412,0.71630806,-0.5691607,-0.58138317,-0.12560034,-0.81665355,-1.1084512,0.43870124,0.76383173,-0.25264302,0.08136647,-0.18548499,-0.19270524,-1.0719045,-0.6867575,0.24796957,0.20823148,-0.13569011,0.121207334,0.6189344,-0.4969857,-0.3808314,-0.61634874,-1.0096967,-0.13431472,-0.12889722,0.82598776,0.5261141,0.14436063,0.53085554,0.056811836,0.506955,0.40977806,-0.049416356,-0.8373138,-0.40205243,-0.22521701,0.27069768,0.4802373,0.6896532,-0.6178551,-0.15600027,-0.7414975,-0.4477515,0.5655708,-0.20635176,0.4292825,0.28754243,0.39047274,0.4428787,0.7235552,0.23651615,0.1306278,-0.76868474,0.37833983,0.28609234,-1.1676922,-0.25202674,0.4758792,0.14976683,0.28617156,0.35934862,0.3401399,0.7455147,-0.54738855,0.2349355,0.091201305,0.45569095,0.9187269,0.28226283,-1.172449,0.044887763,-0.26644638,-0.8677238,-1.2031449,-0.14881516,-0.5098941,-0.6824374,0.09603072,0.7026336,0.13149482,-0.24756166,-0.35951972,-1.3632021,0.4810254,0.7307164,0.60897774,-0.29370517,0.4777776,-0.8168292,-0.0744258,-0.3007259,0.6247384,0.39020205,-0.67194486,0.8682298,0.19976485,-0.5631767,-0.2080484,-0.16668966,0.37597468,0.21822193,0.16856119,-0.39326867,-0.4951006,0.44501507,0.2535783,0.50795716,0.14549744,-0.26150465,-0.26701865,0.70474565,-0.4394598,-0.7905262,-0.64650875,0.7159306,-0.08477332,0.4671377,-0.5112487,-0.06901203,-0.022799231,-0.26280627,-0.7832117,0.27300254,-0.3534801,-0.28514305,0.49985498
1,-0.58761215,0.3580356,0.73537964,-0.58715504,-0.5990452,-0.12729049,-0.83419096,-1.1368942,0.45116055,0.78402895,-0.25563824,0.079767145,-0.18943588,-0.19776139,-1.1016513,-0.70753217,0.25522622,0.21249089,-0.13306552,0.12603188,0.63600045,-0.5146771,-0.38549992,-0.63725454,-1.0356265,-0.1319843,-0.13373126,0.84241027,0.542971,0.144865,0.5459175,0.05592446,0.5208794,0.4182291,-0.0498577,-0.8518984,-0.40912467,-0.23884375,0.2731497,0.49207187,0.7031171,-0.6331986,-0.15972435,-0.75897026,-0.45880777,0.5762636,-0.21302521,0.44082987,0.2923839,0.40132347,0.45097646,0.7408518,0.24104062,0.13749959,-0.78696424,0.38542575,0.28546047,-1.1996424,-0.25924152,0.49019402,0.1608007,0.28776923,0.3666058,0.3525376,0.7641404,-0.5677572,0.24076386,0.08904752,0.4609913,0.94468576,0.28595376,-1.2034771,0.040716764,-0.2699471,-0.89010054,-1.2309641,-0.15161952,-0.5229656,-0.70355517,0.09839625,0.7183018,0.1357158,-0.2523836,-0.37282032,-1.3993236,0.49841404,0.75153965,0.6238034,-0.30617073,0.49566644,-0.8402918,-0.076569244,-0.30475417,0.6439798,0.40107757,-0.6907624,0.8921883,0.20439178,-0.57550484,-0.21451303,-0.16229191,0.38458082,0.22418053,0.1717622,-0.40251887,-0.5074581,0.45463866,0.25953877,0.51727235,0.15154126,-0.2658484,-0.26905006,0.7168457,-0.44855055,-0.8084046,-0.66435355,0.7316887,-0.09210658,0.47539943,-0.52326226,-0.06711894,-0.023499824,-0.26436085,-0.8082168,0.27818778,-0.36120245,-0.29472885,0.5114923
0,0.021930765,-0.15598491,0.09166338,0.0030829273,-0.07106273,0.06918923,-0.04929487,0.04011663,-0.050461527,-0.13474593,0.014888566,0.006486628,-0.083833754,-0.050092317,0.025056906,0.022797432,-0.15269223,-0.018826626,0.05130914,-0.07363398,-0.06410896,0.07212169,0.18205406,0.08562714,-0.03636723,0.08400966,0.08532738,-0.2072945,0.0070175603,0.1420294,0.035426598,-0.028896183,-0.11087366,-0.14028497,0.1114634,0.060541917,0.017728515,-0.09054815,0.02274238,-0.13961315,0.009679411,0.09406899,0.04916107,-0.016489051,0.1140204,-0.059616752,0.13957253,-0.014237992,0.08990468,-0.042453147,-0.12635756,0.04627315,-0.14931354,-0.015249552,-0.06522089,-0.016921055,-0.09914432,-0.012627305,0.16454282,-0.088734925,-0.018954556,-0.00702399,-0.11660054,0.048873257,-0.054478973,0.038028702,-0.14247279,-0.03946405,0.017526884,0.06216991,-0.035137206,0.111007184,-0.075491935,0.16256693,0.13736534,0.13651155,-0.15346873,0.098048076,0.04035398,-0.02885795,0.036825694,0.052277558,0.14022717,0.06557128,0.090385795,-0.04388377,-0.11512634,-0.12610793,-0.18939368,-0.07758794,-0.01803584,-0.026004132,0.0849098,-0.11248145,-0.14936131,0.00057387725,-0.009218836,-0.063533954,0.08014837,0.12005277,0.10473089,0.03334215,-0.05446299,-0.17590871,-0.10767597,-0.0023814142,0.008777006,-0.13160452,0.023630302,-0.089484535,0.16082217,0.13189869,-0.11910433,0.10260835,-0.0013866499,0.09164223,-0.13002089,-0.07963366,-0.13235244,0.071109936,0.055903163,-0.07540646,-0.01910811,0.08992476,-0.15257394,0.11343693,0.16058952,-0.07377103
0,-0.038427945,-0.09100903,0.118491404,-0.032608762,-0.102942646,0.036738854,-0.101757586,-0.04468906,-0.01820502,-0.06036499,-0.026343072,0.02208488,-0.07062073,-0.06342781,-0.03540787,-0.019092679,-0.10630735,-0.011421476,0.004159283,-0.05311831,-0.012230158,0.03501027,0.11625577,0.054097638,-0.11520637,0.039732136,0.06276628,-0.10859576,0.03150937,0.14076206,0.061350908,-0.0027957186,-0.058751542,-0.07629734,0.104098074,-0.03403303,-0.026809238,-0.06682775,0.054707475,-0.0756643,0.070482984,0.040909298,0.024700204,-0.0706899,0.063624136,0.009113615,0.09672929,0.0025599631,0.10031116,-0.0017644037,-0.062860295,0.09206408,-0.11020444,-0.021934325,-0.1087091,0.017290223,-0.037474483,-0.083396964,0.13152164,-0.03674595,-0.032541372,0.024943411,-0.073683195,0.04963639,0.00391829,0.008120514,-0.10156268,-0.009629635,0.06879354,0.110213794,-0.009044804,0.0066959485,-0.04276405,0.11286722,0.055661093,0.02015902,-0.14235911,0.034003332,0.002572801,-0.020340297,0.087801814,0.03845882,0.097744375,0.041218027,-0.018483747,-0.014035597,-0.042810798,-0.049567547,-0.14383075,-0.037706573,-0.06589569,-0.03134361,0.042173397,-0.058858126,-0.103928454,-0.05143094,0.046763793,-0.03206493,0.014016427,0.0884904,0.048133574,0.066294625,-0.029211076,-0.122625224,-0.12553912,-0.033954732,0.03864473,-0.09599295,0.063209094,-0.07455546,0.12280872,0.06956179,-0.03465335,0.045673482,-0.061608955,0.02494803,-0.05391404,-0.06049819,-0.062828764,0.015078664,0.02902402,-0.055953316,-0.054851457,0.03924612,-0.101024255,0.06842957,0.12369467,-0.024821162
1,-0.44690216,0.25123492,0.56839967,-0.4352135,-0.46147263,-0.08824685,-0.644832,-0.85112756,0.32752118,0.565364,-0.20044066,0.068554275,-0.15648723,-0.15977088,-0.8187878,-0.5237767,0.16317992,0.15622303,-0.107126065,0.079673044,0.46715575,-0.36506197,-0.26605818,-0.45258415,-0.7900907,-0.0965622,-0.08207996,0.60581225,0.40305,0.14437926,0.4157485,0.0446998,0.36985514,0.2959929,-0.015568979,-0.6475696,-0.31328315,-0.17940412,0.22003752,0.3479571,0.5416843,-0.46119252,-0.11335108,-0.57957417,-0.3267452,0.43490985,-0.13578895,0.32637852,0.24107549,0.29660112,0.32466254,0.5702822,0.15530556,0.0914564,-0.6084079,0.29267263,0.21624443,-0.9032106,-0.16212109,0.35138166,0.10143352,0.22626802,0.25769573,0.2649346,0.5660798,-0.4084687,0.15585281,0.06926644,0.36497256,0.71843106,0.21255872,-0.88608944,0.028621864,-0.17943987,-0.6461012,-0.9101116,-0.14520273,-0.37993667,-0.5130363,0.06923387,0.55412483,0.10692745,-0.1679683,-0.26152503,-1.0371838,0.35783303,0.54330456,0.45215628,-0.24961823,0.34962067,-0.63081586,-0.06384699,-0.2220593,0.45894244,0.273093,-0.5200132,0.66720206,0.1458623,-0.42647618,-0.13863084,-0.12192994,0.30143633,0.16048206,0.10300561,-0.32518125,-0.38299975,0.346528,0.17124076,0.40242708,0.09186869,-0.17391928,-0.19119585,0.53182316,-0.32535675,-0.6145275,-0.48381236,0.53293663,-0.074356526,0.34333992,-0.38594174,-0.04929355,-0.028556325,-0.21333963,-0.5811267,0.18571308,-0.25432995,-0.18837173,0.37556353
0,0.026364382,-0.16396311,0.09472513,0.0031775273,-0.06886034,0.07379253,-0.047475398,0.0432928,-0.05000585,-0.14031744,0.018991541,0.0063467547,-0.08812083,-0.04924951,0.025494207,0.021626249,-0.15740131,-0.016978046,0.05711814,-0.074725136,-0.06550139,0.070878275,0.18800598,0.08417446,-0.030567307,0.09224979,0.08771428,-0.21394032,0.0059692934,0.14460629,0.03687268,-0.035025164,-0.11043411,-0.14499429,0.10977994,0.067732126,0.020009808,-0.096220344,0.021176875,-0.14518028,0.0063610114,0.09677242,0.051958866,-0.014179587,0.12002011,-0.06636005,0.14472659,-0.010427967,0.090406634,-0.044969574,-0.12859333,0.045664784,-0.15007873,-0.013950979,-0.067114465,-0.018330762,-0.106885396,-0.0102209095,0.16795638,-0.09398219,-0.01703639,-0.0074399635,-0.120165594,0.05131202,-0.05603404,0.03894263,-0.14561312,-0.043056503,0.01353414,0.05987811,-0.03706736,0.115834296,-0.07942691,0.16737384,0.14112708,0.14333174,-0.1554604,0.10255951,0.039973184,-0.02874633,0.03342788,0.054404,0.14352925,0.06743878,0.09442836,-0.04327207,-0.11709166,-0.13100684,-0.2012625,-0.078440055,-0.01666446,-0.024993636,0.09065628,-0.11289376,-0.1483191,0.0054122135,-0.011131678,-0.066260986,0.08500283,0.122905,0.11353916,0.02954869,-0.053290505,-0.1789996,-0.107964225,0.00022586435,0.006638296,-0.13686736,0.021007776,-0.08748163,0.16452608,0.13772528,-0.12672971,0.106070034,0.0033634529,0.09507732,-0.13630968,-0.08444163,-0.13872871,0.077248245,0.057545308,-0.07708704,-0.014616579,0.088878945,-0.15932809,0.115467824,0.16322571,-0.07389408
0,-0.16161424,0.020507392,0.24497283,-0.1448021,-0.20296544,-0.0038181208,-0.26292494,-0.2828822,0.08288564,0.12542997,-0.083012134,0.039136328,-0.093332596,-0.09083206,-0.2624934,-0.16392787,-0.023456115,0.039649215,-0.039857354,-0.0126228295,0.1300525,-0.07827691,-0.0056920424,-0.091227695,-0.31057662,-0.008639727,0.021626828,0.11220616,0.13596156,0.14245448,0.16433775,0.016395979,0.06873226,0.04041743,0.063390195,-0.2257337,-0.11658674,-0.086098365,0.105720416,0.05355838,0.21280205,-0.11005992,-0.018745193,-0.22249942,-0.054869086,0.14162323,0.021757394,0.09728748,0.14114565,0.08987925,0.05778534,0.23170029,-0.027400367,0.008353017,-0.2541883,0.10183461,0.051635988,-0.32063648,0.03965354,0.077979326,-0.0015077367,0.08833356,0.029623387,0.10397093,0.16893426,-0.10745496,-0.022572681,0.019916529,0.16218665,0.2813382,0.057188116,-0.2554224,-0.012579907,0.018904787,-0.15474768,-0.2609675,-0.14004928,-0.092266545,-0.14411664,0.008140893,0.22661118,0.053166006,0.013220392,-0.045155678,-0.31728122,0.089741305,0.13081782,0.10353585,-0.15837309,0.07130139,-0.22624473,-0.03871442,-0.04277029,0.09273461,0.010867536,-0.18623532,0.22643274,0.024164254,-0.12265078,0.017345786,-0.015798112,0.13704658,0.027771875,-0.047590792,-0.17850953,-0.13437444,0.12777281,-0.01295279,0.16582146,-0.025303274,0.027919628,-0.019279918,0.14371835,-0.07101284,-0.22566491,-0.1267722,0.124385655,-0.05700763,0.066333644,-0.105821274,-0.00022152439,-0.043552693,-0.10398591,-0.13940418,-0.012198549,-0.03142629,0.028651834,0.09717699
1,-0.2865055,0.1218043,0.39048693,-0.2735773,-0.3174973,-0.039678242,-0.4348112,-0.53496724,0.19157337,0.32077178,-0.13314147,0.051201396,-0.12408604,-0.1204203,-0.51276326,-0.32505447,0.05754976,0.092981294,-0.06660971,0.028067335,0.27985144,-0.20610303,-0.120174885,-0.25506473,-0.52172387,-0.046719164,-0.024308695,0.33171952,0.25556406,0.14282551,0.27678147,0.026933953,0.20161375,0.15130942,0.026408862,-0.4097479,-0.2025677,-0.130163,0.15551734,0.18327689,0.35815442,-0.26729923,-0.058870517,-0.38114357,-0.17547935,0.26827428,-0.047472097,0.20223469,0.18537806,0.17945692,0.17527682,0.38174212,0.054168113,0.04698478,-0.41205582,0.18682583,0.12352814,-0.57990277,-0.050955385,0.19775817,0.045949377,0.14973885,0.13109924,0.17682321,0.34662834,-0.24204323,0.055495024,0.040741004,0.2515275,0.47669125,0.12788957,-0.5340254,0.004068483,-0.06873086,-0.37308952,-0.54816943,-0.14271715,-0.21691205,-0.3103262,0.035800062,0.37181407,0.08023857,-0.066734344,-0.14169374,-0.6376087,0.20959993,0.3122146,0.2558018,-0.20464379,0.19406873,-0.40702033,-0.049650185,-0.12359893,0.2553365,0.12730952,-0.3331871,0.42376494,0.07610403,-0.25549915,-0.05180323,-0.061660886,0.20915674,0.08592358,0.01615601,-0.24262884,-0.24717295,0.22662728,0.07020788,0.27145743,0.026396401,-0.063868955,-0.093150675,0.31532568,-0.18212529,-0.3989343,-0.28237876,0.3053817,-0.064791694,0.18754101,-0.22993273,-0.021446366,-0.03858182,-0.1503044,-0.3369662,0.07490435,-0.1304794,-0.06817989,0.22062606
0,0.016935375,-0.15115723,0.08656914,0.005420411,-0.06827362,0.063776836,-0.04843437,0.036841433,-0.04954102,-0.13523392,0.012742739,0.0071171224,-0.07800795,-0.049018376,0.02914105,0.023159653,-0.14810698,-0.017534588,0.046402596,-0.074663,-0.06412074,0.07173411,0.1776456,0.084323026,-0.038409065,0.07824809,0.082476474,-0.19963892,-9.151362e-05,0.14109126,0.030612469,-0.024683468,-0.11124513,-0.13482267,0.113707304,0.052472305,0.0133802295,-0.08160066,0.027701914,-0.13440788,0.009995781,0.09217501,0.044109955,-0.018183626,0.10528253,-0.055906713,0.137992,-0.014706764,0.08652316,-0.041489795,-0.12512487,0.042060316,-0.14438295,-0.01719386,-0.06641094,-0.016341407,-0.091969855,-0.012240531,0.1607117,-0.08703892,-0.023048285,-0.0032568425,-0.11139617,0.043388054,-0.052550264,0.041677903,-0.14030302,-0.03605388,0.018595457,0.06084737,-0.027933136,0.10729656,-0.06879154,0.15297572,0.1347077,0.12959,-0.14912273,0.099761225,0.042780206,-0.02952937,0.03602934,0.049631566,0.13443255,0.062797755,0.09232603,-0.04533416,-0.11514649,-0.12395018,-0.17913389,-0.07945095,-0.014871653,-0.02730389,0.07849236,-0.11517665,-0.1495969,0.00052422285,-0.0074872617,-0.061344683,0.07547209,0.119987465,0.093024135,0.033216696,-0.05080395,-0.17266974,-0.10878143,-0.0062385313,0.009909237,-0.13029361,0.024441462,-0.08969188,0.1580478,0.12654647,-0.11522125,0.09450338,-0.0036504865,0.092542075,-0.12532102,-0.075485766,-0.12672707,0.06643565,0.05197082,-0.074190944,-0.024646074,0.09371449,-0.14768212,0.10985303,0.15611556,-0.07252897
1,-0.07054484,-0.06624654,0.16673286,-0.07000384,-0.137821,0.031892773,-0.15566415,-0.12038446,0.015376262,-0.004170602,-0.03672123,0.023049202,-0.086419284,-0.07080616,-0.11744277,-0.07070906,-0.08745018,0.008868534,0.0022882223,-0.041106798,0.033955213,-0.0042650476,0.08927782,-0.0026546642,-0.17415214,0.036138006,0.051734656,-0.0469996,0.07047663,0.14268625,0.09937963,-0.0045630485,-0.02089952,-0.048470143,0.0884818,-0.0816298,-0.05041276,-0.08785843,0.06430732,-0.04073089,0.11081202,-0.008249056,0.015059888,-0.1190152,0.029854815,0.041179813,0.075785585,0.041403428,0.11361026,0.024874285,-0.03169416,0.13784683,-0.08784048,-0.0048231594,-0.15772183,0.04205721,-0.021266509,-0.16434954,0.10227157,-0.0037657395,-0.012799747,0.039874457,-0.044410326,0.07388434,0.05617902,-0.035239927,-0.0826564,-0.008809866,0.09152366,0.16947085,0.010211371,-0.07217324,-0.043087047,0.09102329,-0.0093213245,-0.06128943,-0.14621776,0.00045145303,-0.050800804,-0.010469903,0.13099737,0.04985384,0.07709166,0.01053559,-0.11424434,0.023150876,0.009852186,-0.0088956375,-0.16933748,-0.002086766,-0.12040593,-0.03314419,0.01928914,-0.009199597,-0.06771119,-0.09275998,0.10816539,-0.01930899,-0.022776712,0.06700802,0.04188554,0.08599623,-0.012907028,-0.108675286,-0.14157295,-0.06797296,0.06712928,-0.07135555,0.09500973,-0.05788728,0.093763456,0.052988194,0.012839811,0.0151805,-0.111752644,-0.017812692,-0.0031772815,-0.06793362,-0.032034647,-0.019236377,0.025912981,-0.056883894,-0.060605627,-0.024377078,-0.08187298,0.04053887,0.09393068,0.011725578
1,-0.6376681,0.4032159,0.7870728,-0.63369375,-0.63877064,-0.14337489,-0.8995594,-1.2318056,0.4920222,0.8595338,-0.27763644,0.08755457,-0.19926716,-0.20805326,-1.1932293,-0.7652228,0.28859824,0.23324522,-0.14983279,0.14135331,0.69252884,-0.55989903,-0.43614957,-0.69514877,-1.114819,-0.15263715,-0.15171045,0.9324885,0.5846557,0.14475492,0.5864208,0.0627816,0.57239676,0.46465063,-0.06581844,-0.92858136,-0.44396597,-0.24670471,0.29534093,0.5443591,0.7612027,-0.69380283,-0.1763451,-0.8191649,-0.5065914,0.6286678,-0.24031013,0.47887197,0.30973092,0.43495542,0.5002944,0.79755867,0.276019,0.14890772,-0.84639394,0.41979045,0.31987363,-1.2948921,-0.2950006,0.53632027,0.17297933,0.31553468,0.40863338,0.3761663,0.8318446,-0.61364037,0.27309525,0.101749554,0.49956188,1.0147296,0.3160552,-1.3097925,0.05310298,-0.30880496,-0.9742603,-1.3435736,-0.15051901,-0.5726106,-0.7631541,0.10878117,0.7740362,0.14351958,-0.28587154,-0.4064741,-1.5201315,0.5398162,0.8207108,0.684437,-0.31471053,0.53908557,-0.9059966,-0.07985173,-0.3387532,0.7045273,0.44680864,-0.74489367,0.965222,0.22634737,-0.62887496,-0.24074191,-0.18860853,0.411989,0.24616377,0.20060599,-0.42620316,-0.549305,0.4930143,0.29330415,0.55908364,0.17072174,-0.30462712,-0.30352998,0.7887973,-0.49394396,-0.8749213,-0.72476506,0.8040438,-0.089769356,0.52709734,-0.57141453,-0.07874328,-0.020338736,-0.28681484,-0.87986326,0.31525695,-0.40146002,-0.33169854,0.5598382
0,-0.04279326,-0.09140689,0.13686752,-0.04404597,-0.11459862,0.039968453,-0.11812922,-0.06561244,-0.009085819,-0.04564728,-0.02565687,0.019269368,-0.08046699,-0.06466773,-0.063973136,-0.03592862,-0.1055469,-0.0039286576,0.010776654,-0.050551742,0.0006908402,0.02333016,0.11426669,0.033379506,-0.1295813,0.044747792,0.06195925,-0.09734864,0.046896577,0.14186901,0.07461188,-0.007957451,-0.049502857,-0.07409841,0.097905524,-0.039084,-0.029726246,-0.08178496,0.05308623,-0.07003558,0.078293666,0.026686374,0.024714975,-0.08253451,0.057377614,0.012443239,0.092467844,0.017814342,0.103879645,0.0053135604,-0.059321504,0.10573608,-0.107778616,-0.01264175,-0.1226863,0.02174579,-0.039716773,-0.10959066,0.12309138,-0.030729596,-0.020983066,0.025788717,-0.068239436,0.061449353,0.018542089,-0.008319549,-0.09938364,-0.014536304,0.07103567,0.12940231,-0.006217677,-0.012390584,-0.049005184,0.1123772,0.03878586,0.0031867046,-0.14592272,0.028053809,-0.015665356,-0.01721545,0.09909493,0.045628123,0.09538822,0.030731488,-0.045683485,-0.0017771944,-0.030263875,-0.04355926,-0.16266093,-0.026909325,-0.0833036,-0.03191327,0.03806105,-0.04386646,-0.09452428,-0.06280838,0.064841285,-0.032192707,0.00811876,0.081987515,0.05596479,0.07079804,-0.025928438,-0.12438656,-0.12897104,-0.043365348,0.04672087,-0.08972545,0.07187984,-0.06861333,0.11590306,0.07152232,-0.027649375,0.041389048,-0.07503387,0.015487976,-0.04217995,-0.067352556,-0.060786255,0.007948721,0.03206507,-0.05925645,-0.050200175,0.017449677,-0.10101699,0.06299072,0.115894094,-0.015800571
0,0.031359028,-0.17110662,0.097976156,0.0029606111,-0.06942404,0.078904465,-0.047528174,0.047194432,-0.05049455,-0.14269763,0.02231821,0.0048320293,-0.09386527,-0.04867062,0.023605824,0.022282004,-0.16308187,-0.017526764,0.06207539,-0.075975895,-0.067403495,0.07296712,0.19203602,0.084907256,-0.026808906,0.09839002,0.09074926,-0.22218321,0.010036867,0.14532897,0.039202962,-0.03901927,-0.11120122,-0.15078379,0.10747709,0.07486445,0.023927256,-0.10217621,0.017295439,-0.15105727,0.0035572164,0.09957698,0.055549726,-0.011277754,0.12640254,-0.07095581,0.14835465,-0.009586878,0.09215471,-0.047089145,-0.13205126,0.04744964,-0.15408805,-0.012341585,-0.065688126,-0.019160822,-0.11395878,-0.010419896,0.17058848,-0.09711678,-0.013553388,-0.01104895,-0.124065876,0.055453163,-0.059064075,0.038428575,-0.14797515,-0.046494484,0.010593127,0.059368003,-0.041134864,0.12048839,-0.08436422,0.17414773,0.14475866,0.15066771,-0.15794703,0.10314961,0.038127255,-0.028413828,0.032851532,0.056459982,0.14816292,0.069313064,0.096276894,-0.043314613,-0.12035424,-0.13720573,-0.21001807,-0.07916924,-0.017549545,-0.0221878,0.09602934,-0.11313583,-0.14944254,0.007646553,-0.013642019,-0.0689447,0.09041752,0.12403006,0.1229479,0.0277103,-0.05642016,-0.1835432,-0.10591652,0.0040344447,0.006102072,-0.13920365,0.019239672,-0.0867486,0.1690426,0.14339821,-0.13249323,0.11287628,0.005988188,0.09662028,-0.14088534,-0.08853045,-0.14440668,0.08280767,0.06239182,-0.07871637,-0.010068096,0.08800225,-0.16517985,0.11843207,0.16688915,-0.0755939
1,-0.34192753,0.15827036,0.46450594,-0.3403059,-0.37893182,-0.051974285,-0.51309013,-0.65460056,0.24470754,0.4104257,-0.15225136,0.05271086,-0.14056645,-0.13694826,-0.63355803,-0.4067307,0.09383689,0.11589162,-0.0700924,0.046935372,0.35124683,-0.2718369,-0.16119,-0.33727187,-0.6244408,-0.05173759,-0.046156786,0.42232567,0.31787723,0.14451614,0.33425638,0.028676294,0.26299974,0.19798167,0.014167726,-0.48769313,-0.23934683,-0.16607504,0.17389518,0.23983645,0.42203084,-0.33805853,-0.07768166,-0.45639873,-0.22830667,0.32382354,-0.07824736,0.2528603,0.20647523,0.22428563,0.2241613,0.45447934,0.085866295,0.0698244,-0.48861328,0.22298385,0.14387882,-0.7075916,-0.08971828,0.25528917,0.07757745,0.1709874,0.17322627,0.21816516,0.42853352,-0.31387424,0.08780073,0.04333528,0.28530845,0.5756866,0.15498027,-0.6657969,0.0018649814,-0.1004549,-0.47305796,-0.67713386,-0.14853002,-0.27523646,-0.3929135,0.048103623,0.4400859,0.09545305,-0.09775384,-0.19118492,-0.79021245,0.27241504,0.39989433,0.32606483,-0.23955896,0.25787473,-0.49709758,-0.05726351,-0.15293925,0.3333192,0.18086533,-0.40615964,0.5199505,0.09928348,-0.3142145,-0.082954615,-0.06763747,0.24279568,0.11315541,0.04035064,-0.27683663,-0.29942825,0.26969254,0.10344392,0.31769747,0.05175122,-0.09760648,-0.11802566,0.38450328,-0.2295268,-0.477448,-0.35676423,0.3835583,-0.07877725,0.23520622,-0.28442395,-0.02494761,-0.03847424,-0.16598107,-0.43546656,0.1078956,-0.17182821,-0.11220801,0.27582467
1,-0.5280492,0.32095507,0.6594554,-0.5152496,-0.5326634,-0.11417064,-0.75348085,-1.0132802,0.39675218,0.69018084,-0.23454453,0.07912441,-0.17454638,-0.1786705,-0.97655976,-0.62243366,0.21879923,0.19087026,-0.12958121,0.10544228,0.56170815,-0.44551715,-0.34422266,-0.553568,-0.92512214,-0.12580407,-0.11092783,0.7505987,0.47656295,0.14355052,0.48638803,0.05321109,0.45515737,0.37014657,-0.040110596,-0.7720218,-0.37131405,-0.2005717,0.25369444,0.4324795,0.63631594,-0.56198424,-0.1413234,-0.68170017,-0.40553468,0.52009237,-0.18179092,0.39193827,0.27016518,0.3552041,0.40191248,0.66526514,0.20967397,0.11509943,-0.7081729,0.34796667,0.267893,-1.0665154,-0.22205749,0.42808443,0.12802508,0.26700416,0.3251713,0.30821854,0.679432,-0.4914654,0.20753668,0.08647506,0.4258024,0.84115934,0.25943458,-1.0647709,0.044129323,-0.24006113,-0.7874257,-1.0975006,-0.14540781,-0.46024272,-0.61670816,0.08690674,0.64859647,0.12165464,-0.22128543,-0.3211432,-1.2404028,0.43130714,0.659726,0.5523234,-0.2715311,0.4260867,-0.74376166,-0.06983484,-0.27578697,0.5627551,0.34754038,-0.6126931,0.7921679,0.18070039,-0.5141764,-0.1833546,-0.15794444,0.34781274,0.19770311,0.1470978,-0.36636263,-0.45416832,0.40989012,0.22627635,0.47043544,0.12487877,-0.23505609,-0.24336877,0.6465574,-0.4000639,-0.7257649,-0.5846509,0.65078574,-0.07592694,0.4259866,-0.46658432,-0.06550902,-0.024385162,-0.24629107,-0.70512927,0.24370977,-0.3191224,-0.25108844,0.45494494
0,-0.33028278,0.15876128,0.43560708,-0.31580037,-0.3537076,-0.05387937,-0.4894316,-0.61731976,0.22722565,0.38604924,-0.1521428,0.05771882,-0.13190296,-0.13084796,-0.5907941,-0.37553945,0.08677414,0.1091218,-0.079662696,0.041664824,0.3279311,-0.24625102,-0.16224143,-0.3040521,-0.59238446,-0.06265219,-0.040250026,0.40639704,0.29312018,0.14238635,0.311493,0.03317405,0.24699497,0.19143973,0.014980629,-0.4758296,-0.2328808,-0.13935842,0.17437544,0.22729933,0.40817544,-0.31799263,-0.07406993,-0.43333822,-0.21573381,0.31440532,-0.06953264,0.23306695,0.2006,0.2095699,0.21719301,0.4313802,0.082554005,0.05683295,-0.46311995,0.21553716,0.15047732,-0.66329116,-0.07983647,0.23829871,0.057447918,0.17269364,0.1657504,0.19862244,0.40449974,-0.2830404,0.08364186,0.05054991,0.28314278,0.5387008,0.15200347,-0.6277166,0.013315063,-0.09990449,-0.44483978,-0.64533466,-0.14232405,-0.26096094,-0.3621775,0.044778705,0.41955417,0.08611882,-0.0947867,-0.17174616,-0.7426655,0.2469614,0.3732115,0.3088966,-0.21245041,0.23391485,-0.46504396,-0.053256564,-0.15048599,0.30742088,0.16593973,-0.38206923,0.4865777,0.095141135,-0.30116498,-0.07443212,-0.081279665,0.23280595,0.10529871,0.040484004,-0.2647084,-0.28237972,0.25853184,0.09754616,0.30645525,0.04337053,-0.0938258,-0.12175912,0.37485874,-0.22095472,-0.45677763,-0.33617708,0.36647037,-0.06419373,0.23060593,-0.27078915,-0.030677762,-0.03508348,-0.17038284,-0.39961347,0.10640608,-0.16405925,-0.09917645,0.26165578
0,0.020144064,-0.15614663,0.089143224,0.005076209,-0.06851039,0.06737313,-0.04851737,0.03962147,-0.04941304,-0.13709007,0.015459832,0.006610159,-0.082342446,-0.048361644,0.027523024,0.022728007,-0.15218335,-0.017508939,0.050538793,-0.07527051,-0.0644241,0.072443664,0.18105309,0.08405336,-0.035493165,0.082578,0.08483352,-0.20445642,0.0018845052,0.14182879,0.033260018,-0.027779385,-0.11118384,-0.13881545,0.11221934,0.057827603,0.015748873,-0.0862512,0.024713237,-0.1382187,0.008259114,0.09345216,0.046355516,-0.01646009,0.1099398,-0.059581757,0.14097582,-0.013430655,0.08788614,-0.043274365,-0.12652522,0.04324869,-0.14637005,-0.0160098,-0.066682145,-0.016822241,-0.09760944,-0.011036182,0.16288522,-0.08968353,-0.021056205,-0.004813172,-0.11427231,0.045762148,-0.05474599,0.04090233,-0.14205885,-0.038940825,0.016429435,0.060325503,-0.030514129,0.11058903,-0.07242522,0.15800764,0.13733993,0.13407351,-0.15103367,0.10088925,0.04168549,-0.029748134,0.03513089,0.051508963,0.13751443,0.064201474,0.09338346,-0.04489731,-0.117238045,-0.12663293,-0.18693763,-0.07932359,-0.015261184,-0.026485391,0.08236736,-0.114232734,-0.14894888,0.0026137754,-0.008747524,-0.06266192,0.07928248,0.12108721,0.10006487,0.031840138,-0.05227866,-0.17533743,-0.10788852,-0.0041441023,0.009420292,-0.13248529,0.023096412,-0.08899002,0.16050781,0.13010979,-0.11965301,0.09908706,-0.0017367005,0.09365668,-0.12879506,-0.07903504,-0.13111056,0.070536286,0.05450945,-0.07537546,-0.021236673,0.09272951,-0.1519016,0.111762114,0.15825398,-0.07308853
1,-0.581611,0.35923973,0.7252253,-0.576772,-0.58847284,-0.12656114,-0.8269047,-1.1221924,0.44490817,0.77411544,-0.25408652,0.08168783,-0.18827987,-0.1936532,-1.0865579,-0.69606805,0.25264937,0.21214816,-0.13664159,0.12332722,0.62810034,-0.5046091,-0.38545278,-0.62704897,-1.0204679,-0.13517576,-0.13178629,0.838573,0.5323791,0.14478314,0.5388577,0.05689214,0.5131273,0.4148271,-0.051868834,-0.84657335,-0.40553778,-0.22878492,0.2727981,0.48771816,0.6973284,-0.6271741,-0.15781535,-0.75054127,-0.45450166,0.5711423,-0.2104432,0.43678135,0.2902371,0.39403608,0.44987804,0.73161715,0.24194312,0.13343412,-0.7785243,0.3837714,0.28940517,-1.1817973,-0.25702474,0.48296422,0.15294838,0.2889776,0.36573339,0.34453824,0.7557407,-0.5550127,0.23790134,0.09221087,0.4607189,0.9302211,0.28763536,-1.1866398,0.045125883,-0.27146086,-0.87952363,-1.2178859,-0.14933677,-0.5159492,-0.6922464,0.097348206,0.7112785,0.13369618,-0.251115,-0.3644087,-1.3810334,0.48791218,0.7404543,0.61730856,-0.29830474,0.48405546,-0.8273884,-0.074907325,-0.30519614,0.6337995,0.3973121,-0.67873853,0.8807986,0.20259108,-0.5701989,-0.21043158,-0.16968247,0.37973186,0.22037773,0.17125925,-0.39678955,-0.5024717,0.45138162,0.25832158,0.5141419,0.14754689,-0.2676915,-0.27050036,0.7149411,-0.44460818,-0.799073,-0.65425116,0.7245609,-0.08619875,0.4739449,-0.5170056,-0.06974973,-0.023736425,-0.2646501,-0.79418325,0.27666074,-0.35870698,-0.2902407,0.5066274
1,0.030469004,-0.16946259,0.09718583,0.0031134281,-0.069274805,0.07789199,-0.047053374,0.04677052,-0.050520163,-0.14239682,0.021757785,0.0050124004,-0.092615694,-0.04887484,0.02418559,0.022402305,-0.16185641,-0.017614495,0.060901262,-0.07624434,-0.06727713,0.072285436,0.19184102,0.08507316,-0.027615387,0.09725497,0.08952887,-0.22064878,0.009251684,0.14534229,0.038334172,-0.03821683,-0.11182837,-0.14952841,0.10824272,0.07356785,0.023130998,-0.10074829,0.018339366,-0.14943735,0.003528256,0.099090934,0.05468861,-0.011705458,0.124789834,-0.06978274,0.14713526,-0.00988774,0.09192778,-0.04642261,-0.13170975,0.04750316,-0.15366177,-0.012762871,-0.065785326,-0.019197453,-0.11287301,-0.010536352,0.16985366,-0.09585734,-0.013642438,-0.010551833,-0.122737035,0.05401141,-0.05868945,0.038643405,-0.14775623,-0.045292564,0.010908093,0.059409156,-0.040205933,0.11960177,-0.0831816,0.17240854,0.14433806,0.14915954,-0.15748112,0.10300067,0.039274774,-0.028126739,0.033111084,0.05552778,0.14782782,0.06926097,0.09663807,-0.04346231,-0.119799525,-0.13649598,-0.2076742,-0.07972146,-0.017575357,-0.022953935,0.0950419,-0.113742664,-0.14959812,0.0069784075,-0.013795441,-0.06779421,0.0894765,0.124687165,0.12023327,0.027793791,-0.055817667,-0.18281016,-0.10632632,0.0033908375,0.0054819807,-0.13885371,0.01978046,-0.08702658,0.16849154,0.1427608,-0.13125603,0.11092758,0.005522564,0.096412554,-0.14001377,-0.0876513,-0.14299199,0.08167568,0.061651047,-0.078796305,-0.011149526,0.08838518,-0.16371207,0.11823455,0.1666444,-0.07572369
1,-0.106659964,-0.03486023,0.20691767,-0.10579044,-0.16907725,0.020661416,-0.20493153,-0.19257782,0.04675613,0.051990062,-0.052098837,0.027741114,-0.0951972,-0.079642534,-0.18740359,-0.116425805,-0.062719345,0.02415793,-0.007465644,-0.029491976,0.07657091,-0.039446123,0.053886607,-0.04789485,-0.23309347,0.024080727,0.039181925,0.018041309,0.10383703,0.14269134,0.13151744,-0.0001296848,0.017568104,-0.0150991175,0.07565613,-0.13741986,-0.07634176,-0.097251005,0.07923323,-0.0034621581,0.15350005,-0.052910287,0.0032362202,-0.16553566,-0.004897534,0.0795451,0.055455767,0.0713383,0.12668633,0.051923193,0.0033489987,0.18083861,-0.06353691,0.005467925,-0.20253809,0.067113504,0.0025181621,-0.23729004,0.0753759,0.029777467,-0.00072734803,0.058839254,-0.013754616,0.09309299,0.10686579,-0.07140093,-0.059261322,-0.0008617062,0.11803223,0.22333464,0.0298973,-0.15143028,-0.036378417,0.06385676,-0.07248452,-0.14552653,-0.14640339,-0.03605031,-0.09679003,-0.0014013322,0.17337796,0.056902546,0.05264087,-0.016160447,-0.20637101,0.056203984,0.062024117,0.036699682,-0.1795899,0.031752676,-0.17143154,-0.03594412,-0.0047626197,0.037208766,-0.033329252,-0.13398966,0.16350475,-0.0035356805,-0.061885275,0.045991756,0.026704589,0.1067588,0.003899902,-0.08837502,-0.1586073,-0.09932703,0.094437584,-0.046999685,0.12558533,-0.042615816,0.066810966,0.029408926,0.0648782,-0.017949546,-0.16172263,-0.06303655,0.049508598,-0.067705885,0.0047330484,-0.05437106,0.018131822,-0.054337997,-0.07430392,-0.080001,-0.05595964,0.010887004,0.065894365,0.048938267
1,-0.44649592,0.25088993,0.5680999,-0.4349733,-0.46126348,-0.08807163,-0.6443459,-0.85043246,0.3273056,0.5648624,-0.2002703,0.068517834,-0.15639229,-0.15968311,-0.8182814,-0.5233107,0.16302134,0.15608297,-0.10704706,0.07949255,0.46674156,-0.36471948,-0.26559898,-0.45226216,-0.7895069,-0.09634873,-0.08198447,0.60519314,0.40275007,0.14442092,0.41548035,0.0446015,0.36957285,0.29565865,-0.0154100135,-0.6470258,-0.31299675,-0.17940067,0.21993077,0.34766838,0.541239,-0.4607669,-0.11334003,-0.5790653,-0.3263785,0.43453982,-0.13565475,0.32615006,0.24093875,0.29641423,0.32430872,0.56986934,0.15509313,0.09140515,-0.6080458,0.2923244,0.21591178,-0.90254545,-0.16183653,0.351036,0.10133854,0.22602528,0.25745097,0.2649086,0.56555706,-0.40826368,0.15553698,0.06914425,0.36469886,0.7179978,0.21239099,-0.8852824,0.028508376,-0.17920107,-0.64547867,-0.90923136,-0.14527035,-0.37964362,-0.51267505,0.06908522,0.55374086,0.10685407,-0.16769172,-0.2613282,-1.0363652,0.35750026,0.54295266,0.45173186,-0.24958223,0.3492926,-0.630274,-0.063922465,-0.22184415,0.45855364,0.27285147,-0.51968974,0.6667859,0.14577375,-0.42605743,-0.13839605,-0.121711224,0.3012466,0.16028996,0.10275643,-0.3251608,-0.38268498,0.3462305,0.17102383,0.4020942,0.09184643,-0.17355464,-0.19101325,0.5312603,-0.32500392,-0.6140423,-0.4834567,0.53245956,-0.07444089,0.34294423,-0.38549292,-0.049154792,-0.02867984,-0.21319905,-0.5807121,0.18537655,-0.25397494,-0.1880974,0.37512147
0,0.028109979,-0.16597438,0.09580922,0.002816407,-0.06911521,0.07553084,-0.047272302,0.044588722,-0.049975097,-0.14108163,0.019978542,0.006260257,-0.09018331,-0.049328625,0.025199898,0.021213423,-0.15888852,-0.017117195,0.058905013,-0.075044245,-0.065936655,0.0710915,0.1897643,0.08402157,-0.029179547,0.09475315,0.08818166,-0.2167305,0.0073230416,0.14493862,0.03758382,-0.036701538,-0.110607535,-0.14685267,0.10903315,0.0703052,0.021384306,-0.09840747,0.020118073,-0.14684659,0.0058110766,0.09776497,0.053472638,-0.013652988,0.12220267,-0.06806778,0.14561194,-0.009762917,0.09107704,-0.04546617,-0.12950706,0.04619618,-0.15133914,-0.013312882,-0.066838145,-0.01906418,-0.10941208,-0.010424906,0.16881338,-0.09480734,-0.015846357,-0.008775458,-0.1215776,0.05283581,-0.056777887,0.038499825,-0.14621322,-0.043869004,0.0126354955,0.0595743,-0.03874366,0.117523566,-0.081191234,0.16976099,0.14233845,0.1459919,-0.15674949,0.10287431,0.03961263,-0.028467745,0.033222787,0.05523826,0.14537227,0.06831434,0.09468855,-0.04290472,-0.117143504,-0.1323801,-0.20467943,-0.078308925,-0.017147012,-0.024675578,0.092724815,-0.1129098,-0.14854944,0.0057356544,-0.011747081,-0.06706748,0.08673091,0.12342095,0.11686309,0.028725948,-0.053979073,-0.18005213,-0.107533365,0.0015054122,0.005754579,-0.13787031,0.020588558,-0.08711911,0.16592543,0.13983394,-0.12843776,0.10812703,0.0044416487,0.095456645,-0.13794652,-0.08556827,-0.1405777,0.079207316,0.058885325,-0.07769569,-0.012878165,0.08785507,-0.16132775,0.11637282,0.1644919,-0.074025325
0,0.0037438534,-0.13505319,0.09262874,-0.0046847407,-0.07686314,0.05748686,-0.059591725,0.02189598,-0.043600142,-0.11801313,0.001062341,0.011936167,-0.07459794,-0.054397,0.01681066,0.01539716,-0.13718711,-0.019105356,0.03329674,-0.066891894,-0.05171725,0.06415733,0.16246854,0.08296238,-0.0551201,0.06789317,0.07752759,-0.17895398,0.007921018,0.14163038,0.03916792,-0.016830072,-0.0983506,-0.12084307,0.11191725,0.03156921,0.004598029,-0.0770716,0.033774987,-0.12088213,0.026598541,0.08269958,0.04154232,-0.030141637,0.10012667,-0.039697453,0.1272079,-0.014963018,0.0920976,-0.03382173,-0.10728516,0.05446826,-0.13653965,-0.020662533,-0.0743064,-0.008200553,-0.0787245,-0.023843199,0.15749837,-0.07294529,-0.029481273,0.0034184232,-0.10526433,0.04298915,-0.04124544,0.034755465,-0.13151383,-0.027690677,0.03297104,0.06997412,-0.02780348,0.08570143,-0.0628442,0.14622685,0.11823204,0.10515684,-0.1488224,0.08000068,0.035466127,-0.027928822,0.04902268,0.044190355,0.12797694,0.061930716,0.067255124,-0.039056238,-0.0973002,-0.10332476,-0.16676956,-0.0682829,-0.026129194,-0.02809333,0.072733,-0.100756355,-0.13895795,-0.010171041,0.0033326605,-0.054024655,0.060368247,0.11324255,0.082187995,0.042823665,-0.048134983,-0.1573752,-0.11234847,-0.010231309,0.01566878,-0.122149564,0.033870656,-0.087529615,0.14919946,0.11001384,-0.0941154,0.08591425,-0.013727397,0.073477134,-0.11118662,-0.071331434,-0.11085805,0.05552475,0.04509346,-0.06852885,-0.033545904,0.08265222,-0.13587654,0.10087466,0.15155151,-0.061053663
0,-0.21889,0.07256943,0.30731505,-0.19697994,-0.24869426,-0.02356254,-0.33902857,-0.39466053,0.13021135,0.21304381,-0.10862453,0.049212493,-0.10650846,-0.102470495,-0.37065628,-0.2297487,0.015470758,0.06552482,-0.05873958,0.0045663863,0.1955654,-0.13212627,-0.06538232,-0.15881407,-0.4031535,-0.03272934,0.0019127317,0.21712889,0.1849918,0.1416265,0.21169291,0.022544444,0.12861723,0.09411073,0.043762825,-0.31483847,-0.15873757,-0.09526399,0.13126317,0.11281388,0.2804977,-0.18102784,-0.03731271,-0.29273048,-0.10895544,0.20211454,-0.009605072,0.14258167,0.1624245,0.12897964,0.11575685,0.29775912,0.013399236,0.022626046,-0.32224768,0.1421002,0.0922672,-0.43100595,-0.0030772313,0.12946594,0.0125620365,0.120458305,0.07859374,0.13154268,0.24824306,-0.16056329,0.015040681,0.03453841,0.20810461,0.36258477,0.091753334,-0.37936574,0.0013624732,-0.02598523,-0.25302595,-0.39297578,-0.13900524,-0.1492541,-0.21429884,0.020166777,0.2918138,0.061611593,-0.026577368,-0.08373904,-0.4576236,0.13867736,0.21204269,0.17429703,-0.16925195,0.1217607,-0.30325046,-0.04148323,-0.08224985,0.1642808,0.063675836,-0.2477943,0.3108172,0.04791805,-0.18461162,-0.014603645,-0.046176083,0.16817823,0.053681847,-0.014378734,-0.20525563,-0.18252492,0.17281185,0.026402853,0.21470052,-0.002416186,-0.01746574,-0.05935633,0.22700575,-0.1247863,-0.30256402,-0.19661465,0.20815538,-0.054567125,0.12672499,-0.16209854,-0.0145430155,-0.03979958,-0.12978803,-0.2236931,0.030952767,-0.078078516,-0.014627401,0.15323299
0,-0.023326382,-0.107686386,0.110876314,-0.022265209,-0.093375035,0.045187447,-0.08906114,-0.023271194,-0.026484922,-0.079803005,-0.0150139555,0.01703437,-0.07476972,-0.058129527,-0.021015152,-0.008702065,-0.1194464,-0.011612002,0.017562144,-0.058330238,-0.025346035,0.046134263,0.13203639,0.060521048,-0.09401133,0.05059255,0.069386914,-0.13271917,0.024494588,0.14026354,0.053954612,-0.010092989,-0.071968675,-0.09289096,0.104259625,-0.009775337,-0.015516486,-0.0729723,0.045538228,-0.09204862,0.054701164,0.05351062,0.031102179,-0.056536347,0.07531848,-0.0105151925,0.1083028,0.0004606056,0.09698942,-0.013066292,-0.08027339,0.07927896,-0.11939543,-0.018792192,-0.099175215,0.008999795,-0.052892826,-0.06536134,0.13820323,-0.051628247,-0.02786797,0.018022068,-0.0830589,0.049388934,-0.010241158,0.016666278,-0.11308533,-0.018516349,0.05478803,0.09713833,-0.014274102,0.034338314,-0.051142137,0.12487018,0.07647462,0.05004233,-0.14482228,0.051840432,0.0117596015,-0.021855328,0.073972076,0.044415835,0.10682799,0.046103638,0.008605089,-0.022248225,-0.06278591,-0.07089607,-0.15642828,-0.049054217,-0.053202234,-0.02945381,0.050861623,-0.073612034,-0.11610092,-0.037356004,0.033054605,-0.040844616,0.031032719,0.09572394,0.0622259,0.05734349,-0.03581368,-0.13778493,-0.11951852,-0.027219592,0.031423368,-0.10366976,0.052782767,-0.07766287,0.13102493,0.08516385,-0.056904174,0.059786394,-0.047909815,0.04388197,-0.072337806,-0.064357534,-0.0810625,0.029806305,0.035238396,-0.061627492,-0.04549965,0.051209718,-0.11430748,0.0787039,0.1322392,-0.03638117
0,0.029401768,-0.16877449,0.09487609,0.005473273,-0.06911292,0.07617615,-0.049313042,0.046369657,-0.05089549,-0.14095283,0.022044983,0.004322093,-0.09328969,-0.04630684,0.022997653,0.024262138,-0.16271369,-0.017941047,0.060291074,-0.07847827,-0.06705639,0.07595435,0.18891111,0.084542945,-0.02934936,0.09319136,0.09235925,-0.21876247,0.00926899,0.14236069,0.037964217,-0.034493014,-0.11213765,-0.14907911,0.108110294,0.07070018,0.022862457,-0.09685371,0.01705074,-0.14922759,0.0031759925,0.09805708,0.053309247,-0.011568904,0.12151973,-0.06824886,0.14720471,-0.012829062,0.09226157,-0.046461135,-0.13361725,0.046600007,-0.15394405,-0.012180615,-0.064992964,-0.017939359,-0.11079738,-0.010778068,0.1680353,-0.09491508,-0.014633402,-0.011123307,-0.121545024,0.052756082,-0.061015353,0.039831202,-0.14619808,-0.04549963,0.011374455,0.059055433,-0.03818278,0.1191585,-0.08150991,0.17099398,0.144283,0.14689247,-0.15626091,0.103039905,0.03913662,-0.030305944,0.034184743,0.056801297,0.14557867,0.068206504,0.09619637,-0.044549696,-0.12346477,-0.13695888,-0.20302323,-0.08014637,-0.017095212,-0.021843001,0.091957495,-0.11451349,-0.15121907,0.006889887,-0.012723252,-0.067510836,0.08897354,0.12272541,0.11730209,0.029451106,-0.05852755,-0.1840422,-0.1046443,0.0022771358,0.008144457,-0.13687532,0.018979684,-0.08801876,0.16792865,0.14036256,-0.1295761,0.11161276,0.0020839646,0.096804045,-0.13695185,-0.08715524,-0.14141446,0.08015646,0.06332633,-0.07834952,-0.012919195,0.09093915,-0.16208935,0.116474085,0.16471028,-0.075854935
1,-0.42807624,0.23275694,0.5560054,-0.42325667,-0.45329112,-0.080099195,-0.624633,-0.82173383,0.31558892,0.53963333,-0.18983571,0.063853234,-0.15598431,-0.15686616,-0.7936145,-0.5081948,0.15224108,0.15068513,-0.097076505,0.07442304,0.45025548,-0.35433623,-0.24257976,-0.4393373,-0.7650894,-0.08388708,-0.07660168,0.57331204,0.39217153,0.1450696,0.4071585,0.040031042,0.3519002,0.27695698,-0.009301133,-0.61849344,-0.2997067,-0.18478335,0.20982015,0.33010045,0.5206127,-0.44151396,-0.10731811,-0.56129223,-0.30992013,0.4136007,-0.12714773,0.31769928,0.23583046,0.2849646,0.30665684,0.55186516,0.14300996,0.0913122,-0.5913405,0.28120774,0.1994032,-0.8747867,-0.14985421,0.33712012,0.10165622,0.21319413,0.2432321,0.26107895,0.5448455,-0.39811328,0.1415137,0.0623544,0.34995335,0.7003988,0.20326847,-0.8507472,0.019630011,-0.16374695,-0.6181058,-0.8709808,-0.14779055,-0.36190435,-0.49804908,0.06537946,0.5373504,0.10655264,-0.15371586,-0.25216213,-0.99974376,0.3480072,0.5216442,0.43161863,-0.25540096,0.33764064,-0.61316097,-0.06307125,-0.20877978,0.44047245,0.25890642,-0.5020528,0.64816827,0.13733199,-0.40757245,-0.12822938,-0.10872723,0.2922958,0.15115945,0.08946853,-0.31856567,-0.37151688,0.33463687,0.15916784,0.38824922,0.08557313,-0.15951501,-0.17586634,0.5052467,-0.30809665,-0.59138143,-0.4634346,0.50555766,-0.080100164,0.3235383,-0.3680135,-0.042539153,-0.032223128,-0.20255974,-0.5612396,0.16918355,-0.2389451,-0.17598598,0.35892344
0,0.021324608,-0.15809762,0.090132356,0.0052950885,-0.068452135,0.068633094,-0.048972253,0.040381704,-0.049633995,-0.1378813,0.016607579,0.006277971,-0.08361539,-0.047805708,0.026519075,0.023164563,-0.15394245,-0.017162511,0.052262276,-0.0754635,-0.06461562,0.07292478,0.18212515,0.08409697,-0.03434383,0.083980754,0.08679688,-0.20620544,0.002620181,0.1420036,0.033912122,-0.02891624,-0.110840045,-0.14058167,0.11146333,0.059759628,0.016469486,-0.08795425,0.023314536,-0.14017847,0.0076460615,0.09418963,0.047366478,-0.015932016,0.11219854,-0.060899355,0.14245859,-0.013275679,0.088742934,-0.0440356,-0.12737733,0.04348383,-0.14739655,-0.015544992,-0.067050114,-0.016616626,-0.09943346,-0.010698086,0.16413686,-0.0909918,-0.020402905,-0.005304843,-0.115792364,0.046835434,-0.05558783,0.04087329,-0.14255506,-0.040566787,0.0160955,0.06009146,-0.031727716,0.111884,-0.07386479,0.16037501,0.13823658,0.13584846,-0.15169506,0.10142286,0.040650822,-0.029905561,0.03480546,0.05255825,0.13820356,0.064811766,0.09370755,-0.04493399,-0.11825337,-0.12828645,-0.18980294,-0.07922593,-0.014943458,-0.025709607,0.08372614,-0.11376635,-0.14890513,0.003453076,-0.009188566,-0.06358772,0.080703825,0.120916955,0.10321939,0.031711772,-0.052965,-0.1765098,-0.10746191,-0.0036155432,0.009773601,-0.13323085,0.022099908,-0.08868397,0.1613746,0.13134804,-0.12162385,0.10131296,-0.0011473969,0.0942063,-0.13041225,-0.080415234,-0.13287073,0.071804784,0.055631455,-0.075443,-0.019820414,0.09261944,-0.1533139,0.11206091,0.15901902,-0.07333821
1,-0.50335336,0.2955411,0.6346063,-0.49669653,-0.51739883,-0.10368,-0.7211318,-0.96454114,0.37674943,0.6527823,-0.222256,0.072904,-0.16976665,-0.17486408,-0.93197405,-0.5971003,0.20111167,0.17825104,-0.118038595,0.09862935,0.53493506,-0.42545748,-0.31326857,-0.5268977,-0.8884131,-0.11127506,-0.10374283,0.7012435,0.4592506,0.14456612,0.46832645,0.050337315,0.42947355,0.34462705,-0.028589897,-0.7294001,-0.35089254,-0.20353845,0.24115548,0.4064217,0.6069357,-0.5304241,-0.13142493,-0.65205604,-0.38023934,0.49096984,-0.16739449,0.37232864,0.26205862,0.3371024,0.37592584,0.63824564,0.19068477,0.11002295,-0.6795032,0.3306949,0.24383536,-1.0208865,-0.20130762,0.4083832,0.12491191,0.2505821,0.3014856,0.29915348,0.64542735,-0.47304946,0.189604,0.07817694,0.40382808,0.80988336,0.24324441,-1.0125217,0.032999303,-0.21596006,-0.743941,-1.038762,-0.14796449,-0.4367551,-0.5894275,0.08106718,0.6205721,0.118547656,-0.20114687,-0.30489665,-1.1815891,0.41391158,0.62614197,0.5219194,-0.27225026,0.4080845,-0.71577424,-0.068998285,-0.25569588,0.5330257,0.32411897,-0.5879408,0.7586758,0.16869311,-0.4864675,-0.16786095,-0.13995555,0.33490312,0.1850714,0.13013303,-0.35623565,-0.43355364,0.39050716,0.20755653,0.44869822,0.11439314,-0.21295036,-0.22265624,0.6069747,-0.37409005,-0.69188833,-0.5559989,0.6120418,-0.08157014,0.39628515,-0.44114006,-0.056053523,-0.027632304,-0.23378551,-0.67192924,0.2227346,-0.29706022,-0.23107524,0.4296708
1,-0.46566254,0.2600666,0.60219824,-0.46551833,-0.4896141,-0.088713616,-0.6777283,-0.8980372,0.34986696,0.60030144,-0.20397982,0.06631667,-0.16695002,-0.16623971,-0.87318087,-0.55974895,0.1750899,0.16628021,-0.10179995,0.086725615,0.49609405,-0.3942773,-0.27534035,-0.4911604,-0.83104885,-0.09232705,-0.0908982,0.6371498,0.43223357,0.14462665,0.44198772,0.042045027,0.39370593,0.30859268,-0.020331189,-0.6713699,-0.32439733,-0.20367078,0.22438866,0.3679749,0.56447226,-0.48881346,-0.11790738,-0.6094123,-0.3448103,0.45008925,-0.14643663,0.35047293,0.25052962,0.31149405,0.3397823,0.59952664,0.16653025,0.10450998,-0.6403674,0.30581754,0.21539634,-0.9562753,-0.17634639,0.3738312,0.119106896,0.2319979,0.2723484,0.28688386,0.59979165,-0.4424673,0.16498458,0.0664528,0.37485084,0.7627684,0.22479263,-0.93718934,0.021890033,-0.18714797,-0.68481135,-0.95720977,-0.15038657,-0.4000202,-0.5511041,0.073586725,0.5810858,0.117789306,-0.17576374,-0.28216702,-1.09932,0.3864442,0.577843,0.4763424,-0.27641466,0.37700993,-0.67123914,-0.06685193,-0.23127745,0.49029383,0.29344225,-0.54967016,0.7095962,0.15157989,-0.44587103,-0.14916283,-0.11669226,0.3135368,0.1682023,0.10581916,-0.34032077,-0.40602916,0.3642937,0.18380119,0.42024046,0.102399684,-0.18513821,-0.19456847,0.5535449,-0.3392879,-0.645208,-0.51158,0.5602998,-0.08505232,0.35590792,-0.4048465,-0.04607134,-0.032988854,-0.21632947,-0.62432814,0.19431317,-0.26830307,-0.20473157,0.39509788
0,0.030271601,-0.16814199,0.09655068,0.003478,-0.06926392,0.077369206,-0.047149487,0.04654281,-0.05073739,-0.14164428,0.021818656,0.0053398386,-0.092039965,-0.049087614,0.024528915,0.022496615,-0.16120328,-0.017567173,0.060769036,-0.07613413,-0.066942334,0.07267225,0.19112153,0.08487453,-0.027982295,0.096262865,0.08933287,-0.21975635,0.009027857,0.14453661,0.038104992,-0.037869334,-0.11203558,-0.1491328,0.108359665,0.07302296,0.022820272,-0.09976723,0.018330827,-0.14896238,0.0041272156,0.098889664,0.054684892,-0.012347557,0.12427966,-0.06912752,0.14680725,-0.010326169,0.09235875,-0.046511352,-0.131335,0.047441058,-0.15368974,-0.012728136,-0.06571174,-0.01919961,-0.111843206,-0.010610236,0.1691629,-0.09585674,-0.013734579,-0.010580704,-0.122207604,0.05386934,-0.05843092,0.039069403,-0.14732625,-0.04504288,0.011407539,0.05920028,-0.04021307,0.119624205,-0.08293152,0.17217314,0.14414884,0.1489439,-0.15775035,0.10294899,0.039122075,-0.028100345,0.033568226,0.05583732,0.14713271,0.06900523,0.09650305,-0.043644764,-0.11942589,-0.13564666,-0.20655465,-0.079675294,-0.017594345,-0.023356274,0.09440079,-0.11375481,-0.14983468,0.0062688068,-0.013317034,-0.06751153,0.0894234,0.123915926,0.119983286,0.027922407,-0.055839874,-0.18279156,-0.106433436,0.0028275773,0.0058246516,-0.13832904,0.019417167,-0.08740992,0.16758922,0.14218836,-0.13037474,0.110917725,0.005089402,0.09644948,-0.13952956,-0.08683803,-0.1419515,0.08146337,0.061263416,-0.078617156,-0.011334032,0.08834732,-0.16320373,0.11802601,0.16606201,-0.07590916
0,0.022278834,-0.15843791,0.090984985,0.004890291,-0.068432,0.06928019,-0.04827869,0.040556353,-0.049779307,-0.13818274,0.016903672,0.0067376085,-0.084233984,-0.04836183,0.026462214,0.02290564,-0.15399304,-0.01696427,0.053003766,-0.07525254,-0.06451394,0.07199529,0.18344639,0.08408449,-0.03386024,0.0855596,0.08634637,-0.2074023,0.0029624738,0.14251718,0.034152947,-0.030206889,-0.11091981,-0.14091408,0.11118013,0.06114657,0.016853191,-0.08927365,0.02334325,-0.14066997,0.007426828,0.0946379,0.04821489,-0.015912265,0.11347593,-0.061716907,0.14235562,-0.012565106,0.08930791,-0.04391454,-0.12725839,0.044169363,-0.14786509,-0.015267666,-0.06724633,-0.017092755,-0.100582235,-0.0107056,0.16463754,-0.09129798,-0.019663937,-0.005695179,-0.116186135,0.047499668,-0.05525572,0.04053638,-0.14315343,-0.04036902,0.015929256,0.060050923,-0.03257607,0.11253998,-0.074840665,0.16157833,0.13864498,0.13706172,-0.1526723,0.101474985,0.04086945,-0.029399011,0.034708783,0.0528265,0.1392127,0.0656492,0.09377688,-0.044417262,-0.11712889,-0.12823315,-0.1917475,-0.07907635,-0.015385713,-0.025900051,0.08517204,-0.1137286,-0.14872015,0.0034368671,-0.009390229,-0.06388532,0.08123753,0.121309996,0.10475737,0.031085424,-0.05258666,-0.17658585,-0.10791357,-0.003057748,0.008718364,-0.13381739,0.021924324,-0.088361464,0.16166642,0.13260074,-0.12218907,0.10165446,-0.000115185976,0.09440605,-0.13157232,-0.08090407,-0.133546,0.07265382,0.055440504,-0.075905256,-0.019015945,0.091530316,-0.15410165,0.11277674,0.15990426,-0.07346845
1,-0.09020543,-0.048154067,0.18471615,-0.08725606,-0.15174824,0.025441749,-0.18094835,-0.15594769,0.030958284,0.0254775,-0.04615101,0.026175335,-0.08949645,-0.075144105,-0.1509768,-0.092685126,-0.074189834,0.015788909,-0.0053568,-0.035810236,0.055350956,-0.020291902,0.06867933,-0.02304931,-0.20444284,0.027936377,0.04496993,-0.011688005,0.08662621,0.14293194,0.11466813,0.0003363788,-0.00076274574,-0.029811202,0.08200098,-0.112437665,-0.06414777,-0.0893986,0.07337074,-0.020729434,0.1329973,-0.030830491,0.008668078,-0.14205077,0.012269192,0.062849574,0.06485584,0.054264817,0.12050545,0.03919127,-0.011584759,0.16056561,-0.07414608,-0.0019286238,-0.17900118,0.056331072,-0.0061597563,-0.19985698,0.08827382,0.014221944,-0.009147577,0.05069104,-0.027907785,0.08124371,0.08105564,-0.05220949,-0.06937953,-0.003030559,0.10601533,0.19482607,0.020731844,-0.112930864,-0.037586253,0.075661086,-0.04125503,-0.105486825,-0.14543241,-0.020744462,-0.07291378,-0.005445554,0.15255569,0.051864676,0.063295476,-0.0019139946,-0.16021697,0.038390644,0.035790488,0.015219023,-0.16926645,0.013382845,-0.14472082,-0.033803113,0.0057809986,0.013230436,-0.049344935,-0.11362134,0.13436489,-0.0101470705,-0.043471985,0.055649333,0.030595077,0.0966177,-0.0043768287,-0.09702692,-0.14917256,-0.08243641,0.0805216,-0.058109004,0.110783696,-0.05062148,0.07925038,0.037914388,0.0411331,-0.002550615,-0.13764018,-0.041573353,0.025540132,-0.06610965,-0.011766754,-0.03764993,0.021175671,-0.054290757,-0.06958449,-0.05056414,-0.066987716,0.025111374,0.08004643,0.030328162
0,0.019005913,-0.15273933,0.08816276,0.004495455,-0.0687365,0.06533234,-0.04811966,0.038176306,-0.049978033,-0.13539757,0.013629656,0.007344462,-0.08035505,-0.049268916,0.027970102,0.023306124,-0.14919358,-0.017573629,0.04872232,-0.07434727,-0.06408998,0.071386665,0.17972319,0.085094854,-0.03744566,0.08088087,0.08367739,-0.20201631,0.001955049,0.14094937,0.032262363,-0.026451916,-0.1111128,-0.13660248,0.1122667,0.05547,0.0137790665,-0.08505236,0.025815055,-0.13649541,0.010087486,0.09283386,0.046097778,-0.017864164,0.10877365,-0.0574824,0.13860089,-0.013793934,0.088922665,-0.041583598,-0.12533945,0.043509543,-0.14581183,-0.016024215,-0.06688788,-0.016802942,-0.09481206,-0.011525003,0.16251843,-0.08740866,-0.021574274,-0.003952801,-0.1132511,0.045070346,-0.053118274,0.04064178,-0.14100412,-0.03687294,0.01807345,0.061636485,-0.030568682,0.1091085,-0.07138755,0.15678959,0.13565202,0.1318237,-0.15125592,0.099522844,0.042194225,-0.028948803,0.036739074,0.051105432,0.13630909,0.06444484,0.09167603,-0.04482097,-0.11486131,-0.12418207,-0.18370602,-0.07908831,-0.015855506,-0.027670559,0.08108431,-0.113924935,-0.14918554,0.0005155504,-0.00833917,-0.06220469,0.077330515,0.12015006,0.09733464,0.03289946,-0.051421065,-0.1734031,-0.10909141,-0.0052670315,0.00857136,-0.13085972,0.023519188,-0.08892751,0.15842366,0.12810215,-0.1166434,0.09722043,-0.0028670505,0.09243606,-0.12773152,-0.076619014,-0.12885234,0.06822708,0.052630704,-0.074686244,-0.022645034,0.091530584,-0.1492616,0.11077666,0.15779313,-0.072802186
0,0.02848104,-0.16769838,0.0941127,0.005814219,-0.06902106,0.07529621,-0.049721293,0.04581377,-0.050798353,-0.14045751,0.021726307,0.004285224,-0.09203243,-0.046312615,0.02341241,0.024487674,-0.16203105,-0.017989114,0.059282377,-0.07842466,-0.066803075,0.07629693,0.18769382,0.08457648,-0.030042235,0.09152255,0.09207747,-0.21728267,0.008571383,0.14184196,0.037469484,-0.033308245,-0.112173714,-0.14829406,0.10863769,0.069256306,0.022323444,-0.0954309,0.017532788,-0.14834613,0.003479261,0.09760749,0.052402593,-0.011706442,0.11992128,-0.06704096,0.14694072,-0.013635576,0.09174633,-0.046362676,-0.13331436,0.04611504,-0.15328103,-0.012486817,-0.064901315,-0.017576436,-0.10929207,-0.010877458,0.16747418,-0.094544806,-0.015241712,-0.010653876,-0.12069464,0.051940132,-0.06076864,0.040222526,-0.14581761,-0.045347102,0.01165292,0.059055492,-0.03712362,0.118303895,-0.080400035,0.16953504,0.14350425,0.14555062,-0.15536097,0.102768436,0.03925446,-0.03055166,0.034289576,0.056341834,0.14437148,0.06742963,0.09608996,-0.045016322,-0.123707,-0.1364356,-0.2005716,-0.08027106,-0.01662784,-0.021912836,0.090600014,-0.11464477,-0.15153256,0.006744135,-0.012450496,-0.06701937,0.08798787,0.12222818,0.11535853,0.029911723,-0.05840313,-0.18379149,-0.104530685,0.0014914274,0.0090211965,-0.13628282,0.019285634,-0.0883206,0.16735071,0.13901077,-0.12858129,0.11080479,0.0014107674,0.09672808,-0.13582826,-0.08636801,-0.14037114,0.079150535,0.062705874,-0.078040205,-0.014060706,0.0918464,-0.1610693,0.11607575,0.16394387,-0.07601966
0,0.004610736,-0.13634467,0.09213873,-0.0037296843,-0.07609832,0.057944756,-0.058836885,0.02299782,-0.04416866,-0.11938177,0.0019992776,0.011564992,-0.07471065,-0.053790666,0.017607529,0.016106676,-0.13818398,-0.018841904,0.034174845,-0.06742569,-0.052621074,0.064815365,0.16354054,0.083006606,-0.053732343,0.068515904,0.07812901,-0.18044642,0.0070850886,0.14160334,0.03837271,-0.01736778,-0.09917702,-0.121968314,0.11211165,0.033110555,0.005139012,-0.07724885,0.033299178,-0.122014925,0.025275726,0.08339876,0.04160276,-0.029122941,0.10035786,-0.040947877,0.1281529,-0.015037857,0.09153445,-0.034441963,-0.108691566,0.053349383,-0.13707687,-0.020405576,-0.07386856,-0.008777152,-0.07959541,-0.022893848,0.15776183,-0.07414048,-0.029151075,0.0030986033,-0.10577289,0.04293193,-0.042089913,0.03545128,-0.13216454,-0.028456261,0.031941853,0.06917809,-0.02771844,0.08732948,-0.063282624,0.14664288,0.11940901,0.10698026,-0.14864786,0.08167262,0.03593345,-0.028178483,0.047850326,0.044659168,0.12826341,0.061958943,0.06918806,-0.03967923,-0.09878834,-0.10503935,-0.16764659,-0.06914011,-0.02502869,-0.028057288,0.07297146,-0.10180406,-0.13968398,-0.009251518,0.0024785344,-0.054672062,0.061489627,0.113560125,0.082918026,0.04221142,-0.04828446,-0.15853986,-0.11204043,-0.010089934,0.015413528,-0.122753106,0.033102635,-0.087712705,0.14982942,0.11119356,-0.09584415,0.0865314,-0.012966067,0.07510075,-0.11221416,-0.07160328,-0.11210752,0.056254476,0.045597922,-0.06889561,-0.03293564,0.08366707,-0.13682935,0.10137888,0.15180881,-0.061951496
0,0.020235475,-0.15545131,0.08911009,0.00507633,-0.06844106,0.067116305,-0.048205443,0.039383095,-0.04978602,-0.1370161,0.015314963,0.0071734414,-0.08214328,-0.048568584,0.02741397,0.023029115,-0.15167071,-0.017240556,0.050594337,-0.07510394,-0.0644729,0.07192172,0.1812976,0.08425797,-0.035553634,0.08273397,0.084987335,-0.20438187,0.0018961728,0.14174181,0.032772407,-0.028160073,-0.110926084,-0.13856767,0.111986205,0.05788545,0.015285142,-0.0862039,0.024822183,-0.13822281,0.00843003,0.09360242,0.046620212,-0.016918458,0.11024548,-0.05936227,0.14079846,-0.013301954,0.08845574,-0.042952806,-0.12628481,0.04348627,-0.14674264,-0.015968697,-0.06718235,-0.016915616,-0.09731137,-0.01120518,0.1631053,-0.08968601,-0.021016605,-0.0048312545,-0.11434889,0.04586189,-0.054380327,0.04097376,-0.14184831,-0.03866551,0.017036062,0.060473543,-0.030831844,0.11077318,-0.072645545,0.15865268,0.13739032,0.13410817,-0.15141475,0.10078404,0.041664384,-0.029347952,0.035346966,0.051829666,0.1373485,0.064708866,0.09309445,-0.044703722,-0.11633446,-0.12648275,-0.18711898,-0.07914375,-0.015314497,-0.02669549,0.082681,-0.11423746,-0.14885896,0.0021509752,-0.0085805,-0.06288323,0.079153635,0.12065646,0.100525185,0.03176505,-0.05184746,-0.17498296,-0.108226605,-0.0044442154,0.009147061,-0.13233587,0.022635274,-0.08875514,0.16014475,0.13032636,-0.11948875,0.09911421,-0.0016526058,0.0937919,-0.12930508,-0.078586884,-0.13087568,0.07046731,0.054045286,-0.07514888,-0.0209653,0.09209511,-0.15160972,0.1114997,0.15844464,-0.07308998
1,-0.18581554,0.038690273,0.275613,-0.17270587,-0.2275374,-0.009108124,-0.29879463,-0.33374944,0.105773374,0.16442123,-0.091237605,0.040438555,-0.1003651,-0.09716994,-0.3154939,-0.19908218,-0.007969484,0.0503943,-0.042102747,-0.004492745,0.16072874,-0.106067695,-0.025253728,-0.12753275,-0.35362533,-0.013917282,0.010963546,0.15525629,0.16148576,0.1427981,0.18829496,0.017733999,0.095466375,0.060411897,0.056645256,-0.2598121,-0.13310008,-0.09937382,0.11487493,0.079203345,0.24089873,-0.14170825,-0.025677597,-0.255354,-0.07924302,0.16482264,0.008689009,0.119999975,0.14958447,0.10661697,0.08048559,0.26212144,-0.010911457,0.017043553,-0.2869515,0.1191286,0.06261614,-0.37440324,0.022074081,0.10289478,0.010075562,0.099692136,0.04948166,0.120384306,0.20491737,-0.13685301,-0.008215442,0.02246642,0.17858899,0.32312083,0.07246436,-0.31163937,-0.0116974,0.002640646,-0.1982272,-0.3178034,-0.14148442,-0.11593865,-0.18000582,0.013660685,0.25608468,0.06026489,-0.0008403361,-0.06606202,-0.38278207,0.11572306,0.16684225,0.13269266,-0.17276181,0.09693863,-0.26465333,-0.04102688,-0.058443595,0.1258767,0.034558535,-0.2160456,0.26854095,0.033557758,-0.14791971,0.004415989,-0.022685593,0.1510389,0.038790118,-0.03786265,-0.1922921,-0.15893981,0.1487861,0.0034015328,0.18667516,-0.015066106,0.01000528,-0.031222789,0.175832,-0.0915443,-0.26026475,-0.15681317,0.15950733,-0.060638066,0.088501565,-0.13032627,-0.0030845217,-0.043620758,-0.11206329,-0.18040162,0.003740117,-0.050358802,0.009154204,0.12110854
1,-0.19127169,0.041997377,0.28206614,-0.17888722,-0.2319819,-0.010440193,-0.30638766,-0.3450689,0.110735536,0.17324814,-0.09245024,0.040098548,-0.10138764,-0.0980118,-0.32600483,-0.20745875,-0.0055675656,0.052627202,-0.04189497,-0.003330715,0.16735093,-0.11123315,-0.029746503,-0.13527782,-0.36245003,-0.013351135,0.009640772,0.16337274,0.16678137,0.14305079,0.19268437,0.017190427,0.10251364,0.06544089,0.054857038,-0.26772127,-0.13644955,-0.10165099,0.11715588,0.08471105,0.24726352,-0.14822102,-0.028038234,-0.26193917,-0.08431883,0.16977523,0.0067445263,0.1244203,0.15167284,0.11131882,0.08470524,0.2692331,-0.008137517,0.018786304,-0.29602492,0.122363105,0.06466032,-0.3869053,0.019329049,0.10788959,0.013124041,0.10266262,0.05402284,0.12521422,0.21317425,-0.14207909,-0.0049424917,0.022448102,0.18058442,0.33176607,0.07476151,-0.32417774,-0.011503529,-0.00036577135,-0.20726833,-0.3298708,-0.14196976,-0.121802524,-0.18809581,0.0149807045,0.26180488,0.06252846,-0.005561009,-0.07163152,-0.3974201,0.1215792,0.17531466,0.13824777,-0.17567362,0.10203872,-0.2724226,-0.041925766,-0.06116806,0.13202181,0.03951244,-0.22328225,0.27691582,0.036506988,-0.1532172,0.0014997572,-0.0222885,0.15401784,0.04238374,-0.035602845,-0.19556087,-0.16404319,0.15185942,0.006075043,0.19016771,-0.011975981,0.008199275,-0.033847906,0.18208283,-0.096043214,-0.26907387,-0.16366553,0.16724223,-0.061213236,0.09317108,-0.13443963,-0.0037372895,-0.043202266,-0.11390394,-0.1900545,0.0072456747,-0.055020206,0.0051155165,0.12695691
0,0.030508224,-0.16970092,0.097661324,0.002530098,-0.06938124,0.078290924,-0.046848893,0.046844304,-0.050265305,-0.14259452,0.021822032,0.005276352,-0.092505254,-0.049145825,0.02403306,0.021930903,-0.16175503,-0.017421937,0.061168067,-0.075728774,-0.06720173,0.07146954,0.19225353,0.084988266,-0.027088571,0.0979946,0.08967722,-0.22058527,0.009022813,0.14582989,0.038683854,-0.038893074,-0.110999815,-0.14969409,0.108206406,0.07389109,0.02301658,-0.1016149,0.018484332,-0.14974377,0.0039382726,0.09898426,0.05505559,-0.011640549,0.1254371,-0.0702332,0.1473887,-0.009269919,0.0919096,-0.04658456,-0.13118526,0.047546223,-0.15320706,-0.012697648,-0.0664102,-0.01917032,-0.113136806,-0.0103008915,0.17048703,-0.09644459,-0.013733074,-0.009933263,-0.12324072,0.054309573,-0.058251042,0.038474835,-0.14785415,-0.0457699,0.010883614,0.059592716,-0.04069648,0.119650625,-0.083481476,0.17277253,0.14423493,0.14929974,-0.15767975,0.10326587,0.03909648,-0.027847193,0.03258853,0.05588656,0.14776465,0.06921957,0.09619832,-0.04320585,-0.11928277,-0.13606755,-0.20901218,-0.079315275,-0.017492604,-0.023098528,0.09539038,-0.1131221,-0.14886034,0.0072661377,-0.013609389,-0.067944594,0.08963143,0.12472377,0.12115912,0.027705662,-0.0551103,-0.18261921,-0.106688425,0.003351301,0.0054603927,-0.1391577,0.019616693,-0.08686909,0.1682154,0.14304774,-0.13147676,0.11112385,0.0060411543,0.09643339,-0.14061601,-0.08793651,-0.14357933,0.08205104,0.061125007,-0.078595094,-0.010758679,0.08764877,-0.16412443,0.118209705,0.16674021,-0.075418755
1,-0.44690222,0.25123492,0.56839967,-0.43521354,-0.46147263,-0.08824684,-0.6448321,-0.85112756,0.32752118,0.565364,-0.20044069,0.068554245,-0.15648721,-0.15977085,-0.8187877,-0.5237767,0.16317995,0.15622303,-0.10712602,0.079672985,0.46715575,-0.36506206,-0.26605818,-0.45258415,-0.7900907,-0.096562244,-0.08208,0.6058123,0.40305004,0.14437923,0.41574854,0.04469979,0.3698552,0.29599297,-0.015568964,-0.64756966,-0.31328318,-0.17940417,0.22003755,0.34795713,0.5416843,-0.4611925,-0.11335103,-0.57957417,-0.3267452,0.43490985,-0.13578892,0.3263785,0.24107552,0.29660112,0.32466263,0.5702822,0.1553056,0.09145637,-0.6084079,0.2926727,0.21624449,-0.90321064,-0.162121,0.35138172,0.10143357,0.22626802,0.2576957,0.26493454,0.5660798,-0.40846863,0.15585281,0.06926643,0.3649725,0.71843106,0.21255869,-0.88608944,0.028621886,-0.1794398,-0.6461011,-0.9101117,-0.14520274,-0.37993672,-0.5130363,0.06923389,0.5541249,0.10692742,-0.16796835,-0.26152503,-1.0371839,0.35783315,0.5433046,0.45215625,-0.24961823,0.34962064,-0.6308159,-0.06384694,-0.22205925,0.45894238,0.27309304,-0.5200132,0.66720206,0.14586228,-0.4264762,-0.13863084,-0.121929914,0.30143633,0.16048206,0.10300558,-0.32518122,-0.3829997,0.34652805,0.17124076,0.40242708,0.09186869,-0.1739193,-0.19119588,0.5318232,-0.32535678,-0.6145275,-0.48381242,0.53293675,-0.07435653,0.34333995,-0.38594174,-0.04929358,-0.028556325,-0.21333967,-0.5811267,0.18571311,-0.2543299,-0.18837167,0.37556353
1,0.03090721,-0.17103821,0.0980432,0.002569696,-0.069383904,0.07891299,-0.04710546,0.04740577,-0.050471254,-0.14295739,0.022220712,0.0047280416,-0.093262255,-0.04879444,0.023749638,0.022297487,-0.16269088,-0.017551903,0.061483733,-0.07595064,-0.06758751,0.072093435,0.19242291,0.08528754,-0.026759889,0.098323114,0.09029154,-0.22168304,0.009574151,0.14594714,0.039187234,-0.038956597,-0.111146286,-0.15043837,0.10797734,0.07459515,0.02353675,-0.10221141,0.017862327,-0.15052211,0.0033284537,0.09928317,0.055130094,-0.01101663,0.12602659,-0.07070449,0.14808834,-0.009519562,0.09187151,-0.04691767,-0.13174757,0.047594562,-0.15361385,-0.012647353,-0.06606646,-0.018915083,-0.11401694,-0.010134129,0.17078757,-0.09680162,-0.013512101,-0.0104653165,-0.12369678,0.054681268,-0.0588767,0.038496252,-0.14821823,-0.04639536,0.010383319,0.05955603,-0.040816247,0.12011253,-0.08390447,0.17342122,0.14466885,0.14996253,-0.15750009,0.10327614,0.038793974,-0.028100718,0.03255134,0.0558305,0.14817408,0.069312826,0.09657538,-0.043382004,-0.12045415,-0.13719822,-0.20968115,-0.07948693,-0.017579142,-0.022506364,0.09574549,-0.113142096,-0.14902392,0.007907696,-0.014097029,-0.068409085,0.0902488,0.124880865,0.1219787,0.02767073,-0.055861384,-0.18332049,-0.10618895,0.0038805157,0.0059105046,-0.13939312,0.019515451,-0.086805165,0.16910285,0.14337447,-0.13243994,0.11192583,0.006126955,0.09645874,-0.14089724,-0.088603646,-0.1443733,0.0825772,0.061959546,-0.07880008,-0.010375064,0.08819467,-0.16490768,0.11852353,0.16711825,-0.07570593
0,0.03241055,-0.17046787,0.098482944,0.0018011089,-0.06976549,0.07931712,-0.046573985,0.04747966,-0.049346104,-0.14320596,0.02222893,0.0064263716,-0.09584601,-0.049298026,0.024195885,0.020356774,-0.1622658,-0.017639676,0.063210465,-0.07640938,-0.06700473,0.07100445,0.19502176,0.08351281,-0.025796082,0.101179965,0.08907418,-0.22337073,0.010473173,0.14583868,0.039019145,-0.040645942,-0.111199,-0.1511795,0.10755147,0.07628733,0.024671517,-0.103562266,0.018105287,-0.15077034,0.004113864,0.10004778,0.056863256,-0.012130216,0.12693623,-0.07269677,0.14723517,-0.007910024,0.092433676,-0.046120293,-0.13222918,0.047487944,-0.15466647,-0.011665374,-0.06637823,-0.021081455,-0.11585235,-0.011169458,0.17111304,-0.09623561,-0.012904093,-0.012194417,-0.12461912,0.055884007,-0.058817223,0.036860842,-0.1477648,-0.045104876,0.010438945,0.05908297,-0.04257775,0.121354334,-0.08529972,0.17539869,0.14564256,0.151781,-0.1598512,0.10383544,0.039878637,-0.028236385,0.032228734,0.057235204,0.15016264,0.07087414,0.09522787,-0.041239984,-0.11664328,-0.13568486,-0.21289307,-0.07818475,-0.01840736,-0.023794115,0.09820202,-0.113585845,-0.14923728,0.0064658113,-0.012794342,-0.06864713,0.090497404,0.12544416,0.12377645,0.026824996,-0.055783633,-0.18255934,-0.10663578,0.0045299605,0.0030246116,-0.14033325,0.01983719,-0.086049266,0.16990143,0.14565095,-0.13222618,0.11241537,0.0069742054,0.096230485,-0.14182325,-0.08846962,-0.14499718,0.08385441,0.062366527,-0.079507604,-0.009068973,0.08490705,-0.16611153,0.11839038,0.16781153,-0.074180305
1,0.024655703,-0.15989,0.09471684,0.00094085746,-0.071763456,0.07287201,-0.048630193,0.043185424,-0.050582413,-0.13637386,0.016183067,0.0060468316,-0.08774019,-0.051094167,0.024616722,0.02166738,-0.1545221,-0.019561918,0.053714164,-0.07325204,-0.06503178,0.07160923,0.18480472,0.08660718,-0.033302613,0.089274116,0.08538548,-0.21186092,0.009767685,0.14281905,0.037293054,-0.03155408,-0.1104244,-0.14365377,0.109928176,0.064582646,0.019816794,-0.09545402,0.02131743,-0.14327088,0.009606231,0.096809834,0.05240334,-0.015817706,0.118945986,-0.06257396,0.14017808,-0.01211011,0.09209052,-0.043145068,-0.1268813,0.048301116,-0.15086024,-0.014271926,-0.06472454,-0.017903693,-0.10403175,-0.012171211,0.16654418,-0.089353405,-0.016319267,-0.0088455975,-0.11913955,0.051278863,-0.054437086,0.03697501,-0.14423773,-0.039532207,0.015985407,0.062223814,-0.039492227,0.11338502,-0.078858465,0.1660668,0.13827424,0.14033209,-0.15608305,0.09788066,0.039083857,-0.02678769,0.037486106,0.052723102,0.14425175,0.068237856,0.09043343,-0.043509625,-0.11474391,-0.12826948,-0.19638997,-0.07741349,-0.019420419,-0.025231555,0.08917658,-0.111020744,-0.14917403,0.0013713688,-0.01098267,-0.06475764,0.08369964,0.12164992,0.1101605,0.0323648,-0.055149794,-0.17700157,-0.107553035,0.0005173348,0.0059119426,-0.13282508,0.023485266,-0.088827856,0.16297601,0.13533275,-0.121054895,0.10635561,0.0011344925,0.091305085,-0.13372083,-0.08184179,-0.13528734,0.074496165,0.0581615,-0.07669394,-0.016109634,0.08674469,-0.1562031,0.114853784,0.1642088,-0.073566526
1,-0.43851912,0.24011615,0.5674417,-0.43413866,-0.46249855,-0.082925886,-0.63811475,-0.8419187,0.32472536,0.5554843,-0.19427529,0.06470863,-0.15768658,-0.16016841,-0.8134334,-0.5213921,0.15880983,0.1538485,-0.09904344,0.07775604,0.46170878,-0.36499998,-0.2518306,-0.4518504,-0.7828059,-0.086521804,-0.0802943,0.589876,0.40261084,0.14486694,0.41555038,0.040931743,0.36361367,0.28614128,-0.011376254,-0.63345265,-0.30694133,-0.189173,0.21409649,0.34020883,0.5322844,-0.45320076,-0.11084739,-0.57397866,-0.31898233,0.42407107,-0.13267931,0.32514286,0.23980364,0.29313058,0.31560296,0.56408024,0.1488766,0.09448725,-0.6040902,0.28770092,0.20450652,-0.895901,-0.156373,0.34687582,0.10575586,0.2181191,0.250645,0.26708308,0.5589581,-0.4094634,0.14799131,0.06377194,0.35652533,0.7164895,0.20796338,-0.8741362,0.020646583,-0.1699623,-0.63548464,-0.8945983,-0.14828321,-0.37270206,-0.5114036,0.06751729,0.54883856,0.1086387,-0.16027024,-0.25997114,-1.0256222,0.3579918,0.536778,0.4441263,-0.25859374,0.3479882,-0.62773865,-0.06411648,-0.21464176,0.45332268,0.26780862,-0.51499045,0.6637088,0.14195652,-0.41832274,-0.1343194,-0.11134866,0.29844216,0.15644257,0.09420844,-0.32465157,-0.3800502,0.34176025,0.16512217,0.3958739,0.09031748,-0.16544235,-0.18160468,0.5180128,-0.3171713,-0.6055544,-0.4764708,0.5202565,-0.08084215,0.33268917,-0.37797427,-0.0438481,-0.031422995,-0.2066155,-0.5776303,0.17614937,-0.24670425,-0.18355371,0.3684445
1,-0.4464959,0.25088993,0.56809986,-0.4349733,-0.4612635,-0.088071615,-0.64434594,-0.85043246,0.32730564,0.5648624,-0.2002703,0.0685178,-0.1563923,-0.15968308,-0.81828153,-0.5233107,0.16302131,0.15608297,-0.10704713,0.07949253,0.46674156,-0.36471948,-0.265599,-0.4522621,-0.7895068,-0.09634876,-0.08198442,0.60519314,0.40275005,0.14442089,0.41548035,0.044601474,0.36957285,0.29565868,-0.015410073,-0.6470258,-0.3129967,-0.17940064,0.21993077,0.3476684,0.54123896,-0.4607669,-0.113339975,-0.5790653,-0.32637846,0.43453985,-0.13565472,0.3261501,0.24093875,0.2964142,0.32430875,0.56986934,0.15509322,0.09140517,-0.6080458,0.29232448,0.21591184,-0.9025454,-0.16183653,0.35103604,0.10133857,0.22602527,0.25745094,0.26490858,0.56555706,-0.40826374,0.15553698,0.069144204,0.36469892,0.7179978,0.21239105,-0.88528234,0.02850845,-0.179201,-0.6454787,-0.90923136,-0.14527036,-0.37964365,-0.5126751,0.06908526,0.55374086,0.10685408,-0.16769171,-0.2613282,-1.036365,0.3575002,0.54295266,0.45173186,-0.24958223,0.34929258,-0.63027394,-0.06392238,-0.22184409,0.45855364,0.27285147,-0.5196896,0.6667859,0.14577378,-0.42605737,-0.13839602,-0.121711135,0.3012466,0.16028997,0.10275643,-0.32516074,-0.38268498,0.34623057,0.17102385,0.40209413,0.0918464,-0.17355466,-0.19101328,0.5312604,-0.3250039,-0.6140423,-0.4834567,0.53245956,-0.07444088,0.3429442,-0.38549292,-0.049154807,-0.02867984,-0.21319903,-0.5807121,0.18537652,-0.25397494,-0.18809743,0.37512153
0,0.02670623,-0.16344863,0.09823394,-0.0019474383,-0.073949754,0.07587944,-0.050008673,0.04359476,-0.049205635,-0.13626328,0.016525667,0.006403461,-0.09317021,-0.051849,0.022298023,0.02011982,-0.15675277,-0.020578599,0.055943213,-0.07341239,-0.06480491,0.07094168,0.18679565,0.08631344,-0.03280356,0.09335088,0.08584403,-0.21610482,0.014681816,0.14416611,0.040738225,-0.034059256,-0.10898848,-0.14619367,0.10836962,0.06698729,0.022338636,-0.10036708,0.019993566,-0.14548294,0.010268327,0.09805843,0.05571934,-0.016114213,0.12332913,-0.06478283,0.14168258,-0.010750737,0.09362156,-0.043825842,-0.12677428,0.05116365,-0.15229607,-0.013530472,-0.064605676,-0.018135287,-0.10850332,-0.0147253405,0.16857061,-0.0890336,-0.01530949,-0.011562161,-0.12180538,0.054642435,-0.05527755,0.034849346,-0.14435026,-0.040000707,0.016070303,0.06320755,-0.042496346,0.113984674,-0.08165186,0.17079933,0.13935222,0.14270532,-0.15854803,0.095509335,0.03791545,-0.026701033,0.038313698,0.053568535,0.14832623,0.070694044,0.08782117,-0.04161361,-0.11309787,-0.1288737,-0.20260337,-0.07550907,-0.022674546,-0.022986311,0.093936,-0.10918695,-0.14835711,0.0018063523,-0.010668581,-0.06596809,0.08535541,0.12274965,0.11542389,0.031812444,-0.057409372,-0.1774016,-0.10641195,0.004089806,0.005486544,-0.13507506,0.0242479,-0.08801536,0.16573378,0.1382295,-0.12216147,0.109441146,0.0022825152,0.088907644,-0.13525523,-0.085152775,-0.13745096,0.0782905,0.061415788,-0.0776252,-0.013871156,0.08358735,-0.16014747,0.1156979,0.16668867,-0.07179117
0,0.0246461,-0.16148649,0.093201175,0.0040668137,-0.068626165,0.07190408,-0.048150808,0.041881666,-0.04989718,-0.13931666,0.018184911,0.00647863,-0.08647849,-0.048722766,0.025616197,0.022357114,-0.1561585,-0.016937215,0.05554545,-0.07481915,-0.064953834,0.07150014,0.18578523,0.084100105,-0.031996466,0.08923853,0.08738575,-0.21110357,0.004757596,0.14367107,0.03575047,-0.032968476,-0.11049828,-0.14335729,0.11023648,0.06490494,0.018604532,-0.093169175,0.021902934,-0.14332807,0.006918706,0.09586635,0.05046887,-0.015074529,0.11745173,-0.06427136,0.1438772,-0.011399936,0.090156026,-0.04465171,-0.12791207,0.045195237,-0.14926544,-0.014495254,-0.06735432,-0.01761595,-0.104092784,-0.010415761,0.16647962,-0.09293173,-0.018350553,-0.0066406727,-0.11867695,0.04983184,-0.05574351,0.03967761,-0.14454508,-0.0420084,0.0148659535,0.059904184,-0.035147257,0.11446733,-0.07737805,0.16525777,0.13998508,0.14074719,-0.1544465,0.102007926,0.039994575,-0.029257413,0.03410492,0.054155894,0.14161623,0.06672572,0.093903705,-0.043848105,-0.117059544,-0.12978584,-0.19744074,-0.078577265,-0.016091939,-0.025324117,0.08832444,-0.11313686,-0.14833155,0.004438203,-0.010167209,-0.065344796,0.083322205,0.12193451,0.11029532,0.030288495,-0.053174194,-0.17798218,-0.10789407,-0.001310885,0.007766897,-0.13536215,0.021234304,-0.08785639,0.1631372,0.13541262,-0.12487751,0.104573324,0.0017641336,0.09472798,-0.13434377,-0.08285201,-0.1365492,0.075305596,0.05657008,-0.076491274,-0.016403154,0.089989804,-0.15712053,0.11425588,0.16177209,-0.0737306
0,0.017413545,-0.15060139,0.08955829,0.0019590445,-0.07211689,0.065788984,-0.04930851,0.038483266,-0.051070265,-0.13178612,0.01090109,0.005642675,-0.07909414,-0.05077237,0.026082745,0.023206763,-0.14837542,-0.020064097,0.045524664,-0.07188284,-0.06393359,0.071477704,0.17793679,0.08695385,-0.039441824,0.07857939,0.08236027,-0.20168959,0.0058971606,0.14114723,0.03336888,-0.024575837,-0.110335864,-0.13630149,0.113926865,0.054083508,0.015336543,-0.08620343,0.025635019,-0.13553503,0.012903079,0.09205198,0.04644072,-0.017553464,0.10891782,-0.055890754,0.13479802,-0.015904061,0.08862906,-0.040428467,-0.12415993,0.045249254,-0.14657995,-0.016337376,-0.064651884,-0.016236018,-0.09262533,-0.013487758,0.16247827,-0.08412184,-0.02081469,-0.0051470473,-0.11369941,0.045966867,-0.051470358,0.03798047,-0.1407902,-0.035861023,0.019779213,0.06424404,-0.033984825,0.10656633,-0.07201809,0.15670493,0.13372403,0.13081314,-0.15130758,0.09578091,0.041190382,-0.027957357,0.038390175,0.04945016,0.13710916,0.06385727,0.088106975,-0.044644654,-0.1135011,-0.12288413,-0.18002424,-0.077761754,-0.018180057,-0.027300835,0.07965787,-0.11225531,-0.1499795,-0.0022965781,-0.008397214,-0.061321706,0.07602652,0.1195622,0.09530881,0.036596198,-0.053452976,-0.17239098,-0.108822964,-0.0044874363,0.008511491,-0.12797856,0.026067816,-0.09077045,0.15780306,0.1270552,-0.11276745,0.09724542,-0.0039016604,0.08917555,-0.12551887,-0.07540172,-0.12738457,0.06621059,0.05401985,-0.07419866,-0.023571327,0.08959683,-0.14773446,0.11110356,0.15932058,-0.073001474
1,-0.49996805,0.29571363,0.62769777,-0.48796618,-0.50974107,-0.10538317,-0.7145042,-0.95683044,0.37225834,0.64631873,-0.22303417,0.074529774,-0.16710496,-0.1725865,-0.9208746,-0.58851194,0.19925636,0.1773775,-0.121791735,0.09710566,0.5296853,-0.41825888,-0.3153849,-0.5178802,-0.87941504,-0.114182085,-0.10066629,0.6972864,0.45175445,0.14433593,0.46258757,0.050408848,0.42555568,0.34411916,-0.0295484,-0.72852397,-0.35068884,-0.1944643,0.2410258,0.40289187,0.60388607,-0.52617955,-0.13151246,-0.6459019,-0.3772843,0.49090537,-0.16639048,0.36766136,0.26022682,0.33551782,0.37455878,0.6324443,0.18894538,0.106757015,-0.6733321,0.32846266,0.24797472,-1.0096672,-0.20004812,0.40246344,0.11991436,0.25093392,0.30043668,0.29390106,0.63933486,-0.46375406,0.18946145,0.07929385,0.40390158,0.7989808,0.24012777,-1.0028306,0.037109118,-0.2166675,-0.7374995,-1.031396,-0.1461617,-0.43434414,-0.580378,0.08040733,0.61557925,0.11545568,-0.2023628,-0.3004648,-1.1698174,0.40705782,0.62098914,0.5180698,-0.26320976,0.40129918,-0.7056786,-0.067972586,-0.25515008,0.52741736,0.32061338,-0.58175457,0.74853325,0.1693561,-0.48445377,-0.16781867,-0.14335567,0.33280972,0.18463993,0.1326248,-0.3523248,-0.42770985,0.38633162,0.20566635,0.445957,0.11332139,-0.21129663,-0.22479996,0.6053618,-0.37375745,-0.68651056,-0.55190825,0.6085082,-0.07715158,0.3967303,-0.43802947,-0.05905189,-0.025408722,-0.23467547,-0.6626675,0.222552,-0.29576513,-0.22863497,0.42677274
1,-0.30011088,0.12630118,0.41316906,-0.29464495,-0.33785564,-0.041300077,-0.45440212,-0.5676983,0.20620157,0.34313574,-0.13546741,0.04932732,-0.12863599,-0.12528679,-0.5473751,-0.34900326,0.06595528,0.09822139,-0.063093826,0.03305658,0.29966992,-0.22674224,-0.12468767,-0.28020388,-0.55146194,-0.043462753,-0.031251088,0.35077095,0.27370012,0.1435517,0.29372218,0.025598478,0.21757594,0.16087851,0.026531309,-0.42650896,-0.21077782,-0.14625621,0.15854195,0.1974408,0.37346426,-0.28509086,-0.06431929,-0.40082657,-0.18887314,0.28011537,-0.05405856,0.21589266,0.19049922,0.1906605,0.18499064,0.40132362,0.060246803,0.054887768,-0.43401667,0.19481301,0.1215845,-0.61673254,-0.05882129,0.21444532,0.058679022,0.15213303,0.14013907,0.1917963,0.3681093,-0.26545188,0.06217102,0.037479162,0.25751218,0.5073628,0.1342363,-0.57002664,-0.0015188041,-0.07313359,-0.3984029,-0.57963645,-0.14527202,-0.23146139,-0.33495334,0.038056932,0.38963002,0.08527708,-0.0718748,-0.15709701,-0.6790454,0.23000444,0.33639383,0.2722264,-0.22014815,0.21445736,-0.43375435,-0.05271464,-0.12824723,0.277443,0.1399379,-0.3544762,0.45211568,0.081675366,-0.26965222,-0.05787261,-0.05705875,0.21824887,0.09309547,0.019257896,-0.25473204,-0.26205173,0.2381704,0.07690649,0.2823274,0.03337957,-0.068605706,-0.09479753,0.32804793,-0.19213353,-0.4189671,-0.30238682,0.32283768,-0.07365451,0.19666877,-0.24337727,-0.019579243,-0.03978996,-0.15333503,-0.36552185,0.08044064,-0.13881052,-0.078693286,0.23318323
1,-0.49995202,0.2957053,0.6276915,-0.48794943,-0.509747,-0.10538417,-0.71448463,-0.9567978,0.37225077,0.6462985,-0.22303498,0.074539095,-0.16711335,-0.17258498,-0.9208685,-0.5884789,0.19924569,0.17737481,-0.121792555,0.09709715,0.52966547,-0.41823837,-0.31536344,-0.5178705,-0.8793943,-0.11417942,-0.10065093,0.6972489,0.45175046,0.14432412,0.46256807,0.050399125,0.4255453,0.34409586,-0.02953381,-0.72850174,-0.35068142,-0.19446088,0.24102482,0.40287638,0.60386616,-0.526156,-0.13152292,-0.6458829,-0.37725776,0.4908848,-0.16639918,0.36764416,0.26021788,0.3355157,0.37453628,0.6324225,0.18893173,0.106756955,-0.6733097,0.3284518,0.24796376,-1.0096416,-0.2000415,0.40244168,0.11990673,0.25091666,0.3004179,0.29389903,0.6393175,-0.46375144,0.18945737,0.07929283,0.4039024,0.79896915,0.24011761,-1.002799,0.037107106,-0.21664658,-0.73747575,-1.0313711,-0.14617236,-0.43433073,-0.58037466,0.08040043,0.6155571,0.115448855,-0.20234826,-0.3004522,-1.1697723,0.40704542,0.6209802,0.51805145,-0.26320335,0.40128025,-0.70565605,-0.06797111,-0.2551421,0.52738506,0.32060003,-0.58174515,0.7485222,0.16935517,-0.4844382,-0.16781636,-0.14335258,0.33280772,0.18462692,0.13260272,-0.35231757,-0.42768556,0.38630393,0.20566209,0.4459377,0.11332447,-0.21126641,-0.22478816,0.60534257,-0.37374955,-0.6865052,-0.5518886,0.60849804,-0.07716107,0.39671534,-0.43800724,-0.05902325,-0.02540996,-0.23466213,-0.6626618,0.22253609,-0.2957479,-0.22861768,0.42674512
0,0.026600454,-0.16462217,0.09486353,0.003002869,-0.06894151,0.074132584,-0.047373235,0.043564428,-0.049830753,-0.1405605,0.019077446,0.006190587,-0.08892019,-0.049024746,0.025477037,0.021626193,-0.15776023,-0.017083922,0.057656847,-0.07492955,-0.06579708,0.07102099,0.18840152,0.08424518,-0.030307028,0.0928526,0.08769894,-0.21478824,0.0065419525,0.14492264,0.03709905,-0.03528913,-0.11031355,-0.14529403,0.109654725,0.0682053,0.020116873,-0.09679977,0.020799197,-0.14545605,0.0062534474,0.0969439,0.052228026,-0.01419539,0.120572284,-0.06680214,0.1450268,-0.010147337,0.090512164,-0.045171343,-0.12876862,0.045776308,-0.15038452,-0.013778329,-0.067140386,-0.018287234,-0.10759119,-0.010189937,0.16810967,-0.09394052,-0.017070659,-0.007844292,-0.12059102,0.051628876,-0.056517597,0.03869351,-0.1456312,-0.04308282,0.013502758,0.060047723,-0.037325405,0.1161653,-0.079727955,0.1681091,0.14163068,0.14377943,-0.15588136,0.102522254,0.039890006,-0.028849605,0.033357445,0.054698892,0.14418694,0.06783873,0.094332784,-0.04311662,-0.117248885,-0.13120829,-0.20229551,-0.07833413,-0.016980324,-0.024906982,0.091139674,-0.112884626,-0.1481315,0.0053382143,-0.011279564,-0.06643598,0.085294366,0.12322626,0.11414325,0.029345032,-0.0535711,-0.17908198,-0.10782228,0.000794854,0.0063924715,-0.1371535,0.020999297,-0.087381236,0.16495676,0.13823129,-0.12736306,0.10654429,0.003320612,0.09476035,-0.13665181,-0.08475052,-0.13924056,0.07772435,0.058019754,-0.07723305,-0.014238071,0.08855852,-0.15978362,0.11569961,0.16356826,-0.073749974
1,-0.49643457,0.2877022,0.62957346,-0.49015886,-0.51224834,-0.10220955,-0.71207815,-0.9542887,0.3718466,0.6431872,-0.21913844,0.071878225,-0.16867787,-0.1740028,-0.9208511,-0.5898713,0.1961608,0.17617737,-0.114910744,0.09614048,0.52735513,-0.41996124,-0.30656162,-0.5195667,-0.87866807,-0.10776765,-0.10029664,0.6884042,0.4539889,0.14417046,0.46306953,0.047850583,0.4232138,0.338656,-0.027075611,-0.7194462,-0.347551,-0.20274962,0.23790878,0.39857197,0.59858483,-0.5223538,-0.13018778,-0.6440944,-0.37376264,0.4846887,-0.16362593,0.36762118,0.25939235,0.33491427,0.368115,0.631123,0.18446699,0.10910435,-0.6721135,0.32503352,0.2392064,-1.010273,-0.19650239,0.40116277,0.12485524,0.24631274,0.29592553,0.29739678,0.63667506,-0.4669909,0.18557529,0.07542187,0.3982574,0.80091304,0.23738351,-0.9997511,0.03143641,-0.21062228,-0.7333594,-1.0243481,-0.14804205,-0.4301187,-0.5822235,0.0795478,0.61322683,0.117618196,-0.19721055,-0.3023694,-1.1670353,0.409468,0.6179244,0.5130071,-0.27177528,0.40294695,-0.70665145,-0.068634644,-0.2506448,0.5258984,0.31799066,-0.58168125,0.74834347,0.16637263,-0.4790766,-0.16575396,-0.13388479,0.33156452,0.18344802,0.12639442,-0.35346156,-0.42790815,0.38500732,0.20237328,0.44275868,0.11328893,-0.20543422,-0.2171888,0.59656024,-0.3689398,-0.6837202,-0.54807544,0.60285074,-0.08240815,0.38974884,-0.43523294,-0.054696355,-0.026874103,-0.23021325,-0.6634319,0.21750563,-0.29172352,-0.22658993,0.4235341
1,-0.07255114,-0.067097105,0.17750968,-0.077848725,-0.14359973,0.034258097,-0.16473445,-0.13183348,0.022261828,0.0035640392,-0.03478083,0.022562407,-0.093014486,-0.07231207,-0.13215563,-0.08182998,-0.08659594,0.012981888,0.0076773837,-0.0406458,0.04080748,-0.010846749,0.08865692,-0.01380612,-0.18087107,0.042269103,0.05156104,-0.04164289,0.079181366,0.1437699,0.107831866,-0.008063674,-0.014849722,-0.04758858,0.083628856,-0.08515462,-0.051873416,-0.09642229,0.06430449,-0.039329708,0.11589417,-0.014368519,0.015566235,-0.12725088,0.027860675,0.043273002,0.07657607,0.05001111,0.11720317,0.028765278,-0.0294835,0.14658982,-0.08631154,-0.00016511977,-0.16733202,0.044951476,-0.024554007,-0.1789429,0.09938276,-0.0012529641,-0.0056891814,0.041165225,-0.04093996,0.0821439,0.064482704,-0.04271642,-0.0811996,-0.010894589,0.09157556,0.18004796,0.011192031,-0.082749456,-0.04708328,0.090880916,-0.017800163,-0.071316406,-0.14916068,-0.0026380569,-0.061213743,-0.008114337,0.13791588,0.05509413,0.07609452,0.0052681454,-0.130422,0.031004831,0.017647699,-0.004754374,-0.18329054,0.0035731941,-0.13149671,-0.033475026,0.019886862,-0.0012193024,-0.061823223,-0.09848822,0.11819838,-0.018903924,-0.02491114,0.06454225,0.049138248,0.08745623,-0.011078704,-0.10980978,-0.14457344,-0.0729066,0.07047433,-0.07004353,0.098982766,-0.05384296,0.0928995,0.05573172,0.016683435,0.013811,-0.11896681,-0.023774192,0.0017859228,-0.071711764,-0.031629425,-0.02018646,0.027855895,-0.05905599,-0.05838876,-0.036706626,-0.08237814,0.037308425,0.090896696,0.01818996
1,-0.42807624,0.23275694,0.5560054,-0.42325675,-0.45329112,-0.08009918,-0.6246329,-0.8217339,0.31558892,0.5396333,-0.18983571,0.0638532,-0.15598434,-0.1568661,-0.7936146,-0.5081948,0.15224108,0.15068512,-0.09707651,0.07442307,0.45025548,-0.35433623,-0.24257982,-0.43933725,-0.7650894,-0.08388706,-0.07660169,0.5733121,0.39217153,0.1450696,0.4071585,0.04003105,0.3519002,0.27695698,-0.009301141,-0.61849344,-0.2997067,-0.18478335,0.20982012,0.33010048,0.5206127,-0.44151396,-0.107318066,-0.5612922,-0.3099201,0.4136007,-0.12714773,0.3176993,0.23583046,0.28496462,0.30665687,0.55186516,0.14300996,0.091312215,-0.5913404,0.28120783,0.19940323,-0.8747866,-0.1498543,0.33712012,0.10165619,0.21319413,0.2432321,0.26107892,0.54484564,-0.39811328,0.14151369,0.06235441,0.34995338,0.7003988,0.20326853,-0.8507472,0.019630034,-0.16374694,-0.6181058,-0.8709807,-0.14779054,-0.3619044,-0.49804908,0.06537948,0.5373504,0.10655265,-0.15371588,-0.2521622,-0.99974376,0.34800726,0.5216442,0.43161866,-0.25540096,0.33764055,-0.61316097,-0.063071206,-0.20877977,0.44047245,0.25890648,-0.5020528,0.6481683,0.137332,-0.40757245,-0.12822938,-0.10872722,0.29229578,0.15115944,0.08946853,-0.31856564,-0.3715169,0.33463693,0.15916783,0.38824916,0.085573144,-0.159515,-0.17586632,0.5052467,-0.30809662,-0.5913814,-0.46343467,0.5055577,-0.080100164,0.3235383,-0.36801344,-0.04253914,-0.032223158,-0.20255975,-0.5612396,0.16918355,-0.2389451,-0.17598598,0.35892344
1,-0.42506182,0.22719336,0.55353725,-0.42242035,-0.4500371,-0.07678394,-0.6219114,-0.81506735,0.31412354,0.5355383,-0.18698601,0.062051073,-0.15661283,-0.15558085,-0.7899866,-0.5071514,0.14798105,0.14969565,-0.092699625,0.07286023,0.4466633,-0.3516729,-0.23804182,-0.43801838,-0.7603512,-0.079506055,-0.07596994,0.5657588,0.39196253,0.14564261,0.40404806,0.038643233,0.34961188,0.2728786,-0.008522831,-0.6104188,-0.2957137,-0.18839352,0.20869628,0.32590196,0.5162504,-0.43803847,-0.10470383,-0.55733734,-0.306485,0.4085937,-0.12291006,0.3165766,0.23549652,0.28191933,0.30170244,0.55033296,0.14032519,0.09131786,-0.58945316,0.27840865,0.1930047,-0.8711156,-0.14691637,0.33436543,0.10353004,0.21275917,0.23959458,0.26184005,0.54128355,-0.3973223,0.13918747,0.059588283,0.34488362,0.69774425,0.20222697,-0.8448882,0.016751181,-0.15922248,-0.6127471,-0.86282694,-0.14916733,-0.3583614,-0.4955938,0.06502121,0.53295857,0.10899035,-0.15063457,-0.25066638,-0.9928177,0.3459103,0.5170137,0.425969,-0.26081166,0.33483225,-0.61052144,-0.063338906,-0.20534727,0.43628958,0.25584877,-0.5002965,0.6443536,0.13448311,-0.4023269,-0.12631632,-0.1025669,0.28932682,0.15065275,0.084768794,-0.3186723,-0.3695323,0.33186612,0.15624721,0.38552636,0.085103594,-0.15678447,-0.17027432,0.49750856,-0.30332494,-0.5880828,-0.4590722,0.50145,-0.082027465,0.31594566,-0.36396855,-0.039514545,-0.034776904,-0.20053972,-0.5585327,0.16592497,-0.23636845,-0.17349449,0.3551086
1,-0.59866214,0.37026852,0.7464947,-0.5971695,-0.60649854,-0.13019791,-0.85034245,-1.1568425,0.46043712,0.8013173,-0.26026303,0.08241456,-0.1924057,-0.19900802,-1.1228427,-0.7200756,0.26244956,0.21786222,-0.13799237,0.12957326,0.6490613,-0.5237678,-0.39868984,-0.65065145,-1.0519652,-0.13837165,-0.13860969,0.86547196,0.55122244,0.14433336,0.5549749,0.057721294,0.5326675,0.42829192,-0.055193953,-0.8699244,-0.4166753,-0.23881133,0.2788567,0.5047646,0.7171475,-0.6476654,-0.16280566,-0.7725657,-0.46981257,0.5872237,-0.21913216,0.45010912,0.29668573,0.40616786,0.4637856,0.7531572,0.25142896,0.13948707,-0.80068266,0.39459607,0.29434365,-1.2196227,-0.2677144,0.5007665,0.16150513,0.29603854,0.37753147,0.35722068,0.7801293,-0.57635224,0.24836086,0.09332004,0.47165915,0.9594627,0.29598302,-1.2267808,0.044868883,-0.2803167,-0.9092006,-1.2565786,-0.15077554,-0.53374696,-0.7173845,0.100504495,0.7309219,0.13835424,-0.2599233,-0.37876463,-1.4265299,0.506673,0.7663205,0.6368125,-0.30807757,0.50358486,-0.854586,-0.07655378,-0.31415924,0.65662646,0.41196555,-0.7011369,0.9093821,0.20930597,-0.58732575,-0.21939692,-0.17167482,0.38998404,0.22755286,0.17797256,-0.4075881,-0.51803094,0.464885,0.26865774,0.52770054,0.15493175,-0.2772745,-0.2779646,0.73537165,-0.45810333,-0.8235323,-0.6768467,0.7485606,-0.089821145,0.4882118,-0.53378993,-0.070508406,-0.023483627,-0.27087113,-0.82335496,0.2873852,-0.37135592,-0.30280617,0.5222056
1,-0.4383397,0.23904452,0.56557935,-0.43402237,-0.46139446,-0.08282639,-0.6369452,-0.8392883,0.32302245,0.5541847,-0.19307905,0.064248644,-0.1575382,-0.15889394,-0.8118286,-0.51993006,0.15747754,0.15348819,-0.09715246,0.07714238,0.46001446,-0.3639259,-0.2509225,-0.4508469,-0.7824576,-0.087714925,-0.080873966,0.5882044,0.40154773,0.14435667,0.41351402,0.041189134,0.36193123,0.2843042,-0.00992617,-0.6305273,-0.30535963,-0.18914323,0.21425268,0.3392894,0.53165966,-0.45266116,-0.10971916,-0.5723466,-0.31984392,0.42208555,-0.12990302,0.32401526,0.23908284,0.29017323,0.31275812,0.56312954,0.14855295,0.09425528,-0.6026591,0.28686777,0.20162937,-0.89439666,-0.15606806,0.34653443,0.10641266,0.21820068,0.24927181,0.26724407,0.5579716,-0.4096782,0.14807715,0.06337816,0.35531986,0.71667564,0.20942289,-0.87230474,0.019902613,-0.16959096,-0.63402003,-0.89214855,-0.1477729,-0.36908168,-0.5103967,0.06705261,0.5469779,0.11010859,-0.15883857,-0.25965235,-1.0222362,0.3568974,0.53321373,0.4412246,-0.26102746,0.3476797,-0.62777513,-0.06444119,-0.2144676,0.45237157,0.26488858,-0.5148414,0.6629839,0.13971062,-0.41620818,-0.13227239,-0.11050674,0.29745823,0.15596527,0.09231555,-0.32533532,-0.38060197,0.34278554,0.16550854,0.395608,0.08879014,-0.16635393,-0.17868987,0.51544905,-0.3152867,-0.60579175,-0.47445253,0.5199074,-0.08109771,0.3301468,-0.37842703,-0.042581145,-0.033211105,-0.20703378,-0.57603574,0.17641051,-0.2458835,-0.18300392,0.366485
1,-0.3956995,0.20581642,0.51454365,-0.38690567,-0.41986907,-0.07181217,-0.57758933,-0.75301045,0.28540328,0.48788175,-0.17814608,0.061032772,-0.14598918,-0.14890134,-0.723933,-0.46409371,0.12918212,0.13491103,-0.09093753,0.06386184,0.40893763,-0.31766972,-0.21502489,-0.3925385,-0.7079127,-0.076134555,-0.063856356,0.5142506,0.3592651,0.14470506,0.37364933,0.03803284,0.31684726,0.24883793,0.0005471334,-0.56963694,-0.27747154,-0.16990902,0.19773936,0.29478383,0.4822717,-0.3991078,-0.096552566,-0.5174503,-0.27817225,0.38169688,-0.107867144,0.28706923,0.2230109,0.26173204,0.2748014,0.51180184,0.120068125,0.07900196,-0.5473426,0.257398,0.18195263,-0.8046247,-0.12544353,0.30397427,0.08788516,0.198709,0.21511385,0.24013275,0.49626666,-0.36012858,0.12293737,0.05682993,0.32585183,0.6454711,0.18216118,-0.77634114,0.016861957,-0.14065601,-0.5594129,-0.79434884,-0.14607607,-0.32917875,-0.45090395,0.05842606,0.49671638,0.09878998,-0.13391571,-0.22655557,-0.9127292,0.31430328,0.47212493,0.39012173,-0.2395691,0.30423594,-0.562426,-0.0607468,-0.18774334,0.39622372,0.2265992,-0.46390235,0.59190667,0.12387765,-0.37175223,-0.111384645,-0.096312344,0.2731106,0.13780144,0.0741223,-0.30080244,-0.33983454,0.30732587,0.13686197,0.35978782,0.07196098,-0.13499156,-0.1567207,0.45888236,-0.2789923,-0.54594547,-0.42174986,0.45908692,-0.07572589,0.29094845,-0.3364119,-0.038175125,-0.03180114,-0.1909737,-0.50662684,0.14817573,-0.21321759,-0.15052928,0.32601872
0,0.016346838,-0.14978743,0.08605327,0.005601421,-0.068164155,0.0628123,-0.048396226,0.03610431,-0.049627677,-0.13490781,0.012322713,0.007336989,-0.07686424,-0.049147844,0.02933856,0.023406904,-0.14725807,-0.017393958,0.04586582,-0.07427784,-0.063645735,0.07136512,0.17717606,0.084473416,-0.039099775,0.07729108,0.08204432,-0.19844645,-0.00070082024,0.14093952,0.030018635,-0.024208777,-0.11116424,-0.13387325,0.11423967,0.051414084,0.012640387,-0.08067527,0.028127622,-0.13355115,0.010435041,0.09178127,0.04354202,-0.018698867,0.10452612,-0.05505322,0.13747989,-0.015104277,0.08659062,-0.04123585,-0.12457036,0.04184623,-0.14390813,-0.017352894,-0.06689103,-0.01615607,-0.09081771,-0.012051111,0.16044307,-0.08642234,-0.023651391,-0.002813492,-0.11092413,0.042736392,-0.052000158,0.04152859,-0.14009336,-0.035620764,0.019265067,0.061012227,-0.027267896,0.10668144,-0.068148464,0.15255132,0.13424066,0.12869611,-0.14908743,0.09953034,0.04297862,-0.029698443,0.03637132,0.049652196,0.13363335,0.06269772,0.09209807,-0.04535047,-0.1145165,-0.1229957,-0.17767274,-0.07943133,-0.014628213,-0.02774021,0.07798235,-0.11523963,-0.14963144,-8.408725e-05,-0.00711493,-0.061069272,0.07427435,0.1196186,0.09177436,0.033492424,-0.05043101,-0.17196542,-0.109263405,-0.006986484,0.009886559,-0.12984142,0.024474785,-0.08974428,0.15716818,0.12553583,-0.11442356,0.09355037,-0.004050605,0.09229981,-0.12487586,-0.074530035,-0.1257456,0.06549935,0.05095057,-0.073990695,-0.025490351,0.093671255,-0.14674872,0.10959574,0.15584221,-0.072531745
1,0.02503324,-0.1619829,0.09333077,0.003989203,-0.068692304,0.07234929,-0.047939934,0.042429917,-0.05001099,-0.1394208,0.01838741,0.006274231,-0.086716145,-0.048837993,0.02570517,0.022117794,-0.15644978,-0.01702597,0.055900574,-0.07497242,-0.06511016,0.07156173,0.18624423,0.08406252,-0.031630203,0.08964487,0.087487355,-0.21153368,0.005016122,0.14370209,0.036002506,-0.033243977,-0.11068523,-0.1437103,0.11018041,0.06544787,0.019032203,-0.09364294,0.021651924,-0.14366451,0.0067977346,0.095975205,0.050747856,-0.014913246,0.11784778,-0.064706154,0.14398503,-0.011327397,0.09019242,-0.044780783,-0.1281217,0.045234814,-0.14937489,-0.014357589,-0.067170404,-0.017825725,-0.10452702,-0.010295646,0.16667709,-0.09307076,-0.017981037,-0.0068595186,-0.11878856,0.04997131,-0.055909872,0.039572984,-0.14469254,-0.042310998,0.014362905,0.059844505,-0.03558632,0.11483094,-0.077794895,0.16546862,0.14034145,0.14131786,-0.15463714,0.10223174,0.040080428,-0.02910817,0.033977054,0.054097183,0.14194566,0.06666669,0.094294176,-0.04386211,-0.117421925,-0.1301412,-0.19788608,-0.078736395,-0.016193442,-0.025383502,0.08854526,-0.11311838,-0.14853236,0.0046928227,-0.010518821,-0.06532521,0.08387277,0.1222675,0.11070681,0.030221228,-0.05330441,-0.1783301,-0.10785279,-0.0010402985,0.0075175725,-0.13568187,0.021181263,-0.08793345,0.16332139,0.13581954,-0.12517883,0.10483165,0.0020182803,0.094866544,-0.13461505,-0.08313802,-0.13684765,0.07565535,0.05688129,-0.07659571,-0.016095594,0.08990213,-0.15744627,0.114498615,0.16189522,-0.07385157
1,0.022633854,-0.15855512,0.094383545,0.00095010176,-0.0718212,0.0713689,-0.049629528,0.040919784,-0.049832385,-0.13573423,0.015271079,0.006263502,-0.0868036,-0.050782043,0.02373622,0.022086471,-0.15382865,-0.019152706,0.052112363,-0.07349385,-0.0642493,0.070945986,0.18323117,0.08638476,-0.03540987,0.08702832,0.08513854,-0.209069,0.008979842,0.14323932,0.037279315,-0.030519105,-0.10995825,-0.14174992,0.11018884,0.061405424,0.018431768,-0.0933358,0.022522867,-0.14124903,0.009582356,0.09555662,0.051104367,-0.016758606,0.11711398,-0.060925983,0.1404342,-0.012473341,0.09187211,-0.04312417,-0.12558159,0.049029496,-0.1494442,-0.015330505,-0.06578799,-0.016571233,-0.10217323,-0.013311854,0.1657505,-0.08818664,-0.017709807,-0.007609971,-0.11754557,0.049612526,-0.054006055,0.03764886,-0.14319265,-0.0388596,0.01726089,0.062487334,-0.03669791,0.11107349,-0.076579995,0.16432507,0.13713156,0.13720936,-0.15486139,0.09657043,0.039442908,-0.027211767,0.03804042,0.051520273,0.14296338,0.067895465,0.09008616,-0.04353646,-0.1146664,-0.12748693,-0.19350502,-0.077433735,-0.019705549,-0.024337567,0.08797786,-0.11094033,-0.14833166,0.0015537888,-0.010129377,-0.0637094,0.081750154,0.12177588,0.10698249,0.032620866,-0.054919492,-0.17575544,-0.107427254,-0.00020770729,0.0075743683,-0.13294485,0.024204973,-0.088546686,0.1621989,0.13328774,-0.11982663,0.10377986,9.5546246e-05,0.09029001,-0.13195273,-0.081940725,-0.1331156,0.07347984,0.057627063,-0.07627657,-0.01811625,0.088002585,-0.15485537,0.11375847,0.16309771,-0.07278651
1,-0.0051455013,-0.12955335,0.10703259,-0.016496172,-0.08926892,0.056328967,-0.07534157,2.8287526e-05,-0.035116684,-0.09832291,-0.005059913,0.011882739,-0.07848567,-0.05692247,-0.00632732,-0.0004975209,-0.13251789,-0.016381098,0.030933123,-0.06296345,-0.037981015,0.052832104,0.15462448,0.06776655,-0.07416847,0.06690153,0.07463189,-0.16469729,0.022500496,0.14298263,0.049484678,-0.018022612,-0.0849506,-0.11188568,0.10856817,0.020821434,-0.0011647269,-0.08624699,0.036183834,-0.10946914,0.037434507,0.06856566,0.039031282,-0.0409601,0.092834234,-0.02885112,0.117332354,-0.0047415686,0.09368119,-0.021475816,-0.09740575,0.06904775,-0.13323626,-0.017254323,-0.08624471,-0.0029748548,-0.073422626,-0.048978295,0.15052068,-0.06358106,-0.023199372,0.006240081,-0.09941448,0.05274247,-0.0263936,0.019679965,-0.12385307,-0.028273294,0.04012343,0.0866019,-0.026072219,0.061602723,-0.063796595,0.14354998,0.09883265,0.084965535,-0.15000053,0.066018775,0.020596042,-0.025038797,0.06054671,0.046373382,0.12249936,0.0526321,0.035898298,-0.027474172,-0.078844525,-0.09026896,-0.17262943,-0.05556881,-0.042771984,-0.030265614,0.066469595,-0.08495884,-0.12633865,-0.026223835,0.01781289,-0.049859785,0.04951925,0.103835806,0.08466534,0.05014443,-0.042337574,-0.15102747,-0.11590858,-0.016576696,0.021777863,-0.11596784,0.042743403,-0.08120504,0.14526497,0.10433781,-0.08258179,0.0780327,-0.0290398,0.05861041,-0.094578676,-0.073950954,-0.103453904,0.045265213,0.044982854,-0.06633252,-0.032244936,0.06264292,-0.13100299,0.09312168,0.14324869,-0.05048439
1,0.029243808,-0.16679168,0.09584978,0.0036758147,-0.06919262,0.076434925,-0.047324456,0.045880165,-0.050647877,-0.14115793,0.021399383,0.0052777156,-0.090511754,-0.049146853,0.024758222,0.022754475,-0.16029146,-0.017431263,0.05956781,-0.0757622,-0.06658135,0.07272018,0.18998337,0.084886774,-0.028553337,0.094629325,0.08902775,-0.2178882,0.007925622,0.14420539,0.037467543,-0.036864847,-0.11199285,-0.14820296,0.10871312,0.07141785,0.022133559,-0.098199,0.018969662,-0.14791343,0.004459694,0.09827849,0.053710073,-0.012630191,0.12285185,-0.06807012,0.14631402,-0.010822561,0.09197907,-0.04645046,-0.13074936,0.04696447,-0.15282853,-0.013208106,-0.065952435,-0.01882166,-0.11010609,-0.010656526,0.16859896,-0.09551294,-0.014363252,-0.00979282,-0.12123232,0.052929234,-0.057748936,0.039469484,-0.14684954,-0.044815704,0.011947319,0.059212595,-0.039165445,0.11876021,-0.081801005,0.17076308,0.14326797,0.1475319,-0.15691619,0.10271538,0.03907445,-0.028107878,0.033718597,0.05520431,0.14568798,0.06823373,0.09644647,-0.044020206,-0.11944821,-0.13514577,-0.20416045,-0.07985987,-0.016972352,-0.023544751,0.09295985,-0.113787,-0.14979246,0.0060413852,-0.012871154,-0.066971466,0.08849834,0.123442076,0.11798376,0.028393727,-0.05541319,-0.18221487,-0.106587075,0.0016924851,0.006692743,-0.13759792,0.019606315,-0.08755141,0.16666627,0.14069173,-0.12933457,0.10982451,0.0045978576,0.09638026,-0.13852452,-0.085970104,-0.14080155,0.0802715,0.06041277,-0.0782535,-0.0123514235,0.08904961,-0.16201915,0.11732237,0.1651378,-0.075924315
1,-0.1113074,-0.03170716,0.21217886,-0.111326955,-0.17268594,0.02023655,-0.21152341,-0.20190339,0.05162156,0.059128262,-0.05321614,0.028189,-0.095877096,-0.08096494,-0.19626525,-0.12367702,-0.06026444,0.026185196,-0.007990098,-0.028484903,0.08262737,-0.044201486,0.050434526,-0.054166585,-0.24037075,0.024856158,0.03799241,0.025459755,0.10813718,0.14385045,0.13623826,-0.00014449656,0.02381885,-0.010859322,0.07411662,-0.14462957,-0.07927343,-0.09885169,0.08147526,0.0010628849,0.15880002,-0.058282275,0.001649349,-0.1716313,-0.008686167,0.08449688,0.054001845,0.07467922,0.12876533,0.055791788,0.0078021623,0.18714894,-0.060648344,0.006190002,-0.21005352,0.07053086,0.0039696693,-0.24756958,0.0733872,0.034545824,0.001013048,0.061235033,-0.0098914355,0.09662971,0.11329356,-0.075604014,-0.05656652,-0.0003688652,0.12037943,0.23000008,0.03196476,-0.16195385,-0.035888273,0.06116579,-0.079937756,-0.15595119,-0.14710933,-0.041604873,-0.103201285,-0.00051085185,0.17865428,0.057748728,0.04952877,-0.020154316,-0.21798699,0.06090883,0.06939933,0.041880786,-0.18175408,0.03592065,-0.17798439,-0.036066115,-0.006230682,0.042608596,-0.028391697,-0.13922203,0.17063019,-0.00073605217,-0.06683134,0.044188194,0.02646651,0.10920961,0.0063738264,-0.08595583,-0.16152631,-0.102925085,0.0973077,-0.04549346,0.1287382,-0.039994918,0.06523527,0.026847351,0.070676036,-0.021994183,-0.16790192,-0.06965061,0.055719074,-0.06891272,0.008936446,-0.057254646,0.017796263,-0.054194048,-0.076341785,-0.08723709,-0.053360216,0.0072419345,0.06279135,0.053796962
1,-0.4267861,0.2290613,0.5537494,-0.422514,-0.4520177,-0.07933295,-0.6214643,-0.81758565,0.31390452,0.53749573,-0.1894509,0.06313545,-0.15469338,-0.15737402,-0.7902894,-0.5066995,0.14924522,0.14784342,-0.09535685,0.07447215,0.44772348,-0.35250437,-0.24067983,-0.43631834,-0.7638155,-0.08315677,-0.076186135,0.5675149,0.391973,0.14429623,0.40425438,0.039842214,0.3513898,0.27486575,-0.0075225234,-0.61455107,-0.29850104,-0.18560782,0.20911843,0.3272914,0.5187367,-0.4382258,-0.106416404,-0.55840987,-0.3074329,0.41173822,-0.12514105,0.314076,0.23502716,0.28406578,0.30294767,0.5505772,0.13986209,0.090442866,-0.58838713,0.27873108,0.19546178,-0.8723904,-0.1472578,0.33578417,0.10210005,0.21216713,0.23963302,0.26140887,0.54174143,-0.3976257,0.14146528,0.060714416,0.3475922,0.69822305,0.2001273,-0.8485054,0.018192839,-0.1600845,-0.61483866,-0.86650574,-0.1478883,-0.3609914,-0.49629784,0.0647802,0.5341348,0.10658289,-0.15173207,-0.2517147,-0.99576527,0.3473364,0.5193264,0.4278469,-0.25558603,0.33766544,-0.6112004,-0.06325237,-0.20638898,0.43830034,0.255494,-0.50241727,0.64461493,0.13635184,-0.40467426,-0.12790932,-0.104590416,0.29155007,0.15087762,0.08774003,-0.31886983,-0.36915818,0.33265164,0.1573029,0.38584697,0.08525955,-0.15576418,-0.17307946,0.5000041,-0.30540958,-0.5901103,-0.4620836,0.50336117,-0.080774136,0.31987727,-0.3669498,-0.041150663,-0.031590335,-0.20217678,-0.5593252,0.16811705,-0.23720613,-0.17420126,0.3560209
0,0.03019553,-0.16987209,0.09563986,0.0049085002,-0.06928326,0.077163115,-0.04874848,0.04698708,-0.050846882,-0.14158837,0.022283476,0.004395146,-0.09434487,-0.046404786,0.02277564,0.023871232,-0.16329688,-0.017919295,0.06120941,-0.07834822,-0.067322634,0.07545744,0.19013354,0.08457208,-0.028564155,0.09485901,0.0924088,-0.22020559,0.009909021,0.14307189,0.038398422,-0.03575489,-0.11181839,-0.14979728,0.10776173,0.07211697,0.0233038,-0.09841328,0.016652599,-0.14999054,0.0030288957,0.09845616,0.05410722,-0.011367016,0.12291524,-0.06942534,0.1476017,-0.011923477,0.09248816,-0.04665567,-0.1336689,0.04688805,-0.15434006,-0.011902571,-0.06526562,-0.018317537,-0.11223205,-0.010674851,0.16875711,-0.09528753,-0.0142580345,-0.011511527,-0.122496106,0.05353949,-0.061124515,0.03932297,-0.1465539,-0.04570075,0.011037122,0.05914753,-0.03908983,0.119909726,-0.082574695,0.1723277,0.14503595,0.14815839,-0.15704055,0.10330229,0.039068714,-0.03006285,0.03390409,0.057172302,0.14669153,0.06886017,0.09620042,-0.04412192,-0.12305414,-0.1373607,-0.20553994,-0.079838715,-0.017527066,-0.02192349,0.09328966,-0.1143043,-0.15076616,0.0071261525,-0.013055505,-0.068032764,0.08973819,0.12337284,0.1190725,0.029017478,-0.058407877,-0.18415344,-0.10480701,0.0030746832,0.0073447004,-0.13758299,0.018845,-0.08765282,0.16848794,0.14161272,-0.13065705,0.11231765,0.002871722,0.096756056,-0.13811807,-0.087824725,-0.14252308,0.08116315,0.063681886,-0.07862871,-0.011904083,0.089880876,-0.16322182,0.11692573,0.16543353,-0.0755971
1,-0.28650546,0.12180427,0.39048687,-0.27357727,-0.3174973,-0.039678235,-0.4348112,-0.53496724,0.19157338,0.32077178,-0.13314149,0.051201385,-0.12408604,-0.120420285,-0.51276326,-0.3250545,0.057549745,0.092981294,-0.06660971,0.028067343,0.2798514,-0.20610303,-0.1201749,-0.25506467,-0.52172387,-0.04671915,-0.02430868,0.3317195,0.25556406,0.14282551,0.27678147,0.026933968,0.20161375,0.15130942,0.026408847,-0.40974784,-0.20256767,-0.130163,0.15551734,0.18327686,0.3581544,-0.2672992,-0.058870524,-0.3811435,-0.17547937,0.26827425,-0.047472127,0.20223466,0.18537807,0.17945692,0.17527679,0.38174218,0.054168113,0.046984795,-0.41205585,0.18682583,0.12352814,-0.57990277,-0.05095537,0.19775817,0.045949385,0.14973885,0.13109922,0.17682321,0.34662834,-0.24204326,0.05549498,0.04074101,0.2515275,0.47669122,0.12788954,-0.5340254,0.004068483,-0.068730876,-0.37308952,-0.5481694,-0.14271714,-0.21691205,-0.31032622,0.03580007,0.37181407,0.08023858,-0.06673433,-0.14169373,-0.6376087,0.20959993,0.3122146,0.2558018,-0.20464379,0.19406876,-0.40702027,-0.049650192,-0.12359896,0.2553365,0.1273095,-0.3331871,0.4237649,0.07610404,-0.2554991,-0.05180324,-0.061660886,0.20915674,0.08592358,0.01615598,-0.24262884,-0.24717295,0.22662726,0.07020788,0.27145743,0.026396357,-0.063868955,-0.093150645,0.31532568,-0.18212529,-0.39893436,-0.2823787,0.3053817,-0.064791694,0.18754098,-0.22993274,-0.021446344,-0.03858179,-0.15030438,-0.3369662,0.07490435,-0.1304794,-0.068179876,0.22062606
1,0.030045632,-0.16790652,0.09632116,0.0036690272,-0.069154166,0.07687417,-0.047018602,0.04613871,-0.050566986,-0.14184032,0.021302994,0.005298052,-0.092037246,-0.04894553,0.024610486,0.02249065,-0.16104797,-0.017660469,0.060319774,-0.0765612,-0.06696217,0.07248644,0.19127391,0.0848262,-0.028456833,0.096191905,0.088789634,-0.21966101,0.008946808,0.1447159,0.03747005,-0.037474796,-0.112506166,-0.14863893,0.10848147,0.07254608,0.022752024,-0.09927395,0.01878488,-0.14837205,0.003690254,0.09892233,0.054256655,-0.012394447,0.12354517,-0.06889799,0.14618745,-0.010262825,0.091992564,-0.04592137,-0.13171971,0.047393292,-0.15374765,-0.012859549,-0.06550457,-0.01951062,-0.111764304,-0.010955306,0.16891107,-0.0948973,-0.013779692,-0.010676131,-0.12178172,0.053333353,-0.058518372,0.03878063,-0.14728738,-0.044191286,0.011423122,0.059232153,-0.03959819,0.11911408,-0.082476124,0.1714436,0.14401205,0.14837408,-0.15747587,0.10273534,0.03976469,-0.028191984,0.03365762,0.055220954,0.14749189,0.06923038,0.096708685,-0.043512106,-0.119129345,-0.13582648,-0.2056725,-0.07993617,-0.017570667,-0.02338159,0.09435946,-0.11437315,-0.15018933,0.0060477033,-0.013482468,-0.06720784,0.08870902,0.124480814,0.11848451,0.027908381,-0.055810135,-0.18230203,-0.106439784,0.0029060245,0.005047392,-0.13832808,0.020056799,-0.08722557,0.16790459,0.14217006,-0.13009138,0.10994116,0.0049113035,0.09638873,-0.13912238,-0.08671086,-0.14163667,0.08076389,0.061373618,-0.07881324,-0.011896346,0.08857649,-0.16253597,0.1179317,0.16617069,-0.0757243
1,0.026043814,-0.16179644,0.09553159,0.0009306185,-0.07167069,0.07408589,-0.048402667,0.044041667,-0.05063349,-0.13719936,0.016982067,0.006028451,-0.08953683,-0.05091375,0.024363296,0.021442976,-0.15591855,-0.019543808,0.05536265,-0.07377869,-0.065458015,0.071658604,0.18631159,0.0864151,-0.03234266,0.09128491,0.08597147,-0.21418875,0.010742966,0.14326541,0.037956677,-0.032965638,-0.110573396,-0.1449922,0.10946484,0.06668292,0.020744808,-0.09723479,0.020486481,-0.14466465,0.0088769235,0.097541645,0.053480588,-0.015301466,0.12069988,-0.064073585,0.14115682,-0.0115298,0.0924474,-0.043493137,-0.12775272,0.04864532,-0.15187499,-0.013729721,-0.06457731,-0.018381083,-0.106243975,-0.012040751,0.1672544,-0.09017177,-0.015592955,-0.0097447485,-0.12031352,0.05236439,-0.055362724,0.036713056,-0.14487596,-0.040199623,0.01518232,0.061966904,-0.0405462,0.11465788,-0.08023958,0.16792063,0.13953227,0.14229049,-0.15697831,0.09844549,0.039059304,-0.026935551,0.03703771,0.053518824,0.14579348,0.06901237,0.09092189,-0.043125495,-0.11506414,-0.12932062,-0.19937363,-0.07737635,-0.019818485,-0.024876915,0.09092376,-0.11117932,-0.14922836,0.0019393861,-0.011524813,-0.065469995,0.084999606,0.12223102,0.11275567,0.031603135,-0.055652943,-0.17792541,-0.107290976,0.0017252229,0.005158905,-0.1339485,0.023012172,-0.08856664,0.16421579,0.13723038,-0.12272306,0.10772084,0.0018971637,0.0917542,-0.13503502,-0.08305108,-0.13689429,0.07610547,0.059232693,-0.07718122,-0.014778983,0.08622784,-0.15784746,0.11570178,0.16519266,-0.073658295
0,-0.12378658,-0.0124738775,0.21015154,-0.11049429,-0.172764,0.009424211,-0.21699566,-0.21354513,0.053744595,0.07034842,-0.06497104,0.034742862,-0.089326434,-0.08196201,-0.19861698,-0.12182785,-0.048549846,0.0274969,-0.02587981,-0.025335662,0.0892764,-0.045757778,0.030890957,-0.050777003,-0.2515664,0.007759001,0.03510002,0.048255187,0.10549597,0.14233977,0.13626882,0.008842781,0.031342298,0.0051828437,0.07241501,-0.16876733,-0.0905651,-0.080808565,0.08989267,0.014180552,0.17095807,-0.066525325,-0.0043851845,-0.17862484,-0.018491384,0.10098103,0.04448477,0.072020985,0.13085136,0.06212806,0.02312433,0.19130608,-0.050592195,0.0007314794,-0.2123891,0.07809946,0.025106367,-0.25093788,0.066005915,0.042702496,-0.010451131,0.070039354,0.00060931407,0.08868538,0.120766476,-0.07233629,-0.047164135,0.010866443,0.13509211,0.2300685,0.03807503,-0.17724526,-0.022681735,0.04641677,-0.09289944,-0.17818303,-0.14158675,-0.05462415,-0.1023048,-0.00023326185,0.18648487,0.048745576,0.037642147,-0.019238483,-0.22961205,0.05966922,0.080419764,0.057916164,-0.15679893,0.037954986,-0.17989576,-0.03498228,-0.017718317,0.048875235,-0.021883838,-0.1434724,0.17460515,0.0064041223,-0.082155354,0.038187947,0.0034023393,0.11526355,0.010074224,-0.07078587,-0.16181237,-0.10489014,0.10217936,-0.037476704,0.13621765,-0.039157845,0.054665923,0.006967075,0.09211562,-0.036571503,-0.17604709,-0.08143223,0.07064946,-0.058885675,0.028664097,-0.06834767,0.008036751,-0.048203196,-0.088832274,-0.0881052,-0.0397473,-0.001946494,0.05663328,0.061583936
1,-0.58601135,0.35760048,0.7337187,-0.58518976,-0.59753394,-0.12743169,-0.8322559,-1.1342084,0.44976506,0.78182375,-0.25485253,0.07988293,-0.18908188,-0.19721636,-1.0985068,-0.70494914,0.25472456,0.21216354,-0.13340843,0.12542507,0.63419485,-0.51296294,-0.38456228,-0.63517106,-1.0327597,-0.13229814,-0.13313235,0.8405539,0.54091626,0.14464828,0.54454803,0.05573551,0.5186441,0.4171113,-0.04980231,-0.8503257,-0.40831897,-0.23727499,0.27267507,0.49075603,0.70167464,-0.63183045,-0.15953045,-0.7572489,-0.45806223,0.5751259,-0.2126908,0.4397777,0.29184526,0.40023315,0.4497431,0.73874694,0.24034718,0.13698094,-0.7850258,0.38455755,0.28555962,-1.1964397,-0.2583892,0.48898852,0.16034669,0.28710246,0.3660435,0.35126284,0.7621183,-0.56554615,0.24016319,0.08937959,0.46054807,0.9422666,0.28520277,-1.1999259,0.04124282,-0.26989913,-0.8878427,-1.2278976,-0.15140992,-0.52096,-0.70124567,0.097949795,0.71698326,0.135416,-0.25172046,-0.37159625,-1.3955013,0.4966448,0.74913865,0.62206703,-0.30493152,0.49371886,-0.8377692,-0.07649599,-0.3043467,0.64231753,0.3995824,-0.688718,0.88992333,0.20412815,-0.57397395,-0.21345192,-0.1626406,0.38406876,0.22375864,0.17135233,-0.40182948,-0.50657994,0.45399344,0.25902826,0.51621073,0.15056628,-0.26567614,-0.26836723,0.71611935,-0.44751528,-0.80639935,-0.6621056,0.72979236,-0.09167817,0.4749936,-0.5223341,-0.06719677,-0.023521371,-0.26386872,-0.80552983,0.27746904,-0.36040226,-0.29393634,0.51013535
0,0.024173994,-0.16164704,0.09326022,0.0036451556,-0.06861778,0.07177289,-0.04785707,0.041957762,-0.04976552,-0.13961364,0.018003155,0.006426599,-0.086035006,-0.048773102,0.025849393,0.022159994,-0.15578613,-0.016800933,0.054985747,-0.07479792,-0.06502814,0.07074044,0.18624857,0.08407172,-0.031842895,0.089431204,0.08706798,-0.21073547,0.0041413438,0.14420417,0.035674483,-0.032857798,-0.11034173,-0.1430419,0.11060377,0.06472051,0.018409863,-0.09325461,0.022431709,-0.14303064,0.0066731535,0.095633194,0.050061956,-0.014806651,0.11713051,-0.06447854,0.1435858,-0.0111851245,0.08969821,-0.0444372,-0.12777093,0.044928662,-0.14872275,-0.014720403,-0.06751323,-0.017499207,-0.10407119,-0.010227127,0.1667458,-0.09282788,-0.018323127,-0.006197177,-0.11839203,0.049264017,-0.05544339,0.039590113,-0.1446531,-0.041944586,0.014633063,0.059958644,-0.03488101,0.11407344,-0.07710378,0.16461082,0.13976257,0.1402248,-0.15399066,0.10222915,0.040415734,-0.029031064,0.033656284,0.053408746,0.14139277,0.06663549,0.094079,-0.04362671,-0.11711541,-0.12976047,-0.19714174,-0.07876329,-0.01592173,-0.025493622,0.08801389,-0.11303502,-0.14805457,0.0048887655,-0.010295024,-0.065129675,0.0831442,0.12231519,0.10934752,0.03035473,-0.05259513,-0.17772052,-0.108118705,-0.0014229752,0.007664783,-0.13557535,0.021596253,-0.08779695,0.16324556,0.13527766,-0.124889635,0.103658065,0.0019971132,0.09462978,-0.13434812,-0.08305875,-0.13657698,0.07501854,0.056325313,-0.07652514,-0.016648177,0.09004392,-0.15693817,0.11412831,0.1618577,-0.07366815
0,-0.027105851,-0.1064406,0.12032778,-0.030022217,-0.10137887,0.04555722,-0.09681292,-0.03375037,-0.022106666,-0.070102066,-0.018081125,0.016749471,-0.07788704,-0.06089979,-0.03379947,-0.016581636,-0.11693686,-0.011277448,0.016430214,-0.05601604,-0.018570712,0.03896539,0.12939453,0.054099493,-0.10332453,0.051816233,0.06778408,-0.12707847,0.033605106,0.1417259,0.061236255,-0.010793254,-0.06574671,-0.08938362,0.10261029,-0.0146506205,-0.017493237,-0.07908865,0.046522457,-0.087276146,0.06027277,0.047463596,0.030478174,-0.062075257,0.07375631,-0.005006237,0.10318075,0.004826821,0.09944733,-0.006967118,-0.075419724,0.08853339,-0.11883744,-0.016836822,-0.104384184,0.010838762,-0.05227349,-0.078482725,0.13634199,-0.045711134,-0.024336662,0.018104438,-0.08165241,0.055041667,-0.0032896064,0.0077014565,-0.11002543,-0.018510422,0.05838883,0.106886,-0.015538342,0.021980498,-0.05317488,0.12511021,0.066573545,0.040068105,-0.14608009,0.043495245,0.0038502067,-0.020431448,0.08121528,0.04385499,0.10657826,0.042998902,-0.006899787,-0.015804615,-0.05327717,-0.064318925,-0.16061872,-0.04197822,-0.06292902,-0.029912964,0.050240953,-0.06412688,-0.109963804,-0.04487329,0.0404674,-0.03872203,0.026017629,0.09201668,0.06528934,0.061712194,-0.03389591,-0.13435802,-0.12196225,-0.029488316,0.034283154,-0.101199396,0.057928406,-0.07466001,0.13010603,0.08360023,-0.050711334,0.057419933,-0.05372881,0.034860536,-0.06577733,-0.06775878,-0.07775977,0.025290191,0.03662915,-0.061051358,-0.044402726,0.040684894,-0.11268146,0.0760607,0.12988949,-0.031096969
1,-0.39566034,0.20579067,0.5145333,-0.3868792,-0.41986206,-0.07181254,-0.5775319,-0.7529065,0.28538802,0.4878511,-0.17813365,0.06104918,-0.14601181,-0.14887503,-0.7239015,-0.46401364,0.12915438,0.13489188,-0.09095642,0.063837595,0.4089066,-0.3175849,-0.21498185,-0.39252567,-0.70783925,-0.07610665,-0.063859485,0.51416534,0.3592335,0.1446707,0.37360266,0.03802823,0.31682333,0.24880977,0.00056440383,-0.5695811,-0.27744412,-0.16988337,0.19774374,0.29476795,0.48222,-0.39907238,-0.096609585,-0.51737374,-0.2781446,0.38165647,-0.10789653,0.28704792,0.22299093,0.26174098,0.27475527,0.5117587,0.12001849,0.07900354,-0.5473068,0.25734946,0.18192881,-0.8045406,-0.12543255,0.30392754,0.08787703,0.1986735,0.21509725,0.24013627,0.49620908,-0.3601277,0.12292017,0.056830026,0.32583392,0.6454382,0.18213609,-0.7762625,0.01685213,-0.14063562,-0.55936533,-0.79427123,-0.14608192,-0.32915375,-0.4508881,0.058396652,0.49666834,0.09878123,-0.13388936,-0.22652994,-0.9126323,0.3142811,0.47213173,0.39008224,-0.2395488,0.30417866,-0.5623274,-0.0607724,-0.18774109,0.39615852,0.22657327,-0.4638934,0.59187806,0.123888336,-0.3716949,-0.11139715,-0.09630263,0.2730917,0.13780421,0.0740852,-0.30080926,-0.33980125,0.30726254,0.1368665,0.35974765,0.07196619,-0.13492493,-0.15668908,0.45882863,-0.278936,-0.545912,-0.42169467,0.4590523,-0.075749665,0.29090464,-0.33636314,-0.03812139,-0.031807356,-0.19092491,-0.50661576,0.14813545,-0.21319231,-0.1505145,0.32593143
1,-0.40551227,0.21358556,0.52702636,-0.39807272,-0.43034828,-0.074771404,-0.59096664,-0.7737925,0.2943509,0.5033651,-0.18186238,0.062218003,-0.14880022,-0.15202045,-0.7446178,-0.4769094,0.13633221,0.1392411,-0.092642486,0.06715404,0.42080075,-0.32929572,-0.22271988,-0.40599298,-0.72622263,-0.078817174,-0.067636356,0.5311021,0.36942255,0.14436251,0.3834059,0.03896401,0.32704026,0.25712252,-0.0019914731,-0.58425677,-0.28460193,-0.17446856,0.20119032,0.30492988,0.49379712,-0.41149023,-0.09979736,-0.53099906,-0.28761297,0.3914314,-0.11331301,0.29530716,0.22714931,0.2691997,0.28353244,0.5239383,0.12625748,0.08284907,-0.5596762,0.26431125,0.1865277,-0.8261536,-0.13249533,0.31430864,0.092635535,0.2023112,0.22294135,0.24628368,0.51028186,-0.37212187,0.12889715,0.058571488,0.33313397,0.66225964,0.18758681,-0.7992545,0.0173061,-0.1469464,-0.57688534,-0.81773716,-0.14662756,-0.33882907,-0.46498066,0.060479887,0.5089785,0.10052338,-0.13947526,-0.23439454,-0.93875784,0.32501286,0.48687154,0.40255672,-0.24400043,0.31497985,-0.5783078,-0.061388887,-0.19348812,0.40974364,0.2352783,-0.47572422,0.60879976,0.12757231,-0.3824884,-0.11640319,-0.099223554,0.2790771,0.14182344,0.07863749,-0.30666816,-0.3492578,0.3156653,0.14346999,0.36788553,0.07604521,-0.14179334,-0.16192229,0.47234175,-0.28796497,-0.55959857,-0.43435457,0.47290322,-0.077475935,0.30052117,-0.34645146,-0.03931168,-0.0316355,-0.1945678,-0.5232676,0.15467736,-0.2206558,-0.15814085,0.33545795
0,0.02482007,-0.16142605,0.09278463,0.0041063037,-0.06882031,0.07178466,-0.047838673,0.042363524,-0.049753945,-0.13923538,0.01818106,0.006487459,-0.087048605,-0.048806824,0.02617338,0.021991778,-0.15599926,-0.017276155,0.05547872,-0.075389534,-0.065100536,0.07203166,0.18590525,0.08395766,-0.032055225,0.089315765,0.08674386,-0.21146347,0.0051104575,0.14320275,0.03560577,-0.03269259,-0.111277655,-0.14339885,0.11033288,0.06492375,0.019021802,-0.09282321,0.02192605,-0.14310864,0.0067603327,0.09595893,0.0503805,-0.015012264,0.116670124,-0.064198054,0.14354187,-0.011541709,0.08993323,-0.04445035,-0.12855434,0.044998974,-0.14965875,-0.01431155,-0.06655577,-0.018338328,-0.104373984,-0.010882845,0.16596358,-0.09241016,-0.017961267,-0.007394485,-0.11820986,0.049753416,-0.056087654,0.03960839,-0.1444515,-0.041441076,0.014310036,0.059783086,-0.0351656,0.11463665,-0.077421725,0.1647452,0.1403308,0.14085734,-0.15442018,0.101940654,0.040614627,-0.02920464,0.03427766,0.05368302,0.14213271,0.066644415,0.094288185,-0.04380852,-0.11713089,-0.12988348,-0.19670513,-0.07890434,-0.016343333,-0.025486365,0.088376835,-0.11374167,-0.14911462,0.0041647367,-0.010427138,-0.06502688,0.08350442,0.12232564,0.10943971,0.030038312,-0.05362265,-0.17817697,-0.107603595,-0.0010398142,0.0071951877,-0.13543889,0.02161938,-0.08802852,0.1636014,0.1357389,-0.12440837,0.104292214,0.0015836954,0.09480351,-0.133879,-0.082689956,-0.13620114,0.07546529,0.05722485,-0.07693075,-0.016618673,0.09009434,-0.15708898,0.11438639,0.16176687,-0.07373913
0,0.023648854,-0.15943791,0.09074755,0.0061904006,-0.068289764,0.07021816,-0.04821481,0.041751184,-0.050891124,-0.13831356,0.018538114,0.005288571,-0.08405027,-0.047949143,0.026157226,0.024694264,-0.15543433,-0.01715473,0.053528495,-0.07648874,-0.06535403,0.073759064,0.18399118,0.085011974,-0.033593155,0.08550337,0.08747614,-0.20945244,0.0038792938,0.14165837,0.033405755,-0.030292802,-0.11240107,-0.14219837,0.11167306,0.062108766,0.018458463,-0.08883876,0.022184618,-0.14203712,0.0059346594,0.09551212,0.048612587,-0.01444713,0.113357246,-0.06204518,0.1428105,-0.014861893,0.089711495,-0.044580728,-0.13006093,0.044301085,-0.14969969,-0.014656292,-0.06607394,-0.017303586,-0.10120409,-0.01172412,0.16483575,-0.09129058,-0.018082257,-0.007563472,-0.115878396,0.04767586,-0.056416433,0.041283526,-0.14421114,-0.041409537,0.014569152,0.059506923,-0.03316801,0.11380234,-0.07566345,0.16237009,0.14005747,0.13916327,-0.15282544,0.10157141,0.041125372,-0.02971419,0.03487222,0.05300314,0.13941187,0.065388516,0.09585269,-0.045824327,-0.119379334,-0.13182515,-0.18969904,-0.08083012,-0.015102051,-0.024287608,0.08553591,-0.11553474,-0.15164655,0.003992744,-0.010736508,-0.06427139,0.08230944,0.12138772,0.105123565,0.031344403,-0.05455259,-0.17950198,-0.10694503,-0.0025574416,0.009453092,-0.13361867,0.021086171,-0.08942852,0.16269042,0.13381274,-0.122927256,0.10308932,0.000115826726,0.09560558,-0.13188587,-0.08121427,-0.13363755,0.07349401,0.05720919,-0.0768909,-0.019163445,0.09273784,-0.15521067,0.11402025,0.16059327,-0.07579903
1,-0.5649309,0.3457641,0.7051973,-0.55922633,-0.5719109,-0.12153311,-0.8042858,-1.0874816,0.43025795,0.74842536,-0.24765188,0.08049434,-0.1840964,-0.18963113,-1.0534333,-0.6745174,0.24081117,0.20444988,-0.13306749,0.11812421,0.60758215,-0.48672637,-0.3715951,-0.6048163,-0.9919677,-0.13135803,-0.12598231,0.8096736,0.51641375,0.14402196,0.5225554,0.055526882,0.4963421,0.39967287,-0.04753337,-0.8219644,-0.39437592,-0.22222404,0.26664078,0.47020745,0.6783412,-0.6060521,-0.15199631,-0.7290364,-0.4381225,0.5539164,-0.20066905,0.42208254,0.284155,0.38113284,0.43410817,0.7114634,0.23141196,0.1277392,-0.75674725,0.3723197,0.27969083,-1.1467224,-0.24491435,0.46654463,0.14559495,0.28207612,0.35189018,0.33484715,0.732032,-0.536452,0.22836192,0.08967197,0.44928756,0.90334046,0.278806,-1.1497252,0.043429133,-0.259755,-0.85032487,-1.1797376,-0.14859131,-0.49921563,-0.6704198,0.09364631,0.6911329,0.1307918,-0.2404361,-0.35126054,-1.3382438,0.4715616,0.7156788,0.5957681,-0.29215822,0.46727437,-0.80276114,-0.07322927,-0.29512706,0.61133164,0.38129842,-0.6591357,0.85393393,0.19523862,-0.5517478,-0.20157027,-0.16397062,0.36959365,0.21222791,0.16226786,-0.38823944,-0.487469,0.4385931,0.24794097,0.5001158,0.14062849,-0.25588286,-0.2607482,0.6916818,-0.42933044,-0.77676946,-0.63301903,0.70125675,-0.08389226,0.4573745,-0.50090253,-0.067370325,-0.024172224,-0.25928652,-0.76746666,0.26592007,-0.34598044,-0.27729675,0.48960418
0,-0.063072324,-0.07086341,0.15547866,-0.060209602,-0.13089114,0.032033157,-0.14217806,-0.101068944,0.0049125887,-0.015744414,-0.03756088,0.022832224,-0.08168325,-0.069213286,-0.096964315,-0.053793445,-0.09192264,0.0016276501,-0.0021607392,-0.04438218,0.021786343,0.0077165514,0.09277858,0.015983943,-0.1614033,0.033444054,0.055920914,-0.062870026,0.06327751,0.14219865,0.089569464,-0.0023253635,-0.030456424,-0.054387838,0.094666936,-0.07285982,-0.044169776,-0.08021798,0.062295694,-0.049006585,0.10217898,0.0034825467,0.016462872,-0.103894636,0.039081633,0.036933273,0.07870931,0.027183685,0.111193955,0.020047044,-0.038021687,0.12813196,-0.09500204,-0.009880837,-0.14295733,0.03609274,-0.021953307,-0.1454201,0.10929158,-0.009587713,-0.018680137,0.035294246,-0.051725455,0.06732708,0.042842377,-0.02436138,-0.0854425,-0.007444797,0.088264674,0.15567297,0.0022559538,-0.054699108,-0.042340856,0.0963487,0.006600123,-0.041086845,-0.1449444,0.003894955,-0.03571031,-0.014296199,0.12158641,0.04412462,0.08210314,0.019395906,-0.09072611,0.012377225,-0.0033963993,-0.018346751,-0.15552425,-0.011004247,-0.10777697,-0.0322114,0.024584178,-0.021085482,-0.078151226,-0.084738046,0.08978861,-0.02079881,-0.015975878,0.07189319,0.04050675,0.084564045,-0.018957581,-0.11031547,-0.13729553,-0.056240454,0.059962783,-0.07652758,0.08852432,-0.06252892,0.10244505,0.054897472,0.0045505483,0.021459332,-0.09969245,-0.010872535,-0.012512812,-0.06474322,-0.037180834,-0.011575308,0.02824054,-0.056030452,-0.062324196,-0.0077135414,-0.085991636,0.048283406,0.104147494,0.0013828687
