label,dim0,dim1,dim2,dim3,dim4,dim5,dim6,dim7,dim8,dim9,dim10,dim11,dim12,dim13,dim14,dim15,dim16,dim17,dim18,dim19,dim20,dim21,dim22,dim23,dim24,dim25,dim26,dim27,dim28,dim29,dim30,dim31,dim32,dim33,dim34,dim35,dim36,dim37,dim38,dim39,dim40,dim41,dim42,dim43,dim44,dim45,dim46,dim47,dim48,dim49,dim50,dim51,dim52,dim53,dim54,dim55,dim56,dim57,dim58,dim59,dim60,dim61,dim62,dim63
1,0.023268279,0.005869962,0.020433037,0.0009198288,-0.0023219332,-0.021897608,-0.001810255,0.010558212,-0.0041333586,-0.07722847,0.033377383,0.048994124,-0.066424124,0.040934566,-0.0057192417,0.034822203,-0.014687892,-0.016212732,-0.023216717,0.02954333,0.00564648,-0.0025532164,-0.04431601,-0.024096865,0.03383448,0.021437908,0.06889249,-0.053348504,-0.029023917,0.03291485,-0.018633068,-0.03779259,0.031202031,-0.015240382,0.029938316,0.0030443512,-0.0070584025,0.0007866656,0.020021815,-0.053492814,-0.023441717,-0.0458614,0.0037858798,0.0013327383,0.033692874,0.02066994,-0.020721728,0.022385316,0.0108456155,-0.005668518,0.044262912,0.043411035,-0.0034285772,-0.045402303,0.009598015,0.003315349,0.07514246,0.00056962745,0.007710083,0.033533607,-0.025834423,0.03312245,0.025386684,0.025360528
0,0.01467383,0.0046237446,-0.003404091,0.013915379,0.02228455,-0.0058155777,-0.009459785,-0.011789828,0.008349373,-0.028811438,0.011153825,0.019045107,-0.04022432,0.012350479,-0.019068118,0.008372155,-0.022666754,-0.022888325,-0.013962898,0.006565254,-0.00770582,0.01253028,-0.015436763,-0.015705494,0.019591466,0.0116097545,0.03790838,-0.028685909,-0.009425796,0.0314281,-0.0021427425,-0.00042456365,0.017086381,-0.00418411,0.017759293,-0.0021685357,-0.005922349,-0.016050516,0.012303237,-0.011823314,0.006291085,-0.012068057,0.020173635,-0.011706282,0.002496629,-0.0022691651,-0.010754395,0.0026693728,0.0033485673,-0.0021779144,0.024153473,0.027235381,-0.0058043743,-0.016774192,0.008169355,-0.015277675,0.041890614,0.013226893,0.009094282,0.030331464,-0.015381302,0.023354514,0.016560333,0.019921469
0,0.007913259,0.012281829,-0.0016127977,0.003122426,0.01461908,-0.009537751,0.00072479324,0.0012579352,-0.0120818075,-0.022651173,0.020828659,0.011553843,-0.023260843,-6.883027e-05,-0.0077268076,0.00820917,-0.008496626,-0.016747639,-0.0043417634,0.015456779,-0.012215317,0.0045937365,-0.0075563905,-0.012165948,0.0013982734,0.0014844405,0.006438549,-0.028446004,0.00011438891,0.005013555,-0.0034880848,-0.023903437,0.026582157,0.00017783078,0.0076368744,-0.008385605,-0.0077053388,-0.001154032,0.018949281,-0.00922741,-0.0070351614,-0.005797976,0.019326763,-0.006392711,0.018376857,0.019268788,-0.0050572497,0.007004093,0.0029454688,-0.007828421,0.008175774,0.014266471,0.014449323,-0.030032696,0.015531969,-0.005269829,0.020607831,0.0023767834,0.007761586,0.025709761,-0.0036959092,0.01061505,0.010380767,0.0067558787
1,0.025643647,-0.014774869,0.0001511862,0.025206288,0.021790436,-0.03257229,0.0042318194,0.019304406,0.018221658,-0.083765484,0.059351284,0.031907335,-0.0702081,0.04320857,-0.035933666,0.046902534,-0.0030600983,-0.034941453,-0.0034047752,0.018663235,-0.005006846,-0.0020244715,-0.050744448,-0.02134999,0.05122158,0.022209132,0.06419292,-0.043566093,-0.016773907,0.028319947,0.0020057135,-0.028332021,0.06601992,0.0017179594,0.059563417,-0.0058124983,0.009045717,-0.009959145,0.010193059,-0.072113074,-0.0024365124,-0.07047225,0.027915565,0.012487977,0.043795526,0.029183166,-0.022631785,0.02126315,0.014600184,0.004168892,0.028196733,0.029255036,0.0012725674,-0.053839557,-0.0010591132,-0.008989898,0.093031265,0.032858055,0.018477358,0.04415989,-0.04380884,0.023908613,0.03374452,0.020983148
0,0.018231064,-0.006436294,-0.008663714,0.022056568,0.020112973,-0.01991161,0.0075537874,-0.009626536,-0.0068626795,-0.03304337,0.011866497,0.008681276,-0.02703185,0.020083554,2.1697982e-05,0.011392127,0.008249621,-0.015920088,-0.011444294,0.0010861431,-0.006041633,-0.00143272,-0.012304035,-0.021192873,0.017707983,0.016408842,0.03660985,-0.032901984,-0.0082126055,0.02012751,-0.00044823383,-0.005782549,0.031404343,-0.0082856435,0.018951708,0.015062347,0.0016480283,-0.0039399615,0.004452824,-0.036734257,-0.00759304,-0.019299302,0.019581722,0.00036294345,0.017647216,0.0050691087,0.0036890504,0.019938188,-0.0070482465,0.01828513,0.031490315,0.010475176,-0.010831273,-0.032950256,-0.0011142264,0.008099225,0.03107448,0.022496214,-0.0056908894,0.0073135146,-0.019459657,0.0035629212,0.010430338,0.018788423
1,0.01820725,-0.022549547,0.00092413253,0.0034343698,0.028293323,-0.022306278,-0.008049683,0.0065242667,-0.0073248604,-0.06768112,0.046013545,0.028295068,-0.06861898,0.052501522,-0.010399364,0.03685502,-0.028078593,-0.051367924,-0.030140733,0.022638943,-0.0008038826,0.018293086,-0.040334746,-0.024365436,0.0354664,0.018019553,0.055669945,-0.05736312,-0.008063687,0.030690666,-0.02126942,-0.016976573,0.06401727,-0.018110763,0.042277344,-0.006192577,-0.009155198,-0.019885657,0.0070367893,-0.064978294,-0.03205695,-0.0629082,0.021600226,-0.006342789,0.03365723,0.009248982,-0.017288933,0.031961013,0.01645665,0.011504501,0.05048887,0.037707936,-0.019307772,-0.08215947,0.007997645,-0.006135284,0.069339216,0.010358517,0.0028821202,0.02892996,-0.017912835,0.020254217,0.009535535,0.037017
0,0.021704512,-0.019479074,0.0025208131,0.0028533433,0.0021465642,-0.013767111,0.010243896,-0.011535109,-0.009087333,-0.06326353,0.051857483,0.047001127,-0.059269693,0.048688866,-0.023853678,0.020551873,-0.01735469,-0.025572127,-0.015214748,0.03612478,-0.010432206,-0.009530835,-0.040358964,0.0010764723,0.032921378,0.020541765,0.06965784,-0.047487315,-0.029442443,0.037417017,0.009468811,-0.009284249,0.036231585,0.0020287815,0.041823667,-0.0045437873,0.0044546435,-0.0048771515,0.017497309,-0.04712795,-0.007663252,-0.05875788,2.7689268e-05,0.016804151,0.028438462,0.004151382,-0.009853904,0.034792922,0.020366075,-0.005703077,0.040633295,0.017419122,-0.010692514,-0.048444748,0.0047814883,0.0023159338,0.060905628,0.02936163,0.00920556,0.03476262,-0.009841247,0.016198331,0.024771526,0.006416158
1,0.0061268075,0.007598945,-0.0009771171,-0.0042787483,0.02113278,-0.0118172895,0.018657735,0.0024446691,0.01368554,-0.06337072,0.017977577,0.01371053,-0.036451414,0.016312731,-0.0092687085,0.013093789,0.0036226811,-0.026287057,-0.012638074,0.031395916,0.003746025,-0.0062670866,-0.021845914,0.0020386174,0.035549685,0.026268393,0.05517652,-0.034471538,-0.023487909,0.03422474,-0.00080136326,-0.01597997,0.04115411,-0.005012963,0.03513394,0.010122294,-0.0106397085,-0.01339938,-0.0010689729,-0.051240835,0.0019982585,-0.048118588,-0.0061796103,0.0099020135,0.029515013,0.014742159,0.0034293325,0.009421413,0.023504091,0.017212022,0.032835346,0.02357089,-0.015721684,-0.055346396,0.008253861,-0.016118286,0.051800493,0.014262193,-0.005044417,0.010199591,-0.01825425,0.024897512,0.012538647,0.012642868
0,0.014310698,-0.013240038,-0.011199842,0.004138373,0.0074654166,-0.0037995304,0.007207308,-0.011015587,0.010200606,-0.029909467,0.02712418,0.002904538,-0.0042334558,0.026034717,-0.0026372727,0.010187036,0.0030089584,-0.009280604,-0.018750908,-0.0049529606,-0.001507402,-0.00043438937,-0.0057148715,-0.014734772,0.02413819,-0.0028389734,0.030166047,-0.0067212316,0.0019591455,0.009034422,-0.005735012,-0.017017638,0.009810826,-1.6236343e-05,0.012114562,0.0052599665,-0.006827682,-0.007698025,0.014784227,-0.00050963764,-0.016114933,-0.01367822,0.0068066125,0.013905927,-2.2613793e-05,-0.0046021985,0.002746989,-0.0061220755,-0.0006366828,0.0048123137,0.0017096864,0.010441877,0.009867679,-0.0023292857,0.0045728963,-0.007898142,0.00592646,-0.0039167246,-0.011415202,0.009228076,-0.011758424,0.008855121,0.021004904,0.012224092
1,0.0055834586,-0.017173773,-0.010002658,-0.008442345,0.009829494,-0.00051780086,-0.0037253215,-0.0015891631,0.0041856333,-0.022404168,0.0074697803,0.0135377925,-0.030368902,0.023594225,-0.020136537,0.0194434,0.0051936684,-0.028456176,-0.01826812,-0.0024279833,0.00013067616,0.0036894572,-0.030787608,0.0047445484,0.011763032,-0.0022601658,0.023075772,-0.014529189,-0.006505196,0.020898215,-0.0031727718,-0.02044536,0.021314766,0.007717928,0.031326365,0.002558381,0.010792774,0.0012686868,-0.01060009,-0.028441774,-0.011834555,-0.02936914,-0.0012488628,-0.00487895,0.0014932266,0.0065886155,-0.0074817594,0.010070857,0.012409433,0.0047749956,0.014022752,0.03013109,0.010580631,-0.017456107,0.013599279,-0.009403531,0.021789819,0.00058904826,-0.0028997043,0.028521176,-5.904844e-05,0.010364432,0.0013138057,-0.0018624932
1,0.01819022,-0.0068039866,-0.0028783022,0.0067053423,-0.00662513,-0.0005594374,0.0046699736,-0.011684174,0.016083563,-0.020257784,0.01157677,0.026935613,-0.034380198,0.027091844,-0.016237823,0.013143667,-0.00032519482,-0.02892041,-0.013432339,0.024588937,0.004459773,-0.011983466,-0.02251079,-0.005064032,0.017105157,0.014072948,0.024478406,-0.012077842,0.00033037405,0.0023826468,-0.016077692,0.003053413,0.02496873,-0.0025047262,0.007834927,0.0061340523,0.0024517241,0.00087178685,0.011762989,-0.01712038,-0.010052095,-0.02291353,0.0043845433,0.015073905,-0.0008968687,-0.0081082145,0.008037472,0.002936577,0.013555978,0.008110727,-0.0003114577,0.02569408,-9.4380746e-05,-0.020378197,0.0033917786,-0.016786207,0.036353838,0.0017444025,-0.0068352837,0.016577644,-0.019553002,0.006638042,0.019994833,0.004842938
1,0.022785546,-0.01909766,0.012472469,0.013047552,-0.000862025,-0.021210043,0.01466428,6.9409325e-06,0.008059579,-0.033345852,0.022551954,0.012155635,-0.05409828,0.029405206,-0.017776668,0.01445556,-0.011775765,-0.018725438,-0.0013462608,0.022476675,0.0048642536,-0.0066416897,-0.01617507,0.006862623,0.027564276,0.005046841,0.03354609,-0.02810558,-0.014126612,0.017207215,-0.009213219,-0.01943653,0.034961004,-0.012637595,0.02925113,-0.0036161023,-0.009296174,-0.008639993,0.0038724393,-0.01794764,-0.013573944,-0.037179522,0.023620974,0.010017665,0.009243417,0.0015220694,0.0042913156,0.011579674,0.011072833,0.0018044731,0.030182444,0.02154131,-0.015600559,-0.04444241,0.009140701,-0.0018195672,0.049160466,-0.0044199005,0.013654533,0.008077894,-0.019194992,0.0013935398,0.022585878,0.0025775754
1,0.0016736432,-0.02459124,-0.0053931405,0.015030034,0.0039132014,-0.0056035635,0.013167274,0.009793777,0.015305029,-0.09374632,0.060856894,0.052435692,-0.088189766,0.061140276,-0.016474184,0.041773517,-0.022869496,-0.034261446,-0.024466546,0.01901674,0.0012237674,0.009376286,-0.07258724,-0.00033364003,0.04537029,0.044439606,0.069041386,-0.07110133,-0.03263592,0.05518983,-0.008319538,-0.025663633,0.06350387,0.0024187395,0.04198212,-0.005325681,0.005896684,-0.022342473,-0.0015070321,-0.05544438,-0.009465383,-0.077049896,0.005915017,0.00065000326,0.024234716,0.009550191,-0.031494793,0.046721585,0.0026331528,0.011020452,0.0529635,0.038359992,0.0070485044,-0.07074308,-0.009303202,0.0005318917,0.10078347,0.035130315,0.002732595,0.04958418,-0.035405204,0.041869927,0.012615122,0.025138602
0,-0.00077929284,-0.010414234,0.009613493,0.013045167,0.0073893922,0.011131562,-0.005328091,0.0018887694,-0.0031861644,-0.0073467065,0.022274937,0.024297899,-0.0065163784,0.007880515,0.00059078267,-0.0001740148,-0.00070815044,-0.022238892,-0.011328507,0.007033455,0.011207634,-0.010923418,-0.012665469,0.005901201,0.021825781,0.006985443,0.02590419,0.002767094,-0.005213877,0.00020862842,-0.008864125,0.00086862844,0.006644426,-0.0043737367,0.02395476,-0.0065651205,0.0006978217,-0.0048910943,0.007866376,-0.024031932,0.006371602,-0.004516311,0.008442585,-0.0034687987,0.0005590321,0.009813254,0.010618271,0.009753866,-0.0014824251,0.011625531,0.013511134,0.0077170837,-0.014845508,-0.00911879,-0.013565306,0.0013587648,0.015780477,-0.008431323,0.0034172807,0.01046031,0.0003538208,0.015099421,0.014619334,0.01456755
1,0.0161785,-0.013003399,0.0151259145,0.009694324,-0.0010491009,-0.013344786,0.010754139,0.010389324,0.013830406,-0.034686834,0.029727506,0.012353064,-0.044409376,0.04357923,-0.014465904,0.016798364,-0.001711251,-0.03229556,-0.0031868285,0.0007867488,-0.0018888405,0.004729853,-0.030542584,0.006704834,0.011645776,0.014655694,0.04806464,-0.037196245,-0.018892486,0.0132211335,-0.0077923974,-0.021229466,0.03894398,0.008720315,0.01910061,0.013980073,-0.0002458588,0.00835179,0.02127996,-0.03417171,-0.016735034,-0.028266978,-0.0012509526,0.009177444,0.031460367,0.017841714,0.004072358,0.018781425,0.008534414,0.008833485,0.029958144,0.021190926,0.00066561595,-0.042568237,0.01372874,-0.014913258,0.061723374,0.014893189,0.008505795,0.030662725,-0.016843256,0.02776553,0.025653955,0.010685082
1,0.007407147,-0.007619054,0.018461073,0.019247245,0.0065556476,-0.01776593,-0.0056180316,-0.002369369,0.018848587,-0.097199135,0.07433676,0.04092756,-0.09819105,0.07720348,-0.04096417,0.046096683,-0.007864723,-0.06265337,-0.035960205,0.03824798,-0.00092522235,0.009151953,-0.07729807,-0.026998963,0.03983968,0.033581622,0.0793244,-0.06283494,-0.014673091,0.0617427,-0.018562783,-0.036044206,0.065346956,0.002075579,0.06402821,0.013112862,-0.0032342633,-0.020444911,0.026487257,-0.07367756,-0.0079710875,-0.07959456,0.01746778,0.0014146332,0.051375106,0.024551243,-0.024427865,0.049165532,0.0076996093,0.02564216,0.05385359,0.0540218,-0.013768584,-0.09690577,0.006806074,-0.02242379,0.11647965,0.025126288,0.03304818,0.041846897,-0.04925325,0.053179566,0.017058184,0.027649844
0,0.02068003,-0.0037639376,-0.0045212447,-0.0014964712,-0.006463259,-0.008360484,0.013794647,0.010386474,0.00841443,-0.035460677,0.031540435,0.026734706,-0.051382452,0.026899764,-0.0111653805,0.03201232,-0.009125165,-0.023013625,-0.009311924,0.023509303,-0.0051044305,0.015936298,-0.012468644,0.0043979697,0.011167007,0.016475732,0.0324374,-0.03487078,-0.0050871517,0.008313534,-0.01129314,-0.010083512,0.030328978,0.0071435138,0.016903626,0.0045515713,0.005413457,-0.019550495,0.013158599,-0.030677142,-0.009853562,-0.0218468,-0.0041405624,0.011260978,0.0064486316,0.014930637,-0.02174289,0.01380806,-0.007947374,0.008772334,0.023435768,0.02807615,-0.0004282794,-0.035813373,0.016672228,0.0007491991,0.044950273,-0.0056724786,-0.0046067233,0.02440725,-0.02053184,0.014872364,0.017286886,-0.0027638595
1,0.019518122,-0.011652289,0.0019027054,0.0008296905,0.010759279,0.0010816795,-0.008020146,0.00811228,0.005530411,-0.024134496,0.029739698,0.019169688,-0.018410759,0.027334755,0.0008776069,0.024511535,0.0069577936,-0.025727458,-0.009871297,0.02364853,0.005485773,0.01680017,-0.032973647,0.010530646,0.018733457,0.018953575,0.022206992,-0.03410095,-0.021935245,0.014801426,-0.0137797175,-0.022786722,0.025412487,-0.012952966,0.022873972,0.003449955,-0.011920012,0.01201813,-0.007722612,-0.021904116,-0.0066997046,-0.010020254,-0.00095858733,-0.0033246418,-0.00027079834,0.020657618,-0.013605206,0.021331973,0.006771762,0.01065456,0.010201206,0.00040437502,0.003202793,-0.02706129,0.0011667744,-0.017286485,0.018167794,-0.00079895166,-0.008720929,0.008796316,-0.015000674,0.025591083,-0.005670822,-0.001503127
0,0.013284997,0.002182726,-0.006844426,-0.005448729,0.019302024,-0.002403598,0.012485539,-0.0024757942,0.01764112,-0.040735215,0.025624678,0.010523295,-0.033086658,0.029435532,-0.020995026,0.021739611,-0.020787042,-0.013482066,0.007546554,0.016325373,-0.011708358,-0.0090494435,-0.029897094,-0.0012423599,0.022144197,0.02166517,0.03210783,-0.014816978,-0.010125544,0.014784886,-0.014321951,-0.022174144,0.006159207,-0.01876012,0.0072435043,0.0107200695,-0.0060773087,-0.0048850575,-0.0056921383,-0.023866989,-0.011619993,-0.03377167,0.011128153,0.0021706903,0.015387835,-0.004707177,-0.01985363,0.013767736,-0.0016862713,-0.0035556552,0.014515741,0.00877385,-0.0004157959,-0.02901529,-0.0009698234,-0.0128873205,0.03635016,-0.0075024767,-0.0069213444,0.028263414,-0.023664795,0.02512008,0.017956499,0.01373639
1,0.0045837443,-0.008136096,0.014858338,0.0166776,0.019769818,-0.02813562,0.02385904,0.0037045903,0.02108704,-0.087200105,0.051429555,0.03992621,-0.10176314,0.063855246,-0.03128721,0.058160983,-0.022233997,-0.064938776,-0.014829596,0.028137684,-0.007424449,0.016155265,-0.07920753,-0.013554031,0.054391146,0.04404056,0.08058617,-0.07090066,-0.012193531,0.06427906,0.0021786988,-0.031028895,0.067402884,0.002943423,0.055808846,-0.003145298,-0.0075972485,-0.014563636,0.013173782,-0.076793775,-0.024816085,-0.08315937,0.017044576,0.002835939,0.040259935,0.008456109,-0.029060952,0.034550518,0.026149347,0.023316873,0.033944413,0.048754785,0.0033402408,-0.09065284,0.01713872,-0.021817412,0.12405102,0.026654998,0.0071848202,0.03881543,-0.052473273,0.027321171,0.038684033,0.032682024
1,0.020107234,-0.0021580325,0.005696633,0.027702903,0.004052241,-0.02670973,-0.002203534,0.012890644,-0.0038778603,-0.07070264,0.04099547,0.04165219,-0.0826308,0.06600843,-0.025518022,0.045310266,-0.015461819,-0.03364143,-0.01587731,0.025703935,-0.010215374,-0.010180433,-0.05844671,-0.0068508596,0.04718083,0.031944945,0.074132465,-0.069600746,-0.027789582,0.037723426,-0.020994179,-0.04122426,0.07040361,-0.0040187673,0.039831575,0.008876556,-0.017521577,-0.01346388,0.01245448,-0.05488672,-0.011958827,-0.06501874,0.0032819603,0.01693127,0.037828583,0.03223869,-0.015560672,0.022698894,0.021578562,0.0069463886,0.03452081,0.032905754,0.0032127015,-0.08382391,0.015470865,-0.012691372,0.10022354,0.031114787,0.0137383025,0.03246382,-0.019740831,0.03259154,0.03753232,0.03262887
1,0.012641288,-0.016813323,0.004799792,0.0089426935,0.015450999,0.00514489,-0.0021426638,-0.013325303,-0.00030743968,-0.017038632,0.020127619,0.017414184,-0.04561342,0.010817202,-0.013661754,0.028555352,-0.011966309,-0.030077176,-0.002466199,0.0042898906,-0.00329461,-0.0076212334,-0.029614542,-0.0016210019,0.03163939,0.018519977,0.04221088,-0.028133532,-0.021587621,0.03141562,0.0028493698,0.00058765314,0.020583149,0.0051081083,0.008199222,0.003834808,-0.016328733,-0.01959946,0.015016151,-0.016914217,-0.008410786,-0.037420727,0.018893296,0.008668821,0.026483458,0.02109785,-0.0075807795,0.021257948,-0.0097447755,-0.008125339,0.020699844,0.027587421,-0.015972309,-0.015969345,0.0048243045,-0.005083558,0.05096255,0.00406132,-0.0071215727,0.020800838,-0.0026180302,0.007045101,0.01813747,0.017404309
1,0.010979553,0.003851462,0.021617083,0.010587834,-0.00019884584,-0.022720236,-0.0054396936,0.009457728,0.015908098,-0.043760553,0.029050976,0.037822206,-0.054286584,0.016337616,-0.0037129894,0.013228743,-0.00074302306,-0.033896014,-0.019863885,0.0040821484,-0.009444546,-0.0060822186,-0.04533459,-0.0043781777,0.025919264,0.02635222,0.0564593,-0.03803463,-0.0069895564,0.01914175,0.007719653,-0.010930844,0.030032808,0.0020328455,0.022517322,0.011975004,6.2982464e-05,0.008808116,0.002988561,-0.05126069,-0.016240906,-0.044913616,0.0036121008,0.013606795,0.0032895575,0.009178908,0.0016777271,0.017443351,0.020942966,0.012812382,0.03256624,0.014315066,0.010687629,-0.041894816,-0.0052844123,-0.019902628,0.062083494,0.025589794,-0.002330373,0.028590951,-0.024471877,0.027774993,0.022338815,0.026664807
1,0.03426167,-0.021723287,0.00704891,0.03405039,0.015540363,-0.036084443,0.0027492072,-0.0066574374,0.027632995,-0.11932073,0.08041749,0.05093613,-0.12385297,0.056271054,-0.02882815,0.05638486,-0.01591712,-0.06827042,-0.014210248,0.03900838,0.014648372,0.021335201,-0.086249955,-0.022089973,0.053247266,0.048172787,0.10983027,-0.09471265,-0.038149882,0.06982999,-0.02734328,-0.052763175,0.07833222,-0.0036654568,0.07419075,0.0063202335,0.0013230109,-0.028199576,0.03247816,-0.087148756,-0.025094705,-0.08058071,0.015059853,0.018913781,0.052468617,0.017653216,-0.03157981,0.04994557,0.011551427,0.023544567,0.05309071,0.0534303,-0.0048249303,-0.10709913,0.017539542,-0.03014943,0.12633525,0.035358988,0.0040397486,0.0586926,-0.053106844,0.060353793,0.027774349,0.04847314
1,0.014450223,-0.0071471594,0.0011730939,0.024340572,0.006401657,-0.018513704,0.014125171,0.012395015,-0.0019107377,-0.048457146,0.03703367,0.032704744,-0.05554603,0.024457086,-0.011446609,0.035069786,-0.027751168,-0.034179345,0.0022326952,0.007247781,0.008386804,0.012111384,-0.026087832,-0.016062628,0.023132632,0.012843892,0.051200096,-0.041019708,-0.005501259,0.022372741,-0.017930267,-0.031097434,0.04592283,-0.014785684,0.03182177,0.02149694,-0.008689065,0.0001350824,-0.004699997,-0.044242203,-0.011225337,-0.029779568,0.011430841,0.016669106,0.014608338,0.022287246,-0.022353621,0.007323954,0.0051412634,0.008136932,0.039912272,0.042266473,-0.003929608,-0.056499135,0.008912937,-0.021773146,0.068754114,0.007403203,-0.0049007065,0.017836919,-0.017026013,0.018941047,0.025337841,0.009041485
1,-0.0065336036,-0.006450234,0.0057166195,0.0136444215,0.005890685,-0.008882719,-0.0011654726,0.010212289,-0.006754986,-0.020938683,0.020475421,0.0010757495,-0.008621301,0.024104547,-0.0028276762,0.016559405,-0.001101458,-0.0024380814,-0.010986779,-0.0016375775,0.0027080022,-0.00845548,-0.020748138,0.0055160406,0.012565074,0.014323893,0.027984673,-0.011824081,0.00044382835,0.015003008,0.010231752,0.0053514694,0.006117221,-0.009752108,0.026737876,-0.009600727,-0.009567442,-0.017503172,-0.008984027,-0.020406872,-0.017275639,-0.022917163,0.010374781,-0.009314324,0.020790374,0.000118383105,-0.0009994555,0.010828145,0.0045676064,0.008123152,0.01399734,0.016333265,-0.013668076,-0.016732404,-0.0008354334,-0.0073708007,0.031684898,0.008993905,0.0042331163,0.024993451,-0.0015301278,0.011191685,-0.0051090787,-0.0017304972
1,0.01846914,-0.0013116355,0.024526957,0.030375864,0.0011808552,-0.028854147,0.008970019,-0.004013218,0.011670142,-0.09132527,0.06553605,0.044225805,-0.08893413,0.060228303,-0.014088044,0.046562668,-0.02463432,-0.035237905,-0.0125453295,0.032863323,-0.00067206845,-0.009369089,-0.05975866,-0.012835815,0.047139537,0.032855824,0.08695327,-0.079508945,-0.031974528,0.060034998,-0.012108659,-0.026526885,0.069861114,0.0017489932,0.050743535,0.015379082,0.0018254744,-0.017440887,0.009405412,-0.08109314,-0.007592101,-0.06495621,0.013665111,0.012123586,0.047681537,0.028307902,-0.015341039,0.022926996,0.020480853,0.0018678849,0.033458773,0.051498584,-0.0013614245,-0.0914753,-0.007567574,-0.019084059,0.084749706,0.018491156,0.01667342,0.043332145,-0.03699187,0.024279445,0.017432114,0.022563662
1,0.021339031,0.0015844564,0.022922277,0.022415904,0.008945871,-0.034857314,0.013882549,0.016661676,-0.0040886016,-0.085993566,0.06331692,0.048655853,-0.075839706,0.048923776,-0.012079462,0.03538669,-0.01957159,-0.035552632,-0.010682665,0.030297637,0.0043410338,0.015823368,-0.06675285,-0.020890113,0.04520995,0.038784154,0.08451243,-0.05587499,-0.024286974,0.044687327,-0.015377901,-0.04334821,0.04148781,-0.0117685,0.04681317,0.016457006,0.0013059963,-0.013961016,0.028587872,-0.07545496,-0.030845014,-0.070717834,0.018853694,-0.00444272,0.019570366,0.023555895,-0.029784486,0.037146144,0.0034938382,-0.0003089695,0.032781746,0.044425983,-0.0065454138,-0.079694234,-0.005495521,-0.0038066858,0.08439458,0.014601447,0.018592048,0.041139185,-0.025013896,0.0473533,0.0096668005,0.039975755
1,0.016254317,-0.006627817,0.020825358,0.028472025,0.017841406,-0.03352302,0.0013470125,0.0076953894,0.008464409,-0.11507426,0.062179785,0.07495144,-0.1056327,0.08377603,-0.048029084,0.06432829,-0.01132472,-0.06535744,-0.0171993,0.043029055,-0.012305977,0.006487783,-0.082705885,-0.033814702,0.0671979,0.037301462,0.08505433,-0.068039134,-0.019679362,0.05078629,-0.011466116,-0.029082192,0.086523026,-0.005807376,0.049848035,0.026769124,0.007514122,-0.03132867,0.009388719,-0.09296325,-0.025030272,-0.088442996,0.00883602,-0.0029978962,0.02900606,0.018688291,-0.013635409,0.035733663,0.021532387,0.010427263,0.048815254,0.06570282,0.0021953844,-0.10351286,0.01655185,-0.02925807,0.13565469,0.026785133,0.028096136,0.054525033,-0.043450072,0.0414921,0.023793513,0.022464933
1,0.021326179,-0.020826027,0.026971743,0.02628138,0.0061584213,-0.015376187,0.019576177,0.001097963,0.011797212,-0.10579939,0.07404177,0.056879576,-0.090151645,0.06959626,-0.016783947,0.057836816,-0.028793374,-0.052602164,-0.0322927,0.014978221,-0.012596731,0.007385579,-0.060976982,-0.0034748537,0.05225456,0.02461149,0.0814576,-0.07975431,-0.0373777,0.049651317,-0.00716393,-0.045459658,0.06092849,-0.0075424705,0.057847004,-0.002670031,-0.01080769,-0.010602296,0.0076141157,-0.07691903,-0.018293522,-0.0783533,0.015448584,-0.011702842,0.02355315,0.027682384,-0.008787589,0.04774252,0.0232182,-0.002521835,0.02834606,0.056412753,-0.01097126,-0.07321116,-0.0037058494,-0.031406593,0.09776928,0.010215098,0.025262002,0.05639738,-0.03146133,0.050411895,0.04108213,0.020547947
1,0.0059968485,-0.0075182617,0.014190903,0.01591545,0.028059723,-0.03720164,0.011188735,0.0061324798,0.014313692,-0.111912146,0.068264395,0.07074623,-0.11543227,0.07016802,-0.04301198,0.04278666,-0.01525931,-0.072899,-0.029781183,0.054854378,0.011963424,0.013965517,-0.094842985,-0.0121170245,0.070084915,0.050208814,0.096773595,-0.07134729,-0.038115792,0.0689145,-0.01861486,-0.041983847,0.07697557,-0.011617203,0.06290595,0.024255808,-0.017910838,-0.0075591207,0.016038598,-0.08350992,-0.040218353,-0.089630954,0.026714923,-0.009706137,0.046673186,0.013526323,-0.036852583,0.05746656,0.024517782,0.010842113,0.06848468,0.042961586,0.007844837,-0.10126576,-0.008497129,-0.034944884,0.14501093,0.04475741,0.013946506,0.06452279,-0.034681465,0.043490455,0.04816196,0.04125643
1,-0.0050805854,-0.01005022,0.0037379102,-0.0029756653,0.006605666,-0.01867984,-0.004464547,0.0015161638,0.010824781,-0.04822316,0.02709329,0.0124100745,-0.023401357,0.022998655,-0.004520095,0.02785821,-0.01964786,-0.017243223,-0.021979962,0.002818866,-0.011383499,-0.0013664598,-0.0368716,-0.0020992272,0.018285964,0.01235629,0.031711947,-0.038427535,-0.025510268,0.017810535,0.007568092,-0.027095119,0.03669895,-0.0028033901,0.033058826,0.0005217438,-0.012420075,0.009139903,0.0019266553,-0.031192023,-0.011774058,-0.024724599,0.013582153,0.0032445213,0.021459578,0.01782345,-0.022172099,0.01737948,-0.000800459,0.0033994643,0.021738628,0.016284153,0.008566541,-0.04886484,0.005488462,-0.0057008755,0.033089377,0.024508646,0.013736528,0.005213608,-0.010130259,0.024768127,0.023931695,0.022047339
1,0.005266781,-0.021157429,0.0066074566,-0.004751761,-0.0067482,-0.019122431,-0.0040971413,-0.002241765,0.0058575356,-0.054780457,0.018806176,0.032542646,-0.050897054,0.021826152,-0.0077163,0.03593083,-0.003604134,-0.01812581,-0.021241095,0.0062820404,-0.013009639,0.004945732,-0.04831469,-0.0051805377,0.035543382,0.021316571,0.039468378,-0.020066207,-0.022159124,0.00911807,-0.014077385,-0.012139304,0.024246281,0.003929246,0.013051721,0.007902995,-0.014561957,0.0024248133,0.0003714495,-0.04269976,-0.02008646,-0.029721823,-0.0021595159,0.009256414,0.03047176,-0.003991727,0.0058940835,0.031507302,0.0079836445,-0.007975199,0.030890647,0.0388172,0.009407751,-0.050041877,-0.00027198694,-0.003543787,0.050457723,0.0051014908,0.016848776,0.027988557,-0.01724544,0.022646822,0.027872384,0.013362629
0,-0.008567529,-0.0015770062,-0.005579247,0.019210601,-0.01044326,0.0033956203,-0.009239726,-0.006816952,0.012666165,-0.011664013,0.012506652,0.016135372,-0.031147989,0.009989192,-0.01569357,-0.004242491,0.002826511,-0.0054560727,-0.020270005,-0.0076341247,-0.010534346,-0.0013393078,-0.0101979235,0.0042095,0.01663064,0.0023805727,0.028086292,-0.015828865,-0.012531869,0.0036317795,-0.013947821,0.0030471003,0.021218574,-0.0036811223,0.027686488,0.008305601,-0.013267747,0.00345885,0.019043198,-0.012736116,-0.00040437543,-0.024202626,0.0069108466,0.005208145,0.00033491533,0.005535708,-0.009724179,0.008461992,0.015993325,0.00042815806,0.008431916,0.01672068,-0.0018741303,-0.010004573,0.00920417,-0.011800131,0.020668652,-0.003231397,-0.011664612,0.014383471,-0.006508032,0.0146185765,0.0005322626,0.010051145
1,0.014796369,-0.02076863,-0.0074770036,-0.0056656324,0.012701049,-0.009393665,0.011049786,-0.0049624597,0.010823556,-0.03743827,0.022470063,0.033388756,-0.04827286,0.04470133,-0.03005368,0.027549716,-0.0069887643,-0.021109743,-0.010236243,0.0022526581,-0.0058386275,0.007958184,-0.048672,-0.0039096344,0.028433276,0.0039964537,0.041044634,-0.020381838,-0.009935083,0.015291742,0.008359769,-0.03214263,0.039572857,-0.013787745,0.026413321,0.012912985,-0.009422324,-0.009281101,-0.0033673963,-0.044105504,-0.003400296,-0.049318954,-0.0034572817,-0.003368816,0.03233879,0.024235912,-0.010794732,0.026029032,0.017550504,0.005160765,0.021451691,0.023945361,0.005574303,-0.030891934,-0.012034441,-0.0035689264,0.052925915,0.02212004,-0.006426762,0.02087485,-0.016819445,0.028966354,0.007813845,0.018931566
0,0.008478814,-0.011051218,-0.011300772,0.0028491006,0.012052359,-0.008558848,-0.009455992,-0.008793019,0.0076046246,-0.026323158,0.034162693,0.02063037,-0.02989554,0.02127015,-0.0019061952,0.007819547,-0.015407093,-0.027826717,-0.016353799,0.017550904,-0.00044124536,0.014279592,-0.011817932,-0.0020809667,0.0072506648,-0.00020027636,0.026581725,-0.01111561,0.0023000368,0.012530041,0.010844026,-0.026306037,0.023853801,-0.0068833637,0.014672596,-0.010404513,0.0066922707,-0.014879926,0.0050474014,-0.012741087,-0.020617476,-0.028879,0.0033624093,-0.013594332,0.009857037,-0.0031013715,-0.009540023,0.011343571,0.014046932,0.0055323513,0.008033279,0.02058892,-0.0038576117,-0.029641638,-0.001331965,0.000959504,0.023561519,0.00938257,0.0064923908,0.009439275,-0.023658518,0.016445167,-0.0012289903,-0.0036649895
1,0.015683683,-0.0037518279,0.021699823,-0.00096476794,0.0067227287,-0.0055321353,0.016217034,0.01485437,0.017950626,-0.06540387,0.034793556,0.021697061,-0.050524168,0.02571554,-0.029850814,0.015494806,0.0050519924,-0.025733333,-0.010449573,0.027790025,-0.0137682045,0.012225016,-0.035479177,-0.00018305784,0.012061422,0.03539501,0.03368416,-0.029902173,-0.019305633,0.01519849,0.0075997887,-0.014414093,0.035709072,-0.017202323,0.03182689,-0.0041992264,0.007613111,-0.021122852,-0.0035571796,-0.03529607,-0.024066877,-0.033295568,0.01605246,-0.007107658,0.013813947,0.020245384,-0.010863362,0.0057889265,0.016653592,0.005215683,0.028185865,0.023872912,0.0046065766,-0.05566134,0.013923237,-0.013535193,0.057767574,-0.0003939581,0.011418839,0.025049914,-0.022645881,0.015804192,0.025973955,0.0024766265
0,-0.0009665309,0.0016602117,-0.00021148332,0.01296009,-0.00023383892,-0.007842415,-0.008903011,0.0032878052,-0.010359225,-0.016701685,0.015043048,0.001991685,-0.023193788,0.020119494,-0.0012844771,0.0050522275,-0.01286068,-0.018007679,-0.018073073,0.020560358,0.0067188563,-0.012625178,-0.017937617,-0.004735386,0.02858374,0.021146502,0.023189161,-0.0371217,-0.011650183,0.01853932,0.006408423,-0.016793067,0.017264718,-0.006282392,0.00326744,0.006321477,-0.012796488,0.010314758,-0.0021886742,-0.023099372,-0.009706474,-0.036233995,0.00034883828,-0.0035220494,0.018922348,0.013310127,-0.01954814,0.006910806,0.0012271227,-0.0032203067,0.007484165,0.0036322526,-0.014285193,-0.02378811,0.011645147,0.0022679784,0.04830336,-0.0046371017,0.019919438,0.02309019,-0.011373869,0.0067413384,0.0065786946,-0.0003031048
0,0.015768316,0.0003040481,-0.012282158,0.012929899,-0.0011952069,0.0047419854,0.0020898893,0.011505023,-0.009913628,-0.029455978,0.026916845,0.02601685,-0.028860489,0.016008424,0.0017590455,0.019479454,-0.0012303537,-0.023439396,-0.0134066,0.0022078531,-0.009381151,0.0023946965,-0.011197139,-0.00306545,0.0070874286,-0.0049273977,0.01958577,-0.0077671492,-0.015914831,0.0075596957,0.00641533,-0.009273787,0.016156187,-0.01599156,0.022312202,-0.01226547,-0.0048044412,-0.017026057,0.008400128,-0.02755033,-0.00096697814,-0.009797698,0.004137179,0.0094254175,0.023461742,3.960314e-05,0.008069971,0.009005922,-0.011288529,0.010439229,0.011491673,0.027390378,0.005316645,-0.020973934,0.0006083052,0.010796687,0.028286878,0.021325503,0.013531527,0.0028244876,-0.016523628,-0.0055203796,0.0033572742,0.022709914
0,0.015476334,0.0031033603,0.01623788,0.010716218,-0.005783946,-0.016969552,-0.0041126222,-0.011178376,-0.008356656,-0.039597206,0.013583339,0.007426711,-0.040299818,0.033200487,-0.011603994,0.025935017,-0.019191312,-0.0059459787,-0.02088053,0.02319284,0.005050404,0.011017009,-0.030022928,0.003692096,0.025195768,0.0044961106,0.027841778,-0.036494568,0.0006087062,0.024231985,0.003653058,-0.012944234,0.018097963,-0.018246593,0.031865045,0.015375952,0.005411501,-0.000218685,0.009509379,-0.02878861,-0.021438163,-0.029004864,0.0012083383,-0.013243892,0.014628215,0.0017337464,0.0062302575,0.022616446,0.008078539,-0.005709631,0.004712995,0.017076904,-0.016085986,-0.019071246,0.0064994786,0.0037471738,0.03608536,0.017356543,0.011896986,0.012226458,-0.020413555,0.011040003,0.009314948,0.0062049343
1,0.010583968,0.0026931055,0.010932052,0.025575232,0.014001302,-0.0068518873,0.013473392,0.014447048,0.019871593,-0.0755991,0.057448383,0.04014437,-0.07579186,0.055256728,-0.028351076,0.038688906,-0.020695299,-0.035551596,-0.001178244,0.029245587,0.006864053,0.004558179,-0.038440015,-0.007298322,0.04080181,0.019842265,0.07160984,-0.050105367,-0.033858888,0.020408047,-0.0019550987,-0.015351373,0.052472483,-0.016556166,0.041644104,0.016016245,-0.0042546582,-0.017375812,0.022387104,-0.04077307,-0.02524566,-0.052377407,0.009391283,-0.0053983605,0.017813412,0.014610486,-0.023451412,0.012344879,0.024410697,-3.540663e-07,0.04365862,0.0396179,-0.011700901,-0.044739917,-0.009734226,-0.012692585,0.07237719,0.016893823,0.01849675,0.039227467,-0.023387406,0.033061963,0.034055673,0.034202833
0,0.0038132062,-0.000904877,0.0030901735,0.01925202,-0.0060058516,-0.012645032,0.00733095,0.008706858,0.014464421,-0.050938223,0.034378413,0.015359101,-0.043177135,0.03678924,0.0030863348,0.010178993,-0.010106198,-0.025605751,-0.015127956,-0.0019213014,-0.010086578,0.013775723,-0.013603123,-0.0058081457,0.013632779,0.0037602936,0.043944187,-0.04087017,-0.008558647,0.020473244,0.009828215,-0.01291172,0.01386992,-0.016256325,0.032345004,0.01003935,0.0075744567,-0.009570217,-0.0019516648,-0.021155184,-0.00069683045,-0.027344689,0.0032134496,-0.012254868,-0.0010037652,0.0029915997,0.0032464666,0.012459257,0.009979251,0.0077632917,0.013121673,0.032203294,-0.01615049,-0.015685065,-0.0045355074,-0.013138327,0.02618218,0.013288499,0.016560523,0.013442981,-0.021553854,0.008935374,-0.00076386414,0.020124732
1,-0.00012301718,-0.02092149,0.00096433674,0.024413403,0.017448863,-0.0066669243,0.004555118,-0.009606296,-0.007424006,-0.059613016,0.03675977,0.028770361,-0.05259272,0.038013518,-0.013624799,0.03105822,-0.0020892492,-0.017953735,-0.004697344,0.02145166,0.0015169285,0.0059105717,-0.029397335,-0.016069047,0.026521241,0.033365473,0.037598804,-0.034631636,-0.0093479445,0.021465233,-0.014166921,-0.026564179,0.04226818,-0.015966872,0.028864378,0.007744748,0.0077396175,0.005520615,0.0033101328,-0.033390287,-0.015217273,-0.043406695,0.011562723,-0.0049515874,0.0150152175,0.0048453207,0.0023912305,0.009734677,0.00897507,-0.0056017917,0.014462903,0.036347628,-0.01716154,-0.02593481,-0.009994316,-0.021007335,0.056064,0.002416488,0.017699013,0.032259963,-0.022105567,0.028524393,0.013163221,0.022280758
1,0.023722868,0.008740673,0.011749555,0.023569876,0.020077894,-0.022085888,-0.003272447,0.0033864935,-0.0015697444,-0.04111236,0.02182257,0.025252515,-0.039788775,0.04758413,-0.008839258,0.01381821,-0.0069248425,-0.022406723,-0.025207464,0.0277663,-0.0029799126,-0.00305035,-0.033699684,-0.01775914,0.017741771,0.029164035,0.027955446,-0.046527766,-0.014553298,0.011317128,-0.01565444,-0.01247306,0.045343943,-0.015872533,0.026995307,0.0149645675,0.004998517,-0.01635009,-0.0027368346,-0.041812677,-0.0039034053,-0.03171003,0.014809989,0.0011468367,0.022524228,-0.00061462185,0.003980282,0.002794482,-0.004455222,-0.0033394464,0.01856076,0.014525109,-0.011693556,-0.03035066,0.014201664,-0.019282043,0.04736204,0.007538101,0.02230615,0.015298127,-0.005100321,0.028319413,0.013603769,0.025762707
1,0.00021371516,0.010595742,0.005144666,0.011160144,0.017881319,0.00026486474,-0.010756792,-0.00435035,0.005755591,-0.0066027744,0.010643476,0.005847012,-0.014434574,-0.0029592873,0.0041241744,0.018968524,0.008363848,-0.019238463,-0.012733022,0.0037839874,-0.004734236,-0.00401661,-0.008848277,-0.009727671,0.0065879677,-0.0032367134,0.012599883,-0.0144555615,0.003063002,-0.003910569,0.00620831,-0.019377556,0.018437404,0.0016027382,-0.0029377355,0.01249908,0.009861827,-0.0006168019,0.011664066,-0.010163196,-0.011192817,-0.024304386,0.0050222916,-0.008911998,-0.00020218093,0.00088191376,-0.0037442993,-0.008540526,-0.0015003572,0.004411035,-0.004531775,0.010448034,0.010925175,-0.00833674,-0.0076850983,-0.003821891,0.028819436,0.0104056625,-0.01162867,0.0083987275,-0.003656279,-0.0039507775,-0.00249868,-0.0015608931
1,0.0011643262,0.0042298394,0.019139115,0.009480376,0.012953349,-0.008608355,-0.0058218897,0.010842407,0.017621174,-0.07675801,0.056671683,0.024777792,-0.07953329,0.030439232,-0.027498826,0.04454209,-0.013545043,-0.04765212,-0.0010554388,0.0226519,-0.008255725,-0.0032917177,-0.039833527,-0.018681956,0.022292495,0.02273167,0.070562035,-0.060335074,-0.0066021257,0.042280443,0.0035157339,-0.014761627,0.0335799,0.0015252442,0.044730455,0.02153589,-0.009277701,0.0015233089,-0.0045675803,-0.045710947,-0.009518613,-0.039136793,0.019675774,0.011821928,0.014796771,0.029370558,-0.013753083,0.017471325,0.012737208,0.0009746453,0.025504988,0.023514431,-0.009398806,-0.073679134,-0.0042158714,-0.023803795,0.061964434,0.015596909,0.026303953,0.021001881,-0.03527996,0.029363682,0.021867767,0.0223473
1,0.015123965,-0.014973923,0.016672103,0.01900991,0.010361302,-0.022134963,0.00060335844,0.011366896,0.009198623,-0.07180699,0.03869065,0.04516824,-0.07209025,0.029205738,-0.013274039,0.015457113,-0.023227686,-0.036041446,-0.029878242,0.028863361,-0.0051507824,0.01482712,-0.043077104,-0.0030841667,0.02416635,0.02790447,0.04918205,-0.039664056,-0.017059641,0.015401265,-0.00883721,-0.021224393,0.034979105,-0.00018497457,0.046455428,-5.2314215e-05,-0.018114492,-0.023841897,0.017988924,-0.05910404,-0.0085508805,-0.060167268,0.015123478,0.014611825,0.033431627,0.029682139,-0.028209804,0.036271647,0.018611725,-0.0057057953,0.043356825,0.039264712,0.008831239,-0.057158608,0.015909202,-0.026658403,0.07668764,0.013579335,0.015809517,0.042158652,-0.010918308,0.026410477,0.020733023,0.021000776
1,0.007923791,-0.0025731921,0.0076059257,0.0036825354,0.023556305,-0.003988133,0.017338637,0.0015280223,0.021323241,-0.07441137,0.035973247,0.040890515,-0.08280199,0.047569267,-0.023322748,0.041057628,-0.0034422905,-0.04315985,-0.02507855,0.035480194,0.013890337,0.008999387,-0.041323844,-0.0062201307,0.04143047,0.029240321,0.045192633,-0.06438992,-0.018037949,0.04846798,0.003486461,-0.026906423,0.05856993,-0.002559383,0.054432537,0.002967728,-0.015727576,-0.012149845,-0.0045427876,-0.061777096,-0.013445929,-0.06588595,0.013806002,0.009432416,0.022488724,0.009920776,-0.016281199,0.010127845,0.011169641,-0.0064882203,0.026098115,0.042264644,-0.00807805,-0.05705005,-0.0008867886,0.001718573,0.075724185,0.0056160856,0.011005311,0.044430677,-0.017411707,0.0142053515,0.036884326,0.010997905
1,0.0063157515,-0.008335131,0.0083714705,0.011766408,0.02889847,-0.010578594,0.017522011,0.01740958,-0.006537017,-0.077883705,0.044551536,0.04726972,-0.08771795,0.03976129,-0.040003538,0.03764224,-0.0103889145,-0.056576822,-0.013394874,0.021187317,-0.010216187,-0.007975649,-0.07351689,-0.01946047,0.03965523,0.030988123,0.08398321,-0.05019128,-0.03321133,0.05369039,-0.020774545,-0.027466552,0.0579499,-0.009572651,0.050975356,0.01698713,-0.020255696,-0.026966982,0.0056060716,-0.07515849,-0.010409474,-0.079507954,0.014732306,0.011943232,0.04552134,0.012672433,-0.024153793,0.028113574,0.0021954977,0.0090606315,0.035613943,0.041475136,-0.005146157,-0.07598367,-0.0059626843,-0.009444449,0.105432905,0.006517014,0.02691799,0.054953035,-0.021319691,0.046999447,0.016659493,0.017330145
1,-0.008569625,-0.010679045,0.013121788,0.014336203,0.004022112,0.0013644026,-0.01213011,-0.0092186555,-0.0070988275,-0.028411767,0.032966558,0.031401757,-0.047161043,0.031970892,-0.02632233,0.030215451,0.0055067185,-0.008286016,-0.0140355965,0.011551591,-0.0026487291,0.008450921,-0.038494803,-0.009331359,0.026372146,0.010380292,0.0183937,-0.04050051,0.003731344,0.029427893,-0.011868015,-0.010977959,0.016790805,-0.012748255,0.029343955,-0.006203231,-0.001281073,-0.013641406,0.019898653,-0.023206003,-0.0027581411,-0.037069835,0.006116931,-0.012907124,0.002773255,-0.0013888072,-0.006883853,0.019714624,0.01409372,0.014984559,0.0055556092,0.017243631,0.009746091,-0.019092826,0.0056330757,0.008481036,0.041410346,0.005965179,-0.0010596912,0.03167978,-0.02110357,0.0074701016,0.020998329,-0.0047086845
1,0.013406254,-0.016326569,0.016034093,0.03562991,0.029955452,-0.023267915,0.0072580553,-0.009162853,0.0031910928,-0.15367761,0.09939527,0.06151737,-0.12479667,0.094448686,-0.03526744,0.06115874,-0.0118273,-0.086021,-0.0451473,0.04181022,-0.01400623,0.021456998,-0.10613831,-0.03717335,0.07860802,0.06224852,0.11483016,-0.105168864,-0.035642754,0.073994175,-0.0260636,-0.054361533,0.08621297,-0.008104103,0.07356396,0.006705965,-0.01575492,-0.034920268,0.015300182,-0.112387516,-0.041004065,-0.10238999,0.01828768,0.016354108,0.04672912,0.04260059,-0.02691727,0.044471905,0.026262663,0.026834572,0.051213164,0.060908526,0.00035949892,-0.12417528,-0.00096865563,-0.008483138,0.16416614,0.043213557,0.020256162,0.05696399,-0.058221232,0.042576436,0.040618885,0.042525258
1,0.03553791,-0.013556491,0.013603198,0.023028145,0.011248966,-0.01941187,-0.0045717102,-0.0008921643,-0.0020934055,-0.12828805,0.0877,0.06730244,-0.11977173,0.06224607,-0.024315542,0.054111682,-0.016739693,-0.052307986,-0.018713376,0.045718372,-0.014223478,0.021118866,-0.07874668,-0.030355645,0.07268354,0.05074532,0.108981825,-0.09559224,-0.046071663,0.060857404,-0.023262223,-0.055156518,0.07071625,-0.016751625,0.0792954,0.014553021,0.0023206116,-0.0046727215,0.03045135,-0.0945574,-0.034901805,-0.0992586,0.008329509,0.0102034435,0.027134642,0.026269024,-0.022269608,0.043337908,0.034230314,0.024270484,0.04271792,0.06874249,-0.0014082994,-0.108999506,0.008781632,-0.028567253,0.13874301,0.01756078,0.032884263,0.058007915,-0.057493817,0.04728478,0.027379885,0.030598113
1,0.010616447,-0.02074825,-0.005719211,0.016728504,0.011262924,-0.0106656635,-0.0067446493,0.004739103,-0.008488543,-0.053716235,0.032070782,0.031730734,-0.031451017,0.02617451,-0.019259272,0.018448312,-0.008140016,-0.022807583,-0.0018591366,0.02039406,0.0094391005,0.016205946,-0.027850872,-0.012199138,0.018686932,0.027945945,0.036144935,-0.027042324,-0.00075576885,0.030936712,-0.008263846,-0.025374193,0.019887282,0.008065228,0.015259435,0.018429559,-0.0146472175,-0.002735348,0.012622485,-0.027774153,-0.021221839,-0.042059917,0.023006544,0.009683915,0.033303957,0.007728879,-0.0215816,0.023784136,0.016711619,0.0034014848,0.008838119,0.008713772,-0.0038039626,-0.056548964,-0.0035577714,0.0010766496,0.07031179,0.011774544,0.022535827,0.017791923,-0.021917768,0.032360904,0.019223535,0.02951666
1,0.023012618,-0.0017902135,0.00047014956,0.0047429157,0.026202044,-0.028454432,0.016636936,0.0058372845,0.020917004,-0.059922915,0.03555771,0.018821528,-0.07259763,0.026101451,-0.033154055,0.014419376,-0.0068296497,-0.029648572,-0.026648866,0.0067528076,0.009332921,-0.004397059,-0.029325662,-0.016463906,0.04629136,0.022983627,0.04994882,-0.054595787,-0.0050137797,0.018109659,-0.01293703,-0.01814754,0.044771217,-0.0045735952,0.04401418,-0.008315995,-0.0011074083,-0.0019844251,0.008720727,-0.060567014,-0.009090502,-0.03093104,0.007843143,0.013853196,0.028162949,0.005917636,-0.015058633,0.02906773,0.025605403,0.017385766,0.016773455,0.03843141,0.005943119,-0.06617277,-0.013284255,-0.016736278,0.07718224,-0.0009499324,0.014332753,0.023820363,-0.03053819,0.015907757,0.029300973,0.031962067
0,0.012956866,0.00781576,0.014648897,0.024785714,0.0018264588,-0.014126256,0.009402552,0.016140146,0.013997542,-0.041972812,0.03837119,0.01265768,-0.033667088,0.021094408,-0.011740926,0.009581373,-0.022072246,-0.034564745,-0.0110852225,0.0035063594,-9.512504e-05,0.01813483,-0.036955945,-0.02105661,0.014688412,0.031093482,0.026917042,-0.020258304,-0.021456163,0.031286824,-0.0051284083,-0.022515897,0.03953836,-0.015532266,0.01621018,0.016074074,-0.006214536,-0.015529418,0.00010734728,-0.039335754,-0.013632756,-0.034985956,-0.0045586424,0.002469279,0.019225769,0.018399354,-0.019422237,0.025149634,0.0055134394,0.009188501,0.03336628,0.031549886,-0.01077026,-0.035184894,-0.00737227,0.0049554394,0.04665421,0.008239358,-0.00032475457,0.033849113,-0.026625596,0.03211087,0.002411564,0.025860937
1,0.01862572,0.0038533614,-0.0030173052,-0.0051433705,0.006070072,-0.002440302,0.01036883,-0.0036432894,0.011723022,-0.057472903,0.035697564,0.03758764,-0.02982522,0.03331178,-0.027477913,0.03269919,-0.0096542835,-0.010027204,-0.024952726,0.012340858,0.0052642426,0.017926682,-0.039593574,-0.011145639,0.022232322,0.009176797,0.027072163,-0.037513413,-0.021255076,0.012243102,-0.011795246,-0.0011328869,0.04299878,0.0040844553,0.022176625,-0.0016670577,0.0087102335,0.008062214,-0.008214154,-0.019412035,-0.0066631488,-0.0367865,-0.0077959355,-0.0066434685,0.020502279,0.022136467,-0.0099302465,0.010951678,0.0041441657,0.014483167,0.031102816,0.008812998,-0.014152888,-0.046741802,-0.00083619746,0.004888117,0.056093633,0.006008907,0.017614476,0.020968538,-0.016508196,0.021749085,0.012229791,0.0010891192
1,-0.0012056867,0.007066705,-0.008818596,0.0019540493,0.014021695,0.004162989,0.0029589816,0.01581935,-0.001888348,-0.05704696,0.036721956,0.0342045,-0.059122555,0.020623581,-0.029239165,0.025978005,-0.015863284,-0.009582353,-0.018937316,0.029264111,-0.011325857,0.014690552,-0.042422637,-0.02325082,0.023846015,0.027792417,0.028502142,-0.034273583,-0.020235468,0.030223303,-0.010740559,-0.003784356,0.022357313,-0.013125343,0.012455095,0.0135400435,0.0085684,-0.019720199,0.018323516,-0.028964084,-0.024463436,-0.03494082,-0.006338179,0.004420665,0.017743398,0.01418161,-0.014361694,0.013330308,-0.0053797155,0.0004620607,0.013375911,0.017218076,-0.007498731,-0.03566269,0.007360833,0.00050863356,0.037204646,0.01502891,0.01806445,0.027049432,-0.020815408,0.003443004,0.009690878,0.021759849
1,0.017230665,-0.009711499,-0.0018975714,-0.001628643,0.01995753,-0.017559864,0.016696937,0.009283868,0.015071238,-0.053426914,0.05198133,0.04123942,-0.062222518,0.02188161,-0.029783344,0.01290265,-0.017365823,-0.02674646,-0.021445159,0.02660669,0.010894819,0.018795295,-0.055434622,-0.018035963,0.021808706,0.03076802,0.03839226,-0.048586927,-0.0036599138,0.019666655,0.0069287573,-0.015382,0.041987758,0.0032373257,0.028343897,-0.0015506283,-0.00074732036,0.0006068164,-0.0019203499,-0.044216976,-0.0105587095,-0.039839286,0.009992388,-0.0018119004,0.024478702,0.023778502,-0.0064792233,0.025788184,0.009652389,0.0076408577,0.04001446,0.0317002,-0.011106488,-0.050072532,0.010605949,-0.003069713,0.07990429,0.01547007,0.012941278,0.017714761,-0.02224557,0.022068944,0.03151501,0.018325277
1,0.0017836143,-0.0044614007,0.005666834,-0.00044218404,0.006137814,-0.012665105,0.017837644,0.00277883,0.013037448,-0.07247552,0.03981998,0.035653073,-0.052617002,0.050900836,-0.0037834207,0.03220079,-0.0025276875,-0.03406629,-0.024889434,0.015194723,0.012096925,0.0018868393,-0.048386697,-0.006574353,0.026016159,0.03074432,0.0585775,-0.051477946,-0.02015864,0.027682897,-0.018366884,-0.030389547,0.048439622,-0.013258022,0.044340044,-0.006634542,-0.0034472737,-0.017077288,-0.005348578,-0.049369168,-0.024934644,-0.055586062,0.022384305,-0.004979392,0.030418046,0.012270897,-0.026226748,0.024837617,0.01399523,-0.0053668497,0.021973155,0.041286647,-0.010176501,-0.056785583,0.013444738,-0.012711212,0.06728486,0.012878851,-0.0022644536,0.03925388,-0.020591417,0.012107273,0.016122555,0.009100553
1,0.002157804,-0.005082994,0.0020540247,0.014120108,0.0017633714,0.001860429,0.018577235,0.008877059,-0.004813725,-0.04868678,0.030148035,0.015769212,-0.050791673,0.015155205,-0.030022183,0.034407858,-0.004579328,-0.01852519,-0.013968139,0.004834935,-0.01230709,-0.009814708,-0.04418095,-0.024244238,0.010280576,0.021957729,0.051483713,-0.020683117,-0.0052524307,0.035624392,-0.003981714,-0.0044021816,0.04437826,0.0058177104,0.031905398,-0.0037354017,-0.01575348,-0.005266988,0.003563035,-0.038955495,-0.009332728,-0.04228819,0.007728871,0.0051206043,0.0052417023,0.010324472,0.0055734436,0.020652128,0.008470095,-0.0005802889,0.021683017,0.03547714,0.010007309,-0.041366987,-0.009812579,-0.0027481434,0.06631923,-0.00063893,0.02229492,0.011045335,-0.009762894,0.014336383,0.015454134,0.025135655
1,-0.007723263,-0.01189768,-0.010232905,0.022360375,-0.008982017,-0.023440227,-0.00068218145,-0.00593003,-0.0014517608,-0.041797336,0.009556168,0.033614296,-0.029938119,0.016739327,-0.018021183,0.014259924,0.00027260144,-0.031988833,0.0030797862,0.006907645,-0.015356831,0.012058601,-0.023837663,-0.003364001,0.016764805,-4.0890867e-05,0.042249545,-0.029575314,-0.002462175,0.01221372,-0.0014899195,-0.012735691,0.031085182,-0.01622901,0.017599432,-0.0034103147,0.004352839,-0.016436115,-0.010122832,-0.016902072,0.0049244203,-0.03921621,-0.002531461,0.0016125229,0.016445315,0.0037551068,-0.021247875,0.027323931,0.008323516,-0.008017893,0.011909347,0.008583776,-0.010519611,-0.034464885,-0.0042263903,-0.011847231,0.03725449,0.019310363,-0.005170557,0.006218454,-0.015145928,0.027583769,0.015515831,0.018202981
0,0.008500333,0.003036052,0.0068016197,0.014472448,0.021863624,-0.0105191935,0.014365012,0.00405475,0.0004328735,-0.060340267,0.033942293,0.018682532,-0.064339064,0.02948773,-0.028835056,0.01682617,-0.023243655,-0.020825297,-0.011169859,0.026091458,-0.008679461,0.00956686,-0.034931798,-0.022334965,0.04629532,0.008546245,0.03388398,-0.048272382,-0.030993778,0.01937546,-0.019482031,-0.037583414,0.03275309,0.0020343238,0.044448778,0.0022968133,0.009477471,0.002856212,0.017084533,-0.034609165,-0.024339167,-0.05357789,0.015292781,0.00045064784,0.028851645,0.005049118,-0.023475703,0.030824842,-0.0049248924,0.000763828,0.013648293,0.0155824935,0.0022115998,-0.056303214,0.002163354,0.0057990043,0.07691342,0.0110439975,0.008693462,0.02930317,-0.026093746,0.010879878,0.031445876,0.020063657
1,0.00950862,-0.012677573,-0.0014808159,0.01760975,0.032242287,-0.027030502,-0.0057946383,0.0093403235,0.0150965685,-0.104650974,0.070238955,0.056823026,-0.10483291,0.070612796,-0.037766643,0.044126842,-0.0353662,-0.06602356,-0.01721518,0.02651014,0.012955643,0.0062844837,-0.06915381,-0.027075976,0.06882971,0.042230155,0.0821234,-0.089743204,-0.0131827835,0.04362933,-0.027973,-0.025457809,0.06142667,-0.006241699,0.045856457,0.0065261456,-0.022518435,-0.0072070677,0.004209445,-0.08108936,-0.03195212,-0.08061635,0.031202747,-0.010035504,0.053741444,0.036912113,-0.023997629,0.04907228,0.0300288,0.00425931,0.049937524,0.052315146,-0.018528009,-0.10517193,-0.0034145142,-0.0067917886,0.11630956,0.036755864,0.03555183,0.03450421,-0.028033637,0.03340536,0.017029146,0.04663932
1,0.0021333224,-0.019435067,0.010464814,0.023330167,0.016093323,-0.0076912255,0.021380058,-0.002434998,0.0026805918,-0.07462762,0.05411122,0.05279234,-0.07326394,0.05619746,-0.014336108,0.046986382,-0.01636375,-0.04352762,-0.0077636577,0.033334967,0.005119006,0.0050406433,-0.036536198,0.0007754243,0.027559502,0.040466294,0.061965726,-0.06635063,-0.031196967,0.038205616,-0.0044572465,-0.023323271,0.03456458,-0.011663031,0.037342366,0.007638591,-0.012947342,-0.020005854,-0.004263281,-0.044787847,-0.021211829,-0.06515224,0.02769648,0.017281,0.021264737,0.0097174905,-0.0053728693,0.014574534,0.0034493483,-0.001865125,0.025386468,0.04023663,-0.014980031,-0.060855318,0.012753066,0.0021130794,0.068896815,0.021786116,0.020402923,0.022362493,-0.029749665,0.013493779,0.014898902,0.006506474
0,0.015371141,-0.0036508564,0.01499466,0.019061629,-0.009842402,-0.009986179,0.009792237,-0.0055117295,-0.008856632,-0.04455298,0.01201879,0.005128893,-0.016373912,0.011975961,-0.023998113,0.026163252,0.0013518166,-0.026996605,-0.012443281,0.00898673,0.007528938,0.0026613201,-0.014703755,-0.00013409353,0.008875174,0.006164432,0.012961101,-0.034752022,-0.014183284,0.0021802532,-0.0015493077,-0.01685872,0.035969105,-0.017063718,0.0058868947,0.0060702423,-0.0051377174,0.0071812947,-0.0014965022,-0.02225204,-0.020676596,-0.025535371,0.008610969,-0.0044690445,0.00071250426,0.008895963,-0.020213977,-0.0016200207,0.015721047,0.00071063853,0.002437774,0.022438472,0.0050490513,-0.040447198,-0.009164333,-0.0038254263,0.01826493,0.010140144,0.00020125363,0.009073651,-0.023197455,0.015814688,0.0047661588,0.020083293
0,0.005041144,-0.0120762065,-0.010451389,0.012899886,-0.010629745,-0.016913401,0.005032152,0.009568217,0.0010224143,-0.018589066,0.007198814,0.0019641337,-0.036424376,0.011627298,0.004025724,0.012277234,-0.008032385,-0.01688818,-0.019533044,0.011559095,0.0013269653,0.00895613,-0.02644273,-0.0051638046,0.025057042,0.010668464,0.025160726,-0.010105354,-0.008563865,0.0153754,-0.012208511,-0.014530032,0.025791178,-0.01689303,0.027582018,0.0032273761,0.009486938,-0.016003892,0.0084171435,-0.010283964,0.00042800326,-0.0053539276,0.0177902,-0.0006679978,0.007854282,0.015779683,-0.020178877,0.02402832,0.0014134763,-0.0070129605,0.013159645,-0.0012305107,-0.00052659784,-0.017697142,0.005314393,-0.015743531,0.037991036,-0.003111059,0.0073951874,-0.002434754,-0.0133955395,0.011626598,0.0057331873,-0.00045018186
1,0.031362824,0.00038403817,-0.0020247023,0.018244032,0.0145035805,-0.03565515,0.0073546474,0.017580198,-0.0066518015,-0.079235785,0.058624957,0.05601941,-0.089263685,0.064693324,-0.030381382,0.053387698,-0.023590207,-0.045223508,-0.03516217,0.017300861,-0.015723709,0.013352711,-0.05410781,-0.014252682,0.05921123,0.026275247,0.060298882,-0.064600244,-0.02026402,0.05443437,-0.013903787,-0.04428242,0.07315246,-0.0050155707,0.04841453,-0.006137499,-0.0007037379,-0.004475854,0.012939894,-0.07403568,-0.023176642,-0.05561727,0.02314175,0.00040027004,0.022358462,0.032314677,-0.02888885,0.04717616,0.019411014,0.0201606,0.052191544,0.045738194,-0.0025043343,-0.086422585,0.018535588,-0.02161485,0.11138193,0.01807271,0.02414134,0.033493333,-0.03718745,0.039674427,0.029056042,0.01800278
1,0.01702891,-0.00029167754,0.0010382388,0.005527927,0.02961725,-0.03430784,-0.006261829,-0.006275727,0.016745344,-0.09474038,0.04010802,0.048856903,-0.07209035,0.043913856,-0.018014465,0.0253955,-0.015063542,-0.03997506,-0.035128888,0.036745068,-9.130266e-05,0.015715575,-0.062305097,-0.0028064577,0.049328193,0.033449136,0.07869542,-0.06121267,-0.03875072,0.055236056,-0.00417933,-0.03347003,0.052476697,-0.021902699,0.045451023,-0.0009131273,0.008036061,-0.0029782273,0.00030161958,-0.052266974,-0.021810656,-0.07005419,0.008996241,-0.006683122,0.020972434,0.032714628,-0.029740058,0.022518482,0.027746178,0.017696043,0.040277693,0.029737342,-0.008017215,-0.0808552,0.0071641523,-0.028051836,0.09973213,0.024152435,0.005521469,0.05197616,-0.03074805,0.023657506,0.01974479,0.020712774
1,0.017261803,-0.010932254,0.021114292,0.018987175,0.006955504,-0.031934675,0.020167796,0.01339679,0.021366501,-0.08679891,0.070043094,0.04454965,-0.10164203,0.046421587,-0.01724887,0.044138722,-0.014003877,-0.0637729,-0.02840685,0.032908253,0.012536215,-0.0055575967,-0.07860991,-0.018039266,0.045328118,0.047673076,0.08127113,-0.07532656,-0.03573344,0.0646079,-0.0021339387,-0.052285403,0.059419677,-0.00092286634,0.060853638,0.024199234,0.0069098035,-0.0043326905,0.018197602,-0.084984116,-0.018668188,-0.08289022,0.015056221,0.0042730356,0.027091462,0.038389634,-0.015182036,0.036988556,0.015476958,0.006491605,0.042456917,0.045608584,-0.014929128,-0.09203809,0.019025788,-0.0068601267,0.11246297,0.032252334,0.023230555,0.057951782,-0.053499147,0.03611025,0.029834304,0.01829054
0,-0.0026152467,0.0033049146,0.017926335,0.0012326951,0.009352765,-0.004978925,-0.00041079885,0.003686262,0.018005252,-0.025485467,0.0050147995,0.0081715565,-0.03875288,0.030690877,-0.018096408,0.007597134,-0.015159269,-0.010483249,-0.02221894,0.012902797,-0.0043660197,-0.0066496697,-0.01865531,0.003505852,0.010741411,0.018828733,0.010715081,-0.0068405666,-0.012158769,0.011650403,0.0105934,-0.008320492,0.013530334,-0.009715771,0.030689163,-0.010445075,-0.0071357894,-0.015372725,-0.0053158426,-0.011958881,0.0049281535,-0.028635032,0.016190376,-0.005553053,0.0110312775,-0.007333145,-0.010332999,0.0105168875,0.004696071,-0.004778509,0.02898075,0.0041590487,-0.014847655,-0.032857798,-0.011748036,0.008086375,0.045426026,0.00188658,0.019585233,8.290443e-05,-0.00899245,0.006815105,-0.004784083,0.006389958
1,0.008103623,-0.015124264,0.0055838604,0.0150768645,0.017327823,0.0025223696,0.013187103,0.0015304333,-0.006489568,-0.056441307,0.013576182,0.024860835,-0.036793277,0.025923993,-0.018088438,0.025070943,-0.021627069,-0.013424864,-0.011142541,0.017298179,-0.003726197,0.005448148,-0.029353669,-0.0008152253,0.022077119,0.013564634,0.032432564,-0.020343866,-0.0038162852,0.009975668,-0.018100219,-0.030745488,0.03855437,-0.0065256585,0.02665775,0.012102043,0.011863233,-0.019094748,0.008547403,-0.039404396,-0.0045743026,-0.026803281,0.0038887635,0.00019747418,0.010909847,0.012095807,-0.015555377,0.00038420336,0.013471189,0.008435674,0.026583942,0.035028934,0.003938019,-0.046473645,0.005534776,-0.0037797326,0.042525977,0.0042053573,0.008296842,0.01227721,-0.019901907,0.0137190595,0.02674932,0.015921041
1,-0.00357136,-0.009601769,0.015806377,0.008249674,-0.0011150833,0.004400235,-0.0053222855,0.0043756897,0.010618461,-0.055013176,0.038726155,0.015766066,-0.034187555,0.041929897,-0.005451314,0.034791287,-0.0028233046,-0.033263367,-0.015919656,0.025468573,0.014525055,-0.009299034,-0.02633373,0.007493371,0.014999487,0.028581658,0.034308616,-0.032056443,-0.014358131,0.007155751,0.0071705836,-0.0053954427,0.033998773,-0.013499,0.012018783,0.017600214,-0.0075568347,-0.0040713637,0.011249701,-0.024816638,-0.011456824,-0.04544596,0.0051512616,0.0077287923,0.025838949,0.01703341,-0.017565038,0.001723204,-0.005895451,0.0062698033,0.010663023,0.021181587,-0.0002552962,-0.024717402,0.016414966,-0.014270821,0.03386103,0.021147499,0.021077296,0.0090999175,-0.008394048,0.0055028545,0.0072717983,0.015330104
0,0.02320749,-0.022411674,-0.003115041,0.019732604,0.026257513,-0.0052760155,0.011135905,0.012400659,0.0074374075,-0.0892165,0.06366699,0.05510618,-0.06805076,0.06095331,-0.020932272,0.037421737,-0.021165375,-0.053448804,-0.018880617,0.019253647,0.014526299,-0.008406602,-0.060155127,-0.020072771,0.05159453,0.021087147,0.056369014,-0.04804329,-0.008333276,0.042302284,0.0056831692,-0.036275204,0.063512094,-0.01574128,0.049023066,0.0187868,-0.010748519,-0.016895153,0.012562568,-0.06359115,-0.010552708,-0.0714953,0.009780172,0.006771534,0.02967432,0.021205762,-0.022677274,0.02481221,0.003715549,0.0057138875,0.042645156,0.043115914,0.009803186,-0.064186856,0.013556595,-0.0036000889,0.082077414,0.015075968,0.024109405,0.027571479,-0.03950616,0.029176148,0.037737593,0.031615287
1,0.015625793,0.003961909,0.00558521,0.011546519,0.026009114,-0.02122959,-0.005913575,0.014720698,-0.0011564255,-0.06420435,0.04793771,0.047163565,-0.080639824,0.03209512,-0.019256955,0.021647992,-0.026223198,-0.040212043,-0.02463331,0.03110468,0.0029922402,-0.0048157414,-0.06568519,-0.029854668,0.0560722,0.037054755,0.059017126,-0.058202367,-0.014005293,0.054575335,-0.020092294,-0.04434354,0.042201925,-0.0009868694,0.037405804,0.006066822,-0.017330812,-0.017719952,0.020850211,-0.060006633,-0.019796146,-0.058984518,0.020828342,-0.010859247,0.018704502,0.0054816897,-0.009336332,0.012918318,0.02413649,0.0040007597,0.041450854,0.04089839,-0.0100112185,-0.07287783,0.00803117,-0.010965826,0.07128084,0.03280623,-0.00060112023,0.030342065,-0.02888544,0.026919464,0.03373595,0.022540057
1,0.020212948,-0.001998899,0.019408446,0.014747892,0.024517843,-0.018587697,0.0040690573,-0.0049735336,0.013759486,-0.050126243,0.020595327,0.04428565,-0.056638397,0.03132434,-0.02026917,0.018452445,-0.0050679008,-0.041178595,-0.023966048,0.029442454,0.004945158,-0.010781079,-0.04649595,-0.01752987,0.03771589,0.0068139127,0.056092132,-0.037613884,-0.029217433,0.028317465,0.005247502,-0.027813865,0.03833954,0.002904851,0.01567092,0.020010674,0.008616946,-0.00915893,0.0040144636,-0.040687174,-0.00562011,-0.038909487,0.025166733,0.0040281913,0.018020485,0.014276185,-0.00255347,0.0049665165,0.020385768,-0.00052918587,0.031869724,0.021326562,0.006466853,-0.046268016,0.014828594,0.0010904606,0.048172332,0.0056408704,0.020549921,0.023677276,-0.019207766,0.032545988,0.021984717,0.030929394
0,-0.005185522,-0.006805136,-0.010497173,0.017559491,-0.002287312,-0.005059702,0.010075853,-0.0022052752,0.004120067,-0.017779255,0.018785667,0.022209516,-0.009884609,0.019471351,-0.0044319453,0.012745758,0.008566438,-0.00136313,0.00032657705,-0.004584407,-0.011767043,0.0064344113,-0.002286755,-0.0033476967,0.011953353,-0.0033870186,0.013390937,-0.01223338,-0.009192009,-0.0004166428,-0.017082812,-0.0107389325,0.016385078,0.0060078506,0.0044915588,0.0057463786,-0.006667249,-0.008412171,0.017402679,-0.020344334,0.001628757,-0.017289056,0.011110971,0.0025004966,0.020920446,0.017496178,-0.0039538997,0.003312462,0.011731376,0.012412232,0.021588638,-0.0013947971,0.008727253,-0.00057624094,0.006600987,0.006443783,0.02197417,-0.010276017,0.0019182708,0.017671725,-0.004689313,-0.002687702,0.015404074,0.018980846
0,0.006652744,-0.0009978611,0.0015514403,0.0155569855,0.0077961525,-0.025200255,0.01933765,-0.012680572,-0.006776097,-0.04879804,0.024021368,0.03527872,-0.056033567,0.032459058,-0.009008345,0.016010791,-0.01757656,-0.030099247,-0.0075332136,0.01905032,0.011237023,-0.0028583144,-0.05007593,-0.02030818,0.02307635,0.02363446,0.03345624,-0.037498895,-0.027888969,0.040799554,0.006881003,-0.023064377,0.0381769,-0.006072792,0.020888366,0.012046131,0.0113710705,0.0069134603,0.0056902803,-0.04226214,-0.019316327,-0.03593672,0.013927987,-0.011532363,0.026492909,0.02442226,-0.022247508,0.023173524,0.020895805,0.0032820418,0.014693422,0.042455412,0.01037625,-0.0553809,-0.0034960972,-0.02027733,0.06368337,0.0006536258,0.019490527,0.03927108,-0.026610717,0.0064141448,0.0060566445,0.016337983
0,0.0147884,-0.009263362,-0.003234961,0.009225821,0.013250927,-0.00013957777,0.00929725,0.012713119,0.009759731,-0.048167616,0.023084322,0.026971927,-0.03828485,0.04839456,-0.028894342,0.01821506,-0.015394023,-0.015161282,-0.002033489,0.014700271,0.0012959217,0.018165607,-0.024504833,-0.023478445,0.024352904,0.020922037,0.05159854,-0.054615006,-0.0040361667,0.034716815,-0.0022293273,-0.02160469,0.04252048,-0.0033051348,0.045249596,0.0115640415,0.004536885,-0.017995583,0.006877584,-0.04119247,0.0022040624,-0.055728402,0.0056752875,0.002671771,0.023128206,0.025163956,0.0032433781,0.0140064005,0.023642313,0.0134494705,0.017685724,0.01970261,-0.007914146,-0.03675718,-0.007923696,-0.010840499,0.06921701,0.016106412,0.017511472,0.032602414,-0.03201809,0.034780473,0.02982125,0.017347844
1,0.014017838,-0.018382201,-0.005616001,0.03130836,0.028180478,-0.012461414,-0.00504943,0.007800583,0.01681524,-0.09213381,0.051793255,0.058653343,-0.062033802,0.04568144,-0.03506317,0.036846545,-0.015232514,-0.04072811,-0.0044902195,0.03827416,0.0074267616,-0.0056561697,-0.045693032,-0.015209308,0.048689827,0.04285609,0.07467388,-0.07284905,-0.028880402,0.040581252,-0.022053624,-0.043324605,0.060353465,-0.010881891,0.050642256,0.010938373,-0.016163815,-0.0039036968,0.023264106,-0.07019036,-0.0109495325,-0.057793673,-0.00052211114,-0.008833622,0.016623195,0.0178162,-0.020770133,0.034996007,0.015975805,0.005259305,0.04582921,0.033215445,-0.010950221,-0.084047645,-0.0061954595,-0.024906538,0.09147124,0.025149614,0.022741752,0.03597312,-0.023741607,0.032800138,0.019434573,0.027788352
1,0.018060865,0.0029244425,0.010630278,-0.0012938678,0.018130317,-0.013225294,0.011335626,-0.007392462,0.0037582347,-0.06297323,0.054051634,0.04334874,-0.058176048,0.051309336,-0.017356155,0.020104181,-0.028983422,-0.033205252,-0.0017392489,0.024938338,-0.00081760704,-0.011435447,-0.045378488,-0.0045642476,0.033530094,0.040551685,0.04085512,-0.049915187,-0.0149461245,0.035460748,0.0024779176,-0.023133345,0.03663811,-0.011501754,0.04312329,-0.0059941937,-0.009443025,-0.0045416784,-0.005167718,-0.034799412,-0.013794779,-0.05383583,0.0048878756,-0.0058745686,0.017062163,0.015883401,-0.0062014633,0.035924133,0.021359762,0.00012033842,0.017006947,0.032643832,0.0035149525,-0.043195043,-0.0012279389,-0.013135726,0.06294014,0.0015637735,0.02134946,0.03724003,-0.02580509,0.035599254,0.02604969,0.026969336
1,0.004692266,-0.016677417,-0.006202311,0.013789361,-0.0036452487,-0.007322095,0.003079806,-0.008965842,-0.008036203,-0.037391596,0.024402304,0.011598111,-0.037683163,0.03548121,-0.022497185,0.018366069,-0.007142331,-0.010118035,-0.012750651,0.009811488,-0.010524205,-0.008970819,-0.02493298,-0.016340965,0.0056666513,0.0016625018,0.043558802,-0.019166484,-0.023625739,0.007663706,0.00024844313,-0.02788896,0.026811898,-0.017912017,0.029334033,-0.00027014205,-0.012250604,-0.019478975,-0.0032546904,-0.020918872,-0.015265756,-0.034782194,0.020471675,0.013758288,0.007816092,0.02216629,-0.0016236539,0.02703966,-0.009053773,0.0081525985,0.0066300607,0.008998093,-0.003519972,-0.040021975,0.009874985,-0.013818183,0.027343836,0.020259198,0.015826084,0.0035982106,-0.017159099,0.01102789,-0.001251208,0.013750514
1,0.0089251455,-0.007919065,0.010271627,0.024973532,0.013863118,-0.02927276,0.010934789,0.007845782,0.013210505,-0.0643692,0.042119823,0.018219251,-0.06276782,0.02808043,-0.019469794,0.03627855,-0.026057746,-0.03799642,-0.025234465,0.011734482,0.0019596363,-0.0069048326,-0.025588075,-0.012146436,0.045864128,0.031124696,0.050777115,-0.03940153,-0.017297164,0.039437287,-0.013816427,-0.037317645,0.050546456,0.008813675,0.033601094,0.0011448758,-0.016273124,0.002498391,-0.003957797,-0.05662015,-0.011781409,-0.058703795,0.014256564,-0.006551973,0.0091744885,0.019244196,0.0026661712,0.030678045,-0.002431556,0.007675071,0.021131178,0.033816554,-0.00060085545,-0.043242417,0.009244363,-0.016406078,0.0573021,0.015873069,0.00326125,0.029705033,-0.024558654,0.02838002,0.02353932,0.032860834
1,0.006879644,0.008251913,0.0033887685,0.016801748,0.020142725,-0.007657232,-0.0049088094,3.8443613e-05,0.014759601,-0.014993424,0.005769133,0.0030800365,-0.025243776,0.01274892,-0.019480899,-0.0008369749,-0.006864964,-0.013767116,-0.0044890814,0.019088328,-0.0051029497,0.0147973895,-0.025128022,-0.008144476,0.0059127463,0.014697105,0.010633426,-0.020486536,-0.02121116,0.024911003,-0.0045436053,-0.024870731,0.021622973,0.013322924,0.016303524,0.01732519,0.0042638527,0.0042852135,0.01633214,-0.020380106,0.0016371832,-0.028427877,0.0047066277,-0.003725734,0.009376274,0.0073662326,-0.010713507,0.0026133978,0.0068441383,0.00956256,0.011542632,0.00040807834,0.0140207065,-0.01364121,0.006813137,-0.008536485,0.03457172,0.020076463,0.0050332826,0.0011157235,-0.016985217,0.013556317,0.003941853,0.0050500394
0,0.015695218,-0.018000323,0.011023298,0.019313147,0.0019293668,-0.020243676,-0.008213603,-0.0061106356,0.0026782434,-0.046441052,0.017068554,0.013682392,-0.024304446,0.038746648,-0.0086816335,0.02967377,0.0018550098,-0.0300273,-0.019884529,0.0005817951,0.0034766193,0.014361299,-0.015603522,-0.008681193,0.019318465,0.017233733,0.01897183,-0.012980574,-0.020979954,0.021654218,-0.0091269,-0.005753134,0.041286934,0.0070919255,0.011441241,0.0068934113,0.008653377,-0.0033701027,0.014872323,-0.043178342,-0.0020131534,-0.04330709,0.0137826055,0.0071334722,0.018428896,0.0077015553,0.004085203,0.028632235,0.0101681575,0.0042975713,0.0031270566,0.00807675,-0.0035090412,-0.019296069,-0.010102877,-0.007155624,0.046182394,0.016236046,0.0051678824,0.00957431,-0.0120824,0.019131755,-0.0010883983,0.009975481
1,0.0024797544,-0.0070130653,0.012987672,0.023189563,0.015781017,-0.019290224,0.002821959,-0.0031109075,0.0054977853,-0.08800399,0.0652302,0.04805452,-0.08185974,0.053215865,-0.032824397,0.028789042,-0.016280448,-0.043731034,-0.021008663,0.0360933,0.0063906997,0.009885089,-0.07261639,-0.012353795,0.051506534,0.048995834,0.0782564,-0.07049593,-0.036209967,0.0439023,0.004141164,-0.040404696,0.07104906,0.0025486287,0.053028237,0.018939288,-0.0004471104,-0.0059537087,0.0085827615,-0.076754026,-0.006081227,-0.08160133,0.025640579,0.00041850435,0.036052696,0.018714119,-0.007879532,0.022034448,0.030032808,0.01461542,0.048509613,0.050947182,-0.005225352,-0.08795343,-0.0034947016,-0.030870546,0.10041068,0.034338776,0.021390483,0.051428318,-0.035509538,0.03163805,0.026460055,0.03431861
1,0.02918873,-0.0032038062,0.0069171684,0.037771404,0.0068428977,-0.026207238,0.005358031,0.009932588,0.0124441935,-0.12152296,0.07673426,0.04797237,-0.112673,0.06434152,-0.04471569,0.036836635,-0.025595393,-0.04071363,-0.038208175,0.03298656,0.010909804,-0.0069563356,-0.07161026,-0.004975484,0.06763202,0.03141046,0.10582711,-0.074639276,-0.02674647,0.05056712,-0.022977643,-0.055227853,0.06553501,-0.002702699,0.059904184,0.008078861,0.000968923,-0.02535748,0.021836694,-0.09069467,-0.015004103,-0.07410673,0.013770552,0.0139176855,0.05210903,0.022564463,-0.021405747,0.053299922,0.019911805,0.023481263,0.061390895,0.053044382,-0.019486884,-0.0882175,0.006571825,-0.030975848,0.12215037,0.010517871,0.018271277,0.035715204,-0.028021306,0.03822394,0.048405025,0.01716061
1,0.01313417,-0.009614341,0.009456709,0.0080608465,0.019313928,-0.027494889,0.015668845,0.013789528,0.012108463,-0.07149963,0.041267175,0.057864416,-0.0699732,0.041736566,-0.013451567,0.03155076,-0.023579584,-0.052547198,-0.0077390373,0.02200913,-0.014456864,0.0018930678,-0.0607119,-0.013853001,0.05883538,0.03796077,0.08192742,-0.068792544,-0.022650009,0.056602824,-0.010095412,-0.039599117,0.07199524,-0.022948816,0.057298947,0.011026354,-0.019732514,-0.021016458,0.0033552244,-0.05879031,-0.007672207,-0.07323854,0.024159549,-0.0056594657,0.044493157,0.026700761,-0.001979514,0.03343256,0.030719772,0.004384068,0.038866684,0.040023495,-0.014354098,-0.06535304,0.009665491,-0.013564293,0.106782734,0.022581609,0.012301057,0.03321978,-0.040277313,0.043612458,0.03959655,0.030327674
0,0.0030795273,-0.0066599823,-0.009526454,0.012630908,0.017695846,-0.010638163,0.012961826,-0.0137911625,-0.0003011844,-0.029370973,0.03204967,0.022105249,-0.042540774,0.026244665,-0.011831573,0.00828679,-0.001182405,-0.025927035,0.0034151592,0.0047397376,-0.013867242,0.010898462,-0.03281581,-0.01694773,0.0083375005,0.02372529,0.034525298,-0.022094946,-0.01593102,0.01316418,-0.011503372,-0.024596902,0.02417144,0.009436426,0.027206259,-0.0068752863,-0.01223404,-0.010385545,0.0043504196,-0.011335907,0.0034300988,-0.0094842855,-0.0026882251,0.011774284,0.018892108,0.014930411,-0.009687154,0.0072254557,0.011006689,-0.011962746,0.011634202,0.01860938,-0.0009224611,-0.019385159,-0.0072641717,-0.010574723,0.0260287,0.01998364,0.011376616,0.01457244,-0.010024993,0.024127401,0.0036558989,0.0007765408
0,0.01809701,0.00036588986,-0.0010000974,0.0149427075,0.018982451,-0.016838629,0.0035642898,0.008817049,0.010378918,-0.038088635,0.01575333,0.013116959,-0.025539944,0.0056267995,-0.013811652,0.013639865,-0.010431961,-0.026785858,-0.005474735,0.006652448,-0.0062338808,-0.010673031,-0.013007598,-0.00238334,0.0027932376,0.00066041306,0.032008585,-0.029214839,0.0040733623,0.026938621,-0.011647291,-0.010770908,0.01808139,-0.0069927615,0.0024713897,0.011470865,0.00929656,0.0056881565,0.008776944,-0.016825657,-0.011210788,-0.007737764,-0.006902067,-0.0077442657,-0.002526359,0.011824485,-0.019721035,0.018226247,-0.007839966,0.0013105881,0.014722275,-0.0013094045,0.012539941,-0.01694138,0.01531123,-0.015930954,0.016268183,0.017901707,0.015909977,0.019304663,-0.0019265922,0.023499971,0.012157408,-0.0035791877
1,0.025093002,-0.0144320885,0.029372506,0.030681217,0.010610354,-0.043185312,0.025832903,-0.008207049,0.012860739,-0.11572341,0.09313087,0.061525874,-0.110177614,0.07468336,-0.052740876,0.061517272,-0.037088342,-0.07957875,-0.028015902,0.045500282,0.012926203,0.0068915565,-0.10374246,-0.01438428,0.07183384,0.05585941,0.10817304,-0.07681448,-0.03665698,0.07915661,-0.018790338,-0.05695584,0.09545903,-0.0065861326,0.07886373,0.025272539,0.008561598,-0.016120745,0.02858362,-0.10264472,-0.04371309,-0.098055035,0.010461177,-0.008840356,0.04833099,0.026818294,-0.01454339,0.047313202,0.0075702975,0.02737601,0.06309441,0.06643311,-0.021238318,-0.09751644,0.017846275,-0.02675103,0.14929113,0.03221002,0.0394501,0.06550964,-0.058717325,0.06429669,0.024201099,0.032061394
1,0.015120978,-0.0072263787,0.017115427,0.009086778,0.02667065,-0.012496288,0.0030021064,0.0071008243,0.002144564,-0.049128734,0.030960197,0.024813633,-0.052541338,0.047849048,-0.027064065,0.016711213,-0.003907636,-0.03259007,-0.005856454,0.011325489,-0.015693944,-0.004975927,-0.033565238,-0.0047962395,0.018655386,0.037963353,0.049671452,-0.05335785,-0.029327676,0.030922545,-0.0010487041,-0.027478559,0.050885234,0.0032411278,0.038185112,0.018624455,0.0020642392,0.0007187323,0.0042210775,-0.050265696,-0.023849376,-0.062027566,0.020223722,0.015736999,0.008900811,0.016053755,-0.01639681,0.009683539,0.021007383,0.0015241182,0.028784912,0.015605433,-0.0035288848,-0.058184806,0.00018683252,-0.0031955424,0.065999664,0.008873428,0.00133482,0.026878828,-0.025868243,0.015068782,0.033471227,0.030422281
1,0.0063838027,-0.00509915,0.002879883,0.003265079,0.012206336,-0.018663365,0.0153330555,0.009655055,0.020847987,-0.051527902,0.041726377,0.035378743,-0.05643385,0.04674749,-0.0264665,0.028677966,-0.00918941,-0.020998484,-0.025215633,0.02788988,-0.013428563,0.0045105466,-0.045470964,0.001964648,0.026479654,0.032251835,0.04607878,-0.03195762,-0.009316902,0.014278725,-0.0027608133,-0.013326777,0.046501707,-0.0048532807,0.033610642,0.007444452,-0.018482089,0.0052225976,-0.0030495482,-0.035436876,-0.011979409,-0.051998444,0.0038595684,-0.009360488,0.033241894,0.003700368,-0.02684911,0.013530545,0.005850141,-0.007716212,0.022040656,0.020388458,0.012148084,-0.06445144,-0.00048571412,-0.02236149,0.05806289,0.025988296,0.02106461,0.012615625,-0.0067450935,0.016433666,0.004047361,0.014358089
1,0.010457995,-0.025611207,0.017776305,0.025018303,0.023322998,-0.031003838,0.0021828096,-0.004382117,0.01578285,-0.12160824,0.06717081,0.05207625,-0.1085333,0.07031785,-0.037855297,0.03678375,-0.027461877,-0.06079564,-0.011840103,0.047970053,-0.0043342626,0.013085116,-0.08033669,-0.015169349,0.04845364,0.055181373,0.082171336,-0.090778284,-0.03999204,0.044697523,-0.025635354,-0.03750473,0.08703282,0.0016274378,0.0729615,0.013607874,0.009244986,-0.004856133,0.01742502,-0.0941721,-0.012135929,-0.06926165,0.011190035,0.0029936512,0.028276121,0.01179415,-0.005323331,0.05352353,0.020435482,0.020927968,0.044501934,0.054103676,-0.017761726,-0.10397985,0.008280659,-0.004722565,0.12451716,0.033771902,0.029715598,0.045997344,-0.046084877,0.048803866,0.047455903,0.016654262
1,0.004420258,-0.0059432667,0.0038723059,0.021687698,0.014096509,-0.010740945,0.02023312,-0.00089199236,-0.0056733782,-0.10881475,0.07437977,0.04940132,-0.09189286,0.05253163,-0.031581406,0.04438467,-0.03218009,-0.04080359,-0.03610856,0.040318005,-0.010332511,0.0017046557,-0.07238821,-0.022360202,0.054742776,0.037075818,0.077275425,-0.07536149,-0.0364492,0.048370384,-0.009198243,-0.053229824,0.06235893,-0.0012167675,0.05596718,0.014129481,-0.0024364025,-0.029455384,0.023992842,-0.07089512,-0.02819347,-0.07336293,0.0065547624,-0.009455314,0.04326533,0.027829247,-0.008447019,0.033253275,0.018135885,0.022929456,0.04875793,0.05116749,0.0044595,-0.091402635,-0.00141144,-0.022724535,0.11997718,0.011313272,0.010474717,0.03410062,-0.045237686,0.045812283,0.0348984,0.03270248
1,0.018323686,-0.022091718,0.011999499,0.030891676,0.0033851126,-0.027897894,0.015468021,0.01600261,0.023205334,-0.07761873,0.067783184,0.05677381,-0.08827525,0.06176221,-0.012476844,0.05280996,-0.013628751,-0.047382332,-0.026590593,0.044443697,0.014858644,-0.0043779896,-0.061292168,-0.009128202,0.06042603,0.044513997,0.085308306,-0.071444474,-0.040674407,0.040624984,-0.0036086543,-0.02756971,0.059495095,-0.018411098,0.060212296,0.006280219,0.005166175,-0.017554725,0.011015474,-0.074572936,-0.018697264,-0.07185742,0.026753522,0.010657536,0.022909174,0.012165405,-0.012782586,0.034898493,0.010118205,0.015824955,0.03160455,0.052504443,-0.017071268,-0.070961654,0.012773135,-0.018823229,0.1015956,0.008198606,0.010738253,0.025682716,-0.04381992,0.032382887,0.043267593,0.03459604
1,0.02280777,0.0032849687,0.018036176,0.016161984,0.03230348,-0.011210783,-0.0007617624,-0.009431083,0.0050410125,-0.11314621,0.07052484,0.049409498,-0.11683349,0.0791779,-0.034708194,0.040117096,-0.009259848,-0.060271587,-0.035895288,0.04481472,0.009262929,0.015008899,-0.06788548,-0.0079237465,0.07254209,0.055388846,0.089566715,-0.06773699,-0.043184787,0.055684566,-0.011124339,-0.0354315,0.07234857,-0.019664051,0.057122104,0.016788606,0.0019567127,-0.0007060215,0.02963547,-0.08768784,-0.03420743,-0.0822981,0.029610839,-0.004116564,0.03225859,0.02610336,-0.017117057,0.036102097,0.012417504,0.006405667,0.056326184,0.062233064,0.0027225357,-0.099517,-0.0058017275,-0.0054453067,0.11734694,0.03301952,0.019282866,0.057596646,-0.034597628,0.053915672,0.047783643,0.03773359
1,0.012574206,-0.020649625,0.024874622,0.022125704,0.035368804,-0.020116717,-0.0034287923,-0.009776452,0.0026592389,-0.11795028,0.075632505,0.055972744,-0.10548157,0.052346792,-0.03276418,0.060395524,-0.024510376,-0.042683154,-0.040570185,0.026114888,0.010750458,-0.0015926263,-0.06853912,-0.0051895594,0.06881023,0.048250187,0.0753067,-0.088527195,-0.020508243,0.068432756,-0.018886477,-0.026246222,0.08220042,-0.017888766,0.06266879,0.021690534,-0.0049884226,-0.010777817,0.023779178,-0.09093754,-0.026738234,-0.07998984,0.031768315,-0.0068934243,0.036301456,0.016569253,-0.013651932,0.033322547,0.027773973,0.01689601,0.057692677,0.049975306,0.008464543,-0.07944108,0.013016108,-0.023352018,0.1275405,0.02077273,0.01377851,0.044727616,-0.032060776,0.037995625,0.037529603,0.038174406
0,0.015096708,-0.015925534,0.013645409,-0.0030642587,-0.0071575097,-0.017991535,-0.008917281,-0.012458942,-0.00922591,-0.024108555,0.017831426,-0.0018778765,-0.019429745,0.02173812,-0.021057516,0.022828193,-0.00813421,-0.015784157,-0.008659053,0.019974263,0.009330973,-0.008379428,-0.007272448,0.009000602,0.004930764,0.022778653,0.031429708,-0.02241514,-0.013414264,0.01939969,0.01041399,-0.020430379,0.017074456,0.00053135306,0.011479551,0.0064731943,0.0127076525,0.0056611393,-0.00924765,-0.021529801,-0.012759219,-0.00616257,-0.0017907891,-0.01216072,0.012633042,0.0203128,-0.010128615,0.016841995,-0.009633537,0.009349171,-0.0021876423,-0.0010904116,0.0025767207,-0.031101165,-0.008509753,0.011018885,0.020528262,-0.0031611589,-0.0020709597,-0.0046068733,0.0023794519,0.024376098,0.01768396,0.018253153
1,0.027913839,-0.016164534,0.022363584,0.018934159,0.01825901,-0.016078455,0.006417065,0.005855575,0.0044624787,-0.09353057,0.048846316,0.05569867,-0.08361698,0.040202253,-0.033797592,0.046714824,-0.019181227,-0.02868697,-0.030173276,0.031295635,-0.009963799,-0.006263147,-0.043330103,-0.028388308,0.031687003,0.047956638,0.074012205,-0.06509133,-0.025111228,0.052391857,-0.0027760426,-0.021209674,0.05691899,-0.00024358873,0.052296083,-0.006404719,-0.012179644,-0.007032545,0.00724626,-0.07792843,-0.018214226,-0.050748017,0.02063971,0.015419736,0.032948818,0.024566974,-0.015402341,0.044158604,0.003311213,0.011688189,0.046038657,0.040381372,-0.0016152844,-0.0870514,0.012885363,-0.008786654,0.107546724,0.011304343,0.0048630936,0.052779946,-0.030426025,0.034284797,0.012483949,0.024994876
0,0.0015214363,-0.01783202,0.018429454,0.023794081,0.024675367,-0.023259575,-0.0074903853,-0.006899213,0.005748263,-0.081934094,0.052174572,0.038652834,-0.07019659,0.02922701,-0.01993367,0.04205448,-0.016813392,-0.020785246,-0.022094533,0.027970348,4.3051323e-06,0.0002647189,-0.040153984,-0.026193146,0.045768574,0.037952393,0.04723707,-0.048578274,-0.019785583,0.021434993,-0.008614077,-0.03166154,0.03983345,0.0033124245,0.047467787,0.014256504,0.0076621966,-0.0023662033,0.018548474,-0.061124783,-0.011896372,-0.039186742,0.006281232,-0.0054669776,0.031844236,0.013405024,-0.019756366,0.03588681,0.0049238363,0.02311006,0.029822804,0.024586206,-0.008678871,-0.06874836,0.0047798073,-0.017951472,0.07441089,0.01646897,0.01739286,0.023497842,-0.031145414,0.018869765,0.033996183,0.006111514
1,0.0114496695,-0.024199527,0.0032373052,0.02881357,0.00042837375,-0.03443989,0.019772058,0.012125728,0.020592298,-0.09270004,0.037732862,0.04690843,-0.08455713,0.065558545,-0.024445688,0.04217051,-0.03200246,-0.03895652,-0.02953777,0.012547644,0.0108463485,0.002507774,-0.043860305,-0.003373966,0.03805469,0.02917603,0.06015449,-0.04711709,-0.035493795,0.0474534,-0.02179859,-0.04591166,0.06748256,-0.0028802343,0.051267277,0.020536155,-0.011930725,-0.008305952,0.0126267485,-0.047838017,-0.013496277,-0.07548791,0.029376926,0.0073002614,0.016372167,0.005836763,-0.021868674,0.042480238,0.006402747,0.013084641,0.029193677,0.02874407,-0.009667296,-0.08265749,0.01751057,-0.027022034,0.08011218,0.012256058,0.0011846646,0.050334383,-0.0414008,0.044266164,0.027163344,0.028871654
1,0.008859292,-0.0073624505,0.008106928,0.03466153,0.030809049,-0.012012685,-0.0031094346,-0.003211883,-0.0044563306,-0.11417544,0.072175406,0.06891499,-0.09822266,0.072889246,-0.039017737,0.057614103,-0.024123736,-0.062723726,-0.01979742,0.024408557,-0.014411132,0.0055989814,-0.06781117,-0.025780123,0.061961543,0.05716618,0.10450467,-0.06861382,-0.01728201,0.069381796,-0.005286286,-0.048443932,0.0735746,-0.008211869,0.050512,0.02169886,0.0061904048,-0.009794313,0.029997505,-0.09215444,-0.038012788,-0.06913846,0.030583408,0.014668135,0.047939103,0.03692769,-0.0051536383,0.024513548,0.022353794,0.022706147,0.064980686,0.046557948,-0.0035720882,-0.09215967,-0.0059988457,-0.025520723,0.11676304,0.030254385,0.017251048,0.05202267,-0.031417865,0.027355846,0.037535664,0.044588897
1,-0.0072326846,0.0073851626,0.01652759,0.017392801,0.016695905,-0.012716231,0.016522275,-0.009167269,0.017902354,-0.017381286,0.025366778,0.027736368,-0.024211057,0.024455754,-0.025922205,0.01737856,-0.021897245,-0.013211652,0.0052050045,0.0128101725,0.014002444,0.008061913,-0.037301525,0.003583669,0.009632613,0.012505443,0.03906808,-0.027645944,-0.0094101755,0.006199086,0.005098921,-0.013780907,0.0331253,-0.01831945,0.02565728,-0.010568985,-0.0042182035,0.0028259214,0.01815096,-0.035627052,-0.0021091267,-0.023753243,0.021486335,-0.0058070277,0.024560034,0.022393769,2.1430678e-05,0.018158853,-0.0006589807,0.015511856,-0.00013797724,0.02114449,0.009917119,-0.031035315,0.0054497197,-0.0205633,0.027806398,-0.0028329294,-0.0005074932,0.0022345223,-0.006883785,0.0046856417,0.01308123,0.023263609
1,0.016226653,-0.01897182,0.005525122,0.009750694,0.034489542,-0.022563506,0.013169517,0.0114171,0.010826734,-0.118449345,0.064948335,0.07005076,-0.097326376,0.053271223,-0.042653117,0.041774374,-0.012828727,-0.056837857,-0.019796604,0.039539427,-0.0021194748,0.00689003,-0.0632943,-0.03356151,0.050368693,0.048173837,0.09678583,-0.06082451,-0.033561032,0.06281785,0.00016471151,-0.045838926,0.07880406,-0.018939422,0.056458615,0.018623814,-0.019947566,-0.0064770044,0.015426453,-0.090363055,-0.03429901,-0.07905261,0.018045709,0.013385424,0.023747006,0.021835662,-0.022712626,0.048497275,0.016731901,-0.0034565907,0.062934205,0.0626687,-0.009031542,-0.08575141,0.006232638,-0.010531064,0.113934904,0.03851445,0.0121937785,0.04602243,-0.031076552,0.04268614,0.032247476,0.025876822
1,0.002121803,-0.013773937,0.014943464,0.009179619,0.012901442,-0.031337645,0.0072497833,0.0055922032,-0.00789081,-0.057075948,0.04177808,0.046139054,-0.05973382,0.035984755,-0.012356032,0.037475467,-0.029547038,-0.020669637,-0.0246344,0.022812258,0.014719517,-0.0037476968,-0.04008689,-0.016913421,0.04053537,0.027399594,0.063145995,-0.05478729,-0.0061986395,0.036168475,-0.0052582645,-0.013208917,0.06115607,-0.012748978,0.030746765,0.008844968,0.008573305,-0.007191802,0.008114883,-0.040961612,-0.013099968,-0.038242694,0.027473558,-0.0033164448,0.017177848,0.027229905,-0.010838708,0.010704035,0.013870056,0.0010173876,0.033230867,0.033626746,-0.012854641,-0.06999175,-0.0034258955,-0.02700545,0.07409947,0.018008064,0.015472909,0.044373915,-0.027647028,0.022485392,0.035479885,0.01579766
1,0.025747273,0.0012424259,0.014164544,0.015274937,0.019424606,-0.017871406,0.0052826703,0.0040527936,0.014447698,-0.06292731,0.03809209,0.03165383,-0.057467658,0.049605474,-0.034327958,0.035116825,-0.02855625,-0.035309028,-0.0032789053,0.0144535275,0.007388343,-0.006704396,-0.03138999,-0.00033565768,0.032883473,0.027126268,0.05965249,-0.055323787,-0.012310344,0.04788413,0.0008771406,-0.027219886,0.04472146,-0.020669246,0.042398337,0.019314874,0.002289196,-0.023570657,0.020691553,-0.044229113,-0.028794024,-0.056761492,0.017512403,-0.009110907,0.0363753,0.022739591,0.0015441162,0.031457957,0.016069269,0.021634528,0.031032888,0.04307805,0.0061420267,-0.052838482,0.00072350656,-0.0032507307,0.081894696,0.009675824,0.018867498,0.03860117,-0.018725961,0.03685961,0.012164587,0.014698541
1,0.008834256,0.0009420739,0.007054459,0.01658122,0.013590505,-0.00952142,0.017994413,-0.0059623537,0.0028534564,-0.10698856,0.06875092,0.04179445,-0.0801952,0.06293419,-0.035421494,0.04431849,-0.026004162,-0.042243134,-0.031633787,0.035335053,0.005470393,0.0056413203,-0.0702326,-0.017547762,0.064040266,0.038647253,0.099894166,-0.085237406,-0.014944638,0.048331227,-0.017509358,-0.027873456,0.057579994,-0.016807858,0.04288633,0.010466889,0.0023735045,-0.00285627,0.024746792,-0.066836126,-0.013164596,-0.092816055,0.009000301,0.011017793,0.03985951,0.032381557,-0.032462865,0.03477372,0.026658917,0.022417422,0.055861272,0.045953147,-0.019966729,-0.09593633,0.0030490698,-0.031167956,0.0981782,0.025237104,0.028074406,0.05993336,-0.034863643,0.052426122,0.032756615,0.016231561
1,0.0220288,-0.02775518,0.01189285,0.03434258,0.009728796,-0.008055891,0.020660235,0.011294925,-0.0016251403,-0.11076044,0.059658624,0.044450447,-0.09688417,0.045627538,-0.04438631,0.031092362,-0.01608368,-0.06002971,-0.039131913,0.042203173,0.01040449,-0.007398412,-0.06763321,-0.026169304,0.04101173,0.029714856,0.084711015,-0.08138394,-0.030144868,0.05253376,-0.026473893,-0.039130468,0.052427445,-0.008767375,0.06757902,0.02678269,-0.008945586,-0.01781487,0.0026905853,-0.083013825,-0.009424855,-0.08147802,0.0023429962,0.004076403,0.04390744,0.012159167,-0.007549537,0.037164427,0.024256973,0.013351078,0.039697926,0.044040807,-0.01971789,-0.093685955,-0.0017053516,-0.0060059624,0.0994459,0.01433735,0.013929267,0.032551087,-0.051015787,0.046902493,0.03379549,0.038098544
1,0.034693636,-0.030716991,0.020007567,0.036001112,0.014020315,-0.038263094,0.016776906,-0.0026562735,-0.0012646138,-0.14652312,0.10599194,0.09179938,-0.13796535,0.097835384,-0.057841036,0.074642956,-0.026886258,-0.08521204,-0.021343075,0.03732194,-0.0027873216,0.021250753,-0.10783832,-0.02417633,0.080681026,0.046676222,0.115903355,-0.10817028,-0.050899953,0.07624314,-0.026949622,-0.06834486,0.100521855,-0.014736209,0.06840381,0.0041872333,-0.012927702,-0.017716754,0.026413994,-0.11708053,-0.046388,-0.1101777,0.021990385,0.009245386,0.05011862,0.034955297,-0.026640868,0.06387619,0.024974165,0.01428522,0.07367722,0.07553851,-0.003259785,-0.11235506,0.002185116,-0.03251728,0.16647539,0.044351764,0.03477569,0.06393375,-0.03925601,0.04624657,0.03460276,0.03740399
0,-0.0020239055,-0.008434911,-0.007843027,0.008585477,0.01162421,-0.027594037,0.0013724488,0.015411604,0.0043689935,-0.056436338,0.051269125,0.021739755,-0.06523055,0.05013522,-0.019825734,0.041306064,-0.0051455614,-0.045376927,-0.0053901295,0.019535469,-0.0052067917,0.014965882,-0.027956795,0.00265675,0.043016255,0.038997483,0.05159247,-0.055914532,-0.006965751,0.033131473,-0.007406752,-0.0100450395,0.029910862,0.0006234376,0.04621677,-0.0023528102,0.012788194,-0.016723936,0.005595772,-0.034169942,-0.016408619,-0.059103917,0.00799642,0.011972216,0.03247163,0.0014967486,-0.01241251,0.033533458,0.0046713594,0.012785855,0.018246202,0.025561865,0.0013962713,-0.044780456,0.0027917111,0.0014215962,0.07961335,0.0097523155,0.0033466532,0.021134157,-0.036792234,0.03263018,0.0046941945,0.02415887
0,0.00094096106,-0.0076012095,0.018405594,0.014899373,0.012636116,-0.0013435287,0.018201651,0.0056873173,0.00550476,-0.05050275,0.019371578,0.029253973,-0.031628504,0.017015178,-0.018234871,0.0068103652,-0.014390573,-0.020554334,-0.0020038723,0.003286054,0.0064363014,0.015819725,-0.0150078805,-0.014295413,0.031761445,0.0016665647,0.020123234,-0.028594274,-0.00078968087,0.024302155,0.006437206,-0.031464644,0.0421514,-0.005780004,0.022247158,0.0016787068,-0.015010166,-0.009526782,0.006104126,-0.041092303,-0.013506038,-0.036875945,0.0080945315,0.011763898,0.025134068,-0.003875433,-0.008183493,0.0059597725,0.011895285,0.011076562,0.0059638624,0.029518142,-0.0016678253,-0.051008344,-0.005975495,-0.009020806,0.059192352,0.0010545728,-0.006389169,0.012345964,-0.0072478633,0.027383305,0.0012653689,0.023238666
1,-0.0077493805,-0.016030282,0.0013673955,0.009861809,0.017045312,-0.010632998,-0.009462889,0.005896906,-0.010449866,-0.026968384,0.003705833,0.022783354,-0.035314187,0.017191349,0.0049338876,0.015896006,-0.003518681,-0.025791032,-0.011120285,-0.0026484905,0.010375185,0.0060158293,-0.025510237,0.011674729,0.022386743,0.0021131427,0.0033522837,-0.019498106,0.0056791827,0.020500869,0.0046149474,-0.019312188,0.017927255,0.005316009,0.02363745,-0.009121291,-0.00815498,0.0062628025,9.740712e-05,-0.022296565,-0.0058204103,-0.01739339,0.014649665,-0.0136664575,-0.0024107532,0.0062575117,-0.012358653,0.01287036,-0.0040251478,-0.0066218963,0.022504186,0.019323546,-0.009167551,-0.01580573,0.010417221,-0.005264104,0.02913285,0.0021677664,0.009163398,-0.0057528424,-0.014189806,0.017729003,0.0013110525,0.017432021
0,0.0010060188,-9.3963026e-05,-0.006998042,0.015504382,0.003951571,-0.019546183,0.009495022,0.014889756,0.002502278,-0.024105947,-0.00031094142,0.023711804,-0.02047077,0.02908567,-0.005333114,0.013322217,-0.0041028433,-0.021965232,0.0040389905,0.014752767,-0.014025857,-0.000911992,-0.021715026,-0.00017058446,0.026615998,-0.0023351558,0.034122705,-0.02887979,-0.016807659,0.010637964,-0.012060301,-0.017759785,0.006304309,0.009573962,-7.2798575e-06,-0.0024736633,-0.009271327,-0.009485444,0.009305974,-0.009132027,-0.00065487425,-0.03283907,-0.00893694,0.015962807,0.0208689,-0.0027272948,0.000936528,0.002382606,0.015650146,0.013388821,0.022053462,0.023288317,-0.0019294979,-0.020763751,0.0038674516,-0.012227247,0.025560465,0.020301254,0.017211353,0.015271236,-0.009736881,0.013388181,-0.0037170118,0.0007898166
0,0.011997895,-0.00030915695,0.008419469,0.008558773,0.015309533,-0.0099799335,0.0176616,-0.0038570568,0.0051677427,-0.092269816,0.06414924,0.056445282,-0.0650444,0.056731515,-0.032165807,0.032924753,-0.02019372,-0.053691894,-0.004424933,0.010978877,0.0069833165,-0.0036022142,-0.04031466,-0.026062794,0.047493506,0.028408868,0.07367381,-0.067090794,-0.010317791,0.024081968,-0.021812333,-0.038855217,0.059022762,-0.008269597,0.03554769,-0.0042762873,0.0004874196,0.0007441363,0.013191943,-0.04713093,-0.029401973,-0.049676612,0.026548624,0.00389897,0.0164371,0.027154982,-0.006928928,0.028124414,0.017739339,-0.0028504785,0.03832854,0.025897292,0.002728728,-0.054574527,0.009569668,-0.028281191,0.079398885,0.02981372,0.012877395,0.049049914,-0.024318596,0.017065011,0.025245946,0.02909441
1,0.01281948,-0.020697929,-0.00391967,0.008352863,0.003732953,-0.003813079,0.015820265,-0.012012559,0.00023712494,-0.029357316,0.018422887,0.035512954,-0.04454048,0.031367697,-0.025444105,0.016328562,-0.016415613,-0.010142437,-0.009328162,0.0022490579,0.0148072215,-0.008639134,-0.033722147,-0.01915883,0.035927605,0.013383101,0.04480769,-0.017838081,-0.010992418,0.014559782,-0.010731766,-0.023241078,0.01572628,-0.0001674312,0.007950133,0.017239107,0.013050949,-0.0041035097,0.022043137,-0.016005022,-0.016314674,-0.04311452,-0.0023943328,0.005519386,0.0060699927,-0.002029809,-0.0016086748,0.024563743,-0.007741868,-0.004633709,0.019338248,0.01760146,0.008828847,-0.029287942,0.012535527,-0.0075802933,0.043122135,0.009315524,0.0023103273,0.0050578294,-0.018298656,0.010953529,0.0036287701,0.0018393251
0,0.009074411,-0.016562847,0.019054262,-0.006212826,0.010146026,-0.02109682,0.0041048257,-0.007585249,0.0030126278,-0.03809625,0.015950546,0.0269222,-0.026587928,0.017929807,-0.013125383,0.019026784,-0.0051790224,-0.030243747,-0.013136845,0.0120944325,0.010980207,0.010518732,-0.040833533,-0.014620779,0.02511962,0.0017146792,0.038625825,-0.01869189,0.0032015818,0.03043325,-0.008982489,-0.017495258,0.023443239,-0.003835871,0.014704394,0.019084604,0.003922041,-0.0062066433,-0.00745619,-0.029876677,-0.023492321,-0.017148592,-0.004317256,0.0013931621,0.0059927767,0.022292435,-0.016516207,0.008063597,0.0023396197,0.0053425105,0.016952276,0.0052065603,0.0036238036,-0.03875732,-0.013042477,-0.008746135,0.043530192,0.0093882475,0.021903172,0.029445434,-0.020429092,0.010386059,-0.0018269167,0.010407828
1,0.018415945,-0.018348018,0.010163613,0.019890327,0.02313682,-0.01313902,-0.007026088,-0.012515154,-0.009967577,-0.025348634,0.035945576,0.018815963,-0.027414124,0.01700038,-0.014093749,0.033233363,-0.022231966,-0.012381215,-0.016711308,0.02358837,0.009371093,-0.0109566925,-0.027755223,-0.01699101,0.03329776,0.029152317,0.022181697,-0.028146125,-0.0042159865,0.02113129,0.0065773963,-0.00599131,0.029798197,0.009233574,0.018007321,-0.0070733894,-0.009024853,-0.017466439,0.010063885,-0.018835409,0.002158154,-0.02633619,-0.007817449,-0.006823428,0.011105376,0.015028178,-0.002482946,0.012033453,-0.0007690946,0.011980949,0.032779355,0.025723986,-0.0007388779,-0.028271098,0.0067718606,-0.009063852,0.050688457,0.014186265,-0.0059586624,0.028904648,-0.021169,0.023301452,0.0127010755,0.009457435
1,0.007888742,-0.008353144,0.012861369,0.0416927,0.013790201,-0.014871673,0.0043868683,0.009837492,0.02364716,-0.1234319,0.08434081,0.08270359,-0.11419517,0.072764434,-0.02748382,0.07057234,-0.026427766,-0.06358701,-0.024550265,0.03350217,0.0069198012,0.0018107326,-0.09401787,-0.03410027,0.05213896,0.048063576,0.11860765,-0.08482012,-0.024975684,0.07419229,-0.015387798,-0.053212,0.08311334,-0.007987316,0.07811995,0.002131149,0.0049257814,-0.01563459,0.017235894,-0.09567124,-0.019605774,-0.0928866,0.013834659,-0.011663245,0.03847165,0.034135994,-0.022309221,0.04031899,0.0320308,0.010772152,0.049924646,0.060024347,0.005371487,-0.11137062,0.0013154588,-0.029477509,0.14653102,0.04118534,0.021240236,0.066842854,-0.050975297,0.051496673,0.051946715,0.037989583
0,0.0015520188,-0.024012176,0.00994145,0.017135886,0.015420389,-0.029436696,0.02170053,-0.0017200764,0.006454135,-0.05863479,0.035073496,0.049992,-0.05111152,0.04689883,-0.030518467,0.04028554,-0.028976848,-0.044998724,-0.020490263,0.010169228,-0.005215987,0.0015552288,-0.06010773,-0.0070888037,0.033528235,0.043672338,0.061236493,-0.05696618,-0.0050111455,0.04843278,0.006017873,-0.031234792,0.056159787,-0.021030765,0.028490035,0.0031018406,-0.015255374,-0.02481516,-0.003897853,-0.06160661,-0.013490291,-0.03920292,0.013533689,-0.0019843103,0.02410662,0.03284704,-0.018486127,0.015345937,0.01163561,-0.0032229687,0.03897707,0.038529467,0.005348903,-0.062349193,0.0021233235,-0.010960711,0.077565186,0.030104972,0.008683493,0.04689937,-0.026927087,0.041922543,0.006704208,0.035966422
0,0.017753515,-0.0096984,0.0063557094,-0.0027934774,-0.0043124952,-0.0027245556,-0.009304718,-0.013482799,0.0085568745,-0.02578585,0.034341943,0.029904792,-0.018349366,0.014934956,-0.0047654877,0.0106385145,-0.0092039555,-0.03150598,-0.009418076,0.013346721,-0.0044735353,0.0048001376,-0.03333675,-0.0034692138,0.025291994,0.02552594,0.029601082,-0.023258649,0.0030631647,0.020884158,-0.008971017,-0.02869731,0.010618008,-0.002004855,0.008193476,0.019206185,0.006750858,-0.0155909695,0.016242407,-0.036967587,-0.0013112873,-0.02177249,0.006987796,-0.013963786,0.023236042,0.0011148301,-0.014157438,0.02261658,0.02092932,0.010297834,0.009675958,0.026988447,-0.005331522,-0.032886133,-0.0057182126,-0.011532213,0.05016545,0.022152778,0.0022244381,0.006890739,-0.022420065,0.013522294,0.011721053,0.001001339
1,0.016673675,0.00093451905,-0.00039360268,0.03548561,0.01498067,-0.037870593,0.0038604424,0.016224854,0.0054486566,-0.11400168,0.075973675,0.04126759,-0.08884712,0.07124057,-0.031165164,0.052431237,-0.019773314,-0.065770045,-0.033910595,0.0353215,-0.004727159,0.005178544,-0.06804392,-0.022608923,0.06770185,0.041876774,0.09102866,-0.065636106,-0.023165423,0.035408802,-0.010765553,-0.043052807,0.06016499,-0.008933735,0.057150967,0.015068176,-0.0004954106,0.0006714759,0.026492368,-0.069984764,-0.008033,-0.08542325,0.028458614,0.015035145,0.038634364,0.038392927,-0.02629794,0.04926114,0.032013025,0.0053842696,0.048172534,0.053239096,0.004251497,-0.08340961,-0.011414823,-0.0064129354,0.10386764,0.025318516,0.013163993,0.030715095,-0.03954421,0.044022147,0.035982713,0.03950172
1,0.014060557,-0.023264999,0.007297686,0.007120679,0.025906954,-0.024230966,-0.0035840066,0.0137561625,-0.0054379213,-0.06250045,0.027009672,0.022091713,-0.054764096,0.049857363,-0.023682246,0.030651445,-0.0076290164,-0.02220164,-0.014712799,0.015911922,0.0032648803,0.012348448,-0.044449143,-0.003920638,0.03258408,0.029183589,0.047367945,-0.03771337,-0.02813209,0.04117494,0.0018098977,-0.020085292,0.044532496,0.0027724584,0.04006946,0.0068283826,0.0084143365,0.0044933874,0.012324203,-0.04234458,-0.014017437,-0.056531917,0.007832545,-0.0059104753,0.006026543,0.018570209,-0.012582814,0.022045923,-0.0017581793,0.0023406309,0.017428268,0.03822446,0.004362382,-0.055180635,0.004819211,-0.019647742,0.07812221,0.028768154,0.016643884,0.033937678,-0.0316584,0.038065232,0.0061762347,0.00877865
0,0.02174112,0.007031567,0.011800292,0.0069361255,0.003777166,-0.021285234,0.008621949,0.00921106,-0.008212144,-0.060666706,0.036721043,0.025924392,-0.05024901,0.032274082,-0.026825039,0.021922352,-0.021024616,-0.010010646,-0.02346972,0.02637411,-0.013361812,-0.012932231,-0.025435729,-0.008870976,0.035365958,0.03081789,0.053863887,-0.043314174,-0.010739449,0.03068004,-9.400488e-05,-0.008864353,0.032789085,-0.018820351,0.036019757,0.009385898,-0.010688764,0.00095943076,0.0031230971,-0.023837756,0.0033726355,-0.036659833,0.014132322,0.010836619,0.0067276666,-0.0023563674,0.0035036518,0.027817287,0.0069343853,-0.00410028,0.030432764,0.012523977,0.004572207,-0.02613501,0.002474738,-0.014640821,0.05244299,0.008998244,0.0036810606,0.026518637,-0.024796879,0.0039523435,0.030003527,0.019902723
0,-0.0083045205,-0.0046653235,0.0165996,-0.0057019107,0.018223345,-0.0036740864,0.0056237583,-0.00782174,0.011809012,-0.030033732,0.020420952,0.018140597,-0.031686608,0.008672138,0.0012013423,0.0073110433,0.00086675416,-0.025456866,0.008155748,0.020909524,0.00324124,0.012678963,-0.022242937,0.0038488042,0.0065050907,-0.00065995066,0.008148161,-0.020233661,-0.008801595,0.012834971,-0.007248654,-0.0008610815,0.014651553,0.012717413,0.014023008,0.001537958,-0.015436955,0.0060186605,0.006714375,-0.027378693,-0.012266546,-0.019599823,0.02010821,-0.00038979232,0.013611274,0.019461956,-0.0027762654,0.0030752285,0.009623361,-0.011131134,0.009658289,0.014390083,-0.010842391,-0.01452632,0.005847638,0.005647887,0.016100317,0.016509065,0.0016156174,-0.0004125852,-0.005223617,0.013669678,0.0027247707,0.008642523
1,0.02155684,-0.014850813,0.0032848655,0.0014253582,0.0006363445,-0.0072669815,0.0056591663,-0.006191802,0.01420433,-0.06898359,0.039946605,0.028226387,-0.054739,0.041084416,-0.01955283,0.021758772,-0.0058996407,-0.041463338,-0.023148438,0.00460955,-0.011536839,0.0039561274,-0.02724604,-0.01268479,0.03286476,0.028970635,0.05349122,-0.050316136,-0.009415516,0.035562176,0.007486698,-0.009661507,0.04816354,0.006455118,0.039233983,0.017218446,-0.012503572,-0.008879819,0.0075514717,-0.031915687,-0.009430997,-0.050504047,0.017097386,0.012004807,0.01683087,0.023862898,-0.018347835,0.031789284,-0.0038796088,0.017075738,0.021454213,0.022718178,-0.00532258,-0.04919167,-0.0088411765,-0.015113846,0.065240294,0.025684742,0.01831475,0.033834707,-0.013932242,0.012915156,0.017364236,0.007195295
1,0.01480321,-0.01796638,0.008885152,0.03328173,0.013060594,-0.03388942,0.009337968,0.013031211,0.0181383,-0.08869813,0.044024978,0.06343413,-0.06969881,0.04243423,-0.024713729,0.03188212,-0.019167213,-0.03878413,-0.007858262,0.027237212,-0.00037242984,0.017396184,-0.04771338,-0.030441714,0.054125886,0.0387318,0.07943759,-0.049471077,-0.024503706,0.052584723,-0.016346352,-0.030502602,0.05368189,-0.015063762,0.03305473,0.0037784001,-0.014762406,-0.016168416,0.015589788,-0.058065332,-0.007875687,-0.053812765,0.013807879,0.01615813,0.016699003,0.0064702136,-0.028262703,0.026774077,0.025059287,0.015545401,0.03637586,0.05123484,-0.004548928,-0.06203241,-0.003746415,-0.009346333,0.09809703,0.035912674,0.0042151297,0.025385441,-0.032996662,0.019901808,0.035110723,0.03949872
1,0.005009137,-0.00018413272,0.017975906,-0.0005214869,0.019517897,-0.014389506,0.0104294345,0.009149696,-0.0062505817,-0.048559222,0.027908375,0.035796165,-0.040276304,0.016611744,-0.012268283,0.028163657,-0.015211983,-0.027365794,-0.0022274607,0.0031189492,0.008798308,-0.0054677185,-0.040972453,0.0018378685,0.030390728,0.013677968,0.0442491,-0.036880232,-0.00807826,0.023677005,-0.012105504,-0.001061599,0.0286453,-0.016146528,0.03433743,0.01590933,-0.01672087,-0.020287767,0.011666618,-0.03356847,-0.00058161106,-0.03624627,0.00047552734,-0.005216065,0.025226345,0.004588679,-0.00772708,0.01272901,0.015860787,0.009516586,0.014340779,0.02515554,0.010922775,-0.03576934,0.01202958,-0.00199471,0.057099067,0.006540417,0.010142663,0.0062162164,-0.022102166,0.027897347,-0.00067995884,0.019822706
1,0.00015263009,0.003790436,-0.0063851187,0.012909262,-0.004831602,-0.011877061,-0.004060806,0.005487311,0.010698955,-0.0393894,0.019250885,0.018544009,-0.030829268,0.036776584,-0.019792272,0.024104895,-0.02050667,-0.018204758,-0.014729761,0.017606853,-0.015225821,-0.012916884,-0.0403262,-0.016146021,0.03272155,0.021893397,0.033417508,-0.015815696,0.00017991934,0.034915026,-0.013986299,-0.0036147037,0.030425804,0.011704731,0.022143602,-0.0063799173,0.0016251544,0.00547066,0.007805894,-0.018872745,-0.009025739,-0.020827997,0.008708067,-0.008630202,0.005261375,0.01909135,0.008218441,0.023881579,0.008361507,0.010996299,0.014384249,0.027453687,-0.016969813,-0.03785943,-0.0053618127,-0.0071524535,0.026926555,0.02402837,-0.0040183384,0.008353224,-0.0034817257,0.017247403,0.026962291,0.0026093924
0,0.004529174,0.007384777,-0.00036685818,0.006812317,0.0018703669,0.001696271,-0.0066707027,0.005533322,-0.011643598,-0.03666462,0.015881386,0.02085254,-0.03806596,0.021033978,-0.02605666,0.016345743,-0.008828783,-0.026697807,-0.012350792,-0.003486514,-0.0033378198,0.006942211,-0.018127752,0.0034698648,0.004717681,0.002748684,0.04246148,-0.02158785,-0.018846327,0.0059884386,0.01073913,-0.025053302,0.0321496,-0.01819553,0.031038312,-0.011357325,-0.0053352243,0.0076828785,-0.00569738,-0.042969596,-0.022357374,-0.03989424,0.0029859466,0.0074721538,0.008096028,0.0045727,-0.001576783,0.0012734289,0.0060844594,0.014396527,0.016650178,0.026683595,-0.011472902,-0.023881106,-0.0036555708,-0.02107498,0.05281022,0.006294155,-0.008477519,0.01991274,-0.013721667,0.021292968,0.021799732,0.016118769
0,0.005829006,0.012313807,-0.006876817,0.013295639,-0.00012422504,-0.015429641,0.015460083,0.01068778,0.01349369,-0.012240193,0.0015305881,0.006184004,-0.014040564,0.007976199,-0.0012593268,0.012665354,-0.01869715,-0.00752044,-0.010886882,0.0074557206,0.014573543,-0.0050209155,-0.012317643,-0.012858592,0.021086996,-0.0028005214,0.02437448,-0.026231648,-0.017952977,0.015458913,0.0074662296,-0.0067121484,0.02226042,0.0049404097,-0.002359767,0.0029365162,0.004712168,-0.0012935986,-0.0021145595,-0.02705418,-0.00068995694,-0.024662858,0.012314088,-0.009978323,0.01573052,0.0010380028,0.0055744583,0.018360205,-0.005387026,0.009931928,0.002982117,-0.00464246,-0.007149499,-0.013383204,0.00090807787,-0.0033913641,0.011407368,0.004876424,0.0017176481,0.0053311,-0.004964712,0.0037323453,0.00023270186,0.0076086237
0,0.008930406,-0.0039120736,0.0073359385,-0.003075488,0.015554365,-0.024155173,-0.010039815,-0.011259091,0.009923937,-0.055819158,0.045130208,0.028622003,-0.05825424,0.030671982,-0.005215732,0.037560206,-0.015979242,-0.011705498,-0.019190518,0.027275907,0.012008263,-7.9413105e-05,-0.03932031,-0.002476848,0.020272518,0.03507197,0.055262037,-0.04463878,-0.024485243,0.01645704,0.005992969,-0.01573334,0.04313556,-0.0037839042,0.035351776,0.015950708,-0.011011238,-0.011478502,-0.0020963205,-0.049486667,0.001252116,-0.034998648,0.008272764,-0.0073627406,0.022774361,0.018639412,-0.0066469344,0.03094374,0.01886284,0.0037004435,0.009374772,0.02642102,0.010009765,-0.028710285,0.004854324,-0.001902458,0.055093564,-0.00031148,0.0003555424,0.02533895,-0.018232899,0.02474096,0.0029468352,0.012086213
0,0.0014393217,0.0022012284,0.007784114,0.015175751,0.006863337,-0.0144781275,0.016144367,0.014072579,0.008127808,-0.02358238,0.0146485,0.029623441,-0.042726636,0.022965686,-0.010143391,0.022240188,-0.012193044,-0.01898494,-0.0013574015,0.0031001011,0.002512154,0.015103216,-0.028893877,0.008827008,0.027430376,0.00829069,0.02682739,-0.02335586,-0.015999965,0.032357566,-0.0019909053,-0.0067902124,0.02379939,-0.009939501,0.004019019,0.013254416,-0.0034382318,-0.0035841416,-0.0069885436,-0.02704134,-0.012807597,-0.028654445,0.0041613183,0.0009486132,0.00016769253,0.0030124283,-0.012224262,0.0017013382,0.010747078,-0.003477006,0.020017073,0.008277093,-0.015973879,-0.030876076,0.0071438868,0.0076383995,0.038279112,-0.004227725,-0.0070876833,0.0020122603,-0.01976347,0.010544009,0.0075781876,0.008851444
0,-0.002629363,-0.012402876,-0.006547951,-0.00062531093,0.021915203,-0.0062202513,0.017629655,0.011206848,-0.002457807,-0.042585112,0.04323844,0.03449827,-0.039593834,0.044880625,-0.012550563,0.012390728,-0.012106846,-0.014892745,-0.009947589,0.00868421,0.015875679,0.011413578,-0.03387534,-0.005578141,0.033091802,0.00849302,0.057436656,-0.042784236,-0.027896643,0.027033638,-0.018732876,-0.015344634,0.027705504,0.00032709484,0.022864547,0.013439601,-0.0054036444,-0.022406694,0.020145357,-0.037391085,0.0008232788,-0.052473232,0.011247688,-0.0032376696,0.031703237,0.015548941,-0.01154583,0.02756123,-0.0018610241,0.018914348,0.016998215,0.013288317,-0.011769737,-0.05622095,0.008907108,-0.005733621,0.068770535,0.018417997,0.01111067,0.008605152,-0.025854472,0.026558025,0.030435467,0.003969996
1,0.02241478,-0.00892845,0.0026350599,0.01468629,0.014765993,-0.002484948,0.015239116,-0.0066691926,0.0024304483,-0.059393544,0.029667024,0.027722228,-0.05841752,0.030628685,-0.01014751,0.018827159,-0.0064915866,-0.039155543,-0.02870233,0.02531886,-0.010536404,-0.0105538,-0.03471621,-0.009069052,0.044480726,0.039228775,0.06605267,-0.051343326,-0.027449511,0.03559477,0.0027751941,-0.025943676,0.051621858,-0.02206859,0.027578715,-0.0013821332,-0.011829842,-0.009392987,0.018890701,-0.050767213,-0.016136175,-0.040747844,-0.0020317982,-0.0023360788,0.0099781975,0.028205758,-0.018129878,0.023542082,-0.0012396451,0.00147038,0.044531614,0.024445174,-0.0028577344,-0.058120776,0.0037786236,-0.0029343064,0.07036241,0.008431469,0.014894776,0.020196997,-0.010434234,0.024129316,0.029935798,0.008099161
0,0.0057665044,-0.0076151974,-0.0044463645,0.012561591,-0.0029688757,-0.013808017,0.001096657,-0.01411966,0.01052834,-0.040401936,0.01550817,0.02203598,-0.027119547,0.014458614,-0.01768735,0.0023952904,-0.008594931,-0.030326372,0.0044337385,0.008012256,-0.00548834,0.015298335,-0.0060114292,-0.008950465,0.0017088475,0.019334828,0.019174445,-0.010093538,0.00527071,0.024365406,-0.009062015,-0.022361338,0.03451388,0.0072145346,0.004737919,0.015282675,-0.005347286,-0.006803163,0.005813457,-0.021672374,-0.01915348,-0.037447598,0.015102485,-0.013993341,0.019783093,0.010864969,0.006380749,0.012622893,0.01656703,0.016604846,0.014196602,0.023189934,0.010255304,-0.036827892,0.0061956584,-0.0048394217,0.03798688,0.011776795,-0.007631055,0.0017941445,0.0020213095,0.025462022,0.015747989,0.016697155
1,0.00879138,-0.019715646,0.0037229348,0.02662601,0.018350853,-0.022745319,-0.0060610645,0.00039622848,-0.007292887,-0.08247384,0.063516945,0.056344938,-0.07818138,0.039101496,-0.03648761,0.039194237,-0.0036318211,-0.046575442,-0.0077048596,0.039777476,0.0034707042,-0.0058586677,-0.06648302,-0.0032898807,0.055506576,0.045208763,0.07781425,-0.07111544,-0.02643121,0.045652267,0.0009808623,-0.02665151,0.04163357,-0.009992179,0.045965288,0.0039471397,-0.008788359,-0.023101797,0.011497523,-0.061875585,-0.028060423,-0.055876635,0.016942369,-0.0104329595,0.03808732,0.023722297,-0.013634198,0.043311626,0.008760725,0.022294668,0.029467339,0.028700838,-0.016092496,-0.06501374,-0.005322503,-0.013902986,0.08672645,0.011001322,0.021888366,0.032334793,-0.04196731,0.032087024,0.03910141,0.01185523
1,0.035147622,-0.026240759,0.00528287,0.018676931,0.040110417,-0.03216822,0.007335361,0.0017357284,0.012449512,-0.1361212,0.08073085,0.0767323,-0.12251324,0.08428781,-0.035882242,0.056702647,-0.042942926,-0.0595335,-0.015455137,0.04619348,-0.01457325,-0.0049726916,-0.093205355,-0.0351195,0.05904631,0.044329643,0.09956408,-0.080583975,-0.04791961,0.05611192,-0.007309073,-0.06012851,0.08102633,-0.027200973,0.08528345,0.020755317,-0.0010542888,-0.009908765,0.020363867,-0.110149294,-0.029515624,-0.10672776,0.030592969,-0.002175666,0.053587534,0.034188375,-0.037883654,0.043750025,0.013889184,0.013910244,0.06903113,0.07629812,0.008695473,-0.11799394,-0.0058538746,-0.009219751,0.1552565,0.04034073,0.027253339,0.046078067,-0.051239986,0.043959014,0.052148636,0.038908858
0,0.023238288,-0.023715228,0.01738216,0.022153609,0.020790424,-0.0046340507,-0.006532353,0.0069606877,0.014752485,-0.07363932,0.029063864,0.027065976,-0.072849095,0.04029836,-0.0123422835,0.016357204,0.0007972335,-0.028286919,-0.009698337,0.023516802,0.011481288,-0.011538802,-0.05309574,-0.021168662,0.043801315,0.023658069,0.04190701,-0.054422077,-0.016604014,0.03423117,-0.0023183667,-0.034685213,0.036552165,-0.0019580661,0.030057097,-0.00040513315,-0.012850362,-0.021231506,-0.0010470361,-0.043509435,-0.0006613596,-0.040114634,0.012740891,0.0020488584,0.028060395,0.015512574,-0.0039884904,0.025870092,0.011310368,0.0071262517,0.023319216,0.02271205,-0.008387453,-0.042448938,0.007560903,-0.005289602,0.062206,0.00711328,0.02707872,0.031230267,-0.022716548,0.03628659,0.032521732,0.027141131
0,-0.0031000923,0.0009470975,-0.008620193,0.01652238,0.0026799892,-0.019150322,0.011896477,-0.005054479,0.0070423274,-0.023743436,0.024517614,-0.0026821948,-0.008742871,0.025923414,-0.01505765,0.007904668,0.0005773537,-0.018231504,-0.011224691,0.0096802525,0.011030458,-0.004892634,-0.014759628,-0.01700328,0.013077943,-0.00045722746,0.022109356,-0.008320045,-0.010704565,0.007964088,-0.003417138,-0.023714496,0.021684302,-0.010542528,0.0024758766,-0.0074056033,-0.0046418593,0.0024924583,0.0050100544,-0.028872041,0.0069816997,-0.02514038,0.009061072,0.010812549,0.0074642743,0.015820915,0.0016708199,0.003578574,-0.007914903,0.0071419715,-0.002982216,0.016987614,-0.009268746,-0.032243073,-0.009571845,0.0101735,0.028700752,0.01723722,0.015135352,0.026163572,-0.010537733,0.008486266,0.021347165,0.0067850333
1,0.01652688,-0.02010201,0.018081365,0.018083476,0.025926359,-0.026899872,0.0021817647,0.018727213,0.023887586,-0.10364227,0.064379804,0.06662809,-0.1117164,0.073770784,-0.040526297,0.049908336,-0.033459622,-0.06320061,-0.016282594,0.032526355,-0.013227113,0.0044961874,-0.05851935,-0.03331552,0.04492175,0.031637512,0.1040802,-0.08954301,-0.020470671,0.055532273,-0.023750057,-0.0562215,0.066492185,-0.02434995,0.0537023,0.025727967,-0.008133808,0.0013331762,0.013431224,-0.07777382,-0.034600772,-0.08415503,0.003028417,0.014381909,0.043167986,0.024450509,-0.011089265,0.05210965,0.013516744,0.016917374,0.038694415,0.055943675,0.0006370363,-0.09660947,0.013323277,-0.027874997,0.10463602,0.010497431,0.033517886,0.055979557,-0.05338794,0.03935367,0.03231936,0.024687598
0,0.0031067398,-0.016927488,0.01571736,0.008835545,0.0035474075,-0.014452618,0.013176535,-0.0034228098,-0.0092726955,-0.023429561,0.021794165,0.0048000836,-0.03126392,0.020168332,-0.020983862,0.0022292451,-0.0065426193,-0.008368923,-0.017486632,0.021758921,-0.013722663,-0.008530113,-0.0063972045,0.0027769636,-0.0017622919,0.001375986,0.03322439,-0.0195366,-0.01881652,0.010624336,-0.0019863604,-0.0014327824,0.003453618,0.012160917,0.018595072,-0.0012396242,-0.004652029,0.0073120296,0.017338246,-0.028604161,-0.012643879,-0.002833184,0.0005151185,0.010864422,-0.005853128,-0.008111353,0.010417119,0.0071320403,0.002541203,0.000380076,-0.0041530244,-0.0012360164,0.012402037,-0.035270955,-0.0012619445,-0.005310946,0.017922843,0.012741737,0.004691598,0.0020396067,0.006262683,0.012790723,-0.007046116,0.009966064
0,0.0091521535,-0.016536372,0.030051593,0.014808373,0.03872579,-0.045504376,0.0067773554,0.0048464965,0.027193574,-0.123961784,0.087274924,0.08825331,-0.13097239,0.091304444,-0.03910494,0.052856997,-0.01719976,-0.0575395,-0.035601627,0.047665033,0.0022575834,0.018149663,-0.10778988,-0.024447476,0.07905519,0.04801408,0.12085068,-0.09162307,-0.043291397,0.0775779,-0.016230987,-0.065528855,0.09618001,-0.01813006,0.086113885,0.008415032,-0.013897041,-0.02173149,0.010977455,-0.10755339,-0.035546914,-0.10101345,0.027555864,0.011299498,0.05460378,0.034821954,-0.023455556,0.060740203,0.009519496,0.005720631,0.07505956,0.06458284,-0.00692771,-0.10999941,-0.0017767886,-0.01149081,0.15951745,0.029243018,0.018314125,0.07243612,-0.06275187,0.06294506,0.036048822,0.041164648
0,-0.006781289,-0.010246848,-0.010076743,-0.006604197,0.00928721,0.0049862796,0.007190373,0.0072010774,0.018187527,-0.026397435,0.0155029865,0.026225632,-0.029584572,0.028426576,-0.023840306,0.0050695725,-0.0049318583,-0.030989137,0.002220475,0.017806435,-0.0035068153,0.004498209,-0.02268248,0.0075552207,0.005498794,0.02823151,0.034559175,-0.023525942,-0.022258168,0.032538366,-0.0021176047,-0.016804604,0.016133105,0.0006350655,0.028724631,0.016628457,0.0027480656,-0.004360002,0.012036872,-0.037327804,-0.018639296,-0.022413751,0.009448434,-0.0025602453,0.021680253,0.021338781,-0.01621564,0.012958975,0.013078265,0.011027618,0.02747067,0.007458631,0.0037802118,-0.029230772,0.0020570473,-0.0030114925,0.034769643,0.008829118,0.009828223,0.023559406,-0.004304049,0.009528489,0.0123252915,0.006110324
0,-0.009482435,0.00072312495,0.00413862,0.00016250926,0.004023199,-0.0032201847,0.006003566,0.0003020052,-0.007692404,-0.029547416,0.002885748,0.007480422,-0.03356601,0.009724937,-0.0057916944,0.009650459,-0.014737372,-0.015951345,0.0039452757,0.015776886,0.007144987,-0.00035225478,-0.01869061,0.00043370877,0.0010524688,0.019255204,0.019194052,-0.014281044,0.0024151148,0.0005406814,-0.009969626,-0.012735347,0.024006838,0.0024082942,0.022374514,-0.0018990004,-0.012429812,0.0067423396,0.005340093,-0.012918931,-0.0117300805,-0.014543672,0.005604126,-0.012464507,0.022325873,0.002269829,-0.015387247,-0.0026070662,-0.0012282857,0.014575947,0.02639297,0.013749781,-0.006874732,-0.008007722,-0.006569323,0.0055267806,0.027176429,-0.0025103358,0.0048928987,0.0030437645,-0.0015113371,-0.0037422068,0.0014004724,-0.003354554
1,0.0026759258,0.0024496056,0.008335005,0.029375514,0.0030274496,-0.017833624,-0.008158709,0.005619104,0.004480659,-0.09842182,0.073521756,0.064509876,-0.09938981,0.048690442,-0.018460272,0.02968756,-0.01786988,-0.045105837,-0.0098779285,0.042149797,-0.010468513,0.014262742,-0.06444114,-0.025493026,0.04384998,0.049805924,0.07876633,-0.07025183,-0.0133195985,0.040728502,-0.02304957,-0.028832745,0.07623435,-0.008573694,0.05981735,-0.003182273,-0.0075585344,-0.023485178,0.009882671,-0.056097202,-0.024653839,-0.06671847,0.010728694,0.00076300674,0.029928505,0.023886746,-0.016317315,0.019786322,0.0222488,0.020733548,0.033275776,0.051587693,-0.0068959338,-0.06842064,-0.00845693,-0.01626559,0.08699097,0.015593239,0.0053959857,0.048534375,-0.031669598,0.050481085,0.022725733,0.024120867
1,0.011528533,0.00399824,0.012479659,0.021809435,0.018198185,-0.0014447637,-0.003651934,0.0039269277,-0.0056315544,-0.066425934,0.025210114,0.019975537,-0.052809663,0.047107093,-0.022948748,0.034026004,-0.012069828,-0.01535376,0.00054451294,0.02126957,0.007283075,0.0034001211,-0.03064474,-0.011551039,0.031006042,0.03367413,0.057112996,-0.053225305,-0.014672491,0.013932023,0.0005535896,-0.011818401,0.047049645,-0.0011286481,0.033456538,0.020181935,-0.016799591,0.006159934,0.010676948,-0.044523075,-0.012665008,-0.034606382,0.019684197,0.0072097876,0.030288706,0.0260716,-0.018548407,0.010081631,0.014855395,0.019556953,0.023199415,0.037244655,0.0033889757,-0.05168731,0.0067697866,-0.005724207,0.06187464,0.012420014,0.02602377,0.038335677,-0.03324714,0.021155003,0.021383448,0.012788715
0,-0.004079904,0.008132653,-0.008024542,0.016354207,0.012081085,0.00043149348,-0.0016365849,-0.0023030317,0.0065262034,-0.052360713,0.041085996,0.02301832,-0.04547321,0.021319779,-0.013919106,0.009453902,-0.0064393887,-0.015809024,-0.0011904965,0.02875944,-0.00775958,0.0049054762,-0.0454085,-0.010551725,0.040434707,0.01787597,0.035902902,-0.046567462,-0.0020553428,0.037769657,-0.0029129833,-0.021057406,0.04331556,0.01009067,0.030182062,0.0142310485,-0.009361502,0.006402726,0.0074492474,-0.053836137,-0.023939973,-0.029195832,-0.0010775698,0.0020519297,0.026094338,0.02331443,-0.024169251,0.014041981,0.0018026944,0.005759041,0.011922671,0.025888272,-0.0017820958,-0.037009202,0.014283632,-0.0021727635,0.06561495,0.013293914,0.0022571457,0.015219269,-0.014770348,0.017713854,0.015418719,0.029168343
1,0.023182841,-0.019923713,0.023321768,0.022806238,0.02869585,-0.020623658,0.015498998,0.0006019157,0.008308462,-0.1180425,0.07912397,0.048877273,-0.11566599,0.08136722,-0.049336825,0.049623705,-0.025599234,-0.06060359,-0.018308233,0.048803717,0.006086838,-0.0012628478,-0.06439479,-0.012834689,0.051048465,0.034923997,0.09866664,-0.08168803,-0.021282395,0.06487417,-0.027209258,-0.05379343,0.067782566,-0.0021276658,0.07119012,0.011874053,0.005120546,-0.018649923,0.0012858299,-0.07724985,-0.040330034,-0.07297445,0.024061862,0.017437149,0.052196797,0.030976407,-0.016708704,0.034221962,0.017147755,0.008217073,0.06612653,0.054979384,-0.0036602686,-0.105198674,-0.009103718,-0.02036879,0.10754682,0.02865678,0.015576455,0.048686143,-0.058440372,0.04786244,0.020459067,0.025305344
1,0.01887814,-0.018203812,0.01915543,0.0039216783,0.014856184,-0.013122907,0.017542934,0.0048422976,-0.001560534,-0.074923545,0.03176292,0.050731156,-0.06802025,0.03810765,-0.03237195,0.017480474,-0.011995785,-0.043411806,-0.031085506,0.016890468,-0.01649109,-0.0029035665,-0.054144956,-0.024875494,0.04329607,0.041460738,0.063070804,-0.045846794,-0.02149621,0.030581221,0.0034712853,-0.027766855,0.040681075,-0.011333496,0.038910255,-0.0038545672,-0.0062278043,-0.019238163,0.021970935,-0.05607818,-0.024171984,-0.055739745,0.022850743,-0.008461102,0.023170909,0.012818745,-0.025833985,0.03400901,0.0034431242,-0.00055419886,0.036746014,0.03206303,-0.017238995,-0.058368478,0.008737841,-0.0031006034,0.07803018,0.026359705,0.025986519,0.027924452,-0.02913627,0.014757581,0.01569314,0.01003267
0,0.012227468,-0.00722115,0.00088021805,-0.0030395465,0.021365613,-0.011799728,0.0073021348,-0.0049401047,0.018588876,-0.04324102,0.016055323,0.032626823,-0.035156544,0.029752705,-0.01542677,0.020028831,0.0032007096,-0.010155003,-0.009569049,0.014330733,-0.0114581715,0.014629434,-0.022853345,0.0049263113,0.031092197,0.022824587,0.029516494,-0.023048831,-0.004255598,0.012160616,-0.001630425,-0.019865843,0.024671938,-0.0013348595,0.033677645,-0.0020231202,0.005239879,-0.0007430203,-0.008661235,-0.015157028,-0.005205135,-0.038359165,0.0015528678,0.015484161,0.014269017,0.02251604,-0.008626726,0.01281719,0.017812774,0.007880659,0.028972412,0.031562384,0.008490945,-0.042740345,-0.01015344,-0.016229525,0.05025516,0.01994372,0.012430474,0.009652608,-0.014444535,0.005511066,0.019363437,0.0007630102
1,-0.00213491,-0.008507321,-0.0047670067,-0.00626648,-0.010122247,-0.010127053,0.01358541,-0.0030655044,-0.0053351615,-0.03235367,0.011893196,0.021589806,-0.023471719,0.010795732,-0.024069995,0.024691956,-0.014621486,-0.004805705,-0.021119501,0.0038663151,0.010736589,0.01087608,-0.007614921,0.0046957084,0.027009567,0.024342654,0.029543055,-0.033275098,-0.0113606,0.016513892,-0.007901961,0.0037003683,0.0146108605,0.0043107164,0.016667135,0.0087079,-0.013033611,-0.011301499,0.0010857586,-0.005214676,-0.015905805,-0.005012419,0.013440714,-0.0010849676,0.016132709,0.014476697,0.0019254072,0.018059345,-0.010125655,-0.0072315964,0.023271319,0.014748272,-1.931071e-06,-0.038634054,-0.0095601,-0.013462595,0.037060447,0.0038816663,0.0052313884,0.013841558,-0.025110146,-0.004880185,0.0100803785,0.007468586
1,0.0069881864,0.0027516524,0.0026515194,0.020857722,0.0035140899,-0.0077048517,-0.0077083404,0.018400788,0.010647462,-0.05786403,0.03798819,0.04555667,-0.063291766,0.045063403,-0.003572534,0.021145318,-0.0053656404,-0.04042094,-0.016995104,0.0081208395,-0.015476995,-0.0017666259,-0.05419698,0.0002860982,0.016106639,0.023156501,0.05996303,-0.034918223,-0.030137405,0.017053248,0.0056341784,-0.009393429,0.051771488,-0.013662233,0.030169321,-0.00657325,-0.01567802,-0.008089641,0.012350599,-0.04446691,-0.0030078315,-0.04917296,0.018164469,0.008408263,0.022698425,0.008883569,-0.016984608,0.013729003,0.016215846,-0.0022717565,0.040771134,0.013611501,-0.015527674,-0.05240767,0.014344416,-0.01773037,0.07320331,0.018636517,0.022589397,0.024862723,-0.02682665,0.035537988,0.0033118252,0.02646852
1,0.015363906,-0.0016784029,0.02305664,0.022839235,-0.0031707643,-0.018632425,0.015422327,0.018282065,0.0058033536,-0.061256822,0.033854183,0.04073116,-0.049320117,0.047474958,-0.0131708,0.018968292,-0.02336414,-0.04658259,-0.008462493,0.015849475,-0.0039948565,-0.004009578,-0.056290533,-0.0042299903,0.04526005,0.03975343,0.058927465,-0.03983017,-0.017188506,0.02433432,-0.008547761,-0.035626385,0.0517467,-0.007237813,0.045512114,0.013296878,-0.010806408,-0.018128838,0.00096153736,-0.058579493,-0.027295154,-0.052394222,0.0041371523,0.009896434,0.0357837,0.004920768,-0.012950767,0.021370498,0.02666799,0.0012158372,0.022201786,0.02061297,-0.005603416,-0.05191597,-0.002954488,-0.005199318,0.07633375,0.0054002246,0.014971523,0.041838147,-0.017649503,0.019223465,0.02721451,0.0038968972
0,0.016602742,-0.005943018,0.006429759,0.014346837,-0.005857951,-0.011082373,-0.002772117,0.009937049,0.0063227983,-0.049975447,0.038993023,0.026760079,-0.040534675,0.037220195,-0.022517115,0.011573924,-0.020252703,-0.022643551,-0.023220329,0.020895531,0.0047209794,-0.011926966,-0.038728427,-0.008479411,0.014865251,0.011102317,0.045492996,-0.033454247,-0.023268148,0.010766269,0.003370296,-0.030840365,0.029478734,0.006824028,0.036506932,0.00752913,0.0029612735,-0.0085478015,0.002080198,-0.039234504,-0.016155334,-0.022738412,0.008926355,-0.009724731,0.02324881,-0.0005400925,-0.010238788,0.028078184,0.008968214,0.013579963,0.018332198,0.02615161,-0.007902659,-0.04868969,0.0021213752,-0.0033089546,0.05423952,0.0012670008,0.012455238,0.011292897,-0.016718825,0.016942227,0.014844889,-0.001099098
0,0.01750577,0.005406956,0.015610819,0.017046856,0.016702874,-0.002481694,-0.004379216,-0.0018971723,0.012866521,-0.024567943,0.01676223,0.021651393,-0.028938701,0.031626716,-0.018608885,0.024881361,-0.01174778,-0.029277898,0.00019260152,0.008216815,-0.0076767383,0.01053419,-0.030062892,-0.0059517007,0.025164606,0.02048581,0.026983,-0.026703168,-0.019279964,0.0102180345,0.005169799,-0.01951627,0.017736977,-0.008218633,0.029097224,-0.010529198,0.0024358747,-0.011906961,0.010293929,-0.025839472,0.0073436797,-0.027115718,0.016557695,-0.008674892,0.007126762,0.008275326,-0.01087995,0.012519929,-0.010611509,-0.012329343,0.02244363,0.0086962925,0.0032006411,-0.023564756,-0.0009559622,-0.0037542316,0.022495646,0.019132514,-0.009523764,0.025278073,-0.011387605,-0.002592693,0.008930272,0.0033644321
0,0.0077390946,-0.0028565212,0.014118393,-0.004641056,0.012304668,0.009539696,-0.013571048,0.010447282,-0.0019570717,-0.023022424,0.0048737135,-0.0013416687,-0.021952411,0.015086913,-0.005535841,0.025404394,0.0013828445,-0.024880484,-0.0201218,0.02241929,0.0074738865,0.0021940023,-0.029201927,-0.0072545838,0.0069524166,0.011390326,0.00887896,-0.020677987,0.0012522181,0.0077708294,-0.006095282,-0.0062875436,0.027006567,-0.013488835,0.018510679,-0.0067760902,-0.0068798778,-0.00998982,-0.0028458203,-0.025420265,-0.01441068,-0.0061292727,-0.0035919345,0.0025595673,0.0064247455,-0.009938034,0.002174801,0.0071081407,-0.007014069,0.010506861,-0.0028318893,0.011682091,-0.008612183,-0.004482335,-0.014592842,0.003909188,0.011209436,-0.00819184,0.01455933,0.004386391,-0.0072393725,0.017342677,-0.0029023113,-0.0026173096
1,0.018663788,0.0018135614,0.0053516533,0.021032898,0.016355682,-0.0022384415,-0.0036588795,0.016031245,0.0040013026,-0.064401045,0.048902817,0.02082287,-0.042524807,0.024936194,-0.026190538,0.030407215,0.0005155287,-0.04336531,-0.008111279,0.0063099163,0.0037850975,-0.010605856,-0.039110042,-0.005576335,0.031908244,0.018924262,0.040759508,-0.049877305,-0.027200801,0.01673229,-0.01728739,-0.012346968,0.02460897,-0.008203693,0.044273537,-0.0010937436,-0.005789494,-0.008465869,0.0134899905,-0.044038933,-0.006318018,-0.055039458,0.010366185,-0.00047790946,0.017682048,0.026004514,-0.020935109,0.03089243,0.0029027339,0.011305025,0.015022396,0.031063098,-0.0036295662,-0.061275616,-0.0018841681,0.0010117551,0.073188916,0.010151706,0.004615491,0.033455152,-0.033009272,0.032488123,0.033001386,0.008872873
1,0.030482393,-0.025086477,0.0066703777,0.01765305,0.02628458,-0.03601108,-0.0070470236,0.010077828,-0.00081021775,-0.101063505,0.073563874,0.04204296,-0.086800836,0.053845957,-0.044742722,0.054431446,-0.03135742,-0.036053948,-0.030984063,0.02402462,-0.0075618206,-0.0029757847,-0.062273525,-0.01730531,0.047489233,0.037386607,0.08190611,-0.07683804,-0.033230793,0.04937694,-0.015517316,-0.034860462,0.04760147,-0.0239237,0.047871944,0.0028927673,0.0030640394,-0.026761252,0.015343243,-0.0675539,-0.0328846,-0.07465046,0.0031844585,-0.012662057,0.036312144,0.025269384,-0.012804909,0.019369211,0.007351333,0.013527274,0.043617345,0.057170056,0.007635321,-0.07221886,-0.008215921,-0.021742836,0.10567546,0.027459584,0.016612386,0.054014243,-0.033099975,0.03921624,0.023844628,0.019903028
1,0.02352608,0.004878084,0.004073924,0.013145377,0.018030217,-0.009593751,0.010286381,-0.0033950652,0.010767661,-0.07395924,0.035004005,0.039466295,-0.053696696,0.04609743,-0.032823324,0.033368997,-0.026456213,-0.03887139,-0.0027879246,0.021282725,0.005459739,-0.0006233338,-0.03886452,-0.015313829,0.04158279,0.02514573,0.046844143,-0.038742688,-0.024824793,0.043751433,-0.014416086,-0.035515998,0.037871167,-0.016287588,0.03563412,0.021508692,-0.0022253892,0.0027932327,0.019205991,-0.05161561,0.0004916987,-0.04038871,0.018214766,-0.0073777772,0.015929887,0.013394301,-0.0063721733,0.033882204,0.021201115,0.0069557596,0.016840138,0.037734225,0.006752252,-0.06613162,-0.0042794654,0.0020224792,0.06880921,0.010854846,0.010624914,0.022507187,-0.025440643,0.028742405,0.030543035,0.002667784
0,-0.00046530066,-0.014927244,-0.0025918435,-0.008352181,0.013084524,-0.0014547113,-0.007152536,0.00043719047,0.010778095,-0.042435788,0.0153002,0.025740257,-0.018344417,0.026398357,-0.014695192,0.008992645,0.0019827744,-0.0059484346,0.0063219224,0.019273622,0.01409368,0.0041259103,-0.012166091,0.007424254,0.010167253,0.015074751,0.017898394,-0.026560292,0.004196127,0.014017362,0.009137162,-0.011984412,0.03242201,-0.00083466014,0.019128935,-0.0066927075,0.0016966437,-0.002884074,0.0127538815,-0.03613497,0.0033583029,-0.038588457,0.0027253258,0.0023349596,0.025355456,0.010991644,0.003463709,0.026133519,-0.0038372015,-0.0021591487,0.016013697,0.029877303,0.013101117,-0.028978921,-0.012421064,0.0015026254,0.038870886,0.018577335,-0.0074821115,0.0284967,0.0003056227,-0.0016933848,0.007325747,0.0009754658
1,0.019528508,-0.011608254,0.019792812,0.0077444776,0.006525082,-0.010213292,0.0058988957,-0.006964594,0.017433804,-0.073379375,0.038612947,0.02968563,-0.0775594,0.04318555,-0.009288257,0.020089112,-0.010949904,-0.023879563,-0.023048474,0.031585816,0.014672085,0.018446453,-0.057545085,-0.0012318093,0.036748555,0.034789205,0.0516176,-0.056550343,-0.019165918,0.04082256,-0.0015630702,-0.019492192,0.054446418,-0.01954532,0.0461327,-0.0026804195,-0.013007606,-0.00344725,0.012419922,-0.040774852,-0.0027804973,-0.039591834,0.015353491,0.011316559,0.037277978,0.014032959,-0.009484713,0.010360654,0.019592797,0.014997325,0.019209059,0.035642244,-0.0005371168,-0.075457245,-0.009929588,-0.017268213,0.08640161,0.014410101,0.029037856,0.036933463,-0.031588096,0.03846731,0.011456954,0.03559612
1,0.016061775,-0.008141863,0.012837972,0.025666054,0.012549298,-0.0094744945,0.022557577,0.004890232,0.017158093,-0.09454161,0.073316686,0.041531462,-0.08859751,0.056450475,-0.024346475,0.039597686,-0.035428435,-0.04824914,-0.011358933,0.027456148,-0.010523161,0.014163653,-0.081385836,-0.019365067,0.06391739,0.0371012,0.09149627,-0.08171624,-0.032718677,0.043701585,-0.003028005,-0.04797905,0.063026786,-0.007831798,0.039486118,-0.0046968744,-0.0077599483,-0.010408823,0.017605776,-0.07099806,-0.028605621,-0.06256479,0.025822312,0.0101661775,0.0483124,0.014616286,-0.01381625,0.044206895,0.01013395,0.0048209014,0.036101542,0.045670763,-0.008915541,-0.071542315,0.018251818,-0.024313027,0.11501481,0.029703612,0.012237804,0.040496554,-0.045185916,0.03854546,0.039028335,0.03483335
1,0.032467358,-0.030425083,0.00970576,0.017556002,0.016570086,-0.025790092,0.017582932,0.0020945254,0.00796328,-0.13694584,0.104159094,0.071003996,-0.13193572,0.10263784,-0.030271513,0.07168419,-0.035385907,-0.076630585,-0.021620968,0.053963542,-0.0027448835,0.0063877483,-0.09157685,-0.012778754,0.06833643,0.053987157,0.107419066,-0.090507984,-0.028699236,0.070465505,-0.004164758,-0.050816238,0.10772197,5.2334362e-05,0.08686633,0.009658709,-0.020482933,-0.013840896,0.020398142,-0.11481418,-0.042556558,-0.104982086,0.03403218,-0.009316983,0.041358147,0.0311502,-0.021748852,0.05391797,0.018892046,0.0037584053,0.06856554,0.082062624,-0.006343274,-0.1363562,0.0052887974,-0.018381024,0.1590639,0.03806459,0.01894664,0.057791058,-0.06792879,0.056848954,0.037640825,0.044138297
1,0.014936774,-0.019383684,0.014320877,0.032209527,0.029273445,-0.010573246,0.018793043,0.019999003,0.0016271276,-0.123041615,0.06823732,0.07820973,-0.12042283,0.079608984,-0.04536454,0.050954252,-0.030852422,-0.064082615,-0.017359704,0.027330607,-0.00030058503,-0.0008677161,-0.08733361,-0.0265892,0.055086255,0.044115324,0.100939676,-0.08879793,-0.044621255,0.04564336,-0.004732515,-0.050315723,0.0823342,-0.022518855,0.05613036,0.0065145697,-0.01114632,-0.01740538,0.01613948,-0.0820225,-0.011818344,-0.09422093,0.013221891,0.0088403495,0.0430951,0.027237993,-0.019432917,0.027095519,0.014779964,0.010964851,0.061818868,0.062503695,-0.015268467,-0.10382482,0.011934566,-0.025402686,0.1289351,0.021733636,0.007530474,0.045282792,-0.02975096,0.05933731,0.04708773,0.040074434
1,0.020323163,-0.010495795,-0.002107179,0.011187863,0.011517939,-0.030234924,0.009951805,0.00018739309,-0.005664153,-0.086517744,0.052998066,0.044328537,-0.09851613,0.06701006,-0.037231553,0.04210202,-0.027943777,-0.0313226,-0.035248093,0.03803735,0.0025978389,0.01039617,-0.061407536,-0.011654334,0.044387538,0.03616938,0.07936654,-0.05647417,-0.036520757,0.044084538,-0.0017765793,-0.023490595,0.0636188,-0.0047902716,0.04062846,0.012651365,0.0002979847,0.00053083495,0.008729752,-0.054812968,-0.034274317,-0.07522196,0.017364591,-0.0067951703,0.041727062,0.033868037,-0.031010002,0.019409386,0.0008293196,0.019038424,0.04441264,0.048735585,-0.019997852,-0.075330056,0.01485421,-0.005184862,0.111336604,0.010146142,0.008514424,0.03957458,-0.03432324,0.026528375,0.032417264,0.012654517
1,0.024484526,-0.024799904,0.023809869,0.033635795,0.02729226,-0.023578832,0.010470761,-0.009250792,0.0155506,-0.12546605,0.0680164,0.06798328,-0.09530675,0.06875834,-0.029596794,0.067716934,-0.017106185,-0.04889761,-0.034911014,0.05291289,0.002908184,0.007008894,-0.08813339,-0.025227627,0.048182223,0.053469118,0.089454256,-0.095153525,-0.016688889,0.058051392,-0.004926788,-0.053990897,0.0822784,0.0037656238,0.077779986,0.026027512,-0.016786382,-0.027341787,0.016172461,-0.08163602,-0.014999264,-0.09328716,0.017175183,0.009808032,0.03829939,0.013163733,-0.026638033,0.034560665,0.0173753,0.007604663,0.056474905,0.05482185,0.00836674,-0.08753067,-0.005224129,-0.0066661397,0.11996171,0.03306486,0.033415515,0.061283942,-0.045337122,0.045649804,0.03758579,0.035753418
1,0.015395927,-0.023866871,0.0023563842,0.02592343,0.023054961,-0.0320555,0.012963028,0.018783618,0.011451184,-0.099275045,0.070442356,0.045813903,-0.115780465,0.064048044,-0.042129047,0.03397675,-0.008047459,-0.055450436,-0.015265855,0.051254224,-0.0033890766,0.011269897,-0.069672525,-0.023323087,0.063579515,0.053868644,0.10646289,-0.06760369,-0.042897686,0.044101432,-0.010240967,-0.05758433,0.062881745,0.0026747736,0.06613893,0.002080759,0.0045286245,-0.0025088342,0.018966632,-0.07834917,-0.01668766,-0.093575165,0.01669466,0.008476735,0.03696524,0.016835121,-0.007842017,0.049065974,0.0048659756,0.0045099836,0.03758069,0.043506168,-0.0008388127,-0.10889048,-0.00809372,-0.0032313105,0.12553757,0.012227165,0.023437874,0.044109367,-0.052510843,0.051833075,0.04935464,0.022157265
0,0.00035743383,-0.016358864,0.010065616,-0.0057393634,0.020077754,-0.019721797,-0.0031719876,0.0020946052,0.018170124,-0.044608183,0.028435152,0.009907347,-0.033515353,0.01735172,-0.022254225,0.029473715,-0.016807705,-0.01897659,0.0038931954,0.026027681,0.00943083,0.0047139036,-0.017690394,-0.02072807,0.039090134,0.03161291,0.046406187,-0.017865833,0.0015681074,0.008912873,-0.01846774,-0.008388051,0.03396821,0.010514986,0.040377904,-0.010041624,-0.0042283353,-0.0068327324,-0.0072522964,-0.039377075,-0.01170771,-0.037384264,-0.00016281815,-0.004250238,0.0120012425,0.00074284564,-0.019000504,0.0052071405,0.011214417,0.007091403,0.015969228,0.013722657,0.012141325,-0.049271442,-0.0016218765,-0.022102341,0.046942882,0.015651932,-0.0015338561,0.028429778,-0.020472651,0.02463415,0.02949096,0.008104341
1,-0.011391754,0.010316042,-0.010785662,-0.0031890215,0.019831492,-0.012095378,0.0032483905,0.0143723395,0.0032464177,-0.028572777,0.028895836,0.013002044,-0.01926738,0.028436055,-0.011289732,0.0010319536,-0.016323265,-0.0023823904,-0.0089399265,0.014722274,-0.011522445,0.006436545,-0.01006376,0.003957631,0.02191202,0.010851344,0.011757125,-0.003213076,0.007991208,0.023881108,-0.008986132,-0.024585573,0.0013456931,0.0018246649,0.019886622,0.014990134,-0.01665078,-0.017897846,0.007185428,-0.0032729928,-0.01182261,-0.023452964,0.013187296,0.016061049,0.008644222,-0.005730927,-0.0020373098,0.021465667,-0.009906841,0.010369907,0.01592723,0.022658411,0.0021157442,-0.0059666233,0.0061853454,-0.00853714,0.02091718,0.019112026,0.012926374,-0.002141497,-0.023265062,0.0024201353,-0.0055767614,0.006011348
1,0.02011668,0.0057825744,0.007460769,0.022920143,0.015471587,-0.020383291,0.0016517617,-0.006684155,-0.0010234999,-0.04573681,0.032141563,0.035063002,-0.03515625,0.037850566,-0.0061969524,0.033559203,-0.0020744158,-0.009228913,-0.022707494,0.0012762758,0.00059175433,0.010573074,-0.04227362,-0.0006895759,0.02621471,0.018832069,0.046118423,-0.031375304,-0.01847373,0.03614788,0.0081509845,-0.020752909,0.017116264,0.0074196532,0.018993726,0.0003869548,-0.00019212814,-0.019323803,0.0075897966,-0.039618164,-0.024626566,-0.030133486,0.0030356436,0.014382808,0.024906058,0.0015456688,0.0031587724,0.0142186,0.0012729951,-0.010887414,0.012163606,0.036152,-0.0019695093,-0.0381966,0.0131785385,-0.019857753,0.03516036,0.006483456,-0.0038997517,0.03169251,-0.030954177,0.032637645,0.0034372266,0.020202102
1,0.0145152565,-0.016623922,0.027358882,0.010265694,0.0040870374,-0.032655325,-0.0052971677,0.0071883253,0.018497754,-0.1080036,0.06632594,0.03788121,-0.1020377,0.06785767,-0.03218331,0.048364025,-0.005816872,-0.03693391,-0.014642097,0.03939302,0.00235951,0.019140005,-0.055852283,-0.027252277,0.055992585,0.04640434,0.081183344,-0.08238252,-0.030302951,0.036755744,-0.0024865062,-0.032743637,0.053548496,-0.00015509635,0.042459674,-0.0020294674,-0.016089082,0.0033197892,0.019974584,-0.058356315,-0.0057985918,-0.085694924,0.005040132,-0.0113152275,0.021484343,0.007893721,-0.028896844,0.023345483,0.030265938,0.025930922,0.050949983,0.058547862,-0.00206264,-0.07916636,0.013025259,-0.002613655,0.103197284,0.011566753,0.03361023,0.03904687,-0.025630994,0.05073868,0.02992532,0.031115843
1,0.01700065,-0.0073719095,0.0068903067,-9.4118506e-05,0.01463211,-0.011228524,0.016706876,0.014251131,-0.005885984,-0.0330069,0.032753017,0.010665713,-0.02769124,0.017852755,-0.00939013,0.009810596,-0.012947195,-0.027413238,-0.010948773,-0.0040819277,-0.0021015585,0.011970015,-0.017268416,0.007880799,0.018961262,0.018012349,0.020859286,-0.011280474,0.0002463862,0.026103413,-0.0064569865,-0.02464287,0.024650319,-0.015249111,0.025346134,-0.00044274994,-0.011950037,0.0029168492,0.0034151564,-0.019034844,0.0061225058,-0.019154744,0.010832686,-0.00030002114,0.009714496,-0.004267907,0.0058351494,0.0078034727,-0.004382112,-0.008853532,0.030407656,0.024249854,0.0016478226,-0.035083227,-0.010983245,-0.013671857,0.04000788,-0.0060146707,0.0055924165,0.020298809,-0.0030089978,0.009241975,0.00046090136,0.010723269
1,-0.0074778497,-0.01818085,0.0014761401,-0.004477851,0.01802729,0.0009279705,0.011764954,0.011956425,0.014341543,-0.045974348,0.023317393,0.018984405,-0.035540357,0.018386558,-0.008116921,0.014969483,0.0048770364,-0.032336768,0.0017417778,0.005738138,0.015717633,0.0101580545,-0.03630158,0.0016997809,0.018440608,0.020285584,0.034105305,-0.019571451,-0.002900829,0.01371557,-0.011286919,-0.0064797755,0.028703839,-0.015352516,0.01853936,0.011172689,0.009214365,0.0019785461,0.018697437,-0.023467219,-0.015346647,-0.03755385,0.014544029,-0.0035521232,0.019443179,0.0039334064,-0.0075567113,0.009009948,0.015728818,-0.001988641,0.020957608,0.035549,-0.011145988,-0.038247563,0.0022023565,-0.017614136,0.044422112,0.01474911,0.011051749,0.020094564,-0.021731293,0.01270362,0.013953827,0.027918365
1,0.013413288,-0.013828095,0.028621214,0.010728488,0.031677272,-0.026026072,0.022043075,-0.003251055,0.018922908,-0.12647432,0.060199022,0.063338846,-0.119969584,0.06322919,-0.026707398,0.053120196,-0.034904405,-0.04507295,-0.03499602,0.039871223,-0.011113546,0.014937646,-0.06191279,-0.012829032,0.04996969,0.03389304,0.10332146,-0.091370404,-0.017777503,0.052722145,-0.012183746,-0.03615982,0.07281212,-0.01166953,0.054432012,0.011013551,0.0023378525,-0.011074934,0.01878986,-0.079411626,-0.026234858,-0.07204082,0.021122366,-0.00045962908,0.03999913,0.01623932,-0.032456923,0.0488332,0.024365172,0.017233197,0.06335684,0.0612469,-0.011514685,-0.11013282,0.018602807,-0.013437159,0.11593486,0.013286595,0.028758425,0.06534354,-0.034099367,0.028677154,0.03548758,0.040064614
0,0.028225476,-0.021009972,0.02364388,0.02477774,0.008738236,-0.015801838,0.009249151,0.013424642,0.01818856,-0.12384511,0.08696378,0.060933094,-0.11143869,0.06259865,-0.041049644,0.043348435,-0.013370072,-0.04428626,-0.024411056,0.030168392,-0.0090892445,-0.004505276,-0.07227145,-0.00883477,0.0673102,0.03439312,0.0962802,-0.09497055,-0.029782217,0.04189946,-0.011312678,-0.03204812,0.07570686,-0.01345086,0.06279988,0.019879073,-0.0065539703,-0.0087424815,0.03278985,-0.07865857,-0.012806746,-0.08775275,0.019132914,0.018054206,0.052501537,0.011642593,-0.01225656,0.05467596,0.02914859,0.025806146,0.05967518,0.038999286,-0.011524798,-0.09959791,0.012559084,-0.013244931,0.11531501,0.012392493,0.02804764,0.06562079,-0.044807844,0.04218296,0.044173017,0.037708133
1,0.0080083385,-0.01755587,0.008400848,-0.007852321,0.016336953,-0.00983048,0.00046666423,0.007887981,0.017298566,-0.035788625,0.0018769103,0.024746237,-0.010256767,0.024931367,-0.006095495,0.01149159,0.002862405,-0.013053798,0.001964873,0.016048,0.006008503,0.011151746,-0.0025053197,-0.01633278,0.014698859,-0.0038747655,0.032985516,-0.0124341585,0.008216546,0.004596076,-0.00034819712,-0.012427224,0.022480749,0.009651178,0.0019997777,0.0017175775,0.0013625226,0.011901214,-0.0081017865,-0.016513597,-0.0050204713,-0.026918806,0.0084722,0.0039239107,-0.0033900286,0.0044180313,0.005291471,0.018682621,-0.00724382,-0.010732279,0.0069937436,0.012406175,-0.0040289434,-0.02204475,-0.0058369366,-0.00071514567,0.016264211,0.021333063,0.014852385,0.00855161,-0.017597979,0.008843898,0.015867475,0.01937234
1,0.0028801768,-0.014005089,-0.005325014,0.00012167902,-0.0033138588,-0.016957805,-0.004378722,0.006126985,0.0037788872,-0.042228222,0.025408765,0.024310663,-0.04534879,0.03939233,-0.028636225,0.012907622,-0.009639589,-0.015491987,-0.019892678,0.028261127,-0.0030196386,-0.0011753271,-0.03245337,-0.00740945,0.025701582,0.035661936,0.037264597,-0.029217541,-0.021920916,0.02454092,-0.0041052857,-0.027819332,0.05055355,-0.013987226,0.022042839,0.016452914,0.0010182242,0.0009387238,0.0048884954,-0.035937738,-0.0092808725,-0.0403764,0.017291509,-0.012042199,0.03520659,0.005268702,-0.0050031357,0.032886412,0.019968463,0.016579574,0.042183466,0.013699946,-0.0039446265,-0.041722126,-0.011386076,0.0007600664,0.06824287,0.004800118,0.025774676,0.029129004,-0.029735958,0.035743862,0.01632847,0.02104833
1,0.01226778,-0.0150701115,0.0015044541,0.012658061,-0.008887795,0.009365297,0.007508151,-0.000816293,0.0021744345,-0.009717843,0.020224428,0.0140795205,-0.012646078,-4.1647087e-05,-0.01575975,-3.7919555e-05,-0.020053398,-0.02623113,0.010055205,-0.005115381,-0.0061390693,-0.0066694133,-0.017998487,0.011073933,0.022197401,-0.0002562337,0.017910365,-0.031387072,-0.0015878825,0.00043912802,0.011790322,-0.015876263,0.030661734,-0.009358875,0.009129215,0.01760008,-0.010635995,-0.007928959,0.0069525302,-0.013659059,0.008958277,-0.016640745,-0.00023217243,-0.010264127,0.006639708,0.0056717037,-0.015024484,0.0067168274,0.00091469655,0.0005902464,0.010166863,0.001083933,-0.013960918,-0.021145029,0.0052875583,-0.009919985,0.034400508,-0.008891031,-0.0053054625,0.013275468,-0.023751123,0.0038233283,0.018829798,0.021834575
0,0.024228062,-0.011150189,0.012135712,0.0022887161,0.024438398,-0.0072627785,-0.0020887314,0.0107089,0.009889126,-0.081071846,0.053689636,0.056508068,-0.09465248,0.06370045,-0.029815674,0.0434676,-0.015979946,-0.03230434,-0.022523781,0.020998789,0.014399334,0.011906662,-0.06920305,-0.0034174453,0.040315215,0.032243587,0.06162591,-0.07170179,-0.018566586,0.035496015,-0.018145015,-0.045738816,0.060406934,-0.015188884,0.06395025,0.021687085,0.006631746,-0.026686294,0.003323763,-0.062013973,-0.0032889706,-0.07993658,0.027432656,0.015905324,0.01619681,0.030976443,-0.018413002,0.022444211,0.019056093,-0.00021293295,0.043912906,0.035518542,-0.008887794,-0.07763918,-0.0026840426,-0.01136506,0.10547505,0.024490954,0.00610218,0.024070537,-0.024766449,0.04132232,0.023442356,0.018930247
1,0.029830059,-0.007842713,0.025244836,0.023943745,0.019654948,-0.022396727,0.0050277454,0.022473177,0.0037383994,-0.13022937,0.0788802,0.06938071,-0.111907445,0.0644395,-0.034299225,0.03791072,-0.0100511145,-0.05037395,-0.014666583,0.038107354,-0.010007613,0.019968849,-0.08498344,-0.01733669,0.06457792,0.06269357,0.11578666,-0.092356324,-0.040745314,0.062184546,-0.003201671,-0.049423147,0.08210772,-0.027059214,0.0704985,0.015682489,-0.011057623,-0.02340139,0.02821379,-0.08482078,-0.018757716,-0.10540758,0.015410211,-0.0016750761,0.03383609,0.028299514,-0.021892281,0.037221596,0.01462705,-0.00033039667,0.050488357,0.07312202,-0.021386389,-0.111128196,-0.0020801872,-0.03462536,0.14013867,0.030168395,0.010289024,0.061949834,-0.03172449,0.04550648,0.024192639,0.02151823
0,-0.006320084,-0.0045623905,-0.008583848,0.0012286404,0.0018999735,0.0093217585,-0.0108083505,-0.006516695,0.008087383,-0.008577881,0.009721107,0.012877409,-0.009154574,0.011557133,-0.020714186,0.016561396,-0.016317721,-0.0005453829,-0.016431702,0.010928465,-0.0019873362,0.0029263513,-0.008209075,-0.0004785821,-0.0060231886,0.017794093,0.0022342354,-0.016678518,-0.0075963335,-0.002401046,0.0100370925,-0.015413143,0.012142274,0.0022810537,0.00069500465,-0.011936187,0.0034941232,0.00065007055,-0.009054613,-0.004515468,0.005423653,-0.026956055,0.012556358,-0.009073136,-0.0065676267,0.018346356,0.006733514,0.004302908,0.002618998,0.009447488,0.022791782,0.011927791,0.009313409,-0.025181083,0.013099339,-0.008715613,0.020247586,0.0044752327,0.0082747545,0.021536496,0.004648399,0.008828264,0.01905334,-0.008390799
0,0.01367659,-0.023402922,0.016809143,0.0024390186,0.028277108,-0.00056221057,0.0019058621,0.0021129826,0.0048446795,-0.0653544,0.050997283,0.026181841,-0.08181698,0.047860146,-0.008522341,0.040301096,-0.023775103,-0.029453222,-0.0059556663,0.022229446,0.012812704,0.007840466,-0.03835104,-0.022311736,0.040527876,0.022513654,0.06843548,-0.05360478,-0.027111037,0.04216325,-0.020884326,-0.0222925,0.04992989,-0.0006528139,0.044198368,0.01887386,-0.007516848,-0.0054674447,0.0063087884,-0.06488921,-0.0050768848,-0.04167525,0.0061764466,0.014694719,0.02779546,0.014381885,0.0002321291,0.026591362,0.015244778,0.0217083,0.042297058,0.041788723,-0.0145035535,-0.06918701,0.009071364,-0.0014732057,0.08607223,0.028483696,0.0132401595,0.02865459,-0.017679343,0.0306428,0.037630036,0.007549371
1,0.0029542188,-0.027148617,0.022022111,0.031111073,0.02063397,-0.020033775,0.0227366,-0.0068519777,0.015806202,-0.09451824,0.045796223,0.05049015,-0.093998514,0.06303338,-0.033168875,0.031356186,-0.03318792,-0.034810647,-0.025612837,0.0450887,-0.00814959,0.006221171,-0.05978017,-0.018068813,0.043923113,0.04710488,0.089101695,-0.07632561,-0.026076555,0.031098401,-0.014979956,-0.05020699,0.067194924,-0.021679897,0.05895342,0.022824956,-0.0066296523,-0.012619746,0.012203148,-0.069574215,-0.020859983,-0.06491204,0.019923856,-0.010057286,0.04123531,0.016133482,-0.029894527,0.033975862,0.028291991,0.02315596,0.043083392,0.03360951,0.007389617,-0.08791725,-0.008773736,-0.010872999,0.09336177,0.010004985,0.0021555705,0.033034023,-0.040521223,0.05016228,0.015468351,0.03950462
1,0.015763361,-0.0021519845,0.009277246,0.011438146,0.011725972,-0.04376272,0.007978901,0.0014374112,0.022580277,-0.13578461,0.06844981,0.071294256,-0.10244174,0.07395784,-0.027505822,0.052100338,-0.019696636,-0.06883758,-0.021256551,0.04298078,0.0044215913,0.0008397086,-0.08471562,-0.016470373,0.077027656,0.051713698,0.10507598,-0.09073298,-0.032345414,0.05610129,-0.0037583197,-0.051940262,0.08691782,-0.011992019,0.08099817,0.0106352735,0.00188341,-0.027025903,0.019569123,-0.07879061,-0.04143079,-0.08170624,0.031871937,-0.005389336,0.029411463,0.04210847,-0.036902897,0.05672809,0.018996663,0.0136941755,0.055211462,0.06884799,-0.019391818,-0.116281465,0.006153581,-0.03513014,0.13496281,0.029887842,0.03798575,0.054848656,-0.05958447,0.038896304,0.039186757,0.023537122
0,0.0040816106,0.00811362,0.005528178,0.016360417,-0.0075988392,-0.009089785,0.004167566,-0.008950896,-0.0001555851,-0.034562,0.015290079,0.0013899583,-0.030428767,0.031593986,0.0055991355,0.007938952,-0.013400891,-0.0065539693,-0.004774896,0.017330887,-0.0034213238,-0.005150024,-0.02926067,-0.011007698,0.018247787,0.013850596,0.02776934,-0.021286104,-0.014969482,0.026854692,0.008571603,-0.0011234038,0.028980121,-0.018447213,0.0029280398,-0.0069125,-2.9139836e-05,-0.01256326,0.007059504,-0.022652095,-0.022048865,-0.0072806547,-0.0032830308,0.0042561516,0.019374985,0.0020616562,-0.017208152,0.0029617564,0.010786023,-0.001195643,0.012730699,0.002235311,-0.0025148066,-0.030122485,0.0020648884,0.0042407424,0.03729587,-0.007777026,-0.006280517,0.0197627,-0.016445566,0.01930316,0.011120653,0.009510415
0,0.012723146,-0.021402663,0.01759148,0.01858727,0.0022349863,-0.011582928,-0.0022428744,0.0181864,0.015355907,-0.07270099,0.046286963,0.030549962,-0.057382204,0.026936451,-0.030442636,0.016483713,-0.009845778,-0.024666503,-0.023925472,0.007775825,0.0076158196,0.0006891633,-0.05502263,-0.027129082,0.042186663,0.03817582,0.049912013,-0.05929274,-0.009397527,0.047119774,0.0016924371,-0.02302768,0.050717987,-0.020442042,0.042320393,0.014810162,0.00519974,-0.01090279,0.0030034324,-0.061445553,-0.013965667,-0.053220253,0.02312672,0.0003636538,0.022354301,0.0133752255,-0.00043497432,0.010069653,0.023284795,0.01262552,0.03148625,0.018125366,0.0044952654,-0.05569803,-0.0042556934,-0.013867756,0.061440956,0.022378264,0.017797971,0.018628633,-0.03974789,0.018224534,0.0062193344,0.023563959
1,0.0069001727,-0.014403516,0.0018073611,0.006393788,0.018980185,-0.010091026,-0.0013003615,-0.0048214635,0.0075554103,-0.031395525,0.034013238,0.033966783,-0.034243103,0.009383175,-0.0101880245,0.0036106221,-0.005974463,-0.021918219,-0.006660197,0.022233292,-0.001459056,0.0036086543,-0.032354865,-0.010676508,0.026074713,0.0105684595,0.034017492,-0.0355653,-0.020506732,0.019057643,0.0064530796,-0.005473236,0.025954265,-0.016861366,0.026035758,0.015990581,-0.00046499525,-0.015555647,-0.00866644,-0.014462305,-0.013298235,-0.04171028,0.000955709,-0.0017203233,0.021653343,-0.0026573462,-0.012657826,0.02557753,-0.0071023973,0.007422694,0.02230095,0.03277588,0.008506083,-0.04068615,-0.0009415809,-0.009139248,0.042743962,0.007182775,0.013056391,0.00078577595,0.0016149154,0.009657176,-0.003626916,0.012175256
0,0.0079075955,0.005081928,0.007849734,0.012841658,0.008001379,-0.015969949,-0.010745774,-0.0002578869,0.0063370564,-0.041451912,0.025532013,0.02979832,-0.046981905,0.012384003,1.869147e-05,0.019013427,0.00477368,-0.028596004,0.0049331924,0.009193782,-0.010791745,-0.0077303373,-0.02053402,-0.0025664973,0.028569609,0.008478138,0.015074042,-0.015551653,-0.0008959519,0.0026867483,0.0037667986,-0.018648129,0.00855441,-0.011738302,0.02749144,0.002015749,-0.0070957164,-0.007881015,-0.010123275,-0.010901508,-0.023180053,-0.037286177,0.016557537,0.00011978638,-0.0002376822,0.004750897,-0.00019935751,0.021322412,0.020860039,0.008436307,0.006682067,0.020627502,0.0043229065,-0.023811292,-0.0070385267,0.00050800736,0.030129492,-0.0035690458,0.000427999,0.019514361,-0.018816017,0.0051243505,0.025360914,0.021208867
