label,dim0,dim1,dim2,dim3,dim4,dim5,dim6,dim7,dim8,dim9,dim10,dim11,dim12,dim13,dim14,dim15,dim16,dim17,dim18,dim19,dim20,dim21,dim22,dim23,dim24,dim25,dim26,dim27,dim28,dim29,dim30,dim31,dim32,dim33,dim34,dim35,dim36,dim37,dim38,dim39,dim40,dim41,dim42,dim43,dim44,dim45,dim46,dim47,dim48,dim49,dim50,dim51,dim52,dim53,dim54,dim55,dim56,dim57,dim58,dim59,dim60,dim61,dim62,dim63,dim64,dim65,dim66,dim67,dim68,dim69,dim70,dim71,dim72,dim73,dim74,dim75,dim76,dim77,dim78,dim79,dim80,dim81,dim82,dim83,dim84,dim85,dim86,dim87,dim88,dim89,dim90,dim91,dim92,dim93,dim94,dim95,dim96,dim97,dim98,dim99,dim100,dim101,dim102,dim103,dim104,dim105,dim106,dim107,dim108,dim109,dim110,dim111,dim112,dim113,dim114,dim115,dim116,dim117,dim118,dim119,dim120,dim121,dim122,dim123,dim124,dim125,dim126,dim127,dim128,dim129,dim130,dim131,dim132,dim133,dim134,dim135,dim136,dim137,dim138,dim139,dim140,dim141,dim142,dim143,dim144,dim145,dim146,dim147,dim148,dim149,dim150,dim151,dim152,dim153,dim154,dim155,dim156,dim157,dim158,dim159,dim160,dim161,dim162,dim163,dim164,dim165,dim166,dim167,dim168,dim169,dim170,dim171,dim172,dim173,dim174,dim175,dim176,dim177,dim178,dim179,dim180,dim181,dim182,dim183,dim184,dim185,dim186,dim187,dim188,dim189,dim190,dim191,dim192,dim193,dim194,dim195,dim196,dim197,dim198,dim199,dim200,dim201,dim202,dim203,dim204,dim205,dim206,dim207,dim208,dim209,dim210,dim211,dim212,dim213,dim214,dim215,dim216,dim217,dim218,dim219,dim220,dim221,dim222,dim223,dim224,dim225,dim226,dim227,dim228,dim229,dim230,dim231,dim232,dim233,dim234,dim235,dim236,dim237,dim238,dim239,dim240,dim241,dim242,dim243,dim244,dim245,dim246,dim247,dim248,dim249,dim250,dim251,dim252,dim253,dim254,dim255
1,0.7255463,-0.80602384,0.7257995,0.23404877,-0.0029922687,0.7007214,-0.39881927,0.20696355,-0.4467936,-0.1954441,0.09052648,0.39873675,-0.21126232,-0.5574178,0.331138,0.17299186,0.3791052,0.44480336,0.309142,-0.46046245,0.45482308,0.10991361,-0.55752987,0.271377,0.5181546,-0.30998883,0.40721953,-0.080760956,0.16191038,-0.20142576,0.17196046,-0.44115233,-0.3291818,0.35043857,-0.5749734,0.14009066,0.52763003,-0.39418373,0.15400341,0.16547278,-0.77883685,-0.036938906,-0.26632008,-0.04632638,-0.013616357,0.21745986,-0.21481684,0.22975917,0.44006604,-0.3872541,-0.5040947,0.2609504,-0.33675554,-0.003310196,-0.46681198,-0.027573332,0.18956162,-0.13967608,-0.526881,-0.5324733,0.06719349,0.36736736,0.08351308,0.55245626,0.16975287,-0.20999122,0.2233681,0.37966016,-0.19825101,0.06071764,0.027232459,0.5419852,-0.54716337,0.23962893,0.009957641,-0.14659528,-0.47116932,0.45660934,0.09091111,0.33839655,-0.6780127,0.44212365,-0.18769228,0.43226302,0.6270833,-0.28143683,0.3407489,0.16130689,-0.22340629,0.76720244,0.51113933,0.08034484,0.63273734,0.58007175,-0.27704865,-0.53210735,0.24398477,-0.34764302,-0.072488666,-0.17969865,0.30531988,0.3835709,-0.2746879,-0.24691805,-0.6044561,0.040650878,-0.16254565,1.1245701,-0.2119992,0.16361149,0.5730244,-0.33872572,-0.1700205,-0.14428297,0.11320848,0.12861776,-0.34733218,0.35174024,-0.85714674,-0.46387425,0.12897772,-0.16514388,0.03268289,-0.7518507,-0.5591816,0.33536467,0.08199362,0.06863201,-0.22151433,0.42148098,0.2086212,0.28131878,0.3534639,0.16649465,0.08171363,0.4441252,-0.15353248,-0.4110783,0.25304842,0.27900094,0.4280536,0.05952965,-0.72271824,0.1550956,0.25546694,0.436305,-0.035380416,-0.4359671,0.18856505,0.079969585,0.2907842,-0.54590863,0.21211028,0.4897598,0.10861918,-0.3488504,-0.5579188,0.17646888,0.018026467,0.6920915,0.25346598,-0.36117378,-0.40153795,-0.5068734,-0.6786947,0.34697145,-0.4495845,-0.046128873,-0.05581305,0.44411683,0.68115544,0.26233026,0.1812402,0.857182,-0.0787802,0.4394296,-0.60908014,-0.022381075,0.35889822,-0.072193116,0.013339158,-0.017497215,0.08714141,0.13633427,0.47111693,-0.0005543735,-0.10941098,-0.23425388,0.26016083,-0.39469063,-0.56553805,-0.41276872,0.14890262,-0.12056437,-0.24337244,0.11804679,-0.5937816,-0.39527023,-0.29323766,-0.3009286,0.5999042,-0.09024089,-0.39328223,-0.3377329,0.4704517,-0.18679827,-0.49511707,0.030303359,-0.03745182,0.027266188,0.40153188,-0.024973027,0.21858932,-0.6182437,-0.075510964,-0.07605537,0.110112175,-0.086957246,-0.50254524,-0.50754803,0.48079038,-0.29504564,0.86117494,0.415236,0.33186048,-0.12666914,0.42085773,0.105017826,0.3490085,-0.60010636,-0.051250793,0.049391434,-0.07864027,1.0173404,-0.6013536,0.12595682,0.032920673,0.23730054,-0.081369564,0.07182376,0.21832156,0.26371914,0.2996021,-0.2761816,-0.26745546,-0.29656306,-0.3452673,0.23418257,0.038306866,0.19879852,0.33946294,0.46275982,-0.58965456,-0.2600193,0.12312608,-0.86047506
0,-0.077754885,0.04250781,0.015680308,-0.039093293,0.077369496,0.03263368,0.024823835,-0.014147647,0.059713148,-0.0008917507,-0.013601765,0.03323668,0.049206488,0.00034717843,-0.07250498,-0.060668472,0.008666005,-0.062404547,0.007049484,0.035079584,-0.041169226,-0.035891406,0.015588705,-0.0660815,0.036423136,0.030473992,-0.013444595,0.020049129,-0.002842858,-0.021972086,-0.07114195,0.08108422,0.054461516,-0.026395576,0.06687858,-0.064430326,0.088369876,0.04245098,-0.08199766,-0.026897393,-0.05136767,-0.018901102,0.043507136,0.07288802,0.032767557,-0.08740534,0.0032567568,0.0074851383,0.06562829,-0.033532504,0.030512452,-0.063411996,0.07294963,-0.03011167,-0.08744319,0.0062499903,-0.03938941,0.051983334,0.052549846,0.003280792,-0.07917038,-0.093779534,0.018009461,0.017992634,-0.05822055,0.054557078,-0.010665432,-0.06457517,0.061133876,-0.048900846,0.03567253,-0.058451414,0.058478624,-0.013062423,0.0022830367,-0.03761237,0.09947316,0.01326865,-0.08745955,-0.033236567,-0.039486445,-0.09025659,-0.010565797,-0.02386532,0.030634008,-0.023381198,0.0078255,-0.0687178,0.07922599,-0.068333596,-0.04112057,-0.018021345,0.0217105,-0.0014274702,0.06344531,-0.004978506,-0.035660207,0.08416332,0.004496063,0.08385048,0.0005502119,0.056305885,0.004982898,0.054218557,-0.054359764,-0.040627893,0.06133289,0.03549584,-0.004189573,0.032776576,-0.032825183,-0.005823721,0.010504369,0.08269155,-0.033912625,-0.011887165,0.07533321,0.0048491633,-0.022115493,0.0044488804,-0.07088576,0.064153016,-0.091300555,-0.07342771,-0.0057278518,0.02059785,0.07278534,-0.00883491,-0.03213671,0.016008591,-0.029688265,-0.014696207,-0.082913935,-0.022803765,-0.1115279,-0.035987444,0.05961784,-0.0013872655,-0.06767951,-0.05826281,-0.0046113674,-0.068637416,-0.047680147,0.00669236,-0.027872283,-0.021317769,-0.027528802,-0.0022817422,-0.05350903,0.010075912,-0.04674729,0.016177095,-0.060319364,-0.026941657,0.034094736,0.09208241,-0.0225957,0.036756054,0.054740507,-0.003382813,-0.015269771,0.018489614,0.013024211,0.04058359,0.04517643,-0.06799585,-0.04951356,0.05822643,0.05137755,0.027060973,0.0119795725,0.043007534,-0.0355059,0.027545422,0.03672157,-0.021762125,-0.030166885,-0.07788766,-0.04170562,0.09459721,-0.05903253,-0.074140646,0.03928908,-0.06552463,0.023985699,0.012164691,0.041622516,-0.07424265,-0.03203104,0.038901467,0.04081508,0.055135436,-0.07388127,0.042723063,0.07399367,-0.06798113,0.008743392,-0.032811947,-0.023600234,0.04431142,0.012147451,0.026799124,0.06559931,0.062121984,0.019972451,-0.037814066,0.03854457,-0.00866073,0.08701418,-0.02661057,-0.09021223,0.015415249,-0.08616038,0.038065635,0.023090623,0.03920877,-0.01318809,0.009645514,0.020068157,0.05454603,0.0057540117,0.04399027,0.049901724,-0.023107652,-0.06751069,0.0939344,-0.012174636,-0.039607994,-0.014154027,0.007706614,-0.08258085,0.018256297,0.011062466,0.032088503,0.03315671,-0.05916235,0.047995687,-0.046635203,0.016780663,0.0037929062,-0.030372111,-0.044152066,0.018857548,-0.043521576,-0.038423285,-0.02086167,-0.0345841,-0.078954846,-0.024769213,-0.06558052,-0.019713273,0.020734873,0.04330803,-0.059991367,-0.034528203,-0.010108284
0,-0.12035805,0.084434785,-0.022566006,-0.063068494,0.09232229,-0.00050192326,0.05540351,-0.03317082,0.10242631,0.0178952,-0.020181311,0.010766095,0.066745296,0.048282903,-0.11467216,-0.07870202,-0.012077605,-0.093753725,-0.01843896,0.061811257,-0.07152733,-0.04394321,0.05714366,-0.09379411,0.017422667,0.046008073,-0.048105825,0.031353217,-0.020318534,-0.0065109804,-0.08841872,0.118067645,0.075874865,-0.054040484,0.1124816,-0.07882033,0.06254667,0.07699851,-0.09512816,-0.03744927,-0.007837862,-0.024871936,0.061905824,0.08579348,0.032217957,-0.115386456,0.025655579,-0.008598756,0.053070795,-0.0074179787,0.055741943,-0.08880433,0.105057515,-0.035644,-0.058738735,0.0005288217,-0.0679503,0.061349582,0.093353,0.02181447,-0.09016692,-0.12227318,0.003197834,-0.007586981,-0.07876795,0.084804304,-0.03405303,-0.09689003,0.083561026,-0.057076596,0.044366017,-0.09376958,0.09506029,-0.027122056,0.015493728,-0.023723705,0.13109784,-0.023403797,-0.113587685,-0.046541985,-0.008387415,-0.13084617,0.012640841,-0.050443232,0.009744732,-0.0060642846,-0.015885804,-0.10057859,0.103691205,-0.1082966,-0.07554472,-0.029824968,-0.0045455247,-0.038365677,0.08180197,0.023040459,-0.05339983,0.11898481,0.016586412,0.11469391,-0.016677905,0.041447587,0.027269034,0.080161184,-0.02217433,-0.049810212,0.084662415,-0.026810946,0.007922567,0.033528063,-0.060900822,0.016142821,0.030423079,0.09850294,-0.042095512,-0.030312797,0.10584426,-0.006509799,0.013863129,0.033500932,-0.08916304,0.077705495,-0.10755358,-0.039426867,0.028308775,-0.0045299344,0.078862116,-0.017343622,-0.010356579,0.0001152982,-0.05232871,-0.048848055,-0.116626434,-0.040602632,-0.13261339,-0.059579354,0.07688418,0.02831111,-0.092164524,-0.075742155,-0.032793496,-0.069602504,-0.020911507,-0.00070509035,-0.03988851,-0.041750595,-0.038974445,0.026793173,-0.0763745,-0.0082447305,-0.07972473,0.05124408,-0.074322775,-0.05625424,0.026800904,0.118384615,0.0037802123,0.021279618,0.057046965,-0.038842,-0.0440839,0.04344251,0.042404868,0.06325827,0.094265155,-0.08769269,-0.03120853,0.065694004,0.07510296,-0.004843693,-0.029791296,0.032446224,-0.057300925,-0.022102777,0.04083322,-0.056390062,9.214878e-05,-0.08762416,-0.062172644,0.11067465,-0.06031482,-0.099539965,0.047276244,-0.0839234,0.0030847834,0.021052068,0.040878452,-0.06313588,-0.061535772,0.06336686,0.06645674,0.079078935,-0.08973104,0.053043146,0.09870414,-0.078926,0.0370456,-0.0017168187,-0.009727681,0.06889959,-0.011051349,0.040487543,0.09953016,0.095913276,-0.015292675,-0.029004928,0.06815086,-0.023850184,0.10384161,-0.03970655,-0.12709531,0.027914062,-0.11297643,0.07830678,0.03861862,0.05477455,-0.026310872,0.018170416,0.0521039,0.08443696,-0.011432955,0.067098394,0.012787152,-0.06076979,-0.09884526,0.122159176,-0.034518942,-0.052272115,-0.035522163,0.044341404,-0.0931633,0.007946163,0.025868172,-0.013991874,0.063745506,-0.072045535,0.04899248,-0.066672884,0.016474027,0.007125579,-0.044862717,-0.06111057,-0.010529846,-0.041931465,-0.026851004,-0.0015878836,-0.023788799,-0.101108596,-0.028807865,-0.09485228,-0.05243501,-0.0017414105,0.07604793,-0.045049928,-0.053143293,0.027286941
1,0.9879127,-1.0911918,0.959518,0.32126877,-0.027120497,0.93295157,-0.54018855,0.2802312,-0.60997576,-0.26463574,0.12530467,0.5215953,-0.29679698,-0.7294955,0.45666504,0.24291362,0.503768,0.6106454,0.40210706,-0.6279917,0.6202298,0.15529294,-0.7421928,0.37808177,0.6825605,-0.42117947,0.54814214,-0.11457467,0.21389815,-0.25989968,0.24935876,-0.6114773,-0.45702684,0.47107586,-0.78215766,0.20293146,0.67955863,-0.53120047,0.22984087,0.2300187,-1.0195878,-0.045618266,-0.3645514,-0.08456971,-0.029439334,0.3131303,-0.28024414,0.30073988,0.5694693,-0.5041099,-0.6810486,0.3682227,-0.46304995,0.00083870813,-0.6003471,-0.041758463,0.26035795,-0.20001523,-0.71536636,-0.7115397,0.11397031,0.5163746,0.10017195,0.7341939,0.2422692,-0.288866,0.29985788,0.52194333,-0.28804013,0.09443739,0.029384235,0.7420254,-0.7447066,0.31782478,0.01726371,-0.18097068,-0.6542325,0.5982488,0.14683789,0.464441,-0.8931438,0.6165435,-0.24394679,0.58461505,0.82994604,-0.3658326,0.4544862,0.2250773,-0.31962562,1.0474803,0.692699,0.112403065,0.837398,0.77065146,-0.3914107,-0.7076652,0.33117047,-0.48495212,-0.095611796,-0.2576173,0.40711787,0.4957697,-0.3657484,-0.34152117,-0.79104555,0.06727469,-0.22800264,1.488864,-0.27182692,0.21696807,0.774291,-0.445441,-0.22850935,-0.21535394,0.1601513,0.168157,-0.48215187,0.46826345,-1.1380464,-0.61916137,0.1907992,-0.23906337,0.067617424,-0.981715,-0.7382426,0.43515128,0.087831795,0.08895105,-0.2783659,0.5591774,0.28502807,0.3710435,0.48917085,0.23292756,0.13705187,0.6045675,-0.22071895,-0.54554325,0.35189658,0.3904283,0.5674685,0.10439953,-0.9497075,0.2043114,0.35057867,0.5892013,-0.04183375,-0.5739228,0.26263115,0.094838746,0.39697433,-0.7288961,0.30127305,0.6571638,0.13224378,-0.49079725,-0.7428077,0.222716,0.009339806,0.92587894,0.33638152,-0.48424432,-0.5330598,-0.6894244,-0.91436905,0.48855814,-0.5846274,-0.07564537,-0.086781755,0.5798827,0.89983153,0.33535218,0.24984688,1.1281687,-0.114518076,0.5901919,-0.80437255,-0.006754473,0.48783976,-0.12412013,0.036681738,-0.0054228865,0.10515724,0.20298192,0.61861396,0.0011803005,-0.16947216,-0.29136813,0.34803033,-0.53350705,-0.7665902,-0.5660127,0.21588644,-0.17700873,-0.34568986,0.18001364,-0.7964704,-0.5120794,-0.3871006,-0.41412392,0.79704565,-0.12374238,-0.5425401,-0.46798337,0.61947733,-0.23468181,-0.67005116,0.039912913,-0.07331204,0.03562037,0.56057584,-0.036295988,0.31772986,-0.8338031,-0.102365434,-0.11479228,0.14691003,-0.11768742,-0.6720202,-0.69177264,0.6387032,-0.40701658,1.1274419,0.5518012,0.4590019,-0.18643111,0.5657287,0.14754763,0.47466803,-0.80169463,-0.045155965,0.054366063,-0.107097626,1.346721,-0.81456935,0.18208553,0.026664421,0.32996973,-0.115862876,0.09965643,0.30094382,0.36549902,0.3892009,-0.3552128,-0.3469344,-0.3872504,-0.44535527,0.33831152,0.06063794,0.28176808,0.4578051,0.61165637,-0.80310994,-0.33042777,0.16943696,-1.1472416
0,-0.11885978,0.08552222,-0.023726642,-0.06534131,0.09321354,-0.0006889757,0.057260983,-0.035325907,0.10585336,0.01792098,-0.020347005,0.010151779,0.0676582,0.052881803,-0.11629319,-0.079312354,-0.014141941,-0.09564715,-0.021290565,0.063051954,-0.07225448,-0.044875056,0.059438474,-0.094102025,0.01675325,0.044432364,-0.048841674,0.032113492,-0.021703849,-0.0038301274,-0.09041545,0.11938667,0.0762721,-0.0548068,0.114886105,-0.08091625,0.06328281,0.07878511,-0.097506836,-0.03714955,-0.008158568,-0.02640312,0.064079255,0.08537869,0.032687098,-0.11829499,0.025921386,-0.011609074,0.052910283,-0.005949259,0.05624742,-0.09133935,0.10928779,-0.035676885,-0.05749416,-0.0006427523,-0.06950291,0.061704222,0.09674434,0.02307161,-0.09286262,-0.12333408,0.0026245322,-0.007031153,-0.0789765,0.08684918,-0.035944473,-0.09686246,0.0857824,-0.057711553,0.045574863,-0.0932619,0.09652668,-0.026978174,0.01584576,-0.022796195,0.13223454,-0.025034983,-0.11487907,-0.046543498,-0.0086627845,-0.13357551,0.014101874,-0.050126217,0.009835083,-0.005092334,-0.01668954,-0.10337593,0.10596773,-0.10829289,-0.076945856,-0.028951334,-0.0052878186,-0.040444143,0.08288897,0.023305556,-0.057292312,0.12084915,0.018453896,0.118598774,-0.016800757,0.040706605,0.029230708,0.0812823,-0.019807607,-0.050469346,0.086837366,-0.027649932,0.011368275,0.03405722,-0.06290388,0.017420975,0.032888185,0.101549946,-0.043416075,-0.031605028,0.106635705,-0.007140825,0.013138155,0.03498459,-0.08927924,0.078748606,-0.10768645,-0.0386099,0.029856749,-0.007948458,0.07932693,-0.018048566,-0.0072419643,-0.0009968546,-0.05355719,-0.0508018,-0.11794509,-0.040471442,-0.13389105,-0.060652934,0.07983421,0.030282287,-0.093110934,-0.07653358,-0.03280575,-0.070461564,-0.019535892,-0.0029890295,-0.039994728,-0.041634712,-0.038662396,0.026862087,-0.07739836,-0.011217505,-0.08120565,0.053163726,-0.074696064,-0.0584501,0.027045991,0.11972706,0.0036371462,0.021750644,0.05654164,-0.040693093,-0.045005545,0.044140346,0.044617794,0.06318362,0.09474521,-0.088358864,-0.030127749,0.06516943,0.07615554,-0.0038663223,-0.030735426,0.031439863,-0.059342623,-0.02470794,0.040681083,-0.058246598,0.000678001,-0.08959751,-0.06279571,0.1126399,-0.060291722,-0.10144843,0.04818619,-0.085988,0.0019405326,0.020840792,0.040373016,-0.06309804,-0.06325268,0.06475666,0.06683935,0.07998501,-0.09189169,0.05466779,0.09904085,-0.0799969,0.03821298,-0.00085724145,-0.010254264,0.06959352,-0.011034932,0.040849756,0.101442635,0.09800097,-0.016584925,-0.02837752,0.07093946,-0.02441198,0.10524885,-0.042598337,-0.12774724,0.02742476,-0.11509566,0.07984916,0.039930787,0.05440351,-0.027996223,0.01788287,0.05297889,0.083744004,-0.011289364,0.069673926,0.013443697,-0.062494956,-0.09996185,0.12522757,-0.035393804,-0.052406,-0.0358589,0.045095947,-0.09368842,0.0065710936,0.025851283,-0.014450412,0.06445208,-0.07496852,0.04935562,-0.069464184,0.015845044,0.00911035,-0.045337543,-0.06079808,-0.012336753,-0.0420489,-0.027327865,-0.0008719396,-0.023377929,-0.10466415,-0.028450578,-0.096693054,-0.054415725,-0.0010448687,0.074831314,-0.044406254,-0.05579661,0.027026325
1,0.3387925,-0.39442825,0.38379484,0.10778822,0.03393059,0.37533027,-0.1978261,0.10463513,-0.20408629,-0.100369155,0.04151076,0.22232243,-0.08735748,-0.29222247,0.1454601,0.061644718,0.20260285,0.19876608,0.16670993,-0.21767837,0.21737427,0.041553497,-0.28583515,0.11458157,0.28215125,-0.14396903,0.20545644,-0.03521552,0.07997425,-0.115666986,0.057588533,-0.18823713,-0.14039771,0.16831599,-0.26782,0.046579555,0.3094782,-0.187737,0.044510983,0.07115664,-0.4252784,-0.023075223,-0.11510168,0.013723336,0.010560147,0.073351294,-0.11224021,0.124577075,0.25295013,-0.21959075,-0.24746883,0.11008587,-0.14458227,-0.016607499,-0.28817943,-0.0070137307,0.07969695,-0.04851486,-0.25240245,-0.26772618,0.0005668923,0.1463454,0.058722854,0.29437307,0.059282232,-0.08798951,0.11428708,0.17261045,-0.07809623,0.00805574,0.027684478,0.25462818,-0.25609994,0.11920285,-0.00096279755,-0.0947994,-0.19198743,0.25073156,0.008499213,0.15466921,-0.36952332,0.18935089,-0.11155585,0.21294972,0.33228493,-0.15630074,0.17886247,0.05935318,-0.07505282,0.36239588,0.2476728,0.03729572,0.33391824,0.3014675,-0.11201936,-0.27363223,0.10654066,-0.14206108,-0.041026533,-0.057060197,0.15660933,0.22305565,-0.14172533,-0.10115582,-0.33814737,0.0041773766,-0.056238644,0.59181505,-0.11285336,0.09212823,0.27641323,-0.17704567,-0.08250286,-0.03817547,0.045566455,0.06475523,-0.14549309,0.18018948,-0.44919723,-0.2367342,0.03491161,-0.052516427,-0.025080353,-0.42350718,-0.2946806,0.18742886,0.07497588,0.03837567,-0.13659158,0.2265498,0.09436165,0.14474009,0.14739518,0.07823069,-0.0065410435,0.21297246,-0.05679866,-0.21187074,0.10028869,0.11509946,0.21870306,-0.0017898344,-0.3904486,0.08134138,0.12140638,0.20665208,-0.027623778,-0.22559556,0.07647938,0.059362233,0.13247083,-0.2742506,0.07945987,0.24213716,0.07551436,-0.13435891,-0.2959697,0.11256809,0.03229713,0.35297412,0.12833855,-0.18306856,-0.20482337,-0.24365261,-0.33078682,0.14704746,-0.2510674,0.005714372,-0.008441744,0.24774587,0.36099362,0.15987678,0.08155798,0.45811814,-0.025581047,0.21816719,-0.32712585,-0.040634807,0.16591735,0.0042983294,-0.022711884,-0.038259972,0.057197727,0.042415667,0.2516167,-0.0026369859,-0.03392426,-0.15812117,0.12772606,-0.18582314,-0.27267417,-0.18675652,0.04441345,-0.039124954,-0.09353501,0.028239429,-0.29735997,-0.22682792,-0.15786695,-0.13820596,0.3139903,-0.034456503,-0.17420724,-0.1451719,0.25441644,-0.11771173,-0.23620747,0.018761436,0.018013403,0.0075129326,0.16607514,-0.010222867,0.07789461,-0.30150893,-0.03360378,-0.021489762,0.05531153,-0.037671674,-0.25087747,-0.2365096,0.24827634,-0.13288915,0.4660405,0.20984434,0.14429493,-0.02956564,0.20899908,0.036379114,0.1729517,-0.30325618,-0.061735883,0.03896887,-0.03571941,0.5335666,-0.29358843,0.040444568,0.037191644,0.10259026,-0.029760431,0.034625717,0.10039895,0.11428042,0.16626468,-0.16390258,-0.15522729,-0.16889611,-0.19518599,0.08660854,0.0064927973,0.07953037,0.17054905,0.24550329,-0.2821232,-0.16339144,0.051369898,-0.44446018
0,0.37756452,-0.4306762,0.41737893,0.11768238,0.028632045,0.39802113,-0.21221916,0.110131726,-0.23002918,-0.10602912,0.046417214,0.23658954,-0.09786108,-0.3252428,0.16339794,0.07867831,0.21531023,0.22573847,0.18406713,-0.2408973,0.23521447,0.047830835,-0.31180513,0.12804554,0.3024546,-0.16262057,0.22225088,-0.03631395,0.091315165,-0.124203965,0.06707547,-0.21751136,-0.16072133,0.19070263,-0.30002016,0.05436682,0.33022222,-0.20987286,0.053134754,0.08081813,-0.4604884,-0.026126564,-0.13653035,0.005007107,0.0096758865,0.087526634,-0.12516528,0.13421635,0.26938373,-0.23324773,-0.27044737,0.11887307,-0.16389984,-0.010621924,-0.29469135,-0.010071639,0.096418135,-0.059492555,-0.2762199,-0.29738194,0.005111374,0.16881198,0.059416953,0.3155771,0.0735023,-0.104041584,0.1226199,0.18925115,-0.08109828,0.017602742,0.028064298,0.27945372,-0.28507742,0.13585413,0.0016587377,-0.100881636,-0.227343,0.2658414,0.016129173,0.1722156,-0.39605474,0.21151058,-0.11482651,0.2344194,0.36161122,-0.16882801,0.19074468,0.07228064,-0.09522083,0.40065214,0.26994193,0.03871565,0.36296546,0.32761964,-0.12674056,-0.30119506,0.12583579,-0.16597998,-0.04105475,-0.07347194,0.17030728,0.23739934,-0.15454571,-0.122217864,-0.35955727,0.0051742904,-0.07196222,0.6449229,-0.1269013,0.097804815,0.30738005,-0.19530836,-0.09006114,-0.047957666,0.049494,0.07446125,-0.16672471,0.19879606,-0.48811832,-0.25972503,0.046143256,-0.06801313,-0.014284279,-0.45057493,-0.31963512,0.20173824,0.07462909,0.03964395,-0.14291568,0.24124837,0.10680635,0.15893735,0.16959596,0.08160777,0.00429368,0.2315979,-0.06371903,-0.23219863,0.11889064,0.13224605,0.24409851,0.0011070594,-0.42423776,0.090624034,0.13125351,0.23435518,-0.028417496,-0.2516704,0.08841843,0.057180583,0.14799957,-0.30350566,0.09349988,0.26887867,0.076167144,-0.16161357,-0.3177159,0.11589644,0.02894054,0.3857536,0.14185181,-0.19683088,-0.2256298,-0.26777306,-0.3670305,0.15958501,-0.27366713,-0.0055989437,-0.013609702,0.26660284,0.39255953,0.16414517,0.08859291,0.49651653,-0.029564276,0.2415339,-0.35394016,-0.04622008,0.18610811,-0.0032172725,-0.019293297,-0.034109205,0.06587296,0.047874246,0.27697918,-4.256144e-06,-0.033215053,-0.15946847,0.13888505,-0.2091826,-0.2984225,-0.20898235,0.058830645,-0.045894485,-0.10733526,0.03550203,-0.3272197,-0.24185824,-0.17169543,-0.15109858,0.34108752,-0.04321508,-0.19428487,-0.16514029,0.27382654,-0.12233693,-0.26278543,0.01631239,0.0135266185,0.009131452,0.19037563,-0.009733312,0.086309224,-0.33438486,-0.03849843,-0.02508936,0.059170082,-0.047510196,-0.2767959,-0.26355916,0.2707983,-0.14574406,0.50790143,0.23078604,0.16028899,-0.044064462,0.2286526,0.045846,0.18473335,-0.33808193,-0.06080807,0.04066303,-0.043435976,0.5826634,-0.32111165,0.04722181,0.04269311,0.11295317,-0.03757493,0.037431084,0.10984517,0.13181578,0.18049401,-0.17162926,-0.16338052,-0.17546988,-0.21181537,0.0960174,0.00810707,0.08734478,0.18363735,0.2673683,-0.31153566,-0.16889876,0.061220817,-0.48498064
1,0.51494765,-0.5836183,0.54063284,0.16230492,0.017523583,0.5260266,-0.28787038,0.14920591,-0.31495845,-0.14337325,0.06379403,0.30227944,-0.14318572,-0.40999684,0.22534811,0.11227535,0.2825108,0.310585,0.22992207,-0.3305568,0.32478902,0.07229306,-0.40715253,0.18323126,0.392352,-0.22038233,0.29580632,-0.05397159,0.11669624,-0.15434986,0.10787356,-0.30433637,-0.22788511,0.25190362,-0.40672082,0.08760947,0.41055354,-0.2804728,0.093708016,0.1152687,-0.5868437,-0.031513818,-0.18604316,-0.014759485,-2.6270747e-05,0.13665578,-0.15711017,0.17151302,0.34070227,-0.29522535,-0.36514163,0.17606583,-0.2290236,-0.011361552,-0.3659566,-0.01878991,0.12926856,-0.09015663,-0.3748598,-0.39362967,0.03030539,0.2467461,0.06669609,0.41218013,0.10879247,-0.14137423,0.162305,0.26289454,-0.13077524,0.032390464,0.029326944,0.38508067,-0.3887082,0.17478615,0.00857991,-0.118109494,-0.32121965,0.34039935,0.043742158,0.24115725,-0.5110203,0.30331182,-0.14250132,0.31302145,0.4707988,-0.21398735,0.25198323,0.10111334,-0.14349824,0.5501974,0.3653035,0.055324886,0.47194394,0.4285489,-0.1881242,-0.39423627,0.17077908,-0.23483443,-0.052147955,-0.10978715,0.22551723,0.29784912,-0.20217605,-0.16805659,-0.4600771,0.019018982,-0.1029835,0.83743477,-0.1567198,0.12925373,0.41482058,-0.25029653,-0.1213039,-0.084471166,0.07507705,0.09086871,-0.23581067,0.2611463,-0.6387976,-0.3400514,0.07609368,-0.104160145,-0.00049423426,-0.57490635,-0.4133844,0.2525916,0.08047096,0.04951403,-0.17154026,0.3162265,0.14583048,0.20203938,0.23747613,0.11778176,0.03177373,0.3188648,-0.09880666,-0.30300996,0.16776814,0.19191146,0.31422746,0.026788179,-0.5459902,0.11589285,0.18244787,0.3150001,-0.03477087,-0.3216262,0.12493441,0.061588414,0.20131649,-0.39972317,0.14034015,0.35621122,0.09040101,-0.23371434,-0.4179949,0.13914567,0.025867563,0.50950485,0.18320179,-0.26202637,-0.29295367,-0.36530545,-0.48922405,0.2385136,-0.34467337,-0.018840712,-0.026597707,0.33470356,0.5056839,0.20481485,0.12302583,0.63951874,-0.04854744,0.31837556,-0.45725545,-0.037949782,0.2547251,-0.028163105,-0.0063726977,-0.033004306,0.07498752,0.08279796,0.3534718,0.002335837,-0.06996506,-0.1917192,0.18331525,-0.28052965,-0.40618747,-0.2902938,0.09084694,-0.07746218,-0.1610328,0.0695539,-0.43555567,-0.30067363,-0.22222936,-0.21152245,0.4462964,-0.059260894,-0.27255544,-0.2324993,0.35029444,-0.14817958,-0.3544786,0.020125318,-0.0046979114,0.012701636,0.27198163,-0.014338277,0.13960648,-0.44652286,-0.049670413,-0.04446251,0.077912435,-0.061931573,-0.36623588,-0.3603649,0.35579157,-0.20666528,0.6488133,0.30046573,0.22708374,-0.07056145,0.30698133,0.06695758,0.25419405,-0.44112393,-0.059436463,0.040701643,-0.055128857,0.75950396,-0.4355884,0.07647819,0.03698501,0.16273932,-0.054862488,0.05397051,0.15279993,0.18369931,0.22479147,-0.21618615,-0.20759077,-0.22390006,-0.2641178,0.15319437,0.020259697,0.1292574,0.24579409,0.34548444,-0.42409468,-0.20667322,0.08303036,-0.63860404
0,-0.08901389,0.055231545,0.002323214,-0.040584624,0.08120663,0.022510376,0.030846959,-0.01191997,0.07327355,0.0057708994,-0.012494375,0.03374807,0.052053798,0.007553898,-0.081792146,-0.067466184,0.009029971,-0.070887916,0.008391188,0.04571479,-0.04962395,-0.0301774,0.028174233,-0.06993215,0.033479657,0.037949316,-0.021647843,0.018213829,-0.011156825,-0.021902604,-0.06731932,0.099059686,0.06366622,-0.038542196,0.08368325,-0.06718315,0.076356724,0.051706217,-0.07910108,-0.03335302,-0.036272205,-0.020789776,0.05820758,0.0775204,0.028789876,-0.088326775,0.0033133812,0.012185552,0.06258908,-0.029287659,0.036946297,-0.05821733,0.073064044,-0.034345753,-0.08824326,0.008457849,-0.05215614,0.055763796,0.052389793,0.015802221,-0.080362834,-0.10365181,0.019692712,0.0147489915,-0.0650308,0.061383314,-0.012103863,-0.063314356,0.057465255,-0.05873964,0.030708252,-0.072400786,0.06465611,-0.022803051,-0.00033672526,-0.031960614,0.113272816,0.018607676,-0.09474236,-0.04032593,-0.026033577,-0.097310364,-0.011976423,-0.034245625,0.019369029,-0.016912617,0.0045674415,-0.07347583,0.087357044,-0.088986196,-0.047834978,-0.020023081,0.013657293,-0.009731401,0.06941872,0.005705446,-0.039360553,0.094384536,-0.0018287562,0.08269842,-0.0061537665,0.049251765,0.0071347337,0.06851713,-0.049299147,-0.03969603,0.06608507,0.011233385,-0.005790122,0.024259787,-0.04476131,0.0020500766,0.010840809,0.08133243,-0.031185614,-0.015774587,0.08083224,-0.001942921,-0.0032662433,0.011760078,-0.071986,0.07390345,-0.09668996,-0.063727155,0.0013885237,0.019761514,0.06819118,-0.011045445,-0.039396934,0.014077587,-0.032879665,-0.013011403,-0.08937503,-0.02888621,-0.11729718,-0.038833447,0.058538713,0.0011627991,-0.07155126,-0.0654175,-0.0208862,-0.068567544,-0.037417397,0.006469917,-0.033260297,-0.035302777,-0.025329826,0.010770328,-0.053522687,0.023047093,-0.05463258,0.028536752,-0.06523418,-0.040477574,0.034405947,0.106178015,-0.010767226,0.03481377,0.05605436,-0.018438961,-0.022772625,0.024704881,0.018230166,0.048718233,0.05779375,-0.06691761,-0.03357036,0.06913178,0.058443297,0.015477303,-0.0022980906,0.04503942,-0.033446386,0.015232641,0.036812108,-0.03361942,-0.01955032,-0.06439576,-0.047333255,0.09353002,-0.05540363,-0.07730402,0.027801028,-0.06132195,0.015568318,0.009425001,0.040607993,-0.07775904,-0.0339401,0.05149411,0.04242993,0.05952691,-0.0784328,0.04056532,0.08012209,-0.07028395,0.016407633,-0.026318785,-0.011712842,0.048710354,0.0031478293,0.032662448,0.07056773,0.068522505,0.011159622,-0.04191446,0.04396884,-0.007856261,0.08607714,-0.018707061,-0.09760764,0.014008278,-0.08900495,0.0524299,0.021378223,0.04250978,-0.0085810125,0.017539872,0.031549104,0.066657454,0.0031554084,0.047639035,0.03348099,-0.027323408,-0.07168521,0.095080964,-0.020337332,-0.04506135,-0.01666253,0.02952932,-0.07931324,0.019591507,0.021532338,0.015705818,0.04599849,-0.05252408,0.04643909,-0.04416337,0.02431358,0.0018293895,-0.030367933,-0.055684417,0.0108875595,-0.0443868,-0.03622192,-0.021508072,-0.026897341,-0.07951717,-0.02238021,-0.067027554,-0.021195954,0.010699327,0.057684086,-0.058574624,-0.034398187,0.009467092
1,0.8041019,-0.8919742,0.79582155,0.25971138,-0.009916823,0.77170503,-0.44122246,0.22921005,-0.49534482,-0.21671665,0.10040757,0.4357108,-0.23687421,-0.6076016,0.36811632,0.1936306,0.41672,0.49354613,0.33634135,-0.51126075,0.50474197,0.12378778,-0.6121542,0.30302188,0.567897,-0.3429783,0.44961712,-0.0908929,0.176945,-0.21895674,0.19526026,-0.49140024,-0.36750895,0.3863714,-0.63609654,0.15858565,0.5732908,-0.43484128,0.17670277,0.18493533,-0.8511593,-0.039904788,-0.29510137,-0.057933938,-0.01872247,0.2458655,-0.23413143,0.2510905,0.47967327,-0.42251936,-0.55721694,0.29334772,-0.3741942,-0.0024421364,-0.50720435,-0.03216543,0.21013494,-0.15730934,-0.582974,-0.586463,0.081168056,0.41150668,0.088281035,0.6065383,0.19139051,-0.23241675,0.24629262,0.42229322,-0.22567633,0.06977925,0.027536524,0.6018326,-0.6065209,0.26183414,0.012780935,-0.15685613,-0.52539164,0.49952957,0.10729789,0.37685317,-0.74256456,0.494223,-0.20428827,0.47772637,0.687953,-0.3065975,0.37514645,0.17951603,-0.25155428,0.8515465,0.5651254,0.08982013,0.694105,0.6373808,-0.31188035,-0.58489466,0.2696222,-0.38819963,-0.07916662,-0.20260547,0.33628434,0.41711283,-0.30192003,-0.27462134,-0.6607374,0.04893999,-0.18113573,1.2339996,-0.2293877,0.18028627,0.63319325,-0.37095377,-0.18813722,-0.16507535,0.12733129,0.13970669,-0.3876523,0.38675165,-0.9417458,-0.5098163,0.14702696,-0.18671922,0.04218369,-0.8211093,-0.6128553,0.3646705,0.08449955,0.07423961,-0.23814563,0.46314833,0.23133552,0.30782115,0.3934269,0.18643464,0.09767768,0.49271396,-0.17325625,-0.45164305,0.28203374,0.31203842,0.4692277,0.072799265,-0.7908775,0.16957858,0.2839797,0.48206654,-0.03745026,-0.47660637,0.21009293,0.083749704,0.32221955,-0.6006599,0.23851293,0.539456,0.11614627,-0.3907035,-0.6137914,0.19007665,0.015869971,0.762168,0.27783778,-0.39788422,-0.44034106,-0.5619867,-0.7489028,0.39014724,-0.48934862,-0.05425335,-0.064414255,0.4841435,0.745797,0.2843497,0.20141125,0.9382666,-0.08915673,0.4838932,-0.667579,-0.017713059,0.39760122,-0.0872962,0.020385455,-0.01448318,0.09214224,0.15595213,0.5153332,0.00041535683,-0.12832412,-0.25188068,0.28620923,-0.4359862,-0.62614274,-0.45880443,0.16800976,-0.13840216,-0.27418187,0.1370308,-0.65497506,-0.43004832,-0.32162365,-0.33468023,0.65946317,-0.10023538,-0.4378257,-0.37669212,0.5143461,-0.2011675,-0.5476188,0.03286958,-0.047937803,0.029744385,0.44891196,-0.028101005,0.24875121,-0.6825228,-0.08279239,-0.0875838,0.12085824,-0.095762886,-0.5532085,-0.5626547,0.52846915,-0.3290536,0.9409324,0.45568192,0.37002128,-0.14321993,0.46452293,0.11742154,0.38754174,-0.66006327,-0.049808808,0.050258484,-0.08675933,1.1165721,-0.6654029,0.14250864,0.030633897,0.26567677,-0.09140125,0.080341086,0.24319229,0.2938072,0.3260386,-0.30011004,-0.29184696,-0.32398555,-0.3748527,0.26606703,0.04521348,0.2234713,0.37498873,0.50735044,-0.653568,-0.28172132,0.13636279,-0.946553
1,0.62691337,-0.6964643,0.6387094,0.20237343,0.0046206266,0.60943234,-0.34534848,0.17773436,-0.38627794,-0.16703814,0.07918089,0.351048,-0.17933881,-0.4959602,0.28658673,0.14831187,0.3314327,0.3843539,0.27582094,-0.3955878,0.39064234,0.091531955,-0.48932555,0.23155795,0.45467517,-0.26840964,0.35373855,-0.067413144,0.14213198,-0.17885368,0.14239044,-0.38008985,-0.28062242,0.30615407,-0.4989679,0.11659147,0.4692137,-0.3437188,0.12600097,0.14023626,-0.6872182,-0.03292544,-0.23182236,-0.03176276,-0.005385939,0.18091756,-0.1908485,0.2021182,0.38841984,-0.34294936,-0.43720093,0.22029528,-0.28979582,-0.00401897,-0.41470316,-0.021737482,0.16537905,-0.11832613,-0.45588052,-0.46434182,0.04946797,0.31187955,0.078282885,0.48470885,0.14372839,-0.18389943,0.19533727,0.32633746,-0.16269246,0.051890332,0.027209375,0.46704718,-0.47235593,0.21374278,0.0053626597,-0.13478221,-0.40427995,0.4016747,0.07023763,0.28896958,-0.5971124,0.3767851,-0.16908777,0.37686622,0.5496665,-0.24921188,0.29496914,0.13980268,-0.1882014,0.66186386,0.4427461,0.06941445,0.5548949,0.5082073,-0.23263018,-0.46590927,0.21139845,-0.298925,-0.06448909,-0.15189591,0.26515198,0.34134322,-0.23991461,-0.2142821,-0.5321912,0.029898617,-0.13942161,0.9860303,-0.1894218,0.14090134,0.49651536,-0.29756796,-0.14551124,-0.1178979,0.094810374,0.11528152,-0.2963763,0.3076674,-0.7495594,-0.4065094,0.107137,-0.13898697,0.02335015,-0.6640341,-0.49092498,0.29899076,0.078336984,0.062826715,-0.20042334,0.36849555,0.18052462,0.24901105,0.30433327,0.1417791,0.062233448,0.38220197,-0.12922314,-0.3590688,0.2171582,0.23803669,0.37783203,0.04220942,-0.6364084,0.13738528,0.22033738,0.37738267,-0.03264556,-0.38572788,0.16259563,0.077333935,0.25123748,-0.47697523,0.17905113,0.42925492,0.098906785,-0.29742023,-0.48641855,0.15902755,0.018782016,0.60360163,0.22375232,-0.31461817,-0.35296366,-0.43844542,-0.5920106,0.2906136,-0.3994516,-0.037090924,-0.04544563,0.39542714,0.6006807,0.23277077,0.15573192,0.7547741,-0.06525827,0.38456005,-0.5350136,-0.029237077,0.30971068,-0.05389049,0.0035866834,-0.018901873,0.08153459,0.111070216,0.416196,-0.0022928212,-0.083265685,-0.21058734,0.22773892,-0.34273013,-0.4871715,-0.3543731,0.12667884,-0.096612155,-0.20465532,0.09429377,-0.5156889,-0.35298386,-0.25745988,-0.2578495,0.52521825,-0.077304326,-0.33691594,-0.28880727,0.4148262,-0.16833076,-0.42862308,0.027636293,-0.023906134,0.022515574,0.34262598,-0.022161715,0.17968269,-0.53788245,-0.067277566,-0.060981736,0.09616627,-0.07651211,-0.43904623,-0.4381283,0.41967663,-0.25105265,0.76064134,0.3651401,0.28333235,-0.10878133,0.363793,0.08902891,0.29905242,-0.5272895,-0.052450463,0.048966203,-0.07058069,0.89070237,-0.5201239,0.10480051,0.03739854,0.20051941,-0.06897713,0.060863487,0.18716666,0.22751513,0.26663494,-0.24476705,-0.2355455,-0.26143312,-0.30858377,0.19291317,0.028484423,0.16791052,0.2952486,0.4067068,-0.5107263,-0.23209576,0.108795084,-0.75143373
1,0.72552556,-0.8075383,0.72740376,0.2342215,-0.003807526,0.704243,-0.40051582,0.20754217,-0.44805908,-0.19675997,0.09214081,0.39925823,-0.2123997,-0.55574584,0.33172715,0.17300358,0.38008776,0.44533736,0.3079823,-0.4615358,0.45571905,0.10843938,-0.5584458,0.27181688,0.51986814,-0.30985656,0.40861621,-0.08036575,0.16075224,-0.20165952,0.1702788,-0.44336516,-0.3290217,0.351004,-0.57719755,0.1401836,0.5294911,-0.39380547,0.15460959,0.16590108,-0.77960944,-0.035963297,-0.26741734,-0.045784157,-0.011104915,0.2162706,-0.21326584,0.22849461,0.4397407,-0.38846782,-0.5049816,0.26166144,-0.3347674,-0.0049307905,-0.4700918,-0.027920067,0.19071482,-0.14016075,-0.52676165,-0.5342017,0.0681317,0.36752903,0.08306277,0.5553106,0.1697453,-0.21056052,0.22418123,0.37959212,-0.20005476,0.062290374,0.028641125,0.5447667,-0.54772943,0.24000101,0.009681068,-0.14704801,-0.47025302,0.4556903,0.09115025,0.3388111,-0.6810061,0.44435567,-0.19010389,0.43538406,0.6286744,-0.28152966,0.34054267,0.16055275,-0.22321597,0.77129674,0.51023585,0.082328096,0.6329073,0.5812669,-0.2779333,-0.5329856,0.24263103,-0.3487245,-0.07231481,-0.17827341,0.30533952,0.38533014,-0.27627274,-0.24857709,-0.6059752,0.04029477,-0.16049011,1.1259625,-0.20895103,0.16631128,0.5738147,-0.33720616,-0.1685033,-0.14336273,0.11342082,0.12805752,-0.34674385,0.35282406,-0.8594454,-0.4651176,0.12920982,-0.16592921,0.03201563,-0.7549983,-0.55849457,0.33539015,0.08191778,0.06823376,-0.22030999,0.4230015,0.20881256,0.2790267,0.35160077,0.16912483,0.081066966,0.44428927,-0.15426138,-0.4105254,0.25136572,0.2799729,0.42922667,0.060596894,-0.72369134,0.15514708,0.25731242,0.43604693,-0.03667759,-0.4351135,0.18797639,0.07962625,0.29071137,-0.5471415,0.2118473,0.4911797,0.1092842,-0.34971258,-0.5611304,0.17724451,0.016944226,0.69446987,0.25328806,-0.361506,-0.40159288,-0.5092425,-0.6799228,0.34734586,-0.45177492,-0.046076868,-0.05612401,0.44633755,0.6832547,0.26194912,0.18084912,0.85751015,-0.078538604,0.44084892,-0.61131424,-0.024332464,0.3585508,-0.0730689,0.011961464,-0.017103158,0.08788946,0.13641477,0.47153872,-0.0003484469,-0.11075393,-0.2348259,0.25891098,-0.39472458,-0.5644134,-0.41271472,0.14812736,-0.1204593,-0.24440628,0.11819607,-0.59453005,-0.39734554,-0.29497877,-0.30203608,0.60146594,-0.08816801,-0.3923542,-0.33854482,0.47072226,-0.18697983,-0.4947999,0.030299425,-0.035876647,0.0235297,0.4014991,-0.025517218,0.2193489,-0.62041974,-0.075011626,-0.076249324,0.10948883,-0.08791063,-0.503099,-0.5083048,0.47953314,-0.29494166,0.86154646,0.4141437,0.33143777,-0.12612793,0.42034468,0.103698865,0.35070893,-0.60347414,-0.051287837,0.04858093,-0.08074231,1.0176691,-0.6028203,0.12375207,0.03362044,0.23656109,-0.08166371,0.07333705,0.219291,0.2657738,0.2995482,-0.27603734,-0.26788837,-0.2965417,-0.34518224,0.23563278,0.03757893,0.19841002,0.34144405,0.4646334,-0.5923432,-0.26171297,0.124187574,-0.8638643
1,0.7210627,-0.8060324,0.7230414,0.23270963,-0.0012720339,0.7061496,-0.3996462,0.20888144,-0.44359064,-0.19774856,0.09081615,0.3992191,-0.21075712,-0.54792726,0.32744652,0.16873671,0.38067454,0.44026268,0.30497572,-0.46030974,0.45537102,0.10903896,-0.55360234,0.26927176,0.51960987,-0.30696782,0.40774694,-0.081144564,0.15818316,-0.20073865,0.17068796,-0.43681282,-0.3270949,0.34672794,-0.57003284,0.13853712,0.528345,-0.3893501,0.1541327,0.16596349,-0.77574205,-0.03715706,-0.26181898,-0.0442467,-0.01289447,0.21467355,-0.21060064,0.22874951,0.4405139,-0.3881136,-0.5028181,0.26233384,-0.3318841,-0.0066671483,-0.4729914,-0.027467243,0.18544377,-0.1373241,-0.5252,-0.53032774,0.06773245,0.36397547,0.08275187,0.5538416,0.16680123,-0.20579016,0.22312179,0.37862617,-0.2030223,0.057655465,0.028009826,0.5417359,-0.5442812,0.23479687,0.010392621,-0.1453582,-0.4640456,0.45602188,0.089683406,0.3384192,-0.6783877,0.4413721,-0.18899068,0.43190527,0.62624633,-0.2795941,0.34208792,0.15573724,-0.21889982,0.76745206,0.50849384,0.0815655,0.63082147,0.57821023,-0.277255,-0.52978647,0.23825115,-0.34383726,-0.0727483,-0.17510706,0.3052694,0.38452646,-0.27483976,-0.24210027,-0.60604674,0.041761484,-0.15636289,1.1211249,-0.20605673,0.16734742,0.5703307,-0.33486694,-0.16905484,-0.14190833,0.11334623,0.12476352,-0.3437913,0.35018918,-0.856037,-0.46152127,0.12684757,-0.16147728,0.027596079,-0.7537079,-0.55605555,0.333049,0.08318954,0.0674396,-0.21950927,0.42343715,0.2068371,0.27703732,0.3474918,0.16972168,0.077519566,0.44429097,-0.1531955,-0.40930793,0.24753934,0.27737755,0.4235225,0.061185572,-0.72069734,0.15369242,0.2562756,0.43238297,-0.036703013,-0.42991444,0.1852062,0.07852742,0.2874748,-0.5423406,0.20969781,0.48619562,0.10977831,-0.34391817,-0.56084234,0.17695087,0.019015457,0.6910481,0.2501824,-0.35987142,-0.39737022,-0.5068582,-0.6744753,0.34969875,-0.4472233,-0.041457918,-0.053526744,0.4423714,0.67734444,0.26326627,0.18037432,0.8530914,-0.07757636,0.43638456,-0.60900384,-0.021307092,0.35605365,-0.07131529,0.012645993,-0.01993595,0.08512847,0.13674161,0.46789578,5.1161274e-05,-0.11518028,-0.23739615,0.25634044,-0.39001116,-0.5644529,-0.410742,0.14373466,-0.1221541,-0.2428312,0.11754671,-0.5926479,-0.3949989,-0.29322177,-0.3006318,0.5992513,-0.08700269,-0.39078048,-0.33573705,0.46807387,-0.18746176,-0.49203944,0.030643214,-0.035292067,0.024092065,0.39796305,-0.025156565,0.21946119,-0.6152732,-0.07342787,-0.07622477,0.109029785,-0.08498343,-0.4991794,-0.50501704,0.4793235,-0.2951019,0.8558414,0.41101506,0.3295769,-0.12008061,0.4195444,0.1020208,0.35193866,-0.5964707,-0.053132914,0.047140203,-0.077131905,1.0142915,-0.6005081,0.12305774,0.031103685,0.23736876,-0.07986373,0.073739916,0.21839315,0.2617034,0.29661724,-0.27716577,-0.26955837,-0.29755533,-0.34205258,0.23595992,0.038689036,0.19796874,0.340851,0.46123487,-0.5889597,-0.2628596,0.120717175,-0.85973537
0,-0.09057138,0.055941086,0.00051687285,-0.04167722,0.08285569,0.022039413,0.031829078,-0.012727916,0.075540885,0.005547274,-0.013407342,0.032877374,0.052936375,0.01113173,-0.08496727,-0.06824359,0.008430885,-0.07208173,0.00563919,0.046693765,-0.050347213,-0.03113852,0.029801521,-0.0722432,0.03384972,0.03817936,-0.023496795,0.0182863,-0.011905077,-0.021513106,-0.06923788,0.10013417,0.06369005,-0.03967627,0.085174955,-0.06773724,0.07708793,0.05400896,-0.081063375,-0.03308505,-0.03585416,-0.021103797,0.058368098,0.0784011,0.028710794,-0.090746135,0.0054097436,0.010283651,0.06300767,-0.028041245,0.03791055,-0.06043299,0.07564964,-0.034565125,-0.088755466,0.007713668,-0.053402573,0.056884415,0.055122208,0.015624063,-0.08134091,-0.10458201,0.017393496,0.014227613,-0.06611192,0.06361645,-0.014131632,-0.06592966,0.058137506,-0.058368005,0.032414697,-0.072509564,0.06657462,-0.024309939,0.0007648617,-0.031400513,0.11501641,0.014445266,-0.09607065,-0.03943882,-0.02589147,-0.0991681,-0.010095516,-0.034870356,0.019732201,-0.016050316,0.004198853,-0.07662618,0.089048415,-0.08900122,-0.049592033,-0.020622391,0.013728573,-0.011919659,0.069292806,0.006692302,-0.04121656,0.09592098,-0.0003661234,0.085604,-0.006523436,0.049389586,0.007921761,0.06897643,-0.04871568,-0.039887913,0.0682438,0.010360782,-0.0055352673,0.02662728,-0.04608541,0.00218724,0.011835692,0.08233245,-0.03143783,-0.01679606,0.082852,-0.001790592,-0.004255023,0.0130215585,-0.072901286,0.0728929,-0.098672405,-0.06354429,0.0027769376,0.01854321,0.06913157,-0.012105357,-0.0362521,0.014704375,-0.034665354,-0.016279876,-0.091245666,-0.029474467,-0.11880461,-0.03985995,0.060327083,0.003723245,-0.073886424,-0.06682726,-0.021203581,-0.06767884,-0.037216067,0.006176032,-0.033045188,-0.035006728,-0.025936216,0.011881059,-0.056522217,0.020656524,-0.056297127,0.030117575,-0.066112824,-0.042368643,0.03419614,0.10666038,-0.011280884,0.0342217,0.056815617,-0.017873665,-0.025642693,0.026108619,0.019497715,0.04902251,0.060568452,-0.06750992,-0.03448294,0.069337755,0.06012773,0.014652673,-0.0031113215,0.044245876,-0.03463568,0.012865655,0.03692609,-0.034664948,-0.019875275,-0.06619667,-0.04836191,0.09386007,-0.05558148,-0.07902399,0.029850375,-0.062904716,0.015391416,0.01090751,0.039693248,-0.07751277,-0.03654388,0.051000804,0.043269597,0.060897965,-0.07990743,0.041006982,0.08076225,-0.071684234,0.017241172,-0.024574758,-0.0124822315,0.050459974,0.0032693688,0.03379483,0.07281504,0.07010582,0.009391432,-0.041392475,0.04441071,-0.009141061,0.087990716,-0.02072859,-0.09963957,0.015964901,-0.09020069,0.053325936,0.022945434,0.04308635,-0.00998855,0.017346283,0.033359483,0.06746395,0.0024038441,0.048330918,0.032409795,-0.031293526,-0.07376444,0.09898753,-0.020847641,-0.045868658,-0.017094228,0.03029845,-0.08110228,0.018049411,0.022043927,0.013518458,0.04658743,-0.054506395,0.046313133,-0.045321435,0.02337119,0.0032910574,-0.030886676,-0.05603339,0.009134391,-0.044505674,-0.03638144,-0.020788208,-0.027071055,-0.07985084,-0.022200484,-0.069057435,-0.023567298,0.01067318,0.059017815,-0.059506137,-0.03669191,0.009390427
1,0.96099836,-1.0623012,0.9351949,0.31189406,-0.024363685,0.90939426,-0.52561444,0.27287173,-0.5929455,-0.25764745,0.12152022,0.5093614,-0.28843898,-0.7117813,0.44327492,0.23534499,0.49087906,0.5934402,0.39218435,-0.6109434,0.60363424,0.1511417,-0.72322446,0.367349,0.6659366,-0.40996343,0.53378767,-0.11122591,0.2089035,-0.25382268,0.24137594,-0.59351796,-0.4438349,0.45855182,-0.760863,0.19643413,0.66401166,-0.51718605,0.2219128,0.22334906,-0.9950847,-0.04458548,-0.35397348,-0.08058976,-0.028275747,0.30357876,-0.27364764,0.2933081,0.5569862,-0.49197733,-0.66284853,0.357211,-0.45030314,0.00011787191,-0.58656436,-0.040516436,0.2526919,-0.19378622,-0.69613415,-0.6932762,0.109098,0.5009958,0.09837948,0.71530443,0.23480447,-0.28008756,0.29168257,0.50744563,-0.2788124,0.09042595,0.028569883,0.7213746,-0.72461987,0.30895463,0.01663293,-0.17728318,-0.6352328,0.5840756,0.14057565,0.4516248,-0.8712789,0.59848696,-0.23768002,0.5688369,0.8092965,-0.3574264,0.44280776,0.2183411,-0.30986464,1.0186291,0.6741905,0.10916492,0.8165019,0.75136256,-0.3798259,-0.6898012,0.32254654,-0.47038695,-0.09292025,-0.24924727,0.39675203,0.48420334,-0.35635275,-0.33153343,-0.77204835,0.064367205,-0.22138284,1.4515849,-0.26623833,0.2117305,0.7537621,-0.43472525,-0.2227934,-0.20810223,0.15551323,0.16370474,-0.46835595,0.456578,-1.1094797,-0.6032408,0.18406644,-0.23124857,0.0634723,-0.9581783,-0.7203774,0.42477313,0.08711399,0.08633366,-0.27266312,0.5451588,0.27737728,0.36133826,0.4752527,0.22567548,0.13134013,0.58850443,-0.21373233,-0.5317044,0.34138036,0.3787605,0.5528875,0.09980397,-0.92676723,0.19946429,0.34075844,0.57392657,-0.041543745,-0.5596787,0.25507143,0.09334815,0.3859583,-0.7100887,0.29245728,0.63941735,0.12996835,-0.47589752,-0.72392637,0.21796674,0.010545399,0.9021338,0.32755864,-0.47135237,-0.51951796,-0.6704769,-0.8899576,0.47448388,-0.5708298,-0.072811216,-0.08353767,0.56525457,0.8773698,0.32812896,0.24297345,1.1008172,-0.11087826,0.5742758,-0.784477,-0.008094713,0.4750157,-0.11881639,0.034560625,-0.007358562,0.10322724,0.19610812,0.6034367,0.00093328394,-0.16340679,-0.28576735,0.33913738,-0.5197047,-0.74641633,-0.550469,0.2085146,-0.17132582,-0.33498836,0.17413083,-0.77586675,-0.49973434,-0.3776011,-0.40268406,0.7770107,-0.12002249,-0.5271014,-0.45456195,0.6039474,-0.2299852,-0.65216696,0.03849941,-0.06960545,0.034951642,0.5441494,-0.03487868,0.3077078,-0.8114017,-0.09922777,-0.110593446,0.14314033,-0.11431335,-0.65472126,-0.67298776,0.6228992,-0.39597374,1.1006092,0.5376848,0.4462859,-0.17924838,0.55105144,0.14308536,0.46232414,-0.78028214,-0.045761786,0.053652253,-0.10385242,1.3131993,-0.7926171,0.17678775,0.027123287,0.32106897,-0.112316474,0.097219996,0.29253125,0.35473907,0.3796647,-0.34722304,-0.33878723,-0.37818938,-0.4352992,0.32815966,0.05862822,0.27298677,0.44554174,0.5967898,-0.7811112,-0.32339737,0.1644978,-1.1179966
1,0.7134371,-0.7986665,0.7164816,0.23074077,-0.00015742704,0.7003581,-0.395686,0.20744361,-0.4385765,-0.1966415,0.08963962,0.39632663,-0.20789115,-0.5424518,0.3233837,0.16615744,0.37766317,0.43552184,0.3020015,-0.45596933,0.4511229,0.10834686,-0.5481041,0.26625362,0.5149865,-0.3035706,0.40394932,-0.08103874,0.15652983,-0.19973747,0.16884404,-0.43136734,-0.32374012,0.34248888,-0.5635801,0.1369275,0.52406216,-0.38538212,0.1520747,0.16387682,-0.7689525,-0.036875755,-0.25827575,-0.04325449,-0.01311798,0.21208826,-0.20878185,0.22717957,0.43670368,-0.38502732,-0.49822477,0.2601245,-0.3279737,-0.007510785,-0.47046593,-0.026959531,0.18281727,-0.13522543,-0.52031016,-0.52511835,0.066847876,0.3594825,0.08227395,0.5488722,0.1647488,-0.20282304,0.22134328,0.3744324,-0.20142311,0.056296732,0.027949093,0.53607863,-0.538332,0.23189382,0.010196462,-0.14411056,-0.45782426,0.45278707,0.08895864,0.33533752,-0.6720655,0.4367811,-0.18710843,0.42703125,0.6205559,-0.2772667,0.34059885,0.1532423,-0.21553838,0.7590764,0.504075,0.08078882,0.6250865,0.57240045,-0.27410132,-0.5244963,0.23520917,-0.33910164,-0.072651304,-0.17272237,0.30259666,0.380688,-0.27262455,-0.23838738,-0.6014815,0.04174104,-0.15423658,1.1110665,-0.2038874,0.16586895,0.5643917,-0.3323119,-0.16787957,-0.14021406,0.11225752,0.12364364,-0.34004235,0.34661633,-0.8486321,-0.4568581,0.12497706,-0.15898381,0.025992475,-0.7476711,-0.5510539,0.33032387,0.083079755,0.06713665,-0.21806242,0.42007825,0.20423971,0.27468044,0.3431319,0.16790171,0.07524623,0.44029376,-0.15156299,-0.40589765,0.24470809,0.27392578,0.41896638,0.060337353,-0.7141086,0.15198112,0.2536456,0.42789978,-0.036081426,-0.4254256,0.18273813,0.07827115,0.28502735,-0.53684944,0.20691025,0.48087108,0.10926079,-0.339563,-0.55604464,0.17609644,0.019908663,0.68462044,0.24735883,-0.35676402,-0.39373904,-0.50169826,-0.6669932,0.3466229,-0.4431912,-0.0393009,-0.052325428,0.4389694,0.6711005,0.26187247,0.17860432,0.84547347,-0.0761684,0.43232933,-0.60345054,-0.020786986,0.3520476,-0.0697341,0.011895712,-0.021041472,0.08418038,0.13536555,0.46348923,-3.4287572e-05,-0.11454687,-0.23636264,0.25383097,-0.3861863,-0.5596703,-0.40677363,0.14143865,-0.12113705,-0.23992527,0.11543909,-0.5867686,-0.39152604,-0.29019624,-0.2978408,0.59382766,-0.08605301,-0.38717157,-0.33181822,0.46422789,-0.18645588,-0.48720694,0.030576494,-0.034518115,0.024457848,0.39351317,-0.024763055,0.21748357,-0.6089316,-0.072897345,-0.075561084,0.10823606,-0.08376872,-0.49385133,-0.49993914,0.4749123,-0.2922746,0.8478974,0.4064465,0.32605174,-0.1174786,0.416183,0.10045791,0.3489341,-0.5904249,-0.05318279,0.04667747,-0.075415224,1.0049992,-0.59503347,0.12145887,0.03051693,0.23525825,-0.07877168,0.072729066,0.21604678,0.2582615,0.29423204,-0.27543247,-0.26784742,-0.29561797,-0.33835083,0.23368195,0.038546313,0.19601412,0.3373401,0.45643175,-0.58261734,-0.2613636,0.11836536,-0.85161394
0,-0.100588135,0.06779459,-0.008100249,-0.049970694,0.08536087,0.012032213,0.041709088,-0.020572737,0.08474013,0.010412228,-0.016684111,0.02338669,0.05810243,0.025348108,-0.09474932,-0.07179338,-0.000101475045,-0.080982484,-0.0030947793,0.053161453,-0.058727637,-0.035589088,0.039766,-0.08013676,0.026275843,0.040340073,-0.033366483,0.022780128,-0.015008401,-0.01502241,-0.077795416,0.106269024,0.068333015,-0.043363914,0.095279515,-0.07128699,0.070593216,0.06179629,-0.087684214,-0.034303766,-0.02543727,-0.02151348,0.05951406,0.08029282,0.031758465,-0.100644544,0.012302779,0.002260914,0.05759599,-0.020626085,0.0445465,-0.072556466,0.08670044,-0.03469861,-0.07529177,0.005007252,-0.057803854,0.058645476,0.07092429,0.017890437,-0.08438506,-0.11044195,0.012784876,0.0044789007,-0.07054836,0.070558675,-0.021540165,-0.07800971,0.069107465,-0.05699231,0.037515532,-0.08056377,0.077664055,-0.023642952,0.006260596,-0.0290559,0.120036185,-0.0006277226,-0.10213089,-0.042391114,-0.018664338,-0.112121515,-0.0016016103,-0.041933965,0.015543196,-0.012763094,-0.0053258417,-0.08476281,0.09398918,-0.09540896,-0.05840263,-0.024049258,0.005979454,-0.02134105,0.0743905,0.013046678,-0.045594007,0.103462696,0.0067170924,0.097207524,-0.010615079,0.045393363,0.01504012,0.07257575,-0.03762926,-0.044473667,0.073715135,-0.0041399244,3.33786e-06,0.028457168,-0.05245319,0.007733576,0.019586477,0.08891141,-0.035117995,-0.022285245,0.09214814,-0.0036155838,0.0026103863,0.0220308,-0.07940796,0.07473106,-0.10150512,-0.053269006,0.0128321005,0.008745529,0.07359004,-0.013391841,-0.026118467,0.009001801,-0.04132214,-0.028535407,-0.101024866,-0.032720163,-0.12256266,-0.047620386,0.06771026,0.013702249,-0.08101236,-0.06967512,-0.025015745,-0.068913415,-0.030092612,0.0030496465,-0.03498372,-0.037505914,-0.030896086,0.016015252,-0.064670175,0.009024102,-0.0658278,0.037076432,-0.06957527,-0.04694964,0.032106247,0.11006163,-0.004915961,0.029786386,0.055649612,-0.026656467,-0.031364597,0.032432105,0.028344862,0.053734433,0.07237864,-0.07556218,-0.033947717,0.066789284,0.06604688,0.00762311,-0.013218988,0.039056294,-0.04394248,-0.0011918359,0.038504213,-0.042341553,-0.011307819,-0.07559113,-0.053322643,0.10085479,-0.057298195,-0.08550247,0.03735592,-0.07203859,0.0109167695,0.014257802,0.0411263,-0.07111637,-0.045714416,0.05543562,0.05371254,0.0683341,-0.08278784,0.04640098,0.08637568,-0.07418923,0.025566563,-0.016487123,-0.011521864,0.056963667,-0.0032933075,0.035121832,0.08246273,0.0801255,-0.0002074868,-0.03488425,0.054584075,-0.014251631,0.093335964,-0.027501019,-0.10950974,0.020971503,-0.09923448,0.062359393,0.02840782,0.047564287,-0.015945708,0.016945384,0.039817553,0.07339458,-0.0033809263,0.056400623,0.024875954,-0.04224567,-0.08355071,0.10569661,-0.026073461,-0.047160394,-0.023960691,0.035465606,-0.08505727,0.01448237,0.023058131,0.0030609444,0.052895073,-0.06165493,0.0477646,-0.05444552,0.02074425,0.0043606367,-0.036673754,-0.056581117,0.0020213053,-0.04344656,-0.032035865,-0.012801714,-0.026414067,-0.088774264,-0.02564416,-0.078386925,-0.034681913,0.0049472903,0.064856455,-0.052789778,-0.042618345,0.015936773
1,0.5751336,-0.6422589,0.5924998,0.18487562,0.009631325,0.5679311,-0.31875744,0.16492666,-0.35414863,-0.15599549,0.07202645,0.32808977,-0.16201206,-0.4594683,0.26131985,0.13437608,0.30789614,0.3501098,0.2561631,-0.36443663,0.3592166,0.08215008,-0.45194805,0.20990205,0.42392159,-0.24613029,0.326352,-0.061285526,0.13130495,-0.16766764,0.12647812,-0.34580344,-0.2558427,0.2825247,-0.45779562,0.10376203,0.44121408,-0.3153037,0.110993944,0.1282057,-0.6411954,-0.031570017,-0.21150702,-0.024581444,-0.0025875755,0.16196969,-0.17693396,0.18876375,0.3644242,-0.32144985,-0.40287048,0.20007175,-0.26316372,-0.006444048,-0.39189798,-0.01893273,0.15075716,-0.10597633,-0.4190085,-0.42962813,0.04123832,0.28229842,0.07474439,0.44940603,0.1290978,-0.16654778,0.1805641,0.2981048,-0.1468831,0.04306606,0.026909428,0.4281798,-0.43432376,0.19543807,0.0052562356,-0.12797795,-0.36669907,0.374947,0.05895505,0.2659946,-0.5557361,0.3432876,-0.15823013,0.3470362,0.51021254,-0.23229396,0.27478898,0.1252896,-0.1687333,0.608259,0.40667397,0.06282334,0.5152294,0.47110534,-0.21159343,-0.43143728,0.19205214,-0.27126127,-0.059847713,-0.13535908,0.24640867,0.32045165,-0.22279741,-0.19544251,-0.4976784,0.025778685,-0.124026984,0.915756,-0.1760531,0.13308242,0.45718724,-0.27663139,-0.13557512,-0.10263972,0.08571117,0.106886566,-0.26989016,0.2846991,-0.6964673,-0.3755886,0.09479644,-0.12383278,0.01435747,-0.6209082,-0.45616707,0.2780343,0.07787442,0.056738235,-0.18834269,0.3429624,0.16542286,0.22919078,0.27572322,0.13000122,0.05017118,0.3512533,-0.11543106,-0.33353022,0.19640064,0.21626824,0.34976682,0.033775907,-0.5925708,0.12688124,0.20207833,0.34798273,-0.031345733,-0.35675,0.14624262,0.07271538,0.23070474,-0.44192284,0.161093,0.39518976,0.09484501,-0.26837477,-0.4524808,0.14979154,0.021539744,0.55859494,0.20639199,-0.29098988,-0.32633442,-0.4037003,-0.5456857,0.26438555,-0.37251702,-0.0297645,-0.039057754,0.36783156,0.55708766,0.21848544,0.14244753,0.7010014,-0.058300816,0.3546789,-0.49722296,-0.032595586,0.28372887,-0.043259315,-0.0018359348,-0.021523595,0.077138826,0.09857875,0.3871158,-0.0011386238,-0.074098624,-0.20111641,0.209063,-0.31406263,-0.44836983,-0.32432616,0.11103082,-0.087141514,-0.18558696,0.08202666,-0.4772233,-0.3305299,-0.24015592,-0.2360189,0.488008,-0.07031609,-0.30729666,-0.26394716,0.38597408,-0.15914127,-0.39446157,0.025870819,-0.016630404,0.019865507,0.3106122,-0.019865029,0.16127656,-0.49591693,-0.060430527,-0.054365985,0.0890729,-0.06972988,-0.4054171,-0.40180933,0.388602,-0.22975564,0.7080852,0.33691767,0.25804764,-0.09454463,0.33637753,0.079923585,0.277384,-0.48784235,-0.05482153,0.046409965,-0.06554212,0.8269851,-0.47856268,0.09241159,0.038086727,0.18262373,-0.062512085,0.0557653,0.17201567,0.20735511,0.24950242,-0.22957005,-0.22176452,-0.24388035,-0.2881076,0.17378375,0.024605978,0.1519261,0.2734621,0.37797537,-0.46877134,-0.22047503,0.098200716,-0.6969718
0,-0.122380525,0.087140135,-0.022784311,-0.06471724,0.09150081,-0.0033577234,0.05666807,-0.034399904,0.10297045,0.018073741,-0.020289574,0.008222671,0.06686005,0.0488473,-0.11499217,-0.07921764,-0.015118415,-0.09507127,-0.020143518,0.06251074,-0.07320479,-0.044365983,0.058344223,-0.09433167,0.015909802,0.046319664,-0.04743247,0.03218903,-0.019472329,-0.0049464554,-0.09003186,0.11843691,0.07548311,-0.052916057,0.11351384,-0.08002311,0.061572827,0.07737574,-0.09615568,-0.037437215,-0.006313294,-0.02523244,0.062103394,0.08574864,0.033214495,-0.116635785,0.025662553,-0.010499008,0.052029163,-0.0050134286,0.057450566,-0.09124929,0.10644582,-0.035364557,-0.054842062,-0.00029422157,-0.0666202,0.061643645,0.09626596,0.022384118,-0.09067142,-0.12300911,0.0040414967,-0.009645746,-0.07840424,0.08483123,-0.034576565,-0.09839177,0.08565715,-0.056138206,0.04506836,-0.095386274,0.09706347,-0.026122725,0.015735816,-0.023884892,0.13180259,-0.025687706,-0.1140621,-0.0479848,-0.006636219,-0.13244723,0.014302973,-0.05182797,0.008480329,-0.006567791,-0.01889674,-0.10043508,0.102945395,-0.109337434,-0.07614537,-0.029045716,-0.007188339,-0.04008019,0.083009794,0.023978114,-0.052754864,0.12011095,0.018335428,0.117493115,-0.017650984,0.041155647,0.028660597,0.08057651,-0.020610183,-0.05142081,0.08433903,-0.028780576,0.008955307,0.033280637,-0.061923325,0.017608043,0.031361356,0.100495115,-0.04321547,-0.031297497,0.10707782,-0.007393054,0.015545399,0.035102732,-0.0902624,0.077896476,-0.10732685,-0.03805226,0.030571904,-0.0063822493,0.07974724,-0.017885428,-0.00920089,-0.0023579383,-0.052336816,-0.050057203,-0.1173603,-0.040423155,-0.13261555,-0.060781464,0.077189505,0.0288644,-0.09301816,-0.07652827,-0.03424448,-0.070817426,-0.018981375,-0.0015412867,-0.04116018,-0.042411275,-0.039873634,0.026123086,-0.0765599,-0.009619415,-0.08120765,0.051567134,-0.074420735,-0.056608338,0.026090503,0.11822962,0.0051357374,0.020913348,0.056485813,-0.041384242,-0.04332739,0.04476399,0.04370077,0.065360285,0.09532835,-0.088912204,-0.0323238,0.06428399,0.0744297,-0.005675819,-0.030506156,0.031445533,-0.059376426,-0.024390552,0.04222498,-0.0582833,0.0013313163,-0.08987959,-0.062270842,0.11195382,-0.060755618,-0.09910469,0.04866787,-0.08554833,0.0021333704,0.020712795,0.041277416,-0.061704535,-0.06275847,0.064485565,0.069283165,0.0796643,-0.08950864,0.052816235,0.10018076,-0.07905756,0.038709156,-0.00035302714,-0.009796528,0.06909103,-0.013671907,0.039563645,0.100687504,0.09710047,-0.016354306,-0.02661853,0.07062694,-0.024754565,0.103701696,-0.039670706,-0.1273844,0.027330026,-0.11450572,0.08003187,0.03928074,0.055240337,-0.027780596,0.017969817,0.052388415,0.08453707,-0.01184224,0.068957254,0.010661591,-0.061385058,-0.100652054,0.12232027,-0.035623364,-0.05174298,-0.03641765,0.04488115,-0.0936106,0.008196481,0.025774544,-0.014532279,0.065303095,-0.07356809,0.04961064,-0.068713576,0.017210353,0.007366156,-0.046664946,-0.061911806,-0.011231352,-0.041002627,-0.025416147,0.00028001145,-0.023061354,-0.10273041,-0.029582642,-0.096692845,-0.054078124,-0.002582107,0.07731498,-0.042350013,-0.052209437,0.028096694
1,0.662541,-0.7409835,0.67087597,0.21198373,0.0032994896,0.65181005,-0.3664168,0.18973279,-0.40739554,-0.1811177,0.082404435,0.37029427,-0.1907678,-0.5104534,0.2984125,0.15400146,0.35067877,0.40398777,0.28347948,-0.42242354,0.4167375,0.097202405,-0.51192254,0.24420081,0.48197576,-0.28326586,0.3743737,-0.07221055,0.14777197,-0.18690039,0.15217514,-0.40080202,-0.2992376,0.32056183,-0.5242527,0.1235653,0.49430722,-0.35916528,0.13564035,0.15102477,-0.72215927,-0.035720766,-0.24185817,-0.037080344,-0.009112131,0.19189647,-0.19604142,0.21133116,0.41116187,-0.3602116,-0.46300644,0.23557782,-0.30287117,-0.0067346767,-0.43828604,-0.025900975,0.17100112,-0.124733,-0.48045903,-0.4916677,0.056101058,0.3310045,0.07739854,0.5118022,0.15117697,-0.18818966,0.20511696,0.34416166,-0.17908394,0.052365433,0.029079834,0.49648818,-0.49983516,0.21949305,0.010426961,-0.13825342,-0.425701,0.42082813,0.076484405,0.31059444,-0.6298632,0.40117514,-0.17419463,0.3973892,0.5815842,-0.2613477,0.31525838,0.14142463,-0.19865969,0.70454407,0.46715832,0.073450804,0.58560324,0.5347136,-0.25083917,-0.4912741,0.22039026,-0.3134796,-0.06607996,-0.15650842,0.28210843,0.35933378,-0.25288936,-0.22323853,-0.5618879,0.03401647,-0.14276087,1.0404763,-0.19329512,0.15532161,0.52600694,-0.3117657,-0.15492834,-0.1251429,0.10163572,0.11631067,-0.31312063,0.32531723,-0.7942621,-0.4270327,0.11247424,-0.14670773,0.021934979,-0.7004703,-0.5150748,0.30927262,0.082618885,0.062266678,-0.20474674,0.390854,0.18940905,0.25583082,0.31724417,0.153223,0.06580034,0.40725422,-0.13631627,-0.37842005,0.22620776,0.25351167,0.39415267,0.05050907,-0.6708079,0.14294651,0.234529,0.40079924,-0.036102973,-0.4008708,0.16827413,0.07223263,0.2635203,-0.5023924,0.1903475,0.4497769,0.10354626,-0.31410393,-0.5180468,0.16519278,0.020776566,0.63883096,0.2315652,-0.33140942,-0.36819315,-0.46587035,-0.62210757,0.31535524,-0.41906455,-0.03748295,-0.046381623,0.4115702,0.62891555,0.24476281,0.16289914,0.7914272,-0.069741346,0.4033524,-0.5646255,-0.028325416,0.32718492,-0.058013692,0.007089261,-0.023142178,0.08429671,0.11995281,0.4359669,0.0011084545,-0.09967934,-0.22231227,0.23580058,-0.35958695,-0.51770157,-0.3759628,0.13012457,-0.10776429,-0.2189531,0.10369477,-0.5471319,-0.36723125,-0.27363923,-0.27441207,0.55491585,-0.0802967,-0.3563682,-0.30621308,0.43485123,-0.17533076,-0.45267248,0.027120505,-0.026513778,0.02018535,0.3623428,-0.02147784,0.19478965,-0.5673465,-0.06627488,-0.06691786,0.09960921,-0.0794627,-0.46173295,-0.46351945,0.44359127,-0.26831335,0.79797,0.37946096,0.30001992,-0.107257195,0.38732213,0.09271327,0.3220922,-0.5536972,-0.055146143,0.045717046,-0.07239214,0.9410167,-0.5531476,0.10933612,0.034227736,0.21444789,-0.07425369,0.06788061,0.19863331,0.2403818,0.27690986,-0.25860405,-0.25066063,-0.27478814,-0.32103398,0.21005097,0.03294115,0.177223,0.31161454,0.42871755,-0.5417859,-0.24544749,0.10941834,-0.7963261
1,0.18372913,-0.2245343,0.24542966,0.05430124,0.047785453,0.23635045,-0.112109095,0.059498698,-0.10835843,-0.05939506,0.02078749,0.14893752,-0.035560995,-0.19196948,0.06988148,0.022579469,0.12774068,0.10160292,0.113364466,-0.119523704,0.11680125,0.01343062,-0.17495267,0.049433332,0.18500002,-0.07862973,0.12121841,-0.012910136,0.050331086,-0.082055695,0.011568073,-0.089288004,-0.06552841,0.09884617,-0.14545755,0.007669598,0.22063777,-0.10650881,-0.0015254095,0.03402587,-0.2834067,-0.020329222,-0.059796166,0.034836862,0.020124186,0.01639089,-0.07445715,0.08347227,0.17678262,-0.1496914,-0.14201322,0.044336475,-0.06951227,-0.016628567,-0.20567048,0.000978481,0.04036944,-0.012836117,-0.13969488,-0.16423258,-0.028047884,0.057675146,0.046729468,0.18546246,0.017527852,-0.042206947,0.06778842,0.086005315,-0.021860816,-0.011258738,0.02633069,0.13438238,-0.14054072,0.07410355,-0.0038968027,-0.07447874,-0.08739943,0.1647284,-0.024951406,0.08070184,-0.24061581,0.085635945,-0.07572854,0.12329512,0.21378969,-0.10652518,0.1107095,0.021232616,-0.020548485,0.19670022,0.13723588,0.016058225,0.21353412,0.1879913,-0.04460133,-0.17166214,0.058126807,-0.06212832,-0.025843665,-0.013867926,0.09682093,0.15728688,-0.08800417,-0.047813203,-0.22678168,-0.012938514,-0.018600412,0.3775468,-0.078468494,0.06272474,0.15893336,-0.114822894,-0.048579674,0.0048968233,0.016309611,0.042578697,-0.06670927,0.11241094,-0.28270626,-0.1461559,-0.0011455566,-0.010826688,-0.044702604,-0.2857111,-0.18742579,0.12799278,0.07174767,0.024172878,-0.10130401,0.14347121,0.049727626,0.09181594,0.06654538,0.036422126,-0.04003358,0.11665556,-0.015016023,-0.134198,0.043048643,0.04981403,0.13726766,-0.029765982,-0.25744522,0.05343282,0.06289998,0.11974385,-0.024347303,-0.14572315,0.03197678,0.045782447,0.068786785,-0.16735007,0.026848115,0.14402564,0.060435213,-0.05268403,-0.18592414,0.0831787,0.038191494,0.2143795,0.07999532,-0.10797309,-0.12696506,-0.13439676,-0.19209427,0.060796548,-0.17209136,0.021734122,0.011044549,0.16586883,0.22922093,0.11377948,0.03870908,0.29738787,-0.0032314174,0.12898503,-0.21178599,-0.054210894,0.08971802,0.03590742,-0.03561063,-0.045596786,0.04868328,0.0018708445,0.16670644,-0.00042407587,0.004044112,-0.12246064,0.0733981,-0.103223115,-0.15317412,-0.09622633,0.005313892,-0.007352032,-0.032654755,-0.00906818,-0.17996186,-0.15669434,-0.10355216,-0.06847574,0.19709621,-0.015867881,-0.08532767,-0.06936434,0.16559263,-0.088245615,-0.13423492,0.010962337,0.04115882,0.0015560444,0.072388224,-0.002163999,0.016552646,-0.17501166,-0.01734885,0.0016648211,0.032739967,-0.022355184,-0.15173288,-0.12686516,0.15486619,-0.0656688,0.3096565,0.12873502,0.06720118,0.0053307666,0.123474605,0.012182618,0.09743355,-0.18687141,-0.06683086,0.03535451,-0.019618258,0.34175473,-0.16662687,0.0063493773,0.04384495,0.047054075,-0.009852186,0.018402452,0.050718352,0.05534145,0.11356057,-0.11623822,-0.108360395,-0.11209188,-0.13495918,0.023053132,-0.006447751,0.027794573,0.099816866,0.15860811,-0.15563856,-0.12096299,0.024314046,-0.27569702
1,0.62968105,-0.70630956,0.64200455,0.20132181,0.005754698,0.6235385,-0.3490882,0.18115838,-0.3875667,-0.1733307,0.078980684,0.35528907,-0.17999962,-0.48899865,0.28277397,0.14639053,0.33570474,0.38375846,0.27187505,-0.40253094,0.39621884,0.09201612,-0.4891985,0.23100601,0.46157727,-0.26929295,0.3573355,-0.068376206,0.14123374,-0.18043365,0.14143021,-0.38032714,-0.28362507,0.3057029,-0.4991688,0.115269765,0.4770234,-0.34179845,0.12607953,0.14321625,-0.6932101,-0.03470251,-0.23055677,-0.032652687,-0.0059531443,0.17969969,-0.18718593,0.20173676,0.39557436,-0.34623337,-0.44131982,0.22198784,-0.28554037,-0.007773742,-0.4227912,-0.024357818,0.16271505,-0.1173016,-0.45669663,-0.47073466,0.05001897,0.3123168,0.07509526,0.4902079,0.1422274,-0.17842707,0.19564512,0.3260058,-0.1690248,0.048471432,0.029409671,0.47269168,-0.47523573,0.20907472,0.00927268,-0.13418455,-0.40256584,0.40234587,0.07015266,0.29574353,-0.6038829,0.3800549,-0.16803071,0.3803723,0.5571532,-0.25057045,0.3018868,0.13251069,-0.18688583,0.6710703,0.44353536,0.07004015,0.5602385,0.5112466,-0.23703222,-0.4700557,0.2083316,-0.29726535,-0.0627454,-0.1470531,0.2697753,0.34582454,-0.24272662,-0.21317548,-0.53977746,0.031417307,-0.13376987,0.99657685,-0.18426517,0.14996222,0.5015377,-0.29784286,-0.14765398,-0.11600919,0.09527437,0.11099391,-0.2957622,0.31132522,-0.75989,-0.40794963,0.10552446,-0.13771603,0.017413087,-0.67352676,-0.492743,0.29708886,0.081606984,0.058911417,-0.19705038,0.3747957,0.18027726,0.2438589,0.3000927,0.14605658,0.058453828,0.38637915,-0.12794977,-0.36182526,0.21291298,0.23958656,0.37836155,0.044988457,-0.64327365,0.13715988,0.22319447,0.3823727,-0.03483192,-0.38322788,0.15845263,0.069961436,0.25060314,-0.4801901,0.17859143,0.4285013,0.10043706,-0.29699087,-0.49720567,0.16007695,0.02085441,0.6114981,0.2197456,-0.31601962,-0.35189176,-0.4442807,-0.59327173,0.29708531,-0.40311727,-0.03415664,-0.043377466,0.39606166,0.6027986,0.2349126,0.1544004,0.75742394,-0.0648892,0.3852173,-0.5423765,-0.031372607,0.31113937,-0.052748524,0.003083907,-0.024114445,0.08256448,0.11133094,0.41774297,0.001341572,-0.09274719,-0.21558166,0.22345376,-0.3423805,-0.49220505,-0.35671434,0.1215394,-0.100995496,-0.20711836,0.095231995,-0.5225123,-0.3533121,-0.26308593,-0.26052472,0.53192556,-0.07613237,-0.3369451,-0.29081917,0.41560635,-0.1697249,-0.43097726,0.025334507,-0.020967267,0.017820178,0.34257084,-0.02001489,0.1824923,-0.541651,-0.062938415,-0.06178809,0.09372862,-0.076554306,-0.44023064,-0.4410088,0.4238964,-0.25434476,0.76476794,0.36176658,0.28352702,-0.09938491,0.369307,0.08655897,0.30695114,-0.53033006,-0.05583568,0.04414927,-0.07063156,0.900313,-0.52659863,0.10056831,0.035660997,0.20263532,-0.07050213,0.06473438,0.18851921,0.22790325,0.2655037,-0.24794365,-0.24109219,-0.26296416,-0.30792445,0.19766405,0.030184109,0.16639958,0.29729,0.4109002,-0.5161459,-0.23787437,0.104294345,-0.7619891
1,1.0931289,-1.2049563,1.0524637,0.35552028,-0.0366483,1.0243397,-0.596128,0.30882514,-0.6752054,-0.29136503,0.13864231,0.57061,-0.33086145,-0.7994209,0.50579154,0.27088237,0.55298936,0.6770909,0.43937558,-0.69474006,0.6861118,0.17427519,-0.8156389,0.4203064,0.7483085,-0.46626702,0.6038468,-0.12785093,0.23565474,-0.28292686,0.28061378,-0.6790768,-0.50879,0.5192854,-0.8644115,0.22738771,0.7401266,-0.5861794,0.2597561,0.25592697,-1.1160575,-0.04977894,-0.40388957,-0.10038729,-0.03691351,0.35165772,-0.3070767,0.32940176,0.62238395,-0.5503655,-0.7516466,0.41033304,-0.5144589,0.0028662719,-0.651614,-0.047812194,0.28822973,-0.22417791,-0.79052097,-0.78349173,0.13173643,0.5761077,0.10658878,0.80609745,0.27152306,-0.32035697,0.3296335,0.57868344,-0.32266515,0.10772109,0.030016901,0.82115936,-0.8236775,0.34908566,0.020825371,-0.19481142,-0.728807,0.6542625,0.16831627,0.5151662,-0.97845614,0.68521184,-0.26511332,0.6447009,0.9112589,-0.39992082,0.49978203,0.25047708,-0.35885656,1.1583376,0.76540023,0.12452945,0.9198115,0.84667075,-0.43698215,-0.77827376,0.36696258,-0.53989786,-0.104273334,-0.28880447,0.44777492,0.54045975,-0.40141648,-0.3794286,-0.8652898,0.0776812,-0.25531524,1.6352288,-0.29737532,0.23757316,0.8550981,-0.48868772,-0.25232074,-0.24396321,0.17865309,0.18364312,-0.53598833,0.51499945,-1.2501031,-0.6809858,0.21543023,-0.2688184,0.082070805,-1.0729569,-0.8101712,0.47493094,0.09019749,0.09643015,-0.30112556,0.6135874,0.31590295,0.40697664,0.54440176,0.25832057,0.15944956,0.6687752,-0.24702129,-0.5993686,0.39182413,0.4349383,0.6232929,0.12193403,-1.0412124,0.22455046,0.3880629,0.65124565,-0.044421487,-0.6297466,0.29267865,0.10039123,0.43907666,-0.8018458,0.33737037,0.7235625,0.14145443,-0.5477407,-0.81566447,0.24035957,0.0060117505,1.0193698,0.36908913,-0.53270555,-0.5855325,-0.7616838,-1.0087653,0.54490423,-0.6386648,-0.088406816,-0.09880892,0.6328707,0.98706555,0.36405772,0.27720323,1.2364397,-0.12897137,0.6499925,-0.8820705,-0.0006660372,0.53996694,-0.14446913,0.046542455,-0.0009605661,0.112908915,0.22934943,0.6779546,0.0021912288,-0.1925782,-0.31402144,0.38291734,-0.58913076,-0.84723055,-0.62755483,0.24282366,-0.19936036,-0.38594922,0.20492783,-0.8778589,-0.5574699,-0.42470005,-0.45877513,0.87575406,-0.1379781,-0.60225016,-0.52015316,0.67881906,-0.2540783,-0.7401242,0.04309182,-0.08792824,0.03945324,0.62434316,-0.040342756,0.35623407,-0.91934747,-0.1126536,-0.1297428,0.1612645,-0.12991814,-0.73988175,-0.76543254,0.703255,-0.45182487,1.2345555,0.6067536,0.5098587,-0.20979056,0.6238632,0.16498971,0.5245988,-0.881703,-0.04296904,0.0563843,-0.11846562,1.4791421,-0.8993757,0.20525287,0.02473493,0.36724392,-0.13022563,0.11117184,0.33347633,0.40573183,0.42466518,-0.38672644,-0.3785273,-0.4228613,-0.48611656,0.37918228,0.06994809,0.3141426,0.50403476,0.6713439,-0.8882002,-0.3581132,0.1877617,-1.261375
1,1.4913303,-1.6415544,1.4067345,0.48633784,-0.071548745,1.38216,-0.8114483,0.42236406,-0.9220311,-0.39943993,0.18989691,0.7594533,-0.4603696,-1.0565326,0.6927782,0.37484103,0.74419457,0.92718756,0.5787644,-0.95146644,0.9394754,0.24472538,-1.0942466,0.581058,1.0008532,-0.63497376,0.8186577,-0.17987877,0.31478754,-0.3720389,0.39869213,-0.93478817,-0.70395476,0.70128286,-1.1764761,0.32152456,0.9733868,-0.79272664,0.3747257,0.3548739,-1.4833299,-0.064371854,-0.5505678,-0.15864193,-0.06336808,0.49720505,-0.40502375,0.43811062,0.82281446,-0.728783,-1.0209366,0.57419187,-0.7053009,0.0076527707,-0.8574577,-0.070144095,0.39294502,-0.31398103,-1.0776405,-1.0568427,0.20286617,0.80181605,0.13069573,1.0824753,0.38034034,-0.43596005,0.4446529,0.7948293,-0.46175435,0.15542176,0.03228317,1.1249515,-1.1243764,0.46379554,0.034048587,-0.24615008,-1.0049989,0.8711978,0.2530745,0.7098294,-1.3059429,0.9500722,-0.3479243,0.8746687,1.2214924,-0.528309,0.67626256,0.34371868,-0.50398237,1.5848675,1.041589,0.17265703,1.232362,1.1368015,-0.61229265,-1.0457256,0.49811724,-0.74534637,-0.13872577,-0.40537912,0.60473216,0.71202934,-0.54041517,-0.5199433,-1.1516266,0.11959097,-0.3523681,2.1913307,-0.387383,0.32204688,1.1619537,-0.6512707,-0.3436704,-0.35092458,0.25020075,0.24128392,-0.74022853,0.69217527,-1.6798044,-0.9160201,0.30783537,-0.37914598,0.13070124,-1.4246346,-1.0832484,0.6250113,0.10024881,0.12459479,-0.38661557,0.8248194,0.43136817,0.54123485,0.74836266,0.35937706,0.24089558,0.91472924,-0.34833753,-0.80558443,0.5401241,0.6035835,0.83260113,0.19067712,-1.388046,0.29913905,0.53268063,0.88529766,-0.054789804,-0.83718,0.4030971,0.11923363,0.599422,-1.0791031,0.4724999,0.9754956,0.17799342,-0.7614864,-1.0993806,0.31061202,-0.0046719946,1.3760031,0.49285862,-0.719063,-0.7836166,-1.0396426,-1.3652453,0.76368934,-0.8433508,-0.13064252,-0.1436706,0.8365155,1.3174249,0.47640225,0.38119397,1.6486552,-0.18285874,0.87735486,-1.1805282,0.02393286,0.7364463,-0.22212161,0.08324915,0.013923578,0.13956134,0.33089963,0.90193945,0.006915087,-0.28812045,-0.40370438,0.5143806,-0.79916096,-1.1559827,-0.8612737,0.34106457,-0.28824294,-0.5418023,0.29961297,-1.1884342,-0.73319227,-0.5681163,-0.63144684,1.1767373,-0.18899271,-0.8293053,-0.7181776,0.9043158,-0.32765648,-1.0068212,0.056258824,-0.14166054,0.052831158,0.86496985,-0.055540986,0.5080375,-1.2457772,-0.1513662,-0.18890005,0.21718855,-0.17536439,-0.9965384,-1.0451875,0.9453564,-0.6240671,1.6398633,0.8124009,0.7031678,-0.29426873,0.84659237,0.22898346,0.7191512,-1.1853186,-0.03590768,0.062127072,-0.15943515,1.9829465,-1.2248204,0.2896834,0.013756037,0.5103231,-0.1825646,0.15523446,0.45874727,0.5582767,0.5594059,-0.5087825,-0.502427,-0.5613265,-0.6369582,0.5397506,0.10580693,0.43917203,0.68409973,0.898169,-1.2121991,-0.46719855,0.25465423,-1.6993204
1,0.6051082,-0.6809727,0.620729,0.19243814,0.008268226,0.60396683,-0.336632,0.17454992,-0.37195992,-0.1675401,0.07554132,0.34430963,-0.17171487,-0.47120708,0.2702084,0.13925035,0.32453114,0.36821645,0.2618735,-0.38727826,0.38142937,0.08645848,-0.47187316,0.22075255,0.4470882,-0.25901148,0.34460452,-0.06506863,0.13636708,-0.17484397,0.1336324,-0.36470345,-0.27176803,0.293788,-0.4797011,0.10939132,0.46377784,-0.32896408,0.118888356,0.13777065,-0.6713245,-0.034357756,-0.22118978,-0.028957937,-0.0048198737,0.17032573,-0.18033385,0.19483107,0.3844147,-0.33536246,-0.42532018,0.21182942,-0.27324134,-0.008703563,-0.4116853,-0.023336597,0.15581262,-0.111177936,-0.43903244,-0.45488045,0.04559378,0.2985777,0.072564706,0.4741642,0.13517688,-0.17028892,0.18833101,0.31263706,-0.16114533,0.04480407,0.02977042,0.45479545,-0.45686778,0.20131172,0.009396791,-0.13098228,-0.38507995,0.38865638,0.06491921,0.28458714,-0.5848903,0.36402053,-0.16235021,0.36641905,0.53889596,-0.24292785,0.29218385,0.12560174,-0.17768684,0.6461192,0.4262179,0.066956595,0.541567,0.4935544,-0.22651897,-0.45413342,0.1997008,-0.2837939,-0.06051352,-0.13855177,0.26114562,0.33621415,-0.23427607,-0.20405388,-0.5229577,0.02892096,-0.12715212,0.9637839,-0.17804159,0.14650676,0.4833649,-0.28789017,-0.14222968,-0.10868791,0.091051675,0.106929235,-0.2828701,0.30062616,-0.7352192,-0.39367265,0.09944353,-0.13114925,0.013327524,-0.65315527,-0.47599685,0.28754917,0.08156081,0.056535635,-0.19074936,0.36237052,0.1727706,0.23440571,0.28641808,0.14022277,0.052870184,0.37203842,-0.12155361,-0.34919843,0.20290697,0.22907773,0.36494526,0.04156405,-0.622452,0.13273649,0.2146993,0.36863592,-0.034962393,-0.36972618,0.1507389,0.06733586,0.24096914,-0.46285546,0.17048612,0.4128445,0.09843515,-0.28341147,-0.48135614,0.15585372,0.02232283,0.5907758,0.21168694,-0.3048616,-0.33977634,-0.4274165,-0.5708489,0.28484476,-0.39107218,-0.031018134,-0.040356427,0.38330993,0.58261305,0.2284768,0.14764977,0.73217446,-0.061463386,0.3710985,-0.5247169,-0.033509374,0.298843,-0.0477221,0.0011192858,-0.026149813,0.0814314,0.1052998,0.40407673,0.0016468298,-0.08858257,-0.21098487,0.21459761,-0.32945684,-0.4738908,-0.34273094,0.11403093,-0.096018255,-0.19738135,0.08923003,-0.5042717,-0.34239736,-0.25542057,-0.25007644,0.5139257,-0.072908275,-0.32297447,-0.27836967,0.40244937,-0.1652282,-0.41467988,0.024398685,-0.016796626,0.016070409,0.3271172,-0.018575586,0.17337999,-0.52199847,-0.059753343,-0.058459274,0.09002496,-0.07372472,-0.42473492,-0.42409116,0.40948436,-0.24398649,0.74037826,0.34816745,0.27146012,-0.09211108,0.3565735,0.08254686,0.2959463,-0.51192236,-0.05727741,0.04312372,-0.067753576,0.8705404,-0.5077043,0.094654486,0.035878062,0.19421291,-0.06756599,0.06293457,0.18110785,0.2183792,0.25732324,-0.24154462,-0.23455115,-0.25466487,-0.29840538,0.18846211,0.028075937,0.15803166,0.2862312,0.39770514,-0.49669778,-0.23195365,0.098833404,-0.7366047
1,-0.0949741,0.06274578,-0.0031782351,-0.04506273,0.08302986,0.016633403,0.036641434,-0.017145107,0.07830404,0.008363627,-0.014961021,0.027869387,0.054499593,0.015817966,-0.087663785,-0.06911566,0.0043631326,-0.07630096,0.0028262492,0.049838614,-0.054541674,-0.032793436,0.033626378,-0.075200275,0.029068828,0.03950087,-0.028247286,0.020496845,-0.013322735,-0.018478157,-0.072434485,0.10240224,0.06631527,-0.040949747,0.08982471,-0.068555966,0.0726036,0.05613735,-0.08318621,-0.03342863,-0.030423846,-0.021060547,0.05829968,0.0783896,0.030570865,-0.09437355,0.0076229163,0.0074919593,0.05908284,-0.024637315,0.040838704,-0.06592421,0.079539925,-0.034051448,-0.08015362,0.007140225,-0.054389797,0.05691428,0.062093157,0.01696183,-0.08210236,-0.106557205,0.01620068,0.008540674,-0.06774046,0.06462961,-0.016789328,-0.07126683,0.063986555,-0.057370517,0.03371854,-0.0768094,0.07131991,-0.022275211,0.0027953014,-0.031103067,0.115859956,0.00900591,-0.09853176,-0.04174378,-0.021139573,-0.10471274,-0.0072664283,-0.03900729,0.016871136,-0.015215937,-0.0011887699,-0.07816021,0.09035176,-0.09255986,-0.053345844,-0.022509834,0.009102727,-0.015615705,0.07157229,0.008995516,-0.041470524,0.09815025,0.0027808128,0.08945948,-0.008368982,0.046948582,0.011118298,0.070263386,-0.042676643,-0.042357586,0.06932527,0.002703985,-0.0035318658,0.02613445,-0.048655596,0.0043408526,0.0153632965,0.0849549,-0.03340734,-0.018986719,0.086355776,-0.0029682019,0.0007190583,0.017399304,-0.07585017,0.07402165,-0.098592915,-0.057858422,0.007453841,0.014379613,0.07117941,-0.011171948,-0.032840103,0.010637429,-0.0367522,-0.020855885,-0.09483421,-0.03122106,-0.11873785,-0.04353035,0.06317303,0.007955814,-0.07635394,-0.066988766,-0.022881396,-0.06907517,-0.033628084,0.004808959,-0.034161597,-0.037005838,-0.028347567,0.012799187,-0.058935978,0.016156163,-0.060782015,0.032543745,-0.067415774,-0.042594474,0.034040146,0.107870154,-0.007285579,0.031461418,0.05496266,-0.022834595,-0.026301786,0.028292377,0.023525752,0.051400255,0.06456014,-0.071283825,-0.03342675,0.067420855,0.062138967,0.011448998,-0.0080978535,0.041668832,-0.038780782,0.0072520487,0.03788537,-0.038048908,-0.014908219,-0.07037974,-0.050347783,0.097545505,-0.056595445,-0.08077744,0.03283789,-0.06750326,0.0131445145,0.0122682545,0.04214429,-0.07336847,-0.039205763,0.052992668,0.04858741,0.06442572,-0.080133125,0.044227496,0.082935646,-0.07217632,0.021522697,-0.020844132,-0.011175522,0.052846674,-0.0007834649,0.033039846,0.07641001,0.07452634,0.004641232,-0.038548533,0.04905141,-0.010999091,0.08931497,-0.02285953,-0.10349199,0.017244339,-0.09362232,0.057569645,0.02472705,0.04555924,-0.012280494,0.016934082,0.035472035,0.07006988,-0.00062569696,0.051664624,0.028965533,-0.03403279,-0.07763773,0.09889811,-0.02339166,-0.045506507,-0.020871859,0.03222554,-0.08182646,0.017287409,0.022455713,0.008983089,0.0499482,-0.056925405,0.046925403,-0.049025737,0.022771977,0.0025193319,-0.033639476,-0.05576141,0.0065778606,-0.04369236,-0.033889983,-0.017285097,-0.02687612,-0.08399675,-0.024501216,-0.07237433,-0.028115736,0.0067144237,0.061559524,-0.054923445,-0.037728686,0.013125956
1,1.1167636,-1.2321436,1.0737106,0.36316854,-0.03848617,1.0475339,-0.6094115,0.31668198,-0.6899359,-0.2991179,0.14163354,0.5825279,-0.33881545,-0.8137057,0.51697946,0.27685118,0.5649471,0.69167924,0.44761008,-0.7109206,0.70193195,0.17856598,-0.8322999,0.43007296,0.7639693,-0.47608086,0.61739016,-0.13123584,0.24021491,-0.2886638,0.28767693,-0.6941266,-0.52034473,0.5303045,-0.88312054,0.23308925,0.7547514,-0.5983061,0.26682234,0.26213917,-1.1384999,-0.050379276,-0.41237262,-0.1037671,-0.038296532,0.36056027,-0.3124718,0.33588958,0.6346907,-0.5616192,-0.767835,0.4206564,-0.52536094,0.0027746148,-0.66549236,-0.04909513,0.2945513,-0.22934233,-0.8080958,-0.80019975,0.13663813,0.58935446,0.10812767,0.8229372,0.27786115,-0.32651117,0.3366678,0.5919157,-0.33223647,0.1099359,0.029679393,0.83968425,-0.8420926,0.3547174,0.02153045,-0.19773673,-0.7443212,0.6682613,0.17369676,0.52727157,-0.99863833,0.7017465,-0.27019095,0.65894175,0.9301724,-0.40747327,0.5110971,0.25568298,-0.36721134,1.1849009,0.78185475,0.12785481,0.9386534,0.8646168,-0.44807982,-0.7943777,0.37423608,-0.5516752,-0.106339954,-0.29585958,0.4576896,0.5509714,-0.41055897,-0.3874652,-0.88329023,0.08053656,-0.26028308,1.668959,-0.3020316,0.24369569,0.87356114,-0.4984947,-0.25824207,-0.25018993,0.18318868,0.18698524,-0.5484724,0.5257552,-1.2767279,-0.69521546,0.22070768,-0.27490494,0.08389393,-1.094825,-0.8269733,0.48384124,0.09066822,0.097710624,-0.30617252,0.6271457,0.32272843,0.41471004,0.55575824,0.2646976,0.16388948,0.68394077,-0.25327218,-0.6122531,0.40011007,0.44479203,0.63555485,0.12617826,-1.0622951,0.22882745,0.39705068,0.66542083,-0.045065902,-0.6417129,0.2988712,0.101028256,0.448847,-0.81863636,0.34523943,0.73846084,0.14388916,-0.56026983,-0.83386403,0.24502224,0.005689498,1.0413038,0.37630817,-0.5438695,-0.59727067,-0.7789093,-1.0299579,0.55889744,-0.6508707,-0.0902271,-0.10151268,0.64524645,1.0067734,0.3712035,0.28362945,1.2616477,-0.13194986,0.66354924,-0.9009362,0.0010365695,0.55184054,-0.14930663,0.0487235,-0.00045175105,0.114023,0.23556533,0.6914341,0.0027829763,-0.19939172,-0.32006693,0.39059296,-0.6019514,-0.86645997,-0.64183474,0.24784133,-0.20559433,-0.39572772,0.21082214,-0.8970825,-0.56860024,-0.43343934,-0.46968392,0.89444196,-0.14061533,-0.6158973,-0.53222966,0.6922145,-0.25847775,-0.7563647,0.043777533,-0.09085295,0.040208876,0.6386088,-0.041126497,0.36625475,-0.9392211,-0.11488432,-0.13350555,0.16479988,-0.1325931,-0.7551284,-0.78230464,0.7175241,-0.46278694,1.2590007,0.6187659,0.5216666,-0.21378548,0.6376153,0.16850646,0.5372731,-0.8997961,-0.042814054,0.056380734,-0.120477885,1.5097847,-0.91933805,0.20983176,0.023594156,0.3763887,-0.13308388,0.114078045,0.34132197,0.41468146,0.4326854,-0.39430022,-0.3867267,-0.43168762,-0.494691,0.38997528,0.07236783,0.32191494,0.515661,0.6851238,-0.90766954,-0.3653955,0.19149189,-1.2885354
1,0.6173306,-0.69370544,0.63139564,0.19679831,0.0070251077,0.6136973,-0.34287724,0.17794886,-0.379669,-0.17049247,0.07717933,0.34991497,-0.17572445,-0.47974607,0.2764004,0.14269112,0.33009687,0.37611395,0.26667145,-0.39493585,0.3886881,0.08904063,-0.4806618,0.22574814,0.45440412,-0.26423678,0.35078236,-0.066882364,0.13880488,-0.17752557,0.13745604,-0.37265927,-0.2777003,0.29958767,-0.4895147,0.11236279,0.47054493,-0.33528444,0.12230355,0.14052272,-0.6823405,-0.034633785,-0.22582982,-0.030661825,-0.0054880194,0.17496929,-0.18345135,0.19798054,0.39002404,-0.34059474,-0.43330672,0.21674496,-0.279139,-0.008173406,-0.41731992,-0.02394978,0.15913647,-0.11414507,-0.44777524,-0.4628926,0.04766084,0.3054691,0.07375185,0.48219854,0.13861048,-0.17400002,0.19191158,0.31928426,-0.16514286,0.04659149,0.029624252,0.46375588,-0.4659454,0.20500165,0.009340331,-0.13253558,-0.39361188,0.39547035,0.06759285,0.29031765,-0.59442353,0.3719586,-0.1651017,0.37333438,0.5481769,-0.24664354,0.297245,0.12891635,-0.18222257,0.65859663,0.43498942,0.068605706,0.5510274,0.50234205,-0.23148675,-0.46202198,0.20398484,-0.2902403,-0.06158674,-0.14259925,0.2654896,0.34108123,-0.23844664,-0.20850602,-0.5312765,0.030230727,-0.13023107,0.98031133,-0.18097562,0.14838706,0.49250558,-0.2927156,-0.14496352,-0.112254426,0.093077146,0.108764924,-0.28916338,0.30590996,-0.7476471,-0.40072155,0.10247693,-0.13432054,0.015414052,-0.6634067,-0.48447442,0.2922889,0.08148924,0.05760827,-0.19370349,0.3686803,0.17652142,0.23902915,0.29321867,0.14330423,0.055500224,0.37932384,-0.124768235,-0.35539934,0.20788115,0.23430103,0.37153146,0.043299276,-0.63295543,0.13493156,0.21882875,0.37553248,-0.03496488,-0.37648994,0.15448704,0.06860364,0.24586351,-0.47149277,0.17460248,0.42048445,0.09935428,-0.29004464,-0.48934367,0.1580626,0.021482404,0.60128015,0.21555701,-0.31045192,-0.3456937,-0.43578482,-0.5820074,0.2908954,-0.39718923,-0.032692615,-0.041872554,0.38984403,0.59275025,0.23168358,0.15090302,0.74475795,-0.06323465,0.37822995,-0.53381366,-0.032566845,0.30496752,-0.05032751,0.0019924603,-0.02509033,0.082034916,0.10818556,0.41093013,0.0015624966,-0.09077134,-0.21338741,0.2190644,-0.33582535,-0.48301896,-0.3496018,0.11771986,-0.098477334,-0.20230132,0.09210372,-0.5134489,-0.34770232,-0.2592639,-0.25532487,0.5229448,-0.074369945,-0.32990763,-0.28456923,0.4089225,-0.16749808,-0.42283672,0.024827607,-0.018726923,0.01676975,0.33472413,-0.019314714,0.17783135,-0.53179383,-0.061380453,-0.06008718,0.09194805,-0.07511017,-0.43242845,-0.43246412,0.41656548,-0.24922442,0.7526599,0.35486105,0.2774399,-0.095703,0.36306375,0.084407195,0.30142233,-0.5211117,-0.056733355,0.043585066,-0.06938454,0.8854177,-0.51725143,0.097368166,0.035752423,0.19835207,-0.06908196,0.06399687,0.18484914,0.22302896,0.26124117,-0.24476476,-0.23790745,-0.25872883,-0.30327103,0.1928544,0.028978173,0.16225119,0.2915879,0.40432653,-0.5063559,-0.23502815,0.10160127,-0.749431
1,0.19095266,-0.23349732,0.25202003,0.058404483,0.04724363,0.24529755,-0.11779381,0.06313419,-0.112069726,-0.061896503,0.023039138,0.15349674,-0.038097076,-0.19487767,0.07329833,0.023180768,0.1329182,0.10620465,0.11470278,-0.123769715,0.12262276,0.014989944,-0.17975253,0.05277859,0.19049145,-0.08135681,0.12587234,-0.015237466,0.050349645,-0.08321455,0.013321638,-0.09325262,-0.06885646,0.10073387,-0.15078129,0.009197891,0.22562331,-0.108998656,0.0016848445,0.034991562,-0.28978017,-0.020070288,-0.06039725,0.034528136,0.020183016,0.018341646,-0.075144514,0.08506183,0.18040344,-0.15404013,-0.14766197,0.04984381,-0.07182629,-0.019045278,-0.21369833,0.00073609874,0.040778343,-0.014455829,-0.14577438,-0.16784127,-0.025961608,0.0616296,0.048075296,0.19282247,0.01891366,-0.043904617,0.07075092,0.09102467,-0.027323,-0.010764805,0.026783573,0.1416098,-0.1458425,0.07475695,-0.004718028,-0.07508081,-0.08976627,0.16978084,-0.023432538,0.08435543,-0.24822426,0.091682985,-0.080123454,0.12829503,0.21910323,-0.10837869,0.11500566,0.021282393,-0.02132976,0.20524508,0.14313999,0.018420901,0.2191786,0.19344988,-0.04766787,-0.17573191,0.05762663,-0.06569334,-0.028053395,-0.013487883,0.09898705,0.16098957,-0.09058366,-0.049211215,-0.23329578,-0.011247855,-0.018242791,0.3873352,-0.07803157,0.06415744,0.16339794,-0.11612438,-0.049533527,0.0032762066,0.018003553,0.042556755,-0.069352396,0.115367234,-0.2913182,-0.15033981,0.00091283023,-0.01176608,-0.04455566,-0.29405844,-0.19215237,0.13039376,0.07137156,0.024707427,-0.103166714,0.14906111,0.052064978,0.09319618,0.0696608,0.040769465,-0.03978554,0.12224658,-0.01781283,-0.1373048,0.044494323,0.053245686,0.14005432,-0.02729756,-0.26381248,0.054377276,0.06718689,0.12204055,-0.024239479,-0.14721915,0.03374669,0.04895059,0.07196754,-0.17174774,0.028634943,0.14773163,0.06135136,-0.054995775,-0.19291134,0.08515418,0.037793133,0.22143622,0.08110744,-0.11205078,-0.13016401,-0.14105453,-0.19876498,0.066389605,-0.17542873,0.022704747,0.010157134,0.17033224,0.23667511,0.11611615,0.041923977,0.30425048,-0.0045155063,0.13382286,-0.217334,-0.051726177,0.09192723,0.03373282,-0.035632133,-0.04464147,0.048066214,0.005022276,0.16962194,-0.0014639292,0.00045482814,-0.1258166,0.07549788,-0.105448365,-0.1588722,-0.10009173,0.006362155,-0.008432552,-0.036055647,-0.0073385984,-0.18444145,-0.1609824,-0.106157854,-0.072926275,0.20354787,-0.014981184,-0.089030474,-0.07274273,0.17027046,-0.09125391,-0.13842893,0.012594022,0.040172517,0.0006529093,0.07638284,-0.0034916701,0.020480786,-0.18079542,-0.017792912,0.00020458549,0.034405425,-0.021574687,-0.15550554,-0.13178128,0.15873213,-0.06892389,0.315938,0.13124143,0.070583716,0.0045046424,0.12677525,0.011607604,0.102815256,-0.19157141,-0.066222794,0.03477349,-0.021080263,0.34950072,-0.17315607,0.0073463395,0.04298345,0.04976642,-0.010386258,0.01976003,0.053623907,0.057735022,0.11550001,-0.1189341,-0.11161284,-0.116403826,-0.1377011,0.027084418,-0.0062253587,0.030778635,0.10429849,0.16292143,-0.16277842,-0.12496719,0.02554239,-0.28411028
1,1.0702491,-1.1801507,1.0322239,0.34792453,-0.034641843,1.0040655,-0.58378875,0.30250588,-0.66110796,-0.28535426,0.13568068,0.55991966,-0.32348496,-0.78450006,0.49498415,0.26487488,0.5421629,0.6627879,0.4314014,-0.6801455,0.6717752,0.1702618,-0.7996313,0.41110405,0.7340339,-0.4565237,0.59161973,-0.12488325,0.23112273,-0.27790886,0.2738735,-0.66441965,-0.49755788,0.50874996,-0.84638184,0.22197136,0.7268157,-0.5743938,0.25326928,0.2502463,-1.0951169,-0.048912168,-0.39554593,-0.09709594,-0.035335246,0.3432841,-0.3014012,0.32309213,0.61101955,-0.54018104,-0.73621655,0.4010016,-0.50352436,0.0025710426,-0.63994175,-0.046626113,0.28224868,-0.21902253,-0.774142,-0.76801825,0.12773708,0.56310624,0.10514675,0.79038954,0.26530796,-0.3135911,0.32301787,0.5663881,-0.31493878,0.104945585,0.029730728,0.803843,-0.8065567,0.34237787,0.02004698,-0.19189851,-0.71285737,0.64201695,0.16352293,0.5041248,-0.95984375,0.67014074,-0.26042876,0.6316933,0.89346945,-0.39251468,0.48974383,0.245093,-0.35046464,1.1340703,0.74948233,0.12194893,0.90202,0.83025384,-0.42704177,-0.7630241,0.35946342,-0.52803516,-0.102281906,-0.28221124,0.43895918,0.53064835,-0.3935642,-0.37127474,-0.84896183,0.07531203,-0.24971098,1.6035117,-0.29212794,0.2328706,0.8374954,-0.4794297,-0.24716066,-0.23784074,0.17459738,0.18022588,-0.52427655,0.5049755,-1.2256117,-0.6675455,0.21009752,-0.262406,0.07911638,-1.0529522,-0.79463565,0.46632966,0.089596346,0.09477637,-0.2962368,0.60159546,0.3092472,0.3992787,0.53257966,0.25252998,0.15470417,0.6548002,-0.24132207,-0.5876676,0.3832447,0.425148,0.6111862,0.118009925,-1.0214106,0.22034988,0.3798325,0.63789946,-0.043845437,-0.6178265,0.28634325,0.09921654,0.42993802,-0.7859326,0.32960337,0.7091819,0.13942416,-0.53543854,-0.79953164,0.23642859,0.0065837465,0.9991451,0.36200413,-0.52197933,-0.57418084,-0.7458296,-0.9883388,0.5325064,-0.62687874,-0.08593553,-0.09612637,0.6211974,0.9681834,0.35763407,0.27120885,1.2129244,-0.12579827,0.63694376,-0.8651911,-0.0020352006,0.52881473,-0.14009102,0.044437986,-0.0019293502,0.11138022,0.2235302,0.66522616,0.001959728,-0.18726003,-0.30900493,0.3753605,-0.5771781,-0.8296689,-0.6142265,0.23705232,-0.1943812,-0.3771077,0.19957772,-0.86019456,-0.54740244,-0.41652653,-0.44895783,0.85867137,-0.13501294,-0.58923256,-0.50888014,0.66572404,-0.24996153,-0.7248666,0.042293407,-0.08472874,0.038674794,0.61057806,-0.03936983,0.34761274,-0.90059286,-0.11039488,-0.12627989,0.15806206,-0.12731917,-0.72515106,-0.7494502,0.6894229,-0.44214255,1.2114351,0.5949131,0.49878293,-0.20474984,0.6111217,0.1612408,0.5135903,-0.8643547,-0.043404914,0.05610424,-0.116061956,1.4503856,-0.8808987,0.20036618,0.025298044,0.35922238,-0.12722948,0.1087921,0.32633513,0.39689296,0.41688064,-0.37982053,-0.3715845,-0.41491687,-0.47734678,0.370268,0.06793828,0.3069374,0.4937884,0.6584145,-0.86968344,-0.35201067,0.18391478,-1.2363868
1,0.80642015,-0.89802206,0.7984479,0.26172316,-0.009237494,0.7797672,-0.445196,0.23213425,-0.49598867,-0.22018808,0.10162069,0.43907362,-0.23835342,-0.6046811,0.3685458,0.19060041,0.42099693,0.494811,0.33569312,-0.5138139,0.5087043,0.124450125,-0.6140641,0.3040919,0.5716108,-0.34334838,0.4525196,-0.09366308,0.1756635,-0.21968825,0.19615068,-0.4916764,-0.36903608,0.38552788,-0.6368687,0.15883918,0.5774497,-0.43431175,0.1782622,0.18548743,-0.8541292,-0.039815143,-0.29304585,-0.056931403,-0.019201178,0.24612007,-0.23232248,0.2515805,0.48285246,-0.42513397,-0.56031775,0.2969639,-0.37308586,-0.0053698346,-0.51587343,-0.032129854,0.20759027,-0.1563655,-0.58635485,-0.58708084,0.082101285,0.4124364,0.08858107,0.6120439,0.19072911,-0.23088324,0.2480002,0.4246248,-0.23152766,0.0685846,0.029295044,0.6063812,-0.60754216,0.26030543,0.01270058,-0.15685272,-0.5227283,0.5022796,0.10811845,0.37923163,-0.7473775,0.49717003,-0.20668882,0.48004016,0.6913539,-0.30715346,0.3795674,0.17695002,-0.25018713,0.85608405,0.5696942,0.09149189,0.6971433,0.6395396,-0.31394374,-0.586003,0.26613286,-0.38776755,-0.080646895,-0.20033501,0.33784366,0.419686,-0.30356508,-0.27174878,-0.6663455,0.0508099,-0.1783672,1.2391539,-0.22639836,0.18285201,0.63496035,-0.3702992,-0.18831919,-0.16574156,0.1285266,0.13779871,-0.3873395,0.3876235,-0.94690853,-0.51166266,0.14706999,-0.18552934,0.040005043,-0.8275733,-0.6147166,0.36571163,0.08460976,0.07398224,-0.23887472,0.46808067,0.23101565,0.30747265,0.39294344,0.19095606,0.095566615,0.49598554,-0.1749351,-0.45234916,0.28032318,0.3125981,0.4687506,0.07574409,-0.793808,0.16953725,0.28683192,0.48156068,-0.03735297,-0.47534528,0.20991191,0.08495074,0.32300797,-0.6009443,0.23896354,0.5397499,0.116716504,-0.38982138,-0.6195891,0.19278449,0.015847053,0.7666686,0.27673578,-0.40032265,-0.44063374,-0.5655155,-0.7505462,0.39529768,-0.49063852,-0.051044654,-0.064061515,0.4870528,0.7490822,0.28747535,0.20344943,0.94052505,-0.08975284,0.4854838,-0.6720076,-0.01463021,0.39799097,-0.088249624,0.019695941,-0.01560672,0.09090167,0.1585648,0.51565415,0.00016980805,-0.13451353,-0.25612038,0.28599167,-0.43597123,-0.63002515,-0.4601208,0.16678596,-0.13952217,-0.27549252,0.1377436,-0.65729696,-0.4318215,-0.32286787,-0.33790934,0.6632359,-0.09859163,-0.44037735,-0.37742636,0.5171584,-0.20218423,-0.54894435,0.03378018,-0.047948748,0.027937634,0.450265,-0.028823905,0.25162646,-0.6841663,-0.082743764,-0.089184515,0.12110312,-0.09393812,-0.5530046,-0.564577,0.5307023,-0.3316386,0.94212484,0.4553062,0.37111372,-0.14016621,0.4668004,0.11580217,0.39228973,-0.66103363,-0.050327606,0.049180817,-0.08598674,1.1197474,-0.66967326,0.14184527,0.028511673,0.26750943,-0.09214626,0.08192979,0.24546719,0.29407638,0.32624647,-0.3025074,-0.29430038,-0.32711664,-0.37496847,0.269145,0.04636841,0.22575219,0.378465,0.50919384,-0.6577662,-0.28522873,0.13498129,-0.95131934
1,0.0070929267,-0.040179987,0.08789577,-0.0038793012,0.067070276,0.09380278,-0.021056104,0.0153308455,0.0052321944,-0.019049024,-0.0016824193,0.07216667,0.021232871,-0.06584397,-0.020036792,-0.032267205,0.04968691,-0.011221703,0.046872757,-0.010277394,0.009884845,-0.015260916,-0.047665,-0.02371189,0.08118558,-0.0025634188,0.030413922,0.0058542425,0.011852536,-0.043411512,-0.040322702,0.030303776,0.019061234,0.013433386,-0.0011498034,-0.038075745,0.12548739,-0.007862042,-0.052215092,-0.0087196315,-0.123171754,-0.016282735,0.01463207,0.062189322,0.029300945,-0.05019937,-0.026281899,0.036461677,0.09616792,-0.073753625,-0.025143392,-0.022313882,0.021094,-0.025175508,-0.13090023,0.009588394,-0.013964152,0.03167408,-0.014910087,-0.043659955,-0.060302358,-0.04502265,0.033807702,0.07061505,-0.033716917,0.0181585,0.017462632,-0.008253176,0.028872699,-0.039560676,0.02670828,0.0031912252,-0.007603351,0.013396481,-0.007890307,-0.049267497,0.04371027,0.07164809,-0.06441953,-0.00096219033,-0.10039079,-0.030492522,-0.03980172,0.02253098,0.082138166,-0.0486912,0.040327787,-0.032059353,0.049198154,0.011933379,0.017674845,-0.004226486,0.07957575,0.060858216,0.029291928,-0.05442703,-0.00716759,0.03457608,-0.011530472,0.04483743,0.029572874,0.08509625,-0.028237047,0.023718042,-0.109173566,-0.028150827,0.033763543,0.13739379,-0.030924965,0.03405383,0.022660466,-0.03955944,-0.010017157,0.05420705,-0.013780113,0.009814264,0.02690968,0.034939077,-0.09900646,-0.04229336,-0.04470605,0.042526226,-0.07529175,-0.1388678,-0.06589401,0.05960251,0.06897445,0.006005436,-0.061939996,0.05807334,-0.002825193,0.028324286,-0.03047943,-0.0028943866,-0.08527267,0.013600305,0.03092899,-0.044760674,-0.02953837,-0.026697766,0.038342264,-0.05647652,-0.10835851,0.020380657,0.0016392693,0.01586727,-0.020356217,-0.046844035,-0.022087608,0.035218645,-0.005855877,-0.04112272,-0.035158798,0.026181225,0.045321956,0.048786893,-0.07044114,0.054639325,0.047083687,0.062215023,0.018914873,-0.024403272,-0.03456486,-0.015331075,-0.03218741,-0.025324613,-0.080404475,0.049686793,0.035885543,0.07423483,0.08189554,0.0677387,-0.0058770943,0.114244625,0.02200256,0.026688857,-0.085683025,-0.05998566,0.0007244814,0.070994556,-0.050889097,-0.057950642,0.033524416,-0.039738838,0.067174695,0.00053611957,0.032898657,-0.09222815,0.009623321,-0.005642066,-0.022970933,0.006351866,-0.046637565,0.02612489,0.03608124,-0.049969092,-0.047621194,-0.077473,-0.042293213,0.005766267,0.068753734,0.011989216,0.014644107,0.01875031,0.06673862,-0.057795502,-0.017324332,0.0042189416,0.06791135,-0.0088417195,-0.035357364,0.0056333393,-0.04784251,-0.02952435,0.0043599866,0.026399177,0.006996818,0.0021951953,-0.0338983,-0.0028471015,0.051391274,0.007179411,0.12800884,0.030809702,-0.020016093,0.057184506,0.028524285,-0.021969778,0.021361204,-0.04781475,-0.07310874,0.027641721,0.002922127,0.12400557,-0.02695864,-0.033700682,0.044969082,-0.012620585,0.014035691,0.0044538956,-0.0019663852,-0.015101004,0.0500846,-0.06663562,-0.06055136,-0.055836923,-0.065059334,-0.04225337,-0.018749654,-0.028049642,0.02370813,0.06053243,-0.016257923,-0.0810643,-0.010997048,-0.08703503
1,0.40360028,-0.46465823,0.44033116,0.12641673,0.028892849,0.43212944,-0.22963046,0.12118806,-0.2438324,-0.116764724,0.049357094,0.25295871,-0.1072326,-0.33472437,0.17139766,0.08022724,0.23221502,0.23944229,0.1904097,-0.25971955,0.2562545,0.053654097,-0.32802045,0.1382267,0.32462934,-0.17204061,0.23815921,-0.041451808,0.093687415,-0.13059312,0.0766834,-0.22931308,-0.17324248,0.19828917,-0.31669736,0.060133025,0.34786138,-0.22009675,0.06193886,0.087906696,-0.4854363,-0.028558023,-0.13968123,0.0026307553,0.0051516555,0.09691247,-0.1291182,0.14331217,0.28796154,-0.24697793,-0.29040757,0.13435364,-0.17581126,-0.014611287,-0.31684887,-0.012114372,0.096322276,-0.06302895,-0.2975191,-0.31509003,0.010619726,0.18229815,0.059941236,0.3381944,0.077321425,-0.10572944,0.13096008,0.20529349,-0.097508244,0.014465918,0.027899755,0.30055228,-0.30569544,0.13736157,0.0040689297,-0.10259658,-0.24015239,0.28414863,0.019865274,0.18785803,-0.4202479,0.23053403,-0.12079158,0.24830672,0.38466182,-0.17728798,0.2073342,0.072035275,-0.100821085,0.43028763,0.2895136,0.04215211,0.38615337,0.3477558,-0.14044885,-0.31900334,0.13132967,-0.17503694,-0.044770893,-0.07726839,0.1828407,0.25095633,-0.1644644,-0.124422014,-0.3839538,0.009526227,-0.07299836,0.68329537,-0.13007256,0.10782994,0.3280102,-0.2041393,-0.09873356,-0.054841444,0.056557685,0.07319697,-0.17875239,0.21080218,-0.5188991,-0.2749224,0.050221287,-0.070924416,-0.017868347,-0.47935057,-0.3378773,0.21070828,0.07711639,0.039608266,-0.14951606,0.2595826,0.11356102,0.16563836,0.17912945,0.09077102,0.005909279,0.2523152,-0.07065471,-0.24742225,0.12515375,0.14304815,0.25225177,0.008222338,-0.4491944,0.09476074,0.14222075,0.24864426,-0.030520013,-0.26030037,0.0931846,0.057631217,0.15631147,-0.32037497,0.101443075,0.28178006,0.08096236,-0.17003033,-0.34130365,0.12101648,0.031818774,0.41051558,0.14683399,-0.21055526,-0.23619047,-0.28746358,-0.3883163,0.18200873,-0.28477407,-0.00200383,-0.012854392,0.276553,0.4116717,0.17629516,0.09658074,0.5245275,-0.0335425,0.253418,-0.37530425,-0.039887525,0.19851972,-0.0070404112,-0.014804736,-0.03839092,0.06338256,0.05763257,0.2901494,0.0015159734,-0.048167624,-0.17172155,0.14592183,-0.21907777,-0.32317293,-0.22567195,0.059513006,-0.05596764,-0.11793511,0.04334125,-0.35086566,-0.2521127,-0.18190052,-0.16363819,0.362574,-0.04372797,-0.20971705,-0.17810714,0.2888586,-0.12970805,-0.28099996,0.017611451,0.010401152,0.010270847,0.20464694,-0.010362841,0.09897873,-0.3542094,-0.038446937,-0.029791914,0.06374137,-0.046880946,-0.29272065,-0.28142446,0.28987324,-0.159742,0.5331408,0.24211924,0.17372808,-0.041957222,0.2460483,0.047280595,0.20417768,-0.35235205,-0.06196759,0.03860402,-0.04091248,0.61941725,-0.34508565,0.054500826,0.03778594,0.12571543,-0.03846733,0.042758405,0.11954913,0.13831225,0.18688267,-0.183641,-0.17595753,-0.18827397,-0.21906786,0.11123567,0.013285827,0.09576617,0.19775628,0.28294116,-0.33304346,-0.18038866,0.061936144,-0.51613367
0,0.38438815,-0.43580833,0.42330086,0.12154238,0.02779873,0.40090168,-0.21652056,0.11235767,-0.23496695,-0.106603116,0.04667355,0.23932308,-0.09989202,-0.3326551,0.16990256,0.08185366,0.21834932,0.22987285,0.18835469,-0.24333352,0.23948479,0.04889267,-0.31793827,0.13232295,0.30479673,-0.164754,0.22527377,-0.036980733,0.0930583,-0.12567857,0.070985764,-0.22145164,-0.16277075,0.19403747,-0.3065228,0.05779378,0.33124593,-0.21528839,0.056091733,0.08178165,-0.46588227,-0.025349453,-0.13926356,0.004348751,0.008954264,0.09187554,-0.1286761,0.13732548,0.27036405,-0.23652202,-0.27463365,0.12254075,-0.17070502,-0.009068515,-0.29681465,-0.008545347,0.09863231,-0.061586645,-0.2822708,-0.29949063,0.0071595125,0.17362317,0.062239405,0.31866118,0.07551442,-0.108568944,0.12541726,0.19504096,-0.08314041,0.018373482,0.025826065,0.28365183,-0.2906086,0.13896985,-0.00043277442,-0.10233231,-0.23248288,0.2719106,0.01907289,0.17406704,-0.39977807,0.21669377,-0.11750614,0.23698607,0.36382127,-0.17085293,0.1926257,0.07820559,-0.0976472,0.405403,0.2752433,0.03985134,0.36684763,0.33248892,-0.12876998,-0.30395788,0.12864946,-0.17039597,-0.043210078,-0.07867777,0.17254767,0.23925236,-0.15668489,-0.12482908,-0.3629257,0.0064807795,-0.075684115,0.6513838,-0.1310099,0.09533304,0.31086233,-0.19835359,-0.09243959,-0.05117783,0.051776513,0.07777046,-0.17170694,0.19988066,-0.4924713,-0.2634595,0.04887835,-0.06984666,-0.011906881,-0.45438698,-0.32534072,0.20591553,0.07418668,0.04290264,-0.14688663,0.24338022,0.10898897,0.16459702,0.17619097,0.0827889,0.00854072,0.235262,-0.06716635,-0.23581411,0.124115154,0.13476911,0.24744305,0.0016354173,-0.4274491,0.09105752,0.1333432,0.23627692,-0.026917031,-0.25601482,0.09207017,0.061198793,0.1528942,-0.3080202,0.09583821,0.273831,0.07732696,-0.1647805,-0.31900573,0.11717009,0.028511327,0.38892883,0.14654145,-0.20165333,-0.2303994,-0.27113846,-0.37355533,0.16272356,-0.2745068,-0.0065794066,-0.015707059,0.27024928,0.3977382,0.16671297,0.09207352,0.5041665,-0.031940944,0.24504182,-0.35662648,-0.043255202,0.18987416,-0.0052847713,-0.01819184,-0.03150417,0.06389884,0.050534163,0.27986696,-0.0024276767,-0.032369815,-0.1605296,0.14497249,-0.2127915,-0.30314055,-0.21291149,0.06224325,-0.04675583,-0.110887624,0.036959946,-0.3304091,-0.24566679,-0.17168476,-0.15400651,0.34450254,-0.04539455,-0.1993879,-0.16868795,0.2782051,-0.123813085,-0.26731905,0.019069256,0.01039052,0.013393607,0.19530809,-0.011528008,0.089822695,-0.33949053,-0.041316196,-0.026446648,0.061993286,-0.047414917,-0.28197023,-0.26793814,0.27380925,-0.14889121,0.5139305,0.23737505,0.16552481,-0.05017724,0.23179722,0.048693113,0.1861172,-0.34098414,-0.059628792,0.043070503,-0.04308418,0.5884557,-0.32500672,0.051502354,0.041393653,0.11559297,-0.036800142,0.03598167,0.11204418,0.13318467,0.18403068,-0.17343965,-0.16434841,-0.1789725,-0.21428151,0.098665126,0.008601833,0.092002615,0.1874595,0.26966494,-0.31446278,-0.16924532,0.06385817,-0.48897314
1,0.5679038,-0.6399421,0.587455,0.18060462,0.012098093,0.57079875,-0.3168647,0.16438255,-0.34900892,-0.15757224,0.07012392,0.32667592,-0.16004243,-0.44715324,0.25355607,0.12891643,0.30681014,0.34404567,0.24921149,-0.3628983,0.3584467,0.08032461,-0.44630128,0.20627879,0.42370236,-0.2430819,0.32473585,-0.060418323,0.12862025,-0.16644447,0.12362708,-0.34000048,-0.25292945,0.2768733,-0.45064485,0.10168488,0.4404152,-0.31004897,0.10875789,0.12835707,-0.6361512,-0.032110795,-0.20695001,-0.022872072,-0.003028527,0.15752423,-0.17188315,0.1856478,0.36497542,-0.3191119,-0.3999738,0.19750318,-0.25684294,-0.008866131,-0.39287478,-0.02052775,0.14582455,-0.10257286,-0.41320026,-0.4278883,0.040068362,0.27750045,0.071050115,0.44753915,0.12466259,-0.15962714,0.17789546,0.29310784,-0.14877498,0.039980773,0.02864536,0.4260694,-0.42895734,0.1907343,0.007736169,-0.12581386,-0.35869333,0.37007242,0.057345062,0.26566833,-0.55384445,0.3398037,-0.15472579,0.34376976,0.5091316,-0.23105614,0.27565336,0.11806936,-0.16385803,0.60565364,0.40132493,0.062339593,0.5117535,0.466684,-0.210351,-0.42829755,0.18804114,-0.26416022,-0.05790395,-0.12809047,0.24644852,0.3196891,-0.22138728,-0.18956764,-0.49630213,0.02509087,-0.11841193,0.9102695,-0.17069314,0.13783574,0.4543266,-0.27317157,-0.13421743,-0.099486426,0.08512626,0.10211636,-0.264611,0.2833802,-0.6945091,-0.37138563,0.09025005,-0.120131165,0.0080423355,-0.6197877,-0.45071325,0.27364606,0.080635555,0.054962426,-0.18393774,0.3421982,0.16168074,0.22272699,0.2672407,0.13070537,0.045862406,0.3496439,-0.11270974,-0.33017567,0.18969998,0.21338573,0.3442332,0.03513215,-0.5889232,0.12514412,0.20101677,0.34555852,-0.0340159,-0.35026568,0.14099136,0.0664816,0.22595556,-0.43690616,0.15794855,0.38963088,0.09552681,-0.26289156,-0.45345575,0.14932144,0.024172183,0.5558535,0.20152989,-0.28808573,-0.3214259,-0.40067187,-0.53689617,0.26515526,-0.37109786,-0.02589197,-0.03578102,0.36380008,0.5506649,0.21942428,0.13844928,0.69437736,-0.056966394,0.34941995,-0.495572,-0.03423556,0.28061908,-0.040180594,-0.0015932545,-0.027828205,0.077570796,0.09647338,0.38248137,0.00025829487,-0.07970489,-0.20282838,0.20391254,-0.3099173,-0.44566354,-0.32114094,0.1048336,-0.088140324,-0.18293995,0.08099434,-0.47476754,-0.32654136,-0.24096964,-0.23434055,0.4844024,-0.067844294,-0.3024406,-0.25958753,0.3816467,-0.15837103,-0.38977796,0.024160268,-0.012945317,0.016662685,0.30481234,-0.017425336,0.16074292,-0.49098894,-0.05648309,-0.053821035,0.08624144,-0.068916745,-0.40131593,-0.39756507,0.3863951,-0.22861981,0.70208013,0.32986894,0.2547824,-0.084810205,0.33575493,0.07722838,0.27801827,-0.48184636,-0.05754842,0.04344212,-0.06237741,0.82271564,-0.47740057,0.088275656,0.035932347,0.18173248,-0.061415102,0.058229253,0.1692433,0.20388788,0.24512178,-0.23077628,-0.2229159,-0.24279413,-0.28419235,0.1743002,0.024924833,0.14759223,0.26996812,0.3757843,-0.46536982,-0.2214542,0.09232032,-0.6944874
0,0.3713661,-0.4244018,0.4122861,0.11561568,0.029492807,0.39333898,-0.20958443,0.108681515,-0.2266651,-0.10445925,0.04530523,0.23396973,-0.09590037,-0.32038304,0.16034251,0.07666751,0.21255575,0.22146872,0.18079193,-0.23682994,0.23224247,0.04659547,-0.3076075,0.12553313,0.29910398,-0.1599426,0.21874306,-0.03539338,0.09010287,-0.12225649,0.06516524,-0.21286255,-0.15796946,0.18722528,-0.29526025,0.053364784,0.3267416,-0.20668764,0.05155254,0.079449005,-0.45498508,-0.025658466,-0.13354716,0.006195791,0.010131959,0.08528462,-0.12291728,0.13238496,0.26627848,-0.23055449,-0.26662338,0.116238125,-0.16110107,-0.011292396,-0.29185128,-0.009719368,0.093781345,-0.058182906,-0.2715066,-0.29343832,0.004285477,0.16597646,0.059180588,0.31155008,0.07106216,-0.102007926,0.12085645,0.1860895,-0.07943555,0.01644938,0.028197296,0.27522442,-0.28008994,0.13445356,0.0017425045,-0.10008082,-0.22261912,0.26227024,0.015227847,0.1698515,-0.39134,0.20736833,-0.11340379,0.22997129,0.35675955,-0.16715226,0.18861215,0.07078003,-0.09249332,0.394312,0.2662093,0.038467657,0.35828504,0.32292804,-0.124035716,-0.2969066,0.123119816,-0.1621708,-0.04016963,-0.07044333,0.16842774,0.23512582,-0.15227328,-0.11941612,-0.35522664,0.0050156675,-0.07027455,0.6365369,-0.12518965,0.09658879,0.30270177,-0.19219106,-0.08857487,-0.046120957,0.048974387,0.07295999,-0.16273847,0.19566074,-0.4822545,-0.25561523,0.044505633,-0.06604011,-0.015898462,-0.44588518,-0.31560263,0.19923319,0.07540801,0.03992577,-0.14145967,0.23778553,0.104438856,0.15576269,0.16646804,0.08102389,0.0033771917,0.22784588,-0.062640734,-0.22859704,0.11652535,0.1297138,0.2404615,0.0007227622,-0.41891298,0.08875108,0.12984316,0.23034233,-0.028570777,-0.24788907,0.08620865,0.05646576,0.1456238,-0.29907602,0.091433845,0.26482737,0.076102324,-0.15783209,-0.31370533,0.11491025,0.028946754,0.38052413,0.139756,-0.19471304,-0.22243094,-0.26393193,-0.36128217,0.15737952,-0.27056003,-0.0049084164,-0.0127588045,0.26334652,0.38790187,0.16299713,0.08700523,0.4900439,-0.029465884,0.23779537,-0.3491676,-0.046477534,0.18331417,-0.0016869307,-0.020071663,-0.034759015,0.065306835,0.0463369,0.27275616,-0.000592269,-0.032769136,-0.1585497,0.13724592,-0.20576705,-0.29328802,-0.20530763,0.056709144,-0.04415554,-0.105350666,0.034055695,-0.32183114,-0.23828143,-0.16941726,-0.14931607,0.3364714,-0.042592436,-0.1907461,-0.16189034,0.27021587,-0.121519856,-0.25822085,0.016424675,0.01397581,0.009101862,0.18636462,-0.009404995,0.08426885,-0.32925057,-0.037529014,-0.024039783,0.058139443,-0.046212256,-0.27273595,-0.25934446,0.26728854,-0.14347103,0.5015747,0.22751518,0.15764453,-0.042521656,0.22604096,0.045268938,0.18210602,-0.33249488,-0.06139975,0.040692642,-0.042429037,0.5749357,-0.31643608,0.04594031,0.041973688,0.11048129,-0.036923785,0.037022933,0.10770043,0.1287607,0.17820686,-0.17038693,-0.16166808,-0.1736542,-0.20977908,0.093896724,0.0075058006,0.08549528,0.18067989,0.26375836,-0.30645317,-0.16721237,0.059691053,-0.47866526
1,0.3315345,-0.3778145,0.37645155,0.10347707,0.031993985,0.35293484,-0.18673366,0.09654152,-0.20242168,-0.092522256,0.04026805,0.21406904,-0.08246687,-0.29943234,0.14490917,0.06893326,0.19222325,0.19792366,0.17104954,-0.21024823,0.20429546,0.039155893,-0.2804411,0.109495744,0.27113122,-0.14249718,0.1969164,-0.029620018,0.08305937,-0.11428392,0.054973267,-0.18917829,-0.13777913,0.17136568,-0.26495492,0.043478914,0.3011986,-0.18738376,0.04020863,0.068544574,-0.41750348,-0.024007656,-0.121342555,0.011000019,0.013365168,0.07227351,-0.11608443,0.123034865,0.24365747,-0.21291336,-0.23797095,0.10024632,-0.14429593,-0.008796107,-0.26863226,-0.0063884705,0.086821236,-0.04981016,-0.24381392,-0.26457196,-0.0027494729,0.14325318,0.058471475,0.28143036,0.06295948,-0.093439706,0.11052689,0.16538787,-0.06296075,0.013317999,0.025569964,0.2425694,-0.25135094,0.12336555,-0.0016469322,-0.09632659,-0.19777843,0.24214557,0.0070816204,0.14804773,-0.35593647,0.18096755,-0.10611042,0.20765722,0.32340473,-0.15302725,0.16848786,0.065330274,-0.07979313,0.34933913,0.23802471,0.03304032,0.32640362,0.29411346,-0.10580984,-0.2697678,0.11214267,-0.14438152,-0.0382202,-0.06533451,0.15114053,0.21636638,-0.13820729,-0.10801919,-0.32440218,0.0005218424,-0.06263959,0.57894146,-0.118680544,0.08511573,0.27005908,-0.17814408,-0.080276385,-0.03644973,0.04148171,0.07066937,-0.14485627,0.17706446,-0.43536758,-0.23333013,0.03723952,-0.05644871,-0.016736358,-0.40688416,-0.28892794,0.18589246,0.07203664,0.037698627,-0.13472746,0.21512902,0.0941554,0.14711617,0.14893728,0.067759365,-0.0032176226,0.20225972,-0.052694954,-0.20928553,0.104925394,0.11264603,0.2210165,-0.009071413,-0.38276687,0.082286365,0.11351526,0.20673224,-0.025711505,-0.22962551,0.07724989,0.057640783,0.13157667,-0.27145886,0.07830954,0.24102366,0.07141593,-0.13805315,-0.28111964,0.10696369,0.029672172,0.34247828,0.1301779,-0.17471397,-0.20363021,-0.23460355,-0.3276852,0.13202801,-0.24794163,-0.0016465634,-0.009365587,0.24329984,0.35369125,0.14944676,0.07762832,0.44893897,-0.023236133,0.2159341,-0.31752038,-0.048659373,0.16329211,0.005126387,-0.02349997,-0.032512553,0.0613911,0.03619406,0.2524503,-0.0006230436,-0.018240042,-0.14750743,0.12594312,-0.18536843,-0.26165986,-0.18161124,0.049682017,-0.035230737,-0.08983881,0.024638295,-0.29064095,-0.22248906,-0.15330575,-0.12979189,0.3056424,-0.03846273,-0.16914392,-0.14317778,0.24851714,-0.1131761,-0.23286735,0.016168231,0.018579707,0.009628896,0.16375437,-0.009656571,0.06774379,-0.29668024,-0.0360528,-0.017970078,0.054322228,-0.042377125,-0.2475161,-0.23068099,0.24114172,-0.12541932,0.46066844,0.20915861,0.13839726,-0.038918868,0.20152566,0.039530106,0.15974674,-0.3036715,-0.060779713,0.041993096,-0.039190702,0.52254355,-0.28117594,0.039401025,0.04467,0.09647739,-0.031125095,0.030178985,0.095625095,0.11444497,0.16653776,-0.15580966,-0.14791687,-0.15942566,-0.19450298,0.076063536,0.003430847,0.07479827,0.1637725,0.24010795,-0.27244562,-0.15524638,0.055917263,-0.4312959
0,0.3901014,-0.4421368,0.4280272,0.12298475,0.027109966,0.4057905,-0.21874817,0.11365622,-0.23810364,-0.10809648,0.047930487,0.24183576,-0.10188612,-0.33684492,0.17201662,0.08368009,0.22089508,0.23378995,0.19104394,-0.2473582,0.24226636,0.050232187,-0.3215009,0.13442795,0.30837148,-0.16734326,0.22859463,-0.03781443,0.0942361,-0.1273435,0.07247545,-0.22582766,-0.16550194,0.19728805,-0.31087482,0.05846359,0.33485705,-0.21791592,0.05735065,0.08317528,-0.47111824,-0.025896095,-0.14195071,0.002953332,0.00866444,0.09380123,-0.13053872,0.13894555,0.27361456,-0.23901615,-0.2781916,0.12481899,-0.17290008,-0.008859452,-0.2993883,-0.009152912,0.10092117,-0.062868744,-0.28659946,-0.30373877,0.007813986,0.17623115,0.062052604,0.32264912,0.07784961,-0.11019482,0.12699288,0.19760875,-0.08454161,0.019552507,0.02581301,0.28759596,-0.2951513,0.13998401,-0.00010240078,-0.103097424,-0.23697177,0.27485532,0.019570477,0.17653154,-0.40453207,0.2203043,-0.11847256,0.2412335,0.3689494,-0.17251119,0.19467552,0.07882302,-0.100378565,0.41179273,0.2785551,0.040104847,0.37149486,0.33678353,-0.13139644,-0.3083947,0.13120116,-0.1739521,-0.04375491,-0.08101712,0.17443095,0.24149758,-0.1589867,-0.12742105,-0.3671472,0.0065532066,-0.07706251,0.6596749,-0.1323769,0.09703739,0.31555519,-0.20118254,-0.09363142,-0.0525489,0.052152373,0.07863019,-0.17505297,0.20318651,-0.49837315,-0.26725698,0.05024281,-0.071682975,-0.010775957,-0.45919365,-0.32902062,0.20802636,0.07350317,0.04225561,-0.14791429,0.2468256,0.11128886,0.1668745,0.17870122,0.083260365,0.009043917,0.23895642,-0.06803059,-0.23924167,0.12588811,0.13717504,0.25096455,0.0021720193,-0.4330232,0.09299602,0.13479514,0.24044764,-0.027233979,-0.25939563,0.09375035,0.061254233,0.15476783,-0.31224617,0.097757496,0.27743042,0.077408895,-0.16845423,-0.32324418,0.11789643,0.028498318,0.39436427,0.14801368,-0.20315921,-0.23298794,-0.2750127,-0.37904057,0.16499662,-0.27778718,-0.0073884465,-0.016155181,0.2729644,0.4021219,0.16753551,0.09344258,0.51020557,-0.031601578,0.24853721,-0.36135238,-0.043585163,0.19246544,-0.006570488,-0.017483782,-0.03141337,0.064853765,0.05189566,0.28392595,-0.001478333,-0.033046372,-0.16145617,0.14584456,-0.21595843,-0.3078125,-0.21643293,0.06376119,-0.048552584,-0.11262881,0.038435817,-0.33575043,-0.24879158,-0.17420724,-0.15559044,0.34914908,-0.04569714,-0.20240928,-0.17176338,0.28139964,-0.12471431,-0.27143982,0.01845072,0.010166291,0.012737738,0.1988216,-0.011658676,0.09132855,-0.34423903,-0.041830968,-0.027259253,0.06271686,-0.048755772,-0.28558043,-0.2720623,0.27757987,-0.15105125,0.51991767,0.23991533,0.16768007,-0.050681733,0.23424685,0.04895906,0.18897288,-0.34657234,-0.059402935,0.042623587,-0.044200666,0.5962294,-0.32942802,0.052374966,0.042480208,0.117791206,-0.03773078,0.03675516,0.11387714,0.13628173,0.18577749,-0.17458,-0.16619156,-0.18047222,-0.21619761,0.100607045,0.009221207,0.09322344,0.19025838,0.27324343,-0.31959695,-0.17102063,0.065148406,-0.49539983
0,-0.11684963,0.082944214,-0.020213585,-0.06268903,0.09097381,0.0012564715,0.053341765,-0.031817988,0.09987205,0.014609043,-0.018983422,0.011771172,0.06492936,0.045705844,-0.11128027,-0.07784802,-0.012680421,-0.09206614,-0.019686515,0.06015338,-0.06852566,-0.043409698,0.055080794,-0.09165868,0.018950082,0.043647524,-0.041727744,0.030556701,-0.017875109,-0.0049101487,-0.089064255,0.11601899,0.07277728,-0.04994435,0.10968946,-0.07945874,0.06564638,0.07548797,-0.0959574,-0.036438666,-0.011287924,-0.025126649,0.06304178,0.0835876,0.033488505,-0.1141447,0.023138572,-0.010524105,0.05443386,-0.007361507,0.055350218,-0.08844208,0.104893826,-0.035486743,-0.06016463,0.00020257197,-0.06419572,0.06138137,0.092825234,0.02200799,-0.09097167,-0.1212095,0.0049892217,-0.005237178,-0.076604106,0.08333581,-0.032117058,-0.093778946,0.081965834,-0.0551387,0.045212004,-0.09106152,0.09363644,-0.025722751,0.013930749,-0.02452853,0.13061601,-0.021533672,-0.11087009,-0.04634448,-0.0110237505,-0.12917218,0.012521397,-0.049101587,0.010795036,-0.007758228,-0.016035203,-0.09918634,0.102049984,-0.10518778,-0.07242523,-0.026990078,-0.0044586267,-0.03775498,0.081221715,0.022075467,-0.05338493,0.11767528,0.017034493,0.11679621,-0.015851732,0.04295313,0.026946401,0.07966676,-0.024523841,-0.050098106,0.08271247,-0.02239258,0.009589486,0.033745278,-0.061386675,0.016164392,0.029827911,0.09988965,-0.042289678,-0.029410137,0.10405239,-0.006016416,0.010919348,0.03196815,-0.08806361,0.076256074,-0.1065705,-0.04321467,0.027092837,-0.0055320486,0.079153396,-0.017683368,-0.01060142,-0.0008319537,-0.049930144,-0.0467059,-0.11340324,-0.037630133,-0.13197047,-0.05867231,0.07691351,0.026001284,-0.09094347,-0.077236146,-0.03185842,-0.069946185,-0.020564418,-0.0016960092,-0.040077485,-0.040370554,-0.037824847,0.023736918,-0.07502085,-0.0076235235,-0.07820242,0.0492581,-0.073912635,-0.056410104,0.026960284,0.11638108,0.0013271878,0.024431797,0.057086457,-0.037702255,-0.041421432,0.04289985,0.041350417,0.06319353,0.0904875,-0.08572659,-0.034469172,0.06468943,0.072900385,-0.0018525608,-0.02555447,0.033401668,-0.05690351,-0.020114843,0.04221562,-0.055328906,-0.0022048838,-0.08825685,-0.05965659,0.10979856,-0.060000706,-0.09660807,0.04722377,-0.082954094,0.0035595866,0.019020831,0.03984167,-0.064141124,-0.060367595,0.062044915,0.06706804,0.07794674,-0.08912735,0.051330745,0.09729788,-0.0791846,0.0365064,-0.0034553744,-0.011607434,0.06667836,-0.01179402,0.03944513,0.097946376,0.09376814,-0.012994745,-0.027798094,0.06829244,-0.022882994,0.1018758,-0.03799384,-0.12304375,0.025571207,-0.111608416,0.076534845,0.03828792,0.051877506,-0.026489403,0.017702833,0.049958393,0.08128393,-0.009366201,0.06740382,0.014152352,-0.058722317,-0.09750722,0.122630805,-0.03392552,-0.050749626,-0.032495614,0.042748906,-0.09181683,0.0087970495,0.024038747,-0.010786127,0.06291054,-0.07313997,0.04967492,-0.06714569,0.017444514,0.008312549,-0.044738762,-0.060548272,-0.008561153,-0.041032374,-0.027041811,-0.0018600831,-0.0234174,-0.10132758,-0.028271642,-0.09443179,-0.05048625,0.0014718955,0.07345572,-0.045284107,-0.051583633,0.023977466
0,0.29905057,-0.34402773,0.3483007,0.093837,0.034396574,0.32673693,-0.17139019,0.088774085,-0.18330492,-0.08518958,0.036492348,0.19935562,-0.072557196,-0.27631238,0.13048577,0.05931423,0.17821383,0.17708099,0.15880358,-0.18972912,0.1854713,0.033404477,-0.25897038,0.0974796,0.25121805,-0.12859346,0.18046398,-0.026023,0.07539424,-0.10747538,0.045086667,-0.16841125,-0.121687174,0.15605213,-0.24031784,0.036288794,0.2835497,-0.17123468,0.031681888,0.060991347,-0.38801828,-0.022198364,-0.1090375,0.016672548,0.015584473,0.05988051,-0.10656722,0.11334705,0.22773074,-0.19964376,-0.21717897,0.088300206,-0.12806419,-0.010787394,-0.25541115,-0.0042832717,0.077675305,-0.041979883,-0.22111045,-0.24255367,-0.007911641,0.12480848,0.057115935,0.2604735,0.053442676,-0.08383124,0.101684615,0.14860229,-0.05433774,0.009113849,0.025863528,0.22045593,-0.22653192,0.11392544,-0.0035976171,-0.09222413,-0.17338991,0.22516048,0.0009831488,0.13282335,-0.331417,0.16124396,-0.1012296,0.19022173,0.29874063,-0.14308783,0.15558484,0.0576049,-0.06698456,0.31658497,0.21637544,0.030954808,0.30063367,0.27185234,-0.091925845,-0.24804603,0.099184565,-0.12747216,-0.036094725,-0.053986244,0.1385288,0.20336218,-0.12783295,-0.09643525,-0.3025971,-0.0020871013,-0.053178735,0.53448904,-0.10896894,0.079134405,0.2455212,-0.16372447,-0.07271707,-0.027680576,0.0362525,0.06499033,-0.12761053,0.16208541,-0.40187326,-0.21403056,0.029475428,-0.046381425,-0.021950617,-0.38061243,-0.26670116,0.1743024,0.07147832,0.035505094,-0.12770791,0.19983846,0.08472967,0.13530712,0.13139066,0.06258729,-0.010087147,0.18269965,-0.04556872,-0.19195978,0.09104304,0.09929967,0.20417643,-0.013211783,-0.35444218,0.0756248,0.10361135,0.18637377,-0.025050474,-0.21126904,0.06838601,0.05673468,0.1186398,-0.24886371,0.066713236,0.22097003,0.06942869,-0.12003039,-0.26084167,0.10259341,0.029935505,0.31488886,0.1195923,-0.16107918,-0.18755552,-0.21351925,-0.29851174,0.11582513,-0.23146553,0.0024634264,-0.0064628776,0.22864491,0.32801592,0.14126575,0.0694358,0.41601622,-0.019314334,0.19793269,-0.29477996,-0.049958922,0.14732537,0.010761924,-0.027484266,-0.033395845,0.058622025,0.028232928,0.23276508,-0.0022058599,-0.012695499,-0.14185902,0.11588533,-0.16820884,-0.23696597,-0.16262686,0.040771056,-0.027756076,-0.07830491,0.017346777,-0.2651099,-0.20947134,-0.14253245,-0.11771436,0.28195885,-0.033925325,-0.1508041,-0.1273485,0.23050769,-0.10784366,-0.21061705,0.016093459,0.023281742,0.0070463903,0.14396778,-0.008905977,0.057692226,-0.27084234,-0.03304667,-0.013577811,0.049377933,-0.0384973,-0.2265632,-0.20828004,0.22093126,-0.11240693,0.42730367,0.19240743,0.12337497,-0.031000115,0.18415916,0.033716306,0.14566739,-0.27935198,-0.061673746,0.04117181,-0.036738355,0.4812281,-0.25642762,0.031377226,0.04504478,0.08519512,-0.02675848,0.027266448,0.08580543,0.10187654,0.15523264,-0.14613211,-0.13879126,-0.14953475,-0.18255094,0.06497442,0.00078460947,0.06555481,0.1506423,0.22217005,-0.24796037,-0.14771019,0.05046558,-0.3970335
1,0.64097065,-0.71804667,0.65201914,0.2051561,0.0046423934,0.6325544,-0.35504326,0.18430746,-0.39456433,-0.17605814,0.08030844,0.3604486,-0.18400295,-0.49682975,0.2886436,0.14932002,0.34102,0.39108157,0.27638277,-0.40943658,0.40305698,0.09438049,-0.49729308,0.23575635,0.46828294,-0.27415618,0.36322674,-0.07001227,0.14330022,-0.183039,0.14489014,-0.38754052,-0.28908396,0.31113252,-0.50811696,0.11811103,0.4830804,-0.34817627,0.12938982,0.14592607,-0.70331955,-0.034964234,-0.23488359,-0.034214105,-0.006897498,0.18408462,-0.19010994,0.20489989,0.4008226,-0.35125232,-0.44885328,0.22667152,-0.2916436,-0.007358916,-0.42829916,-0.024693623,0.16594157,-0.11974503,-0.465209,-0.4783101,0.05205827,0.31874043,0.0762363,0.49752367,0.14552613,-0.18205804,0.19900182,0.33267635,-0.1723971,0.05006643,0.029287824,0.48093298,-0.48373654,0.21274775,0.009145431,-0.13553803,-0.410387,0.40890297,0.07262605,0.30104703,-0.6127969,0.38748628,-0.17054132,0.3864404,0.565508,-0.25419316,0.3064378,0.13616203,-0.19129348,0.68243116,0.451671,0.07149468,0.56871843,0.51954186,-0.2418644,-0.47729996,0.2124467,-0.30326122,-0.06383989,-0.15115257,0.2741078,0.35006166,-0.24666215,-0.21713075,-0.5474932,0.032622267,-0.13706227,1.0116898,-0.18741415,0.15163554,0.5100535,-0.30273005,-0.15032937,-0.119497,0.0974405,0.112830915,-0.30169383,0.31614348,-0.7712777,-0.41458476,0.108496375,-0.14098518,0.019211404,-0.68300235,-0.50067014,0.30165446,0.08153975,0.05992551,-0.2000161,0.38059765,0.18348543,0.24823266,0.30631632,0.14875647,0.060905114,0.3931479,-0.1310651,-0.36773083,0.2174184,0.24410558,0.38413942,0.046698388,-0.65263355,0.13945845,0.22714482,0.3884211,-0.034819804,-0.38931113,0.16198385,0.071348004,0.25515363,-0.48765516,0.18247157,0.43592268,0.10147551,-0.3033641,-0.50458866,0.16227049,0.01988637,0.6212308,0.22371802,-0.32126993,-0.3577522,-0.45186082,-0.60344785,0.3027701,-0.40857708,-0.035399202,-0.044727705,0.4020478,0.6121918,0.23791063,0.15759218,0.7691788,-0.066467956,0.39159712,-0.5504834,-0.030248158,0.31708905,-0.055249035,0.0040297285,-0.023216851,0.083014324,0.11406425,0.42421722,0.0010517985,-0.094565175,-0.21776299,0.22785306,-0.3487419,-0.5008523,-0.3633007,0.12478775,-0.10345486,-0.2116946,0.09812634,-0.5308446,-0.3583795,-0.26647636,-0.2653349,0.5399842,-0.07791373,-0.343771,-0.2965258,0.42174962,-0.17177194,-0.4387083,0.025811821,-0.022857897,0.018828614,0.34951344,-0.02064579,0.18706696,-0.5505254,-0.064590916,-0.063463114,0.09593116,-0.07768015,-0.44752505,-0.44872427,0.430551,-0.25943515,0.7761159,0.36812648,0.28932595,-0.10283395,0.37512764,0.0886516,0.3120465,-0.53870475,-0.05501309,0.044784185,-0.071721226,0.91413134,-0.5354789,0.10342592,0.035506777,0.20693815,-0.07181157,0.06550172,0.1921888,0.2322551,0.2695416,-0.25106436,-0.2442082,-0.2669285,-0.3124103,0.2021769,0.03129602,0.17046385,0.30251476,0.41716167,-0.52499485,-0.24056447,0.106737666,-0.77358806
0,-0.08882388,0.054728232,0.0025379993,-0.040192127,0.08156318,0.02282111,0.030293472,-0.011449114,0.07307125,0.0052908976,-0.01251063,0.033577316,0.05162563,0.00752268,-0.081886254,-0.06734894,0.009336708,-0.0707896,0.008480424,0.045499012,-0.049133822,-0.029924171,0.027609967,-0.070387274,0.03391718,0.037831843,-0.021701436,0.01758873,-0.0112156235,-0.022279501,-0.06723327,0.09882753,0.06344,-0.03855239,0.08325246,-0.06666581,0.0764763,0.051676467,-0.07943919,-0.032768637,-0.036674716,-0.020491103,0.05785607,0.07740387,0.028671494,-0.08816585,0.0034088492,0.012289399,0.06263831,-0.029583491,0.036489043,-0.057948954,0.07273384,-0.034363996,-0.08917457,0.008509265,-0.051884953,0.05611995,0.052188203,0.015658947,-0.080135435,-0.103558406,0.01934513,0.015170359,-0.065143555,0.06125877,-0.012282183,-0.06338594,0.056568682,-0.058509205,0.03084593,-0.07163048,0.064557,-0.023103843,-0.0007797815,-0.03189304,0.11313816,0.018399604,-0.09478516,-0.040093493,-0.026748747,-0.09691523,-0.012074884,-0.034278512,0.019893676,-0.017093524,0.0050047226,-0.073447816,0.08735174,-0.08831545,-0.047769085,-0.020019542,0.014182686,-0.009796921,0.06905571,0.0054734526,-0.039412312,0.09389157,-0.0017594183,0.0824415,-0.0060289116,0.049472198,0.0065690037,0.068116784,-0.049714543,-0.039505076,0.066060126,0.011974826,-0.0064831637,0.024554335,-0.04447079,0.0013945401,0.010673473,0.08088952,-0.030811459,-0.01571536,0.08080924,-0.0016461327,-0.003751976,0.011531094,-0.071798794,0.07359188,-0.09706127,-0.06448168,0.0009059366,0.020106453,0.06838696,-0.011064034,-0.03918616,0.014883816,-0.03320989,-0.012896918,-0.089041136,-0.028722126,-0.11707267,-0.038866743,0.05841285,0.0011010161,-0.07200505,-0.06517048,-0.020453379,-0.06826417,-0.03797584,0.0064390264,-0.032713387,-0.035037275,-0.025227055,0.01062195,-0.053693134,0.023112357,-0.05469473,0.02828909,-0.06531632,-0.040067952,0.034644917,0.10587715,-0.0111354375,0.03476058,0.056040335,-0.017351784,-0.023182336,0.025082937,0.01810008,0.048389945,0.05762148,-0.066617236,-0.033988345,0.0687268,0.058464214,0.015860736,-0.0021355487,0.045191094,-0.033065386,0.015375193,0.036664736,-0.033319056,-0.020175429,-0.06437114,-0.047304377,0.09329355,-0.055429798,-0.07716877,0.02775703,-0.06117305,0.015587008,0.0095810685,0.040540785,-0.077900395,-0.033871297,0.05071722,0.041884962,0.05948548,-0.078333296,0.04065448,0.07967043,-0.07051107,0.016215865,-0.026558764,-0.0119636385,0.048501335,0.0034440756,0.032811847,0.07054445,0.06822515,0.0112287635,-0.042106744,0.04343799,-0.007991489,0.086055666,-0.018835844,-0.09729405,0.014233003,-0.0884367,0.052081145,0.021428492,0.042266183,-0.008584082,0.017168256,0.031427767,0.06656329,0.0033191321,0.047294788,0.03382189,-0.027641127,-0.07144733,0.09546516,-0.02016078,-0.045208804,-0.016482446,0.02945543,-0.07982978,0.01926857,0.021488339,0.015834637,0.045908082,-0.05266016,0.046486456,-0.04356791,0.024131157,0.002062982,-0.030422766,-0.055493668,0.010836907,-0.04431183,-0.036408365,-0.022123694,-0.027378935,-0.0789509,-0.021867381,-0.06682123,-0.0210286,0.010309645,0.05764202,-0.059447907,-0.034877285,0.008870047
1,1.0330608,-1.1409466,0.9991371,0.3349557,-0.03058638,0.9738869,-0.5644126,0.29291221,-0.6373947,-0.27658176,0.1307585,0.54320633,-0.31138796,-0.7575722,0.47615898,0.25418842,0.5254618,0.63825786,0.41753352,-0.6569096,0.64913887,0.16382165,-0.7728422,0.39534128,0.7120447,-0.44063464,0.5719848,-0.12018393,0.22273627,-0.26936418,0.26292866,-0.6392965,-0.4794457,0.49124202,-0.8162321,0.21292423,0.7061083,-0.5541217,0.24279925,0.24148896,-1.0615457,-0.04813981,-0.38063994,-0.0911473,-0.033423733,0.32956937,-0.2908577,0.31304058,0.59380466,-0.5244479,-0.7113146,0.38652325,-0.48482937,0.001022093,-0.62296474,-0.044850193,0.2708439,-0.20972653,-0.747843,-0.74280053,0.121560365,0.5416469,0.10272138,0.76536727,0.25410923,-0.30082828,0.31197646,0.54672927,-0.303823,0.09916115,0.029733447,0.7757481,-0.778573,0.3299455,0.019775897,-0.18670577,-0.685608,0.6227088,0.15549609,0.48746073,-0.93009883,0.6459013,-0.2521074,0.60967755,0.86547625,-0.38037676,0.4748492,0.23467891,-0.3358415,1.0953546,0.7238242,0.11756125,0.87333447,0.80343574,-0.4112047,-0.73808336,0.3455353,-0.50737166,-0.09890846,-0.2700944,0.42534545,0.51565236,-0.38124776,-0.35651025,-0.8237701,0.07206091,-0.23866567,1.552269,-0.28242072,0.2267016,0.80968016,-0.46375096,-0.23915137,-0.22725746,0.16801006,0.17330313,-0.5046065,0.48826286,-1.1869607,-0.6452141,0.2010063,-0.2505966,0.072203405,-1.0220512,-0.7694761,0.45165664,0.08897067,0.09124747,-0.2878669,0.5832507,0.29813898,0.3854311,0.5120686,0.2439855,0.14581384,0.63262486,-0.23156255,-0.5689591,0.3683214,0.40958768,0.59049886,0.11220059,-0.9898741,0.21299803,0.36694402,0.61589843,-0.043284647,-0.5972049,0.27516842,0.09603981,0.41392887,-0.75965065,0.3168428,0.6849167,0.13655469,-0.5146034,-0.77506745,0.23006389,0.00815412,0.9664621,0.34911776,-0.50470304,-0.5548727,-0.72093767,-0.9543417,0.51400846,-0.6075905,-0.08013022,-0.09096323,0.60148937,0.93663454,0.3482957,0.26143685,1.1748316,-0.12097356,0.6148141,-0.8384532,-0.004054874,0.5106325,-0.1326489,0.041540664,-0.00492841,0.1080458,0.21402982,0.6439289,0.002164049,-0.1809344,-0.30199185,0.36203486,-0.55699396,-0.8021318,-0.59281343,0.22620371,-0.18765327,-0.36301783,0.19095382,-0.8323385,-0.5309477,-0.40353677,-0.43345752,0.8313637,-0.13001128,-0.56812644,-0.4902423,0.6439234,-0.24327168,-0.70027083,0.040518552,-0.079277806,0.03750284,0.5873459,-0.037348337,0.33440644,-0.8698695,-0.10627876,-0.1211017,0.1529919,-0.122351214,-0.70071507,-0.72310364,0.6676094,-0.42674187,1.1736667,0.57520014,0.48104948,-0.1944007,0.5911254,0.15484753,0.49733222,-0.8347889,-0.04497405,0.054674465,-0.11120686,1.4046206,-0.8512834,0.19147277,0.025609821,0.3464507,-0.12203343,0.10552741,0.31473634,0.3819456,0.40352562,-0.3694358,-0.36152866,-0.4025132,-0.46280316,0.3565115,0.065491006,0.2949597,0.47783673,0.6375268,-0.8394576,-0.34287384,0.17635591,-1.1969936
1,0.7255462,-0.8060239,0.72579956,0.23404877,-0.0029922985,0.7007214,-0.39881924,0.20696352,-0.44679356,-0.19544409,0.09052643,0.3987367,-0.2112623,-0.5574178,0.33113807,0.17299189,0.37910524,0.44480336,0.309142,-0.46046245,0.45482308,0.109913655,-0.55752987,0.27137706,0.5181546,-0.30998883,0.4072195,-0.080761,0.16191041,-0.20142578,0.17196046,-0.44115233,-0.3291818,0.35043857,-0.5749734,0.14009067,0.52763,-0.39418367,0.15400341,0.1654728,-0.7788368,-0.03693886,-0.26632008,-0.046326365,-0.013616335,0.21745983,-0.21481682,0.22975919,0.440066,-0.38725406,-0.50409466,0.26095036,-0.3367556,-0.0033102147,-0.46681198,-0.02757337,0.1895616,-0.13967611,-0.5268811,-0.5324733,0.06719349,0.36736736,0.08351305,0.5524562,0.16975293,-0.20999122,0.22336806,0.3796602,-0.19825092,0.0607176,0.027232459,0.5419853,-0.5471633,0.23962894,0.009957664,-0.14659525,-0.47116932,0.45660934,0.09091111,0.33839655,-0.6780127,0.4421236,-0.18769228,0.43226305,0.62708336,-0.28143683,0.34074888,0.16130689,-0.22340623,0.76720244,0.5111393,0.08034477,0.6327373,0.5800718,-0.2770486,-0.53210735,0.24398479,-0.34764296,-0.07248866,-0.17969862,0.30531985,0.3835709,-0.27468786,-0.24691802,-0.6044561,0.040650886,-0.16254565,1.1245701,-0.21199922,0.16361149,0.5730244,-0.3387257,-0.1700205,-0.144283,0.11320845,0.12861775,-0.34733218,0.3517402,-0.8571467,-0.46387422,0.12897772,-0.16514389,0.03268289,-0.7518507,-0.5591815,0.33536464,0.08199368,0.068632,-0.2215143,0.421481,0.20862123,0.28131878,0.3534639,0.16649462,0.08171357,0.44412526,-0.15353245,-0.4110783,0.2530484,0.27900097,0.42805356,0.059529755,-0.72271824,0.15509564,0.25546694,0.436305,-0.035380445,-0.43596703,0.18856502,0.07996964,0.29078418,-0.5459087,0.21211028,0.48975986,0.10861914,-0.3488504,-0.5579188,0.17646891,0.018026497,0.6920915,0.25346595,-0.36117375,-0.40153795,-0.5068735,-0.6786946,0.34697142,-0.4495845,-0.046128843,-0.055813067,0.4441168,0.68115544,0.2623303,0.1812402,0.857182,-0.07878017,0.4394296,-0.6090801,-0.022381041,0.35889816,-0.07219316,0.013339136,-0.017497204,0.08714135,0.1363343,0.47111687,-0.0005544014,-0.10941098,-0.23425388,0.2601608,-0.39469066,-0.5655381,-0.41276872,0.14890267,-0.12056437,-0.2433725,0.11804676,-0.5937816,-0.39527023,-0.29323766,-0.3009286,0.5999041,-0.09024089,-0.39328223,-0.33773285,0.47045174,-0.1867983,-0.49511695,0.030303326,-0.03745184,0.027266232,0.40153188,-0.024972953,0.21858935,-0.6182437,-0.07551096,-0.07605534,0.110112086,-0.086957276,-0.50254524,-0.507548,0.48079032,-0.2950456,0.86117494,0.4152359,0.3318605,-0.1266691,0.4208577,0.10501781,0.34900847,-0.60010636,-0.051250853,0.049391393,-0.07864029,1.0173404,-0.60135365,0.1259568,0.032920673,0.23730054,-0.08136952,0.07182376,0.21832156,0.26371914,0.29960206,-0.27618158,-0.26745543,-0.29656306,-0.3452673,0.23418257,0.03830685,0.19879852,0.33946294,0.46275976,-0.58965456,-0.26001936,0.1231261,-0.86047506
1,-0.09375889,0.061810948,-0.0010978207,-0.043241877,0.08090617,0.016567364,0.034954626,-0.0154119115,0.07492761,0.008519908,-0.014311452,0.028199699,0.053139664,0.0114885755,-0.08407129,-0.06838907,0.004955778,-0.0747375,0.007269904,0.048545014,-0.05398415,-0.031788304,0.031423714,-0.0731664,0.028692901,0.0396389,-0.027017985,0.019918818,-0.012243299,-0.020005507,-0.07015772,0.10086904,0.06590996,-0.039395347,0.087455265,-0.06741202,0.07166962,0.053558897,-0.08112962,-0.03255404,-0.030675253,-0.019883614,0.057000313,0.07782124,0.030106869,-0.09061573,0.0058945976,0.010785011,0.05886859,-0.026359396,0.03920066,-0.063296355,0.075124644,-0.033589553,-0.08034921,0.008409645,-0.052604,0.056354903,0.05822651,0.017064717,-0.08028006,-0.10591455,0.018797398,0.008464298,-0.0668495,0.062130608,-0.015038598,-0.068944864,0.062415965,-0.058317687,0.031631168,-0.07684813,0.068954214,-0.020583695,0.001421025,-0.031998817,0.11351922,0.0136308465,-0.097464316,-0.04298663,-0.021849856,-0.10240552,-0.009652918,-0.038925376,0.016719664,-0.016679097,-0.00037438562,-0.07375245,0.08793175,-0.09238927,-0.050881475,-0.021947803,0.00962901,-0.013105435,0.07138048,0.00830543,-0.03858825,0.09639688,0.0014217375,0.085065216,-0.007970267,0.04703459,0.009489296,0.06930804,-0.04384516,-0.04198444,0.06626542,0.0036992205,-0.005012717,0.023536786,-0.04619097,0.003484467,0.013051413,0.08270294,-0.03251114,-0.01816984,0.08440295,-0.0028901515,0.0024424745,0.015375802,-0.074609935,0.075262524,-0.096635535,-0.058212068,0.0053008078,0.017203623,0.07031495,-0.010058057,-0.037240572,0.010628253,-0.035064302,-0.017098397,-0.092622235,-0.030650346,-0.11676605,-0.04282792,0.0602376,0.0047573037,-0.07431665,-0.06496311,-0.022950303,-0.06989243,-0.034184515,0.005805641,-0.033930227,-0.037514634,-0.02772484,0.011712858,-0.05534462,0.019102214,-0.058919802,0.030426841,-0.06601834,-0.0397283,0.03445033,0.10729806,-0.0065321764,0.031617768,0.053726323,-0.022473486,-0.023210146,0.027189845,0.021906998,0.05171504,0.061838217,-0.07081743,-0.03252598,0.066545084,0.05979971,0.011981379,-0.007759981,0.042374685,-0.03698329,0.009829078,0.037217326,-0.03657282,-0.014888601,-0.06800535,-0.049435988,0.09665434,-0.056372367,-0.07835204,0.03016476,-0.06521352,0.013844588,0.011132861,0.04358373,-0.07379265,-0.036118045,0.052976597,0.04752581,0.062785536,-0.078088894,0.043200765,0.08197336,-0.07026439,0.020173619,-0.022875503,-0.01040104,0.050809547,-0.0011371747,0.03171661,0.07346123,0.07222223,0.006893837,-0.03949313,0.04797093,-0.009934273,0.08694917,-0.020487526,-0.10165742,0.015550792,-0.09153363,0.056927145,0.022493813,0.044912424,-0.010323554,0.017159818,0.033112757,0.069795534,-9.18936e-06,0.050483115,0.029229444,-0.029785248,-0.075403415,0.09375482,-0.022822525,-0.04473903,-0.020375405,0.031696953,-0.08025831,0.018961241,0.022110686,0.011474805,0.04952949,-0.053435035,0.04690693,-0.04688123,0.023675116,0.0006806161,-0.03304358,-0.05553408,0.009048615,-0.04294208,-0.03337117,-0.017858222,-0.02726005,-0.08250311,-0.02447838,-0.069700584,-0.025241515,0.0055769496,0.061036408,-0.05480595,-0.03472908,0.013220586
1,1.1167636,-1.2321435,1.0737104,0.36316854,-0.038486164,1.047534,-0.6094114,0.31668195,-0.68993586,-0.29911795,0.14163356,0.5825278,-0.33881545,-0.8137057,0.5169794,0.27685118,0.5649472,0.69167936,0.44761014,-0.7109206,0.7019321,0.17856595,-0.8322999,0.43007293,0.76396936,-0.47608092,0.61739004,-0.13123588,0.24021494,-0.28866386,0.287677,-0.6941267,-0.52034473,0.5303046,-0.8831205,0.23308931,0.75475144,-0.5983061,0.2668224,0.26213917,-1.1384999,-0.05037926,-0.41237262,-0.10376714,-0.038296554,0.3605602,-0.31247175,0.3358896,0.63469076,-0.5616192,-0.76783496,0.42065638,-0.52536094,0.002774611,-0.66549236,-0.04909516,0.29455134,-0.22934236,-0.8080959,-0.8001998,0.13663825,0.5893545,0.10812768,0.8229372,0.2778611,-0.3265112,0.3366678,0.59191567,-0.33223653,0.109935954,0.02967943,0.83968425,-0.8420926,0.35471737,0.02153045,-0.19773673,-0.7443212,0.6682613,0.17369673,0.5272716,-0.99863833,0.70174664,-0.27019095,0.65894186,0.9301724,-0.4074733,0.511097,0.25568292,-0.36721122,1.184901,0.78185487,0.12785472,0.93865347,0.8646168,-0.44807976,-0.79437774,0.37423605,-0.55167526,-0.106339924,-0.29585952,0.4576895,0.5509714,-0.41055894,-0.3874652,-0.88329023,0.08053659,-0.26028314,1.668959,-0.3020316,0.24369569,0.8735611,-0.4984947,-0.2582421,-0.25019,0.18318874,0.18698534,-0.54847234,0.5257551,-1.2767278,-0.69521546,0.22070771,-0.2749049,0.08389398,-1.094825,-0.8269733,0.48384127,0.09066819,0.097710624,-0.30617252,0.6271458,0.3227284,0.41471004,0.55575824,0.26469755,0.16388945,0.6839409,-0.25327215,-0.6122531,0.40011013,0.4447921,0.6355549,0.12617823,-1.0622952,0.22882739,0.39705074,0.6654208,-0.045065932,-0.6417129,0.29887116,0.10102821,0.448847,-0.8186364,0.34523946,0.73846084,0.14388914,-0.56026983,-0.83386403,0.24502218,0.0056895576,1.0413038,0.37630817,-0.5438695,-0.5972707,-0.7789094,-1.0299579,0.55889744,-0.6508708,-0.0902271,-0.10151269,0.64524645,1.0067734,0.37120345,0.2836295,1.2616478,-0.13194983,0.66354924,-0.90093607,0.0010365695,0.5518406,-0.14930655,0.0487235,-0.00045163184,0.114023,0.2355653,0.6914341,0.0027830135,-0.19939175,-0.3200669,0.39059287,-0.60195154,-0.86645997,-0.64183474,0.24784142,-0.2055943,-0.39572772,0.21082208,-0.89708245,-0.56860024,-0.4334394,-0.46968392,0.89444196,-0.14061534,-0.6158973,-0.53222966,0.69221455,-0.25847766,-0.75636476,0.043777555,-0.09085297,0.040208913,0.6386088,-0.041126497,0.36625475,-0.9392211,-0.11488421,-0.13350561,0.16479994,-0.13259311,-0.7551284,-0.7823047,0.7175241,-0.4627869,1.2590005,0.61876583,0.52166665,-0.2137855,0.6376153,0.16850649,0.5372731,-0.89979625,-0.042814113,0.056380674,-0.120477945,1.5097847,-0.919338,0.20983164,0.02359417,0.37638864,-0.13308388,0.114078,0.34132195,0.41468152,0.4326854,-0.39430022,-0.38672674,-0.43168765,-0.494691,0.38997522,0.07236777,0.32191494,0.51566106,0.68512386,-0.9076694,-0.3653955,0.19149193,-1.2885354
1,0.721114,-0.8043701,0.722413,0.23199923,-0.0013515763,0.7038378,-0.3986795,0.20749982,-0.44306123,-0.19601817,0.09029554,0.39833444,-0.21037202,-0.54853266,0.3263504,0.16877915,0.3797845,0.4399538,0.30481297,-0.45855832,0.45503688,0.10934832,-0.553314,0.26923463,0.518852,-0.3072217,0.40606362,-0.08069433,0.15829812,-0.19980039,0.17061822,-0.43626797,-0.32664722,0.3459013,-0.56958836,0.13897263,0.52657187,-0.3901356,0.1537222,0.16504827,-0.7753663,-0.037420496,-0.26169565,-0.044146102,-0.0141018,0.21472633,-0.21095188,0.22826123,0.44089952,-0.38697326,-0.5025211,0.26150775,-0.33320567,-0.0063280985,-0.46983403,-0.028061576,0.18451153,-0.13711533,-0.5243709,-0.52979296,0.0669913,0.36407432,0.08243786,0.5522177,0.16648993,-0.20537803,0.22215788,0.37834778,-0.20118591,0.05778459,0.027947789,0.54057926,-0.54370207,0.23587246,0.0111472905,-0.14532939,-0.4644383,0.455544,0.08938303,0.3383379,-0.6773751,0.4403242,-0.18749884,0.42993912,0.62523746,-0.2799911,0.34122467,0.15655291,-0.2188406,0.76525384,0.5084459,0.08074494,0.63000333,0.5777626,-0.27615333,-0.5292389,0.23933613,-0.342945,-0.07243363,-0.17449674,0.30510303,0.383675,-0.2735951,-0.24159944,-0.6042423,0.041194465,-0.15747291,1.1194625,-0.20779264,0.16575721,0.5705196,-0.33485365,-0.16903304,-0.1421089,0.113141336,0.12414097,-0.3432081,0.34992453,-0.85485625,-0.460523,0.12653354,-0.16106021,0.027848728,-0.75210637,-0.55587804,0.33268756,0.0833591,0.06768959,-0.2198367,0.42197302,0.20649125,0.2769795,0.34828466,0.16858676,0.07805385,0.44388613,-0.15267837,-0.40849295,0.24844801,0.2772785,0.4229629,0.060969207,-0.7197416,0.15361086,0.25571907,0.43224257,-0.036896907,-0.4304189,0.18583724,0.078527145,0.28700125,-0.5418165,0.21005264,0.4860041,0.10987264,-0.34362578,-0.5587241,0.1762695,0.019214418,0.6897402,0.2499783,-0.360212,-0.39776397,-0.5057547,-0.67318285,0.34880653,-0.44679,-0.04221913,-0.05327572,0.44098592,0.676777,0.26383087,0.17971438,0.853054,-0.07844421,0.4354896,-0.60718113,-0.021491762,0.35651633,-0.07066277,0.013449822,-0.020938434,0.08550105,0.13580406,0.46733987,-0.0006911028,-0.11378125,-0.23664606,0.2572034,-0.3904722,-0.56390727,-0.4105698,0.144564,-0.12146787,-0.24223924,0.1180059,-0.5914599,-0.39333507,-0.2927589,-0.30032042,0.5979629,-0.08822972,-0.3904871,-0.33486718,0.46697313,-0.18743888,-0.49167138,0.030005515,-0.0356811,0.02591986,0.39749652,-0.024081,0.21895002,-0.614012,-0.073445015,-0.075711764,0.10904737,-0.08471433,-0.49925435,-0.5044783,0.47982433,-0.29460853,0.8562089,0.4115083,0.3302372,-0.120729126,0.41941565,0.10273206,0.35082173,-0.5946636,-0.052525155,0.047553036,-0.07669774,1.013488,-0.60000783,0.12383501,0.031187326,0.237131,-0.080057025,0.07355304,0.2174811,0.26094884,0.29611957,-0.27716297,-0.2684134,-0.2966207,-0.34264338,0.23526594,0.03907827,0.19683735,0.33899912,0.46108145,-0.58750415,-0.26157135,0.12001207,-0.8581625
1,0.6950229,-0.7729511,0.69864225,0.22386374,-0.00029986724,0.6738559,-0.38248485,0.19854146,-0.42793763,-0.18763249,0.08636773,0.38443428,-0.20120399,-0.5374707,0.31671047,0.16488925,0.36470428,0.42550933,0.29832792,-0.44125712,0.4355303,0.10441809,-0.53605473,0.25902328,0.49911025,-0.29691482,0.39090914,-0.07694394,0.15595293,-0.19481774,0.16293697,-0.42155823,-0.31430918,0.33650473,-0.5509567,0.13268103,0.5101567,-0.37811843,0.14517516,0.15809858,-0.7510147,-0.035886347,-0.25510597,-0.04195742,-0.011691343,0.20616487,-0.20720759,0.22157408,0.42508075,-0.37375957,-0.48359904,0.24836582,-0.32186413,-0.0036855787,-0.45148814,-0.0259365,0.18160547,-0.13276896,-0.5049509,-0.51166165,0.061721403,0.34995353,0.08150789,0.5314722,0.16143759,-0.20095392,0.2145877,0.36298242,-0.18796489,0.056810845,0.027094359,0.5187881,-0.52434766,0.23057051,0.009132221,-0.14265867,-0.44994786,0.44005612,0.08445927,0.32370818,-0.6530629,0.42186743,-0.18136543,0.41499713,0.6034904,-0.27152848,0.32752967,0.15394482,-0.2123447,0.7348202,0.48994595,0.07651377,0.60901725,0.5580611,-0.26398027,-0.51180553,0.23372963,-0.33192047,-0.06979461,-0.17089689,0.2935883,0.37069452,-0.26417747,-0.2361142,-0.5829658,0.037647408,-0.15492027,1.0826101,-0.2049064,0.15754502,0.54956967,-0.32630172,-0.16327356,-0.13596201,0.10763141,0.124224246,-0.33172774,0.33828765,-0.824618,-0.44591492,0.121706985,-0.15669692,0.028842054,-0.7251679,-0.53831786,0.3236813,0.081346706,0.06610956,-0.21474397,0.40557224,0.19961178,0.27102536,0.33755684,0.15898415,0.075230315,0.42538425,-0.1457909,-0.39545897,0.24147993,0.2659638,0.4120264,0.05432186,-0.6962908,0.14942208,0.24438943,0.41873294,-0.034500994,-0.41999757,0.17997068,0.078077376,0.27862483,-0.52482194,0.20158401,0.47052985,0.1056532,-0.33232367,-0.5364022,0.17112127,0.019029912,0.6651234,0.24394768,-0.34684655,-0.38629648,-0.48557863,-0.65143764,0.33037785,-0.43387434,-0.042823862,-0.052242182,0.42852408,0.6557709,0.25371385,0.1732186,0.82546353,-0.07451509,0.4220873,-0.5866858,-0.024299856,0.34384072,-0.0661262,0.01035114,-0.018649526,0.08530043,0.12869999,0.45418367,-0.00057188235,-0.10247164,-0.22778258,0.24977471,-0.37837872,-0.54207766,-0.39495182,0.14120041,-0.113995746,-0.23142004,0.1107662,-0.5704211,-0.38191354,-0.2824499,-0.28768715,0.5771449,-0.08635872,-0.37598372,-0.32274568,0.45339966,-0.18105537,-0.47464257,0.029305488,-0.03322085,0.025921693,0.38322777,-0.023765184,0.20699821,-0.593426,-0.07229933,-0.071665,0.10564287,-0.083536625,-0.48282483,-0.4862244,0.4623955,-0.28208613,0.83024406,0.3993915,0.3169277,-0.11977521,0.40410566,0.09996584,0.3344891,-0.57710457,-0.052112408,0.048856232,-0.07562482,0.97908163,-0.5767497,0.11925475,0.033745438,0.22638953,-0.077655196,0.06867647,0.20896414,0.2520546,0.28947443,-0.26697695,-0.2581355,-0.2858597,-0.33338937,0.22209755,0.035690848,0.18931155,0.3258716,0.44546282,-0.5650577,-0.25191706,0.117686816,-0.8272215
1,-0.09212142,0.057361722,0.0003952086,-0.041936815,0.081653126,0.020392861,0.03248117,-0.013088269,0.07454269,0.0071338248,-0.013265874,0.031899925,0.053179078,0.009760257,-0.08381939,-0.068176605,0.007509459,-0.072455004,0.007082673,0.046749644,-0.05142062,-0.031284362,0.03001462,-0.07167964,0.032087654,0.039039567,-0.02376189,0.018950682,-0.011621648,-0.021309866,-0.06861296,0.1001264,0.06465011,-0.03966523,0.085402265,-0.06757884,0.07449784,0.05306504,-0.07970922,-0.033241954,-0.033609036,-0.02050794,0.05782178,0.07820341,0.028728347,-0.08961514,0.004948307,0.011468097,0.061595045,-0.02793296,0.038047627,-0.06008598,0.07433045,-0.034498774,-0.08579663,0.00820921,-0.053093567,0.055910394,0.05473673,0.015991798,-0.08051075,-0.10478726,0.018762482,0.012555231,-0.066178694,0.0625105,-0.013379382,-0.06588092,0.059247665,-0.058838826,0.03133642,-0.07441409,0.066767216,-0.022709938,0.0010622982,-0.031429112,0.11397278,0.015716776,-0.09616251,-0.041132644,-0.024648724,-0.09949045,-0.010683442,-0.03586341,0.018360794,-0.016258053,0.0030781995,-0.07464859,0.08798778,-0.09058695,-0.049839877,-0.020981656,0.012447328,-0.011433899,0.070317596,0.0069355885,-0.03946104,0.09604938,-0.00082620047,0.08422308,-0.00700909,0.04874781,0.008373393,0.06908192,-0.047155254,-0.040274356,0.06676242,0.007983128,-0.005567897,0.024648711,-0.045115523,0.0029040622,0.011700502,0.08205319,-0.031715218,-0.016739404,0.082584776,-0.0022832206,-0.0012749825,0.013098106,-0.073451184,0.07413014,-0.097017825,-0.061671413,0.0031647868,0.018749898,0.06919494,-0.011309031,-0.0379026,0.013091126,-0.03421203,-0.0154378265,-0.09144135,-0.02979614,-0.11799116,-0.04023234,0.05903434,0.002844926,-0.072952256,-0.065426916,-0.022146333,-0.06864162,-0.036213182,0.0064215455,-0.033739645,-0.035888355,-0.026985537,0.012146363,-0.054802936,0.021157932,-0.056228362,0.029752824,-0.065500736,-0.04078906,0.033870228,0.10694803,-0.009319848,0.033560436,0.055977996,-0.019794574,-0.023896433,0.026246,0.01968091,0.050116062,0.06035894,-0.06851427,-0.033426113,0.0687282,0.05933705,0.013544619,-0.0045287386,0.043992184,-0.035094142,0.012683231,0.037056047,-0.03491269,-0.017959928,-0.06587623,-0.04833162,0.09466522,-0.055817764,-0.07848895,0.029207421,-0.062651895,0.014687606,0.010186927,0.041209087,-0.07647728,-0.03583876,0.0525336,0.044358104,0.060996167,-0.07887899,0.041526984,0.0814276,-0.070544675,0.017812759,-0.024706215,-0.011364961,0.049816243,0.0016876161,0.03318948,0.071959555,0.0701733,0.009399469,-0.041274168,0.04566287,-0.00890841,0.08688447,-0.020000668,-0.10015994,0.014991933,-0.09040125,0.05448331,0.022105169,0.043853484,-0.009279376,0.01744841,0.03271006,0.068397984,0.0014731837,0.048824206,0.03167896,-0.029335717,-0.073462814,0.09585067,-0.021355357,-0.045533393,-0.018270768,0.030740596,-0.080238104,0.019130465,0.021862773,0.013465663,0.047543764,-0.053012293,0.046310224,-0.04531107,0.023937296,0.0017439816,-0.031584576,-0.056168385,0.009761725,-0.04396136,-0.035341766,-0.019807434,-0.026885353,-0.08051223,-0.023031054,-0.06853913,-0.02348222,0.008763188,0.059543815,-0.057441432,-0.03488451,0.011089403
1,-0.009354521,-0.023447301,0.076219514,-0.0092415605,0.064938866,0.08036634,-0.012831956,0.00820385,0.0089803245,-0.017335465,-0.004091615,0.062854126,0.026473776,-0.05859496,-0.024507048,-0.03358207,0.040191352,-0.019161265,0.041253775,-0.0041227937,-0.00058413297,-0.022473413,-0.039868962,-0.031148404,0.06954389,0.004077227,0.022760876,0.010219958,0.012380647,-0.04138867,-0.047233008,0.03276886,0.024865214,0.010494826,0.005038388,-0.042251937,0.12044974,-0.0029767102,-0.0582799,-0.010560656,-0.11100071,-0.015223518,0.012952605,0.06241686,0.032373358,-0.05572696,-0.020686004,0.029927846,0.08753103,-0.068023585,-0.01469944,-0.032123223,0.030403405,-0.023618821,-0.118677124,0.009409897,-0.011512354,0.03374999,-0.0011945292,-0.037443675,-0.062439784,-0.052530356,0.031816754,0.05689063,-0.035788782,0.01944083,0.01332403,-0.021255627,0.037635718,-0.037435222,0.027882632,-0.007890355,0.00391417,0.011959424,-0.006646824,-0.051023483,0.04981792,0.058427505,-0.0649996,-0.006556973,-0.0886229,-0.03877949,-0.035489563,0.016582318,0.072221674,-0.046030693,0.03511524,-0.03288335,0.05133462,-0.0007343516,0.0048371665,-0.0058513638,0.06796745,0.05098452,0.035548303,-0.046798285,-0.010402015,0.039425485,-0.0068167336,0.047426403,0.024633173,0.08058886,-0.02299597,0.020593897,-0.097312175,-0.030856613,0.03592646,0.122480854,-0.025360603,0.034477826,0.014907321,-0.035151485,-0.00793344,0.05998078,-0.019665638,0.008534995,0.034541827,0.029211193,-0.084698506,-0.035720773,-0.04772611,0.043901637,-0.07374048,-0.124937095,-0.055591233,0.05405507,0.06989421,0.0043617934,-0.05511811,0.047613744,-0.0056795254,0.02093606,-0.03865213,-0.0054658474,-0.08601555,0.0008859262,0.03547751,-0.037227437,-0.034193344,-0.029738382,0.036499746,-0.061244812,-0.09750606,0.017348012,-0.003833115,0.012019947,-0.021044714,-0.042339392,-0.02619708,0.026927136,-0.009152567,-0.03511815,-0.03894999,0.02177424,0.042753864,0.052128438,-0.06181719,0.049868584,0.046436694,0.051523164,0.016308814,-0.017474344,-0.027255207,-0.0045504905,-0.020659992,-0.038448438,-0.077552274,0.045996632,0.033574224,0.06836076,0.07045925,0.05920824,-0.012370495,0.09934512,0.025347639,0.021485468,-0.0761574,-0.06963601,-0.0069174627,0.075374976,-0.05534145,-0.056155536,0.037199114,-0.046597764,0.05965051,0.004106829,0.038981788,-0.085613064,0.0036735367,-0.00032904,-0.0068792067,0.015757069,-0.04901462,0.03049887,0.041023865,-0.051918678,-0.03718521,-0.070926115,-0.04138768,0.012300566,0.058723018,0.011261602,0.023330001,0.023463931,0.059290092,-0.052773587,-0.007676143,0.001944337,0.070720285,-0.014461191,-0.044816036,0.006518526,-0.05358986,-0.020416277,0.0055975337,0.028413834,0.0019340441,-0.0010228716,-0.0266129,0.0075997002,0.038615495,0.012990549,0.115400955,0.024453618,-0.027597703,0.05814234,0.022036055,-0.023373177,0.012440337,-0.04529574,-0.07518692,0.026583785,-0.001804227,0.107241854,-0.015834816,-0.040438518,0.047719464,-0.020954264,0.012966413,0.0019324068,-0.008597847,-0.017689932,0.04880079,-0.05737453,-0.054617018,-0.04667066,-0.059493434,-0.049676746,-0.021690164,-0.034004584,0.016600003,0.05325991,-0.0067843013,-0.076651305,-0.012612558,-0.07465826
1,0.85950655,-0.95427513,0.8461936,0.27922377,-0.014775436,0.8245872,-0.4730374,0.24594514,-0.5298454,-0.2326597,0.10919447,0.46286386,-0.2557785,-0.64197487,0.39499864,0.20682521,0.44494677,0.52903426,0.35513586,-0.5472647,0.54131734,0.13254328,-0.6519385,0.3260987,0.6043609,-0.3660403,0.48111627,-0.098713085,0.18669295,-0.23138137,0.21144752,-0.5279433,-0.39422894,0.41094482,-0.6806023,0.17220515,0.6067937,-0.46306387,0.193656,0.19884439,-0.9021206,-0.04118994,-0.3149495,-0.06482595,-0.020897929,0.2655137,-0.24645086,0.26573864,0.5070249,-0.44828188,-0.5956637,0.31793997,-0.39987278,-0.0032518134,-0.54010403,-0.03487303,0.2243703,-0.16993138,-0.6241113,-0.6242261,0.092110544,0.44316855,0.09178664,0.6484247,0.20586191,-0.24890225,0.26348597,0.45323804,-0.24776855,0.07736795,0.029057551,0.64640284,-0.64837337,0.27820802,0.013556242,-0.16389365,-0.5621761,0.5299895,0.11959816,0.40350574,-0.79060596,0.53291893,-0.21847433,0.5118191,0.73210025,-0.3243703,0.4003417,0.19164659,-0.2707664,0.91351527,0.6044088,0.09825675,0.7381432,0.6782286,-0.33648217,-0.62200725,0.2862737,-0.4170544,-0.085015364,-0.21751054,0.3579603,0.44245446,-0.32191515,-0.2936724,-0.70219076,0.054845195,-0.19318353,1.3118079,-0.23943225,0.1932676,0.6759767,-0.39183453,-0.1994331,-0.18012953,0.13780472,0.14715762,-0.41547084,0.41164616,-1.0025027,-0.5438384,0.15993375,-0.20183374,0.048397265,-0.8726132,-0.650375,0.3862214,0.085599974,0.07923382,-0.25018674,0.49410728,0.24730551,0.32576352,0.4209804,0.20313084,0.10822494,0.5278164,-0.1886859,-0.47979364,0.30158544,0.33618724,0.4981158,0.0839407,-0.8394164,0.17990243,0.30586177,0.51332974,-0.039634936,-0.5044146,0.22546619,0.08757556,0.34436676,-0.6391228,0.25727922,0.5753141,0.12156701,-0.420055,-0.6557444,0.20114896,0.01392686,0.8130601,0.2951473,-0.42492417,-0.46783477,-0.60197324,-0.7990719,0.4220299,-0.51886564,-0.05884349,-0.070998475,0.514407,0.793271,0.30100116,0.2165374,0.99616474,-0.0966942,0.51658744,-0.7105053,-0.013518609,0.42416364,-0.098835856,0.025023859,-0.012425225,0.09543787,0.1714769,0.54599124,0.00040081888,-0.14368916,-0.2656138,0.3041765,-0.4643921,-0.669171,-0.49121344,0.18127415,-0.15034968,-0.29621425,0.15020126,-0.6981368,-0.45630732,-0.34212187,-0.35979,0.7019621,-0.10535761,-0.4694783,-0.40430737,0.5471196,-0.21208313,-0.5843997,0.035878114,-0.054793738,0.02950911,0.48248327,-0.031188615,0.27076373,-0.7288718,-0.08860475,-0.09632694,0.1287734,-0.1018747,-0.5890707,-0.60200065,0.5615248,-0.35299048,0.9966308,0.4838995,0.3967728,-0.1546682,0.4951524,0.1251525,0.4157942,-0.70339155,-0.048703454,0.050961494,-0.09268311,1.1865015,-0.7120841,0.15390529,0.028455295,0.28531036,-0.09821889,0.0872913,0.26139736,0.31589812,0.34469923,-0.31782222,-0.30970243,-0.34449944,-0.395516,0.2893744,0.049982835,0.24165426,0.4018019,0.5396207,-0.70074195,-0.2981561,0.14618205,-1.0094081
1,0.9136591,-1.0138953,0.8936658,0.2968614,-0.019271132,0.87315714,-0.5022943,0.26171702,-0.56274813,-0.2479024,0.11531411,0.48872736,-0.2729866,-0.67642564,0.41988814,0.21985193,0.47082156,0.5625787,0.37371078,-0.5824536,0.57581,0.14270097,-0.6895847,0.34757677,0.63827133,-0.38917238,0.5098984,-0.10685152,0.1979265,-0.24348947,0.22762863,-0.561582,-0.42133212,0.43538302,-0.7220186,0.18444788,0.63884634,-0.4906321,0.2087205,0.21216737,-0.9522634,-0.04314652,-0.33388433,-0.07282394,-0.02590635,0.2853742,-0.25971285,0.28083137,0.5351458,-0.47254923,-0.63218915,0.34002325,-0.4252478,-0.0027944446,-0.568351,-0.038051635,0.2377101,-0.18181764,-0.66314447,-0.6605722,0.10127406,0.4735733,0.095376104,0.68513,0.2205094,-0.26349008,0.27895015,0.48236957,-0.26662353,0.08273479,0.029618166,0.6873636,-0.6888617,0.292791,0.015936911,-0.17075418,-0.59912944,0.5595889,0.13086542,0.43025076,-0.8346225,0.56799215,-0.22887143,0.5420838,0.77403384,-0.34192607,0.42538583,0.2038107,-0.29025427,0.97006994,0.6431928,0.10409282,0.7807518,0.71730953,-0.36049587,-0.6580233,0.3034381,-0.44407806,-0.08963295,-0.23267452,0.3793415,0.465381,-0.34024793,-0.31167457,-0.7416069,0.061088566,-0.206159,1.3878607,-0.25186718,0.20444207,0.71748847,-0.41449502,-0.21255253,-0.19477388,0.1473262,0.1546623,-0.44294047,0.43515268,-1.061072,-0.575167,0.17189303,-0.21642374,0.05480004,-0.9200282,-0.68797344,0.40612516,0.08699341,0.08229364,-0.26186228,0.5229436,0.26270157,0.34391153,0.44864917,0.21694632,0.11892274,0.56128657,-0.20205179,-0.50753725,0.32138753,0.35862672,0.5262719,0.09313354,-0.88657546,0.18977049,0.32520926,0.54507095,-0.04027795,-0.5323513,0.24033281,0.090259336,0.36648673,-0.6763769,0.27567273,0.60844797,0.12601954,-0.44841263,-0.69383794,0.21086046,0.012968894,0.8616169,0.31139597,-0.4502736,-0.494551,-0.6393287,-0.8469511,0.45205572,-0.5462693,-0.06425041,-0.07699166,0.541732,0.8381287,0.31670377,0.23092797,1.0514607,-0.10429026,0.54722446,-0.75102746,-0.009205926,0.45070893,-0.108934686,0.029642414,-0.01060839,0.09884255,0.18542136,0.57618886,0.0012674015,-0.15756387,-0.27842033,0.32200056,-0.49291012,-0.71166956,-0.5228084,0.19438517,-0.16222599,-0.31690022,0.16306674,-0.7402503,-0.47932675,-0.36142403,-0.38350332,0.74298847,-0.11282334,-0.5008873,-0.43083674,0.5784465,-0.22171995,-0.62035036,0.037696213,-0.06276532,0.031584613,0.5150503,-0.033242024,0.29163516,-0.77239347,-0.093491346,-0.104741015,0.13640155,-0.10709028,-0.62296677,-0.63980883,0.5948876,-0.3769779,1.0513818,0.5114808,0.42320016,-0.16508074,0.5261509,0.13378778,0.4427446,-0.74355924,-0.047773533,0.051597666,-0.098152995,1.2547961,-0.7564505,0.16531748,0.026394337,0.30489847,-0.1062071,0.09308185,0.27876762,0.33599025,0.3633087,-0.3345697,-0.32651725,-0.36359343,-0.41632238,0.3109565,0.055126447,0.25931448,0.4256036,0.56993526,-0.7443482,-0.3131107,0.15385896,-1.068136
1,0.50626373,-0.5733999,0.5322283,0.16177705,0.018584386,0.51797587,-0.2845851,0.1491968,-0.30979067,-0.14188191,0.06219258,0.29905388,-0.14065437,-0.4058597,0.22462636,0.11077382,0.27933615,0.30423456,0.22808027,-0.32356542,0.32096988,0.07155272,-0.4024818,0.18235375,0.38553283,-0.21543373,0.29286203,-0.053874865,0.11503447,-0.1530964,0.10750735,-0.29717934,-0.22229303,0.24719003,-0.40026098,0.08742763,0.40399015,-0.2771354,0.092138745,0.112909995,-0.5787631,-0.02997677,-0.18053158,-0.012716893,-0.00010896474,0.13598481,-0.1566123,0.17072864,0.33476624,-0.292448,-0.35874948,0.175403,-0.22826615,-0.010665711,-0.3652311,-0.015987914,0.12675199,-0.087624535,-0.37089902,-0.38373357,0.0298591,0.2420198,0.068619184,0.40578228,0.106920704,-0.14027466,0.16115573,0.26215956,-0.13060322,0.029567558,0.026572658,0.37869564,-0.38277432,0.17056336,0.004776396,-0.117048964,-0.31297192,0.3406136,0.044459738,0.23552929,-0.50298524,0.29912895,-0.14347237,0.3071942,0.4604023,-0.21060336,0.24980421,0.10282725,-0.1392093,0.5386765,0.3602971,0.055518914,0.4635986,0.42234284,-0.18408243,-0.3859994,0.16661288,-0.23061982,-0.05424557,-0.1104814,0.22251624,0.2927276,-0.20010151,-0.16364396,-0.45392108,0.020288374,-0.101921335,0.82307833,-0.15600787,0.12441559,0.40548843,-0.24732175,-0.121466205,-0.08364844,0.07522314,0.09191212,-0.2333774,0.25495237,-0.6267132,-0.33441538,0.07564732,-0.10067022,-0.0017554052,-0.5663516,-0.40924194,0.2510794,0.07937957,0.05137878,-0.17298868,0.311213,0.14374033,0.20341049,0.2358575,0.116192535,0.031529784,0.31385064,-0.09840944,-0.29938337,0.16645247,0.1860865,0.30856404,0.02490111,-0.5345252,0.11291159,0.17895561,0.3069835,-0.0315767,-0.31627268,0.1238708,0.065968625,0.20076965,-0.39260626,0.13639596,0.34912783,0.09091659,-0.22701898,-0.4102113,0.13957864,0.026907947,0.49974006,0.18252358,-0.26030317,-0.2896354,-0.35779467,-0.48098597,0.23476921,-0.33653456,-0.016054966,-0.027918184,0.33150992,0.49811733,0.20457032,0.12388346,0.6315235,-0.048320763,0.31303602,-0.44901997,-0.033587396,0.25020233,-0.028147459,-0.006457206,-0.0307025,0.070107855,0.082667395,0.34690994,-0.001351038,-0.06743357,-0.19149666,0.18471135,-0.27590796,-0.40022543,-0.2853011,0.0883389,-0.07653539,-0.15928501,0.06708415,-0.42676052,-0.29947725,-0.2167033,-0.20823684,0.43795344,-0.059317864,-0.2687761,-0.22892997,0.34659177,-0.14836738,-0.34889287,0.023325637,-0.0057607666,0.017278882,0.26777086,-0.015656583,0.13918471,-0.4387741,-0.05099843,-0.044954397,0.07896872,-0.0593943,-0.360648,-0.35431236,0.34987926,-0.20360613,0.637489,0.29863143,0.22565416,-0.070551574,0.30159914,0.06665303,0.24992163,-0.43123922,-0.0581258,0.042722348,-0.053026795,0.74507976,-0.42705196,0.07729191,0.03497041,0.16176689,-0.05113196,0.050876617,0.15096778,0.17823604,0.22342238,-0.21319269,-0.20500253,-0.22397785,-0.2593724,0.15152958,0.020731729,0.13034262,0.24383101,0.3394034,-0.4144463,-0.20577565,0.08181039,-0.6254628
1,-0.12884152,0.091769226,-0.031013392,-0.06960348,0.09803745,-0.005331399,0.062419977,-0.03960202,0.1137244,0.020190205,-0.022632211,0.0054198783,0.071510375,0.06426905,-0.12729801,-0.08377383,-0.01868062,-0.10039766,-0.028842093,0.066279784,-0.0773361,-0.048395775,0.06771263,-0.10248588,0.014732799,0.047840297,-0.056121323,0.03556804,-0.024213986,-0.0013282262,-0.09565561,0.12513745,0.07891556,-0.059530742,0.12313993,-0.08488445,0.061117325,0.08652883,-0.10143603,-0.03875273,-0.0010479465,-0.027679771,0.06432594,0.08868368,0.032719277,-0.12449232,0.03376441,-0.01581246,0.053503394,-0.00014935434,0.06071379,-0.09839186,0.11674485,-0.036424868,-0.053613815,-0.0022435673,-0.07478591,0.0639165,0.106726885,0.023488816,-0.09554881,-0.12995517,-0.004208047,-0.01174044,-0.08278179,0.096083514,-0.041639116,-0.1068514,0.09025562,-0.05738033,0.04972528,-0.0996611,0.103501305,-0.03060094,0.020862162,-0.020394346,0.13761579,-0.037026662,-0.12010955,-0.047093876,-0.0052689193,-0.14199553,0.02006644,-0.053829182,0.008395977,-0.0017173924,-0.019560475,-0.11215249,0.1103519,-0.11332084,-0.08351246,-0.03240025,-0.0074044466,-0.0498394,0.08462365,0.027761532,-0.061456006,0.12788,0.022793703,0.12587416,-0.019980388,0.04075896,0.034100436,0.08432926,-0.013663182,-0.052278865,0.0926644,-0.037121207,0.013456471,0.03871038,-0.06601218,0.02017597,0.035555895,0.10291639,-0.04495594,-0.035635233,0.11408036,-0.007725145,0.017112885,0.038085107,-0.09344312,0.07883233,-0.113104194,-0.033315264,0.036505856,-0.012273822,0.08193491,-0.02116343,0.00040960684,-0.0031955033,-0.060570765,-0.061068818,-0.124941334,-0.045549564,-0.13966155,-0.066183515,0.08473418,0.037363097,-0.09945358,-0.08090384,-0.036265932,-0.06946167,-0.017252445,-0.0034450386,-0.040822513,-0.043030202,-0.042512126,0.03335163,-0.08353157,-0.018941835,-0.087424256,0.06046291,-0.07761414,-0.06347794,0.024658348,0.12316696,0.0068734856,0.017294137,0.05796616,-0.042836435,-0.053165846,0.049808048,0.05121368,0.06670888,0.10633508,-0.09370297,-0.02983199,0.06505663,0.08132618,-0.009980451,-0.037961863,0.028312389,-0.06438737,-0.03463809,0.04073917,-0.06414191,0.0055608694,-0.09423034,-0.06714056,0.1171251,-0.06112989,-0.10828276,0.052238427,-0.09040162,0.00034459215,0.026008556,0.03900042,-0.06070134,-0.07158779,0.06681144,0.07217441,0.08466138,-0.09530386,0.056668945,0.10421738,-0.08248775,0.043089513,0.006534308,-0.009915162,0.07563223,-0.013661675,0.04441009,0.11001964,0.104553506,-0.022669774,-0.026344473,0.07419472,-0.028755195,0.11144395,-0.050560072,-0.1366443,0.03209251,-0.12138787,0.08637285,0.045128737,0.058382615,-0.033041127,0.01844617,0.059371583,0.090210065,-0.014556998,0.07331235,0.007017255,-0.074438006,-0.107260525,0.13555972,-0.03967961,-0.055425614,-0.04027854,0.049005333,-0.098063245,0.0030141696,0.02797171,-0.02270136,0.06963661,-0.07815651,0.05026395,-0.07342124,0.012558993,0.0104685,-0.047358558,-0.063606076,-0.01777428,-0.041734993,-0.0243854,0.004437877,-0.023318894,-0.109090045,-0.0298425,-0.10512127,-0.062772475,-0.0032149146,0.08034469,-0.043956466,-0.062341616,0.031223785
0,0.4141738,-0.4680635,0.44989234,0.13153069,0.02454691,0.4279449,-0.23272641,0.12061639,-0.25445437,-0.115015045,0.050832845,0.2532483,-0.10982166,-0.3526933,0.18478522,0.09097418,0.23207396,0.24851263,0.19912769,-0.26259252,0.25839978,0.05378844,-0.33929873,0.14488135,0.32331654,-0.17692953,0.24123627,-0.04070367,0.09899594,-0.13224927,0.07917176,-0.24216202,-0.17691469,0.20876206,-0.33154124,0.06512155,0.34891775,-0.23109838,0.06435017,0.089197114,-0.49387708,-0.025919974,-0.15140428,-0.00084991753,0.0075850002,0.103461236,-0.13603213,0.14500433,0.2851386,-0.25039148,-0.29487467,0.13450223,-0.18503341,-0.008905973,-0.31173754,-0.009806354,0.10757742,-0.06882827,-0.30339855,-0.3201391,0.0124667175,0.19073197,0.06446704,0.33848533,0.0846982,-0.117897995,0.13426763,0.21105222,-0.093078874,0.022374377,0.025721004,0.3064386,-0.31362316,0.14705034,0.00041600317,-0.107058406,-0.25390747,0.28827405,0.025768466,0.18875714,-0.42462805,0.23710005,-0.12440879,0.25484917,0.38703912,-0.18054226,0.20539598,0.086136274,-0.109079875,0.43822256,0.2952785,0.043738108,0.38983554,0.35478723,-0.14199644,-0.32409388,0.13829641,-0.18707564,-0.045638476,-0.08783892,0.18430132,0.25227767,-0.167681,-0.13719268,-0.38415897,0.009641398,-0.083033755,0.6934176,-0.1378316,0.101722375,0.334142,-0.21049291,-0.099338844,-0.05896803,0.056907117,0.0822492,-0.18745556,0.21346866,-0.52456355,-0.28126228,0.05624505,-0.0783585,-0.007863086,-0.48079222,-0.34623715,0.21728697,0.075113066,0.04482408,-0.15319479,0.2595856,0.11848444,0.17461608,0.1918845,0.09066968,0.01572144,0.253181,-0.074448854,-0.2510441,0.13534567,0.14782445,0.26464334,0.0065453798,-0.4534407,0.096471235,0.14424813,0.25413594,-0.02740494,-0.27198148,0.1004289,0.062990546,0.16577071,-0.33028224,0.10606291,0.293136,0.080467574,-0.18120033,-0.34039995,0.12212787,0.026946109,0.41617975,0.15617254,-0.21566656,-0.24506608,-0.29266265,-0.40141293,0.17816375,-0.28983626,-0.01116287,-0.019971082,0.28556582,0.4229635,0.17418468,0.10023021,0.53547287,-0.036014937,0.26255926,-0.37901792,-0.04245559,0.20468168,-0.011460006,-0.01658208,-0.029158378,0.066117704,0.057509515,0.29676998,-0.0023005046,-0.03865078,-0.1667388,0.15550846,-0.22890817,-0.32543138,-0.23024717,0.06998491,-0.05327415,-0.12342789,0.044208646,-0.35322645,-0.25988606,-0.18296917,-0.16696173,0.3675949,-0.049584072,-0.21601257,-0.18407744,0.29492024,-0.12932676,-0.2873395,0.019925343,0.005948968,0.013473332,0.21347126,-0.013309307,0.101524055,-0.36448732,-0.044142984,-0.030614056,0.066002324,-0.051099688,-0.30142328,-0.28931355,0.2913133,-0.16181418,0.5444113,0.2532069,0.18055727,-0.05727347,0.2481628,0.05364903,0.20046587,-0.3650345,-0.058754183,0.043243412,-0.04780516,0.6258757,-0.34886086,0.05714543,0.04138931,0.12556252,-0.04134194,0.038635418,0.121722884,0.14543134,0.19444478,-0.18130516,-0.17323789,-0.18895629,-0.2259715,0.11088703,0.010757927,0.10157339,0.20175149,0.28657347,-0.33888996,-0.17766318,0.06933438,-0.52199256
1,-0.106815815,0.07110024,-0.011301935,-0.05356496,0.0867873,0.009422375,0.04412268,-0.023132762,0.089245155,0.0123321265,-0.016300224,0.021030195,0.060258176,0.029673155,-0.099817686,-0.073652625,-0.0036355648,-0.0833091,-0.007118078,0.054072447,-0.061832584,-0.03843799,0.04430939,-0.08268477,0.024819711,0.042640198,-0.034220558,0.025681129,-0.015158391,-0.0126704145,-0.07914151,0.109332904,0.06987212,-0.046603,0.09917532,-0.07445445,0.06905919,0.06599222,-0.08779872,-0.03551959,-0.020303227,-0.02306146,0.060943615,0.08202414,0.03031759,-0.1028766,0.015240859,0.0001376532,0.057721104,-0.016686957,0.047496654,-0.075093135,0.09075568,-0.03513629,-0.07161063,0.0036611743,-0.060398616,0.05871455,0.074987814,0.019441755,-0.0863482,-0.1139832,0.01111263,0.002562833,-0.07228708,0.07446671,-0.023823302,-0.08127828,0.07184586,-0.058157668,0.03816475,-0.084533915,0.0816835,-0.025076156,0.008346263,-0.027012236,0.12345728,-0.0045714937,-0.10502918,-0.044274524,-0.016829943,-0.115939714,0.0021551084,-0.043142825,0.0138049275,-0.010945462,-0.0069953594,-0.08836871,0.095926896,-0.09953521,-0.0630693,-0.024903066,0.0029143468,-0.026014792,0.07684,0.015445942,-0.046832222,0.108839564,0.008425319,0.10145683,-0.011920102,0.04547304,0.018926175,0.075141355,-0.03465184,-0.045570597,0.07583947,-0.0094076255,0.002400715,0.02947208,-0.05353982,0.010834716,0.02157286,0.09190748,-0.037567765,-0.023743981,0.09440299,-0.004551293,0.0062939124,0.023430938,-0.08174288,0.07597296,-0.10203627,-0.050696805,0.016287252,0.006007366,0.074328125,-0.015513275,-0.023263447,0.005853907,-0.043120738,-0.032837097,-0.10419144,-0.034657195,-0.12620407,-0.04999723,0.06787746,0.015403857,-0.082761034,-0.07132169,-0.028211396,-0.06973812,-0.02762107,0.0022622203,-0.03779711,-0.038408082,-0.033344094,0.019765759,-0.06581673,0.0057754107,-0.06807074,0.04113794,-0.0697799,-0.0497787,0.029402073,0.11288775,-0.0029511293,0.028094694,0.057129662,-0.030219447,-0.034283467,0.035965312,0.0314093,0.05790253,0.07810451,-0.07838157,-0.03281244,0.06717493,0.066642195,0.00398824,-0.016888827,0.037908394,-0.04710895,-0.0056157634,0.039882224,-0.04616853,-0.009063659,-0.07730332,-0.055155292,0.10289472,-0.058164716,-0.08899024,0.038801324,-0.0735589,0.008141131,0.014832029,0.040105496,-0.06986509,-0.04987504,0.058998283,0.056388307,0.07017158,-0.084706426,0.046840504,0.09107675,-0.07507641,0.027760617,-0.012874346,-0.010997601,0.05938907,-0.00536168,0.03740022,0.086186066,0.08323467,-0.0028459535,-0.03436366,0.058221802,-0.016904034,0.095154434,-0.029989937,-0.114045426,0.021050196,-0.102740005,0.067220524,0.030785546,0.04883651,-0.018392073,0.017924411,0.042872038,0.07631632,-0.004953712,0.05922112,0.021819891,-0.045348845,-0.08700903,0.11049216,-0.028262453,-0.04914554,-0.026757777,0.038058903,-0.08696525,0.013611939,0.023296433,-4.6050176e-05,0.05599978,-0.063566834,0.047744934,-0.057095997,0.020406265,0.0053495783,-0.03877192,-0.059253857,-0.00076274574,-0.042104855,-0.030936688,-0.009821944,-0.024679277,-0.09185597,-0.02566828,-0.08287229,-0.038559817,0.004180853,0.06827272,-0.050647795,-0.043930754,0.018828202
1,0.055021893,-0.08973101,0.13099563,0.011152996,0.061559353,0.13183556,-0.045276757,0.02628422,-0.026124006,-0.029103657,0.004827397,0.092357375,0.0054318607,-0.10107599,0.004601814,-0.016457697,0.07020363,0.019697115,0.06513735,-0.04007226,0.03836338,-0.007879429,-0.08236646,-0.0040739067,0.10906656,-0.023147589,0.054911498,0.0017756177,0.022500452,-0.053535435,-0.026381232,-0.0032153279,-0.00360547,0.03704579,-0.04093875,-0.02543342,0.1504043,-0.035144337,-0.03845783,0.003028565,-0.16624784,-0.017459689,-0.0068600215,0.054537177,0.027072746,-0.031994887,-0.039497912,0.049293652,0.11755061,-0.094027385,-0.05673315,-0.0049255863,-0.0037404597,-0.022479946,-0.14908394,0.007072054,0.0016820525,0.01866718,-0.048640404,-0.07721101,-0.051115,-0.016979173,0.037001546,0.10123154,-0.019324068,0.00113694,0.031061566,0.016705427,0.0168446,-0.030827735,0.026486387,0.03839078,-0.043690514,0.030947337,-0.006088892,-0.056618385,0.006645404,0.096571244,-0.054157022,0.020910919,-0.13846186,0.0006458536,-0.049166016,0.049989425,0.11814885,-0.064660996,0.05843476,-0.016961847,0.029138973,0.062360473,0.049653918,0.0009553246,0.11586106,0.09532708,0.009632532,-0.0867835,0.011991767,0.0077162087,-0.015065744,0.02852143,0.047657356,0.104613766,-0.044010025,0.0033964105,-0.14039163,-0.02470009,0.018831048,0.20235787,-0.04414699,0.041503895,0.060520463,-0.060444962,-0.019772936,0.041015964,-0.00628753,0.01889962,0.0012216046,0.056295637,-0.14835548,-0.07072222,-0.033036776,0.0276644,-0.06621449,-0.17810223,-0.09895015,0.07801193,0.06975071,0.011503123,-0.07252413,0.08031959,0.011808798,0.04483767,-0.0038688034,0.0069384463,-0.072498225,0.04140246,0.018141845,-0.06907304,-0.009250712,-0.005196549,0.065960914,-0.049693488,-0.14934343,0.029597027,0.017993577,0.044420518,-0.022558568,-0.0744193,-0.0068407506,0.037366856,0.014288649,-0.076016,-0.017426062,0.059655376,0.049188405,0.02035191,-0.10108714,0.061677754,0.044258818,0.10324926,0.036368884,-0.047011733,-0.059449904,-0.047431994,-0.07629825,-0.0028614886,-0.10587187,0.040914536,0.029246794,0.09895915,0.12158955,0.07994753,0.0055667926,0.16438514,0.015691945,0.05455856,-0.11935585,-0.059813127,0.025097394,0.06183617,-0.04699813,-0.054809254,0.038449164,-0.028814163,0.09460627,0.00077066757,0.026223712,-0.09928422,0.02699856,-0.032552592,-0.057580102,-0.021482226,-0.031974293,0.017616576,0.017848251,-0.038374737,-0.083710164,-0.09909605,-0.059076417,-0.013937874,0.10353893,0.004334492,-0.012347225,-0.0050759986,0.09359676,-0.06604026,-0.048658017,0.0055844933,0.060678933,-0.006756969,-0.006171372,0.003296051,-0.031136403,-0.06891144,-0.0016116686,0.01989028,0.014075518,-0.005025057,-0.06657145,-0.036804914,0.079705074,-0.012462355,0.17806931,0.05812643,0.0035885423,0.042310122,0.053923734,-0.012311367,0.0413218,-0.08713235,-0.07143422,0.029977843,-0.003826525,0.18361801,-0.06478293,-0.022610288,0.045469165,0.003218541,0.0067947693,0.007869968,0.012067765,0.0050088204,0.06762995,-0.07995559,-0.07286047,-0.07007474,-0.08445441,-0.025322825,-0.015944988,-0.013330761,0.044107288,0.08713486,-0.05451138,-0.09069961,-0.0009945242,-0.13842201
1,0.88850224,-0.9879316,0.8724542,0.2861213,-0.017006058,0.85279644,-0.48857936,0.2532024,-0.54750425,-0.2415047,0.11245267,0.47683308,-0.26461095,-0.6577446,0.4049546,0.21378945,0.4585695,0.54754233,0.36259657,-0.5675064,0.55985737,0.13650344,-0.67095053,0.33546337,0.6247146,-0.37977162,0.49641964,-0.101337925,0.19306344,-0.23744439,0.21759535,-0.5472488,-0.40962064,0.42371583,-0.70300555,0.17701785,0.62677765,-0.47712016,0.20027548,0.20701197,-0.9304105,-0.043605164,-0.32687548,-0.07016908,-0.023017336,0.27430433,-0.25169697,0.2718689,0.5243971,-0.46091828,-0.6154079,0.32759038,-0.41083854,-0.0035071746,-0.5543844,-0.038336456,0.23198098,-0.17587778,-0.6430561,-0.6471805,0.095900774,0.45893267,0.09093206,0.66906285,0.21372108,-0.25471547,0.269877,0.46618512,-0.25710934,0.08119407,0.031360608,0.6696781,-0.6699256,0.28613397,0.017147288,-0.16744544,-0.5835537,0.54247105,0.12497077,0.41990012,-0.8162545,0.5515962,-0.22167191,0.52937293,0.7575357,-0.33440235,0.41445002,0.1949193,-0.28202227,0.9465247,0.6230242,0.10116622,0.76187134,0.6988329,-0.3502167,-0.64337146,0.29496464,-0.43114406,-0.0850893,-0.22289772,0.37065297,0.456236,-0.33206826,-0.3051705,-0.72391766,0.057248976,-0.19904396,1.3557494,-0.24409613,0.20320447,0.70046276,-0.4039661,-0.20567913,-0.18643397,0.1419965,0.15000345,-0.42878637,0.42594448,-1.0375057,-0.5613325,0.16568014,-0.2109633,0.050399035,-0.9001167,-0.66934264,0.3955206,0.0870984,0.07801316,-0.25279295,0.50955147,0.25513828,0.33162105,0.43339056,0.2102088,0.112244055,0.5448618,-0.19370198,-0.49437127,0.31023508,0.3487304,0.514661,0.08971341,-0.86721635,0.18615049,0.31675035,0.53330535,-0.042045318,-0.5192246,0.23151436,0.08389788,0.35470957,-0.65937465,0.26751715,0.59298533,0.12374957,-0.4365175,-0.678611,0.20549497,0.01351374,0.8418994,0.30141136,-0.43690893,-0.48144066,-0.62319475,-0.8247913,0.43772396,-0.536573,-0.06288868,-0.07284609,0.5288823,0.81784964,0.30764264,0.22202855,1.0252903,-0.10011648,0.53310233,-0.7341718,-0.015789863,0.4381972,-0.10352425,0.027250115,-0.013744686,0.10015161,0.17719738,0.5637497,0.003651673,-0.15210927,-0.27217418,0.3103699,-0.4801835,-0.69162345,-0.50819,0.18645805,-0.15670508,-0.30720335,0.15632531,-0.7227632,-0.4673595,-0.35569823,-0.37184474,0.725454,-0.1089418,-0.48430708,-0.41858923,0.56310076,-0.2170279,-0.6036028,0.03475306,-0.055896156,0.026071785,0.49875534,-0.030518748,0.280366,-0.75356555,-0.08878529,-0.10040256,0.1307456,-0.10640916,-0.60768473,-0.6222919,0.5799994,-0.36517107,1.0279645,0.49576312,0.40908787,-0.15615262,0.51260847,0.1293766,0.4311493,-0.72805965,-0.049935915,0.04933262,-0.097501844,1.2256988,-0.7369961,0.15699528,0.029466465,0.2950233,-0.10462561,0.09311933,0.26992556,0.32833606,0.35385177,-0.326878,-0.31987706,-0.35242763,-0.407257,0.30026335,0.05278297,0.24728058,0.41340044,0.5586422,-0.72634745,-0.30721235,0.14869472,-1.0443397
1,1.0970376,-1.2092447,1.0559375,0.35683036,-0.03697416,1.0278455,-0.5982353,0.3099307,-0.6775948,-0.29242077,0.13917117,0.57246286,-0.33215505,-0.80196273,0.5076164,0.27188516,0.554878,0.67953974,0.44072837,-0.69725174,0.68854946,0.17496806,-0.8183889,0.42187032,0.7507768,-0.46794918,0.60594946,-0.12838063,0.23644577,-0.28378123,0.2817486,-0.6815967,-0.5107099,0.52108985,-0.86749995,0.22832291,0.7424291,-0.58817726,0.26086572,0.25686744,-1.1196502,-0.049899116,-0.40533346,-0.10093725,-0.037167516,0.3530999,-0.30802566,0.33046895,0.62431985,-0.5521055,-0.7542787,0.41197348,-0.5162919,0.0028983243,-0.6536638,-0.04802545,0.28925866,-0.22504537,-0.7933831,-0.78611314,0.13246211,0.57833487,0.10683301,0.8088212,0.27258655,-0.3214696,0.33073905,0.58079606,-0.3240349,0.10821743,0.030044543,0.824131,-0.8266089,0.35022292,0.020942777,-0.19529472,-0.7315272,0.65641415,0.16914922,0.51706815,-0.9816713,0.687828,-0.26589578,0.6469275,0.9143433,-0.4011862,0.50153285,0.25137877,-0.36030462,1.1625328,0.7681464,0.12497996,0.92283905,0.8494913,-0.43866926,-0.7808789,0.36822274,-0.54189837,-0.104619645,-0.28991282,0.4492872,0.5421676,-0.4027925,-0.38080567,-0.8681209,0.07808417,-0.25625655,1.6406687,-0.29825687,0.2384096,0.8581402,-0.49027583,-0.25320023,-0.24500594,0.17933172,0.18421502,-0.53798455,0.51672286,-1.254336,-0.68329436,0.21635175,-0.26988772,0.08252836,-1.0764385,-0.81285864,0.47638512,0.09025106,0.09667952,-0.301957,0.6156572,0.3170542,0.40826344,0.54638386,0.2592994,0.16024835,0.67118454,-0.24802929,-0.60139257,0.39326602,0.4366558,0.6253491,0.122595325,-1.0446165,0.22526678,0.38946897,0.6535423,-0.04451587,-0.63174653,0.29375294,0.10060001,0.4406243,-0.80456954,0.33871847,0.726028,0.1417815,-0.54985154,-0.81845707,0.24105033,0.0059165023,1.0228482,0.37029755,-0.53454113,-0.58746916,-0.7643945,-1.0122592,0.5470171,-0.64072776,-0.088816315,-0.099241085,0.634871,0.9903226,0.36518675,0.27824536,1.2404985,-0.12947816,0.6522384,-0.88499796,-0.00040960312,0.5418501,-0.14524342,0.046915192,-0.00081262365,0.113171875,0.23035637,0.68013847,0.0022444446,-0.19351605,-0.31489316,0.38418335,-0.5911904,-0.8502704,-0.6298507,0.24379525,-0.20022042,-0.38746884,0.20583513,-0.88090664,-0.5592197,-0.426095,-0.46048474,0.8786818,-0.13842474,-0.604478,-0.522088,0.68103915,-0.25479764,-0.7427445,0.043208025,-0.08846635,0.03959418,0.62669003,-0.040492125,0.35773635,-0.9225483,-0.11304745,-0.13038081,0.16185518,-0.13034426,-0.74239147,-0.76818657,0.70560795,-0.4534944,1.2385496,0.6087585,0.5117442,-0.2106125,0.62603927,0.16561852,0.5265121,-0.8846834,-0.04290264,0.056420572,-0.11890432,1.4840692,-0.9025736,0.20605539,0.024635985,0.36864397,-0.13073382,0.11159971,0.33471283,0.40725034,0.4259856,-0.38792962,-0.37972978,-0.42423478,-0.48758927,0.3807545,0.07027961,0.31536865,0.5058216,0.6735825,-0.89135444,-0.35916528,0.18839587,-1.2656972
1,-0.020717267,-0.012210932,0.063187525,-0.013723472,0.06974414,0.071651354,-0.005704142,0.0073500993,0.022402387,-0.012857547,-0.004992485,0.05993416,0.030242708,-0.047065206,-0.035072636,-0.04069619,0.03708066,-0.028555576,0.03624334,0.005194608,-0.0073631965,-0.020062007,-0.027428858,-0.03602503,0.0653418,0.009123864,0.016338564,0.0093298815,0.0063981633,-0.03851537,-0.04866748,0.04800445,0.031596676,-0.00012307055,0.021189444,-0.04578483,0.11123757,0.007396643,-0.06012764,-0.014902867,-0.098060854,-0.016358402,0.02513497,0.06581326,0.030631326,-0.06052379,-0.018761577,0.029758926,0.08400302,-0.061672904,-0.00709581,-0.03324028,0.036076404,-0.026589155,-0.11782782,0.010093644,-0.021548027,0.037689306,0.0044755153,-0.026628343,-0.06515877,-0.061510824,0.030813484,0.0527339,-0.041807637,0.027786344,0.009672956,-0.024489805,0.03766121,-0.043839578,0.02706789,-0.017915804,0.01280915,0.0043932833,-0.0071046455,-0.045133736,0.06251493,0.05598987,-0.070903555,-0.013568301,-0.07849492,-0.04855991,-0.032873157,0.0074730255,0.062954016,-0.04011106,0.03025208,-0.041422565,0.05921588,-0.016656391,-0.0019812826,-0.008038149,0.05969271,0.040749226,0.040368322,-0.037532505,-0.015660148,0.04982225,-0.008856173,0.053301647,0.019195449,0.073866546,-0.018752392,0.03354195,-0.09082835,-0.03120888,0.041305352,0.101134494,-0.023529038,0.031225596,0.0032874253,-0.028878797,-0.0046906434,0.06202866,-0.019206554,0.004969289,0.041294508,0.023630135,-0.070624225,-0.02683969,-0.051837,0.0501804,-0.0797247,-0.116164714,-0.04692158,0.04883468,0.06860756,0.002291169,-0.055026386,0.044177994,-0.010563726,0.017715862,-0.046680287,-0.010479622,-0.09283686,-0.002662152,0.038457267,-0.03168693,-0.04052286,-0.037521042,0.02319628,-0.061000984,-0.08635765,0.015883228,-0.008592214,0.0015088469,-0.020946397,-0.031402458,-0.03085126,0.031164892,-0.017911103,-0.022636544,-0.044265725,0.00856895,0.042211466,0.06334676,-0.053040996,0.04904149,0.049250524,0.038981095,0.009182779,-0.010585958,-0.020234492,0.003929179,-0.007337073,-0.039450802,-0.06775792,0.05348218,0.040074084,0.058889646,0.05805716,0.05995855,-0.014053004,0.08593343,0.026858592,0.011158777,-0.066423096,-0.06299282,-0.01339599,0.077475734,-0.05305478,-0.061101384,0.032242976,-0.046192296,0.051805936,0.0028489474,0.037736144,-0.086526245,-0.002170098,0.0095281005,-0.0026743598,0.022025164,-0.05510749,0.031148046,0.047752477,-0.05606576,-0.028474975,-0.0642123,-0.033976935,0.017959619,0.04907324,0.016415855,0.030304361,0.03177386,0.05153003,-0.053232018,0.00047134236,0.0017180666,0.07258957,-0.0115545,-0.05266921,0.0073332284,-0.05849636,-0.0073289443,0.00796134,0.030545738,0.0024597943,0.0046718568,-0.016618842,0.016637532,0.035332568,0.01829717,0.101049006,0.015268169,-0.03432419,0.06597271,0.014323654,-0.027547244,0.009308172,-0.028020129,-0.074958935,0.025962912,0.00581724,0.09216532,-0.005558487,-0.039821506,0.045616087,-0.021624098,0.01723433,0.0023604836,-0.010810297,-0.025576774,0.040636294,-0.05871299,-0.053393647,-0.045869224,-0.053786315,-0.05300389,-0.020455837,-0.03781996,0.011105005,0.045554332,0.004922662,-0.07462818,-0.016582739,-0.058905322
1,0.6180797,-0.6946412,0.6319452,0.19728212,0.007004045,0.6145291,-0.34324068,0.17817189,-0.38022026,-0.17084879,0.07754359,0.35022056,-0.1758772,-0.48047933,0.27662992,0.14316504,0.33048788,0.37666917,0.26703438,-0.39557356,0.38934016,0.08939273,-0.48103267,0.22618215,0.4548265,-0.26447758,0.35125053,-0.0669737,0.13903013,-0.17787811,0.13761222,-0.37315333,-0.27821165,0.2999614,-0.49004972,0.11260958,0.47105294,-0.3357822,0.1225859,0.14054666,-0.683206,-0.03465347,-0.22615753,-0.031071257,-0.0053743534,0.17521256,-0.18375358,0.19825351,0.3905713,-0.34104177,-0.4339825,0.21713734,-0.27946794,-0.008305255,-0.41776058,-0.024036001,0.159427,-0.11455129,-0.44828779,-0.4634856,0.047922473,0.3058392,0.07371421,0.483014,0.13900371,-0.17426634,0.19221728,0.31958753,-0.1655471,0.0467676,0.02977303,0.46434703,-0.4665886,0.2051561,0.009483002,-0.13278331,-0.394267,0.39580318,0.06771489,0.29076266,-0.59526235,0.37259376,-0.16525677,0.3739712,0.54889154,-0.24698669,0.29770657,0.12884188,-0.1826196,0.65954286,0.435383,0.068673,0.5517291,0.50277054,-0.23197316,-0.46271437,0.20409124,-0.29088557,-0.06168023,-0.1427889,0.26574063,0.34145358,-0.23887874,-0.20901556,-0.5321578,0.030243594,-0.13039094,0.9816581,-0.18118073,0.14863627,0.4930865,-0.29317084,-0.14520483,-0.11254807,0.093222566,0.1089593,-0.28958848,0.30648866,-0.7484809,-0.4013399,0.10263447,-0.13452478,0.015421428,-0.66433084,-0.48495126,0.29255268,0.081556834,0.057547767,-0.1940617,0.36926958,0.17689326,0.23924085,0.2936005,0.14333269,0.05576405,0.37964794,-0.124909274,-0.35601172,0.20803228,0.23472881,0.37228522,0.04349949,-0.6338152,0.13519126,0.21927862,0.37625077,-0.034995325,-0.37680683,0.15470892,0.06854647,0.24621473,-0.47216663,0.17471936,0.4209838,0.09948597,-0.29067788,-0.49024186,0.15814182,0.021546658,0.60210234,0.2155247,-0.310757,-0.34611964,-0.43646184,-0.582806,0.29136285,-0.39780453,-0.032904726,-0.041984797,0.39007995,0.5934689,0.23183051,0.15122409,0.74563926,-0.06326647,0.37876603,-0.53430796,-0.032526195,0.3053126,-0.050453275,0.0020241104,-0.02518627,0.08221302,0.10849854,0.41131115,0.0016339999,-0.09098468,-0.21349645,0.2190277,-0.33628055,-0.4837233,-0.35018188,0.11798927,-0.09866479,-0.20257649,0.09213041,-0.514055,-0.34814218,-0.2597628,-0.25566283,0.52369845,-0.07465818,-0.3300955,-0.2850254,0.40950182,-0.16774413,-0.4233694,0.024770258,-0.018939212,0.016773945,0.33521366,-0.019212164,0.17807882,-0.53256047,-0.06126202,-0.060114004,0.091737375,-0.07520961,-0.4328719,-0.43320417,0.41723272,-0.24938616,0.75339365,0.355049,0.27762896,-0.09570733,0.36352473,0.084408835,0.30194184,-0.52188015,-0.0565968,0.043473583,-0.06950979,0.8865121,-0.5177581,0.09746577,0.035827354,0.1986724,-0.06938687,0.06393723,0.1850878,0.2232731,0.26160306,-0.24489905,-0.23815446,-0.25896454,-0.30343276,0.193241,0.029126097,0.16224076,0.29197124,0.40472847,-0.50720507,-0.23525809,0.10150923,-0.75048614
0,-0.1024087,0.07036041,-0.007702306,-0.04908401,0.08260365,0.00972924,0.041311316,-0.021144636,0.08109431,0.012721294,-0.016605414,0.022359934,0.057048053,0.020879459,-0.09123151,-0.07118912,-0.00044962578,-0.08078729,0.0002814401,0.052612133,-0.060105074,-0.03469667,0.038294584,-0.078600004,0.024202017,0.042358845,-0.033608485,0.022784917,-0.014783893,-0.015811875,-0.07518474,0.10507509,0.06969805,-0.042845123,0.09473352,-0.07012478,0.066391975,0.058802467,-0.084818944,-0.034440335,-0.02238743,-0.020101681,0.057621352,0.07900997,0.031324074,-0.09710798,0.010392152,0.005374551,0.054949842,-0.02095315,0.04444718,-0.07133722,0.08318681,-0.034268342,-0.07030791,0.006435305,-0.055674605,0.05720245,0.06838719,0.018654628,-0.08253227,-0.10965501,0.015174851,0.0018520141,-0.07054252,0.06672086,-0.018972538,-0.07791533,0.06925851,-0.05685396,0.034547597,-0.082771204,0.0769847,-0.020631546,0.0062107593,-0.03050605,0.11805491,0.0029365495,-0.101288944,-0.045012254,-0.016064975,-0.11068524,-0.0036225272,-0.043847468,0.013180852,-0.014302751,-0.006859896,-0.079375125,0.0910802,-0.097892515,-0.058331903,-0.024709621,0.0038139988,-0.019746182,0.07510675,0.012437909,-0.040706094,0.10222345,0.005486871,0.0936016,-0.01082282,0.044460077,0.01454865,0.071863994,-0.036324687,-0.044992603,0.07004392,-0.0069149975,-0.0019962788,0.024719566,-0.050302904,0.0074731354,0.018521463,0.08750549,-0.035772283,-0.021609865,0.090756655,-0.004906541,0.006877155,0.021979013,-0.07984394,0.07656193,-0.0981922,-0.05141779,0.012640498,0.010879625,0.07338306,-0.010786664,-0.029891111,0.0065884036,-0.0395231,-0.026037231,-0.10008085,-0.033074923,-0.11920991,-0.04736813,0.06441548,0.011616191,-0.079513095,-0.06651796,-0.02631253,-0.07050581,-0.029636044,0.00398515,-0.035824392,-0.039910927,-0.031930156,0.015476385,-0.060578212,0.012133297,-0.06526774,0.035431933,-0.06800249,-0.042861953,0.032759063,0.10973425,-0.0016813306,0.028097767,0.05389449,-0.029000463,-0.027639456,0.032135952,0.02735367,0.055036344,0.07033944,-0.076222524,-0.032180913,0.06578279,0.06375932,0.006441433,-0.014497627,0.038739096,-0.043910503,0.0003030002,0.038783036,-0.041999213,-0.009354999,-0.07446399,-0.052839257,0.10141765,-0.058445234,-0.08306098,0.035809137,-0.07145855,0.009580689,0.013329605,0.043949515,-0.06929505,-0.0428877,0.056599714,0.05479318,0.06823918,-0.08003922,0.046888076,0.08680809,-0.07201239,0.026342958,-0.016604315,-0.00953272,0.054841056,-0.0053656464,0.03361387,0.07984105,0.07925108,1.0114862e-05,-0.035247404,0.054750238,-0.013436254,0.090027206,-0.025422877,-0.109111264,0.018524548,-0.097351536,0.06342846,0.026510041,0.048428647,-0.014372088,0.0168218,0.03782242,0.07479507,-0.004801234,0.05483046,0.02427397,-0.03700278,-0.08183848,0.09837983,-0.02625893,-0.046062667,-0.025768781,0.035558887,-0.08297392,0.016497238,0.022802485,0.003697142,0.05393759,-0.059041254,0.047643226,-0.052821696,0.022248136,0.001448622,-0.03748831,-0.056609087,0.0036844946,-0.04241688,-0.030358111,-0.012169573,-0.026726054,-0.08804467,-0.027464924,-0.07623571,-0.0329488,0.0010494969,0.066127345,-0.049563132,-0.038207177,0.018336467
1,-0.09669322,0.06315114,-0.004181359,-0.04575773,0.08397311,0.016312204,0.037216313,-0.017314125,0.07998686,0.00860678,-0.014983312,0.027231004,0.05514893,0.017856311,-0.089848995,-0.07024859,0.0035964157,-0.07659301,0.0019744392,0.050103884,-0.05509143,-0.03373635,0.035128277,-0.07655066,0.028970348,0.040073544,-0.029051013,0.0213584,-0.013177421,-0.017996246,-0.07311159,0.10349375,0.06635542,-0.041736506,0.09086401,-0.06976395,0.07315821,0.057959862,-0.08357195,-0.03393801,-0.029144509,-0.021314671,0.058396876,0.0793042,0.030326828,-0.09505871,0.00933351,0.007064022,0.06010169,-0.023656175,0.041801564,-0.06672461,0.080716,-0.034370854,-0.0804245,0.0069037033,-0.0556007,0.057357762,0.06316587,0.017202124,-0.08274346,-0.10826227,0.015478866,0.008155673,-0.06855577,0.067036204,-0.017809276,-0.07267189,0.06432954,-0.058071695,0.03432138,-0.07799895,0.07225053,-0.023493344,0.003795782,-0.030522328,0.11755948,0.007204458,-0.09967223,-0.04204285,-0.021436721,-0.10606546,-0.0058525316,-0.038830012,0.016940363,-0.014607657,-0.0012046285,-0.07998248,0.09107859,-0.0936193,-0.054341488,-0.022822049,0.008971548,-0.017121855,0.07188288,0.010167426,-0.042503953,0.1002185,0.0035197893,0.090576395,-0.008798096,0.047151923,0.01195387,0.07113829,-0.04256124,-0.042416118,0.07053782,0.0014284502,-0.002837345,0.027057335,-0.049069125,0.005256688,0.015397726,0.08506475,-0.03353744,-0.019573687,0.0877466,-0.0029576416,0.0011071889,0.017358525,-0.076512575,0.07430153,-0.09966186,-0.057366848,0.008098449,0.0138801,0.07109527,-0.0122029595,-0.032246724,0.010729033,-0.037957765,-0.022388123,-0.09618698,-0.031858437,-0.120554656,-0.044499546,0.063548364,0.008597245,-0.07720498,-0.06853297,-0.023725614,-0.06868358,-0.03313079,0.0051192334,-0.03460459,-0.03716845,-0.028790038,0.014410855,-0.059930623,0.015022505,-0.061268166,0.033999767,-0.06783694,-0.04429946,0.032904964,0.108737215,-0.0071453573,0.031041965,0.05575993,-0.023172976,-0.028014764,0.029196527,0.024441004,0.052365057,0.06700073,-0.0725348,-0.03330012,0.06764921,0.06262189,0.010223586,-0.009243976,0.041375197,-0.03919515,0.005602829,0.03770641,-0.03923723,-0.014380699,-0.07055433,-0.05116846,0.09796624,-0.0565996,-0.08232479,0.032848634,-0.06758838,0.013098265,0.013025356,0.041244373,-0.07362714,-0.04089075,0.053463914,0.049258173,0.06493685,-0.08102308,0.043864924,0.08435726,-0.07250103,0.021947071,-0.01962743,-0.011289534,0.05414084,-0.00066630077,0.034010053,0.077989876,0.0755043,0.004397518,-0.03813082,0.04957787,-0.011850599,0.09068812,-0.023946779,-0.1052692,0.018063564,-0.09485401,0.05901639,0.02566794,0.04588165,-0.013154721,0.017814107,0.036615126,0.07130228,-0.0008642934,0.052264955,0.02773269,-0.03626538,-0.07908304,0.101269685,-0.024136344,-0.046473593,-0.021383962,0.033109378,-0.082503,0.016739625,0.022780638,0.007879909,0.050625063,-0.057166956,0.04719776,-0.049715467,0.022176554,0.0028735194,-0.03389315,-0.056849957,0.0056133233,-0.043439776,-0.033395056,-0.016138582,-0.026722874,-0.08483766,-0.024646798,-0.07372497,-0.029035531,0.007323206,0.06257598,-0.055304997,-0.03871551,0.013954572
1,0.35600865,-0.40900794,0.3985823,0.11279394,0.03137272,0.38448167,-0.20415801,0.10705098,-0.21585368,-0.10250951,0.04390751,0.22852409,-0.091327265,-0.30781016,0.15383139,0.07096998,0.20831048,0.2107991,0.17508167,-0.22745538,0.22456706,0.04361655,-0.29656887,0.12031463,0.2911366,-0.15208095,0.21229479,-0.034471966,0.084762625,-0.11960394,0.062120266,-0.20153284,-0.14890043,0.17860596,-0.2827047,0.050339147,0.31807855,-0.19785547,0.04894387,0.07520812,-0.44047627,-0.025226928,-0.12525542,0.009591762,0.010256346,0.07990205,-0.11869663,0.12938955,0.25953874,-0.22608006,-0.25753447,0.1144105,-0.15421256,-0.013544647,-0.2902816,-0.0077401325,0.087843075,-0.05357029,-0.26294822,-0.2806145,0.0033409484,0.15618974,0.059269495,0.30301598,0.06583041,-0.09613486,0.11754623,0.18011141,-0.07910251,0.012151866,0.026650297,0.2648181,-0.2699293,0.12662874,-0.00039516762,-0.09739302,-0.20849195,0.25824666,0.012294821,0.16280465,-0.38045707,0.20014392,-0.11346311,0.22229871,0.34440783,-0.16171955,0.18381026,0.06591276,-0.08402138,0.37881878,0.25554794,0.037620034,0.3460741,0.31256315,-0.11817284,-0.285495,0.11559747,-0.15347594,-0.04151304,-0.06562971,0.16259605,0.22963127,-0.1475183,-0.11181338,-0.34689206,0.004384145,-0.063338906,0.6141004,-0.1199901,0.094419286,0.28992355,-0.18498442,-0.08671169,-0.04218062,0.047085345,0.07009871,-0.15573978,0.18832044,-0.46557832,-0.24726823,0.04098598,-0.059811134,-0.020213198,-0.43465337,-0.30527332,0.19369452,0.07453923,0.03875844,-0.13939872,0.23225136,0.100675404,0.15124251,0.15760629,0.07917046,-0.0012760684,0.22090411,-0.05961082,-0.22192863,0.10964559,0.123239726,0.22980583,-0.0010559708,-0.40492722,0.08521329,0.12514503,0.21921429,-0.027812963,-0.23693809,0.08181136,0.05833491,0.1398812,-0.28788075,0.085435905,0.2541527,0.07624162,-0.14660093,-0.30485684,0.112938695,0.031153675,0.36573818,0.1348356,-0.1891641,-0.21435487,-0.2538496,-0.3470197,0.15169121,-0.26008245,0.00085473433,-0.010621944,0.255078,0.37373877,0.16037354,0.08446591,0.4752136,-0.027696185,0.22826463,-0.33754534,-0.043713387,0.17449439,0.00056031346,-0.020616077,-0.035558715,0.06025555,0.045041997,0.26278365,-0.0015640277,-0.03186038,-0.1581187,0.13298532,-0.19508234,-0.28359607,-0.19658995,0.051138487,-0.04289266,-0.100536056,0.031123444,-0.3102894,-0.23388314,-0.16383041,-0.14282742,0.32551706,-0.038582396,-0.18249846,-0.15472847,0.26224613,-0.12074178,-0.24864899,0.01833057,0.016331494,0.009251295,0.1765669,-0.01012709,0.08155483,-0.3163347,-0.036145106,-0.023375839,0.05798565,-0.042540494,-0.26352292,-0.24760501,0.2571435,-0.13823292,0.48464394,0.21954452,0.1515265,-0.037659682,0.21702504,0.041068323,0.1779068,-0.31835,-0.06114883,0.039513703,-0.039364062,0.5550308,-0.3044879,0.043929487,0.04048042,0.10723531,-0.031667393,0.035282955,0.10413393,0.12170452,0.17267424,-0.16683903,-0.15931638,-0.1711604,-0.20158927,0.09063206,0.0071026273,0.0823227,0.17684627,0.2556769,-0.29390115,-0.16615316,0.056514338,-0.4619822
0,0.15502295,-0.19267589,0.21989372,0.045866325,0.050453775,0.20984082,-0.09708342,0.052054226,-0.08983652,-0.050883852,0.017606748,0.13582455,-0.025812104,-0.17305562,0.056802116,0.014258411,0.11451543,0.08429987,0.10408653,-0.09990215,0.09821591,0.009725204,-0.15455186,0.037959326,0.16645648,-0.06629804,0.105731174,-0.010124925,0.04340316,-0.075116955,0.0033689328,-0.06981527,-0.05206217,0.08516565,-0.12150346,6.569922e-05,0.20384449,-0.0910314,-0.0091968365,0.026162881,-0.25623024,-0.019411143,-0.04764645,0.0395045,0.02233487,0.0052746832,-0.06709972,0.075513035,0.16168453,-0.13706896,-0.122320324,0.033791237,-0.055134,-0.017462492,-0.19264695,0.002708882,0.03232421,-0.005819481,-0.119248465,-0.14346004,-0.033639483,0.040999524,0.046479415,0.16628672,0.010087226,-0.03420225,0.060174156,0.07185675,-0.012826167,-0.014325647,0.026204322,0.112931564,-0.117893726,0.06569297,-0.005951861,-0.07090914,-0.066099025,0.14970566,-0.030921869,0.066256,-0.21667802,0.06591964,-0.07152962,0.10667022,0.1905914,-0.09627332,0.097586766,0.014317479,-0.009141922,0.16490349,0.11862998,0.013831791,0.19090553,0.16745266,-0.031088963,-0.15180828,0.0466033,-0.047387667,-0.024722904,-0.005006343,0.08428822,0.14439507,-0.07785636,-0.03609855,-0.20585063,-0.014756374,-0.01078647,0.3369216,-0.07055076,0.05444249,0.1348977,-0.10202746,-0.040643126,0.012468066,0.011209305,0.037870247,-0.051213183,0.09858617,-0.2510899,-0.12848993,-0.007067971,-0.002024766,-0.047242172,-0.25992692,-0.16722523,0.11771205,0.0700997,0.022704892,-0.09574549,0.12918851,0.041410882,0.08331735,0.052451275,0.030193688,-0.046951417,0.09934686,-0.008332662,-0.119019836,0.03221312,0.037215732,0.121920414,-0.034744617,-0.23195416,0.048328754,0.053455718,0.10065327,-0.022520108,-0.13051115,0.024520114,0.04741099,0.05705945,-0.14534223,0.016321845,0.12545179,0.057411138,-0.036358997,-0.16554572,0.07887353,0.03761312,0.18893261,0.07045646,-0.09402792,-0.11200223,-0.11566219,-0.16706882,0.045880307,-0.15631916,0.0257653,0.01439853,0.15284993,0.20645836,0.105104804,0.032021977,0.2669355,0.0007839948,0.11330759,-0.19049934,-0.054035682,0.07493452,0.040575616,-0.039034974,-0.045097325,0.046052948,-0.0053898357,0.15053943,-0.002028862,0.010932159,-0.11671236,0.06429062,-0.08769801,-0.13087736,-0.07916645,-0.0013655536,-0.00048334152,-0.021465383,-0.015965965,-0.1562827,-0.14417961,-0.09181443,-0.056628168,0.17609012,-0.0118737705,-0.06933682,-0.05423674,0.14923815,-0.083440654,-0.11442818,0.010971867,0.044774096,0.00034420565,0.055654146,-0.0020055177,0.0053635165,-0.15102194,-0.015115336,0.0064126328,0.028698832,-0.017734505,-0.1313839,-0.10680117,0.1373716,-0.052913204,0.2793045,0.11346375,0.052893948,0.010782658,0.10657618,0.006549144,0.083050996,-0.16412404,-0.0665093,0.03509128,-0.016967498,0.30366164,-0.14286904,-0.00050254166,0.044872273,0.036815085,-0.0064218417,0.015485497,0.042085752,0.043993782,0.10307198,-0.107296474,-0.09954627,-0.10319103,-0.12509039,0.011193551,-0.009477388,0.019697439,0.08728419,0.1413686,-0.13316026,-0.11371155,0.020581689,-0.2424399
0,0.20607454,-0.24836102,0.266399,0.059298173,0.045755573,0.25496078,-0.122826576,0.062526606,-0.122572586,-0.06441724,0.023515536,0.15749942,-0.041986898,-0.2060646,0.079089195,0.030155241,0.13582961,0.116428025,0.119317174,-0.13441336,0.12980847,0.01518284,-0.19071653,0.056464855,0.19889967,-0.08931806,0.13156174,-0.013589694,0.05573724,-0.08537842,0.01576586,-0.10651489,-0.07750966,0.11085938,-0.16475381,0.012408648,0.23400465,-0.11819188,0.0031707399,0.03932053,-0.30463424,-0.021384522,-0.07181373,0.030596934,0.020100418,0.022906683,-0.07867217,0.08654617,0.18787234,-0.15810764,-0.15655337,0.049210988,-0.07779119,-0.015722461,-0.21174148,-0.0022588633,0.04820995,-0.018868368,-0.15178232,-0.18269083,-0.024967892,0.07102034,0.04593925,0.19976972,0.024308827,-0.048244916,0.073077485,0.09473002,-0.025326155,-0.0051682424,0.029019749,0.15135275,-0.15652947,0.08298134,-0.0004894063,-0.07797134,-0.10555301,0.17183073,-0.020936783,0.09279218,-0.25955817,0.09906967,-0.07710993,0.13633308,0.23292641,-0.113739386,0.118622035,0.025879141,-0.030334733,0.22274068,0.15141541,0.018048104,0.23125084,0.2032735,-0.053833187,-0.18746877,0.066366464,-0.07403817,-0.024621569,-0.017965779,0.10554755,0.1675765,-0.09462001,-0.058960985,-0.24093032,-0.012395687,-0.024221703,0.41034353,-0.08326427,0.06888713,0.17766307,-0.1245327,-0.051507477,0.00042869523,0.018820532,0.0458022,-0.07735676,0.123879336,-0.30927998,-0.15932557,0.0036717542,-0.01920576,-0.04088974,-0.30537626,-0.20196831,0.13466258,0.07376091,0.02526105,-0.10242739,0.15392356,0.05538447,0.095828444,0.07748146,0.04112155,-0.034767985,0.12834728,-0.018954948,-0.14425279,0.051373146,0.06065426,0.15198258,-0.026365682,-0.27861282,0.057433035,0.07104525,0.13560471,-0.027126854,-0.15921989,0.037026443,0.04217915,0.07702798,-0.1842853,0.035078637,0.15990868,0.061475806,-0.067627415,-0.2017154,0.08538689,0.036612425,0.23575445,0.085987926,-0.117308,-0.13813841,-0.15087312,-0.21214798,0.06998555,-0.18740647,0.016007543,0.009010663,0.17729051,0.2490989,0.11798617,0.04169544,0.3197143,-0.006316025,0.14243184,-0.22890453,-0.058731154,0.10139081,0.03274318,-0.03474399,-0.04587145,0.05438687,0.0040636174,0.1807792,0.0016717743,-5.695969e-05,-0.12439677,0.078824975,-0.11696862,-0.16824825,-0.10886087,0.012036253,-0.010553431,-0.04079788,-0.004305098,-0.19725652,-0.16521169,-0.113373324,-0.077297226,0.21481918,-0.018963905,-0.09598097,-0.07976057,0.17706552,-0.09015965,-0.14882912,0.009168757,0.039576214,-0.00096557476,0.085156165,-0.0016485082,0.022538532,-0.19448322,-0.017872058,-0.000566829,0.033564746,-0.026815861,-0.16690677,-0.14308204,0.16804153,-0.07352593,0.33505335,0.13860863,0.07670282,0.00077418145,0.13607773,0.01627479,0.106313154,-0.20791543,-0.067247346,0.034704115,-0.024363019,0.37072632,-0.18533865,0.0078853,0.04531499,0.051848605,-0.015585955,0.02149999,0.056687973,0.066140756,0.12087243,-0.12216244,-0.11381765,-0.1165733,-0.14570034,0.0293594,-0.006302353,0.03140348,0.107032865,0.1725791,-0.17475982,-0.12511405,0.027548715,-0.30287865
1,0.9130129,-1.0111867,0.89297205,0.29564714,-0.019671496,0.8695555,-0.5004351,0.2598868,-0.5628745,-0.24591517,0.11532202,0.48689654,-0.27227157,-0.6771216,0.4196746,0.22141235,0.46885973,0.5623313,0.37369496,-0.5810819,0.57391816,0.14203027,-0.688858,0.34696934,0.6368247,-0.38928717,0.508155,-0.105256684,0.19805077,-0.24276365,0.22642435,-0.5621721,-0.42079264,0.43608102,-0.72199714,0.18441924,0.6373102,-0.4909569,0.20821786,0.21209186,-0.95093596,-0.043161258,-0.33539322,-0.072984025,-0.024975758,0.28460512,-0.2599178,0.27981588,0.53358275,-0.47115842,-0.63102514,0.33748943,-0.4248938,-0.0017722324,-0.56406033,-0.038290657,0.23881839,-0.18248397,-0.6608611,-0.66102433,0.1006508,0.47355095,0.09474979,0.6832731,0.22066958,-0.26487088,0.2779369,0.4807956,-0.26363283,0.08417639,0.029929826,0.68597615,-0.68782735,0.29465222,0.016472682,-0.17094912,-0.6002139,0.5569949,0.13046235,0.4295156,-0.83300954,0.566409,-0.22770947,0.541504,0.7730284,-0.3417191,0.42299828,0.20466378,-0.29104793,0.96910006,0.6411305,0.10355461,0.7793734,0.7161865,-0.35930568,-0.6576031,0.304551,-0.4446599,-0.0885112,-0.23271893,0.37865272,0.4646567,-0.339575,-0.313233,-0.7389627,0.059966158,-0.20729753,1.3858056,-0.25275606,0.20355955,0.71711874,-0.41412377,-0.21116234,-0.19402666,0.14669862,0.15538083,-0.44235587,0.43525872,-1.0597826,-0.57430416,0.17197356,-0.21721707,0.056141168,-0.9176885,-0.68680423,0.4055161,0.08724145,0.08272204,-0.2607596,0.5210586,0.26236635,0.34306192,0.44850338,0.21567181,0.11980714,0.55945516,-0.20127839,-0.5062053,0.32181984,0.3587728,0.52698463,0.092593685,-0.88551295,0.18984368,0.32455927,0.545295,-0.040951274,-0.53324026,0.24019414,0.08900338,0.36586532,-0.6764319,0.27561167,0.60901326,0.12550205,-0.4495785,-0.6919682,0.20978603,0.012005147,0.86026007,0.31153578,-0.44913474,-0.4946971,-0.6384376,-0.84637773,0.44960365,-0.546756,-0.066076875,-0.076874286,0.54122484,0.83746487,0.3150902,0.22942626,1.049951,-0.104341716,0.546878,-0.7496666,-0.011793438,0.45088744,-0.108557075,0.029309075,-0.010501672,0.10078286,0.18367521,0.57600754,0.0011721794,-0.1550352,-0.27620804,0.32136863,-0.49319968,-0.7094984,-0.52206653,0.19538218,-0.16097316,-0.31630933,0.16240823,-0.738969,-0.4785247,-0.36112016,-0.38256785,0.74173796,-0.113546826,-0.499494,-0.4300813,0.5767882,-0.22082794,-0.6193745,0.03673725,-0.062419288,0.03136295,0.5143467,-0.03258378,0.28988022,-0.77216446,-0.093578205,-0.10377347,0.13553031,-0.108475685,-0.62297344,-0.6392865,0.5939613,-0.37551522,1.0513792,0.5113884,0.42214853,-0.16691367,0.5250116,0.13468033,0.44041902,-0.74419165,-0.04787322,0.05188281,-0.098819405,1.2533007,-0.75504774,0.1645027,0.02777578,0.30323058,-0.10667989,0.09282346,0.27764708,0.33647853,0.3629554,-0.33373088,-0.32490978,-0.3615525,-0.41685945,0.30917457,0.05418362,0.2577164,0.4238663,0.5692819,-0.7432182,-0.31125116,0.15463786,-1.0670564
1,1.1166916,-1.2320797,1.0736593,0.36314207,-0.038481083,1.0474863,-0.6093815,0.3166767,-0.68990296,-0.29912227,0.14164557,0.58249545,-0.33877623,-0.8136417,0.51695466,0.2768368,0.5649126,0.6916421,0.44760042,-0.7108846,0.70188594,0.17852901,-0.8322399,0.430005,0.76392543,-0.47603735,0.6173688,-0.13121195,0.24019594,-0.28865278,0.28765655,-0.6940916,-0.52032995,0.53028023,-0.883044,0.23303969,0.7547273,-0.5982569,0.26681608,0.26213813,-1.1384219,-0.050392926,-0.4123722,-0.10375287,-0.03827377,0.36051813,-0.31244606,0.33587763,0.63463813,-0.5616048,-0.7677812,0.42062807,-0.52530587,0.0027854182,-0.66547436,-0.04908397,0.29454643,-0.22933696,-0.8080341,-0.80018324,0.13663124,0.5893015,0.10813348,0.82291746,0.27785614,-0.32650903,0.3366606,0.5918921,-0.3322278,0.10994709,0.029700754,0.83964866,-0.8420456,0.35470757,0.021524578,-0.19774093,-0.7442808,0.6681966,0.1736786,0.52723,-0.9985895,0.7017054,-0.27020276,0.65892535,0.9301242,-0.40743467,0.511064,0.25565407,-0.36718887,1.1848493,0.78178746,0.12786499,0.93861574,0.864553,-0.4480589,-0.79433644,0.37419972,-0.551649,-0.106333055,-0.29587126,0.45764562,0.55095536,-0.41054022,-0.38743865,-0.8832528,0.08053434,-0.2602514,1.6688745,-0.3019703,0.24368803,0.87349397,-0.49845654,-0.25820574,-0.2501644,0.18317902,0.1869807,-0.54843396,0.5257131,-1.276642,-0.69518465,0.22070569,-0.27488884,0.083902664,-1.0947818,-0.8269028,0.48382103,0.09066441,0.09771094,-0.30614325,0.6271054,0.32271206,0.41468984,0.5557058,0.26469553,0.16386081,0.6838819,-0.25326324,-0.61221826,0.40008277,0.44475186,0.6355221,0.1261498,-1.0622352,0.22882012,0.39702982,0.6653634,-0.04506167,-0.641672,0.29885334,0.101010986,0.4488209,-0.81857044,0.34520864,0.73843116,0.14387101,-0.56025267,-0.83383054,0.24500862,0.005664464,1.0412587,0.3762951,-0.54381,-0.5972325,-0.7788663,-1.0299125,0.55885977,-0.6508365,-0.09020665,-0.10148894,0.6452367,1.0067197,0.37115538,0.28359666,1.2615409,-0.1319296,0.6635219,-0.9009121,0.0010117888,0.55179775,-0.14930415,0.04870558,-0.00043342263,0.11400592,0.23555341,0.6914178,0.0028003436,-0.19938138,-0.3200591,0.39053595,-0.60188556,-0.866398,-0.6417931,0.24781984,-0.20557553,-0.3956984,0.21077493,-0.8970494,-0.56858,-0.43341377,-0.4696438,0.894399,-0.14060877,-0.6158583,-0.53220564,0.6921817,-0.25846186,-0.75631285,0.04378678,-0.090817966,0.040166445,0.6385803,-0.04114265,0.36620253,-0.9391684,-0.11488472,-0.13348413,0.16477783,-0.1325919,-0.75507116,-0.7822551,0.7174836,-0.46274942,1.2589078,0.6187253,0.5216055,-0.21377519,0.63756603,0.16849652,0.53724086,-0.8997866,-0.04282821,0.05638289,-0.12048766,1.5097024,-0.9192804,0.20979671,0.02361703,0.37635297,-0.1330842,0.11407903,0.34130624,0.4146545,0.43265626,-0.39428836,-0.38672832,-0.43165037,-0.49466243,0.38993418,0.07235755,0.3218987,0.5156328,0.6850802,-0.9076315,-0.365385,0.19150026,-1.2884622
1,0.43990463,-0.50130135,0.4738739,0.14048235,0.023578014,0.45944884,-0.24913417,0.1304305,-0.269374,-0.12505913,0.054047734,0.26760232,-0.119305894,-0.36322132,0.1946947,0.093170956,0.24779236,0.26317036,0.20488703,-0.28147703,0.27879262,0.058693595,-0.35706612,0.1555552,0.3432642,-0.18718603,0.2577612,-0.045732867,0.10202656,-0.138574,0.08723627,-0.25639015,-0.18975033,0.21752106,-0.34963953,0.071470186,0.36624244,-0.24292664,0.072915114,0.09632053,-0.5180589,-0.026782192,-0.1571763,-0.0029839166,0.005194254,0.11163053,-0.13990884,0.1521108,0.30101153,-0.26323497,-0.31417143,0.14837563,-0.1957269,-0.0118322,-0.33216217,-0.01236859,0.110705346,-0.07287809,-0.32333744,-0.33849555,0.018298272,0.20467624,0.06489409,0.36034042,0.08935107,-0.121587165,0.14267978,0.22592874,-0.10774688,0.022465345,0.026764728,0.329253,-0.33329374,0.15182273,0.0021611825,-0.109143205,-0.26711842,0.30430102,0.030934617,0.20286115,-0.44932145,0.2561221,-0.13073492,0.27046993,0.4089772,-0.18929386,0.22091188,0.08777734,-0.11534279,0.46904293,0.31469548,0.04818319,0.41163337,0.37472937,-0.15527715,-0.3419421,0.14460398,-0.19708985,-0.048722908,-0.09148276,0.19623893,0.26468423,-0.17719673,-0.14199193,-0.40651786,0.013333742,-0.085436404,0.7314974,-0.13997793,0.11121327,0.3547531,-0.22018951,-0.10617714,-0.06560341,0.06302095,0.08274232,-0.1994152,0.2255587,-0.5557823,-0.29612258,0.060377024,-0.083066165,-0.009180851,-0.508351,-0.363788,0.22637637,0.07711037,0.046316147,-0.1584199,0.27626804,0.12466268,0.18099713,0.20158653,0.10030796,0.017987192,0.272671,-0.08191009,-0.26478037,0.14153142,0.15851071,0.27467725,0.013255805,-0.4769726,0.10053004,0.15546145,0.26829198,-0.02965044,-0.28181148,0.10579587,0.06290061,0.17487562,-0.3472042,0.11407041,0.3081779,0.08444142,-0.19210643,-0.36378455,0.12827082,0.028451364,0.44131657,0.16238403,-0.22949076,-0.2569684,-0.31218344,-0.42232785,0.19765814,-0.3033494,-0.0094830915,-0.021424962,0.29887846,0.4441507,0.18540144,0.10671251,0.5629549,-0.03909321,0.2765518,-0.40014738,-0.038620852,0.21698892,-0.015469767,-0.013392456,-0.032034867,0.06612615,0.06571506,0.3100215,-0.0016555917,-0.051649682,-0.17650251,0.16271815,-0.24121161,-0.3482603,-0.24605614,0.072359815,-0.06109904,-0.13361695,0.05169428,-0.3752158,-0.2713531,-0.19361235,-0.17990296,0.3884066,-0.050358903,-0.23111512,-0.19666252,0.31023973,-0.13570428,-0.30464286,0.021314075,0.003691692,0.013371466,0.22802854,-0.013591014,0.11427744,-0.385386,-0.045007654,-0.035304092,0.06949961,-0.05258444,-0.31796908,-0.30772626,0.3082174,-0.17493406,0.5704481,0.264361,0.1935465,-0.056806207,0.26445848,0.05557567,0.21769747,-0.38286436,-0.05928959,0.04195319,-0.047860295,0.6610779,-0.37373134,0.062637255,0.03725309,0.13757446,-0.043061566,0.043675706,0.13070711,0.15384254,0.2018264,-0.19217539,-0.18428393,-0.20080915,-0.23437232,0.12506977,0.0144000985,0.110089004,0.21478432,0.3023363,-0.36185646,-0.18819042,0.07109023,-0.55380213
0,-0.10263516,0.06829649,-0.007493481,-0.048152924,0.08325648,0.010888014,0.03994925,-0.019357026,0.080555685,0.012219127,-0.01647426,0.023461629,0.05663755,0.020292144,-0.092363566,-0.07160314,0.00082474016,-0.07944889,0.0010138657,0.0514721,-0.059332848,-0.03499507,0.037948083,-0.07889083,0.026045602,0.042884067,-0.033251967,0.02234663,-0.014435517,-0.017758265,-0.07447131,0.104390085,0.06895163,-0.043346234,0.093704805,-0.06982748,0.068007365,0.05942679,-0.0839758,-0.033494968,-0.02294438,-0.019480832,0.057177022,0.079637304,0.030017225,-0.09568277,0.011413332,0.006991503,0.056801602,-0.021889962,0.04370227,-0.07025201,0.08151106,-0.034808423,-0.07366118,0.0067931013,-0.056177944,0.057794906,0.06657954,0.018026454,-0.081917234,-0.11010187,0.014180703,0.0027084677,-0.0706647,0.06734627,-0.019575905,-0.077894524,0.067030236,-0.0577478,0.03428306,-0.08217171,0.076335795,-0.02225179,0.0056443755,-0.030173404,0.11829445,0.0031844117,-0.1012968,-0.04424956,-0.017796595,-0.10927304,-0.0036714338,-0.043298867,0.014505098,-0.014209047,-0.004490081,-0.080054946,0.09109956,-0.09722315,-0.057956643,-0.02489191,0.005776124,-0.019794524,0.07417959,0.012387233,-0.0406707,0.102216594,0.00501996,0.09231806,-0.010369623,0.04553555,0.013483187,0.07132541,-0.038144324,-0.04389065,0.070066676,-0.004954014,-0.0035301074,0.026040282,-0.04869278,0.0066722482,0.016810521,0.0855684,-0.03470671,-0.021294996,0.09077237,-0.0040896204,0.005988598,0.02033835,-0.07926783,0.075641915,-0.09903863,-0.05310399,0.011348043,0.013155926,0.07339501,-0.011219751,-0.030323755,0.008623214,-0.040144354,-0.025846042,-0.100021504,-0.033560194,-0.12001344,-0.047072418,0.06363459,0.011241663,-0.079697564,-0.06722581,-0.026546821,-0.068994574,-0.030962989,0.0051387013,-0.035504416,-0.03923069,-0.0317519,0.016513387,-0.061168976,0.013000626,-0.06396737,0.035447538,-0.06747342,-0.04326542,0.03245344,0.11001842,-0.002992401,0.027906915,0.05477453,-0.025888503,-0.028899949,0.032875687,0.026311383,0.055356517,0.070940785,-0.075603455,-0.032209333,0.066439554,0.063031256,0.006047424,-0.013985224,0.03902263,-0.042440467,0.0010268874,0.037970066,-0.041029766,-0.010746863,-0.072709285,-0.052743085,0.09994353,-0.058480054,-0.08311814,0.03511565,-0.069947295,0.010052424,0.0137631055,0.04302329,-0.07040883,-0.043110315,0.055632133,0.05325064,0.067573495,-0.080306165,0.045985192,0.0868392,-0.07229029,0.024984121,-0.01680449,-0.01029764,0.055034034,-0.0040750736,0.034602333,0.07946199,0.07773884,0.0007122464,-0.037255645,0.05283094,-0.013965588,0.09000945,-0.025806202,-0.110158965,0.018866846,-0.09606233,0.06276775,0.026134778,0.04817579,-0.013733238,0.017108291,0.037870966,0.07565496,-0.0045964858,0.05360791,0.023933887,-0.038019605,-0.08170284,0.10017333,-0.025879629,-0.04684956,-0.02546302,0.035998557,-0.08373006,0.016254,0.022932671,0.0039444566,0.05364681,-0.05772881,0.047025427,-0.05134853,0.022343753,0.0019797478,-0.036968768,-0.05698815,0.0038250275,-0.042356405,-0.031274635,-0.012804362,-0.026762918,-0.085720114,-0.027018042,-0.076164246,-0.032451745,0.0014145251,0.06721868,-0.05268319,-0.03862591,0.017662479
1,0.85333157,-0.9470141,0.8407497,0.27732837,-0.014463332,0.8185103,-0.46956208,0.24397855,-0.5261652,-0.23073703,0.10817012,0.45956546,-0.2534417,-0.6382355,0.39247108,0.2055224,0.44177163,0.52514297,0.35310805,-0.5431073,0.5372025,0.13128453,-0.647759,0.32389212,0.59996444,-0.3632609,0.47749677,-0.09785149,0.18544178,-0.230112,0.20955388,-0.524137,-0.39098346,0.40818647,-0.675969,0.17111228,0.6028004,-0.46010062,0.1917901,0.19723853,-0.8962531,-0.040826634,-0.31297174,-0.063963965,-0.020533998,0.26322365,-0.24515708,0.2640837,0.5034933,-0.44534907,-0.5915429,0.31519324,-0.3970188,-0.0029543936,-0.5364536,-0.034437187,0.22304022,-0.16854769,-0.6193736,-0.6198064,0.09091821,0.43970457,0.091357306,0.6436403,0.20424454,-0.24743229,0.26178396,0.44962564,-0.24524602,0.07660574,0.029060995,0.64159745,-0.6435936,0.2769876,0.01336363,-0.16307366,-0.55799544,0.5265817,0.11860039,0.40025872,-0.7851808,0.5286673,-0.21717066,0.50809014,0.7268649,-0.32235217,0.39737284,0.19069065,-0.2685315,0.9065928,0.60001546,0.09717618,0.7327959,0.67374134,-0.3336767,-0.61770475,0.28450856,-0.41400427,-0.08460236,-0.21595998,0.35552192,0.4394439,-0.31965196,-0.2916352,-0.69731635,0.05421323,-0.19194879,1.3028384,-0.23814172,0.19158624,0.67108566,-0.38938957,-0.19804685,-0.17845978,0.13668758,0.14666395,-0.41253367,0.40880176,-0.99555993,-0.539929,0.15856585,-0.20032082,0.04801155,-0.86659586,-0.6459268,0.3839084,0.08566193,0.07906254,-0.24885137,0.4905288,0.24529278,0.32407588,0.41788667,0.20155007,0.10722019,0.5237154,-0.18709585,-0.47648266,0.29958043,0.33351064,0.49502894,0.082789764,-0.83344674,0.17853242,0.30339605,0.50961053,-0.039268605,-0.5013954,0.22372112,0.08730062,0.3422299,-0.63499534,0.2549672,0.5717062,0.1209494,-0.4167271,-0.6508468,0.20010373,0.014122542,0.8071556,0.29361308,-0.42238823,-0.46503478,-0.5974276,-0.79336315,0.41820088,-0.51547915,-0.058401484,-0.07045639,0.5114879,0.78802633,0.29933426,0.21467641,0.9895908,-0.09588115,0.51322377,-0.70540833,-0.01397131,0.42102498,-0.09748179,0.024233352,-0.012358587,0.09516506,0.16976756,0.54245293,0.000103136525,-0.14181048,-0.26395428,0.30256933,-0.46122178,-0.6641429,-0.4874519,0.18009913,-0.14883155,-0.2938852,0.14862537,-0.6929816,-0.45360813,-0.3396901,-0.35704467,0.69698006,-0.10482263,-0.4660667,-0.4011197,0.5436877,-0.21067554,-0.58011997,0.035879016,-0.0541329,0.029637342,0.47877377,-0.03095854,0.26851106,-0.7239498,-0.088079706,-0.09556586,0.12790294,-0.10136831,-0.5852027,-0.5976598,0.5574281,-0.35015205,0.9902911,0.48089513,0.39381257,-0.15411088,0.49178582,0.12440398,0.41231087,-0.69880366,-0.04857842,0.050975632,-0.092136726,1.1783798,-0.7070482,0.152562,0.028535992,0.2828811,-0.09744044,0.08614384,0.2594776,0.3136716,0.34290907,-0.3157757,-0.30738723,-0.34219798,-0.3930078,0.2867159,0.049219865,0.23990293,0.39878944,0.5358128,-0.6954285,-0.29611197,0.1451101,-1.0021664
1,0.76648927,-0.8516114,0.7624195,0.24755274,-0.006480586,0.73878515,-0.42139533,0.21902551,-0.47224352,-0.20694384,0.09592259,0.4184341,-0.22465442,-0.5829937,0.3501324,0.18336539,0.39916414,0.4701779,0.3232162,-0.4872166,0.48139203,0.117219485,-0.5860035,0.28786957,0.5446851,-0.32709712,0.42970732,-0.08618836,0.16960873,-0.2106953,0.18421291,-0.46722788,-0.3493176,0.36888906,-0.60666835,0.1496798,0.551908,-0.41512728,0.16603664,0.17598718,-0.8167007,-0.03856796,-0.28109375,-0.05224259,-0.016280051,0.23225504,-0.22454019,0.2410564,0.4610539,-0.40601784,-0.5320527,0.2782297,-0.3560687,-0.0031480677,-0.48893735,-0.02987931,0.19989811,-0.14880812,-0.5564675,-0.5608115,0.07465531,0.39040935,0.085923135,0.5814705,0.18076737,-0.22155504,0.23542646,0.4021252,-0.2134712,0.06523564,0.027637972,0.57358825,-0.57813126,0.25089884,0.011444882,-0.15185522,-0.49903682,0.47909674,0.09951197,0.35867745,-0.71217614,0.46959537,-0.19662368,0.45625868,0.65927124,-0.29455608,0.3593266,0.17024817,-0.23789585,0.81174916,0.539437,0.085542545,0.66519076,0.61007404,-0.29545158,-0.55970246,0.25689733,-0.36866045,-0.07611122,-0.19137263,0.32172647,0.40148395,-0.2892061,-0.26088062,-0.63454527,0.045207966,-0.17189568,1.182179,-0.22057301,0.17280163,0.6046079,-0.35522303,-0.17945434,-0.15520565,0.12074516,0.13408546,-0.36822188,0.37004316,-0.901701,-0.48799092,0.1383673,-0.17605436,0.037214935,-0.78881025,-0.587214,0.35076445,0.08335458,0.0715883,-0.23018983,0.44379735,0.22044727,0.2949353,0.37396777,0.17745204,0.08974357,0.46983114,-0.16404939,-0.43233368,0.26782727,0.29627544,0.44926974,0.066854656,-0.7585834,0.16267446,0.27064115,0.46009383,-0.036502846,-0.45684937,0.19963753,0.08172133,0.30706242,-0.5743847,0.22577113,0.5155725,0.1126913,-0.3704851,-0.5878361,0.18375471,0.016932424,0.7291916,0.26598498,-0.38046187,-0.42164943,-0.5358594,-0.7153816,0.37015566,-0.4704756,-0.049912106,-0.06015324,0.46514925,0.7150569,0.27417478,0.19188349,0.8995501,-0.084191576,0.46269956,-0.64019895,-0.019688677,0.37901407,-0.08008416,0.017019954,-0.016249213,0.08960603,0.1470054,0.49412826,3.168173e-05,-0.120148875,-0.24408513,0.27332547,-0.41588262,-0.59754944,-0.43694484,0.15839371,-0.13013718,-0.25953633,0.12779346,-0.6260902,-0.41358498,-0.30819643,-0.31877112,0.631217,-0.09531116,-0.41662946,-0.35817954,0.49358135,-0.19462174,-0.52247226,0.031820238,-0.042814523,0.028263824,0.42623,-0.026622035,0.23449104,-0.65183187,-0.07922296,-0.08218082,0.11566268,-0.091420844,-0.52886987,-0.53647316,0.5060535,-0.31303036,0.90256035,0.43621692,0.35168898,-0.13469729,0.4438943,0.111310646,0.36965144,-0.631387,-0.05077929,0.04966941,-0.08267348,1.0695555,-0.6351871,0.13441853,0.03148377,0.2522466,-0.08658251,0.0766148,0.2314263,0.27927047,0.31324622,-0.28904736,-0.28072676,-0.31112778,-0.36056033,0.25115636,0.042114217,0.21176355,0.35830724,0.4860215,-0.62327325,-0.27182972,0.12982945,-0.90587723
0,0.10152817,-0.13823572,0.17561525,0.024311712,0.055107262,0.16717607,-0.06838477,0.033272058,-0.05821856,-0.039839976,0.010692576,0.10995264,-0.008733112,-0.13443495,0.027945206,0.001059942,0.08776061,0.052333824,0.08087703,-0.07075231,0.06513904,-0.0036578532,-0.1169241,0.012212049,0.13546604,-0.0459069,0.07745743,-0.00025515165,0.03390113,-0.06278452,-0.017015122,-0.04064531,-0.028280526,0.0635357,-0.08297123,-0.015260208,0.17849687,-0.0632169,-0.027248593,0.014557178,-0.21066236,-0.019198459,-0.033994567,0.044730246,0.027203012,-0.017555535,-0.049517754,0.056188475,0.13876441,-0.11275122,-0.08663274,0.006807141,-0.02359762,-0.019366022,-0.16215107,0.002034938,0.021086996,0.0065122843,-0.07618308,-0.11463145,-0.044181816,0.010871008,0.037973385,0.13003482,-0.0029531308,-0.015121712,0.043134343,0.036416154,0.008416496,-0.016215373,0.030718485,0.07510668,-0.077327594,0.05148991,-0.0023994222,-0.06521707,-0.03255944,0.11292209,-0.04287529,0.044712573,-0.1779843,0.030978896,-0.05465571,0.079076104,0.1560754,-0.081062555,0.07489096,-0.002724817,0.0075252503,0.115399934,0.0791039,0.0070973933,0.15127209,0.12848625,-0.009331152,-0.11982112,0.02861143,-0.019672766,-0.014102449,0.015099086,0.0657487,0.12501113,-0.059703283,-0.022484526,-0.16933367,-0.022988658,0.0044342093,0.27073297,-0.054490786,0.051594194,0.09938661,-0.081959024,-0.027526114,0.029807318,-0.0007597245,0.027639141,-0.021959811,0.078938484,-0.20165423,-0.09974015,-0.02107926,0.009509239,-0.05528655,-0.2184701,-0.12987775,0.09521917,0.07171912,0.014721289,-0.077117145,0.10143265,0.02536815,0.057401925,0.021271251,0.017657725,-0.060685955,0.06437822,0.008937649,-0.09137213,0.008788735,0.017067283,0.098383985,-0.04292421,-0.1910438,0.039642733,0.035377003,0.07631191,-0.026171172,-0.10365852,0.006162852,0.033505473,0.033463653,-0.11107481,0.00011820346,0.09438036,0.051422857,-0.012745045,-0.13363951,0.06791155,0.03876271,0.14765362,0.05078017,-0.06711944,-0.08482282,-0.08096726,-0.120477386,0.015005317,-0.13694365,0.028737022,0.021854425,0.12668116,0.16385365,0.0865515,0.013367025,0.21223128,0.009543687,0.08407002,-0.15497723,-0.06850139,0.049499057,0.052632328,-0.04640326,-0.05134845,0.049230136,-0.023533154,0.12407518,0.0035775937,0.02118707,-0.10301913,0.041205723,-0.06269404,-0.087828025,-0.04816205,-0.01582995,0.010660244,-0.00021081418,-0.028828181,-0.11879027,-0.11920248,-0.079903856,-0.032610998,0.14022753,-0.0047004283,-0.036149573,-0.027987123,0.11836113,-0.070471756,-0.079567924,0.0035341475,0.05656425,-0.0111610815,0.022246636,0.00294606,-0.016921982,-0.1103836,-0.0058109127,0.014946045,0.016310267,-0.015241465,-0.0992309,-0.07032629,0.10512385,-0.029372726,0.22941187,0.08127979,0.024233896,0.0281915,0.07907263,-0.0032450391,0.05844465,-0.13290095,-0.07067913,0.03014294,-0.0153974835,0.2423649,-0.10274917,-0.018057134,0.0500507,0.014671432,-0.0038297363,0.013024198,0.02394756,0.02798159,0.08509171,-0.08954518,-0.08341734,-0.08003651,-0.10645156,-0.011018343,-0.014353909,-0.0032335408,0.06185724,0.11621147,-0.09506136,-0.10041502,0.009057738,-0.19288269
1,1.1708568,-1.2924081,1.1215564,0.38035536,-0.042606916,1.0977571,-0.6387963,0.33268735,-0.72306925,-0.3148721,0.1478714,0.6087994,-0.3559187,-0.84710354,0.5410775,0.2903111,0.59148556,0.7249101,0.4658127,-0.74671805,0.73682183,0.18843415,-0.8692107,0.4511892,0.7991378,-0.4988869,0.6466152,-0.13851224,0.25096738,-0.30100203,0.3039602,-0.7277401,-0.5474521,0.55455303,-0.9242866,0.24526699,0.78733045,-0.62553126,0.28220266,0.27604443,-1.1888448,-0.053176552,-0.4313003,-0.11187729,-0.04292408,0.3801288,-0.32533595,0.3513095,0.66319895,-0.5860994,-0.8045985,0.44290227,-0.5506722,0.0031449348,-0.6944023,-0.05239393,0.30769306,-0.24095748,-0.847051,-0.8377158,0.14616802,0.6197111,0.11081605,0.8604965,0.29212192,-0.3407898,0.35201302,0.62096757,-0.3517641,0.11501023,0.030068213,0.8807734,-0.88310575,0.36910126,0.024418041,-0.20438495,-0.78137565,0.6978437,0.18509129,0.5547945,-1.0430349,0.73736817,-0.28039384,0.6894285,0.9729724,-0.4249211,0.53651947,0.26690748,-0.38663045,1.2427061,0.81942195,0.13365147,0.98182625,0.90375537,-0.47246742,-0.83096004,0.3916218,-0.57859254,-0.110735126,-0.31113535,0.47983736,0.5746549,-0.4294669,-0.40537432,-0.9232425,0.08681893,-0.2725812,1.7455423,-0.31388864,0.25642312,0.9155962,-0.5208085,-0.27161697,-0.2643356,0.19286436,0.19415002,-0.57592833,0.54972327,-1.3359773,-0.72673315,0.23270291,-0.28938428,0.089202665,-1.1432307,-0.8641026,0.5034598,0.092831425,0.100572005,-0.31732318,0.6563171,0.33804342,0.43230468,0.58256245,0.27858508,0.17398058,0.7178675,-0.2664899,-0.64098835,0.41978818,0.4674639,0.6631191,0.1356704,-1.1098961,0.23875916,0.41641796,0.6979273,-0.04653891,-0.6691089,0.31289762,0.10187573,0.47029424,-0.85612637,0.36331183,0.77178806,0.14889139,-0.58865285,-0.87315226,0.2543677,0.005261358,1.0900031,0.39242476,-0.56911147,-0.6235786,-0.8166115,-1.0777637,0.58971745,-0.6783584,-0.09487769,-0.10665842,0.67196554,1.0506707,0.38684684,0.2974107,1.3172259,-0.13926022,0.6938023,-0.94182223,0.0044851303,0.57856286,-0.15913515,0.054019574,0.00043287873,0.117436856,0.24953729,0.7218257,0.004343128,-0.21405035,-0.3332275,0.40758887,-0.6297132,-0.9093241,-0.673776,0.26010087,-0.21877807,-0.41691944,0.22352555,-0.94029397,-0.59160453,-0.45329112,-0.49302277,0.93563956,-0.14795409,-0.64688385,-0.55916107,0.72289884,-0.2685199,-0.79278576,0.04528657,-0.09797,0.042126887,0.670992,-0.042625137,0.3870157,-0.9832319,-0.1192756,-0.14183307,0.17225797,-0.13828939,-0.7896689,-0.82018286,0.7512606,-0.48677033,1.3139611,0.6459089,0.5477096,-0.22334889,0.66902804,0.17707495,0.5648296,-0.94020057,-0.042787664,0.0565443,-0.12526083,1.5795338,-0.96400315,0.2209423,0.02160047,0.39630565,-0.14035526,0.12041843,0.35827568,0.43463287,0.4508506,-0.4116823,-0.40458968,-0.45054343,-0.51461035,0.4121194,0.07788582,0.33866072,0.5399147,0.71587723,-0.95146847,-0.3808631,0.19903508,-1.3485004
1,0.20486122,-0.2475926,0.2640116,0.060979843,0.046349756,0.2549827,-0.12299432,0.06599707,-0.12105417,-0.064685084,0.023871092,0.15912433,-0.042621903,-0.20644648,0.07993511,0.028890155,0.13771679,0.11458401,0.120911375,-0.13288984,0.13037804,0.017883087,-0.18959577,0.058653314,0.19817975,-0.087504014,0.13301659,-0.015713774,0.054853566,-0.086476184,0.017966583,-0.10266893,-0.07519372,0.10876209,-0.16229393,0.01323485,0.23201343,-0.11726245,0.0046706498,0.039416112,-0.302532,-0.020658664,-0.06740439,0.031745054,0.01877081,0.02483362,-0.08061874,0.089628324,0.18707691,-0.15902035,-0.1560549,0.052934818,-0.080281965,-0.016228441,-0.21621224,0.0005225092,0.045859642,-0.018233437,-0.15538666,-0.17826198,-0.02403618,0.0698882,0.04825701,0.20019987,0.023568686,-0.049000353,0.07384111,0.09801869,-0.028980486,-0.008756746,0.025575444,0.15008259,-0.15670182,0.07949939,-0.0036083572,-0.07701452,-0.101947464,0.1770229,-0.020584617,0.090361536,-0.25777113,0.09932387,-0.0800817,0.13559744,0.2299527,-0.11318949,0.11938885,0.026540747,-0.028529003,0.21944156,0.15144813,0.018283725,0.22960362,0.20313057,-0.053696446,-0.18542714,0.065758795,-0.07358072,-0.02779295,-0.020534366,0.10514394,0.16596004,-0.095821835,-0.055018883,-0.24199726,-0.010746948,-0.024535798,0.40605837,-0.08446392,0.066651136,0.17485969,-0.12337251,-0.053165417,-0.00086292997,0.020160712,0.04622723,-0.07833592,0.12212451,-0.30496377,-0.15848091,0.0037038587,-0.016666036,-0.042292386,-0.30415195,-0.2022951,0.13602729,0.07183644,0.02615389,-0.106381595,0.1546336,0.056389656,0.0992231,0.0778289,0.04122982,-0.03527699,0.13025112,-0.020914227,-0.14519581,0.051236793,0.05822072,0.14819743,-0.026110759,-0.27531928,0.057582516,0.070177935,0.13223803,-0.024908109,-0.15673909,0.037933588,0.047697566,0.07765441,-0.18233916,0.03403222,0.15704136,0.062434345,-0.06401864,-0.20032434,0.0869582,0.03783652,0.2327797,0.08700594,-0.11766211,-0.1376273,-0.14874822,-0.21102628,0.072400644,-0.18258968,0.019600622,0.008673929,0.17628963,0.2466707,0.11999042,0.045028694,0.31967434,-0.005777277,0.14079538,-0.22725756,-0.052408174,0.1003785,0.031339902,-0.03313706,-0.045063604,0.050004296,0.007822912,0.17871362,-0.0011065938,-0.0005836636,-0.12731472,0.08067269,-0.11440231,-0.16973548,-0.10897275,0.010648508,-0.0123992525,-0.040782005,-0.0044601336,-0.19632085,-0.16698511,-0.1104348,-0.07725829,0.21269143,-0.018279186,-0.097175896,-0.07968637,0.17772704,-0.0925158,-0.14805214,0.011877319,0.037815224,0.003269935,0.085243605,-0.003120527,0.024467882,-0.19215257,-0.019661613,-0.0016273409,0.036227718,-0.024683844,-0.16546562,-0.14239568,0.16833833,-0.0747483,0.33091396,0.14009528,0.07780969,0.0006464636,0.1346907,0.015847394,0.10760155,-0.20251773,-0.06628308,0.035870574,-0.020961553,0.36827505,-0.18320729,0.011646021,0.043327905,0.054670915,-0.0119825825,0.020487959,0.057469852,0.063530445,0.12069964,-0.123017505,-0.11469068,-0.1198376,-0.1426214,0.031774394,-0.0046259873,0.034575466,0.10960074,0.1702355,-0.1719058,-0.12631191,0.028214838,-0.2984167
0,-0.11437404,0.0821174,-0.018044367,-0.061049677,0.0885524,0.0013217982,0.051418066,-0.031232553,0.09526548,0.0141768195,-0.018390981,0.012970917,0.061942987,0.04006988,-0.10669545,-0.07607266,-0.011448296,-0.08970706,-0.015544752,0.058629554,-0.06735127,-0.041879304,0.051847767,-0.0892712,0.019185761,0.04359927,-0.039553642,0.029846646,-0.016359648,-0.006185584,-0.08692357,0.11349298,0.071576536,-0.047552146,0.10667455,-0.07796268,0.06552696,0.07168168,-0.09476888,-0.036525667,-0.013271335,-0.023782618,0.061840344,0.080921255,0.033639584,-0.11043529,0.020825777,-0.008356495,0.054106813,-0.009459071,0.054686945,-0.085992776,0.100647666,-0.03460983,-0.0595353,0.0014488827,-0.06086222,0.060989257,0.09008844,0.0218673,-0.08996463,-0.11907675,0.0074190535,-0.004927787,-0.07425141,0.0798015,-0.028980725,-0.09103358,0.08095285,-0.054636493,0.043114997,-0.09013847,0.091710605,-0.023125859,0.0120660085,-0.025878169,0.12769416,-0.017149076,-0.10847027,-0.046248768,-0.011496349,-0.12623855,0.009821227,-0.04999482,0.010592423,-0.008974664,-0.015429663,-0.09428936,0.09892559,-0.10452957,-0.06900729,-0.026789717,-0.00481428,-0.034999788,0.08013212,0.02025596,-0.0500535,0.11444792,0.016012438,0.11221811,-0.014670502,0.04254956,0.02525814,0.077616625,-0.026592685,-0.05020623,0.07964997,-0.019783938,0.007315971,0.031653505,-0.060003143,0.013876725,0.028267356,0.097636506,-0.04164241,-0.02824582,0.101168156,-0.005766181,0.011933886,0.030185161,-0.08643986,0.07645166,-0.104367405,-0.044275776,0.02499577,-0.0027364343,0.078410596,-0.01640841,-0.014391251,-0.0011269925,-0.04730361,-0.042362384,-0.10972316,-0.03548319,-0.12867045,-0.057777785,0.074986026,0.022680117,-0.08923967,-0.07499015,-0.030721135,-0.07102415,-0.02125887,-0.00075191446,-0.040473327,-0.040934235,-0.037095062,0.02145789,-0.07215125,-0.0044257827,-0.07686816,0.046962835,-0.07274941,-0.053881742,0.028814755,0.11443192,0.0019586142,0.025864558,0.055173416,-0.036710672,-0.038189825,0.04127164,0.038970284,0.06282079,0.08674279,-0.08457965,-0.03446479,0.0644986,0.070179455,-6.965175e-05,-0.023433186,0.033961155,-0.054760974,-0.016389798,0.042254224,-0.05274894,-0.00274181,-0.08612715,-0.05801805,0.10849405,-0.059532087,-0.093058325,0.044712998,-0.08235884,0.0049319323,0.01752117,0.041607752,-0.064130306,-0.05647226,0.06041124,0.06690354,0.07729201,-0.08694261,0.05037899,0.09531344,-0.07794238,0.035462026,-0.005349681,-0.0105494335,0.06479494,-0.0122048445,0.037177507,0.09409556,0.09020388,-0.011440516,-0.027999287,0.066528395,-0.02166932,0.09862601,-0.034385122,-0.11979033,0.024125014,-0.10879819,0.074554175,0.03573662,0.050830867,-0.024272101,0.017429536,0.047967568,0.080357105,-0.008699117,0.065685436,0.015185576,-0.054361314,-0.094266385,0.116318524,-0.033485156,-0.04891506,-0.031179847,0.041281387,-0.08803236,0.011170972,0.023334648,-0.008846194,0.061943807,-0.07109064,0.049844384,-0.06485603,0.018204391,0.007069228,-0.043424256,-0.05909597,-0.0057450607,-0.038800083,-0.027000675,-0.0029992992,-0.024324697,-0.09984754,-0.027360719,-0.091121465,-0.04665094,0.0011660063,0.071955964,-0.045144636,-0.048148975,0.023586534
0,0.10436104,-0.14151683,0.17772359,0.025729323,0.054048866,0.1698951,-0.07006858,0.034555785,-0.060468122,-0.04056132,0.010998575,0.11191952,-0.008988097,-0.13727292,0.029946163,0.0018871874,0.089087434,0.054643683,0.08209966,-0.07281074,0.066465646,-0.0040557776,-0.11916443,0.013889041,0.13719296,-0.046911336,0.079515114,-0.00043997727,0.0355988,-0.06401675,-0.016054899,-0.042960383,-0.030278623,0.06448399,-0.08514951,-0.014911849,0.18092817,-0.0645372,-0.02664429,0.015421079,-0.21418375,-0.019564815,-0.03460655,0.044349205,0.02736178,-0.016122177,-0.05086328,0.05746309,0.13977621,-0.11397235,-0.08884786,0.008447923,-0.02551084,-0.018906645,-0.16474873,0.0015436169,0.02241827,0.005385626,-0.07834704,-0.116498016,-0.043679256,0.0130305365,0.038103804,0.13285196,-0.002207946,-0.016661482,0.04457432,0.038826685,0.007347714,-0.016761065,0.03079498,0.077135265,-0.079845324,0.052249275,-0.002299348,-0.06553242,-0.035142124,0.11468966,-0.041894056,0.046100125,-0.17974564,0.03329084,-0.056315362,0.08101355,0.15828592,-0.08159864,0.0771157,-0.002122879,0.0059109926,0.118108,0.081322335,0.007053666,0.15429209,0.13081965,-0.010445952,-0.12225987,0.03016317,-0.021718003,-0.015345897,0.013768021,0.06697873,0.12645847,-0.060486667,-0.02428567,-0.17150755,-0.022668662,0.003391751,0.27560702,-0.05528747,0.052264776,0.10141521,-0.083062574,-0.028584745,0.02918652,-0.00021190196,0.028780395,-0.023767784,0.08051875,-0.20501134,-0.10177593,-0.019810889,0.008189999,-0.054188423,-0.22006541,-0.13161574,0.0959159,0.07167467,0.014599685,-0.07786937,0.102743395,0.026272207,0.059398346,0.022935286,0.018273363,-0.05914075,0.06656136,0.008384086,-0.09380074,0.010610189,0.018776715,0.10012192,-0.04287339,-0.19376414,0.040029485,0.036256127,0.07860891,-0.02571608,-0.105163425,0.006983593,0.03359022,0.035588395,-0.11368048,0.00052914023,0.0956441,0.05138523,-0.014214225,-0.13598679,0.06908326,0.03952374,0.15025155,0.05204165,-0.06858631,-0.08662831,-0.08271307,-0.12314678,0.016019296,-0.1387733,0.028452583,0.020096065,0.12817048,0.16686675,0.08721042,0.01441122,0.21487759,0.009103358,0.08672912,-0.1573822,-0.06743954,0.050265998,0.052428894,-0.045554772,-0.050201133,0.04951176,-0.021991592,0.1254939,0.003605945,0.020868033,-0.1038546,0.041525852,-0.06304856,-0.08998479,-0.04947593,-0.015458394,0.010273002,-0.0012057312,-0.028045736,-0.12148622,-0.12099138,-0.08088113,-0.034321047,0.14179896,-0.005187852,-0.038278703,-0.030315824,0.12147646,-0.071021736,-0.081856176,0.0044974424,0.05631417,-0.01039741,0.024261624,0.0030585413,-0.01644811,-0.11388397,-0.006086014,0.014087666,0.016974017,-0.015982663,-0.10115708,-0.07220833,0.10678653,-0.0299442,0.23232079,0.083034046,0.025690887,0.027113765,0.08098259,-0.0025430864,0.06012398,-0.13518623,-0.070713684,0.030768575,-0.016166035,0.24639314,-0.10544053,-0.017179124,0.049148478,0.015592938,-0.004457306,0.0130109545,0.024993882,0.028603684,0.087096825,-0.09039062,-0.084841,-0.08110448,-0.10690379,-0.010126777,-0.014104292,-0.0019283332,0.062645674,0.118256725,-0.097635984,-0.10134684,0.00912137,-0.19640052
0,0.4809274,-0.5402932,0.50843567,0.15274543,0.01895063,0.48501444,-0.26712623,0.13867904,-0.2941301,-0.13144834,0.059362523,0.28403857,-0.13175046,-0.39668223,0.21492124,0.10780041,0.2634823,0.29084682,0.22287229,-0.3048044,0.2994645,0.06636199,-0.3851713,0.17137681,0.36505708,-0.20622112,0.27670273,-0.049376197,0.112839594,-0.1469832,0.099418506,-0.28387877,-0.20952483,0.23868312,-0.38212156,0.08071094,0.38668516,-0.2653791,0.083339,0.10544292,-0.5542368,-0.02896522,-0.17553894,-0.010397185,0.0024729334,0.12743035,-0.15361832,0.16363867,0.31879395,-0.27873257,-0.33918056,0.16122165,-0.2175324,-0.007200837,-0.34402066,-0.014063641,0.12463898,-0.08373241,-0.35157782,-0.3653152,0.023709718,0.22792968,0.0678327,0.38459963,0.10257614,-0.1372202,0.15257221,0.24683069,-0.11487671,0.03050666,0.026171021,0.35586485,-0.3632654,0.16695297,0.002751574,-0.1146338,-0.30061892,0.3239709,0.03841667,0.22009726,-0.4782812,0.27987057,-0.13679215,0.29245445,0.4387486,-0.20213018,0.23372357,0.101125516,-0.13373902,0.5075827,0.34143788,0.0505653,0.4419804,0.4022819,-0.17069331,-0.36874095,0.1621506,-0.22086808,-0.0512457,-0.10746108,0.20983315,0.2798162,-0.19013177,-0.15956083,-0.43115515,0.015444692,-0.10046719,0.785032,-0.15457457,0.11489959,0.3854363,-0.23838025,-0.11425264,-0.077395976,0.06855854,0.092223175,-0.22174716,0.24349466,-0.5951039,-0.32037735,0.071420915,-0.09707238,0.00092664734,-0.53812575,-0.3914934,0.24239008,0.07572589,0.049311116,-0.16788597,0.29377422,0.13779604,0.19779332,0.22614004,0.105288856,0.028865814,0.29431692,-0.090921514,-0.28563878,0.16056332,0.17547649,0.29854086,0.017698351,-0.51134634,0.10993359,0.16714717,0.29354623,-0.029459676,-0.3072746,0.11949546,0.06632642,0.19124736,-0.3754485,0.12886295,0.33471683,0.0857895,-0.21715865,-0.3862614,0.13361555,0.025747102,0.47454187,0.17648017,-0.24574678,-0.2785562,-0.33740202,-0.4599168,0.2140132,-0.32424092,-0.01793636,-0.026693942,0.31870863,0.4774062,0.19327831,0.11735348,0.6041095,-0.044493414,0.29975733,-0.42815483,-0.037712708,0.23747528,-0.0243157,-0.008694507,-0.0278425,0.07081413,0.07487853,0.3345233,-0.0011155661,-0.05354844,-0.18093307,0.17671232,-0.26434323,-0.377608,-0.26964414,0.08691521,-0.067934245,-0.14766955,0.05986309,-0.40561283,-0.28820437,-0.20627354,-0.19464022,0.41661027,-0.057656944,-0.25403008,-0.21634766,0.33245838,-0.14129955,-0.3318984,0.021331191,-0.0028887466,0.016910536,0.25346398,-0.015113018,0.12548791,-0.4180465,-0.050920133,-0.040697336,0.075718656,-0.05892855,-0.34441116,-0.33570123,0.33294073,-0.18974793,0.6122675,0.28757828,0.21207413,-0.071283795,0.28455704,0.06435338,0.23210095,-0.41477767,-0.057222255,0.044491127,-0.053045705,0.71027267,-0.40271214,0.0727371,0.04004,0.14992052,-0.04926895,0.046099387,0.14206219,0.17085272,0.2165885,-0.20218185,-0.19337401,-0.21170685,-0.2510634,0.13637304,0.01716197,0.12140675,0.23037454,0.32456687,-0.39230898,-0.194634,0.08071498,-0.5940012
1,-0.12590998,0.08896741,-0.027494702,-0.06759819,0.09555369,-0.0032546287,0.058800828,-0.038495325,0.10929393,0.01697756,-0.021295652,0.006817816,0.067977235,0.05808797,-0.1228514,-0.082030535,-0.017555425,-0.09592937,-0.027388358,0.06299411,-0.07402538,-0.047441892,0.063912496,-0.0997463,0.01609499,0.046560176,-0.04959261,0.03469004,-0.02060326,-0.0020974986,-0.094508804,0.121463664,0.07596195,-0.056077197,0.118640065,-0.08469772,0.06486628,0.08339831,-0.10110307,-0.038172163,-0.005763881,-0.026988143,0.06343694,0.08499923,0.032977432,-0.12111591,0.031853873,-0.015850786,0.05538769,-0.0011461861,0.06024286,-0.09631032,0.11413861,-0.035959538,-0.055562824,-0.0022125915,-0.06968882,0.063649766,0.10382865,0.022651862,-0.09506117,-0.12747777,-0.002214115,-0.008871886,-0.08024827,0.093619175,-0.038099874,-0.104167566,0.08763353,-0.055294737,0.049866408,-0.096691675,0.10171911,-0.02875719,0.018220041,-0.021698713,0.13559258,-0.0339267,-0.11661331,-0.046007454,-0.008880006,-0.1379589,0.018932652,-0.052358318,0.010472756,-0.004035782,-0.01846392,-0.1086764,0.10636678,-0.11085412,-0.07953096,-0.030377083,-0.007348316,-0.047617957,0.08319202,0.026178587,-0.058950447,0.1255765,0.022925574,0.12375757,-0.017207269,0.041461047,0.03240019,0.08160737,-0.018101078,-0.052434914,0.089753956,-0.03027767,0.013103679,0.038996782,-0.06470854,0.018037869,0.032643676,0.10215014,-0.044992257,-0.033878863,0.112035304,-0.006265204,0.014914102,0.03452144,-0.09175465,0.07686743,-0.11047511,-0.038454708,0.03381475,-0.010318626,0.08166234,-0.021174338,-0.0025049448,-0.0034036194,-0.057257764,-0.056943275,-0.12033574,-0.042082176,-0.13813758,-0.065340824,0.08305019,0.032926373,-0.097372964,-0.080612205,-0.033822365,-0.06983878,-0.018727966,-0.0016828664,-0.04126238,-0.040832564,-0.04158625,0.03035658,-0.08179158,-0.01720766,-0.08524236,0.05806795,-0.07646793,-0.062162682,0.024763465,0.12025234,0.004339723,0.020769857,0.057847727,-0.039597847,-0.050140552,0.048097163,0.04834228,0.06722243,0.10123775,-0.09234455,-0.03316414,0.06477799,0.07734756,-0.0067282803,-0.032859586,0.029049564,-0.061786756,-0.030657325,0.0419017,-0.06119491,0.0021641534,-0.0934584,-0.06498275,0.1152504,-0.061220437,-0.10451842,0.051423997,-0.08923828,0.002367123,0.025024103,0.038970575,-0.06116461,-0.06888384,0.064294234,0.072389334,0.08321315,-0.09323947,0.05462444,0.10178462,-0.08208143,0.041233346,0.0040889084,-0.011923246,0.07343267,-0.013323361,0.042860676,0.10683729,0.10018638,-0.019144882,-0.025661949,0.072607175,-0.027806208,0.10878508,-0.047172695,-0.13160728,0.03022819,-0.1186744,0.08420229,0.043475118,0.055819467,-0.032691758,0.018292364,0.056600705,0.08722709,-0.012524532,0.07227318,0.008313041,-0.071098216,-0.105481744,0.13279921,-0.038413767,-0.05447412,-0.0376203,0.04552281,-0.095241904,0.004427459,0.025671992,-0.018575374,0.06803407,-0.07802629,0.05095461,-0.071891256,0.013026813,0.010566877,-0.04706734,-0.061995834,-0.013842575,-0.03878605,-0.02506721,0.0035198648,-0.023036601,-0.10744123,-0.027355578,-0.103251845,-0.058888577,-0.00012573163,0.077627525,-0.04497937,-0.05882664,0.028408045
1,0.99495023,-1.1003344,0.9657567,0.32324418,-0.027580056,0.9416352,-0.5442852,0.28289565,-0.61441606,-0.26803464,0.12584493,0.5255377,-0.29907703,-0.73278093,0.4593404,0.24378295,0.50760263,0.61454785,0.40384096,-0.63363993,0.62546414,0.15654406,-0.7469643,0.38046572,0.6877761,-0.42398426,0.5525173,-0.11608504,0.21537197,-0.2617808,0.25117046,-0.6159046,-0.46089935,0.4741725,-0.78728956,0.20404147,0.68492794,-0.53437877,0.23149854,0.23206425,-1.0266827,-0.04589413,-0.36660752,-0.08570224,-0.030319195,0.31578383,-0.28145164,0.3027343,0.57421756,-0.5077881,-0.6860246,0.371327,-0.46555203,0.0003624633,-0.6053477,-0.042566188,0.26193213,-0.20121802,-0.72051454,-0.716946,0.11527489,0.5201704,0.100342855,0.7391703,0.24417616,-0.2896357,0.3019642,0.52547044,-0.291305,0.094153896,0.029499052,0.7479214,-0.75053614,0.3184491,0.018218637,-0.18203141,-0.65855366,0.6023994,0.14820477,0.46862394,-0.8994658,0.6215239,-0.24516761,0.5888962,0.83601254,-0.36833543,0.45920932,0.22564605,-0.3220901,1.0557847,0.69778734,0.11329366,0.84357154,0.77616453,-0.39533317,-0.71291625,0.33322242,-0.487932,-0.09600548,-0.25921,0.41054365,0.4992412,-0.3684188,-0.34393498,-0.79709554,0.068464294,-0.22879596,1.5000886,-0.27273703,0.220102,0.78028184,-0.44872186,-0.23108734,-0.21684843,0.16145623,0.16844653,-0.48549795,0.47151443,-1.1466854,-0.6232489,0.19185898,-0.24059652,0.06740854,-0.9887973,-0.7433896,0.4373505,0.088295355,0.08841519,-0.27950802,0.56347984,0.28711715,0.37260443,0.49177873,0.23512357,0.13798273,0.6095321,-0.22222862,-0.54948807,0.35368448,0.39338124,0.5709264,0.10550782,-0.95647395,0.20551321,0.35322976,0.5939937,-0.042098455,-0.57692593,0.2639604,0.09401884,0.39994973,-0.7341507,0.30362523,0.6609593,0.1330533,-0.49416384,-0.7490044,0.22392511,0.009871837,0.93310267,0.33812532,-0.4875515,-0.53613216,-0.69466066,-0.9204172,0.49321935,-0.5884127,-0.075922206,-0.08748128,0.58308774,0.9055095,0.33764762,0.25155842,1.135398,-0.1152945,0.5942049,-0.8103764,-0.006725788,0.49114525,-0.12509155,0.037138354,-0.0058490634,0.10542981,0.2047419,0.6227477,0.002155358,-0.17271453,-0.29379934,0.3496785,-0.5371153,-0.77259034,-0.5701722,0.21637033,-0.17918518,-0.34861335,0.1820944,-0.80287457,-0.51499456,-0.3904675,-0.41743582,0.8029778,-0.12457817,-0.546559,-0.47193485,0.62394464,-0.23618385,-0.67503625,0.040004596,-0.07386672,0.03515877,0.56463015,-0.036279894,0.32097644,-0.83961236,-0.102431074,-0.115913175,0.14762364,-0.11828454,-0.6763507,-0.696755,0.64314836,-0.41085806,1.134869,0.5546918,0.46259588,-0.18589787,0.5705131,0.14836568,0.47940755,-0.8072679,-0.045551874,0.053875133,-0.10814425,1.3566827,-0.82110214,0.1831051,0.026123598,0.33322302,-0.11717075,0.10087179,0.3035148,0.36787543,0.39161584,-0.35761595,-0.35006744,-0.38991243,-0.44794574,0.3419684,0.061559755,0.28411943,0.46116957,0.61607295,-0.80918044,-0.33356422,0.169702,-1.1559823
1,-0.0971252,0.064557314,-0.004646525,-0.047030047,0.083904505,0.015251245,0.03849216,-0.0186635,0.080747865,0.009058787,-0.015169228,0.026390009,0.055571146,0.01871499,-0.09015377,-0.07002332,0.0026503224,-0.07778427,0.001074791,0.0510293,-0.05599535,-0.03395988,0.03608736,-0.076964885,0.028055828,0.039817594,-0.029779289,0.02199014,-0.0137628075,-0.0173566,-0.07380738,0.10413945,0.06707612,-0.042218983,0.09178221,-0.06971247,0.071860254,0.058182705,-0.08432211,-0.033869714,-0.028650038,-0.021768961,0.058620427,0.07947019,0.030599024,-0.09648259,0.00949483,0.00607937,0.05899404,-0.022874977,0.04236372,-0.067666635,0.081754096,-0.034018233,-0.07875599,0.0063031428,-0.05563775,0.05732534,0.06495386,0.01742999,-0.082765296,-0.1083538,0.015261669,0.0073479647,-0.06840101,0.066886514,-0.01872674,-0.07303327,0.06592522,-0.05757952,0.034667615,-0.07832515,0.07326284,-0.022749813,0.0037374906,-0.030097745,0.117205024,0.0064627863,-0.09994354,-0.042036943,-0.020152897,-0.1072196,-0.005349138,-0.03982187,0.016134512,-0.014357369,-0.002336789,-0.08027344,0.09173965,-0.09412722,-0.0549772,-0.022471976,0.007985529,-0.017695794,0.07272931,0.010385659,-0.042697717,0.10034763,0.00379748,0.09142849,-0.008921947,0.04650767,0.012811778,0.07141313,-0.04087328,-0.043089494,0.07088808,0.000114194816,-0.002117373,0.026621554,-0.04981421,0.0052349754,0.016863067,0.08624718,-0.03419782,-0.020050986,0.087708026,-0.0032297834,0.0022431482,0.018533267,-0.07669879,0.074464545,-0.099614665,-0.05602937,0.00912599,0.012626957,0.07163346,-0.011882205,-0.031090226,0.009326637,-0.038055293,-0.023166597,-0.09633252,-0.03206218,-0.12044428,-0.045205817,0.064156964,0.009321047,-0.07750829,-0.06805584,-0.023786511,-0.06920993,-0.032242943,0.004257985,-0.035105232,-0.03737924,-0.029026523,0.014107006,-0.060263947,0.01362988,-0.06252673,0.03444663,-0.067929685,-0.044006523,0.033182498,0.10893217,-0.00639378,0.030928666,0.05505428,-0.024440588,-0.027705334,0.029464863,0.025462836,0.05272048,0.06733825,-0.07280256,-0.033328593,0.06730257,0.06347165,0.010282386,-0.010165088,0.0412996,-0.040445358,0.004849162,0.038098183,-0.040002033,-0.013450727,-0.07174889,-0.05142916,0.09861786,-0.056486838,-0.0827817,0.033665527,-0.06868945,0.012598398,0.013078047,0.04205331,-0.07263973,-0.040997025,0.053883824,0.050290257,0.0656092,-0.08119647,0.04449268,0.08449227,-0.07270799,0.022741312,-0.019137096,-0.01083023,0.054795012,-0.0017626472,0.03366414,0.07847638,0.076435685,0.0029593415,-0.037924636,0.051009465,-0.012149252,0.09109899,-0.02407034,-0.10524435,0.018231675,-0.09571222,0.059630394,0.025972057,0.04620429,-0.013257476,0.017333383,0.037134252,0.071184486,-0.0011196053,0.053363655,0.02748442,-0.036413856,-0.07936187,0.10119935,-0.02459973,-0.046160184,-0.021961268,0.0331579,-0.082846135,0.016755397,0.022769064,0.0069402885,0.051123545,-0.058089443,0.04729508,-0.050612427,0.0219156,0.003144918,-0.034295026,-0.056386527,0.0054105483,-0.043403566,-0.03329178,-0.01564722,-0.026471613,-0.08585486,-0.024403026,-0.0746782,-0.030135509,0.006622541,0.062472727,-0.054031987,-0.03945874,0.014435291
1,0.56059426,-0.6342393,0.5807387,0.18081872,0.014077079,0.56907046,-0.31531462,0.16599637,-0.34273237,-0.15796226,0.06998284,0.32579917,-0.1589139,-0.43936768,0.25090265,0.12286894,0.3069028,0.3389459,0.24684139,-0.35901228,0.35612231,0.08104738,-0.44105363,0.20441134,0.42037866,-0.23830116,0.32343248,-0.06279765,0.124990866,-0.1653689,0.123502776,-0.33205348,-0.24898456,0.27163288,-0.442752,0.099726096,0.43770194,-0.30408445,0.10827903,0.12601808,-0.6289334,-0.03143327,-0.19922282,-0.019650485,-0.003299985,0.1551852,-0.16892715,0.18503304,0.36249024,-0.31761885,-0.3958709,0.19909951,-0.25254464,-0.011455487,-0.3978649,-0.018592685,0.14020233,-0.0991555,-0.41089943,-0.419793,0.039424088,0.2723519,0.07251542,0.44590315,0.1215471,-0.15554917,0.17771104,0.2922959,-0.15210497,0.036018636,0.028040271,0.4218955,-0.42313632,0.18527459,0.005418338,-0.123917654,-0.34824127,0.37058675,0.055835523,0.26181346,-0.5492126,0.33583796,-0.15673661,0.34022596,0.5032112,-0.22759986,0.27477098,0.11414523,-0.15809345,0.5978374,0.39972323,0.06297755,0.50639546,0.462212,-0.20836215,-0.42214432,0.18188183,-0.25872254,-0.05989875,-0.12527215,0.24321857,0.3168905,-0.21944493,-0.18166184,-0.49481216,0.02673098,-0.113434434,0.8996146,-0.16611798,0.13665168,0.44655046,-0.26831773,-0.13319732,-0.09834628,0.085253544,0.09931399,-0.2604481,0.2788874,-0.68623763,-0.36716294,0.0882893,-0.115348846,0.0047693327,-0.61617494,-0.4463133,0.27193993,0.079937816,0.054716654,-0.18468991,0.3420616,0.15903819,0.22193296,0.26294512,0.1323125,0.041299924,0.34776285,-0.1128229,-0.32677206,0.18504216,0.20855105,0.33703056,0.035366323,-0.5820694,0.12306429,0.19974461,0.33749732,-0.032425098,-0.343536,0.13894975,0.07064769,0.22272997,-0.42927906,0.15457562,0.38300008,0.095288664,-0.25517747,-0.4509294,0.15078416,0.024987724,0.54960835,0.19850594,-0.28582367,-0.3163339,-0.39684755,-0.52983963,0.26577356,-0.3645131,-0.020309296,-0.034317054,0.3613488,0.5445413,0.22041559,0.1395179,0.6870446,-0.05551456,0.34470972,-0.49150375,-0.028222822,0.27615768,-0.039840356,-0.0023941696,-0.027902786,0.07300521,0.09778465,0.37710148,-0.0010681506,-0.082886316,-0.20549107,0.20204285,-0.30405295,-0.4428753,-0.3167243,0.10152544,-0.08804628,-0.18051812,0.079992026,-0.46901485,-0.32459828,-0.23622786,-0.23297787,0.48015073,-0.06430789,-0.30032197,-0.25573212,0.37885714,-0.15809296,-0.38508463,0.02598929,-0.012717225,0.016997175,0.30070958,-0.018989958,0.1605824,-0.48362038,-0.056590322,-0.05373449,0.08647336,-0.064713806,-0.39430937,-0.3923298,0.3824209,-0.2274664,0.6918677,0.3257056,0.25158167,-0.08091906,0.33161938,0.073888086,0.2777848,-0.47292033,-0.05698891,0.043120984,-0.058896802,0.8126819,-0.47215244,0.088052005,0.033064805,0.18135503,-0.058578786,0.057517998,0.16931087,0.19926712,0.24172392,-0.22989053,-0.22210936,-0.24429347,-0.27972758,0.17389718,0.025498096,0.14870198,0.27015492,0.37077308,-0.4605679,-0.22220261,0.09106786,-0.6859044
1,-0.008349869,-0.02901366,0.0788876,-0.011832838,0.06643731,0.08375913,-0.013455749,0.0068444405,0.009991135,-0.017666565,-0.003221862,0.06466258,0.026211243,-0.05719821,-0.029285027,-0.0340544,0.040208563,-0.015544806,0.038953118,-0.007413212,0.0002814196,-0.023712672,-0.039110404,-0.033711866,0.07425939,0.0009289421,0.023944568,0.011806808,0.013702536,-0.041476857,-0.049276643,0.030808352,0.021298107,0.01069927,0.0038285553,-0.0446592,0.12444789,-0.0016781671,-0.058722105,-0.0102159,-0.11447082,-0.017543454,0.010396238,0.061362043,0.031830244,-0.057824887,-0.019118348,0.028083913,0.09230521,-0.06665707,-0.015539046,-0.03399804,0.03272835,-0.025129564,-0.119090766,0.0060805287,-0.011344606,0.033091344,-0.0007532127,-0.04328024,-0.063438565,-0.05237133,0.027950147,0.061355814,-0.03501176,0.02282251,0.012173772,-0.02349557,0.038545214,-0.035140336,0.031985193,-0.005508721,0.003272459,0.012193866,-0.0026803426,-0.049797606,0.046630904,0.053810697,-0.06720888,-0.0040618554,-0.09368548,-0.038328312,-0.031347748,0.01950661,0.07879524,-0.046353135,0.03569982,-0.038331337,0.048644207,0.003764145,0.0058202557,-0.0068695974,0.07255197,0.051202293,0.034268998,-0.050702304,-0.009842232,0.04019958,-0.0043881303,0.051655244,0.025288379,0.08327909,-0.022897648,0.019427044,-0.10025714,-0.032952026,0.036915362,0.1287375,-0.024838522,0.03931066,0.019039897,-0.03659983,-0.0065654144,0.060394756,-0.020421436,0.0073426412,0.035616346,0.033303596,-0.09206699,-0.039063614,-0.048485007,0.0407821,-0.07476352,-0.13021287,-0.055525348,0.05309575,0.070866875,0.000101622194,-0.05202059,0.04950832,-0.006687293,0.016831104,-0.040715452,-0.0066368775,-0.08913029,0.0016181767,0.037600026,-0.038374774,-0.03605847,-0.028421955,0.038174305,-0.05873016,-0.10347844,0.020057473,-0.0027177297,0.017177299,-0.025234377,-0.042459406,-0.027693287,0.022325097,-0.011111181,-0.03581243,-0.03689403,0.021951493,0.040775314,0.049043752,-0.06584524,0.050147124,0.047606934,0.057356127,0.012554681,-0.0148864165,-0.028405882,-0.006279055,-0.021878188,-0.03776513,-0.08415051,0.045930214,0.035427235,0.068373024,0.073806345,0.058375847,-0.014196003,0.10084462,0.026296055,0.022672763,-0.08042234,-0.073497914,-0.0054778038,0.07564277,-0.054672647,-0.060173858,0.04138887,-0.046715863,0.063334435,0.007815285,0.036238626,-0.08554106,-0.0012095058,-0.0017318018,-0.0091053955,0.014381135,-0.049467586,0.029951427,0.04339794,-0.052880436,-0.041607272,-0.070001066,-0.045967307,0.012469742,0.062369093,0.013589655,0.024314865,0.023670882,0.060684998,-0.051709414,-0.009596761,-0.0021211822,0.07406999,-0.020126978,-0.04452117,0.008953728,-0.056439828,-0.02299461,0.0091811605,0.029192166,-0.00049106777,-0.0022131251,-0.02775044,0.00626396,0.042156167,0.014076719,0.11923404,0.020146143,-0.030069662,0.06400727,0.023160296,-0.025279813,0.014557647,-0.050246708,-0.077017725,0.024447773,-0.0019484516,0.11305763,-0.019272242,-0.042176355,0.049880676,-0.021618806,0.009658087,0.005531227,-0.00890718,-0.015406873,0.048036,-0.058730002,-0.05577468,-0.044664532,-0.061465465,-0.050051536,-0.021153029,-0.03895117,0.015119089,0.058337208,-0.011467714,-0.07734203,-0.014484055,-0.08116758
0,0.07142483,-0.10340768,0.14709175,0.017356636,0.05685612,0.13917351,-0.050828297,0.027267663,-0.040413402,-0.032437354,0.0062959064,0.0969052,0.0012180433,-0.119305864,0.017780088,-0.005507376,0.073586024,0.03178609,0.074453875,-0.051480282,0.045376714,-0.0083298925,-0.09665045,0.0018706098,0.11422188,-0.030477649,0.061970968,0.0022387886,0.028772475,-0.058129005,-0.02267563,-0.02108182,-0.01180093,0.050289206,-0.05931805,-0.02146997,0.15838742,-0.04748985,-0.035331424,0.0066323793,-0.18226308,-0.0168125,-0.021439042,0.04903157,0.02982672,-0.02426853,-0.045901842,0.052128095,0.12084237,-0.10107743,-0.06575397,-0.0017790273,-0.013095666,-0.017811056,-0.14925212,0.006207373,0.014100404,0.012414746,-0.057911623,-0.09025434,-0.04794857,-0.0057523325,0.039674923,0.10739847,-0.009658661,-0.008985707,0.03692027,0.02418321,0.01806448,-0.023140248,0.025523888,0.04897451,-0.05796596,0.039454065,-0.006358875,-0.062357716,-0.01201579,0.103106335,-0.047941938,0.027670689,-0.14921036,0.012271561,-0.052023076,0.061161608,0.12904651,-0.0693647,0.062656015,-0.005674487,0.018660285,0.08041827,0.058591038,0.0029484294,0.12754987,0.10777085,0.0033777282,-0.09863575,0.020614496,-0.0058722273,-0.015172627,0.015743356,0.053555317,0.11020951,-0.05004882,-0.012196004,-0.14735672,-0.02493708,0.0104246605,0.22640355,-0.050396927,0.042930473,0.07342281,-0.07058348,-0.024311543,0.036024816,-0.0051086433,0.026009459,-0.0103672445,0.06383865,-0.16360658,-0.08209708,-0.025644086,0.019109745,-0.05773911,-0.18853545,-0.11146641,0.08515741,0.06883003,0.013188422,-0.07506095,0.08493497,0.018093754,0.053402193,0.008220628,0.008014264,-0.064014,0.047321558,0.0153265055,-0.078115165,0.0016048625,0.004061781,0.080988824,-0.051658116,-0.16208847,0.033033043,0.02230461,0.057428166,-0.021293914,-0.08804705,-0.0006050281,0.036803585,0.024987157,-0.09188762,-0.011151753,0.074572094,0.049287222,0.0053929538,-0.108577915,0.06233765,0.04120356,0.117281474,0.044946756,-0.053554386,-0.06980607,-0.058197457,-0.09463294,-0.002188202,-0.116301134,0.03303799,0.023251258,0.10911935,0.13620567,0.07837179,0.008939726,0.18176258,0.013715103,0.06734929,-0.12989812,-0.06568227,0.03357657,0.058306552,-0.047717378,-0.048197336,0.042222515,-0.02829944,0.107278444,0.002656849,0.031071369,-0.09725128,0.034303218,-0.04418039,-0.06559399,-0.03063608,-0.022688294,0.015914395,0.010164246,-0.034887794,-0.09559508,-0.10851741,-0.065659836,-0.018599587,0.11587706,-0.001626701,-0.021266561,-0.016161047,0.10325998,-0.066007465,-0.061009694,0.005424589,0.057832513,-0.0065484326,0.005438544,0.0017276292,-0.027687378,-0.08558867,-0.0050988793,0.018945737,0.015957125,-0.011111772,-0.08000266,-0.048890963,0.08516246,-0.017256748,0.19724794,0.06988822,0.012058083,0.030390274,0.061581694,-0.0071970206,0.04323134,-0.107436225,-0.07035518,0.032129828,-0.0110704675,0.20335902,-0.0755638,-0.019715281,0.048315547,0.0061920974,0.0031293444,0.0062242243,0.016392149,0.014764395,0.0770112,-0.07891488,-0.07464582,-0.07221497,-0.0921001,-0.022108614,-0.016823806,-0.007546913,0.051308796,0.096064925,-0.066893145,-0.09300468,0.0054061897,-0.15639168
1,1.0997938,-1.2120817,1.0583429,0.35787636,-0.037314598,1.0301082,-0.59973186,0.31065714,-0.6793762,-0.29307294,0.13959862,0.573619,-0.33292067,-0.8037563,0.50904393,0.27275872,0.5561369,0.68129504,0.44184467,-0.6989674,0.6901934,0.1754109,-0.8203302,0.42303523,0.7523592,-0.46904105,0.6073733,-0.12872821,0.23688881,-0.28444213,0.28255725,-0.683482,-0.5120721,0.52239126,-0.8697132,0.22898702,0.74401486,-0.58960336,0.2616238,0.25756687,-1.1221017,-0.05006583,-0.40640154,-0.10137649,-0.037281323,0.35407448,-0.308706,0.3312559,0.6254529,-0.5533735,-0.75615996,0.41308033,-0.51754045,0.0030841306,-0.6550831,-0.04808145,0.2900851,-0.22568451,-0.7952895,-0.7879738,0.13295403,0.57987255,0.10703997,0.8106742,0.27333677,-0.3224011,0.33164072,0.5822457,-0.32490584,0.1086813,0.030196978,0.8262012,-0.82856214,0.35115713,0.020984724,-0.19573982,-0.73337364,0.6577834,0.16985065,0.5183157,-0.9838378,0.6896065,-0.2665617,0.64856505,0.9164326,-0.40200436,0.5027419,0.25207925,-0.36130914,1.1654028,0.7699691,0.1252475,0.92494535,0.85138863,-0.43983173,-0.78268623,0.3690391,-0.5434523,-0.10492741,-0.2908491,0.45030892,0.543238,-0.4037425,-0.3818777,-0.87002563,0.07841183,-0.2569077,1.6444467,-0.2987778,0.2389024,0.86014885,-0.4913703,-0.2538312,-0.24575078,0.17979205,0.18473588,-0.53939074,0.51787823,-1.257161,-0.684892,0.21711451,-0.270651,0.08309644,-1.0787532,-0.8146108,0.47747713,0.09034238,0.0970151,-0.30255625,0.61713415,0.31778756,0.4093759,0.5478195,0.26005617,0.16083558,0.67274725,-0.24868974,-0.6028364,0.39443785,0.43781185,0.6269446,0.12303476,-1.0469142,0.22570086,0.39049625,0.65502435,-0.044439994,-0.63326013,0.29452243,0.10072649,0.44179252,-0.8064914,0.33954132,0.72787213,0.14199045,-0.5514164,-0.82034767,0.2415007,0.0057810806,1.0251701,0.37119862,-0.5358871,-0.58882266,-0.7663145,-1.0147506,0.5483461,-0.6420729,-0.08914207,-0.099656425,0.63647074,0.9925428,0.3658685,0.2789283,1.2431941,-0.12988433,0.65391475,-0.8869465,-0.00031281263,0.54307026,-0.1457045,0.04707544,-0.00051607937,0.1133787,0.23105618,0.6816148,0.002291752,-0.19405562,-0.31543288,0.3851028,-0.5926013,-0.8522556,-0.6314117,0.2446016,-0.20082769,-0.38856813,0.20641643,-0.8829583,-0.5605066,-0.42707503,-0.46161458,0.8806901,-0.13895072,-0.6060332,-0.52348113,0.682683,-0.25521654,-0.7445754,0.043419275,-0.08893918,0.039676256,0.6283021,-0.040669866,0.3587476,-0.92484605,-0.11340684,-0.13086635,0.16225864,-0.13071553,-0.74413335,-0.77008027,0.7072069,-0.4546253,1.2411377,0.61019987,0.512979,-0.21151708,0.62755,0.16606563,0.5276549,-0.88692605,-0.042834215,0.056464013,-0.119290814,1.4874353,-0.9047505,0.20651533,0.024578571,0.36948803,-0.13110363,0.11170995,0.33548304,0.40834847,0.4270063,-0.3886546,-0.38057142,-0.42517182,-0.4886164,0.38165668,0.07050097,0.3163305,0.5070493,0.67498046,-0.89357823,-0.35987797,0.18889536,-1.2685435
1,1.0712215,-1.1808832,1.0329696,0.34826958,-0.034707848,1.0045646,-0.5842065,0.3026138,-0.66160053,-0.28541988,0.13567236,0.5602748,-0.32370287,-0.785243,0.49548525,0.26518494,0.54244787,0.6633538,0.43168914,-0.68060786,0.6723212,0.17050402,-0.8003747,0.41172636,0.73435605,-0.45689857,0.59198165,-0.12502818,0.231357,-0.27809316,0.27415836,-0.66490823,-0.4979577,0.5091693,-0.8472562,0.2223655,0.7270942,-0.5750431,0.25339943,0.25035498,-1.0959066,-0.04890707,-0.3957124,-0.09721246,-0.035599332,0.34368405,-0.30178154,0.32336095,0.61138874,-0.5403912,-0.7368404,0.40124458,-0.50412214,0.002714198,-0.64016795,-0.04665011,0.2824998,-0.21916883,-0.77466094,-0.76851594,0.12785478,0.5637185,0.105139315,0.79064065,0.2655597,-0.31382358,0.32328412,0.56681937,-0.31491724,0.10495875,0.029665569,0.8044389,-0.8071871,0.34274867,0.020125717,-0.19196253,-0.7134435,0.64251316,0.16383114,0.504437,-0.9603986,0.67061394,-0.2603926,0.6319587,0.89403486,-0.3928803,0.49005967,0.24553989,-0.3508033,1.1347177,0.7502008,0.12182884,0.9025382,0.8308317,-0.4273126,-0.763552,0.36002195,-0.52841234,-0.10239084,-0.28238446,0.43925133,0.5307851,-0.3936969,-0.37154818,-0.84936184,0.0753665,-0.2500966,1.604511,-0.29260924,0.2328948,0.8381318,-0.47992498,-0.24746804,-0.23812088,0.17479244,0.18049031,-0.5248408,0.50529885,-1.2264749,-0.6679904,0.21021998,-0.26275674,0.07926903,-1.0533637,-0.79524237,0.46667114,0.0897522,0.09495485,-0.29653206,0.60190314,0.30940148,0.39963967,0.5332126,0.25261143,0.15497537,0.6553637,-0.24145588,-0.5880815,0.38378134,0.42545405,0.6116517,0.11814088,-1.0219404,0.22039086,0.38008636,0.6384149,-0.0438981,-0.61834985,0.28657365,0.09933423,0.43041837,-0.7865965,0.32992762,0.7096904,0.1395433,-0.5359106,-0.7999005,0.23660183,0.006764468,0.9996628,0.36244467,-0.52260405,-0.5747537,-0.74628305,-0.9889195,0.53289515,-0.62727624,-0.08610165,-0.096385024,0.6216127,0.9688432,0.35804927,0.2713569,1.2139341,-0.12606579,0.63747954,-0.865435,-0.001975201,0.52927935,-0.14011768,0.04456186,-0.0019204691,0.11148155,0.22366193,0.66554564,0.0017352011,-0.18727428,-0.3090925,0.37607905,-0.5778339,-0.8303217,-0.6146458,0.2374374,-0.19457392,-0.377389,0.1998949,-0.8606183,-0.5476604,-0.4167839,-0.44934863,0.859165,-0.13530265,-0.58976007,-0.5091978,0.66632664,-0.2500445,-0.7255125,0.042325463,-0.085011445,0.039031424,0.611072,-0.039325543,0.34807107,-0.9013092,-0.11050622,-0.12644461,0.15827592,-0.12737228,-0.72581136,-0.75004977,0.6898333,-0.4425468,1.2123399,0.59538186,0.49939972,-0.20511861,0.61173743,0.16153999,0.51382333,-0.8647777,-0.043207206,0.056173272,-0.11599755,1.4514217,-0.88157755,0.20071273,0.025092945,0.3595539,-0.12728947,0.10862203,0.32652202,0.3971959,0.4172624,-0.3800856,-0.3716341,-0.41532972,-0.47776657,0.37057886,0.06797545,0.30728057,0.49396387,0.65887845,-0.87019336,-0.35206738,0.1839199,-1.2371142
1,0.13092518,-0.17196596,0.20194742,0.03735283,0.04963147,0.19288091,-0.085667014,0.043762222,-0.07976313,-0.04870408,0.0170114,0.12559287,-0.01630909,-0.15856868,0.043035395,0.012245357,0.10370328,0.07372663,0.09334733,-0.09074341,0.0836049,0.0019523855,-0.13847896,0.024696425,0.15372826,-0.057125255,0.09388532,-0.0062651215,0.042356424,-0.07256363,-0.0081943795,-0.06279438,-0.044035725,0.07710661,-0.10861339,-0.009257119,0.19899744,-0.07883717,-0.017697908,0.02192792,-0.24080473,-0.020124763,-0.047346395,0.038292773,0.027066704,-0.004790336,-0.058217116,0.065664805,0.1537231,-0.12797773,-0.10798305,0.021086909,-0.037881322,-0.01992581,-0.1799503,0.0010753777,0.031209318,-0.0025148354,-0.10031015,-0.13653208,-0.038053893,0.029153287,0.04067467,0.15228643,0.0059350766,-0.02870062,0.053367328,0.052349124,-0.004554592,-0.012277608,0.02998258,0.09809479,-0.10171196,0.05792717,-0.0027925465,-0.07129694,-0.055025645,0.12891519,-0.034455262,0.06039089,-0.20219955,0.053894535,-0.06521019,0.1000007,0.17891933,-0.09068954,0.091337964,0.004341876,-0.004589863,0.14774126,0.09849146,0.011108641,0.17689034,0.15069842,-0.022413075,-0.1412181,0.03849192,-0.03922759,-0.019228768,0.002553966,0.07683048,0.1388388,-0.0725618,-0.03786752,-0.19267856,-0.018182494,-0.003666522,0.31611374,-0.061747875,0.057330634,0.12321604,-0.09316115,-0.03692322,0.021151174,0.00313434,0.033108514,-0.036742866,0.092674494,-0.23395042,-0.11939725,-0.011012405,0.00013602152,-0.04831443,-0.24519396,-0.15134487,0.1088582,0.06988215,0.015869454,-0.08493817,0.11884803,0.036855172,0.069111735,0.038537726,0.026788311,-0.053539556,0.08232485,-0.00021305308,-0.10780044,0.021853134,0.031179652,0.116952725,-0.037855674,-0.22016354,0.04674698,0.046732455,0.09573174,-0.024217011,-0.11925521,0.015239663,0.03780914,0.050093357,-0.13516666,0.009551749,0.11330185,0.052978568,-0.02979248,-0.15664946,0.07261173,0.03781357,0.17755324,0.059349317,-0.080592304,-0.101718724,-0.10269153,-0.15016219,0.029545669,-0.15297496,0.024088703,0.014801367,0.14252864,0.19212651,0.091625154,0.023699423,0.24239562,0.0057700276,0.105188094,-0.17974009,-0.06696827,0.062780336,0.044650853,-0.045030773,-0.045664996,0.051786773,-0.012949128,0.14103849,0.004882911,0.0156014785,-0.11030194,0.049422152,-0.07574956,-0.110118985,-0.065537855,-0.0069297235,0.004240308,-0.01394311,-0.022353157,-0.14259088,-0.13383338,-0.09223457,-0.046350017,0.16510203,-0.009283751,-0.053597298,-0.046653032,0.13715382,-0.078678876,-0.10085663,0.005911624,0.05239945,-0.010713419,0.04099398,0.00016203505,-0.006261859,-0.13752732,-0.010343559,0.010986976,0.020299405,-0.021075921,-0.11842694,-0.090946004,0.122926444,-0.0435581,0.25960788,0.09761556,0.03783158,0.018898401,0.09585253,0.000490153,0.07425329,-0.1586766,-0.07074191,0.02972962,-0.022909306,0.28091052,-0.12623407,-0.0122711025,0.05111579,0.024968361,-0.008971676,0.015052596,0.033308744,0.038916584,0.097324744,-0.09694982,-0.09386018,-0.08971355,-0.11619407,0.0016211309,-0.012735546,0.0070766583,0.076744534,0.13330907,-0.120602354,-0.11112821,0.016442884,-0.22716291
0,-0.06593193,0.0311275,0.026046673,-0.03795588,0.07615211,0.039988145,0.020712264,-0.013623638,0.052761123,-0.0033116546,-0.012205153,0.037052937,0.04586168,-0.0066724718,-0.066403665,-0.054800697,0.011835612,-0.055288255,0.009075725,0.027529404,-0.035974033,-0.03625704,0.007875322,-0.06271196,0.041042387,0.025103109,-0.008356707,0.02118086,-0.0001416523,-0.02328631,-0.069956966,0.07169635,0.04995843,-0.020603154,0.056370385,-0.06211388,0.09413524,0.03531539,-0.079792574,-0.023767166,-0.061616726,-0.019372182,0.03664703,0.07009737,0.03462556,-0.08498191,0.0011966228,0.007670503,0.06886616,-0.037506193,0.022907248,-0.06274061,0.069963574,-0.029607736,-0.08842961,0.004982043,-0.033829376,0.048395634,0.04856175,-0.006737244,-0.07685709,-0.08721693,0.01686838,0.023200858,-0.0542229,0.050440427,-0.008942723,-0.060315702,0.060561873,-0.044284336,0.03680568,-0.049466386,0.050461538,-0.006961113,0.00251735,-0.039385505,0.08943452,0.016532071,-0.08489642,-0.027900424,-0.048483822,-0.083339535,-0.011960325,-0.016573936,0.039581664,-0.027213069,0.011375574,-0.06465903,0.073996276,-0.05469905,-0.03601028,-0.016269764,0.029667266,0.0051193465,0.059495404,-0.012374911,-0.032285217,0.07706711,0.005995811,0.08052388,0.004515851,0.059941854,0.001696188,0.04598182,-0.05901987,-0.040741347,0.058161616,0.051165517,-0.0047287457,0.035372633,-0.023453018,-0.011057566,0.010347523,0.08162008,-0.03321781,-0.008514794,0.06951873,0.010716757,-0.034522478,-0.0020855223,-0.066902176,0.05899264,-0.087359145,-0.08244691,-0.013191265,0.02392259,0.07459352,-0.0074156523,-0.031202866,0.020085836,-0.026794259,-0.013463214,-0.076146655,-0.021656694,-0.10874053,-0.03286782,0.057639543,-0.0057972595,-0.0626742,-0.053020604,0.004631291,-0.0672946,-0.057450216,0.008068239,-0.023141006,-0.0125886835,-0.029373493,-0.009396788,-0.051055145,0.0064477623,-0.0423152,0.008333347,-0.05592546,-0.018357553,0.034915328,0.083341315,-0.03030618,0.03780765,0.051294032,0.0073233973,-0.012087753,0.013971783,0.0073177293,0.032084055,0.0346232,-0.065881476,-0.05717867,0.054242887,0.049313948,0.034971982,0.021681702,0.04354125,-0.034818903,0.037723705,0.03550735,-0.014747088,-0.03812211,-0.082478374,-0.03544659,0.09316108,-0.059279114,-0.0736188,0.042359486,-0.06541058,0.030763697,0.013291003,0.04168414,-0.07361935,-0.028951887,0.030803673,0.03440257,0.049665093,-0.070243016,0.04272388,0.069290265,-0.06665959,0.001047384,-0.03809313,-0.028227462,0.040296048,0.021397164,0.024936933,0.061561663,0.057449657,0.024306402,-0.039150007,0.031690978,-0.01005223,0.08694285,-0.030052016,-0.08390855,0.015241174,-0.083499156,0.027893782,0.021859314,0.038256474,-0.013773538,0.0060882233,0.011634672,0.046677735,0.011205238,0.041448377,0.063181385,-0.017346293,-0.06313263,0.09040581,-0.007257497,-0.037449107,-0.0107178185,-0.0058886055,-0.08270265,0.017661596,0.0066058002,0.04539422,0.02513214,-0.059492223,0.050080135,-0.044739082,0.013626449,0.004232146,-0.0278584,-0.036660835,0.023690592,-0.04499996,-0.039968498,-0.022017289,-0.040108312,-0.07729419,-0.02491314,-0.065137684,-0.016661448,0.02773916,0.03217929,-0.06155186,-0.03263785,-0.024277039
0,-0.08757232,0.053059388,0.001967065,-0.041683458,0.08277685,0.02479237,0.029916685,-0.011551463,0.074776016,0.0019996092,-0.013106133,0.033636786,0.052228894,0.0115159415,-0.083736524,-0.06794908,0.008119712,-0.07088218,0.003778858,0.045428764,-0.047062285,-0.0313636,0.027845856,-0.070705146,0.035759628,0.035714895,-0.018966138,0.017284995,-0.009716371,-0.020010069,-0.07122637,0.09850302,0.06024202,-0.03616009,0.08272135,-0.06859021,0.081488885,0.053601395,-0.08295019,-0.031982224,-0.039795168,-0.02091711,0.05891502,0.0772597,0.0300893,-0.09106312,0.004586093,0.007941921,0.06461484,-0.029152293,0.03771227,-0.06150846,0.077258304,-0.034273274,-0.09192613,0.0073030572,-0.051217794,0.057738744,0.05557651,0.015191412,-0.08263463,-0.10327275,0.017697144,0.016779616,-0.064617984,0.06346918,-0.013517467,-0.06406961,0.05701223,-0.056525197,0.034619417,-0.06939037,0.06569629,-0.024535881,0.00011930987,-0.031955235,0.11538182,0.012950601,-0.09417185,-0.03865229,-0.02943343,-0.098490134,-0.0095237065,-0.03279624,0.021882549,-0.01658781,0.0038572792,-0.07737366,0.088741876,-0.0844087,-0.047315974,-0.019086732,0.0150235845,-0.011489801,0.06739468,0.0057313335,-0.043764178,0.09482671,0.0015663197,0.0883087,-0.0060435594,0.051310576,0.0073194485,0.06852332,-0.051290877,-0.039735246,0.068039365,0.015274034,-0.0041681305,0.029274035,-0.047112446,0.0021256078,0.012050191,0.08404851,-0.031241499,-0.016264781,0.082257934,-0.00096083665,-0.009219283,0.011755882,-0.072421916,0.07103481,-0.09930162,-0.06734464,0.0016886229,0.017324302,0.07000551,-0.013431113,-0.034188583,0.015985891,-0.033951707,-0.015881829,-0.08982708,-0.026547715,-0.11926246,-0.038889207,0.062044784,0.0035478454,-0.07402323,-0.06895766,-0.019439619,-0.067520574,-0.037349537,0.0050898595,-0.031512484,-0.03302429,-0.02511277,0.009433912,-0.05751717,0.019082803,-0.05530291,0.029326223,-0.066812016,-0.043420132,0.034283534,0.104375884,-0.014601263,0.0368919,0.05765629,-0.015118409,-0.024914302,0.026012134,0.01891192,0.047899585,0.058736794,-0.06619755,-0.03776968,0.06883492,0.05878175,0.017003842,0.0008200966,0.04468945,-0.034265414,0.0142511055,0.037682064,-0.033211626,-0.023268348,-0.067734666,-0.046734564,0.09307608,-0.05510366,-0.07776279,0.03135562,-0.06316997,0.01668496,0.009866992,0.0379554,-0.07882638,-0.037214123,0.048601545,0.042834673,0.060228504,-0.08020098,0.0399047,0.079345696,-0.072343506,0.01614831,-0.02642019,-0.015103286,0.049359877,0.0040515326,0.032828283,0.072095275,0.068855815,0.011780637,-0.039018247,0.043717314,-0.0089644715,0.08761395,-0.020819338,-0.09710168,0.016377002,-0.08941324,0.050849617,0.023651566,0.04066836,-0.011367822,0.01712757,0.0321632,0.06389347,0.003958323,0.04861723,0.033898804,-0.032149028,-0.07341957,0.10213763,-0.019772539,-0.044908788,-0.014423118,0.029031472,-0.08101731,0.01753723,0.020922873,0.016049784,0.04504665,-0.057448044,0.046582393,-0.04636857,0.023153864,0.0052362196,-0.030551232,-0.054815017,0.009535054,-0.044607922,-0.037590615,-0.02185126,-0.027477175,-0.07955861,-0.021169897,-0.06897743,-0.022247748,0.014416184,0.056584217,-0.060962386,-0.03717425,0.005768232
1,1.1390386,-1.2557821,1.0936384,0.37080234,-0.040647607,1.0666735,-0.62122667,0.32259423,-0.7037825,-0.30473426,0.1445941,0.5926296,-0.34579915,-0.8284748,0.52790886,0.283046,0.5754064,0.7058189,0.45558447,-0.72482526,0.71561027,0.18214872,-0.84803253,0.4391173,0.77750987,-0.4854495,0.6290386,-0.13402297,0.24447879,-0.2936092,0.294182,-0.7087355,-0.53110063,0.54053396,-0.9007729,0.23868929,0.76734686,-0.6100262,0.27319387,0.26742053,-1.1586605,-0.051141173,-0.42084235,-0.10699695,-0.039554957,0.36858752,-0.31810188,0.341974,0.6450692,-0.57130545,-0.7828124,0.42962182,-0.53605783,0.0033869594,-0.6765096,-0.05020073,0.30070022,-0.23442207,-0.82389116,-0.8151078,0.14058279,0.60211086,0.10949163,0.83810985,0.28398845,-0.33348668,0.34324878,0.6037474,-0.33946154,0.1130006,0.030119771,0.85657966,-0.85863507,0.3620149,0.022155106,-0.20062335,-0.75999546,0.68005,0.1787647,0.5377678,-1.0165212,0.71645254,-0.2749365,0.67149436,0.94709086,-0.4146116,0.5206135,0.26137206,-0.37532806,1.2082654,0.7972536,0.13027996,0.9556595,0.880444,-0.45748222,-0.80902493,0.38176897,-0.5633956,-0.108478345,-0.30254877,0.46621296,0.56026614,-0.41813326,-0.39554644,-0.8986952,0.08278696,-0.2659406,1.699353,-0.30708584,0.24793105,0.8905434,-0.5075354,-0.26306894,-0.256218,0.18711945,0.1906424,-0.5599024,0.53541183,-1.3002045,-0.7082196,0.2261324,-0.2813778,0.0871327,-1.1139215,-0.8418393,0.49229017,0.09135334,0.099791765,-0.31099015,0.63843805,0.3290457,0.42256945,0.5673473,0.270341,0.16873965,0.6972319,-0.25892055,-0.62357974,0.4088568,0.45433855,0.6474274,0.12995714,-1.0810066,0.23277527,0.4049073,0.67817473,-0.04548218,-0.65345556,0.30505472,0.1023395,0.45798805,-0.8341805,0.35270125,0.7528694,0.145814,-0.5724127,-0.8491611,0.24895939,0.0049353205,1.0606364,0.38363636,-0.5546262,-0.6085691,-0.7942229,-1.0497904,0.57048863,-0.6622527,-0.09268728,-0.10417914,0.6569896,1.025207,0.37741572,0.2892467,1.2843657,-0.1350776,0.67647475,-0.91694635,0.0022493452,0.56256014,-0.15362453,0.0506093,0.0008047372,0.1155819,0.24112925,0.7037697,0.0027698,-0.20422944,-0.32453027,0.39831465,-0.61362666,-0.883186,-0.6545981,0.25394624,-0.21017697,-0.40447518,0.21581,-0.9138801,-0.57841986,-0.44118667,-0.47918734,0.91072387,-0.14366592,-0.62861174,-0.54308623,0.70492595,-0.26234567,-0.7711537,0.044787798,-0.094052516,0.041191287,0.6520469,-0.042135306,0.37464535,-0.9575268,-0.117363214,-0.13695592,0.16805305,-0.13523665,-0.76950717,-0.79782945,0.73051864,-0.4719528,1.2813346,0.63035643,0.5323577,-0.21963657,0.649867,0.17233463,0.5473872,-0.91695607,-0.04211197,0.056965377,-0.12294567,1.5373662,-0.937314,0.2145233,0.023036748,0.38389432,-0.135943,0.11592807,0.3482149,0.42343387,0.44053143,-0.4009617,-0.3931723,-0.43923852,-0.50307167,0.3984016,0.07401635,0.3290646,0.5254543,0.6974469,-0.9254769,-0.37101057,0.1953496,-1.3124509
1,0.8936015,-0.99344385,0.8769411,0.2877326,-0.017193105,0.85722774,-0.491026,0.2547079,-0.5503554,-0.24277806,0.11309677,0.47912633,-0.26654035,-0.6605429,0.40708232,0.21494462,0.46085224,0.55069304,0.3642915,-0.5708432,0.5629781,0.13774942,-0.67437583,0.3374358,0.6280257,-0.3820708,0.49906406,-0.102036625,0.19376561,-0.23847447,0.21902244,-0.55003077,-0.41220605,0.4261672,-0.706613,0.17819265,0.6296797,-0.4795834,0.20197713,0.20819953,-0.93470573,-0.04372269,-0.32844895,-0.07064526,-0.02333815,0.27580222,-0.25269794,0.2730888,0.52681726,-0.46300033,-0.61885625,0.32953233,-0.412906,-0.0038044602,-0.5569638,-0.03868009,0.23307744,-0.17703639,-0.6464901,-0.65084964,0.096929,0.46173003,0.09108418,0.672606,0.21485107,-0.25597802,0.27108777,0.4689171,-0.2586834,0.08188551,0.03153863,0.6735827,-0.6736158,0.2877128,0.01737316,-0.16781743,-0.58665955,0.5450857,0.1257168,0.42245692,-0.820399,0.55457145,-0.22244489,0.5321286,0.76168114,-0.33599886,0.416429,0.19583765,-0.28360626,0.95197934,0.6265928,0.101890296,0.7657747,0.70233893,-0.3523748,-0.6466471,0.2966626,-0.43331605,-0.085352264,-0.22399221,0.3723792,0.45819223,-0.33377182,-0.30643106,-0.7274032,0.0576693,-0.20000102,1.3623729,-0.24507391,0.20439945,0.70436865,-0.40587196,-0.20659973,-0.18774028,0.14295518,0.15054126,-0.43120268,0.4283168,-1.0430545,-0.56415814,0.16665843,-0.21231048,0.050773732,-0.9046923,-0.672787,0.3973266,0.08734996,0.07843815,-0.2537854,0.5124029,0.256343,0.33281386,0.43564034,0.2115555,0.112851694,0.5481688,-0.19494468,-0.49682292,0.31192094,0.3507381,0.51691943,0.09063451,-0.87162364,0.18697086,0.31882584,0.5360887,-0.042482965,-0.52163446,0.2326256,0.083920814,0.35629922,-0.6626765,0.2690614,0.59619474,0.124212764,-0.43936607,-0.6823616,0.20646408,0.013184305,0.846314,0.30282527,-0.43927184,-0.48380107,-0.6269673,-0.8290309,0.44065368,-0.53920025,-0.06302798,-0.07301921,0.5316022,0.82196355,0.30920923,0.22299987,1.0305623,-0.10077307,0.5357396,-0.7379272,-0.015516397,0.4409123,-0.10446869,0.027736928,-0.013959482,0.10053781,0.17835319,0.56648666,0.0036664326,-0.15363413,-0.273282,0.31188565,-0.48300692,-0.69563663,-0.5111541,0.18767193,-0.15793101,-0.30904117,0.15767893,-0.72670484,-0.4693627,-0.3573193,-0.37405673,0.72944844,-0.109349206,-0.4870442,-0.42080683,0.5655253,-0.21795514,-0.6069869,0.03449106,-0.056538485,0.026260315,0.5015784,-0.030491509,0.2823792,-0.7574486,-0.08927934,-0.10099595,0.13142739,-0.1068168,-0.6107776,-0.6258125,0.5829856,-0.367352,1.0332288,0.49810365,0.4114142,-0.1569731,0.5152423,0.13010472,0.43369016,-0.7316828,-0.04979957,0.04926544,-0.09745683,1.2321782,-0.741276,0.1579922,0.029201046,0.29687354,-0.10498096,0.09374829,0.2714674,0.33017182,0.35514015,-0.32861477,-0.32142726,-0.35424832,-0.40925136,0.3023574,0.053253595,0.2486128,0.4155418,0.5615055,-0.73034,-0.308479,0.14962709,-1.0502149
1,0.9995721,-1.1040897,0.9690177,0.3237765,-0.027468879,0.9435586,-0.54600203,0.28346878,-0.61651397,-0.26745594,0.12593661,0.527353,-0.3004405,-0.7359671,0.4599478,0.24526174,0.5091712,0.6168924,0.40542555,-0.6352187,0.6281106,0.15849036,-0.749399,0.38229954,0.69053185,-0.42635965,0.5536159,-0.11590965,0.21636933,-0.26196557,0.25294644,-0.6172268,-0.462824,0.47555444,-0.789885,0.2054491,0.6861171,-0.5370632,0.2328676,0.23300074,-1.0305964,-0.046771735,-0.36778453,-0.08630854,-0.03192055,0.31762794,-0.2829833,0.30396357,0.57729286,-0.5090508,-0.6886972,0.37254107,-0.46915102,0.00070842355,-0.6050998,-0.043062188,0.26171297,-0.20193796,-0.7234223,-0.7197463,0.115408525,0.5226701,0.10039185,0.74114203,0.24491201,-0.29059488,0.30200627,0.5282399,-0.29178053,0.094301015,0.028863952,0.74998415,-0.753274,0.31999826,0.018863067,-0.18210621,-0.66209745,0.6048137,0.1484111,0.4711067,-0.9022466,0.6232947,-0.24432585,0.5896029,0.8390864,-0.36994752,0.46014145,0.22699039,-0.32361463,1.0587282,0.7006187,0.11301258,0.84655154,0.7790833,-0.3964122,-0.7154733,0.33525255,-0.48949853,-0.095932685,-0.2599795,0.41227737,0.5005989,-0.36937547,-0.34419805,-0.79934007,0.06852375,-0.23083597,1.5050807,-0.27565047,0.21955167,0.78382,-0.4504622,-0.23199962,-0.21832612,0.16231754,0.1684449,-0.48758954,0.47339612,-1.1507763,-0.62494177,0.19283971,-0.24118112,0.067568995,-0.9917974,-0.7466758,0.4388659,0.08855117,0.08871387,-0.2807837,0.5651942,0.28826302,0.37404585,0.4948827,0.23499557,0.13910235,0.61224186,-0.22292316,-0.5515826,0.35582614,0.39494222,0.57245106,0.106465414,-0.96017766,0.20652127,0.3542741,0.5965273,-0.04259517,-0.57957214,0.26564145,0.09430801,0.40075323,-0.73643667,0.30541968,0.6632538,0.13371225,-0.49609843,-0.750769,0.22411981,0.009775396,0.93614477,0.3388385,-0.48928484,-0.5384262,-0.6969577,-0.92357135,0.4958022,-0.5900603,-0.076773226,-0.08713615,0.5837222,0.90848297,0.33936542,0.25248733,1.1403391,-0.11652391,0.5953527,-0.812617,-0.0058595836,0.49432886,-0.12576158,0.038649123,-0.0068262555,0.10575318,0.20532152,0.62474585,0.0013650283,-0.17280295,-0.29450417,0.35164934,-0.53976315,-0.7765093,-0.5731369,0.21778038,-0.1802581,-0.34989044,0.18329328,-0.8058708,-0.5154569,-0.39127818,-0.41912353,0.8056698,-0.12598963,-0.5489516,-0.4732811,0.62473977,-0.23729572,-0.6778119,0.0391906,-0.07496736,0.037321918,0.56687254,-0.035585053,0.32211494,-0.8421312,-0.10262227,-0.116050355,0.1483713,-0.118330464,-0.6792903,-0.69971734,0.6473411,-0.4127074,1.1398494,0.55766606,0.46521258,-0.18679187,0.5729343,0.1497822,0.4809776,-0.80823696,-0.045320116,0.054064516,-0.10730146,1.3622552,-0.8238759,0.18483128,0.026074827,0.33501875,-0.11751759,0.10157616,0.3040755,0.36862984,0.39207184,-0.35938978,-0.3508458,-0.39103064,-0.45008105,0.34341314,0.062485952,0.28428784,0.46210545,0.61835843,-0.81149757,-0.33366787,0.17004861,-1.1596851
1,1.1459641,-1.2639573,1.0997627,0.37293336,-0.04101437,1.0735029,-0.6251239,0.324817,-0.70791084,-0.30691946,0.14574474,0.59634423,-0.34841412,-0.83266693,0.5307648,0.28452945,0.57900023,0.71022165,0.45787585,-0.7294842,0.7202083,0.18355414,-0.85271865,0.4416047,0.7824533,-0.4885784,0.63308585,-0.13500635,0.2458874,-0.29503852,0.29630053,-0.71304137,-0.5347375,0.543634,-0.9060023,0.23993336,0.77185714,-0.61335206,0.27528998,0.2691975,-1.1652685,-0.05154939,-0.42309353,-0.10797435,-0.03998125,0.37115672,-0.31953877,0.3438318,0.6490281,-0.5745988,-0.7874781,0.43272784,-0.5392636,0.0030371398,-0.68065745,-0.050678745,0.3022074,-0.23598512,-0.8292551,-0.82007146,0.1419489,0.6060088,0.10996553,0.8435049,0.28580686,-0.3351273,0.34513798,0.60780346,-0.34229425,0.113874614,0.030110883,0.8619792,-0.8640033,0.363398,0.022381112,-0.20154281,-0.76469976,0.68391585,0.17992589,0.5414581,-1.0226367,0.721232,-0.27640584,0.67568433,0.95299125,-0.41686118,0.52396256,0.26244655,-0.377853,1.2160497,0.8022286,0.13149005,0.9616627,0.885502,-0.46063137,-0.81387234,0.38372263,-0.56682706,-0.10897136,-0.3042794,0.46898308,0.5636568,-0.42069468,-0.3978425,-0.9041838,0.083526,-0.26731572,1.7094398,-0.30851954,0.24981718,0.8960614,-0.5102739,-0.26461473,-0.25808364,0.18835533,0.19120987,-0.5631992,0.538612,-1.3080493,-0.71263534,0.22767574,-0.28309056,0.08755457,-1.1206981,-0.8468447,0.49487743,0.09126594,0.09995502,-0.31249645,0.6424938,0.33130047,0.42445928,0.57080793,0.27211916,0.16983972,0.7018359,-0.26071593,-0.6273254,0.41111526,0.45738035,0.65090847,0.13126396,-1.0877174,0.23433262,0.4077062,0.68237686,-0.045879476,-0.6568406,0.3070045,0.10263423,0.46040648,-0.8388084,0.35532036,0.7569538,0.14650857,-0.5761721,-0.85468364,0.2501615,0.0047000013,1.0672665,0.38534608,-0.5574928,-0.6117092,-0.79936874,-1.0562264,0.574776,-0.6660826,-0.093162134,-0.10476748,0.66029596,1.0311193,0.37926865,0.29135147,1.2917848,-0.13597904,0.68028873,-0.9226968,0.0027718842,0.5660722,-0.15516065,0.051495712,0.0007326156,0.115915015,0.24306971,0.70776004,0.0031233449,-0.20634449,-0.32638332,0.40011317,-0.6171884,-0.88886356,-0.6588295,0.2552852,-0.21189064,-0.4071168,0.21757174,-0.9196666,-0.58148474,-0.4439127,-0.4822885,0.9163426,-0.14426115,-0.63246304,-0.5466585,0.7087697,-0.2639174,-0.775966,0.044778444,-0.094794296,0.04104051,0.6562067,-0.042364873,0.37717506,-0.9630519,-0.11796489,-0.13783613,0.16905554,-0.13580863,-0.7738271,-0.80270594,0.7350934,-0.47513676,1.288481,0.63371485,0.53567976,-0.2202776,0.6536748,0.17316814,0.551321,-0.9221413,-0.04226219,0.05694708,-0.12355992,1.5464824,-0.94298035,0.21602242,0.022960171,0.38661382,-0.13684589,0.117214054,0.35037616,0.42596012,0.44256958,-0.4032634,-0.3957866,-0.44180784,-0.505852,0.4013976,0.07488127,0.33101678,0.5288617,0.7017312,-0.9314709,-0.37329262,0.19652416,-1.3206341
1,0.93724775,-1.0352042,0.9140286,0.30421937,-0.022542689,0.8863223,-0.5123555,0.26509735,-0.5782568,-0.24998665,0.11866677,0.49750113,-0.28050476,-0.697349,0.43202132,0.2293254,0.47914317,0.578929,0.38399455,-0.59470093,0.5877913,0.14672613,-0.7064627,0.35739842,0.65046,-0.400134,0.52021813,-0.107847586,0.20430842,-0.24802643,0.23429666,-0.57862973,-0.43227184,0.44746962,-0.7420468,0.19061661,0.6494977,-0.5049844,0.21496287,0.21704316,-0.9727208,-0.043949306,-0.34560317,-0.077193946,-0.026715476,0.29458568,-0.26804602,0.28672716,0.5446216,-0.48080227,-0.64663273,0.34698635,-0.4393075,9.192899e-05,-0.5728671,-0.039246865,0.24635765,-0.18861632,-0.6787336,-0.6765289,0.10428578,0.48776856,0.096822545,0.69872683,0.22839074,-0.27395678,0.28455558,0.4942402,-0.26945993,0.088450395,0.028915131,0.70292646,-0.7061761,0.30339965,0.01583445,-0.17439874,-0.6196713,0.57007486,0.13536099,0.43968076,-0.8512472,0.5821208,-0.23273227,0.55473053,0.790416,-0.3497804,0.4315757,0.21303914,-0.30139956,0.99225646,0.6577657,0.106011406,0.7977613,0.7334402,-0.36868978,-0.6736933,0.3150296,-0.45865545,-0.09086901,-0.24215935,0.38692302,0.47392637,-0.34726876,-0.32350528,-0.7541067,0.061613966,-0.21627787,1.4178658,-0.26141164,0.20570381,0.7353391,-0.42472222,-0.21677916,-0.20178887,0.1508426,0.1602738,-0.45564848,0.4458161,-1.0829443,-0.58910316,0.17880666,-0.2251095,0.06159457,-0.9365195,-0.7035913,0.4158244,0.08650083,0.0850604,-0.267549,0.5316847,0.27050903,0.35351938,0.46382725,0.21948224,0.12673517,0.57334626,-0.20763448,-0.51881933,0.33307117,0.3690232,0.54055625,0.09564309,-0.90577674,0.19524032,0.3319342,0.5596898,-0.040847234,-0.5476098,0.24886194,0.09266632,0.3761049,-0.6931829,0.2846246,0.62465715,0.12748109,-0.46343008,-0.70580405,0.21333578,0.010764148,0.8803168,0.320335,-0.46013767,-0.50770175,-0.65342903,-0.86883986,0.4604431,-0.55865544,-0.070880085,-0.0806958,0.5529176,0.85772896,0.3208897,0.23661178,1.0755943,-0.10786617,0.5607925,-0.76579744,-0.009815976,0.4630566,-0.114046216,0.03241921,-0.007820964,0.10219777,0.18995345,0.5899803,0.00042110868,-0.15674847,-0.27977747,0.33124223,-0.5067502,-0.727093,-0.5361535,0.20353481,-0.16505109,-0.32532442,0.16820717,-0.756643,-0.4886649,-0.36888984,-0.39182127,0.7584073,-0.11730442,-0.513428,-0.44256747,0.59043145,-0.22564813,-0.6359029,0.037773415,-0.06655478,0.034049563,0.5298835,-0.034005143,0.29765737,-0.7914444,-0.0971248,-0.106886424,0.13964756,-0.11162911,-0.63933706,-0.6559893,0.60854644,-0.38500416,1.0761427,0.52558225,0.434366,-0.1752223,0.5371577,0.13948032,0.44972855,-0.7623249,-0.04611353,0.053752515,-0.1019496,1.2824662,-0.7727819,0.17199872,0.028370544,0.31184936,-0.10952112,0.09451045,0.28463033,0.34583127,0.3715969,-0.3396843,-0.3307266,-0.36926302,-0.42660397,0.31742218,0.056243915,0.26513395,0.43410876,0.58308595,-0.76173615,-0.31618682,0.16076247,-1.0909843
1,0.018477019,-0.05161063,0.097878434,0.00040733442,0.065353915,0.10225405,-0.02687041,0.01796618,-0.0028615799,-0.02190818,-0.0006993152,0.07661341,0.017910795,-0.07460698,-0.013305832,-0.028142959,0.054260075,-0.003627494,0.051313363,-0.017434012,0.016655099,-0.014308889,-0.056510456,-0.019104864,0.08744985,-0.007666817,0.036214687,0.004795161,0.014748974,-0.046484627,-0.03716528,0.02153698,0.013103064,0.019530168,-0.011147544,-0.035026208,0.13217133,-0.014960018,-0.048762903,-0.005666283,-0.13350052,-0.016320962,0.009041145,0.060662366,0.029142264,-0.04615452,-0.029245708,0.039061613,0.100408584,-0.079053774,-0.03260522,-0.01847437,0.0150929,-0.02396835,-0.13552509,0.008935036,-0.00928607,0.028706396,-0.022860076,-0.051638674,-0.05800207,-0.038130783,0.034611393,0.07761317,-0.030448442,0.013360166,0.020617906,-0.0023680925,0.025809716,-0.03689301,0.027181843,0.011823859,-0.016141344,0.01829023,-0.0079627,-0.05120144,0.034734577,0.07696152,-0.061107524,0.004248798,-0.10911986,-0.022376798,-0.042350635,0.029467165,0.09015351,-0.05229897,0.04560483,-0.02756986,0.04444402,0.024002604,0.02480667,-0.0027485974,0.08826036,0.06909554,0.024404675,-0.061946597,-0.0030632503,0.02796073,-0.012281111,0.04015433,0.033748217,0.089883454,-0.032231793,0.017621826,-0.11621839,-0.026944611,0.029768942,0.15351632,-0.03399203,0.03631052,0.031533636,-0.044788856,-0.013088901,0.050822478,-0.01179098,0.013084847,0.020724162,0.039497834,-0.11096896,-0.04927984,-0.0413866,0.038451534,-0.07245511,-0.14783578,-0.073601596,0.06410058,0.06897171,0.007327091,-0.06384893,0.06308067,0.00021536835,0.032583304,-0.024305142,-0.0004231669,-0.081704274,0.019436851,0.028200815,-0.050459705,-0.024461374,-0.02167236,0.045632787,-0.05524801,-0.117565446,0.022028089,0.0056604445,0.022986837,-0.020289121,-0.053774,-0.018475063,0.03516087,-0.0004037395,-0.049425755,-0.031459518,0.03434094,0.045958977,0.0412996,-0.07796798,0.056395058,0.046470586,0.07180333,0.023056481,-0.030131772,-0.04107843,-0.022563767,-0.042103395,-0.020872094,-0.086706124,0.047400724,0.03326232,0.080731235,0.09148693,0.070236094,-0.0034162886,0.12551616,0.020126197,0.033849597,-0.09399253,-0.060145162,0.006401969,0.06868987,-0.050082028,-0.056066215,0.035014503,-0.037437145,0.07337968,0.00067706965,0.03183037,-0.09368758,0.01367361,-0.0123870615,-0.030806247,-0.00019153208,-0.042960316,0.02454888,0.031279,-0.047483973,-0.056000058,-0.08297965,-0.046532772,0.000840066,0.076657414,0.009326325,0.008250315,0.0122810975,0.07350706,-0.059549484,-0.025331337,0.005171517,0.06612795,-0.008148285,-0.028550398,0.0051370673,-0.043444168,-0.039745435,0.002313897,0.024596617,0.0086078495,-0.00048083998,-0.04202768,-0.010393854,0.056734107,0.002771724,0.14010079,0.03744403,-0.014336679,0.053045504,0.034875758,-0.01929509,0.025453584,-0.057585493,-0.07286006,0.02845192,0.00043563172,0.1373906,-0.036106084,-0.03163189,0.04508313,-0.008912338,0.012567997,0.0051009636,0.0009576678,-0.010575,0.05476161,-0.06903213,-0.063479945,-0.059147038,-0.06957501,-0.03834332,-0.017870292,-0.024149813,0.028357742,0.06702583,-0.025051098,-0.08382399,-0.008405745,-0.09928799
1,0.47772902,-0.5430677,0.50708073,0.15342042,0.020763766,0.49391514,-0.27069643,0.1418294,-0.29132527,-0.13499445,0.0596228,0.28609976,-0.13237455,-0.3866454,0.21238428,0.101247266,0.26666722,0.28707832,0.21741587,-0.30523142,0.30335426,0.06581355,-0.38366556,0.17130034,0.36762074,-0.20335591,0.27866054,-0.051679872,0.108773984,-0.1464976,0.09852518,-0.27937505,-0.20791318,0.23354194,-0.37857717,0.08041832,0.38821977,-0.26169658,0.08423897,0.10513409,-0.55232966,-0.027724281,-0.1691082,-0.0074005574,0.0024647191,0.12490651,-0.1486054,0.16210802,0.32022777,-0.28026536,-0.34006938,0.16506585,-0.2132695,-0.012528703,-0.35401267,-0.014349058,0.11896045,-0.08130817,-0.3513639,-0.36293066,0.024992835,0.22568092,0.06763676,0.38820606,0.09878084,-0.13165799,0.15389809,0.2473403,-0.12240522,0.026988227,0.027584715,0.35871106,-0.3608732,0.16215155,0.0026868135,-0.11337037,-0.29147667,0.32511866,0.03813237,0.22067796,-0.48146144,0.28094172,-0.1399031,0.29264328,0.43857497,-0.20123252,0.23715377,0.09554911,-0.12788829,0.5091827,0.34233713,0.05347911,0.44136155,0.40199038,-0.1716363,-0.3666031,0.1553359,-0.21592289,-0.05256726,-0.100572005,0.21015409,0.2812698,-0.18987231,-0.15332511,-0.43450466,0.017291408,-0.09361197,0.78336936,-0.14749032,0.11857261,0.38301733,-0.23454227,-0.113590494,-0.07614565,0.07013493,0.087283246,-0.21789572,0.24211249,-0.59633213,-0.31871557,0.068575285,-0.092729375,-0.004905775,-0.54256725,-0.38964155,0.24064238,0.07755905,0.04945544,-0.16706225,0.2973204,0.13545093,0.19328913,0.2208759,0.11088389,0.024818197,0.29655161,-0.09199128,-0.2832961,0.15451056,0.1741763,0.29373562,0.020770658,-0.5099661,0.107784934,0.17022163,0.28876552,-0.030909872,-0.30062395,0.116584845,0.06707806,0.18923855,-0.37198853,0.12708431,0.3313301,0.08779751,-0.21108916,-0.39119872,0.13593072,0.027122315,0.47531608,0.17327452,-0.24739921,-0.27535638,-0.33884576,-0.45591104,0.21963294,-0.3226054,-0.012385685,-0.02544151,0.31873798,0.4763221,0.19709861,0.11752092,0.6018901,-0.04455556,0.29778498,-0.42897624,-0.033902235,0.23511058,-0.023411438,-0.009907164,-0.031060748,0.06772551,0.07651368,0.33033833,-0.0021160617,-0.061915345,-0.18602923,0.17520511,-0.2606591,-0.37798837,-0.2680363,0.081443295,-0.068571895,-0.14764178,0.060770184,-0.40398818,-0.28814927,-0.20683359,-0.1970611,0.4171677,-0.053568136,-0.2527908,-0.21440935,0.33215457,-0.14284655,-0.32913816,0.023174731,-0.0015678033,0.013824655,0.25063616,-0.015790604,0.12901963,-0.41567683,-0.048558164,-0.041208737,0.0749899,-0.05531916,-0.341527,-0.33413714,0.33161184,-0.19133398,0.60794616,0.2834183,0.21175385,-0.0639354,0.28497618,0.060486168,0.23704012,-0.41024107,-0.057996392,0.042409793,-0.051134035,0.7074884,-0.4046723,0.07103595,0.035354406,0.15120032,-0.047930103,0.04843267,0.14314461,0.16827461,0.2139714,-0.20449461,-0.19586454,-0.21533667,-0.24884275,0.14042795,0.017898802,0.12256381,0.23208436,0.32397562,-0.3934112,-0.19878766,0.077347346,-0.5948365
1,0.5807111,-0.6539962,0.59857476,0.1832741,0.011820834,0.5820261,-0.32182783,0.16657285,-0.35494578,-0.16036448,0.072293535,0.3321002,-0.16380253,-0.45313242,0.25673825,0.13165192,0.31218928,0.35182464,0.25208297,-0.37155858,0.365555,0.08269879,-0.45327115,0.2097597,0.43198797,-0.24902326,0.33049121,-0.061378717,0.13045381,-0.16817331,0.12601279,-0.34749424,-0.2597533,0.28222814,-0.4590913,0.10311927,0.44883847,-0.31438944,0.11147127,0.13138917,-0.6474613,-0.033727966,-0.21128346,-0.024519097,-0.0031449609,0.15979841,-0.17340839,0.18736158,0.37219337,-0.32353535,-0.4085789,0.20084983,-0.25966012,-0.009404976,-0.39772338,-0.02266017,0.1476506,-0.10577372,-0.41983938,-0.43830723,0.04097652,0.28392234,0.07037271,0.45687556,0.12750022,-0.16120723,0.18019627,0.2981547,-0.15125027,0.04181427,0.030205404,0.4354051,-0.4374328,0.19443004,0.009676263,-0.12654646,-0.36723495,0.37410277,0.057975195,0.2726897,-0.5646111,0.34591496,-0.15551662,0.35171124,0.52074707,-0.2344999,0.28014496,0.1174793,-0.16733828,0.6201418,0.40941173,0.06358212,0.5224432,0.4748527,-0.21588428,-0.43740723,0.19139445,-0.26956397,-0.057005428,-0.12906258,0.25084805,0.32541496,-0.22437893,-0.19350056,-0.5048743,0.025620844,-0.11962825,0.92827827,-0.17157443,0.1421993,0.464147,-0.27700987,-0.13497888,-0.10138717,0.08623744,0.10208754,-0.26957,0.29039097,-0.709111,-0.37843978,0.09241142,-0.12377827,0.009119399,-0.6312275,-0.45825133,0.27659708,0.08176755,0.0545818,-0.18421523,0.34950694,0.16459355,0.22394937,0.27247095,0.13368106,0.045976043,0.35709298,-0.11450476,-0.3354766,0.19305652,0.21864241,0.35099086,0.037421886,-0.60163224,0.12746485,0.2057336,0.35430923,-0.035549007,-0.35661796,0.14274108,0.06422813,0.22876959,-0.4450579,0.16212243,0.39694563,0.09573921,-0.26989844,-0.46365967,0.15085916,0.023133602,0.5678883,0.20309591,-0.2925773,-0.32600024,-0.4105743,-0.54747665,0.2716474,-0.37873593,-0.027985748,-0.035174914,0.36967883,0.5610924,0.22194803,0.13984706,0.7061934,-0.057851315,0.3558975,-0.5057322,-0.035602644,0.2869372,-0.041401,-0.0008070804,-0.029637072,0.08053321,0.09808403,0.39026245,0.0019946042,-0.083697654,-0.20492536,0.20515907,-0.31607482,-0.45528558,-0.3280776,0.107699975,-0.09039658,-0.18676949,0.083691165,-0.48491177,-0.33009076,-0.24593982,-0.23873752,0.49559686,-0.06823375,-0.30793658,-0.26469958,0.38679656,-0.16010466,-0.39753932,0.022040986,-0.0127896,0.014371315,0.3114975,-0.01685097,0.16306032,-0.500658,-0.056076866,-0.054127946,0.08596124,-0.07048353,-0.40828148,-0.406816,0.39499795,-0.23297983,0.71580124,0.3339854,0.2586075,-0.084883265,0.34249553,0.077947706,0.2840389,-0.49245343,-0.058343172,0.04194447,-0.06394269,0.840034,-0.48786226,0.089055225,0.03630849,0.18445507,-0.06440027,0.06101784,0.17304617,0.2093459,0.2470688,-0.2347129,-0.22666231,-0.2457394,-0.2894564,0.17748776,0.025790725,0.14898415,0.27380618,0.38369235,-0.4770829,-0.22424269,0.09385407,-0.7100464
0,-0.096703604,0.05960012,0.0018344354,-0.04809265,0.08076833,0.01895934,0.03462451,-0.021529334,0.07205199,0.0049091037,-0.01586103,0.024545792,0.054681063,0.015444558,-0.08687617,-0.06733944,0.00031268224,-0.072270826,-0.0006888248,0.044572823,-0.05278714,-0.040355332,0.03007337,-0.07726803,0.029125378,0.036968403,-0.025341872,0.024219453,-0.0070176204,-0.01720296,-0.07706308,0.09213889,0.06151206,-0.034847014,0.08116558,-0.06894511,0.07845594,0.05278172,-0.08659927,-0.030489273,-0.034925897,-0.020244539,0.047908336,0.07576229,0.032718778,-0.09645668,0.011307504,0.0014495533,0.060060803,-0.02396055,0.04224815,-0.07384635,0.082738176,-0.031966038,-0.07465701,0.0046289824,-0.046264276,0.05668781,0.06751795,0.010688159,-0.08167562,-0.10435063,0.012926113,0.006291303,-0.0638254,0.063631624,-0.018015753,-0.078723475,0.068956815,-0.049607527,0.039010007,-0.07270867,0.07312049,-0.01704288,0.006276563,-0.03448988,0.10978109,-0.00064468384,-0.09515833,-0.039572958,-0.027340993,-0.10310084,-0.0012503378,-0.03565435,0.021656008,-0.018221188,-0.00153217,-0.077722296,0.08482693,-0.084356144,-0.052995913,-0.021765793,0.010714924,-0.014916839,0.07032391,0.0047479854,-0.039860543,0.096038565,0.009523938,0.09387586,-0.006048646,0.05058106,0.012156641,0.062356323,-0.042966418,-0.044998962,0.0670871,0.0128889885,-0.0005796179,0.032991942,-0.04242303,0.00018682145,0.016006855,0.08760375,-0.03738283,-0.01832786,0.086544886,0.00036625238,-0.0073228423,0.013989223,-0.07782772,0.06855515,-0.09598191,-0.060418114,0.007488954,0.012995824,0.075172506,-0.011805754,-0.025512503,0.007985575,-0.036805123,-0.026342116,-0.095793776,-0.02912845,-0.118259184,-0.046452653,0.065397784,0.007847114,-0.07735093,-0.064504564,-0.0152777955,-0.068650335,-0.037154645,0.0051325597,-0.033379562,-0.02925456,-0.032989427,0.0069907475,-0.060597952,0.00370612,-0.05817747,0.028602779,-0.06392527,-0.036212984,0.032024954,0.10009632,-0.011762398,0.031400487,0.05526,-0.016404243,-0.024060838,0.029225662,0.022655208,0.052105866,0.06257827,-0.07605212,-0.04420272,0.06043333,0.057466045,0.01472706,-0.0035535805,0.037985988,-0.043440856,0.01000895,0.03970585,-0.033028565,-0.017927457,-0.082529984,-0.04947959,0.09984739,-0.060280506,-0.08065508,0.04159031,-0.07187254,0.016706837,0.016093606,0.04266329,-0.06893226,-0.041585468,0.046516903,0.053469494,0.064977825,-0.07809366,0.04563526,0.083985016,-0.0720608,0.019774288,-0.021292355,-0.019566422,0.052677102,0.00085571595,0.030852206,0.07636963,0.07297661,0.007780646,-0.033256676,0.049243793,-0.01386429,0.091676384,-0.031276397,-0.10310097,0.019464567,-0.09468807,0.053158313,0.027506027,0.04393518,-0.017110804,0.011939034,0.03142279,0.06771114,-0.0027785078,0.051729698,0.033530552,-0.03658448,-0.07924266,0.10182973,-0.020805448,-0.044141844,-0.022193339,0.01997569,-0.0850051,0.016229859,0.015762504,0.013451988,0.045879796,-0.06304805,0.049071394,-0.053553216,0.017199194,0.0040102173,-0.03734464,-0.04982112,0.010375027,-0.040411603,-0.032964557,-0.012083811,-0.02945891,-0.085853584,-0.027062207,-0.07628034,-0.030135518,0.0115850745,0.056475796,-0.053890765,-0.038868025,0.0054121586
1,0.69148415,-0.767473,0.69595665,0.22349589,-0.00055830553,0.66849244,-0.3805403,0.19612858,-0.4256415,-0.18466207,0.087251574,0.38202918,-0.20072056,-0.5365632,0.31611228,0.16408803,0.3626819,0.42437583,0.29704827,-0.4370949,0.432493,0.10308074,-0.5342615,0.25799063,0.49601364,-0.29571655,0.38854036,-0.07611375,0.15475358,-0.19306524,0.16138561,-0.42044705,-0.31185877,0.33451217,-0.54914546,0.13225535,0.5067714,-0.37683946,0.1444112,0.1561011,-0.7465794,-0.035131156,-0.25421885,-0.040772494,-0.010465633,0.20440906,-0.2065141,0.21969496,0.42177495,-0.37142557,-0.48121366,0.24703747,-0.32070154,-0.0039922334,-0.44879502,-0.025482431,0.18078236,-0.1326832,-0.5022838,-0.5082123,0.06085248,0.34842938,0.0816651,0.5296834,0.16059671,-0.20143074,0.21383666,0.3611889,-0.18555915,0.058378283,0.027609827,0.51654685,-0.52093756,0.23174046,0.007911697,-0.14248222,-0.44801697,0.43690556,0.08347767,0.3205418,-0.6505526,0.4194116,-0.18218505,0.41341016,0.5999898,-0.27043694,0.32385364,0.15407489,-0.21095666,0.730601,0.48786432,0.07689892,0.6054533,0.55487114,-0.26115996,-0.50901437,0.23280717,-0.33117965,-0.06989843,-0.16911472,0.29084623,0.36912185,-0.2618862,-0.23581252,-0.5789239,0.03644317,-0.1547316,1.0755854,-0.20420115,0.15521511,0.5463083,-0.3237253,-0.1604791,-0.13524775,0.10686394,0.1237203,-0.32910037,0.33654594,-0.8192388,-0.44439495,0.121339284,-0.15652083,0.029976122,-0.72139335,-0.53514135,0.3229,0.080740176,0.067326926,-0.2144758,0.4026675,0.19899182,0.26969072,0.3369531,0.15848415,0.07511811,0.42258665,-0.14552063,-0.39193687,0.24054685,0.26516432,0.4105979,0.054021616,-0.6923807,0.14919502,0.24369611,0.4151258,-0.03494384,-0.41831422,0.1799269,0.08045811,0.2768609,-0.52175456,0.2011742,0.46909738,0.10531187,-0.33086005,-0.53260833,0.17062926,0.017854687,0.6611671,0.24344218,-0.34548143,-0.38486487,-0.48304483,-0.6487811,0.32708946,-0.43247184,-0.043309886,-0.052215844,0.42745057,0.6538934,0.25217548,0.17254502,0.8216116,-0.07443261,0.42052555,-0.58272594,-0.024525471,0.34159872,-0.06607659,0.00984991,-0.017894637,0.08544722,0.12790293,0.45163405,-0.0020492636,-0.099973075,-0.22571802,0.24943617,-0.37645736,-0.53747344,-0.39203483,0.14181438,-0.11095387,-0.22966084,0.10992992,-0.5656404,-0.38060436,-0.28088573,-0.28597388,0.5736053,-0.08497909,-0.37350926,-0.3203938,0.45141745,-0.18058503,-0.47150803,0.029732428,-0.03272777,0.024903564,0.38116437,-0.024405487,0.20478939,-0.590111,-0.07274739,-0.07072083,0.10526474,-0.083089255,-0.48068532,-0.4834383,0.4592919,-0.2793621,0.82604235,0.39783752,0.3149877,-0.12127093,0.40034515,0.09924513,0.33137816,-0.5749513,-0.051156215,0.049609665,-0.0762306,0.97244716,-0.5730806,0.1193452,0.03448131,0.22411638,-0.07709332,0.06816298,0.20769018,0.2516538,0.2881095,-0.26528805,-0.25548548,-0.2845412,-0.3327794,0.21954325,0.03450196,0.18797709,0.32394043,0.4437073,-0.5628793,-0.24998501,0.11862207,-0.82232475
0,0.18374845,-0.22454575,0.24700105,0.0521024,0.047487035,0.23558491,-0.1115434,0.05588749,-0.108260274,-0.05908358,0.020701068,0.1472518,-0.035111874,-0.18999928,0.06755725,0.023091726,0.12615687,0.103443466,0.111066885,-0.12002239,0.115502566,0.010765234,-0.17456232,0.046534497,0.18579066,-0.08094248,0.119818166,-0.010848782,0.050350644,-0.08088123,0.008400075,-0.09178846,-0.066920534,0.09968684,-0.14618851,0.005788725,0.22291741,-0.10684168,-0.0030664876,0.03390886,-0.28444818,-0.021474935,-0.06334409,0.03334065,0.021172669,0.013172343,-0.071754545,0.079818934,0.17770529,-0.1480507,-0.1417,0.04050129,-0.06603549,-0.016781922,-0.20153925,-0.0017528273,0.042118706,-0.012492809,-0.13599378,-0.16801317,-0.02959563,0.05759026,0.04365833,0.1853539,0.018083584,-0.040614456,0.06603123,0.08163659,-0.018894844,-0.0072662774,0.030340584,0.13572617,-0.13902543,0.07693982,-0.0011339001,-0.074908614,-0.08991323,0.15858732,-0.025749821,0.08268146,-0.24251515,0.08483651,-0.07242231,0.12398394,0.21665213,-0.10761835,0.10940899,0.01913925,-0.021740802,0.19887131,0.13595378,0.016040623,0.21427032,0.18709685,-0.044321276,-0.17319675,0.0574343,-0.061693452,-0.022640157,-0.010275755,0.09715643,0.15841009,-0.08704155,-0.050822955,-0.22518858,-0.01488867,-0.017776214,0.38037646,-0.0763699,0.06512684,0.16122432,-0.11550596,-0.04659165,0.0064403675,0.014850486,0.04159645,-0.06448602,0.114112735,-0.286487,-0.14712569,-0.0018965676,-0.013155233,-0.043693826,-0.28703964,-0.18590437,0.12661481,0.07306896,0.022454768,-0.09687069,0.1423921,0.048672512,0.08790173,0.06503223,0.03606917,-0.04152724,0.11411175,-0.012183651,-0.13273855,0.041555643,0.051078916,0.14018756,-0.028959913,-0.2598577,0.05443027,0.06400333,0.12276488,-0.026989123,-0.14704685,0.030510508,0.040453367,0.06683032,-0.167318,0.027902074,0.14551573,0.059002243,-0.05572033,-0.18751459,0.08214396,0.036738593,0.21713483,0.077651,-0.10642155,-0.12656611,-0.13589671,-0.19267096,0.058779236,-0.1765704,0.019430105,0.012154726,0.16726816,0.23076618,0.11092535,0.0354136,0.29643032,-0.0032225735,0.12948433,-0.21318999,-0.06068425,0.08977948,0.036739558,-0.037093475,-0.04735807,0.053188935,-0.001702141,0.16860248,0.0025285352,0.004406769,-0.11987324,0.07060972,-0.105264425,-0.15131341,-0.09549489,0.0057644397,-0.005688593,-0.031898826,-0.0097649805,-0.18064633,-0.15456696,-0.107105315,-0.06777209,0.1987184,-0.016006844,-0.08320618,-0.068152905,0.16433279,-0.08621012,-0.13414824,0.007968763,0.043973763,-0.0040380172,0.07144504,-0.00019952672,0.014179748,-0.17621467,-0.01549335,0.0026723444,0.02956511,-0.02410978,-0.15216205,-0.12652124,0.15427157,-0.06382418,0.31210363,0.1257036,0.0646753,0.006998564,0.12382998,0.011655273,0.09600921,-0.19155642,-0.067868814,0.033657685,-0.022442505,0.3429802,-0.16791941,0.002303265,0.046980593,0.044398457,-0.013116617,0.02011617,0.049142256,0.058031615,0.11320284,-0.115408316,-0.10760406,-0.10875159,-0.13738924,0.020672627,-0.007169459,0.023563657,0.097265124,0.16125022,-0.1585459,-0.12042837,0.023402907,-0.27888316
1,1.1459641,-1.2639573,1.0997627,0.37293336,-0.04101437,1.0735029,-0.6251239,0.32481697,-0.70791084,-0.30691946,0.14574476,0.5963442,-0.34841412,-0.83266693,0.5307648,0.28452945,0.5790002,0.71022165,0.4578759,-0.7294842,0.7202083,0.18355411,-0.85271865,0.4416047,0.78245324,-0.4885784,0.6330859,-0.13500641,0.2458874,-0.29503858,0.29630053,-0.7130415,-0.5347376,0.54363406,-0.9060023,0.23993336,0.7718571,-0.6133521,0.27528995,0.2691975,-1.1652687,-0.051549405,-0.42309347,-0.107974365,-0.039981205,0.3711567,-0.3195388,0.34383175,0.6490281,-0.57459885,-0.787478,0.43272784,-0.5392636,0.0030371621,-0.6806575,-0.050678797,0.3022074,-0.23598517,-0.8292551,-0.8200714,0.14194897,0.60600877,0.10996556,0.84350485,0.2858069,-0.3351273,0.34513792,0.60780346,-0.34229425,0.113874674,0.030110901,0.8619792,-0.8640033,0.36339796,0.022381201,-0.20154276,-0.76469976,0.6839158,0.17992586,0.5414581,-1.0226367,0.721232,-0.27640587,0.6756842,0.95299125,-0.41686115,0.52396256,0.26244655,-0.3778531,1.2160497,0.80222875,0.13149007,0.96166277,0.8855019,-0.46063125,-0.81387234,0.38372263,-0.5668271,-0.108971335,-0.3042794,0.46898308,0.56365687,-0.42069465,-0.39784244,-0.90418375,0.08352594,-0.2673157,1.7094398,-0.30851963,0.24981715,0.89606136,-0.51027393,-0.26461482,-0.25808367,0.18835536,0.19120985,-0.5631993,0.53861207,-1.3080493,-0.71263534,0.2276758,-0.2830905,0.08755455,-1.1206981,-0.8468447,0.4948774,0.09126595,0.09995504,-0.3124965,0.6424937,0.3313004,0.42445928,0.57080793,0.27211913,0.1698397,0.7018359,-0.26071584,-0.6273255,0.4111153,0.45738035,0.6509085,0.1312639,-1.0877175,0.23433259,0.40770626,0.6823768,-0.045879446,-0.6568406,0.30700454,0.10263423,0.46040645,-0.8388085,0.3553204,0.75695384,0.14650857,-0.5761721,-0.85468364,0.25016156,0.004699882,1.0672666,0.38534608,-0.5574928,-0.6117092,-0.79936874,-1.0562264,0.57477593,-0.6660826,-0.093162104,-0.10476751,0.6602959,1.0311193,0.3792686,0.29135147,1.2917848,-0.1359791,0.68028873,-0.9226968,0.0027717948,0.56607217,-0.15516065,0.05149572,0.0007325858,0.115915015,0.24306977,0.70776,0.0031233374,-0.20634454,-0.32638326,0.40011317,-0.6171884,-0.8888637,-0.6588295,0.25528523,-0.21189071,-0.4071168,0.21757177,-0.91966665,-0.5814848,-0.4439127,-0.48228845,0.91634274,-0.1442612,-0.6324631,-0.5466585,0.7087697,-0.26391736,-0.77596605,0.044778444,-0.09479434,0.041040525,0.6562067,-0.042364903,0.37717503,-0.9630518,-0.11796489,-0.1378361,0.1690556,-0.13580859,-0.7738273,-0.80270594,0.7350934,-0.47513682,1.288481,0.6337149,0.5356798,-0.22027762,0.6536748,0.17316818,0.55132097,-0.9221413,-0.042262144,0.056947056,-0.12355995,1.5464826,-0.9429803,0.21602248,0.0229602,0.38661382,-0.1368459,0.11721398,0.3503761,0.42596018,0.44256964,-0.40326345,-0.39578655,-0.4418079,-0.50585204,0.40139756,0.07488127,0.33101684,0.5288617,0.70173115,-0.9314709,-0.37329262,0.19652411,-1.3206339
1,0.059328195,-0.09460464,0.1351015,0.014561454,0.060498517,0.13590837,-0.049160603,0.028865715,-0.029474242,-0.030316448,0.006518744,0.09458797,0.004358232,-0.10387969,0.007716473,-0.015450416,0.073602445,0.022605583,0.06638444,-0.041961353,0.041869905,-0.0068143047,-0.085893124,-0.0013975166,0.111457594,-0.02487201,0.057588276,0.00022346154,0.022770366,-0.05447416,-0.025545945,-0.006342374,-0.0057487413,0.03840477,-0.044824988,-0.024321113,0.15302697,-0.037617832,-0.036153827,0.0035865316,-0.16971594,-0.016744085,-0.0078847,0.05379057,0.027824,-0.03081692,-0.040165007,0.05024472,0.118646875,-0.09691915,-0.060062554,-0.0014429986,-0.0053920485,-0.023608824,-0.15384912,0.007485454,0.0029973327,0.017259073,-0.05246904,-0.078773014,-0.049857173,-0.01442007,0.0386866,0.10535838,-0.018365722,-0.0016743001,0.033416722,0.019805688,0.013087757,-0.029835258,0.026470548,0.043453377,-0.04713214,0.03220991,-0.007692728,-0.05730495,0.005218409,0.09924567,-0.052167665,0.022486381,-0.14321512,0.005075954,-0.052981365,0.0536844,0.12039988,-0.06607467,0.06096169,-0.015636558,0.028611416,0.06738616,0.05304259,0.0029407516,0.11872198,0.098701455,0.0082497075,-0.088856936,0.011201091,0.0043868273,-0.017162394,0.028375058,0.04858403,0.106767535,-0.045865037,0.001439508,-0.14371072,-0.023469554,0.0184528,0.20796461,-0.043915592,0.041192595,0.06267787,-0.06095942,-0.020269286,0.040063024,-0.005229216,0.019929683,-0.00031066686,0.057517402,-0.15312794,-0.07304254,-0.031208264,0.026958656,-0.06487873,-0.18265489,-0.10186378,0.07979706,0.069144085,0.012396686,-0.074043274,0.0835758,0.013611469,0.04662643,-0.0009541884,0.010255903,-0.071439505,0.0441916,0.015814155,-0.07058345,-0.008222587,-0.0029695258,0.06829468,-0.048012458,-0.15222606,0.030285299,0.020730842,0.045340724,-0.021797137,-0.075319275,-0.005266905,0.04038524,0.017359328,-0.079020455,-0.017249249,0.062267445,0.04975995,0.018458426,-0.10482638,0.06287926,0.043437723,0.107443966,0.03763197,-0.04981142,-0.062146083,-0.05138204,-0.08075037,-0.000309024,-0.1077421,0.040507928,0.027642012,0.1023646,0.12687981,0.08051756,0.007811239,0.16796058,0.014462205,0.058290333,-0.122278444,-0.058524646,0.026153212,0.06032359,-0.047413617,-0.05260591,0.038344577,-0.026777897,0.0957438,-0.0008995719,0.02520274,-0.10113744,0.028952658,-0.033715293,-0.060189385,-0.023437187,-0.030425467,0.017830608,0.015187241,-0.037817705,-0.08526833,-0.102354765,-0.06066448,-0.01712661,0.107220046,0.0039487276,-0.014534462,-0.0075244308,0.09697817,-0.06826123,-0.050752487,0.0075701475,0.05975936,-0.006923426,-0.0033496097,0.0019676534,-0.028302997,-0.07280109,-0.0024363697,0.019063283,0.015093327,-0.0048267897,-0.069010235,-0.039873607,0.08134572,-0.01445568,0.18148111,0.059949815,0.0055266954,0.04005559,0.05558359,-0.012344217,0.044025443,-0.09028754,-0.07100579,0.03006702,-0.0062107667,0.1870002,-0.0685402,-0.022448134,0.045492165,0.0048514362,0.00633296,0.00812217,0.013409935,0.0065611713,0.06929922,-0.08112437,-0.07447298,-0.07290599,-0.08664738,-0.023147512,-0.016495634,-0.010699689,0.04700567,0.08932441,-0.058935326,-0.093328714,0.0004536619,-0.14272344
1,0.9995721,-1.1040895,0.9690177,0.32377648,-0.02746882,0.9435586,-0.5460021,0.28346878,-0.6165139,-0.26745597,0.12593663,0.527353,-0.3004405,-0.73596704,0.4599478,0.24526162,0.5091712,0.61689234,0.40542567,-0.6352187,0.62811065,0.15849042,-0.749399,0.38229948,0.6905318,-0.42635965,0.55361605,-0.11590968,0.21636923,-0.2619655,0.25294644,-0.6172267,-0.46282393,0.47555447,-0.7898849,0.20544913,0.6861171,-0.5370632,0.23286763,0.23300067,-1.0305964,-0.04677178,-0.36778453,-0.086308524,-0.031920534,0.31762797,-0.2829834,0.30396345,0.57729286,-0.50905085,-0.6886973,0.37254107,-0.46915102,0.00070843473,-0.6050998,-0.04306218,0.26171303,-0.20193793,-0.7234223,-0.7197463,0.11540851,0.52267003,0.100391895,0.741142,0.24491204,-0.29059494,0.3020062,0.5282399,-0.2917805,0.09430105,0.028864024,0.74998415,-0.753274,0.3199983,0.018863112,-0.18210618,-0.6620975,0.6048137,0.14841107,0.47110677,-0.9022466,0.6232948,-0.24432573,0.5896028,0.8390865,-0.36994752,0.46014142,0.22699039,-0.32361454,1.0587281,0.7006187,0.11301254,0.84655154,0.7790833,-0.39641213,-0.7154733,0.3352525,-0.48949853,-0.095932715,-0.25997943,0.41227737,0.5005989,-0.36937544,-0.34419808,-0.79934007,0.068523735,-0.230836,1.5050807,-0.27565038,0.21955164,0.78382,-0.45046225,-0.23199962,-0.21832612,0.16231754,0.16844493,-0.48758954,0.47339612,-1.1507763,-0.62494177,0.19283965,-0.24118112,0.067568965,-0.99179745,-0.7466757,0.43886584,0.088551246,0.08871385,-0.28078368,0.56519413,0.28826305,0.37404573,0.4948827,0.23499557,0.13910238,0.61224186,-0.22292313,-0.5515826,0.35582608,0.39494234,0.57245106,0.10646543,-0.9601775,0.2065213,0.35427415,0.59652716,-0.04259508,-0.5795721,0.2656415,0.094308026,0.40075314,-0.73643655,0.30541968,0.6632537,0.13371223,-0.4960985,-0.7507691,0.22411978,0.009775396,0.93614477,0.3388385,-0.48928484,-0.5384262,-0.6969578,-0.9235713,0.49580213,-0.5900604,-0.076773226,-0.087136164,0.5837222,0.90848297,0.33936542,0.2524873,1.1403391,-0.11652394,0.5953527,-0.8126169,-0.005859576,0.49432886,-0.12576158,0.038649093,-0.0068263076,0.10575323,0.20532152,0.62474585,0.0013650078,-0.17280298,-0.29450417,0.3516494,-0.5397631,-0.7765093,-0.5731369,0.21778035,-0.18025813,-0.34989038,0.18329331,-0.8058708,-0.5154569,-0.3912782,-0.41912356,0.80566967,-0.1259897,-0.54895157,-0.47328103,0.6247398,-0.23729575,-0.677812,0.03919062,-0.07496735,0.037321925,0.5668725,-0.035585053,0.32211497,-0.84213114,-0.102622256,-0.11605034,0.14837141,-0.11833039,-0.6792903,-0.6997173,0.647341,-0.4127074,1.1398494,0.55766606,0.46521264,-0.18679188,0.5729343,0.1497823,0.4809776,-0.80823696,-0.045320086,0.054064583,-0.10730146,1.3622552,-0.8238759,0.18483128,0.026074797,0.33501875,-0.11751756,0.10157611,0.30407554,0.3686298,0.39207193,-0.35938978,-0.3508458,-0.39103067,-0.4500811,0.34341317,0.062485937,0.28428784,0.46210542,0.6183585,-0.81149757,-0.3336678,0.17004855,-1.1596851
1,1.1390386,-1.2557821,1.0936383,0.37080234,-0.040647637,1.0666734,-0.62122667,0.3225942,-0.7037825,-0.30473426,0.14459418,0.5926296,-0.3457992,-0.8284748,0.5279089,0.28304613,0.5754063,0.70581883,0.45558444,-0.7248253,0.7156103,0.18214871,-0.8480324,0.43911728,0.77750987,-0.48544955,0.62903863,-0.13402297,0.24447873,-0.2936092,0.294182,-0.7087356,-0.5311005,0.54053396,-0.9007729,0.23868935,0.76734686,-0.6100262,0.27319393,0.26742047,-1.1586605,-0.051141262,-0.4208424,-0.10699697,-0.039554942,0.36858758,-0.3181019,0.34197393,0.64506906,-0.57130545,-0.78281236,0.42962182,-0.53605783,0.0033869147,-0.6765097,-0.050200716,0.30070028,-0.23442213,-0.82389104,-0.8151079,0.14058283,0.6021109,0.10949166,0.83810997,0.28398848,-0.33348668,0.34324875,0.6037474,-0.3394615,0.11300069,0.030119767,0.85657966,-0.85863507,0.36201492,0.022155106,-0.20062332,-0.75999546,0.68005,0.17876473,0.5377678,-1.0165212,0.71645254,-0.2749365,0.6714944,0.9470909,-0.41461164,0.5206135,0.26137206,-0.3753281,1.2082654,0.79725355,0.13027999,0.9556595,0.88044393,-0.45748222,-0.80902505,0.38176894,-0.5633956,-0.10847834,-0.30254877,0.46621296,0.5602662,-0.4181333,-0.39554653,-0.8986952,0.08278702,-0.2659406,1.6993531,-0.3070859,0.24793105,0.89054346,-0.5075354,-0.26306894,-0.25621805,0.18711951,0.19064237,-0.5599025,0.53541183,-1.3002046,-0.7082196,0.22613233,-0.28137776,0.0871327,-1.1139215,-0.8418394,0.49229014,0.09135339,0.099791825,-0.31099018,0.638438,0.32904574,0.42256945,0.5673474,0.27034107,0.16873969,0.6972319,-0.2589206,-0.62357974,0.40885687,0.4543385,0.6474274,0.12995718,-1.0810066,0.2327753,0.40490735,0.6781748,-0.04548215,-0.65345556,0.3050547,0.10233953,0.457988,-0.8341804,0.35270122,0.7528694,0.14581406,-0.5724126,-0.84916097,0.24895936,0.0049353205,1.0606364,0.38363644,-0.5546261,-0.60856915,-0.794223,-1.0497903,0.57048863,-0.6622528,-0.09268734,-0.10417918,0.65698963,1.0252069,0.37741572,0.2892468,1.2843657,-0.13507758,0.6764748,-0.91694635,0.0022492856,0.56256014,-0.15362452,0.050609376,0.00080471486,0.115581915,0.24112925,0.7037696,0.0027697925,-0.2042295,-0.3245302,0.3983147,-0.6136268,-0.883186,-0.6545981,0.2539463,-0.21017696,-0.40447515,0.21581,-0.91388017,-0.57841986,-0.4411867,-0.4791874,0.9107238,-0.14366595,-0.62861174,-0.5430862,0.704926,-0.26234564,-0.7711537,0.04478783,-0.09405243,0.041191272,0.6520469,-0.042135336,0.3746454,-0.9575268,-0.1173632,-0.13695589,0.16805305,-0.13523664,-0.76950717,-0.7978295,0.73051864,-0.4719528,1.2813346,0.6303564,0.53235775,-0.21963657,0.649867,0.17233464,0.5473872,-0.91695607,-0.042112015,0.056965437,-0.12294574,1.5373662,-0.93731403,0.21452333,0.023036748,0.3838943,-0.13594304,0.115928054,0.34821475,0.42343384,0.44053152,-0.40096176,-0.39317235,-0.4392385,-0.50307167,0.39840153,0.07401638,0.3290646,0.52545434,0.6974469,-0.9254769,-0.37101057,0.19534963,-1.3124511
1,-0.11791674,0.08112852,-0.01989504,-0.060569435,0.09091847,0.0017750505,0.05227275,-0.030313438,0.09869907,0.016388005,-0.019174647,0.013405802,0.065199405,0.043213006,-0.111070074,-0.077583134,-0.010132303,-0.09102748,-0.015920723,0.05956035,-0.06922011,-0.0427235,0.053951554,-0.09111177,0.019633943,0.045752242,-0.044111025,0.029881198,-0.018780978,-0.008453442,-0.08612605,0.11574877,0.074062556,-0.051976144,0.10888109,-0.077749,0.06437644,0.07427778,-0.09299559,-0.03656415,-0.010729093,-0.024405787,0.061336815,0.08515849,0.031262666,-0.1120711,0.023430493,-0.0062508956,0.054517016,-0.009329241,0.053662613,-0.085151725,0.10113383,-0.03570261,-0.062345102,0.0011439715,-0.06567786,0.060819753,0.08825643,0.020984685,-0.088960245,-0.12018262,0.005230004,-0.005130823,-0.07737392,0.08217449,-0.031334102,-0.09300725,0.080232576,-0.057294313,0.042948518,-0.09185652,0.09192708,-0.026797803,0.014036855,-0.024627533,0.12942277,-0.019091915,-0.111544654,-0.045942165,-0.0106683755,-0.12662205,0.010103637,-0.048691157,0.01082037,-0.007402692,-0.013884589,-0.09749863,0.10140765,-0.10624924,-0.0728004,-0.028458858,-0.0026710816,-0.0353912,0.08063635,0.021438008,-0.05123861,0.11682642,0.01418909,0.11178194,-0.015564989,0.042932704,0.025173465,0.079059966,-0.025790751,-0.048559893,0.08218856,-0.022403667,0.0060109124,0.032829296,-0.05863075,0.014826871,0.027641738,0.09677774,-0.040860273,-0.028918503,0.10327689,-0.0060210624,0.011821517,0.03085262,-0.08753802,0.07678466,-0.10636341,-0.042735185,0.025406055,-0.0016236976,0.077804714,-0.017337125,-0.013731716,0.0016565458,-0.04981807,-0.045179576,-0.1138774,-0.039141648,-0.13134536,-0.05696406,0.07390021,0.02478472,-0.090081975,-0.07468127,-0.03229023,-0.06945604,-0.022528382,0.00054690894,-0.039497852,-0.04097844,-0.03823062,0.025327122,-0.07383078,-0.004218109,-0.07671232,0.04845403,-0.07270561,-0.05458223,0.026925191,0.11698052,0.0017312942,0.02296583,0.05752891,-0.03654007,-0.041543663,0.04217857,0.039541274,0.06253958,0.090207,-0.085247,-0.032471575,0.06618151,0.07284929,-0.0030917712,-0.026335761,0.033748396,-0.054762043,-0.018146995,0.041022114,-0.05390907,-0.0027626827,-0.0850188,-0.06026116,0.10831338,-0.06020663,-0.09668637,0.045835003,-0.0811359,0.004232608,0.019448856,0.040707078,-0.06479149,-0.059056316,0.062338483,0.064255,0.07674087,-0.08844347,0.050869696,0.09710536,-0.077916384,0.03465652,-0.004183162,-0.010482078,0.066327766,-0.010002699,0.040058266,0.09597042,0.09258205,-0.012149089,-0.030394156,0.06572428,-0.02218001,0.101390645,-0.037087314,-0.124242984,0.026216067,-0.1102411,0.07570273,0.03653762,0.05345802,-0.02414632,0.018195365,0.04969406,0.08264306,-0.010295989,0.06484607,0.014648613,-0.056882054,-0.09625554,0.11950482,-0.03290145,-0.05167806,-0.033394955,0.043045785,-0.0918729,0.009448621,0.025317362,-0.010381255,0.06220483,-0.069685645,0.04849163,-0.06407648,0.017637026,0.0068717524,-0.043920144,-0.061199248,-0.007990517,-0.041855186,-0.02778986,-0.0034036804,-0.023793396,-0.09806947,-0.028184474,-0.09186253,-0.04901945,-0.00047832943,0.074905075,-0.0464811,-0.050171424,0.025005408
1,0.78732616,-0.8751193,0.7813379,0.25354528,-0.008425247,0.75897074,-0.43286005,0.22474527,-0.4850387,-0.21274298,0.09949189,0.4282051,-0.23151676,-0.5941072,0.35821456,0.18888292,0.40953332,0.4832726,0.32854003,-0.5010501,0.4944293,0.12018112,-0.5998834,0.2954777,0.5590966,-0.336436,0.44052318,-0.0883593,0.17280236,-0.21490766,0.18830676,-0.48137033,-0.3599105,0.3781969,-0.62330496,0.15388967,0.5659196,-0.42479166,0.17180812,0.1816118,-0.8363607,-0.03941831,-0.2892007,-0.055330466,-0.016351681,0.23794216,-0.22785643,0.24500266,0.47211114,-0.4155955,-0.54674375,0.2857241,-0.36341256,-0.004335001,-0.5003253,-0.032028727,0.20520312,-0.15375791,-0.5702795,-0.5766558,0.077827215,0.40189952,0.0858811,0.5973619,0.18575497,-0.22690794,0.24068788,0.4119422,-0.22095725,0.0683699,0.029484661,0.591159,-0.5933993,0.2571284,0.012737885,-0.15419194,-0.51310086,0.48797068,0.10332354,0.37011606,-0.7312376,0.4834873,-0.20091358,0.46988568,0.67709863,-0.301422,0.36850458,0.17279358,-0.24499205,0.8363883,0.5526927,0.088605404,0.68158257,0.6247775,-0.30479836,-0.5745077,0.262004,-0.3796751,-0.07681013,-0.19462301,0.32996386,0.4118774,-0.29675007,-0.2693328,-0.6499737,0.04702935,-0.17516747,1.212234,-0.22307481,0.17938228,0.6215711,-0.36219272,-0.18265621,-0.15935424,0.1238739,0.13586952,-0.37706733,0.38036868,-0.92647034,-0.50033164,0.14290154,-0.18239681,0.038933754,-0.8089131,-0.6003907,0.3573457,0.08427488,0.071656406,-0.23223986,0.4559004,0.2260785,0.29850686,0.38282782,0.184199,0.092788965,0.48219046,-0.1686121,-0.44186935,0.27326095,0.30554256,0.4613128,0.07167384,-0.7780112,0.16675523,0.27927303,0.47303537,-0.038233988,-0.46656477,0.20392478,0.080993734,0.31442696,-0.5890796,0.23252621,0.52868885,0.11462191,-0.38226375,-0.6051093,0.18729693,0.015324738,0.74960536,0.2704466,-0.38954082,-0.43151492,-0.55213666,-0.73410165,0.38129613,-0.48278978,-0.052937057,-0.061717056,0.47636834,0.7335068,0.27879786,0.19605199,0.9199315,-0.086857796,0.47481674,-0.65720254,-0.020777911,0.38894057,-0.0842316,0.017857525,-0.016225394,0.09284316,0.15139496,0.5057114,0.0007927567,-0.1264103,-0.24867138,0.27783594,-0.42638552,-0.61270845,-0.44865626,0.16281995,-0.13395777,-0.2680841,0.13215593,-0.64246905,-0.42254028,-0.31752202,-0.32806584,0.64836776,-0.09675391,-0.42667654,-0.36833328,0.50429016,-0.19886345,-0.5356353,0.031310882,-0.043754786,0.025412431,0.43780255,-0.026919194,0.24181555,-0.6698152,-0.0798648,-0.08487291,0.11708917,-0.094453916,-0.54191434,-0.5511516,0.51856524,-0.32161266,0.92449445,0.44475845,0.36036623,-0.13709979,0.45517734,0.113633275,0.38084608,-0.64891386,-0.0512416,0.048496332,-0.08686764,1.0962006,-0.6528452,0.13598512,0.03212425,0.25858477,-0.09079157,0.08070168,0.23796877,0.2882794,0.31904522,-0.29542333,-0.28749338,-0.31729195,-0.36872137,0.2593522,0.043226738,0.2165498,0.36779633,0.4994166,-0.64197445,-0.2783721,0.13284735,-0.9312819
1,0.5923807,-0.668865,0.6083562,0.19059555,0.011417862,0.5973759,-0.33232805,0.17461462,-0.3625274,-0.16632229,0.07379155,0.3405303,-0.16914347,-0.4591346,0.2646575,0.13152643,0.32218403,0.35792613,0.25764582,-0.37891826,0.3760752,0.08749482,-0.4623664,0.21679093,0.44090706,-0.25168347,0.33975545,-0.06675106,0.1309576,-0.17218132,0.13289542,-0.35131565,-0.2648446,0.285606,-0.46635807,0.10724239,0.4559739,-0.32044256,0.117156394,0.13432631,-0.65838027,-0.033137575,-0.21066697,-0.02514534,-0.005905796,0.16707519,-0.17668128,0.19416167,0.37936795,-0.33202013,-0.41740587,0.21176559,-0.26793468,-0.011099778,-0.41316533,-0.020719811,0.1476379,-0.10593146,-0.43358323,-0.4415788,0.044485133,0.29014274,0.07435718,0.46698284,0.13019301,-0.164359,0.18638392,0.3092437,-0.16323173,0.038783204,0.028269863,0.4453399,-0.44671044,0.19381973,0.0073013157,-0.12808074,-0.37053832,0.3877028,0.062230818,0.2779401,-0.5746782,0.356322,-0.16248357,0.35722187,0.52770597,-0.23802248,0.28906554,0.12125524,-0.16941857,0.6311469,0.4213307,0.0663147,0.531298,0.48493505,-0.22249715,-0.44337612,0.19164763,-0.274835,-0.06221008,-0.13429281,0.25618827,0.33040133,-0.23075232,-0.19225976,-0.5176792,0.030287493,-0.121124476,0.9440158,-0.17391881,0.14285167,0.47126094,-0.28167424,-0.1406911,-0.106735274,0.09101676,0.10310006,-0.27636313,0.29290795,-0.72031313,-0.38490415,0.09588914,-0.12348731,0.007897884,-0.6442885,-0.4681878,0.28367898,0.08131943,0.05668611,-0.19146536,0.35899147,0.16837007,0.23229572,0.27938378,0.13988325,0.048042074,0.366918,-0.120418675,-0.34303966,0.19656113,0.22178483,0.3532964,0.040992115,-0.61000526,0.12909168,0.210776,0.35594347,-0.03299222,-0.35988623,0.14745769,0.071735084,0.23483239,-0.4512961,0.16514972,0.40242028,0.098810166,-0.27192295,-0.4734525,0.15575674,0.023666319,0.5781592,0.20748395,-0.30034006,-0.33162883,-0.4188462,-0.55821836,0.283856,-0.38002375,-0.024018731,-0.03720785,0.37621555,0.5701442,0.2294505,0.14758939,0.7195119,-0.05995153,0.3618123,-0.5149653,-0.026471544,0.29207432,-0.045882434,0.00052719563,-0.027094953,0.074897915,0.10521713,0.39464793,-0.0006682053,-0.09049169,-0.21247447,0.2123874,-0.32070938,-0.46772996,-0.33559328,0.108737946,-0.09559269,-0.19307995,0.08740884,-0.49366412,-0.3376273,-0.24761686,-0.24648294,0.5041981,-0.06943274,-0.31851494,-0.2712916,0.39534348,-0.16418573,-0.4061497,0.026181659,-0.01764176,0.018905329,0.31989175,-0.019705363,0.17268614,-0.5090041,-0.059149336,-0.0582863,0.09046008,-0.06778843,-0.4143765,-0.41470933,0.4030909,-0.24174634,0.7241455,0.342285,0.26710707,-0.08716913,0.34959143,0.07945001,0.29348046,-0.49607697,-0.056775056,0.04321647,-0.062129453,0.8530033,-0.49757513,0.09437396,0.032331303,0.19317627,-0.06337209,0.06098005,0.17919189,0.21086401,0.25190616,-0.23982261,-0.23212983,-0.2550769,-0.29189566,0.1868861,0.028753284,0.15839005,0.28444627,0.38833475,-0.4857509,-0.23084186,0.09572872,-0.72004116
1,0.99555594,-1.1004442,0.9664312,0.32360023,-0.027603026,0.9408326,-0.5447256,0.28285635,-0.61468494,-0.26720595,0.12657791,0.52570564,-0.2996937,-0.7339851,0.4598512,0.2445047,0.50782764,0.6154746,0.4047407,-0.6332882,0.6253761,0.15678936,-0.7473745,0.38070503,0.68824846,-0.4245617,0.5527974,-0.11562079,0.21542364,-0.2614972,0.25178063,-0.6163009,-0.46110296,0.47460404,-0.7878982,0.2041581,0.68477577,-0.5347451,0.23231477,0.23216909,-1.0270092,-0.04609555,-0.36720675,-0.08563998,-0.029793475,0.31596136,-0.28171557,0.30283576,0.5739463,-0.50799555,-0.68628186,0.37176108,-0.46655858,0.00041987002,-0.60513645,-0.042295195,0.262131,-0.20166905,-0.7213612,-0.7171541,0.11551513,0.5206472,0.10074678,0.74036366,0.2442808,-0.2907906,0.30196604,0.5265599,-0.29154444,0.095460415,0.029472036,0.7481035,-0.7507306,0.31930545,0.01748009,-0.18204604,-0.6594882,0.6025851,0.14812705,0.46865356,-0.9000038,0.6219606,-0.24575976,0.589515,0.8365768,-0.3681883,0.458275,0.2261974,-0.32232085,1.0565014,0.69817764,0.11389676,0.844155,0.7764331,-0.39506,-0.71309644,0.3330823,-0.48888043,-0.09612281,-0.25963992,0.4102271,0.49971214,-0.36871672,-0.3441119,-0.79732984,0.068222746,-0.22938633,1.5003659,-0.27317274,0.21916054,0.7804157,-0.44837147,-0.23021023,-0.21734792,0.16148016,0.16879046,-0.48581314,0.47180596,-1.1469184,-0.62407,0.19250697,-0.24091528,0.06811596,-0.989504,-0.74380034,0.43808508,0.08766028,0.08911729,-0.2798786,0.5638418,0.28751218,0.37324858,0.49289894,0.23507255,0.13817085,0.6097281,-0.22278252,-0.5497569,0.35430247,0.39383143,0.5713702,0.10582034,-0.957332,0.20599115,0.3538317,0.5937953,-0.04215499,-0.5776851,0.26483223,0.09505329,0.3996013,-0.73400027,0.30404937,0.6618381,0.1330074,-0.49496803,-0.7491254,0.2240364,0.008991089,0.93345004,0.33821255,-0.4873084,-0.53646797,-0.69536114,-0.9216633,0.4934003,-0.5888763,-0.076106,-0.08744299,0.58370394,0.90644395,0.33734876,0.25218934,1.1363517,-0.115391135,0.5945546,-0.81105614,-0.0061860085,0.49167377,-0.12582465,0.037627447,-0.0053041577,0.105467826,0.20514584,0.62320584,0.0017545465,-0.17196545,-0.29360393,0.34976253,-0.5372942,-0.77296746,-0.5708241,0.21725553,-0.17903903,-0.34864464,0.1819497,-0.8031399,-0.5156952,-0.39013496,-0.41759673,0.8034533,-0.1243436,-0.5468593,-0.4720713,0.6237261,-0.23642573,-0.6753988,0.039918024,-0.07400831,0.035245806,0.56522614,-0.036582448,0.3205387,-0.84009326,-0.103056654,-0.11579474,0.1478817,-0.118429646,-0.6767777,-0.6971708,0.64385074,-0.41054714,1.1353903,0.55565584,0.46264595,-0.18703188,0.5698979,0.14841183,0.47916043,-0.8076954,-0.04547628,0.054323513,-0.10787606,1.3569791,-0.8210377,0.18351342,0.026634857,0.33294445,-0.11687243,0.10127692,0.3034338,0.3683837,0.3914118,-0.35775656,-0.35004273,-0.39006737,-0.44838837,0.3417226,0.0616151,0.28395924,0.4618369,0.6164378,-0.80996,-0.33312175,0.1708642,-1.1566017
1,1.0598031,-1.1737821,1.0241803,0.34480482,-0.03223188,1.0040689,-0.58117235,0.30286586,-0.6538505,-0.28675807,0.13496095,0.5578953,-0.32110918,-0.7716807,0.48879337,0.25907058,0.5408312,0.65491,0.42528522,-0.6763016,0.668642,0.16825914,-0.7919897,0.40682712,0.7313809,-0.4511118,0.5891168,-0.12481232,0.22677326,-0.27606204,0.27094138,-0.6563543,-0.4925326,0.5025091,-0.8374096,0.21928792,0.7240123,-0.56698287,0.25138056,0.24862254,-1.0868295,-0.0486646,-0.38863513,-0.0942401,-0.034361962,0.3388295,-0.2958939,0.32037985,0.60812634,-0.53785807,-0.73091847,0.40012443,-0.49611866,-0.0008313842,-0.6430717,-0.04619606,0.27696455,-0.2151873,-0.76846623,-0.7618253,0.127718,0.5566798,0.103971496,0.78731084,0.2607153,-0.30700317,0.3211506,0.5620757,-0.3173749,0.10142578,0.030057935,0.7989282,-0.7996326,0.33567145,0.020218655,-0.18977523,-0.70141184,0.6389204,0.16177839,0.5013395,-0.95517695,0.6658553,-0.25986224,0.62738526,0.8882036,-0.38902158,0.4888785,0.23853292,-0.34398612,1.127727,0.74330956,0.12252201,0.8955841,0.8240341,-0.4245566,-0.7566068,0.35247773,-0.5203909,-0.10213443,-0.276141,0.43673357,0.5286708,-0.3916425,-0.3644351,-0.8460977,0.07571511,-0.24232712,1.5915734,-0.2852007,0.23553719,0.830297,-0.4737771,-0.24535449,-0.23408565,0.17377874,0.1760186,-0.518152,0.50082284,-1.2184368,-0.66215855,0.20635948,-0.25737044,0.07296357,-1.0493011,-0.78788406,0.4617836,0.0904631,0.0932418,-0.29330042,0.6001729,0.3056036,0.39320725,0.5238858,0.25349903,0.14930974,0.65154874,-0.23950309,-0.58348966,0.3761925,0.4209243,0.60340744,0.118363306,-1.0141803,0.21767464,0.37854016,0.6312047,-0.044958703,-0.60891914,0.28123653,0.09719711,0.42479265,-0.7784268,0.32547605,0.7017289,0.13990511,-0.5276668,-0.79818267,0.2362695,0.008451041,0.9924628,0.35717106,-0.5182459,-0.56738335,-0.7416003,-0.97848594,0.53204745,-0.621899,-0.080361724,-0.09357141,0.6164667,0.95947516,0.3572628,0.26896027,1.2035718,-0.12385337,0.6307291,-0.8605865,-0.0011609942,0.52319,-0.13795467,0.043666203,-0.005043227,0.10885832,0.22246543,0.65875036,0.0027983878,-0.19143263,-0.310613,0.37025118,-0.5701727,-0.82448465,-0.6088318,0.23066252,-0.19494975,-0.37430078,0.1979338,-0.8543844,-0.5443928,-0.41428632,-0.4464443,0.8533545,-0.13107516,-0.58353436,-0.5039111,0.66044295,-0.24920794,-0.7185671,0.04228423,-0.08182552,0.036224745,0.60353774,-0.038844056,0.34671926,-0.8928114,-0.108028814,-0.12576121,0.15680696,-0.12465201,-0.71814513,-0.7426774,0.68364626,-0.43961883,1.2005749,0.5873879,0.4940325,-0.19690372,0.6070266,0.15736908,0.513542,-0.8558464,-0.045118563,0.05392003,-0.1132102,1.4399717,-0.87541693,0.19672333,0.02312839,0.3573724,-0.12459183,0.10963693,0.3242875,0.39245567,0.41226104,-0.37913787,-0.37195596,-0.41407195,-0.47174758,0.36995435,0.068112865,0.3042776,0.49210382,0.65382344,-0.8636657,-0.35294586,0.18000385,-1.2295351
0,-0.09648338,0.062644765,-0.0038289055,-0.04654404,0.08380142,0.016845532,0.036641274,-0.017252924,0.07902584,0.0074044354,-0.014917334,0.027269367,0.054637734,0.017169025,-0.089191794,-0.07004454,0.0032512061,-0.07647454,0.0009408351,0.049475685,-0.05417849,-0.034194708,0.034528844,-0.07606766,0.029744647,0.039320327,-0.026924472,0.021266919,-0.012611985,-0.018187698,-0.07366304,0.10286048,0.06538696,-0.04091093,0.08976096,-0.069258854,0.07358588,0.057254694,-0.08380754,-0.032557376,-0.030165404,-0.021223255,0.058298167,0.079032004,0.030344177,-0.0950814,0.009421807,0.006507623,0.060099732,-0.02379881,0.041731548,-0.06687622,0.08070967,-0.03400901,-0.08154096,0.0066112876,-0.054118894,0.057653654,0.06311597,0.016966851,-0.08224346,-0.108083904,0.01532674,0.0085438,-0.06789481,0.066018075,-0.018092226,-0.07139197,0.064033784,-0.05702643,0.035016425,-0.07691461,0.07227524,-0.022895316,0.003012646,-0.030468745,0.11697531,0.007369764,-0.09856312,-0.041806556,-0.022491604,-0.105129555,-0.005920477,-0.03872256,0.017508596,-0.015042175,-0.0013332795,-0.07958545,0.09112816,-0.09226993,-0.05384873,-0.021627598,0.009449705,-0.017123839,0.07161192,0.009681648,-0.04227449,0.09953641,0.0035736402,0.09120278,-0.008515757,0.047813118,0.012035949,0.071207836,-0.042639602,-0.042312272,0.06982501,0.0026531199,-0.0025117472,0.02798665,-0.04861339,0.004226352,0.01577484,0.08559552,-0.03379597,-0.019219933,0.086634815,-0.0027191234,0.00067404564,0.016953329,-0.07607523,0.07319126,-0.09959224,-0.05864504,0.007711987,0.0139314495,0.072054446,-0.012049902,-0.031337276,0.010151412,-0.037356306,-0.022269696,-0.09522878,-0.03147535,-0.12077348,-0.044195607,0.0633553,0.007822692,-0.07707754,-0.06876155,-0.023609683,-0.06852792,-0.032820627,0.0044686166,-0.034661714,-0.036855277,-0.02915337,0.013450049,-0.0598689,0.01397565,-0.061165042,0.03368252,-0.06722242,-0.043241717,0.03300805,0.10794963,-0.008231706,0.03214365,0.05556618,-0.02211156,-0.026559688,0.029997569,0.024602927,0.0529985,0.06589511,-0.07188231,-0.035187915,0.06734865,0.062064387,0.011023965,-0.008518644,0.04203666,-0.039602865,0.006637592,0.038496695,-0.038651977,-0.015466429,-0.071214646,-0.050182898,0.09758686,-0.056682497,-0.081541725,0.033510394,-0.06721462,0.012961326,0.012481475,0.041576814,-0.07321273,-0.040643916,0.052238982,0.049570836,0.06487873,-0.08119717,0.043473948,0.084040225,-0.072596066,0.021439113,-0.020301733,-0.012089554,0.05402503,-0.0013490748,0.033839192,0.0768965,0.07472084,0.004616284,-0.038743783,0.049800947,-0.011902023,0.09006597,-0.023978824,-0.10438803,0.017570965,-0.09385249,0.058468767,0.025556546,0.044854898,-0.012761254,0.017049685,0.035789095,0.070264846,-0.0007809233,0.05226671,0.02820594,-0.03576687,-0.07834664,0.102305554,-0.024227517,-0.045886002,-0.02085382,0.032514516,-0.08288424,0.017155379,0.022112956,0.008447014,0.050493382,-0.057958327,0.046900928,-0.049391314,0.022405365,0.0036214218,-0.034158267,-0.055824555,0.006407028,-0.043346114,-0.034261778,-0.01630826,-0.026513305,-0.084180534,-0.023884218,-0.074024186,-0.02863338,0.0076407623,0.062109582,-0.055680815,-0.0387475,0.012827033
0,-0.10536059,0.07156159,-0.007406093,-0.054984495,0.08330661,0.010584459,0.041087225,-0.027873354,0.08289338,0.0074379286,-0.016733155,0.018464282,0.056740813,0.028156202,-0.09603529,-0.07154983,-0.006313784,-0.078400455,-0.009105729,0.051394917,-0.059127495,-0.042769387,0.04081939,-0.083638415,0.023617223,0.038913757,-0.029650066,0.02810593,-0.009940537,-0.011050994,-0.0837248,0.10127544,0.06667305,-0.041257307,0.092967965,-0.07548131,0.07468587,0.061456267,-0.092357576,-0.033134557,-0.025913185,-0.022036487,0.055502206,0.07479054,0.03363581,-0.10449356,0.016482145,-0.006568782,0.05695318,-0.016295483,0.049768165,-0.081226096,0.09353489,-0.033359468,-0.06712285,0.0023705717,-0.051130325,0.06005564,0.08018424,0.017325582,-0.08693586,-0.11215921,0.0094942525,0.0013209013,-0.06793114,0.07236066,-0.023553427,-0.08655943,0.07481609,-0.04928244,0.042707194,-0.07897633,0.08407305,-0.018355897,0.0073450413,-0.0310231,0.11849985,-0.009378616,-0.09946023,-0.0434773,-0.021439217,-0.11383861,0.0045768376,-0.04208418,0.01637222,-0.014768336,-0.0077135945,-0.085968494,0.09056448,-0.09467059,-0.060613014,-0.022491178,0.0009869989,-0.025710592,0.075023785,0.011607973,-0.046563435,0.10546712,0.015081693,0.10422557,-0.009310121,0.045874372,0.018362636,0.06889027,-0.035095192,-0.047641203,0.07270309,-0.0009051638,0.0073006153,0.033311944,-0.05178781,0.0065775495,0.021989303,0.093770124,-0.040538996,-0.022511385,0.094743,-0.0026935632,0.0013934178,0.020787645,-0.0819689,0.07107859,-0.09796524,-0.053806785,0.017046649,0.0048990026,0.07678951,-0.014323097,-0.01889925,0.0016865036,-0.0417583,-0.0337905,-0.102558285,-0.03080902,-0.125844,-0.05414245,0.07217691,0.01441106,-0.08427597,-0.07087488,-0.020800326,-0.069892466,-0.028804734,0.0031957566,-0.036305726,-0.034145996,-0.035287738,0.012849787,-0.066454105,-0.002313003,-0.06753946,0.04015974,-0.06755838,-0.04605104,0.029981904,0.10661956,-0.0062802127,0.03148125,0.0550247,-0.025338337,-0.03114022,0.03508772,0.031202137,0.058442444,0.07254744,-0.08121376,-0.04055523,0.062103175,0.062014945,0.010646548,-0.012764476,0.03413802,-0.049333602,-0.0035067238,0.042107552,-0.042142674,-0.010778036,-0.08596357,-0.054648384,0.10456176,-0.060752694,-0.08581582,0.04363498,-0.07819634,0.011649413,0.017713403,0.04233189,-0.06602047,-0.04807592,0.051943783,0.06215631,0.07176366,-0.0829604,0.048824433,0.08907914,-0.07609922,0.027863242,-0.013585091,-0.017986676,0.058713585,-0.0059166476,0.033582237,0.08550873,0.081825815,5.9987186e-05,-0.029323565,0.059286363,-0.017200124,0.09607848,-0.035817645,-0.11044872,0.020884514,-0.10134627,0.0646286,0.03214362,0.045069627,-0.022001166,0.01397351,0.038831554,0.07418238,-0.007206721,0.06006438,0.023409506,-0.04648962,-0.08812633,0.11031414,-0.027267698,-0.047297098,-0.026484359,0.028094597,-0.08521574,0.013358552,0.01712411,0.0023101773,0.05390381,-0.06889837,0.050723236,-0.059885107,0.016923357,0.0068444666,-0.04178554,-0.05234589,0.0039665326,-0.03653913,-0.030152306,-0.006549025,-0.02664693,-0.094518006,-0.024977984,-0.08499618,-0.037278727,0.008622492,0.06134048,-0.050625052,-0.043254443,0.014612529
1,0.72179705,-0.801978,0.7228443,0.2333162,-0.002893459,0.6978414,-0.39735565,0.20597287,-0.44435808,-0.19432938,0.09089227,0.397098,-0.2108896,-0.5550247,0.33040208,0.17176096,0.37758112,0.44278836,0.30745772,-0.45777428,0.4527017,0.10878297,-0.5556428,0.27073592,0.51574785,-0.30829987,0.40579757,-0.08048761,0.16061008,-0.20047237,0.17040016,-0.43943793,-0.3265577,0.3486159,-0.5731294,0.13976648,0.5252101,-0.39239967,0.1532678,0.16411228,-0.7750989,-0.035880074,-0.26480374,-0.045072448,-0.012486126,0.21588674,-0.21372692,0.22806542,0.43756372,-0.38563505,-0.50185657,0.2600738,-0.33475298,-0.0040025227,-0.46618325,-0.027164109,0.1887776,-0.13927178,-0.5244974,-0.5294532,0.06697625,0.36530298,0.08360931,0.5507533,0.16876203,-0.20922223,0.22289535,0.37796876,-0.1974394,0.060865913,0.027179336,0.5399931,-0.5443986,0.23876402,0.00898058,-0.14612037,-0.46783027,0.45476523,0.09004011,0.33574378,-0.6760497,0.44025642,-0.18847,0.431307,0.6239961,-0.2802102,0.33819616,0.16082594,-0.22176471,0.76418036,0.50883687,0.080880165,0.6293345,0.5777129,-0.2753486,-0.5294961,0.24242999,-0.34610608,-0.0724986,-0.17808604,0.3033516,0.38215625,-0.27349436,-0.24602976,-0.6017793,0.039922934,-0.16127968,1.1185474,-0.2104855,0.16285606,0.5698295,-0.3365154,-0.16820182,-0.14333153,0.11283297,0.12807584,-0.3453201,0.3502988,-0.8530528,-0.46232828,0.12804514,-0.16429631,0.032353,-0.74898714,-0.5566095,0.33429205,0.08148301,0.06892018,-0.22102909,0.41983756,0.20774023,0.2796499,0.351493,0.16634095,0.08103357,0.44191,-0.15326881,-0.4082956,0.251137,0.27758843,0.42629504,0.059362013,-0.71910155,0.15454584,0.25484842,0.43331137,-0.03584773,-0.43373156,0.1878804,0.08137889,0.2894049,-0.5433732,0.21117276,0.48784623,0.108507104,-0.34668,-0.5556958,0.17651004,0.01762646,0.68894285,0.25260818,-0.35983607,-0.3999563,-0.5046963,-0.6756176,0.34496087,-0.44800323,-0.04580616,-0.055903777,0.44308987,0.67891717,0.26151258,0.18068075,0.8537615,-0.07827761,0.43768272,-0.6064591,-0.022268064,0.35684195,-0.072160915,0.012596015,-0.017387152,0.08675887,0.13575345,0.4687201,-0.0014281496,-0.108430974,-0.23333871,0.25948828,-0.393028,-0.56214345,-0.41033983,0.14812896,-0.118911415,-0.2419675,0.117549896,-0.59014595,-0.3946877,-0.2920031,-0.29982683,0.5972437,-0.08843927,-0.39093557,-0.33565202,0.46861258,-0.1861718,-0.49222887,0.030642956,-0.036710046,0.026158223,0.39930052,-0.025466658,0.21766798,-0.6155476,-0.07540354,-0.07547908,0.10973619,-0.08652454,-0.50035274,-0.50515735,0.47763842,-0.293342,0.85724986,0.41329923,0.33021486,-0.12636232,0.4180636,0.10384075,0.34743577,-0.5977601,-0.05066099,0.049458716,-0.078672126,1.0115814,-0.5983359,0.12549503,0.032857932,0.23590556,-0.08061774,0.07159849,0.21774238,0.26302576,0.29839942,-0.27486008,-0.26570788,-0.29594746,-0.34387934,0.23321673,0.03757145,0.19802311,0.33849573,0.46113107,-0.5875342,-0.2591884,0.1233711,-0.85673034
0,-0.087165095,0.055499963,0.0026220586,-0.040133078,0.08069105,0.022053625,0.03106492,-0.012060501,0.07234369,0.005124823,-0.013150873,0.03281465,0.051476173,0.007439237,-0.08047065,-0.06661809,0.008785645,-0.07132667,0.008777836,0.046278745,-0.049320973,-0.029754935,0.026971795,-0.069570094,0.032402728,0.03703847,-0.022181194,0.0173976,-0.011200635,-0.021316873,-0.068285204,0.09821876,0.063164026,-0.03700531,0.08324322,-0.06612818,0.076043166,0.050670568,-0.08046672,-0.03247506,-0.037430055,-0.020040348,0.057934154,0.07668373,0.03034271,-0.08875883,0.0026091225,0.011672269,0.061331484,-0.029888615,0.036260378,-0.05927593,0.072923355,-0.033828337,-0.087318294,0.008714326,-0.051012103,0.05584567,0.0532996,0.015660867,-0.08013916,-0.10245491,0.020225257,0.014087745,-0.06473437,0.060170546,-0.011955697,-0.06345842,0.0580894,-0.057780195,0.031229405,-0.07132024,0.06437817,-0.021344116,-0.0009736493,-0.03273945,0.11197761,0.01811465,-0.094351605,-0.040444613,-0.02592615,-0.097552195,-0.012680657,-0.034971412,0.019551486,-0.017494988,0.0032886635,-0.072587244,0.087083876,-0.087424,-0.04682762,-0.020044448,0.013664162,-0.009003079,0.06878918,0.005097722,-0.03955114,0.09275353,-0.0008043172,0.083025955,-0.0061679133,0.04871354,0.0066419262,0.06756063,-0.048788212,-0.040160533,0.0656615,0.011694618,-0.005831659,0.024277903,-0.045369275,0.0016674241,0.011195064,0.081614256,-0.030732922,-0.015844805,0.08093097,-0.0018512993,-0.00394008,0.012571471,-0.07200003,0.073469006,-0.09643329,-0.06357976,0.0013432465,0.019290235,0.06893816,-0.010256413,-0.03883438,0.014359606,-0.03274848,-0.012806613,-0.08885741,-0.028231325,-0.115694314,-0.03892534,0.059610978,0.0020074025,-0.07165435,-0.06477408,-0.019583596,-0.06918645,-0.03734674,0.0057900148,-0.032012716,-0.034870684,-0.024886943,0.008742055,-0.054034546,0.022373736,-0.05507681,0.027455777,-0.06576887,-0.039413273,0.035681244,0.10498306,-0.010934298,0.034979336,0.054830983,-0.01802294,-0.021898605,0.024088878,0.018428255,0.047501467,0.056304947,-0.066780284,-0.03417256,0.06773555,0.058597162,0.016328543,-0.0017490834,0.04453323,-0.033473823,0.015362006,0.036662675,-0.03279561,-0.01965268,-0.06555264,-0.047049977,0.093991674,-0.05525867,-0.07594473,0.028616816,-0.06265995,0.016167887,0.009432385,0.04171315,-0.07703409,-0.03344287,0.050258655,0.04278636,0.05972732,-0.0776193,0.041732125,0.07846001,-0.070281446,0.016684867,-0.02697869,-0.012077647,0.04807087,0.002696041,0.03130843,0.070260964,0.06842849,0.011121145,-0.040717937,0.044047862,-0.007505741,0.085579075,-0.018573599,-0.09647842,0.014479602,-0.08872651,0.051581383,0.020989474,0.04249975,-0.008685507,0.016652254,0.03074541,0.065391086,0.0028232858,0.048039913,0.034037154,-0.027119076,-0.07160832,0.09366151,-0.019938957,-0.04411819,-0.016380358,0.028949048,-0.07914747,0.019431384,0.021154854,0.016143974,0.045707177,-0.05316826,0.046419106,-0.044720516,0.024334865,0.0018218551,-0.03042354,-0.05425591,0.011093859,-0.044524558,-0.036107697,-0.021927804,-0.027823586,-0.07966809,-0.022748422,-0.06625326,-0.021441726,0.009940331,0.056875482,-0.0581378,-0.034231413,0.008638581
0,0.12975174,-0.16861418,0.19994429,0.03370025,0.052488163,0.19166093,-0.08293289,0.042285196,-0.07601082,-0.046668068,0.014601408,0.123911925,-0.017303571,-0.15512566,0.04245998,0.009928584,0.10063585,0.06987826,0.09120977,-0.0886648,0.08256377,0.0012548342,-0.136797,0.024655007,0.15263103,-0.057261616,0.093260266,-0.003685522,0.040997207,-0.069085516,-0.008296594,-0.058992915,-0.04176481,0.0764428,-0.10549243,-0.007911876,0.19393411,-0.07757622,-0.019361213,0.02158555,-0.23705727,-0.019630883,-0.04371951,0.040749338,0.026171744,-0.0057783127,-0.058397688,0.06495997,0.15147036,-0.12507328,-0.105489254,0.018477745,-0.038624853,-0.018011149,-0.17688417,0.0012074485,0.029098488,-0.0013504326,-0.09692094,-0.13290967,-0.038706075,0.028005466,0.04018749,0.14995919,0.0050023273,-0.024958141,0.052055515,0.053160246,-0.0006116554,-0.013832913,0.029671298,0.09557378,-0.09936726,0.058975838,-0.0020326711,-0.06884901,-0.052811317,0.1295363,-0.036583617,0.05749031,-0.19981194,0.049435884,-0.061524615,0.09522826,0.1769775,-0.08940557,0.08719088,0.004987629,-0.0038616918,0.14501163,0.098481804,0.009572431,0.17327067,0.14859837,-0.021243751,-0.13846068,0.03952262,-0.035606302,-0.017476141,0.0053457245,0.07683216,0.1366187,-0.06960478,-0.033241075,-0.18921904,-0.019813616,-0.0038616545,0.3091678,-0.062696174,0.05655488,0.120002665,-0.0932612,-0.034143493,0.02219548,0.0046626925,0.03355909,-0.03762556,0.091710836,-0.23111862,-0.116159916,-0.013870649,0.0010112673,-0.05125522,-0.24161628,-0.14962377,0.10534015,0.07216166,0.017358854,-0.08427933,0.115445,0.033955812,0.0682576,0.03696414,0.023837851,-0.052979454,0.08228254,0.0011962578,-0.10663225,0.020979106,0.028786205,0.11329421,-0.038969334,-0.21481732,0.04448321,0.044820167,0.09320998,-0.026229115,-0.11856155,0.014151096,0.036086068,0.04645766,-0.13169847,0.009141065,0.11130149,0.05382605,-0.027696803,-0.15236922,0.07342445,0.039010692,0.1717176,0.06086068,-0.08057649,-0.09942367,-0.099823624,-0.1459629,0.02954257,-0.15086964,0.025336217,0.017192975,0.1404445,0.1876105,0.09475121,0.021959374,0.24120514,0.0057623982,0.10073109,-0.1751299,-0.06525977,0.06310658,0.047090534,-0.042859692,-0.0491013,0.050802752,-0.015102353,0.13991448,0.0027201194,0.015879355,-0.109184906,0.05066305,-0.07639949,-0.10944401,-0.064418755,-0.008710086,0.004861627,-0.01133677,-0.022562869,-0.14062929,-0.1330849,-0.08856656,-0.04499376,0.16017485,-0.008480981,-0.052333575,-0.042647973,0.13589892,-0.075905405,-0.09831269,0.0059116855,0.052036658,-0.007688714,0.039740533,0.0017506925,-0.007056188,-0.1343288,-0.008834412,0.010368567,0.021287471,-0.018591715,-0.11759306,-0.09069118,0.122511655,-0.040711954,0.25770298,0.09692892,0.0384279,0.020599898,0.094465934,0.0022934766,0.07172537,-0.1537518,-0.0699542,0.03182923,-0.018046685,0.27764314,-0.12455119,-0.010650367,0.048331223,0.024506224,-0.0071432404,0.014934452,0.03321202,0.038378958,0.09588253,-0.098409146,-0.09189789,-0.09024796,-0.11619571,-0.00020537525,-0.01241665,0.0066044703,0.074072026,0.13175024,-0.116554916,-0.10723788,0.01390657,-0.22311844
1,0.40153003,-0.4553425,0.4384409,0.12692656,0.026807558,0.41801053,-0.22618325,0.117694184,-0.24506776,-0.111932576,0.048597842,0.24804592,-0.10571058,-0.34235698,0.17710763,0.08537811,0.22709303,0.24005163,0.1932348,-0.2547665,0.2512679,0.052123025,-0.32959685,0.13935,0.31637928,-0.17187604,0.23482363,-0.039495025,0.09617362,-0.12951069,0.07602847,-0.23149756,-0.1710333,0.20105937,-0.31946445,0.061958417,0.3415942,-0.22372638,0.06098286,0.086089775,-0.48183572,-0.026026912,-0.1442958,0.002098363,0.007175233,0.09803687,-0.13247938,0.14202748,0.27998435,-0.2441965,-0.28656802,0.12996197,-0.1786266,-0.009628855,-0.3068384,-0.00969265,0.10189732,-0.06508003,-0.29464808,-0.31123704,0.010255564,0.18314049,0.06283317,0.3308204,0.07955192,-0.11219599,0.13031314,0.20427881,-0.089970894,0.019219711,0.02581097,0.2970526,-0.30365172,0.1428698,0.00059343874,-0.10406786,-0.24333134,0.28163388,0.022471033,0.18290208,-0.41440946,0.22810312,-0.12071564,0.24650142,0.37754086,-0.17663659,0.20092992,0.08116474,-0.103185095,0.42393616,0.28735498,0.04179316,0.3804691,0.34493023,-0.13668613,-0.31549343,0.1340591,-0.17823717,-0.0445391,-0.08247633,0.17973337,0.24684407,-0.16256188,-0.12974516,-0.3759444,0.0084116645,-0.07905699,0.6753876,-0.13457571,0.099994585,0.32423374,-0.20524016,-0.09680238,-0.05560784,0.05521439,0.07941763,-0.18019271,0.20767422,-0.51155204,-0.2733944,0.052137904,-0.07405819,-0.011224333,-0.4702258,-0.3371884,0.21190399,0.07527095,0.043754112,-0.15049948,0.25288764,0.11371566,0.1694599,0.18426706,0.08748837,0.011429027,0.24656343,-0.07138505,-0.24465129,0.12972659,0.1417439,0.25549343,0.005118292,-0.44252104,0.09402443,0.13965073,0.24643233,-0.027896335,-0.26397598,0.0961583,0.061561406,0.15949552,-0.31981242,0.101698,0.2838411,0.07934067,-0.17299187,-0.33200026,0.120402925,0.028860684,0.4044298,0.15135619,-0.21000576,-0.23861334,-0.2831163,-0.38811147,0.17338902,-0.28314,-0.00757242,-0.017098838,0.27825364,0.41150692,0.17249754,0.09646488,0.5220401,-0.03441216,0.2541443,-0.36944976,-0.041670665,0.19843051,-0.008252323,-0.01632496,-0.032160666,0.064581916,0.05518167,0.2889656,-0.002272321,-0.037972912,-0.16520323,0.15061769,-0.22155346,-0.31705257,-0.2229873,0.065471515,-0.051026057,-0.117575236,0.04135996,-0.3439777,-0.25268906,-0.17815234,-0.16173263,0.3575696,-0.047101878,-0.20906673,-0.17697707,0.2878562,-0.12726611,-0.2787562,0.019500066,0.008236308,0.01400972,0.20525497,-0.0119053945,0.09701951,-0.35317487,-0.042192902,-0.029111542,0.064388946,-0.04876961,-0.29297873,-0.2799523,0.28460085,-0.15690178,0.53134024,0.24553739,0.17412147,-0.0521465,0.24203777,0.051133752,0.1956015,-0.3528457,-0.059522666,0.04282354,-0.043986216,0.6106599,-0.33941567,0.05542495,0.039985668,0.12237626,-0.038751047,0.038257413,0.11761654,0.13916951,0.18942028,-0.17944728,-0.17010851,-0.1855499,-0.22038677,0.10643535,0.010487337,0.09723228,0.1951672,0.2797125,-0.32832327,-0.17453615,0.06571312,-0.50826323
0,-0.12540239,0.091568425,-0.029808622,-0.07240352,0.09685038,-0.0048016217,0.06314833,-0.040127203,0.1159781,0.020253196,-0.021725189,0.0049263593,0.07105168,0.0652017,-0.12573981,-0.083223164,-0.020028526,-0.10048415,-0.028906224,0.06645881,-0.07716352,-0.04874386,0.06814613,-0.099619865,0.013293214,0.045759402,-0.054464158,0.036243413,-0.024153719,0.0005062409,-0.09607014,0.12490612,0.07878035,-0.05948905,0.122424796,-0.08507602,0.061587162,0.08630252,-0.10209511,-0.038119584,-0.0024089515,-0.028583843,0.06642528,0.08839439,0.03249612,-0.12602526,0.032002557,-0.017804973,0.052882425,-0.00067763776,0.0608536,-0.09917193,0.1184762,-0.036424417,-0.052637007,-0.0033348575,-0.07483171,0.06292135,0.10742223,0.025251562,-0.09704238,-0.12990457,-0.0016431138,-0.010516516,-0.08211981,0.09570076,-0.0428236,-0.10369156,0.09222366,-0.058993947,0.04942472,-0.09745552,0.10373345,-0.029500363,0.019279342,-0.019314066,0.13764136,-0.035195556,-0.12015212,-0.048245315,-0.006723717,-0.14259638,0.020468049,-0.051614624,0.008516822,-0.0014144294,-0.019866899,-0.112636834,0.11176731,-0.112913445,-0.08383699,-0.030079756,-0.0089953635,-0.0478686,0.08621408,0.02708889,-0.064072266,0.12851852,0.02409745,0.12737767,-0.019614456,0.03887124,0.035422057,0.0843654,-0.0133044105,-0.05277296,0.093575545,-0.035660055,0.016941343,0.037553605,-0.067208566,0.021223225,0.03836021,0.10714352,-0.046652626,-0.035475418,0.11238237,-0.008438535,0.017012857,0.039279703,-0.09317355,0.08052419,-0.11135271,-0.033135682,0.03647523,-0.014314562,0.081703946,-0.021192413,0.00031074136,-0.0041034105,-0.0589586,-0.06015364,-0.12498957,-0.04360516,-0.14025065,-0.06633956,0.08500896,0.03657563,-0.09882053,-0.08042007,-0.035898857,-0.071314506,-0.015719255,-0.0054347347,-0.041778315,-0.042771686,-0.0409722,0.03157437,-0.08299725,-0.020015202,-0.08689019,0.06083956,-0.0768339,-0.06420702,0.024813324,0.12357372,0.0058488366,0.019394806,0.057237566,-0.045632824,-0.05178877,0.04903075,0.05125729,0.06713503,0.104767464,-0.09416586,-0.028687846,0.06456269,0.08020603,-0.0082636215,-0.03807462,0.028677545,-0.065472975,-0.033857007,0.041606013,-0.06460197,0.00489142,-0.09492287,-0.066833496,0.11778403,-0.060526,-0.108553916,0.051764093,-0.091128975,-0.0012838338,0.023886008,0.03898464,-0.060801513,-0.07125544,0.068016246,0.07127555,0.084321745,-0.0957441,0.05754207,0.104721166,-0.08291579,0.04233314,0.004626207,-0.010364588,0.07512816,-0.013116326,0.043743394,0.10972381,0.10536955,-0.022475157,-0.025820049,0.07726315,-0.028986167,0.11108142,-0.04998049,-0.13552266,0.030425329,-0.121700555,0.086838394,0.044997524,0.056809105,-0.033437766,0.0187006,0.058499083,0.088011816,-0.014044872,0.07545881,0.00906916,-0.07224947,-0.10678992,0.13492624,-0.039666437,-0.05544982,-0.040066272,0.048715554,-0.09717191,0.0033098385,0.02684779,-0.021045849,0.068261236,-0.08019924,0.049850296,-0.07583327,0.013685862,0.011659803,-0.04756149,-0.0626356,-0.017908692,-0.04127942,-0.0254695,0.004253924,-0.021821296,-0.11115484,-0.028821291,-0.10521443,-0.06294315,-0.0019416085,0.0780811,-0.042173713,-0.062695354,0.030866202
1,0.035726134,-0.06915592,0.11406828,0.0051227193,0.06275569,0.115250796,-0.035533663,0.020669935,-0.01441676,-0.024644183,0.0021354295,0.08330912,0.011830904,-0.08757748,-0.0047963336,-0.022499774,0.06140946,0.007993177,0.058219902,-0.028110374,0.02609199,-0.011671144,-0.0688993,-0.012095157,0.09728017,-0.015139157,0.044473175,0.0041474774,0.018394845,-0.049774963,-0.032309875,0.009133156,0.0051681176,0.028048692,-0.025575116,-0.030635603,0.14055964,-0.025120243,-0.044068072,-0.0015146295,-0.14881925,-0.017280936,0.00022534654,0.057308957,0.028045904,-0.039704714,-0.033840302,0.043853898,0.10865341,-0.08568664,-0.044102628,-0.012534581,0.006306205,-0.023054682,-0.14002049,0.007582619,-0.0033852449,0.023720838,-0.034557972,-0.064682856,-0.054843485,-0.028337013,0.03551882,0.088032186,-0.024931831,0.007373358,0.025372842,0.005775623,0.022741895,-0.033365503,0.0271292,0.024318267,-0.028934631,0.02564777,-0.0063876994,-0.054047413,0.02013458,0.085386366,-0.058056794,0.012157328,-0.12306221,-0.011742052,-0.04528854,0.03921126,0.10389973,-0.058743253,0.050848152,-0.022370066,0.036666434,0.041875593,0.036535725,-0.0009904206,0.10135763,0.08174934,0.017746836,-0.07433197,0.0049313395,0.018149395,-0.0133357495,0.034843657,0.040174313,0.096882746,-0.037218615,0.010109255,-0.1270108,-0.026617426,0.024447177,0.17675516,-0.03856547,0.03835885,0.04627551,-0.0525485,-0.015687354,0.046405926,-0.009879073,0.015367041,0.011789113,0.04770985,-0.12832734,-0.059723027,-0.03759445,0.033062242,-0.06865219,-0.16161902,-0.085254095,0.07101018,0.069493376,0.009406101,-0.067733005,0.070716776,0.0061119013,0.03812322,-0.0145033,0.0027892236,-0.07725155,0.029376447,0.023459213,-0.05932562,-0.017036792,-0.0129005015,0.05591582,-0.052687317,-0.13325176,0.026102547,0.011442494,0.033351384,-0.022043375,-0.06413811,-0.012375105,0.035469808,0.006178517,-0.06254242,-0.02404458,0.04759032,0.04740482,0.030733101,-0.08860258,0.058352813,0.04467923,0.086853586,0.029745918,-0.037903886,-0.04965561,-0.034384314,-0.05902063,-0.013066728,-0.09657376,0.043234237,0.03144215,0.08955255,0.105767176,0.07423287,-0.00012893975,0.14428009,0.018217955,0.0439011,-0.1058215,-0.061481968,0.015358811,0.065884925,-0.04917253,-0.055534817,0.037299905,-0.033956677,0.08357132,0.0014430601,0.029942006,-0.095257856,0.020111162,-0.022319753,-0.042845372,-0.010108389,-0.03710189,0.021632532,0.02539226,-0.04269874,-0.06915623,-0.089912966,-0.053103548,-0.0058812853,0.08948056,0.006814009,-0.0016074181,0.0042436756,0.082546026,-0.062379654,-0.036108132,0.0045570135,0.063777745,-0.0086876135,-0.01788827,0.0042709373,-0.038049288,-0.053421542,0.00046044216,0.022716705,0.010724619,-0.00301826,-0.054006778,-0.022850715,0.06767158,-0.0044399463,0.15850367,0.04753156,-0.0060812905,0.047162544,0.043763615,-0.01586959,0.032536775,-0.07289427,-0.07205896,0.02912145,-0.0024802238,0.15986826,-0.05001848,-0.02756982,0.046031978,-0.003676366,0.008955935,0.0062811878,0.0059649386,-0.002418805,0.060979404,-0.07391328,-0.06751816,-0.06320988,-0.07726446,-0.032827646,-0.017348181,-0.019732032,0.03549379,0.07665712,-0.03994285,-0.086272776,-0.0045634434,-0.1179551
1,1.1166916,-1.2320797,1.0736593,0.36314198,-0.03848115,1.0474863,-0.6093815,0.31667674,-0.6899029,-0.2991223,0.14164557,0.58249557,-0.33877617,-0.8136417,0.51695454,0.27683687,0.56491256,0.69164205,0.44760042,-0.71088445,0.7018858,0.17852905,-0.8322398,0.43000498,0.7639255,-0.47603738,0.6173689,-0.13121201,0.24019597,-0.28865272,0.28765655,-0.6940916,-0.52032995,0.53028035,-0.88304406,0.23303963,0.75472736,-0.5982569,0.26681608,0.26213807,-1.1384219,-0.05039294,-0.41237214,-0.10375285,-0.038273755,0.36051813,-0.31244618,0.3358776,0.6346382,-0.5616048,-0.76778114,0.42062813,-0.5253059,0.0027854145,-0.6654743,-0.04908391,0.29454643,-0.22933687,-0.8080341,-0.8001831,0.1366312,0.58930147,0.10813351,0.82291746,0.2778562,-0.326509,0.33666056,0.5918922,-0.3322278,0.109947085,0.029700747,0.8396486,-0.84204566,0.35470757,0.021524593,-0.19774091,-0.7442807,0.6681967,0.1736786,0.52722996,-0.99858963,0.70170534,-0.27020273,0.65892535,0.9301241,-0.40743464,0.51106405,0.25565413,-0.36718884,1.1848494,0.7817875,0.127865,0.9386157,0.86455303,-0.4480589,-0.79433644,0.37419966,-0.5516489,-0.10633301,-0.29587126,0.45764562,0.55095536,-0.41054022,-0.38743863,-0.8832527,0.080534324,-0.26025137,1.6688746,-0.3019703,0.243688,0.873494,-0.4984565,-0.25820574,-0.2501644,0.18317905,0.18698071,-0.5484339,0.5257131,-1.276642,-0.6951845,0.22070569,-0.27488878,0.08390265,-1.0947818,-0.8269028,0.48382103,0.090664394,0.097711,-0.30614325,0.6271055,0.32271215,0.41468972,0.5557058,0.2646956,0.16386077,0.6838819,-0.25326324,-0.6122182,0.4000827,0.44475186,0.63552207,0.12614988,-1.0622352,0.22882017,0.39702982,0.66536325,-0.04506164,-0.641672,0.2988534,0.101011015,0.44882083,-0.8185704,0.3452087,0.7384311,0.14387107,-0.56025255,-0.8338305,0.24500865,0.005664494,1.0412587,0.376295,-0.54381,-0.5972325,-0.77886635,-1.0299125,0.55885977,-0.65083647,-0.09020668,-0.10148903,0.64523655,1.0067197,0.37115538,0.28359666,1.2615408,-0.13192962,0.66352195,-0.90091205,0.0010117888,0.5517978,-0.14930417,0.04870555,-0.00043341517,0.11400592,0.2355533,0.69141775,0.0028003585,-0.19938138,-0.3200591,0.39053595,-0.6018855,-0.866398,-0.641793,0.24781984,-0.20557553,-0.3956983,0.21077487,-0.8970494,-0.56858,-0.43341383,-0.46964377,0.894399,-0.14060876,-0.61585844,-0.53220564,0.6921817,-0.25846186,-0.75631285,0.043786816,-0.09081792,0.040166467,0.6385803,-0.04114268,0.36620253,-0.9391684,-0.11488469,-0.13348407,0.16477783,-0.13259189,-0.75507116,-0.7822551,0.7174835,-0.46274936,1.2589078,0.6187253,0.5216056,-0.21377516,0.63756603,0.16849655,0.5372408,-0.8997866,-0.04282824,0.05638286,-0.120487675,1.5097023,-0.91928047,0.2097966,0.023617074,0.37635294,-0.1330841,0.11407909,0.34130627,0.41465443,0.43265623,-0.39428836,-0.38672835,-0.4316503,-0.49466234,0.3899342,0.07235752,0.32189864,0.51563287,0.68508023,-0.9076315,-0.36538497,0.1915003,-1.2884622
0,-0.03243543,-0.00052668154,0.054402005,-0.018686369,0.069879584,0.06380528,-8.463487e-05,0.0020828657,0.027526725,-0.010894107,-0.0069013345,0.05413556,0.03373034,-0.03896362,-0.04121254,-0.044011794,0.03064047,-0.034532703,0.03106812,0.010515641,-0.014483634,-0.024610918,-0.019858923,-0.0425129,0.05897497,0.013451669,0.010226688,0.012161425,0.005675495,-0.035040315,-0.05365444,0.052213017,0.03559842,-0.003328476,0.028241651,-0.0494485,0.10802493,0.013374443,-0.06503327,-0.016790286,-0.08956855,-0.016807305,0.026555508,0.06669854,0.031649172,-0.06571463,-0.013580985,0.024327308,0.08053778,-0.056505248,0.0005443953,-0.040223993,0.04313666,-0.0266499,-0.11015005,0.009237224,-0.023162298,0.0404806,0.014871869,-0.021242999,-0.06785264,-0.06749537,0.028323222,0.04452821,-0.04412959,0.031848274,0.005776274,-0.033680115,0.04358349,-0.04354131,0.029247478,-0.026026573,0.02202427,0.0021282863,-0.0048254123,-0.04532405,0.06833085,0.046522487,-0.073400065,-0.016784105,-0.07075465,-0.056314982,-0.028260995,0.0013349019,0.056742724,-0.03768669,0.025691304,-0.045247547,0.061856266,-0.026255205,-0.009693451,-0.009983425,0.051772274,0.03316949,0.045049332,-0.031742748,-0.0190829,0.055449195,-0.00499018,0.059065722,0.015788693,0.07140215,-0.013926737,0.035406608,-0.083354324,-0.033455804,0.044633284,0.08990958,-0.019120425,0.03193644,-0.0028598234,-0.024249854,-0.001990907,0.0663856,-0.023151292,0.001308627,0.048131276,0.02010083,-0.061169636,-0.021338223,-0.05523578,0.052411318,-0.08085822,-0.10728317,-0.038598422,0.04352058,0.069873214,-0.00019093975,-0.05003534,0.03756654,-0.013847642,0.010751562,-0.05358482,-0.011911266,-0.09561413,-0.010633878,0.04295925,-0.025829893,-0.04565427,-0.040652823,0.019444164,-0.06308423,-0.07938165,0.013921432,-0.012492323,-0.0021910965,-0.022235757,-0.027243849,-0.03470148,0.025289027,-0.022939814,-0.016210858,-0.046848707,0.0036046351,0.04055453,0.06813815,-0.04712745,0.046118133,0.049353994,0.031165693,0.005139632,-0.005007762,-0.013555916,0.011233505,0.002023302,-0.04648415,-0.06525802,0.05254453,0.04077331,0.053089537,0.04947654,0.05545701,-0.018769495,0.074740544,0.028904565,0.005681333,-0.05948381,-0.068048716,-0.01864902,0.08106041,-0.05537587,-0.061955467,0.034807518,-0.050933037,0.046817437,0.0056850333,0.039409697,-0.08325015,-0.0075976076,0.014545541,0.007905353,0.028935883,-0.05774294,0.033725824,0.052618638,-0.05744201,-0.021261606,-0.057806328,-0.033013202,0.022824334,0.041855842,0.01740881,0.03695684,0.03683966,0.04544927,-0.04915165,0.007951152,-0.0008610245,0.07523384,-0.016070003,-0.059821516,0.008604189,-0.063773274,0.0009026285,0.010697953,0.0321409,-0.0012383685,0.0043530725,-0.009764649,0.024574632,0.028397763,0.023317281,0.09131041,0.008726679,-0.040518202,0.06988682,0.009663379,-0.029292231,0.0043154918,-0.023222223,-0.07659259,0.024584081,0.005042011,0.08069812,0.0020888932,-0.044420756,0.047107287,-0.027816607,0.016353555,0.002568908,-0.0149558,-0.028209517,0.03764287,-0.053828627,-0.049486883,-0.039383758,-0.05002214,-0.05856698,-0.022095893,-0.0435957,0.0054769805,0.040945224,0.011596546,-0.07123342,-0.019310873,-0.05022113
0,-0.08857559,0.054528113,0.0026137158,-0.04003488,0.08154251,0.022910979,0.030184086,-0.0112773385,0.07296822,0.005217405,-0.01242823,0.033692762,0.051622186,0.0073998794,-0.0817751,-0.06724662,0.009440402,-0.070715256,0.008575657,0.045357406,-0.049081407,-0.029761925,0.02745007,-0.07015917,0.034065902,0.037769176,-0.021561675,0.017543163,-0.011240948,-0.022433098,-0.06718207,0.09879032,0.0633183,-0.038525656,0.083174944,-0.06668237,0.076613694,0.051620338,-0.07937678,-0.032678872,-0.03685298,-0.020491943,0.057963166,0.07736553,0.028684393,-0.08794874,0.003322117,0.012422068,0.062762454,-0.02970706,0.036342658,-0.057776805,0.07265195,-0.0342951,-0.08938555,0.008535733,-0.05189819,0.056134894,0.05204045,0.015602754,-0.080137186,-0.103432804,0.019344239,0.015297999,-0.065115556,0.06116008,-0.012150206,-0.063233286,0.05639239,-0.05859932,0.030799149,-0.07160047,0.06439299,-0.023138052,-0.00080169924,-0.031913355,0.11305794,0.018537076,-0.094748646,-0.04005193,-0.026860062,-0.09676403,-0.012192242,-0.03419399,0.020057801,-0.01714563,0.005172125,-0.07345411,0.087370455,-0.088173404,-0.04760116,-0.020014841,0.014312385,-0.009789592,0.06895807,0.0054127024,-0.03936071,0.09378584,-0.0018023914,0.08234495,-0.005994867,0.049469404,0.0064513814,0.068078674,-0.04987014,-0.039412044,0.06602546,0.0122095095,-0.00654779,0.024565246,-0.044435337,0.0013423227,0.010480296,0.08076269,-0.030674022,-0.015634248,0.08075295,-0.0015676576,-0.003915384,0.011439908,-0.07167553,0.0735618,-0.097034216,-0.064639665,0.000788833,0.020245027,0.06843912,-0.011034463,-0.03928934,0.014952414,-0.03313348,-0.012735903,-0.08893772,-0.028743088,-0.11706148,-0.038723763,0.05844634,0.0010545086,-0.07192627,-0.06512745,-0.020431915,-0.06829943,-0.03812025,0.0065007587,-0.032618985,-0.03500329,-0.025211075,0.010614218,-0.05363959,0.023238577,-0.05460801,0.028120171,-0.065310106,-0.04014873,0.03466911,0.10583682,-0.01128747,0.03474942,0.05610037,-0.017192254,-0.023167156,0.025048615,0.017923385,0.0483219,0.05749134,-0.066495426,-0.034035675,0.06885505,0.05836887,0.015891775,-0.002021812,0.04522518,-0.032929137,0.015467487,0.036583066,-0.03313992,-0.02028925,-0.06423553,-0.047240257,0.0932098,-0.055387903,-0.07712331,0.02771113,-0.061147466,0.015724786,0.009574773,0.04054456,-0.07797592,-0.0338001,0.050677117,0.041744467,0.059324563,-0.07831586,0.04055947,0.07963064,-0.07045678,0.01603752,-0.02670241,-0.011991213,0.048430286,0.0034970026,0.032757077,0.07050605,0.06810262,0.01136634,-0.04225904,0.04325075,-0.007948738,0.08591342,-0.018728847,-0.097206354,0.0142698465,-0.088301644,0.051887214,0.021373134,0.042265892,-0.008573409,0.017169937,0.031331725,0.06645383,0.0034373673,0.047273885,0.033838212,-0.027548796,-0.0713525,0.09535123,-0.020061811,-0.045176223,-0.01635461,0.029487869,-0.07971428,0.019290399,0.021504723,0.015974157,0.0458529,-0.052492414,0.046411637,-0.043471053,0.024231765,0.0020367354,-0.030310586,-0.055491626,0.01089553,-0.044361647,-0.036482375,-0.022283172,-0.027440447,-0.0788379,-0.021895513,-0.06675173,-0.020984273,0.010365549,0.057677202,-0.059640154,-0.03477445,0.008775318
1,0.58252317,-0.6569261,0.6001764,0.18778609,0.011734534,0.5869585,-0.326662,0.17105873,-0.35645348,-0.16273111,0.072846144,0.33544487,-0.16585457,-0.45409197,0.2612456,0.12911193,0.31671613,0.3525687,0.25479612,-0.37196273,0.36939228,0.084792815,-0.45637235,0.21309933,0.43364725,-0.24767134,0.3339656,-0.06506446,0.12907633,-0.16972797,0.12984957,-0.34611416,-0.2596032,0.2814907,-0.4598384,0.10523613,0.44930077,-0.31614763,0.11461223,0.13101144,-0.6486657,-0.03240361,-0.20779331,-0.022893671,-0.0048886575,0.16332228,-0.17448369,0.19075193,0.3730683,-0.32697386,-0.4105418,0.20755044,-0.26374158,-0.010864917,-0.40689343,-0.020089932,0.14584246,-0.104307756,-0.4261669,-0.43470412,0.043159712,0.2848008,0.07422275,0.46009475,0.12765954,-0.16237703,0.18366632,0.3042298,-0.15846995,0.039184928,0.02843152,0.43794706,-0.43913648,0.1927379,0.0064913183,-0.12733577,-0.36404914,0.3821517,0.060494512,0.2723992,-0.5663953,0.35002625,-0.16094893,0.35182503,0.519483,-0.23489036,0.28381664,0.12032586,-0.16600513,0.62013155,0.4147473,0.065647215,0.5229653,0.47768933,-0.21722193,-0.43640578,0.18938528,-0.26996937,-0.061592497,-0.13175136,0.25165874,0.3257699,-0.22649251,-0.1895715,-0.50928473,0.028721537,-0.11949813,0.92915505,-0.17176098,0.13978155,0.46342367,-0.27730864,-0.13767947,-0.104272306,0.08898883,0.102239095,-0.27134526,0.28837812,-0.7089563,-0.37958205,0.09374613,-0.121331796,0.008108772,-0.6346235,-0.46111956,0.2803219,0.08042083,0.056991696,-0.18965767,0.35261884,0.16546643,0.22935507,0.27492774,0.13730699,0.04657404,0.36068073,-0.11826766,-0.3374437,0.19394165,0.21806544,0.34871855,0.038929638,-0.6005461,0.1270872,0.2076178,0.3496326,-0.032878436,-0.35547268,0.14570871,0.0720476,0.23143701,-0.44446054,0.16237453,0.3971449,0.097531095,-0.26730725,-0.4651708,0.15424275,0.023405638,0.5684329,0.20535636,-0.296278,-0.32741338,-0.4117295,-0.54933465,0.27704325,-0.37555176,-0.023322914,-0.036813855,0.3723164,0.56266725,0.22636119,0.14469945,0.7095631,-0.059078947,0.35695335,-0.5069135,-0.027427323,0.28723398,-0.044019505,-0.0005356334,-0.026893638,0.074576735,0.102522016,0.38926777,-0.0014583152,-0.086760156,-0.20947641,0.21006277,-0.31592116,-0.4589524,-0.32940948,0.10768074,-0.09232807,-0.188871,0.085193336,-0.48509493,-0.33354828,-0.2436945,-0.24222657,0.49614605,-0.068014175,-0.31275597,-0.26618284,0.3903386,-0.16217694,-0.3993767,0.026436465,-0.016152926,0.018527864,0.31403795,-0.019669034,0.16847669,-0.5008672,-0.059273966,-0.05658658,0.08944459,-0.067075,-0.40837833,-0.40752554,0.3958227,-0.23653662,0.7141405,0.33777964,0.2626324,-0.08699797,0.3433523,0.07796243,0.28755397,-0.48937902,-0.05612068,0.043890014,-0.061425313,0.83949715,-0.48949793,0.09281704,0.03280651,0.1887175,-0.06176197,0.059556305,0.17581308,0.20750463,0.2489692,-0.23626003,-0.22814153,-0.25110248,-0.28858823,0.18216553,0.02747171,0.15522353,0.27935144,0.38287836,-0.47763455,-0.22725886,0.09505877,-0.7088691
1,0.85639626,-0.9461367,0.8421958,0.2777346,-0.01582596,0.8125563,-0.4683502,0.24185108,-0.52858037,-0.22767574,0.1082879,0.45877516,-0.25386953,-0.6461405,0.39465982,0.20907106,0.43997058,0.5285444,0.35660797,-0.5425278,0.53570986,0.13239887,-0.6500259,0.3246022,0.5986591,-0.36591858,0.47645596,-0.097027145,0.18840891,-0.23009722,0.21040983,-0.52741843,-0.3928638,0.411262,-0.6789963,0.17126349,0.6020985,-0.46343258,0.19161907,0.19706145,-0.89819837,-0.04114969,-0.31685483,-0.06574209,-0.020998847,0.26511163,-0.24848329,0.26467454,0.50333303,-0.4447212,-0.5917918,0.31345654,-0.40074766,-0.00031011924,-0.5302469,-0.034558445,0.22617735,-0.17058985,-0.62037206,-0.62130636,0.08974895,0.44201258,0.09223254,0.64228064,0.20689975,-0.25137776,0.2613168,0.45037672,-0.24058929,0.07954524,0.028412996,0.64099896,-0.6451688,0.2806533,0.012904555,-0.16441227,-0.5644975,0.52585393,0.118399404,0.40008408,-0.7843659,0.52827144,-0.21612465,0.50843143,0.7272779,-0.3234661,0.3952902,0.19479802,-0.27257925,0.9056216,0.6014393,0.09629744,0.73424613,0.6747411,-0.33299255,-0.61958885,0.28849575,-0.4177775,-0.08400805,-0.21962999,0.35489643,0.4389104,-0.3192147,-0.29598394,-0.6955691,0.05322392,-0.1971021,1.3052353,-0.2432367,0.18786119,0.67290205,-0.39194366,-0.19807409,-0.1801503,0.13601357,0.14919943,-0.41452712,0.409748,-0.9954483,-0.5414794,0.16057464,-0.20313583,0.05275669,-0.8645623,-0.64805317,0.38563308,0.084131025,0.07942746,-0.2501164,0.48869964,0.24722192,0.32706535,0.42292202,0.19865286,0.11054851,0.5229528,-0.18704435,-0.4772627,0.30342078,0.3349075,0.49895963,0.081194595,-0.8353982,0.18039045,0.30256128,0.5123174,-0.03832408,-0.50626427,0.22682491,0.08892565,0.34383655,-0.63699514,0.25707448,0.57414144,0.11976738,-0.42083296,-0.6477888,0.19891164,0.012365308,0.807901,0.2954757,-0.421908,-0.46763384,-0.5972221,-0.7972091,0.41516683,-0.51712173,-0.06290804,-0.07196337,0.5122096,0.7908404,0.29713038,0.21552235,0.99184763,-0.09662302,0.5151585,-0.705403,-0.015239399,0.42320135,-0.098532096,0.024656255,-0.009834934,0.09718643,0.16903478,0.5451216,-0.00027832948,-0.1362119,-0.26096627,0.3044634,-0.46434185,-0.6641193,-0.48876947,0.18421826,-0.14689615,-0.29381973,0.148789,-0.69362205,-0.45347682,-0.33960846,-0.35647425,0.6974548,-0.10748506,-0.4674501,-0.4026196,0.54462236,-0.21043849,-0.58193105,0.03519367,-0.055634886,0.031237854,0.4813882,-0.031086959,0.26633248,-0.7255614,-0.089669794,-0.09469115,0.12818147,-0.102946684,-0.58723783,-0.59924114,0.5591819,-0.34965566,0.99401957,0.4842945,0.39489672,-0.15909797,0.49161607,0.1266866,0.40947485,-0.7017087,-0.04746472,0.052788176,-0.09430595,1.1800249,-0.7063543,0.15453134,0.031373627,0.28248522,-0.09921658,0.085299894,0.25905767,0.3152784,0.34455445,-0.31426919,-0.30546337,-0.3406268,-0.3962025,0.28424838,0.048772354,0.2398073,0.39762786,0.5367928,-0.6961638,-0.29368037,0.14788583,-1.0018685
0,0.46369874,-0.5236151,0.49359816,0.14595537,0.020880077,0.47296447,-0.25810295,0.13388272,-0.28316844,-0.12809281,0.05726634,0.276605,-0.1261529,-0.38220444,0.20424736,0.101664856,0.2557083,0.27983084,0.21446289,-0.29529196,0.28938183,0.06310161,-0.37219846,0.16313402,0.3560894,-0.19943403,0.26785237,-0.0472546,0.1089479,-0.14288235,0.09270127,-0.27257717,-0.2023427,0.23001496,-0.3676613,0.07550697,0.37922883,-0.25494915,0.07781919,0.1019127,-0.5392373,-0.028981224,-0.16845389,-0.007682152,0.0038184077,0.11949925,-0.14716561,0.15774225,0.31205335,-0.27098596,-0.32829309,0.15347195,-0.20637655,-0.008943852,-0.33695233,-0.014580276,0.119008414,-0.07932302,-0.33794963,-0.35566443,0.020226303,0.21785858,0.06499973,0.37424806,0.09698163,-0.12980823,0.14693202,0.23602544,-0.10978373,0.028004035,0.028258977,0.34414127,-0.34974232,0.16148151,0.0041843355,-0.1118282,-0.28776488,0.31252894,0.034068488,0.21345164,-0.46587247,0.2680077,-0.13227662,0.28304383,0.42769846,-0.19687454,0.22765958,0.093660586,-0.12686107,0.49141738,0.32953995,0.048643354,0.42974156,0.38971826,-0.16398695,-0.3583239,0.15524016,-0.2106094,-0.04823997,-0.098832965,0.20383343,0.27368402,-0.18407358,-0.15277593,-0.4201894,0.013614524,-0.09426704,0.76359487,-0.14804699,0.11454496,0.37353423,-0.23058337,-0.10962686,-0.07159388,0.0651141,0.08750446,-0.21113065,0.2369498,-0.57965285,-0.31016892,0.06630016,-0.092156276,-0.0030659921,-0.52527165,-0.37888387,0.23443736,0.076641545,0.046442356,-0.16199842,0.28573698,0.1319702,0.18846734,0.2147385,0.10244495,0.023181811,0.28407037,-0.08553559,-0.27621648,0.15184978,0.16852713,0.28922406,0.015789334,-0.49837193,0.106698476,0.16190052,0.28464103,-0.030417716,-0.2971347,0.11288061,0.06218683,0.1826704,-0.36341417,0.12299054,0.32328033,0.08412546,-0.20779768,-0.37726617,0.13078555,0.02628937,0.46163258,0.16903993,-0.23726383,-0.2688988,-0.32688323,-0.44383326,0.20599999,-0.31753483,-0.0156210475,-0.02364877,0.30999085,0.46388197,0.18849877,0.11134777,0.5855653,-0.041798986,0.29010642,-0.41717762,-0.04055151,0.22877055,-0.020097613,-0.010917913,-0.03058324,0.07138802,0.069758296,0.32500434,0.00025192276,-0.052474916,-0.17788365,0.16829416,-0.2550139,-0.3646055,-0.25942552,0.08086245,-0.06424911,-0.14064547,0.05579923,-0.39340216,-0.27932146,-0.20198406,-0.18803099,0.40500656,-0.054604862,-0.2433254,-0.20745102,0.32231143,-0.13807252,-0.32011762,0.019189088,0.0011057481,0.013210053,0.24224532,-0.013104208,0.11871743,-0.40436623,-0.04724696,-0.03781841,0.0715972,-0.057156846,-0.33263633,-0.32386905,0.32320583,-0.18245146,0.59542024,0.27615452,0.20243025,-0.06384081,0.2762614,0.060516402,0.22552602,-0.4027553,-0.05868855,0.042550556,-0.051798932,0.69065714,-0.39051193,0.06667246,0.040394254,0.14342627,-0.04845603,0.04622405,0.13662806,0.16462596,0.20978391,-0.19776383,-0.18911783,-0.20514213,-0.24483053,0.12989745,0.015630256,0.11423291,0.22178924,0.3159534,-0.38041225,-0.19121234,0.07610642,-0.57830673
0,-0.118356794,0.0850962,-0.023241937,-0.064536065,0.092653885,-0.00023076497,0.05648701,-0.03434369,0.10452766,0.017809268,-0.020414826,0.01067142,0.06678526,0.051194575,-0.115016595,-0.07910597,-0.013331832,-0.09459652,-0.019957768,0.062436514,-0.07173691,-0.04438461,0.058559336,-0.09370406,0.017110597,0.044659093,-0.04826282,0.031806868,-0.02142585,-0.0048295557,-0.089637,0.11866529,0.076138176,-0.054232195,0.11383851,-0.08010673,0.06322316,0.07782911,-0.0967239,-0.037024632,-0.008575322,-0.025732722,0.0635078,0.08528805,0.032539263,-0.11715901,0.025342349,-0.010635901,0.053152736,-0.0069634803,0.055800214,-0.0904597,0.10743049,-0.035719756,-0.05822993,-0.00012096763,-0.06876295,0.06138123,0.09535125,0.022757184,-0.092161715,-0.12303005,0.0028364342,-0.0068320306,-0.07868916,0.086062066,-0.03521936,-0.096160024,0.08482093,-0.057630897,0.044989955,-0.09295501,0.095557526,-0.026827065,0.015487276,-0.023179382,0.13144074,-0.023745503,-0.11412146,-0.046561573,-0.00907558,-0.13253848,0.013068173,-0.049797602,0.009996954,-0.005563952,-0.016077299,-0.102143444,0.10513509,-0.10793671,-0.07592818,-0.02895124,-0.004837418,-0.03933309,0.082446486,0.022752516,-0.05608145,0.11981366,0.017796606,0.11681244,-0.016656721,0.040834844,0.028545389,0.080546215,-0.020598697,-0.05024876,0.086028725,-0.026799208,0.010460325,0.03375903,-0.062214464,0.016673714,0.032125823,0.10043661,-0.042912908,-0.031017369,0.105932,-0.0068787667,0.0132829,0.034037404,-0.08892528,0.0785573,-0.10742789,-0.038953025,0.029034682,-0.006646972,0.07907901,-0.017644878,-0.008733757,-0.0004295567,-0.053008895,-0.049814194,-0.11705893,-0.04044821,-0.13325927,-0.06012637,0.07895745,0.02919869,-0.09297213,-0.07613849,-0.032557253,-0.07044121,-0.020231549,-0.0022110464,-0.039741375,-0.041705973,-0.038405716,0.026520839,-0.07672876,-0.00995009,-0.08054775,0.052639678,-0.07433626,-0.05764751,0.02730548,0.11891666,0.003388999,0.022005118,0.05625566,-0.04003386,-0.04442311,0.043662973,0.043710537,0.062973134,0.093995966,-0.087996915,-0.030317415,0.065260544,0.075596586,-0.0036616102,-0.030345716,0.03177096,-0.058612734,-0.023328427,0.04069532,-0.057367876,0.00040918775,-0.0886057,-0.062370703,0.11228857,-0.06003829,-0.10037577,0.047343254,-0.085125916,0.00243414,0.020778084,0.0405174,-0.06329566,-0.06233989,0.064085335,0.06655226,0.079672694,-0.09100844,0.05415383,0.09862758,-0.07963938,0.03767685,-0.0016966239,-0.010047661,0.06906972,-0.010720313,0.040654935,0.10041107,0.09711063,-0.015929474,-0.028776946,0.06974169,-0.02385994,0.10465432,-0.041896567,-0.12714702,0.027253175,-0.11410691,0.07905261,0.03928327,0.054369412,-0.027277954,0.017744474,0.05236797,0.08391623,-0.011225948,0.068727605,0.013723481,-0.061505243,-0.09910679,0.12366609,-0.035232436,-0.052229833,-0.035412584,0.044571836,-0.092897415,0.007309351,0.025752205,-0.013888452,0.06384711,-0.07374291,0.049303062,-0.06818044,0.016023992,0.008389009,-0.044590563,-0.06055092,-0.011254452,-0.041918308,-0.027036116,-0.0010723341,-0.023653518,-0.10353783,-0.02850385,-0.0959744,-0.053294457,-0.001113577,0.07456002,-0.0447561,-0.054967556,0.026747627
1,0.9995721,-1.1040897,0.9690177,0.32377648,-0.027468842,0.9435586,-0.54600203,0.28346872,-0.61651397,-0.26745588,0.12593658,0.5273529,-0.3004405,-0.7359671,0.45994782,0.24526171,0.5091712,0.6168924,0.4054256,-0.63521874,0.62811065,0.15849036,-0.749399,0.38229954,0.6905319,-0.42635962,0.5536159,-0.11590962,0.21636926,-0.2619655,0.2529465,-0.61722684,-0.462824,0.47555438,-0.789885,0.20544909,0.68611705,-0.5370632,0.23286763,0.2330007,-1.0305964,-0.046771765,-0.3677846,-0.086308524,-0.031920608,0.31762794,-0.2829834,0.3039635,0.57729286,-0.50905085,-0.6886973,0.37254104,-0.46915108,0.00070842355,-0.60509986,-0.04306218,0.26171303,-0.20193796,-0.7234222,-0.7197463,0.11540851,0.52267003,0.100391895,0.74114203,0.24491201,-0.29059488,0.30200627,0.5282399,-0.29178053,0.09430103,0.028863955,0.74998415,-0.753274,0.3199983,0.018863156,-0.18210621,-0.6620976,0.6048136,0.14841112,0.47110677,-0.9022467,0.6232947,-0.24432582,0.5896029,0.8390864,-0.36994752,0.46014142,0.22699042,-0.32361466,1.0587282,0.7006187,0.11301258,0.8465515,0.7790834,-0.39641213,-0.7154733,0.3352525,-0.48949853,-0.09593271,-0.25997943,0.41227737,0.5005989,-0.3693754,-0.34419808,-0.79934007,0.068523735,-0.23083596,1.5050807,-0.27565044,0.21955164,0.78382,-0.4504622,-0.23199962,-0.21832609,0.16231751,0.16844486,-0.48758954,0.47339612,-1.1507763,-0.6249417,0.19283968,-0.24118112,0.067568965,-0.9917973,-0.7466757,0.4388658,0.08855119,0.08871387,-0.28078362,0.5651942,0.28826302,0.3740458,0.4948827,0.23499554,0.13910241,0.61224186,-0.2229231,-0.5515826,0.35582608,0.39494234,0.57245106,0.10646546,-0.96017754,0.20652133,0.35427415,0.5965273,-0.04259511,-0.57957214,0.26564145,0.09430804,0.4007533,-0.7364366,0.30541968,0.6632538,0.13371226,-0.49609843,-0.75076896,0.22411978,0.009775337,0.93614477,0.33883843,-0.48928484,-0.5384262,-0.69695777,-0.92357135,0.4958022,-0.5900603,-0.0767732,-0.087136164,0.5837222,0.90848297,0.33936536,0.2524874,1.1403391,-0.11652392,0.5953527,-0.81261694,-0.0058595985,0.49432886,-0.12576158,0.038649093,-0.0068262853,0.1057532,0.20532146,0.62474585,0.001364952,-0.17280298,-0.29450417,0.35164934,-0.53976303,-0.7765093,-0.5731369,0.21778037,-0.18025813,-0.34989038,0.18329325,-0.8058708,-0.5154569,-0.39127818,-0.4191235,0.8056697,-0.12598969,-0.54895157,-0.4732811,0.62473977,-0.23729578,-0.6778119,0.039190616,-0.07496735,0.037321955,0.5668725,-0.035584994,0.32211494,-0.8421312,-0.1026223,-0.116050385,0.14837135,-0.11833042,-0.6792903,-0.6997173,0.6473411,-0.4127074,1.1398494,0.55766606,0.46521258,-0.18679185,0.5729343,0.14978224,0.48097765,-0.80823696,-0.045320086,0.054064583,-0.10730147,1.3622552,-0.8238759,0.18483134,0.026074767,0.33501875,-0.11751759,0.10157614,0.30407554,0.3686298,0.3920719,-0.3593899,-0.3508458,-0.39103064,-0.4500811,0.34341317,0.062485922,0.2842878,0.46210542,0.6183585,-0.8114975,-0.33366787,0.17004858,-1.1596851
1,-0.093823984,0.058627367,-0.0017745346,-0.043830864,0.08367963,0.019734208,0.034302644,-0.014616155,0.078052,0.00708957,-0.013894689,0.030735841,0.054590374,0.01453517,-0.087758556,-0.0691372,0.006261071,-0.074150436,0.0034396593,0.04815466,-0.05234439,-0.032516792,0.032578178,-0.07411493,0.031983998,0.03890443,-0.025612332,0.019729514,-0.012438387,-0.019966818,-0.07119196,0.102036364,0.06495522,-0.04115551,0.08787772,-0.06888416,0.075239465,0.056208134,-0.081898555,-0.033540647,-0.032762866,-0.021318315,0.058817916,0.079129204,0.029108822,-0.09301382,0.007311523,0.008706712,0.06185818,-0.026047617,0.039571982,-0.06294955,0.07835287,-0.03477297,-0.0855363,0.007057159,-0.05496153,0.05685937,0.058731154,0.016057793,-0.08209741,-0.10612959,0.016232578,0.012046327,-0.06739116,0.06544173,-0.01590259,-0.06874443,0.060851738,-0.058394585,0.0335555,-0.0750945,0.06935525,-0.024411822,0.0024611615,-0.030392848,0.11626242,0.010743514,-0.09783379,-0.0404194,-0.024156483,-0.10240498,-0.008043084,-0.036310233,0.018644039,-0.014934521,0.0021289503,-0.078872725,0.09037699,-0.090965524,-0.05217471,-0.02162822,0.011945434,-0.014397522,0.07074665,0.0084046535,-0.042243574,0.098229736,0.0011041854,0.088241965,-0.007616861,0.048569568,0.009895084,0.07021778,-0.04585024,-0.040780075,0.06956782,0.006394389,-0.004124604,0.027144156,-0.047312893,0.0038903803,0.013521789,0.08389739,-0.03234482,-0.017942214,0.085051544,-0.0021353192,-0.0020584562,0.01486038,-0.074683055,0.0733681,-0.099142745,-0.06096693,0.005223315,0.016089182,0.07012492,-0.012584966,-0.034055043,0.013049243,-0.036269747,-0.019321691,-0.09381617,-0.0305439,-0.12023902,-0.041688897,0.06181187,0.0059743077,-0.07534413,-0.06747209,-0.022526216,-0.068006665,-0.03538829,0.0056992644,-0.033793706,-0.035490584,-0.027707256,0.013553243,-0.05830273,0.017806118,-0.058363132,0.03207448,-0.066906944,-0.04369911,0.033095073,0.10778844,-0.009737222,0.033048376,0.05692145,-0.020146802,-0.027080595,0.027838562,0.021642625,0.05062182,0.06380326,-0.06949585,-0.03418194,0.0691677,0.06144113,0.012457978,-0.0057892166,0.043119416,-0.036829762,0.009350564,0.037308592,-0.03665773,-0.01764801,-0.06815655,-0.04958819,0.09554692,-0.055874985,-0.08111797,0.03159593,-0.06470633,0.014121646,0.011596801,0.040139623,-0.076037765,-0.039157525,0.0527731,0.045695104,0.06270112,-0.08082673,0.042323492,0.08257946,-0.072212085,0.019128487,-0.022605576,-0.0120638,0.05206444,0.0015073288,0.034373283,0.07518828,0.07265814,0.007219187,-0.04017087,0.04703516,-0.010452874,0.08940433,-0.022276314,-0.10251814,0.017114224,-0.092638314,0.055804342,0.02435195,0.044537224,-0.011380609,0.017496245,0.03502313,0.06918171,0.00081718434,0.050451364,0.030435044,-0.03396044,-0.076223955,0.10082097,-0.022176554,-0.046533793,-0.018984234,0.031842366,-0.08202757,0.017350396,0.02242786,0.010913588,0.048445687,-0.055878233,0.046444416,-0.047472302,0.022829866,0.0033240188,-0.032415304,-0.056593046,0.0073391423,-0.04433448,-0.035439603,-0.018874135,-0.026700888,-0.082179084,-0.022883877,-0.07135734,-0.026540585,0.00936198,0.060587846,-0.057815038,-0.037892316,0.011382894
1,0.11219783,-0.14957078,0.18121022,0.03124903,0.056044854,0.17844087,-0.07540326,0.04213588,-0.06167379,-0.043379232,0.011314029,0.11809416,-0.012174137,-0.14016299,0.03344945,-4.6275556e-05,0.09645857,0.055530034,0.08623741,-0.074527144,0.073725045,0.0020431522,-0.123163015,0.019748151,0.142845,-0.047730587,0.084205866,-0.006003543,0.034297965,-0.066270635,-0.009265654,-0.039775744,-0.031392843,0.06360644,-0.086138815,-0.010873713,0.18204182,-0.06632552,-0.022047471,0.016174007,-0.21866411,-0.0186155,-0.028493848,0.04612805,0.023679327,-0.010825302,-0.054864958,0.06423265,0.14402857,-0.11892241,-0.09453358,0.017661512,-0.032864667,-0.020396652,-0.17651382,0.0046751797,0.017487498,0.006080322,-0.08889173,-0.114291705,-0.041391775,0.015987076,0.0418965,0.13910122,-0.003474515,-0.01716651,0.047558468,0.04850975,-0.0024084374,-0.023324206,0.026693663,0.08131027,-0.08629352,0.048981212,-0.0060683675,-0.064041436,-0.032955788,0.12728928,-0.040645514,0.047695935,-0.1835087,0.038547575,-0.061506495,0.081780665,0.15955769,-0.08268626,0.082586244,-0.00046582345,0.008533586,0.12102922,0.0893331,0.008104829,0.15897451,0.13612576,-0.014568016,-0.12331529,0.030239029,-0.022428125,-0.020414192,0.010198753,0.06956823,0.12770429,-0.0638572,-0.017859329,-0.17921759,-0.018403582,0.003000658,0.27958703,-0.05907525,0.050499517,0.10247383,-0.08405171,-0.033222396,0.024542527,0.0047777183,0.029236548,-0.028359003,0.080396526,-0.20826092,-0.1034382,-0.018564355,0.011122305,-0.05757727,-0.2262857,-0.1380063,0.1002073,0.07076661,0.016982961,-0.085641325,0.10918727,0.027843785,0.06673525,0.027413681,0.02094351,-0.05854369,0.07472548,0.003818769,-0.097642735,0.013375342,0.01788053,0.09647296,-0.04035177,-0.19604838,0.039742827,0.038355187,0.07667347,-0.021765226,-0.10513107,0.009692058,0.042726588,0.038589064,-0.11506892,0.0011418648,0.09494476,0.05453928,-0.010815486,-0.1390985,0.07227692,0.041820433,0.1523339,0.054618094,-0.07438936,-0.089717336,-0.08623865,-0.12659556,0.02655134,-0.13403392,0.034015752,0.021014433,0.12894733,0.16960648,0.09547052,0.021233121,0.22258465,0.006405294,0.08713165,-0.16048656,-0.055080757,0.053488523,0.049634997,-0.041737355,-0.050229028,0.04170154,-0.014951754,0.12595542,-0.0008396171,0.0151801035,-0.11086613,0.047902178,-0.063437775,-0.100642696,-0.054432034,-0.015960975,0.0061833225,-0.0051036626,-0.026159488,-0.12548709,-0.12433311,-0.07812926,-0.03876207,0.14486349,-0.0047972915,-0.044839304,-0.03324908,0.12524685,-0.0757508,-0.08697069,0.008867867,0.05185343,-0.0015095752,0.028831713,0.0011283604,-0.0091363005,-0.11578618,-0.008624682,0.011663707,0.022299029,-0.011533426,-0.10328842,-0.07621953,0.112595126,-0.035999447,0.23526739,0.08853089,0.0319929,0.026464041,0.084938325,-0.0017360433,0.066638,-0.12878315,-0.06902753,0.032450005,-0.009831086,0.25226215,-0.10961175,-0.009922221,0.043589126,0.023055846,0.0002599992,0.012702623,0.029534847,0.025712442,0.08751457,-0.096312135,-0.08910319,-0.08997802,-0.10644612,-0.003085576,-0.011196271,0.005626444,0.06884149,0.11860302,-0.09838082,-0.10531223,0.0096343625,-0.1983684
1,0.7207697,-0.8011594,0.7221737,0.23298423,-0.0029003508,0.6973518,-0.39710152,0.20589967,-0.44400203,-0.19424939,0.090701684,0.39660916,-0.21049094,-0.5542458,0.3300497,0.171499,0.37721163,0.44215333,0.30728048,-0.45732987,0.45217806,0.10851955,-0.5549912,0.2702627,0.5153331,-0.30772665,0.40545368,-0.080329925,0.16039039,-0.20030887,0.17021717,-0.4389243,-0.32611996,0.34830004,-0.5723468,0.13942033,0.5248853,-0.39180914,0.15315455,0.1641196,-0.77436495,-0.035859615,-0.2647504,-0.04493281,-0.012242202,0.2155073,-0.21335064,0.22785948,0.4371473,-0.38550505,-0.5013147,0.2597835,-0.33428204,-0.003998421,-0.46590614,-0.027107589,0.18873128,-0.13894431,-0.5238449,-0.52896947,0.06685719,0.36473545,0.08360167,0.55028445,0.16853134,-0.2091668,0.22264431,0.37759927,-0.19750568,0.060814086,0.02727979,0.5394137,-0.5437403,0.23851089,0.008896045,-0.14607958,-0.46722898,0.45431766,0.08991199,0.33542162,-0.6753286,0.43980968,-0.18850774,0.43108323,0.6233217,-0.27974978,0.337877,0.16061701,-0.22130546,0.7636213,0.5081009,0.08092207,0.6286671,0.57729363,-0.27510887,-0.52890396,0.24183835,-0.3457906,-0.0724275,-0.17799887,0.30305898,0.38194084,-0.27332988,-0.24574912,-0.601301,0.04000291,-0.16092104,1.1176412,-0.2099826,0.16274549,0.56909096,-0.33600456,-0.16799925,-0.14301108,0.112605445,0.1279584,-0.34490335,0.349874,-0.8521958,-0.4617319,0.12783757,-0.16400062,0.032328635,-0.74841195,-0.55592823,0.33405524,0.081413254,0.068872616,-0.22064912,0.41954643,0.20741281,0.27952313,0.3509053,0.16636729,0.08073118,0.4413872,-0.15314987,-0.40789983,0.25070995,0.27722245,0.42588136,0.059166256,-0.718428,0.1543122,0.25470424,0.43268117,-0.03563749,-0.43330657,0.18765596,0.08117425,0.2890342,-0.5427071,0.2106243,0.48750782,0.108397245,-0.34617054,-0.55522764,0.17631182,0.017536398,0.68839324,0.25231874,-0.3593329,-0.3994223,-0.5042932,-0.67493904,0.34450868,-0.4475039,-0.045663815,-0.055848554,0.4428558,0.6782174,0.26117298,0.1804353,0.8527395,-0.078004435,0.437342,-0.6061114,-0.02236794,0.356306,-0.071949735,0.012406964,-0.017109722,0.08670348,0.13548481,0.46841648,-0.001278,-0.10835343,-0.23335743,0.2589134,-0.39234132,-0.5614803,-0.40990615,0.1478061,-0.11890638,-0.24167743,0.11728108,-0.58968484,-0.3945576,-0.29166976,-0.29943407,0.5967317,-0.08834552,-0.39046365,-0.3353436,0.46810478,-0.18598807,-0.4915656,0.030671809,-0.036435068,0.025918258,0.39881703,-0.025471248,0.21732204,-0.6150012,-0.07537308,-0.07537136,0.10941185,-0.08657457,-0.49972963,-0.50449926,0.4771191,-0.29290786,0.856302,0.4129869,0.32971135,-0.12611249,0.4174962,0.103625745,0.34707803,-0.5974287,-0.050853886,0.0494476,-0.07871479,1.0105551,-0.5978349,0.12496972,0.03295833,0.23549074,-0.08052653,0.071669,0.21756124,0.26278043,0.29807374,-0.27454597,-0.2656201,-0.2955486,-0.34346393,0.23295873,0.03748854,0.19778937,0.33836377,0.46059868,-0.5869851,-0.2590971,0.1233723,-0.85597897
0,-0.08244278,0.05061564,0.005839143,-0.037424393,0.08044827,0.02603136,0.027787417,-0.009316497,0.070011854,0.002666276,-0.012120088,0.035884656,0.049946766,0.0038026534,-0.07739496,-0.06524025,0.011585074,-0.06856259,0.011040205,0.04412128,-0.045953795,-0.028162114,0.02336457,-0.06698438,0.03500652,0.03536822,-0.018724244,0.015713712,-0.010149479,-0.022736005,-0.06621492,0.09621244,0.060917243,-0.0350999,0.079738304,-0.06519783,0.07939654,0.04837816,-0.07935832,-0.031978324,-0.04197251,-0.020001458,0.057888195,0.0759387,0.030089429,-0.08641897,0.00028450415,0.01330499,0.06350893,-0.032795474,0.03375199,-0.05584411,0.07034344,-0.033750333,-0.092490695,0.009209728,-0.049722053,0.055591136,0.048985362,0.014774241,-0.07965203,-0.099978335,0.021555282,0.017901879,-0.06307209,0.058639348,-0.009643745,-0.059439715,0.054393623,-0.057876322,0.030425044,-0.06754911,0.06061724,-0.02178896,-0.0029122755,-0.033514533,0.11040476,0.022137342,-0.092311904,-0.039039385,-0.02911304,-0.09370173,-0.014938682,-0.03200998,0.021622624,-0.018304415,0.0062639266,-0.0709538,0.08600329,-0.08369704,-0.04349193,-0.018645784,0.016558899,-0.0060384874,0.066518724,0.0028151954,-0.039794594,0.089953996,-0.0022270167,0.08021921,-0.004838823,0.05019396,0.0041850563,0.066199854,-0.05291926,-0.038611595,0.06456577,0.017718896,-0.006922573,0.024290372,-0.04416868,6.33141e-05,0.009286027,0.08003192,-0.029304117,-0.014018906,0.078156635,-0.00097459136,-0.008101363,0.009820666,-0.06977314,0.072423205,-0.0960276,-0.067699574,-0.001941599,0.02162408,0.067710176,-0.01022714,-0.040976644,0.017056653,-0.030953111,-0.008973904,-0.085748695,-0.026605247,-0.114775755,-0.03642727,0.058360346,-0.000560157,-0.06964266,-0.064536564,-0.017233288,-0.06893645,-0.039975345,0.006167721,-0.030597042,-0.033288088,-0.02279237,0.0066921394,-0.052440606,0.025286576,-0.052050754,0.025093608,-0.06536403,-0.038647298,0.03650042,0.10334697,-0.013973125,0.036932364,0.055337854,-0.014335109,-0.020664476,0.021796368,0.015592378,0.04484478,0.052135564,-0.06406351,-0.034897316,0.06830738,0.057067953,0.01931468,0.0023143515,0.04610999,-0.030449586,0.019685142,0.036242723,-0.030020403,-0.023033284,-0.06303832,-0.04534983,0.09177534,-0.05454021,-0.0739906,0.026709892,-0.060431857,0.018207565,0.00828083,0.040651534,-0.079348184,-0.030875754,0.048148446,0.038946364,0.056921415,-0.07679502,0.040097684,0.07605963,-0.06992172,0.013874926,-0.030186586,-0.0129559785,0.045977846,0.0056128334,0.030738125,0.06762697,0.06542982,0.014613996,-0.041798357,0.04054085,-0.0058081783,0.08432546,-0.01680681,-0.092677616,0.013621101,-0.08610432,0.047729883,0.019759368,0.040668182,-0.007463429,0.016682897,0.028675914,0.06253187,0.005289004,0.04613716,0.037187226,-0.024510773,-0.0686577,0.092823416,-0.017905597,-0.043625403,-0.013625963,0.026983026,-0.07809903,0.019943371,0.020446632,0.019964147,0.04303291,-0.05209981,0.046202157,-0.042383,0.024833834,0.0022175778,-0.028274506,-0.053591497,0.012788048,-0.04522928,-0.037852056,-0.024942018,-0.028441552,-0.07712833,-0.021504942,-0.063468255,-0.017938763,0.012921766,0.05402735,-0.060876057,-0.033212144,0.0053648176
0,-0.11344974,0.08119723,-0.017243888,-0.060330793,0.08809957,0.001985047,0.050836824,-0.030111002,0.094018646,0.014294331,-0.018613782,0.013787299,0.06173145,0.03863443,-0.1053377,-0.07557193,-0.010522896,-0.08911812,-0.014356809,0.058234226,-0.06676124,-0.041450642,0.050875142,-0.08809522,0.019575719,0.04358369,-0.039074957,0.029222324,-0.016450837,-0.0070033297,-0.08584207,0.11266304,0.07153318,-0.047282495,0.10577294,-0.0772264,0.06523386,0.07071547,-0.09366268,-0.03628654,-0.013639124,-0.023028087,0.061502557,0.0808077,0.03355174,-0.10954739,0.019842975,-0.0071162656,0.053557366,-0.010522351,0.053918324,-0.084975004,0.09921524,-0.03485418,-0.060106874,0.0018100776,-0.060453333,0.060505528,0.0881004,0.021468377,-0.08928178,-0.118204996,0.008027401,-0.004483533,-0.07412161,0.078317925,-0.028141644,-0.08966449,0.07992661,-0.05446052,0.042162206,-0.08946437,0.0903334,-0.023029884,0.011687705,-0.026153482,0.12704627,-0.015674233,-0.107628524,-0.04642546,-0.011852043,-0.12481265,0.008729778,-0.049341206,0.010553639,-0.009345967,-0.014791352,-0.09283147,0.09849669,-0.1037922,-0.06845245,-0.026527308,-0.003901463,-0.033615936,0.079934664,0.019654762,-0.049146816,0.11338029,0.014898508,0.110808134,-0.014615286,0.04264232,0.02429934,0.07710558,-0.026914535,-0.049811877,0.0787051,-0.018875968,0.0065714717,0.030914623,-0.05923742,0.013557145,0.02762416,0.0970436,-0.04112877,-0.027535262,0.100266084,-0.0058525032,0.011265165,0.029656257,-0.08613815,0.076476656,-0.10350984,-0.044656448,0.023843609,-0.0018228851,0.07804562,-0.015608799,-0.015539221,-0.00031059003,-0.046503972,-0.041127965,-0.10922395,-0.035200045,-0.12796128,-0.05660458,0.07408808,0.021862792,-0.08856838,-0.07411116,-0.030703288,-0.071040265,-0.021721354,-0.00042117387,-0.039886214,-0.0407353,-0.036779158,0.021067204,-0.07140175,-0.002711732,-0.07579215,0.045930345,-0.07215542,-0.05304654,0.029087799,0.11389039,0.0016895905,0.02602591,0.055193447,-0.036193307,-0.037389956,0.04074814,0.037781104,0.062120505,0.085419,-0.083704494,-0.034305412,0.06467156,0.06983565,0.00040882453,-0.022568904,0.034378123,-0.0541358,-0.014944453,0.042060018,-0.051847942,-0.0035010353,-0.08523818,-0.057361707,0.10791771,-0.059446596,-0.09216821,0.04417353,-0.08140157,0.0049357377,0.016834995,0.041530475,-0.06461243,-0.055323455,0.060387667,0.0658613,0.0767301,-0.08630466,0.050129052,0.09474885,-0.07756498,0.03472082,-0.006534841,-0.010605279,0.06391111,-0.011669127,0.036960363,0.092930675,0.08929571,-0.0105933035,-0.02872324,0.065722615,-0.020925816,0.09771852,-0.03383419,-0.11921695,0.02361,-0.107851,0.07346465,0.034990326,0.050834082,-0.023449415,0.017198157,0.046871215,0.08003439,-0.008761009,0.064561516,0.016262844,-0.05267108,-0.09310408,0.11475727,-0.03287271,-0.048761494,-0.03091281,0.040956475,-0.08776191,0.011726536,0.023266492,-0.007948993,0.060910802,-0.070258975,0.049615026,-0.06379249,0.018752024,0.0066690072,-0.043019317,-0.058912493,-0.0051323064,-0.03950535,-0.0271156,-0.0037248898,-0.024691008,-0.09862827,-0.027733665,-0.08971405,-0.045542516,0.0010262772,0.071729556,-0.045385838,-0.047273528,0.023078073
0,0.16224506,-0.20361096,0.22853494,0.045966104,0.047285106,0.21725672,-0.09990527,0.05019363,-0.0988847,-0.055038624,0.019097956,0.13878132,-0.027485728,-0.18133475,0.059672914,0.02020277,0.1158314,0.092886664,0.105881765,-0.109899014,0.10104871,0.0069862623,-0.16097592,0.038188953,0.17117345,-0.07052785,0.11035344,-0.00891086,0.05006711,-0.07842656,0.0022856444,-0.08296459,-0.05870395,0.09258353,-0.13296814,-0.0011188909,0.21465334,-0.0958886,-0.010459617,0.029109214,-0.2685903,-0.020973034,-0.058641937,0.033894815,0.024251118,0.0077423602,-0.06822595,0.0745575,0.16748416,-0.14024982,-0.126952,0.031695984,-0.05472014,-0.016083226,-0.19152927,-0.00058867596,0.04064005,-0.009166967,-0.121047795,-0.15598708,-0.033642605,0.046731777,0.042841054,0.17052442,0.01607297,-0.037952363,0.06190275,0.06950201,-0.010715835,-0.008681103,0.028929774,0.11911851,-0.124079615,0.069141686,-0.0022633001,-0.07491235,-0.07890407,0.14641051,-0.028484665,0.073092386,-0.2247482,0.07197364,-0.06943699,0.115298025,0.201723,-0.10009521,0.10262476,0.01453582,-0.01775404,0.1778129,0.12125866,0.013001557,0.19983102,0.17343922,-0.03533707,-0.16200276,0.051913954,-0.05528301,-0.020862006,-0.008901339,0.088530235,0.14982325,-0.08120089,-0.048975583,-0.21179876,-0.016250644,-0.01403119,0.3576272,-0.07097395,0.061981913,0.14623748,-0.108312756,-0.043575626,0.012726899,0.008685466,0.039440274,-0.054821275,0.10592148,-0.2641447,-0.13673213,-0.0039288104,-0.009202521,-0.04267431,-0.2679316,-0.17263545,0.12009145,0.07132484,0.018826708,-0.09239045,0.13187045,0.04519349,0.082708135,0.055922598,0.031207828,-0.044575702,0.10059582,-0.0072882585,-0.12434371,0.035788275,0.04416381,0.13375172,-0.035161674,-0.2451653,0.051740915,0.055465102,0.1142708,-0.02477499,-0.13810988,0.025306642,0.03854113,0.061915558,-0.15613066,0.021015875,0.13328317,0.055467255,-0.046992376,-0.17437954,0.07809271,0.037097413,0.2021129,0.07181439,-0.09483367,-0.116832905,-0.12144366,-0.17732915,0.044362683,-0.1679348,0.01912849,0.010847768,0.1578112,0.21567363,0.10122931,0.03148642,0.27509347,0.0019526184,0.122438945,-0.20031103,-0.06451464,0.07847044,0.040129855,-0.041078173,-0.043943048,0.053525217,-0.0067630447,0.15895289,0.0045863856,0.01133639,-0.11490888,0.06209009,-0.09457992,-0.13338397,-0.08318583,0.0014690198,-0.0017165095,-0.024336793,-0.013810687,-0.16638994,-0.14696908,-0.10138373,-0.058531813,0.18556523,-0.013773655,-0.07273409,-0.06153035,0.15492927,-0.08186003,-0.1216407,0.006497709,0.046707265,-0.0073312577,0.061105527,-0.00087440776,0.004270319,-0.16207886,-0.014023764,0.005445,0.02533397,-0.024636202,-0.13861555,-0.11278993,0.14138728,-0.055636786,0.29171833,0.1158001,0.05399629,0.010022442,0.11283315,0.0073084105,0.08633398,-0.18187505,-0.0689006,0.032573346,-0.024944104,0.31898588,-0.15056603,-0.003498014,0.049103856,0.035803787,-0.012917448,0.016980732,0.043020584,0.051443625,0.10902516,-0.10509573,-0.101405814,-0.10010181,-0.12862651,0.01178389,-0.009749655,0.017804433,0.08950733,0.15012181,-0.14433913,-0.11629419,0.021989169,-0.25776434
0,-0.093751416,0.059997313,0.0018700697,-0.047744,0.08076924,0.01849129,0.035432372,-0.022245312,0.07217128,0.0051446883,-0.015381219,0.02532693,0.054195795,0.014662515,-0.08509326,-0.0659889,0.00028768554,-0.072440214,0.0001931563,0.044978973,-0.05308669,-0.04013953,0.029788036,-0.07613296,0.028108593,0.036121108,-0.025382366,0.024316791,-0.0073318207,-0.016720414,-0.076198116,0.09204855,0.06247789,-0.035468176,0.08151752,-0.06936685,0.07826248,0.052029546,-0.08751911,-0.030949082,-0.03588143,-0.02087234,0.049184684,0.07430842,0.03338189,-0.096187666,0.010005724,0.00146343,0.059225757,-0.0245335,0.041228227,-0.07267193,0.0825886,-0.031007107,-0.07491073,0.004646806,-0.046658676,0.056730974,0.067212194,0.012067161,-0.082530305,-0.1038636,0.013388835,0.0065253796,-0.06263938,0.06332929,-0.017589323,-0.07655415,0.069483116,-0.050008558,0.037848197,-0.07182215,0.072420634,-0.016515328,0.0048828796,-0.034220465,0.10864305,0.0014391132,-0.094566904,-0.03946431,-0.027193412,-0.10316106,-0.0021382794,-0.035348,0.021476226,-0.018096961,-0.00088490546,-0.076636784,0.085427776,-0.08456834,-0.05238334,-0.021446204,0.01050378,-0.0152915865,0.07083913,0.0044243233,-0.040811233,0.09481881,0.0086293435,0.0922483,-0.0052207215,0.04962999,0.012201482,0.06219185,-0.042464945,-0.04542077,0.06679405,0.0134990895,0.00030863285,0.031495955,-0.043647863,-0.00010777637,0.016587049,0.087185964,-0.037097163,-0.017808188,0.08513306,0.00033860188,-0.0061215307,0.013791194,-0.076264925,0.06895031,-0.09457773,-0.05968358,0.0064359484,0.012522474,0.07447887,-0.011779744,-0.025852794,0.007775062,-0.036232933,-0.024095058,-0.093606114,-0.029317455,-0.11773796,-0.046702735,0.06653013,0.0075343605,-0.07613549,-0.06381691,-0.014107003,-0.06971426,-0.03655083,0.004806231,-0.033727333,-0.029119454,-0.03145217,0.0060780887,-0.059963223,0.004355833,-0.05793229,0.02880909,-0.06403503,-0.036963288,0.03247961,0.100456126,-0.011493345,0.032412626,0.05400077,-0.016937815,-0.023681618,0.028382706,0.02293542,0.051375903,0.060626782,-0.07648611,-0.0426724,0.059857138,0.05762721,0.016192034,-0.0038326085,0.037542205,-0.04294259,0.010029502,0.03935474,-0.03278318,-0.017267853,-0.08133989,-0.04945922,0.10008932,-0.059904404,-0.08024603,0.040341318,-0.07215277,0.016672201,0.015315352,0.044285186,-0.06899205,-0.039916653,0.04703273,0.052702032,0.06488021,-0.07864424,0.04654583,0.08320101,-0.07210656,0.019692276,-0.021998357,-0.019200426,0.05326903,0.0011724662,0.029792083,0.07597853,0.07245348,0.008005566,-0.033893436,0.04918444,-0.013374753,0.091391586,-0.031129645,-0.101791315,0.018583072,-0.095425025,0.052970417,0.027248476,0.04337056,-0.016273806,0.011968797,0.030946478,0.066941336,-0.0023205783,0.0524574,0.034642227,-0.0347282,-0.078220055,0.10054289,-0.020758089,-0.04354352,-0.022252241,0.019572956,-0.084134534,0.016630523,0.014847782,0.013970288,0.046303853,-0.06284323,0.049039803,-0.053350702,0.0173485,0.0037107188,-0.03621161,-0.048679434,0.010507647,-0.039398044,-0.033187956,-0.013215958,-0.029598506,-0.0875832,-0.026117615,-0.07513958,-0.029189102,0.012253951,0.05464591,-0.054396175,-0.03986348,0.005698081
0,-0.12222637,0.08590959,-0.025611866,-0.064444385,0.09474351,-0.0011635013,0.05685657,-0.034520976,0.105943345,0.018069994,-0.021312397,0.010191068,0.06814569,0.05435851,-0.119276695,-0.080805145,-0.013712237,-0.095444456,-0.022407474,0.06271614,-0.07283321,-0.04511719,0.060515605,-0.09676528,0.018106077,0.04659883,-0.050573833,0.031971566,-0.02220095,-0.005288668,-0.0909079,0.12003152,0.07650524,-0.05578149,0.11617818,-0.08140083,0.06330027,0.08029266,-0.09754947,-0.03755046,-0.0066432394,-0.025751386,0.06295267,0.08625175,0.03201969,-0.11798175,0.028278563,-0.010945536,0.054361694,-0.0054131784,0.05652389,-0.09196485,0.10895174,-0.03625618,-0.058815606,-0.00017656386,-0.07056448,0.06266896,0.09724583,0.021981113,-0.092699155,-0.124775216,-0.00044847652,-0.007904242,-0.08002003,0.089220665,-0.036432397,-0.100129664,0.084468484,-0.057172723,0.046412285,-0.094775446,0.097046584,-0.02884567,0.017375305,-0.022644144,0.13323429,-0.028004553,-0.11544773,-0.0458979,-0.008464457,-0.13413523,0.014551196,-0.051067825,0.010076761,-0.0044051893,-0.015721764,-0.105245255,0.106166445,-0.10887885,-0.07765095,-0.030803053,-0.003907213,-0.04284767,0.081910335,0.023797402,-0.057010956,0.12160631,0.018641498,0.11865392,-0.017658362,0.04206127,0.029069005,0.08114848,-0.01967529,-0.05011582,0.08760506,-0.028764967,0.00941569,0.036248233,-0.061992526,0.016937768,0.031171525,0.099054694,-0.042534642,-0.032218486,0.10872437,-0.006871642,0.01335574,0.03410442,-0.090222314,0.07772489,-0.109898895,-0.03848064,0.030580282,-0.0064985715,0.08011201,-0.019008141,-0.006038256,0.00012285821,-0.055952184,-0.053112403,-0.11939143,-0.042412233,-0.13505602,-0.0611431,0.08032996,0.031769067,-0.09512231,-0.07773925,-0.03374782,-0.069063075,-0.02084319,-0.0016513001,-0.039197113,-0.041823957,-0.03989059,0.029371234,-0.07880983,-0.01133823,-0.08183141,0.05451152,-0.07512813,-0.05918464,0.026708387,0.11996219,0.004034454,0.02003443,0.057553947,-0.03833828,-0.04793714,0.045864128,0.045025155,0.06353481,0.09781507,-0.088970006,-0.030527994,0.06565501,0.07725064,-0.005858097,-0.03172054,0.030649565,-0.05934659,-0.026327688,0.0401368,-0.058390327,0.0011150595,-0.08932792,-0.063576795,0.11289556,-0.060730066,-0.10238654,0.04881896,-0.085773684,0.0024653869,0.023137031,0.039412428,-0.06329203,-0.06517758,0.06423429,0.06730689,0.080660544,-0.092061594,0.054338515,0.09986967,-0.08058168,0.038743593,0.0009587668,-0.01062296,0.07060515,-0.011005798,0.042349704,0.102898076,0.09809139,-0.0173453,-0.029019048,0.06890862,-0.025172066,0.106303155,-0.045210257,-0.13057709,0.029101966,-0.1153826,0.08038058,0.040891435,0.05588652,-0.028606072,0.017760336,0.054487064,0.08660516,-0.012321543,0.06835633,0.011421796,-0.066255145,-0.10131547,0.1279104,-0.036249567,-0.053407356,-0.036516756,0.045931526,-0.09484942,0.0057624876,0.02661725,-0.016404152,0.06548332,-0.073912024,0.04932422,-0.068301395,0.014913749,0.008981824,-0.044941485,-0.061954107,-0.013112862,-0.042207967,-0.026450936,0.00013274513,-0.024188386,-0.10333703,-0.02922875,-0.09822365,-0.05579543,-0.0019600124,0.077256285,-0.04653909,-0.057114054,0.027423523
1,0.72111404,-0.8043701,0.722413,0.23199923,-0.0013516061,0.7038378,-0.39867947,0.2074998,-0.44306123,-0.19601819,0.09029553,0.39833447,-0.21037199,-0.5485327,0.3263504,0.16877915,0.3797845,0.43995368,0.3048129,-0.45855832,0.45503688,0.109348305,-0.55331403,0.26923463,0.51885194,-0.30722177,0.4060636,-0.0806943,0.15829816,-0.19980045,0.17061819,-0.43626797,-0.32664716,0.34590137,-0.56958836,0.13897263,0.5265718,-0.39013556,0.15372223,0.16504826,-0.7753663,-0.03742048,-0.26169565,-0.044146102,-0.014101822,0.21472636,-0.21095192,0.22826123,0.44089958,-0.38697326,-0.5025211,0.26150772,-0.3332057,-0.006328102,-0.469834,-0.028061591,0.18451151,-0.13711534,-0.5243709,-0.52979296,0.0669913,0.36407432,0.08243786,0.5522177,0.16648996,-0.20537803,0.22215785,0.37834778,-0.20118591,0.0577846,0.027947763,0.5405792,-0.5437021,0.23587252,0.011147335,-0.14532939,-0.46443835,0.45554397,0.08938307,0.33833784,-0.67737496,0.44032413,-0.18749887,0.4299391,0.62523746,-0.27999112,0.3412246,0.15655287,-0.2188406,0.76525384,0.5084459,0.08074492,0.6300033,0.5777626,-0.27615333,-0.52923894,0.23933612,-0.34294498,-0.07243366,-0.1744967,0.30510306,0.38367504,-0.27359512,-0.24159947,-0.6042424,0.041194472,-0.15747291,1.1194624,-0.20779268,0.16575722,0.57051957,-0.33485356,-0.16903302,-0.14210889,0.11314135,0.124141,-0.3432081,0.34992453,-0.85485625,-0.460523,0.12653351,-0.16106029,0.02784872,-0.7521064,-0.55587804,0.33268756,0.08335911,0.06768958,-0.2198367,0.42197296,0.20649123,0.2769795,0.34828472,0.16858672,0.07805385,0.44388613,-0.15267834,-0.4084929,0.24844804,0.2772785,0.42296293,0.060969237,-0.7197416,0.15361089,0.25571907,0.4322426,-0.036896847,-0.43041894,0.18583721,0.078527205,0.28700125,-0.54181653,0.21005264,0.4860041,0.109872624,-0.3436258,-0.5587241,0.17626947,0.019214418,0.68974024,0.2499783,-0.36021197,-0.39776397,-0.5057547,-0.67318285,0.34880656,-0.44679007,-0.04221907,-0.053275697,0.4409859,0.676777,0.26383087,0.1797144,0.8530541,-0.0784442,0.43548965,-0.6071811,-0.021491755,0.3565163,-0.07066275,0.013449807,-0.020938419,0.08550107,0.13580403,0.46733984,-0.00069109164,-0.11378122,-0.23664603,0.25720337,-0.39047208,-0.5639074,-0.41056976,0.14456403,-0.12146784,-0.24223927,0.11800587,-0.5914598,-0.39333507,-0.2927589,-0.30032042,0.59796286,-0.08822975,-0.3904871,-0.33486712,0.46697313,-0.18743888,-0.49167144,0.030005485,-0.0356811,0.025919834,0.3974965,-0.02408097,0.21895002,-0.61401194,-0.07344499,-0.07571175,0.1090474,-0.084714346,-0.49925432,-0.5044783,0.47982436,-0.29460847,0.85620886,0.4115083,0.3302372,-0.12072907,0.41941565,0.10273208,0.35082176,-0.5946636,-0.05252517,0.047553048,-0.07669775,1.0134879,-0.60000783,0.12383503,0.031187318,0.23713097,-0.080056995,0.073553026,0.2174811,0.2609489,0.29611957,-0.27716303,-0.2684134,-0.2966207,-0.3426434,0.23526594,0.039078224,0.19683734,0.33899906,0.46108142,-0.58750415,-0.26157138,0.120012075,-0.8581625
0,-0.11805326,0.08461425,-0.02198442,-0.06288813,0.09181541,-0.0005303733,0.055749595,-0.033330232,0.10177697,0.017857533,-0.020500228,0.011213692,0.066182874,0.04825035,-0.11274805,-0.07829956,-0.012436936,-0.09376624,-0.01795336,0.06197046,-0.07131841,-0.043596316,0.056710683,-0.09304489,0.017028054,0.0447345,-0.047847223,0.031023212,-0.020808607,-0.00585559,-0.08842556,0.117467605,0.07582756,-0.052984603,0.11236349,-0.07877399,0.062293768,0.07593222,-0.09563282,-0.036944553,-0.008631686,-0.024812646,0.062419932,0.0847401,0.033032194,-0.115192324,0.024341788,-0.008897424,0.05235252,-0.008012183,0.054623693,-0.08894169,0.10457823,-0.03549566,-0.05806217,0.0006347969,-0.06725098,0.061121035,0.093254834,0.022101697,-0.09059839,-0.12205605,0.0038473494,-0.0073373104,-0.07807945,0.08432804,-0.03368384,-0.09546949,0.08389594,-0.056842543,0.043971773,-0.09283751,0.09429662,-0.025802707,0.014789244,-0.02399078,0.12974748,-0.0217277,-0.11281842,-0.04659472,-0.008724618,-0.13085912,0.01161938,-0.050453246,0.009599002,-0.006449092,-0.015740916,-0.09917653,0.10341294,-0.10736693,-0.0741257,-0.029136524,-0.004297944,-0.03815549,0.0819719,0.022397187,-0.053787827,0.11797262,0.016596273,0.114480525,-0.016652515,0.04117189,0.027069116,0.07981986,-0.021217164,-0.050133638,0.08387343,-0.026463218,0.008847304,0.032275755,-0.06099283,0.015917882,0.03077325,0.09838929,-0.04209896,-0.030262576,0.10492273,-0.0065872283,0.013834712,0.033003926,-0.088358045,0.078227475,-0.10658455,-0.039014697,0.027849194,-0.0051036216,0.07870581,-0.01682293,-0.010669854,-0.00019494118,-0.05206349,-0.047913514,-0.11562547,-0.040174328,-0.13161054,-0.05943398,0.07756685,0.027799128,-0.091777384,-0.07496088,-0.032142397,-0.07039976,-0.020833237,-0.0014140457,-0.03930422,-0.041826725,-0.038216844,0.025621688,-0.075391665,-0.007822178,-0.079592526,0.05090065,-0.07387685,-0.05543053,0.027873779,0.11814673,0.0040940363,0.021885497,0.055352382,-0.039018624,-0.042824596,0.042754777,0.042591788,0.06228012,0.09230694,-0.087343335,-0.03062778,0.0647725,0.07498493,-0.0032069162,-0.029321812,0.032120794,-0.05752873,-0.021783669,0.040435717,-0.056071945,0.0006568525,-0.08747588,-0.061651357,0.111323945,-0.05998879,-0.09855457,0.046303943,-0.08389825,0.0032650996,0.020049514,0.041321374,-0.06326666,-0.06012127,0.063356355,0.0663843,0.07882038,-0.08950423,0.05351097,0.097331196,-0.078584924,0.03742453,-0.0026949532,-0.009588404,0.067947984,-0.01130097,0.039830778,0.09885438,0.09572552,-0.014920172,-0.029234214,0.068408504,-0.023077436,0.10318302,-0.040492743,-0.1259053,0.026740089,-0.11271405,0.07787341,0.038175866,0.054154836,-0.025860794,0.017492998,0.050982006,0.08389665,-0.0111276,0.06748439,0.013952605,-0.0596305,-0.097590074,0.12055632,-0.034825686,-0.051588908,-0.035029747,0.04376839,-0.092136286,0.008248955,0.02548891,-0.013158914,0.06354902,-0.071836784,0.049424812,-0.06657006,0.016353233,0.0071608443,-0.044108734,-0.060164325,-0.009737618,-0.041574955,-0.026389154,-0.0016932003,-0.024367431,-0.102279015,-0.029026862,-0.0941913,-0.05165998,-0.0018441484,0.07417959,-0.044827167,-0.05315088,0.02659057
1,0.83459073,-0.926597,0.82335895,0.26972365,-0.0128722675,0.800717,-0.45862582,0.2381775,-0.5143525,-0.22595766,0.105214216,0.4507829,-0.24753682,-0.6261308,0.3816135,0.19979714,0.4319553,0.51353776,0.34541097,-0.53144056,0.5248685,0.12844229,-0.6341258,0.31490138,0.58829784,-0.3567076,0.46676055,-0.09529205,0.1831914,-0.22568275,0.20278405,-0.5118025,-0.38280767,0.39945534,-0.6608608,0.16523634,0.5929927,-0.45013008,0.18497714,0.19253674,-0.87954193,-0.040550858,-0.30587128,-0.062036384,-0.020077232,0.25632963,-0.24048287,0.2583632,0.4954131,-0.43647054,-0.57821685,0.30614418,-0.3871852,-0.003323853,-0.52534795,-0.0342746,0.21811533,-0.16424242,-0.6054744,-0.6076763,0.08670257,0.42877015,0.089860186,0.6298141,0.19925547,-0.24051367,0.25502613,0.43832043,-0.23714057,0.0743992,0.029528312,0.6268936,-0.6294259,0.2710322,0.013762072,-0.1606967,-0.54612035,0.5152153,0.11374294,0.39169705,-0.7696416,0.5154074,-0.21106255,0.4964781,0.712962,-0.31718114,0.3898682,0.18534702,-0.2628274,0.8852643,0.587115,0.09449929,0.7183544,0.6592944,-0.325624,-0.60583353,0.27885455,-0.40345815,-0.08160838,-0.20925836,0.34820184,0.4312744,-0.31273383,-0.28588638,-0.6838147,0.05155487,-0.18785825,1.2777579,-0.23439881,0.18861988,0.65758735,-0.38260138,-0.19413379,-0.17323878,0.13279822,0.14349337,-0.40191147,0.40047002,-0.97615355,-0.52883863,0.15384138,-0.19564705,0.04510931,-0.84992105,-0.6333946,0.37584612,0.08454626,0.075409584,-0.24399099,0.4795241,0.239966,0.31582952,0.40781873,0.195401,0.10319327,0.5114398,-0.18076402,-0.4666126,0.29196924,0.32547355,0.4855124,0.079085246,-0.8184398,0.17555681,0.29614848,0.50002843,-0.039066993,-0.49165645,0.21838713,0.08483227,0.33400926,-0.6218264,0.24941069,0.5585734,0.11885205,-0.40729177,-0.6370529,0.1962012,0.014890578,0.7909598,0.28635898,-0.41239518,-0.4554121,-0.583784,-0.7763884,0.4071072,-0.507237,-0.057587977,-0.06797033,0.5007065,0.7729764,0.2930459,0.20929815,0.9695349,-0.09346907,0.50228673,-0.6914142,-0.01652079,0.41181394,-0.0933149,0.022540722,-0.013882391,0.094762206,0.16422233,0.5322045,0.0012950432,-0.13698679,-0.25925198,0.29511803,-0.4520516,-0.64937824,-0.47618324,0.17468627,-0.14383359,-0.28588626,0.14406754,-0.6788895,-0.44352373,-0.3339193,-0.34882018,0.6827827,-0.10295883,-0.4546615,-0.39207655,0.5331706,-0.20728204,-0.56741154,0.03402506,-0.051049717,0.027905261,0.46673852,-0.02952487,0.26039827,-0.70795965,-0.085231245,-0.09248846,0.12508266,-0.09927512,-0.57272696,-0.5840063,0.54669565,-0.3420123,0.97208875,0.4699711,0.3842166,-0.14776249,0.4817919,0.12171978,0.40351564,-0.6846701,-0.04919178,0.050296724,-0.09154357,1.1554728,-0.69141847,0.14806849,0.030099496,0.2762668,-0.09646529,0.085011765,0.25307134,0.30664808,0.3363575,-0.3096143,-0.30168352,-0.3343789,-0.38696754,0.27821976,0.047906388,0.23248439,0.38886344,0.5263146,-0.6802184,-0.29108575,0.14059466,-0.9820547
1,0.8111633,-0.90382576,0.80243677,0.2628762,-0.009552669,0.7845159,-0.44813183,0.23373355,-0.4987772,-0.22162487,0.10240097,0.44154626,-0.24009426,-0.60727876,0.37028253,0.19172646,0.4235843,0.4975832,0.33722377,-0.51688683,0.5118077,0.12553617,-0.61719555,0.30570543,0.5753064,-0.34550187,0.45554143,-0.09438359,0.17666788,-0.22065708,0.19756697,-0.49438488,-0.3714102,0.3876797,-0.64024854,0.15949333,0.58078045,-0.43640694,0.17972136,0.18691063,-0.8588005,-0.040204853,-0.2946386,-0.057776194,-0.019513834,0.24785122,-0.23327307,0.2528974,0.48590896,-0.4276626,-0.5636265,0.29902738,-0.37519485,-0.0055295415,-0.5188321,-0.03252817,0.2085178,-0.1572191,-0.5900943,-0.5906079,0.08259153,0.41499567,0.088911206,0.6158465,0.1918963,-0.23188332,0.24923363,0.4274722,-0.23383996,0.06902877,0.029536722,0.61001265,-0.6112385,0.2608867,0.012866735,-0.15735391,-0.52608585,0.50469035,0.1086744,0.3818428,-0.7515868,0.50043875,-0.20786211,0.48314992,0.69554067,-0.30850112,0.38174474,0.17743595,-0.25176153,0.86173147,0.5727577,0.092255026,0.70139104,0.6431762,-0.31637657,-0.58942014,0.26698238,-0.3903217,-0.08083207,-0.20164584,0.33973166,0.4222917,-0.30554572,-0.2734665,-0.67034596,0.051318508,-0.17911538,1.2464411,-0.22727539,0.1843028,0.6388326,-0.37216756,-0.18943514,-0.16693868,0.12936199,0.1380137,-0.38960278,0.38983732,-0.9522199,-0.5145268,0.14817172,-0.18654944,0.040200487,-0.8326005,-0.6181785,0.36753595,0.084537655,0.07373815,-0.23978548,0.47116634,0.23269513,0.3089385,0.39535636,0.19213417,0.09641591,0.49888304,-0.17596442,-0.45480397,0.28150076,0.31460324,0.47129765,0.07662314,-0.798766,0.17080322,0.28874665,0.48439488,-0.03741292,-0.4775871,0.21115974,0.08517392,0.3242358,-0.6039323,0.24046981,0.5422608,0.11724569,-0.39234796,-0.62363183,0.19355887,0.015466329,0.7715692,0.27739367,-0.40199244,-0.44262388,-0.5692283,-0.7550771,0.39836076,-0.49306726,-0.05154903,-0.064411916,0.48907742,0.7531061,0.28866047,0.20496924,0.945452,-0.090303674,0.4879932,-0.67640847,-0.014254775,0.40036327,-0.089534,0.020387087,-0.015481319,0.091047004,0.15979894,0.5183543,0.0005247053,-0.13595769,-0.25748616,0.28691298,-0.43827075,-0.6341299,-0.4632098,0.1672841,-0.14084715,-0.27733526,0.1388165,-0.6616215,-0.43401897,-0.32499722,-0.33987796,0.6672443,-0.09893335,-0.4430382,-0.38010108,0.5195302,-0.20312011,-0.5523385,0.03366269,-0.048356645,0.02769096,0.45297873,-0.029021032,0.25326127,-0.6881875,-0.08296373,-0.08967333,0.12161435,-0.09433682,-0.5558114,-0.5678338,0.5341952,-0.3338662,0.94700253,0.45781663,0.3733716,-0.14034443,0.46942696,0.11628778,0.39499435,-0.66447794,-0.050538592,0.049024392,-0.086625725,1.1261721,-0.67349565,0.14252721,0.028559297,0.26943135,-0.092813015,0.082964055,0.2470325,0.2958853,0.32735887,-0.30400294,-0.2964593,-0.32902762,-0.376928,0.27134696,0.047166426,0.22711687,0.38097873,0.5121884,-0.66200334,-0.2869157,0.13596356,-0.9568995
0,-0.090782076,0.056239996,0.00046599656,-0.04185614,0.08285041,0.021961126,0.03193295,-0.012948383,0.07564036,0.0056886487,-0.013410227,0.03285673,0.05287538,0.011106703,-0.085012525,-0.06834903,0.00832092,-0.072113775,0.0056037046,0.046812184,-0.050393,-0.0312236,0.030025259,-0.072377235,0.03380577,0.038255364,-0.023518723,0.018479303,-0.011925163,-0.021417446,-0.06916947,0.10021731,0.06392937,-0.03982038,0.085344926,-0.0677568,0.07689553,0.054056946,-0.08099603,-0.033194266,-0.035636388,-0.02116223,0.05834245,0.078403234,0.028682005,-0.09083227,0.0054745935,0.010238196,0.06291491,-0.02790124,0.038113847,-0.060460646,0.07562919,-0.034613974,-0.08851497,0.0076918956,-0.053401005,0.05683444,0.055228725,0.015658168,-0.08133444,-0.104788914,0.017382834,0.014112997,-0.0660599,0.06355874,-0.01428139,-0.06587495,0.0583205,-0.058333796,0.03228647,-0.07262774,0.06669937,-0.024228038,0.00070961565,-0.03131561,0.11506813,0.014553288,-0.096067816,-0.03944977,-0.02568606,-0.09925878,-0.0100210775,-0.035012998,0.019575333,-0.016027898,0.0040990766,-0.076557346,0.08903864,-0.08931499,-0.04975386,-0.020536184,0.0135525735,-0.011906192,0.069507204,0.0067093675,-0.04109545,0.09599162,-0.00046550203,0.08557587,-0.0064884573,0.04933797,0.0080812555,0.069053486,-0.048497386,-0.03993575,0.06824471,0.010151489,-0.005457172,0.02649727,-0.046094164,0.0022031888,0.012008242,0.082407035,-0.031588722,-0.016790364,0.08278092,-0.0018224656,-0.0039228764,0.013067933,-0.07288428,0.072963655,-0.09861663,-0.06335837,0.00285397,0.018503953,0.069094636,-0.011999663,-0.036229078,0.014456304,-0.03462961,-0.016297773,-0.09121124,-0.029553726,-0.118784666,-0.03996696,0.0602518,0.0036340598,-0.07384324,-0.06681451,-0.021270633,-0.067632645,-0.03705665,0.0061284527,-0.033276152,-0.035101585,-0.025932109,0.011937158,-0.056469634,0.020617746,-0.056358993,0.03030238,-0.066070125,-0.042248137,0.0341413,0.10677566,-0.01112086,0.034196198,0.056745738,-0.018091882,-0.025520898,0.02618883,0.01965031,0.049142707,0.06062389,-0.067561544,-0.03437006,0.06935373,0.0601817,0.014643826,-0.0032823943,0.044283364,-0.034753837,0.0128924325,0.03699442,-0.034878097,-0.019672103,-0.066216,-0.04835405,0.09395472,-0.055543207,-0.0790967,0.02973113,-0.0628738,0.015264184,0.010923309,0.039741866,-0.07743852,-0.036496323,0.051125396,0.043409657,0.06105441,-0.07994987,0.041069392,0.08084941,-0.07170135,0.017347086,-0.024379872,-0.01234476,0.050560795,0.0031699482,0.033831242,0.072823465,0.07017425,0.009195979,-0.04148479,0.0445945,-0.009205874,0.08807448,-0.020757904,-0.09967774,0.015760245,-0.09029367,0.053477198,0.022937037,0.043112103,-0.009941777,0.01735108,0.033421442,0.06757774,0.0023732763,0.048369993,0.03244248,-0.031150015,-0.0737223,0.09902582,-0.021006538,-0.04587283,-0.017204307,0.030265342,-0.081147596,0.018142505,0.022102103,0.013412308,0.046674673,-0.05458808,0.046413105,-0.045349736,0.023378614,0.003260443,-0.030974858,-0.05603086,0.0091934465,-0.04442715,-0.036354452,-0.020668086,-0.026958361,-0.08001989,-0.022200871,-0.06919809,-0.023518875,0.010599973,0.05895959,-0.059323262,-0.036760036,0.009566975
0,-0.11083025,0.07776667,-0.017079499,-0.058429256,0.08987755,0.0049591195,0.05061085,-0.028637232,0.09664595,0.014853957,-0.018691272,0.016267223,0.06321758,0.04079688,-0.1068965,-0.076136395,-0.007822884,-0.08895739,-0.013213182,0.058544796,-0.06635415,-0.040795878,0.05090837,-0.088102475,0.020970441,0.042701215,-0.042182207,0.02806355,-0.018856179,-0.008854546,-0.084628716,0.113778144,0.07296105,-0.050121352,0.10640291,-0.07655506,0.066409506,0.07125239,-0.093123384,-0.03589641,-0.01559322,-0.024361458,0.062428314,0.08329487,0.03218455,-0.11027907,0.020103592,-0.005361708,0.055077776,-0.012395967,0.050994404,-0.08302477,0.09912073,-0.03523667,-0.06551418,0.0020361282,-0.06471948,0.060281843,0.08530099,0.0208825,-0.08934364,-0.11803263,0.0066548474,-0.0018735658,-0.07531786,0.08013961,-0.029764403,-0.0887028,0.078264154,-0.057578683,0.041819602,-0.087904505,0.08816971,-0.025664492,0.011545051,-0.025432788,0.12686941,-0.014103554,-0.10924514,-0.044783495,-0.013106909,-0.12418118,0.0069502685,-0.046622396,0.012430048,-0.0085003935,-0.011225303,-0.095289744,0.100677006,-0.102906495,-0.06865044,-0.02705542,-8.4200874e-05,-0.03215734,0.079154745,0.018591033,-0.052207313,0.11318943,0.013185834,0.10893959,-0.014105316,0.04268094,0.02310408,0.07740246,-0.027434733,-0.04774047,0.08091186,-0.01743834,0.00636838,0.031761426,-0.05802397,0.013205711,0.026893267,0.09555332,-0.039658338,-0.027554339,0.10022526,-0.005476612,0.008945973,0.02896193,-0.08495836,0.077196464,-0.10520379,-0.044835176,0.022344403,-0.00047292933,0.0767915,-0.016073283,-0.01587271,0.0033869937,-0.048292007,-0.041141868,-0.11036492,-0.03738659,-0.12910637,-0.055029154,0.074556395,0.022943174,-0.087978914,-0.0735922,-0.029404957,-0.06975716,-0.02428565,-9.87621e-05,-0.037739255,-0.03981834,-0.035236802,0.02244703,-0.07167255,-0.0021757036,-0.07447553,0.046477307,-0.07251823,-0.05359711,0.029373806,0.11549753,-0.0001232177,0.02517603,0.05586332,-0.034214627,-0.03928303,0.039102804,0.03769561,0.058993835,0.08526461,-0.08287732,-0.031512786,0.06587455,0.071713805,0.0011081025,-0.023390628,0.03470448,-0.05238326,-0.014177937,0.039582204,-0.05118393,-0.004281154,-0.08313559,-0.05888661,0.107630774,-0.05888947,-0.094468966,0.043042056,-0.07957352,0.005898549,0.017996108,0.040651005,-0.06673025,-0.05546401,0.060509402,0.061122417,0.07495725,-0.087822594,0.051168386,0.09353036,-0.07749345,0.03268608,-0.007544972,-0.010668361,0.064085275,-0.0076138573,0.03845895,0.09331995,0.09019965,-0.009443284,-0.03166367,0.0633697,-0.019931078,0.10014443,-0.03633845,-0.11995338,0.02476379,-0.10806156,0.07224855,0.035039056,0.05148293,-0.022725437,0.017551798,0.04730411,0.0796639,-0.007897947,0.06381706,0.018320203,-0.053650305,-0.09267294,0.116711244,-0.031410888,-0.050508257,-0.030691955,0.04076934,-0.08974555,0.010139588,0.02451779,-0.006869506,0.059489954,-0.06854295,0.048583165,-0.06248852,0.017870363,0.0068993885,-0.041177683,-0.058989868,-0.005946137,-0.042473502,-0.02909976,-0.006080782,-0.024837535,-0.0977737,-0.027258735,-0.088877365,-0.045864157,0.0016589386,0.07038078,-0.04847228,-0.050257057,0.022330686
1,0.06651893,-0.1017465,0.1413778,0.0158695,0.059557352,0.139682,-0.051151004,0.028779844,-0.034391,-0.03227795,0.0062495153,0.09650262,0.0020458326,-0.11055155,0.011699252,-0.012282763,0.07503098,0.028193884,0.07026178,-0.04764391,0.044993784,-0.006234143,-0.09170751,0.00088615716,0.11444489,-0.028483557,0.06106625,0.0001517469,0.025404457,-0.057664998,-0.023033785,-0.012435928,-0.0097491145,0.042970367,-0.05130084,-0.022645589,0.15679619,-0.043240953,-0.035007045,0.005922555,-0.17671281,-0.017396817,-0.013670947,0.052186754,0.026480261,-0.027858496,-0.042674314,0.05205837,0.12179084,-0.099496886,-0.06459999,-0.000756599,-0.0096048005,-0.021438587,-0.15362805,0.006299002,0.0071420996,0.01594929,-0.056871336,-0.08564048,-0.04882355,-0.010178946,0.037776507,0.10811287,-0.015311044,-0.0038313512,0.03469047,0.022434715,0.013485905,-0.0275639,0.026998512,0.047560174,-0.052401286,0.036076427,-0.006798152,-0.05811576,-0.002835013,0.101349056,-0.05025038,0.025724143,-0.1476741,0.009206936,-0.05164038,0.057629384,0.12649167,-0.068405926,0.06397897,-0.012352899,0.024094608,0.0744986,0.05716815,0.0026883744,0.12469688,0.103683926,0.0046524704,-0.094871685,0.016201993,0.0003185533,-0.016294193,0.022824993,0.05157534,0.108629875,-0.04832866,-0.0037295632,-0.14759487,-0.023807619,0.014264454,0.2189123,-0.047350448,0.043296676,0.06994277,-0.06688747,-0.022767473,0.036781065,-0.004368864,0.022507224,-0.005178407,0.061100267,-0.1602087,-0.07838528,-0.029431073,0.023126382,-0.06270671,-0.18741566,-0.10687055,0.083492935,0.06930167,0.012875769,-0.07469343,0.085986204,0.0151272025,0.050162844,0.0026308745,0.009126013,-0.069047645,0.046665624,0.015331104,-0.07528586,-0.004394017,0.00020790845,0.07374395,-0.048310064,-0.15875047,0.03214143,0.022214971,0.05188728,-0.022346841,-0.08122367,-0.0029370561,0.037925124,0.019898314,-0.08435152,-0.013733916,0.06827094,0.04968121,0.011721969,-0.10918134,0.06381333,0.043270223,0.11382047,0.04033967,-0.05213785,-0.06702545,-0.05492047,-0.08666179,0.0009255819,-0.112812445,0.03845336,0.026270112,0.106309265,0.13173565,0.08202311,0.007967828,0.1761681,0.0144287795,0.06252038,-0.12805276,-0.060216732,0.030879254,0.059161045,-0.046358913,-0.052999385,0.039859086,-0.02656553,0.10054784,0.0010191724,0.025610399,-0.100201175,0.03127369,-0.04016311,-0.066019505,-0.028193116,-0.027498862,0.016182141,0.013359435,-0.03608442,-0.09202546,-0.10497485,-0.06377402,-0.018876625,0.11191696,0.0012958079,-0.019241367,-0.011709936,0.100373015,-0.0675463,-0.05721726,0.0061393958,0.059235193,-0.0064593535,0.0010914281,0.0029684303,-0.026234746,-0.079666875,-0.004184829,0.018370315,0.015248813,-0.008059852,-0.07506407,-0.044391982,0.085041374,-0.017266333,0.19045213,0.06458655,0.009307083,0.037885983,0.06024883,-0.00987955,0.045057915,-0.09805548,-0.0707719,0.030805498,-0.0067845844,0.19739415,-0.07448417,-0.020573556,0.045819372,0.0075039435,0.0050504766,0.007872995,0.014875375,0.009812258,0.07252945,-0.08193314,-0.07573453,-0.07369566,-0.089117154,-0.020968944,-0.014996778,-0.009404723,0.04865647,0.093641646,-0.06426965,-0.09358328,0.0015287211,-0.15086955
0,-0.11917089,0.08566533,-0.02348486,-0.06519398,0.092953235,-0.0014539957,0.057506584,-0.03487771,0.10512012,0.017750457,-0.020009527,0.009756438,0.06742581,0.052202266,-0.11587753,-0.078973755,-0.014681401,-0.09573148,-0.021756766,0.06281393,-0.07256977,-0.044885114,0.059137918,-0.094149455,0.016921429,0.044553086,-0.047866765,0.032093868,-0.021173045,-0.0036163144,-0.09050053,0.119245455,0.07601342,-0.054480523,0.114826664,-0.080778934,0.06318628,0.07830002,-0.09749535,-0.037209146,-0.008084569,-0.026362322,0.064014316,0.085185096,0.03303641,-0.11813967,0.025694791,-0.0119979605,0.052724868,-0.005436424,0.05615118,-0.09118496,0.10921224,-0.035337556,-0.057513386,-0.0008877795,-0.06883209,0.06174898,0.09699933,0.02312585,-0.09239563,-0.123046905,0.00272662,-0.0073974216,-0.07839032,0.08643734,-0.0356542,-0.09672566,0.085752875,-0.057419345,0.045576826,-0.09362936,0.09647027,-0.02658729,0.015492145,-0.02268903,0.13224833,-0.025060516,-0.11465209,-0.046702757,-0.008379402,-0.13338333,0.014200356,-0.050673537,0.0095409695,-0.005470041,-0.017293481,-0.102902725,0.10541823,-0.10820109,-0.07656215,-0.028670972,-0.0059343856,-0.04089551,0.083109334,0.023260603,-0.056678273,0.12060777,0.018393785,0.11871882,-0.016745774,0.040782757,0.029240737,0.08111644,-0.019754793,-0.05085524,0.08627793,-0.027371563,0.011310361,0.034110878,-0.062753856,0.017521087,0.03291023,0.10139216,-0.043426886,-0.031656265,0.106474124,-0.0071175336,0.013570835,0.035278007,-0.089213476,0.07833657,-0.10748888,-0.03864973,0.03005715,-0.0081170425,0.07977563,-0.018489849,-0.0072982945,-0.0015080483,-0.053404544,-0.050580233,-0.117820315,-0.040188104,-0.13360135,-0.060623962,0.07948457,0.030084593,-0.09284091,-0.076658875,-0.0328864,-0.07083127,-0.019154374,-0.0030443296,-0.04035198,-0.041414693,-0.038984533,0.026676765,-0.07724729,-0.011111539,-0.08130033,0.052764136,-0.074809164,-0.058185384,0.026699163,0.1194451,0.0036125933,0.02171694,0.0563184,-0.040628865,-0.044562675,0.044690955,0.044568725,0.06363277,0.09449312,-0.08851826,-0.030773828,0.0647967,0.07568129,-0.003816191,-0.030509032,0.03132786,-0.059321083,-0.024748657,0.04130608,-0.05802585,0.0007303078,-0.089740716,-0.062502034,0.11247826,-0.060441285,-0.100614615,0.048803747,-0.08616194,0.0018954091,0.020463912,0.040831424,-0.062622495,-0.06307336,0.06469144,0.06753449,0.07984069,-0.09181774,0.05450315,0.099345535,-0.0800145,0.0383186,-0.00078803673,-0.0103153605,0.06938612,-0.011801163,0.040656146,0.10130501,0.09772777,-0.016635342,-0.02802241,0.07114726,-0.024398334,0.104773566,-0.04213666,-0.1275772,0.02743577,-0.11521261,0.079675555,0.040044855,0.054290596,-0.027747452,0.01786038,0.053158708,0.08347526,-0.011410415,0.07011905,0.013270978,-0.061983712,-0.10003705,0.12493252,-0.03548857,-0.052172594,-0.03582213,0.045006756,-0.09376389,0.0071023107,0.02536387,-0.014065176,0.0646217,-0.07515946,0.04937225,-0.06937675,0.016082294,0.009197371,-0.04559446,-0.06082531,-0.0121533945,-0.04149977,-0.027240466,-0.00072862767,-0.023275765,-0.10446668,-0.028619274,-0.09694372,-0.054330207,-0.0013053159,0.07511064,-0.044057146,-0.055416625,0.026759818
0,-0.12520292,0.088615976,-0.0278611,-0.06655673,0.09612315,-0.0030638855,0.059200138,-0.036822475,0.10923289,0.019001665,-0.021876989,0.008003885,0.06950951,0.05850664,-0.12264519,-0.08211365,-0.015878657,-0.09758594,-0.025050623,0.06425721,-0.07482439,-0.04646136,0.06355192,-0.09928319,0.016591951,0.047175817,-0.053031597,0.03356814,-0.023028474,-0.00359717,-0.0928521,0.12222769,0.077611305,-0.057377547,0.119170696,-0.08293838,0.062253185,0.08285712,-0.09914741,-0.038140524,-0.004004605,-0.026589613,0.06340809,0.08719739,0.032322533,-0.12067295,0.030577477,-0.0129338205,0.053884454,-0.0031151697,0.058470238,-0.094767,0.112270005,-0.036340408,-0.05623178,-0.00086837634,-0.0722777,0.063242204,0.101353675,0.022642918,-0.09387457,-0.12700784,-0.002081085,-0.009800768,-0.081171766,0.09201147,-0.03858934,-0.103233606,0.0870205,-0.05713017,0.0477495,-0.09703487,0.09984569,-0.029476603,0.018884491,-0.021793865,0.13511515,-0.03189661,-0.1174552,-0.046580285,-0.0068766936,-0.13752723,0.01697456,-0.052381698,0.009208772,-0.003343016,-0.017480955,-0.10800847,0.10780287,-0.110873155,-0.08014263,-0.03160104,-0.0055745207,-0.04592724,0.0829877,0.025458612,-0.05866134,0.12422894,0.02057492,0.12162788,-0.01868606,0.041438136,0.031176744,0.082476646,-0.017024068,-0.05106587,0.089586034,-0.03250074,0.011022918,0.037204336,-0.063653216,0.018299643,0.03301553,0.100668475,-0.043658555,-0.03355401,0.1110577,-0.007307327,0.015107085,0.03583115,-0.091649234,0.0782451,-0.11126901,-0.03613686,0.033231735,-0.008822635,0.08087218,-0.0197968,-0.0033427142,-0.0015145307,-0.057953916,-0.05644589,-0.12176286,-0.04390393,-0.13686714,-0.063433856,0.082180336,0.034196004,-0.09696482,-0.079064235,-0.034850053,-0.06925082,-0.019320795,-0.0023760684,-0.03988321,-0.04242818,-0.04104016,0.031042693,-0.080717355,-0.014608081,-0.08428874,0.057118233,-0.07622979,-0.060871445,0.025849279,0.121286616,0.005462193,0.01862693,0.057688598,-0.040385954,-0.050111882,0.04754518,0.047655985,0.064941145,0.10150927,-0.09103912,-0.030142562,0.06538105,0.07886555,-0.007697705,-0.034487948,0.029558036,-0.061488107,-0.029880408,0.04042086,-0.060949802,0.003200058,-0.09147646,-0.06518187,0.11476287,-0.060890038,-0.10493086,0.050178863,-0.08784735,0.0015862053,0.02450023,0.039318718,-0.062051,-0.06783319,0.065301076,0.06940371,0.08229908,-0.09334789,0.055375844,0.10178585,-0.08132902,0.040731672,0.0034393892,-0.010198947,0.07271158,-0.01222391,0.043086383,0.10599384,0.100948095,-0.019651085,-0.027737327,0.071025,-0.026697949,0.10851821,-0.047518104,-0.13316229,0.030368283,-0.11785115,0.08298074,0.042696442,0.05699137,-0.030651506,0.018021211,0.05658385,0.088171296,-0.013224127,0.07038434,0.009406455,-0.06971361,-0.103882566,0.13097966,-0.037737668,-0.054157376,-0.03822299,0.047163546,-0.09620259,0.0046025217,0.027255453,-0.01912944,0.067365974,-0.07566002,0.04983941,-0.07043239,0.01397413,0.009418977,-0.046063304,-0.06268698,-0.015139803,-0.041992534,-0.025513008,0.0019257572,-0.023852803,-0.10586685,-0.029588062,-0.10122508,-0.058712773,-0.002628404,0.078617685,-0.045293204,-0.059178934,0.02923074
0,-0.11669874,0.08412683,-0.019929148,-0.063131995,0.08964564,-0.00035130978,0.053880963,-0.03234853,0.098042816,0.01574374,-0.01948386,0.011402952,0.0634644,0.043659355,-0.10925633,-0.0766861,-0.013026828,-0.09174529,-0.017398221,0.0601879,-0.06919605,-0.043125205,0.05432158,-0.09069225,0.01768382,0.04409823,-0.04214501,0.030866768,-0.01754745,-0.005095128,-0.088219665,0.11510302,0.07302435,-0.04944823,0.10913839,-0.07865207,0.06374011,0.07393178,-0.0954258,-0.036895685,-0.010358453,-0.023609238,0.06247965,0.082105055,0.033993647,-0.1130752,0.022245273,-0.00955433,0.052457754,-0.008269407,0.05582722,-0.08845052,0.10307285,-0.035282698,-0.056927364,0.0008036811,-0.06276083,0.06097184,0.092806965,0.022199357,-0.090582564,-0.12059445,0.006123297,-0.0066386936,-0.07585233,0.08135336,-0.03100774,-0.093159765,0.08294341,-0.05462168,0.043710127,-0.091468625,0.09372443,-0.023838276,0.013185898,-0.024820846,0.12920204,-0.02028758,-0.109900154,-0.047170177,-0.00992048,-0.12886387,0.011614367,-0.05062467,0.009526942,-0.0078096986,-0.016691659,-0.096172385,0.10091013,-0.10586939,-0.07159904,-0.027466916,-0.0057101157,-0.03690589,0.08147671,0.021631492,-0.05135826,0.11627762,0.017049115,0.11462634,-0.016017584,0.041732304,0.026728148,0.078619055,-0.023599412,-0.050904226,0.08110853,-0.023174318,0.008719306,0.03189447,-0.06118135,0.015563538,0.030176576,0.09932318,-0.042448215,-0.02896669,0.10292855,-0.0063568386,0.013104671,0.032053765,-0.08807212,0.077072985,-0.104827076,-0.041689053,0.026841305,-0.0049036928,0.079050295,-0.016539063,-0.012032095,-0.001771599,-0.048863184,-0.045378834,-0.112325,-0.036614407,-0.13019979,-0.058998484,0.076391995,0.025000257,-0.090853214,-0.07533892,-0.03179437,-0.07132457,-0.019913666,-0.0015538391,-0.04048664,-0.041161273,-0.037941597,0.022913238,-0.07411547,-0.0064247847,-0.07838835,0.048927374,-0.073151514,-0.055316202,0.028139474,0.1155753,0.0032893987,0.024629366,0.055212405,-0.038680255,-0.04028923,0.04269599,0.04064537,0.06349313,0.089763574,-0.0860087,-0.033616334,0.0642688,0.0719092,-0.0016513355,-0.025746115,0.033044502,-0.057025664,-0.019250792,0.042367417,-0.054826975,-0.0013647974,-0.08770016,-0.05912184,0.11001349,-0.059774328,-0.095071144,0.046114482,-0.0836917,0.003429561,0.017944256,0.040965904,-0.06337404,-0.058585275,0.06210522,0.06812899,0.07874805,-0.08784196,0.051679283,0.09697081,-0.07873924,0.036961596,-0.0039513446,-0.0104415445,0.06628313,-0.0128450515,0.037983663,0.09670763,0.092636295,-0.013555543,-0.027451012,0.06865306,-0.022930745,0.10014835,-0.0365886,-0.12256864,0.025162224,-0.11085089,0.07641941,0.037154753,0.052168623,-0.025712334,0.017118454,0.049314067,0.08195156,-0.01026199,0.06712389,0.014253639,-0.05664514,-0.09611863,0.11841846,-0.034466382,-0.049978897,-0.032962486,0.042605154,-0.089644395,0.010236716,0.023786668,-0.011292249,0.06277032,-0.072614595,0.04986094,-0.06647472,0.017836478,0.007517377,-0.044514213,-0.05959343,-0.00799064,-0.03942784,-0.026122045,-0.0016807979,-0.02417801,-0.10153403,-0.028244339,-0.093072355,-0.049196787,2.445624e-05,0.07342344,-0.043934733,-0.049858928,0.024983441
0,-0.12112868,0.08746739,-0.026016463,-0.06769164,0.09480498,-0.0020739809,0.059345193,-0.037162498,0.10947447,0.018550465,-0.020575933,0.008369975,0.068950154,0.057467286,-0.12006266,-0.08063991,-0.016170247,-0.097590625,-0.024593065,0.064108215,-0.07387523,-0.046198953,0.0624462,-0.09633289,0.015916744,0.044873103,-0.05076737,0.033543706,-0.022632157,-0.0021544397,-0.09248033,0.12157915,0.07694022,-0.05674597,0.117633335,-0.08248396,0.06300132,0.08144614,-0.09916872,-0.03751577,-0.0062912516,-0.027494904,0.064981475,0.08639857,0.0325213,-0.12111809,0.02818377,-0.01406737,0.05310689,-0.0037138984,0.057696678,-0.09401548,0.1131817,-0.035753142,-0.05620113,-0.0016786344,-0.07147669,0.06225428,0.1007313,0.023719741,-0.09455621,-0.1254107,0.0007452816,-0.008131006,-0.08002815,0.09000475,-0.038328286,-0.09945979,0.087917,-0.0581537,0.047134314,-0.09478906,0.09905031,-0.027856955,0.01719445,-0.021527378,0.13430655,-0.029028963,-0.11689687,-0.046809148,-0.008002901,-0.13683164,0.016483951,-0.050729714,0.00944547,-0.003674414,-0.017838424,-0.106965624,0.10814179,-0.109788015,-0.07959203,-0.02945413,-0.006556656,-0.043536693,0.08370482,0.024608785,-0.059891194,0.123578764,0.02040029,0.12195413,-0.017612554,0.040156707,0.031400323,0.08256388,-0.017697455,-0.051242046,0.08927448,-0.030303765,0.013272453,0.035764303,-0.06453425,0.018590063,0.034717187,0.10347407,-0.044607207,-0.03295061,0.108691186,-0.0074705207,0.014227693,0.03662602,-0.09062656,0.07902464,-0.10915825,-0.03698448,0.03229014,-0.01042578,0.080290996,-0.01936422,-0.004150059,-0.002175882,-0.05556556,-0.054287314,-0.120554656,-0.041466206,-0.13617997,-0.06261693,0.08178228,0.032979615,-0.09504448,-0.07803957,-0.033664305,-0.07050933,-0.0181783,-0.0039035073,-0.040669538,-0.04190654,-0.039696284,0.028748212,-0.07952513,-0.014495201,-0.08331924,0.05587295,-0.075674415,-0.06063035,0.026239786,0.12128901,0.004269951,0.02076531,0.057074204,-0.042054214,-0.0474829,0.046003606,0.04699713,0.064553834,0.09834693,-0.090265974,-0.029787755,0.06512161,0.077803575,-0.0052603483,-0.0331581,0.030424457,-0.06132783,-0.02819715,0.041113786,-0.060341388,0.0020070653,-0.09158929,-0.06429901,0.11431046,-0.0604773,-0.104244694,0.04984048,-0.087897226,0.0009392183,0.022121703,0.040021833,-0.06226933,-0.06621533,0.06573728,0.068354525,0.08141209,-0.09358019,0.05583901,0.10106671,-0.081260264,0.03976019,0.0014298,-0.010269262,0.071577154,-0.01177961,0.042097244,0.10455586,0.10071488,-0.018753642,-0.027484428,0.07304116,-0.0259557,0.10737184,-0.045277625,-0.13046998,0.028755736,-0.11743294,0.08221525,0.042044703,0.055204004,-0.030047182,0.018210988,0.055238307,0.08494601,-0.01213363,0.07167794,0.011972357,-0.066179365,-0.10243033,0.12912466,-0.036811337,-0.053470444,-0.037174664,0.046340678,-0.09502074,0.0051818825,0.026231302,-0.016860638,0.06595723,-0.07705395,0.049426235,-0.07167053,0.014774522,0.010274189,-0.046116415,-0.06148544,-0.014478754,-0.041675873,-0.026889725,0.0007785596,-0.022892311,-0.10704446,-0.028494503,-0.09979096,-0.05759272,-0.0012829595,0.0759141,-0.043874487,-0.058513436,0.028147055
1,0.20760077,-0.25053996,0.26794735,0.059634134,0.04589813,0.2565677,-0.123813674,0.06318889,-0.122603595,-0.064950325,0.024192298,0.15871319,-0.043100014,-0.206412,0.078871936,0.03021191,0.13739112,0.11806602,0.11958519,-0.1350357,0.13079825,0.015774162,-0.19112547,0.05693445,0.20068523,-0.090969786,0.13307433,-0.014007346,0.055487234,-0.08584777,0.015629381,-0.10693049,-0.07780087,0.110854656,-0.1652084,0.012104131,0.23570552,-0.11900904,0.003919974,0.039939977,-0.30602792,-0.021831967,-0.07193193,0.029862642,0.01962402,0.022694215,-0.078712285,0.08673881,0.18933766,-0.1585142,-0.15754321,0.050168835,-0.07823666,-0.016319836,-0.21336588,-0.0022961944,0.04827848,-0.018554214,-0.15371177,-0.18377568,-0.025116133,0.07139886,0.045309123,0.20198642,0.02490091,-0.048313964,0.07284558,0.09513928,-0.026854508,-0.0044171438,0.029511454,0.15344606,-0.15725055,0.08310433,-0.0008017868,-0.0777552,-0.10632523,0.17243212,-0.020862162,0.09357841,-0.26187623,0.10026334,-0.0773181,0.13782609,0.23487422,-0.1151651,0.11915849,0.025177713,-0.03082455,0.2245141,0.15201591,0.018501025,0.23237735,0.20418715,-0.05452928,-0.18872005,0.066113226,-0.0746338,-0.024849039,-0.017768778,0.10654075,0.16822441,-0.09581408,-0.05893604,-0.24230023,-0.012451787,-0.0245408,0.4125088,-0.083201244,0.069512755,0.17921184,-0.12512615,-0.051737536,-6.559491e-05,0.019197948,0.045689173,-0.077578165,0.1250906,-0.3115732,-0.16096604,0.0035728812,-0.019746196,-0.040943954,-0.3078538,-0.20268561,0.13566099,0.073198766,0.024697186,-0.102622345,0.1549547,0.05615058,0.096250705,0.077806056,0.04147519,-0.036094617,0.12943685,-0.01886098,-0.14508764,0.050772317,0.060573556,0.1524975,-0.024792843,-0.28000638,0.059116952,0.07214295,0.13686836,-0.02766375,-0.15950742,0.03726072,0.04263212,0.076815516,-0.18422046,0.035987876,0.16020745,0.061236918,-0.06846893,-0.2037193,0.08638993,0.036347497,0.23790725,0.08560307,-0.11740399,-0.13862327,-0.15201618,-0.21399167,0.0718243,-0.18838286,0.016936298,0.009461258,0.17898531,0.25044966,0.11797358,0.042540677,0.32157052,-0.006108742,0.14277771,-0.23061217,-0.05863531,0.10181769,0.031582687,-0.03429725,-0.0467747,0.054732144,0.0050204284,0.18213052,0.0017337948,-0.00075175613,-0.12535973,0.07883086,-0.11785884,-0.16996378,-0.10988424,0.011785891,-0.0113139935,-0.04102107,-0.004534751,-0.19910194,-0.16613583,-0.11488572,-0.07766176,0.21629505,-0.018733932,-0.096567094,-0.07979077,0.17803754,-0.09104021,-0.1497329,0.008995594,0.04019145,-0.0020804852,0.085953765,-0.001242988,0.023081053,-0.1955393,-0.018084364,-0.0010418482,0.033500478,-0.026736211,-0.16766903,-0.14405976,0.16952829,-0.07404723,0.3360943,0.13857381,0.07660617,0.0016720062,0.1364846,0.015807869,0.10745929,-0.20922634,-0.067259595,0.03426124,-0.023987163,0.37287498,-0.18664531,0.008286871,0.046417046,0.05297763,-0.015528452,0.022473114,0.0567294,0.06728701,0.121234305,-0.12304922,-0.11469853,-0.11746841,-0.14604105,0.03048236,-0.005117681,0.031229455,0.108271554,0.17438637,-0.17687163,-0.12639666,0.027815072,-0.3044793
1,0.22984302,-0.2743111,0.28729764,0.06679936,0.04414491,0.27592784,-0.13507517,0.0698437,-0.13686195,-0.07037988,0.026985912,0.16895503,-0.049924523,-0.22236562,0.09039854,0.03724601,0.1470467,0.13103732,0.12781422,-0.14944017,0.14508572,0.020184072,-0.20719017,0.06683594,0.21372363,-0.09929481,0.14483163,-0.016745541,0.060837552,-0.09034555,0.022960968,-0.12157249,-0.08838184,0.1220084,-0.18370403,0.018676788,0.24680772,-0.13028598,0.010136537,0.045390964,-0.32614836,-0.02174699,-0.08038254,0.027111284,0.018571831,0.03241933,-0.08559701,0.093470976,0.19945341,-0.16860405,-0.17235275,0.058876574,-0.0899177,-0.015276741,-0.223591,-0.002762176,0.05438306,-0.024944972,-0.16943799,-0.19847879,-0.020459145,0.08476009,0.047667198,0.21635635,0.031096991,-0.055900328,0.07987662,0.10824761,-0.0333459,-0.0023507308,0.028175434,0.1690182,-0.17470527,0.08906037,-0.0001761727,-0.08081332,-0.121925004,0.18565248,-0.01600803,0.103663996,-0.27886072,0.11447768,-0.08199478,0.15016943,0.25111973,-0.12124027,0.12839389,0.03185492,-0.039312974,0.24832258,0.1674043,0.020548832,0.24932429,0.22030005,-0.0640676,-0.2029598,0.07494923,-0.08692654,-0.026811045,-0.025465578,0.11490632,0.17734168,-0.103419386,-0.06706895,-0.2580487,-0.009924572,-0.030911032,0.4424167,-0.09001819,0.07330115,0.19558935,-0.13413487,-0.056661677,-0.006057579,0.023158982,0.04991275,-0.09043423,0.13480677,-0.33431333,-0.17319462,0.009122454,-0.025772016,-0.03817971,-0.32612693,-0.21868879,0.14371328,0.07385376,0.02749008,-0.108140424,0.16647835,0.0628774,0.104168594,0.09017436,0.046531565,-0.029407784,0.14363334,-0.025594734,-0.15661418,0.06058395,0.07010789,0.16427942,-0.022248978,-0.29872766,0.062102385,0.0792394,0.14966092,-0.027750826,-0.17161493,0.043736152,0.04433029,0.087006256,-0.20114388,0.043162085,0.17455323,0.06371886,-0.08037919,-0.21791579,0.08963613,0.036207978,0.25646833,0.09386956,-0.128195,-0.15014347,-0.16701624,-0.23344025,0.08304931,-0.1992222,0.013590932,0.006343441,0.18900618,0.26873702,0.12498039,0.04881659,0.34478894,-0.009186011,0.15572073,-0.24632327,-0.05670228,0.11338444,0.027608182,-0.031954687,-0.045266435,0.055866502,0.010767188,0.19427736,0.00089586526,-0.0052669942,-0.12986103,0.087009884,-0.1295412,-0.18687694,-0.123207994,0.018046629,-0.01621902,-0.049933285,0.0008684173,-0.21565464,-0.1767834,-0.12111044,-0.08718157,0.23235893,-0.021677716,-0.10931216,-0.091389045,0.19072433,-0.09496003,-0.16436093,0.010188604,0.03581174,0.0009592995,0.09962457,-0.0027262198,0.031439167,-0.21376768,-0.020480692,-0.004263364,0.03747885,-0.029442705,-0.18234621,-0.16054416,0.18320084,-0.08374003,0.35897195,0.15139413,0.088653594,-0.0044877315,0.14870794,0.020409541,0.1177464,-0.22551376,-0.06663865,0.035290852,-0.025867917,0.40055567,-0.2039944,0.013851061,0.044741455,0.06040565,-0.017986689,0.023860482,0.06428413,0.07534519,0.12889317,-0.12979317,-0.12094203,-0.1252791,-0.15432157,0.039174832,-0.004246276,0.03902429,0.118041456,0.18566199,-0.19304784,-0.13111833,0.03193231,-0.3284404
0,-0.08903709,0.055345986,0.0022073835,-0.040819548,0.08128948,0.022518847,0.030854711,-0.012037385,0.073290914,0.005799177,-0.01259301,0.03357275,0.05213421,0.0077703223,-0.081905544,-0.06743556,0.008953171,-0.07110474,0.008155448,0.045985073,-0.04960043,-0.030117642,0.028169345,-0.070127234,0.03347705,0.03794472,-0.021824352,0.018023053,-0.011334314,-0.021815551,-0.06757203,0.09898038,0.06377385,-0.03856473,0.0838146,-0.06691126,0.075973526,0.051669613,-0.07951835,-0.033320706,-0.036397398,-0.02071183,0.05828204,0.07747482,0.02887601,-0.08869003,0.0032389648,0.011850098,0.06227192,-0.029285567,0.036957897,-0.0584526,0.07321775,-0.034470208,-0.088096574,0.008322962,-0.0521141,0.055848792,0.052655116,0.015800357,-0.08027193,-0.10367729,0.019550998,0.014786984,-0.065146014,0.061293684,-0.012282651,-0.063394524,0.057436608,-0.058483962,0.030997185,-0.07212101,0.06484456,-0.02268259,-0.00043833442,-0.031877935,0.11315724,0.018356077,-0.0945883,-0.04018999,-0.025995314,-0.09738814,-0.011942998,-0.034566358,0.019392531,-0.016794758,0.004411434,-0.07356372,0.08739892,-0.08889603,-0.048076153,-0.020039685,0.013627799,-0.00964356,0.069579855,0.0055964766,-0.03956168,0.09416375,-0.001806247,0.08302504,-0.006179196,0.049200304,0.0070453677,0.068392165,-0.04907895,-0.039743427,0.06620897,0.0112034315,-0.0057570487,0.02432381,-0.044838175,0.0020185374,0.01120485,0.08154411,-0.031178249,-0.015911242,0.08095603,-0.0019592647,-0.0033336026,0.01208638,-0.072141,0.07386694,-0.09693083,-0.0637131,0.0015533678,0.01946741,0.06836373,-0.011003818,-0.039057687,0.014229167,-0.033083715,-0.013191901,-0.08945271,-0.028721157,-0.11701916,-0.038864236,0.05865699,0.0012673531,-0.07174034,-0.065213986,-0.020628994,-0.06849241,-0.037381835,0.0062265825,-0.033119686,-0.035128765,-0.025340106,0.010565175,-0.053751208,0.022756508,-0.05491627,0.028502297,-0.06533231,-0.04036019,0.034641262,0.106080554,-0.010646057,0.034893427,0.055943135,-0.018489975,-0.02289566,0.024832878,0.018406756,0.04850372,0.057805642,-0.06687849,-0.033752766,0.06892624,0.058691096,0.015542641,-0.0024176128,0.04513682,-0.033658806,0.01515124,0.036799222,-0.03361517,-0.019560596,-0.06471953,-0.04739439,0.093707934,-0.05553338,-0.07722759,0.028135557,-0.06150919,0.015254749,0.009391619,0.04064396,-0.07763697,-0.034101874,0.051435146,0.042559713,0.05983205,-0.078472614,0.040926285,0.07983899,-0.07049691,0.016524658,-0.026336938,-0.011821895,0.04860831,0.0030300394,0.032678846,0.070630014,0.06848233,0.010883429,-0.041751493,0.044293128,-0.007838119,0.08615103,-0.018808821,-0.09755616,0.0140289,-0.089105785,0.05244509,0.021320567,0.042514715,-0.008537257,0.017152403,0.03160575,0.06662513,0.0029520374,0.04775507,0.033683486,-0.02755872,-0.07171479,0.09521787,-0.020300835,-0.045081608,-0.01666851,0.0295249,-0.07958923,0.019467961,0.021471627,0.015600168,0.0459728,-0.053019945,0.046434164,-0.044296138,0.024242178,0.0020637494,-0.030613061,-0.055415787,0.010812687,-0.044482965,-0.03632257,-0.021497793,-0.026931431,-0.079568125,-0.022228152,-0.06707443,-0.021492153,0.01032545,0.057657667,-0.05841265,-0.03482909,0.00932991
1,0.72179705,-0.8019779,0.7228443,0.23331623,-0.0028934218,0.6978415,-0.39735562,0.20597287,-0.44435808,-0.19432941,0.09089227,0.397098,-0.21088962,-0.5550247,0.33040205,0.17176096,0.3775811,0.44278836,0.30745766,-0.45777428,0.4527017,0.108783,-0.55564284,0.27073595,0.51574785,-0.30829984,0.40579757,-0.08048761,0.16061008,-0.20047237,0.1704002,-0.4394378,-0.32655776,0.34861597,-0.5731294,0.13976651,0.52521,-0.39239967,0.1532678,0.16411228,-0.7750989,-0.03588009,-0.2648037,-0.045072448,-0.012486134,0.21588674,-0.21372692,0.22806543,0.43756375,-0.38563508,-0.50185657,0.26007384,-0.33475304,-0.004002508,-0.46618327,-0.027164117,0.1887776,-0.13927177,-0.5244974,-0.5294533,0.06697625,0.365303,0.083609335,0.5507533,0.16876203,-0.20922223,0.22289532,0.37796882,-0.19743937,0.06086589,0.027179314,0.5399931,-0.54439855,0.23876399,0.00898055,-0.14612038,-0.46783027,0.4547652,0.09004014,0.33574384,-0.6760497,0.44025642,-0.18847,0.43130696,0.6239961,-0.28021017,0.33819622,0.16082592,-0.22176468,0.76418036,0.5088368,0.080880135,0.6293345,0.5777129,-0.2753486,-0.52949613,0.24242996,-0.3461061,-0.07249861,-0.17808603,0.3033516,0.3821562,-0.27349433,-0.2460298,-0.6017793,0.03992298,-0.16127968,1.1185474,-0.21048556,0.16285603,0.56982946,-0.3365154,-0.16820179,-0.14333153,0.112832986,0.12807581,-0.34532008,0.35029876,-0.8530528,-0.4623283,0.12804514,-0.16429631,0.03235297,-0.7489871,-0.5566095,0.33429202,0.08148301,0.06892021,-0.2210291,0.41983756,0.20774022,0.2796499,0.35149294,0.16634093,0.08103357,0.44190994,-0.15326881,-0.40829563,0.25113696,0.27758843,0.42629504,0.059362013,-0.71910167,0.15454581,0.25484842,0.43331137,-0.0358477,-0.43373162,0.1878804,0.0813789,0.28940493,-0.5433732,0.21117276,0.4878462,0.1085071,-0.34667996,-0.5556958,0.1765101,0.01762652,0.68894285,0.25260824,-0.35983607,-0.39995623,-0.5046963,-0.6756176,0.34496084,-0.44800323,-0.045806106,-0.055903755,0.44308984,0.67891717,0.26151255,0.18068077,0.8537615,-0.07827759,0.43768272,-0.60645914,-0.022268035,0.35684198,-0.072160885,0.012596037,-0.017387148,0.086758845,0.13575342,0.4687201,-0.0014281478,-0.10843099,-0.23333871,0.25948825,-0.393028,-0.5621435,-0.41033986,0.14812896,-0.11891143,-0.2419675,0.11754988,-0.59014595,-0.39468774,-0.29200307,-0.29982683,0.5972438,-0.08843931,-0.39093554,-0.335652,0.46861255,-0.1861718,-0.49222887,0.030642945,-0.03671006,0.026158227,0.39930046,-0.025466599,0.21766798,-0.6155476,-0.07540353,-0.07547908,0.10973619,-0.08652453,-0.50035274,-0.50515735,0.47763848,-0.29334196,0.85725,0.41329923,0.33021483,-0.12636228,0.4180637,0.10384077,0.3474358,-0.5977601,-0.050661005,0.049458716,-0.07867215,1.0115814,-0.5983359,0.12549502,0.032857984,0.23590556,-0.08061771,0.071598515,0.21774238,0.26302573,0.29839942,-0.27486008,-0.26570785,-0.2959474,-0.34387934,0.23321673,0.037571404,0.19802307,0.3384957,0.4611311,-0.5875342,-0.2591884,0.12337105,-0.8567303
1,-0.09212741,0.057366468,0.00039530918,-0.041940197,0.0816599,0.02038683,0.03247983,-0.013087689,0.074534245,0.0071334746,-0.013250904,0.03189703,0.053185545,0.009757396,-0.083819345,-0.0681743,0.0074969176,-0.072448306,0.00709627,0.046755012,-0.051427867,-0.031284116,0.030019186,-0.07169123,0.032088805,0.03904248,-0.023757875,0.01896019,-0.011613458,-0.021313937,-0.06860524,0.10013139,0.06464133,-0.039665595,0.08539829,-0.067589335,0.07449507,0.053067084,-0.079701796,-0.03324871,-0.033603698,-0.02051947,0.05781921,0.07821437,0.028718863,-0.08961475,0.004955668,0.011469912,0.061599024,-0.027927741,0.038047083,-0.060075812,0.074325666,-0.034495417,-0.085808165,0.008201363,-0.05308838,0.055906978,0.054743525,0.015995659,-0.08050612,-0.10479747,0.018766759,0.0125538735,-0.0661713,0.062520735,-0.013377428,-0.06587429,0.059250355,-0.05883951,0.031338923,-0.07441958,0.0667682,-0.022708101,0.0010692403,-0.031422522,0.1139779,0.015718678,-0.09617294,-0.041141897,-0.024653642,-0.09948313,-0.010680769,-0.03585892,0.018358195,-0.016256174,0.0030805552,-0.07464995,0.08798815,-0.09059047,-0.049835846,-0.020981442,0.012449468,-0.011451244,0.070324145,0.0069433427,-0.03945353,0.09605593,-0.00082346704,0.08421276,-0.0070253406,0.048751306,0.008375557,0.06909904,-0.047164403,-0.040279254,0.06676313,0.007980367,-0.005566502,0.024637882,-0.04511799,0.0029000156,0.011707975,0.08204846,-0.031715896,-0.016737469,0.082573414,-0.0022857203,-0.0012704255,0.013089737,-0.07343878,0.07413849,-0.097008154,-0.061670706,0.00316199,0.018756554,0.06919587,-0.011316452,-0.037903443,0.013088195,-0.034213744,-0.015430342,-0.09143603,-0.029798854,-0.118007764,-0.040245358,0.05902143,0.00283397,-0.07294616,-0.065430194,-0.02215424,-0.068644956,-0.036207043,0.006421773,-0.033756696,-0.035906296,-0.026990976,0.012155531,-0.05480185,0.021157585,-0.056234196,0.029754002,-0.06549609,-0.040788747,0.03385344,0.106943056,-0.009322588,0.033565097,0.055981,-0.019807871,-0.023896053,0.026250118,0.01967248,0.050126188,0.060362905,-0.06851792,-0.033434212,0.06873169,0.059339345,0.01354925,-0.004543297,0.04399205,-0.035107654,0.012677576,0.037069548,-0.03491705,-0.017963296,-0.06587051,-0.04832714,0.09466248,-0.055812713,-0.07849184,0.029206837,-0.0626441,0.014684552,0.010184804,0.04121584,-0.07647791,-0.035840143,0.05253612,0.04436524,0.060988426,-0.07888448,0.04150743,0.08144903,-0.07054069,0.017814279,-0.024707966,-0.01136058,0.049823917,0.0016946308,0.033189267,0.07195558,0.0701788,0.009406102,-0.041277427,0.04566096,-0.008920306,0.08688353,-0.019992208,-0.10015687,0.01498994,-0.09040474,0.05448333,0.02210259,0.04385206,-0.009271149,0.017458066,0.032719,0.06840658,0.0014772965,0.048833504,0.031676736,-0.02933866,-0.07346013,0.09584429,-0.021362126,-0.045523316,-0.01826962,0.030747559,-0.080242395,0.019137727,0.021866107,0.013463643,0.047554262,-0.053000983,0.046313047,-0.04530179,0.023934811,0.0017428063,-0.031582057,-0.056180157,0.009764858,-0.043950018,-0.03532558,-0.019803233,-0.026893869,-0.08052013,-0.023013694,-0.068547346,-0.02348145,0.008760945,0.059547175,-0.057441607,-0.034883186,0.0110898465
0,-0.07306493,0.038728714,0.012984496,-0.032252263,0.081927285,0.03535473,0.020312397,-0.0023809453,0.066087745,-0.003797993,-0.012082224,0.041651037,0.04730671,0.00026596338,-0.0727929,-0.06345043,0.016200282,-0.063007794,0.012521733,0.03887142,-0.037343126,-0.025332926,0.015328069,-0.06302413,0.042188637,0.030665686,-0.01197716,0.010172372,-0.0069206012,-0.024661716,-0.064785525,0.091131255,0.054767117,-0.029107625,0.07108948,-0.063537955,0.08862208,0.045504738,-0.07892105,-0.030701652,-0.05246808,-0.018394595,0.05633831,0.074195646,0.03074656,-0.08436045,-0.003673492,0.01369514,0.06872484,-0.03950698,0.02760671,-0.052420177,0.06781778,-0.03515192,-0.104891576,0.00991372,-0.046697147,0.05663981,0.042565495,0.010991592,-0.07932131,-0.09418204,0.022294823,0.025734894,-0.06028807,0.056381434,-0.0065288935,-0.053045236,0.04606399,-0.056317173,0.031938836,-0.05727569,0.053566452,-0.023657603,-0.005382845,-0.035027508,0.108028084,0.024911487,-0.08843112,-0.034895055,-0.038646467,-0.08718413,-0.017291496,-0.024915036,0.027173594,-0.019501336,0.011435129,-0.07001169,0.08377253,-0.07175142,-0.03650649,-0.01606514,0.023748018,-0.0001115636,0.06087214,-0.0013312399,-0.043323997,0.084014095,-0.0022620559,0.078132235,-0.0025271815,0.05479477,-0.0017825719,0.062596835,-0.06192696,-0.03541057,0.06318019,0.032871798,-0.008977983,0.027110387,-0.042718302,-0.0025751395,0.0065480713,0.078198306,-0.026251566,-0.011097958,0.07515679,0.0016210186,-0.02228054,0.0050798017,-0.06699631,0.067909196,-0.096791536,-0.07869691,-0.0086936215,0.024454106,0.06714419,-0.011907976,-0.04127345,0.026224475,-0.029784404,-0.0040682815,-0.08220541,-0.021290587,-0.11319441,-0.031053683,0.058183763,-0.003538074,-0.068604365,-0.06505616,-0.011174077,-0.06673519,-0.04619757,0.006228652,-0.025293086,-0.02784969,-0.018867316,0.002196269,-0.05307842,0.028987711,-0.045712575,0.02015289,-0.06633842,-0.037796855,0.038086,0.09896131,-0.02187718,0.040707543,0.05709466,-0.0039267614,-0.02039856,0.0181687,0.009350222,0.037932947,0.044497777,-0.0587289,-0.039175138,0.06855872,0.054268934,0.026739638,0.013013702,0.04787138,-0.025126405,0.026378635,0.03510134,-0.023576941,-0.032521762,-0.06070127,-0.041246638,0.087339774,-0.053652667,-0.07035594,0.026389563,-0.05705902,0.023466213,0.006515952,0.03539777,-0.085413076,-0.028467167,0.042851068,0.030872576,0.05221798,-0.075547434,0.037033886,0.070976615,-0.07121907,0.0077066626,-0.037028,-0.01742085,0.040588487,0.013418514,0.03111971,0.06387836,0.060697198,0.02171116,-0.040907834,0.033247206,-0.0031764135,0.08372695,-0.01657133,-0.08594974,0.014221385,-0.08128053,0.03755523,0.019195031,0.036903825,-0.0075834654,0.016005678,0.024176002,0.055895858,0.009802461,0.04261747,0.044863492,-0.023797935,-0.064301044,0.09495274,-0.012825603,-0.04334187,-0.0071426313,0.022277743,-0.07838807,0.018642595,0.019043654,0.028665306,0.035216622,-0.054215305,0.046367206,-0.039623406,0.02510603,0.004885899,-0.02494651,-0.051605277,0.014335064,-0.04765707,-0.042114846,-0.03075076,-0.030889314,-0.07118286,-0.020129709,-0.05819553,-0.011293757,0.019985292,0.047257416,-0.06713957,-0.033069815,-0.0051385025
1,-0.090540156,0.056355678,-1.6521662e-05,-0.043551385,0.08275963,0.022380881,0.032160208,-0.0135628255,0.07624839,0.0035846457,-0.013330882,0.031826075,0.053049576,0.013468694,-0.08558732,-0.06889423,0.006304728,-0.072430134,0.002354404,0.046648666,-0.049212478,-0.032446608,0.030399881,-0.072147295,0.034025364,0.036888555,-0.020602845,0.018834192,-0.010290496,-0.018918708,-0.07216924,0.099853605,0.061571307,-0.0374257,0.08505765,-0.06949915,0.079543434,0.055048894,-0.08334861,-0.03268293,-0.036719777,-0.021334853,0.059251532,0.07764737,0.030139713,-0.092352174,0.00597078,0.007010746,0.06347318,-0.027080644,0.0397613,-0.06339476,0.07899119,-0.03422746,-0.088488564,0.006938249,-0.052001737,0.05774309,0.058211476,0.016083565,-0.083120525,-0.105106205,0.017163265,0.01440418,-0.06541873,0.06464111,-0.014772663,-0.066322625,0.05953668,-0.0565706,0.03481455,-0.07216332,0.06802355,-0.024272485,0.0013169125,-0.031460937,0.11674407,0.010910813,-0.09531555,-0.03973123,-0.02727661,-0.10081746,-0.007944746,-0.03449502,0.020359099,-0.016067585,0.0020919074,-0.07842744,0.08941903,-0.0873684,-0.049508557,-0.01970541,0.012849184,-0.013524743,0.0688944,0.007204543,-0.043464825,0.0969774,0.002393865,0.089931175,-0.006817712,0.05025835,0.009142166,0.06962656,-0.048854046,-0.040735297,0.06870519,0.011349964,-0.0031178743,0.029105809,-0.047937647,0.0032190504,0.0133015085,0.085100405,-0.032435607,-0.017287828,0.08369112,-0.0016710754,-0.0061542285,0.013338359,-0.07363348,0.07182668,-0.09942734,-0.06458173,0.0037878174,0.015843078,0.07053466,-0.013380203,-0.033183526,0.013734713,-0.03473564,-0.017980073,-0.09158874,-0.027709113,-0.120171815,-0.040586438,0.062651046,0.004832754,-0.07486592,-0.06956245,-0.021159457,-0.06791823,-0.035398144,0.00489304,-0.033011567,-0.034332108,-0.026278483,0.01084145,-0.058087476,0.017426286,-0.057131834,0.031090133,-0.06690944,-0.0441645,0.03358741,0.10547112,-0.012735204,0.035872757,0.05738395,-0.01784535,-0.025508549,0.0274285,0.020708248,0.049873754,0.061412737,-0.068103924,-0.03706404,0.06870305,0.059537888,0.015006397,-0.001808878,0.04394142,-0.036140572,0.011740562,0.038207836,-0.035143055,-0.02087729,-0.06902729,-0.047782913,0.09436837,-0.055552408,-0.07912603,0.032044984,-0.0645102,0.015218058,0.01043812,0.038666733,-0.07723071,-0.03860866,0.049873453,0.04544133,0.06180662,-0.08076193,0.04057893,0.081212886,-0.07239668,0.018018318,-0.024220929,-0.014279438,0.05095599,0.002162436,0.033055697,0.07365745,0.07071941,0.009554916,-0.038460955,0.04592117,-0.010110352,0.08825896,-0.02156912,-0.09934786,0.016625203,-0.09103832,0.053635344,0.024494018,0.04161512,-0.01209647,0.0175173,0.033586465,0.06578833,0.0026032785,0.049701713,0.031833045,-0.033392455,-0.07514307,0.1026931,-0.021325352,-0.045225162,-0.016281895,0.030243732,-0.08113949,0.017454213,0.021160297,0.013551133,0.04690864,-0.058057986,0.046854444,-0.047802344,0.022934727,0.0049276724,-0.0317218,-0.055472806,0.0085201,-0.043823782,-0.03637772,-0.019748092,-0.026793782,-0.08146398,-0.021972511,-0.07096095,-0.024139076,0.0130529,0.058365986,-0.059103325,-0.03764809,0.008279832
1,0.74795145,-0.83390105,0.74659425,0.24098597,-0.00384086,0.72832435,-0.41356164,0.21524437,-0.45971006,-0.20347594,0.09422553,0.41113308,-0.21916495,-0.5657127,0.33956373,0.17578106,0.39279002,0.4570439,0.31452182,-0.4762045,0.47177398,0.113535635,-0.57215804,0.27959153,0.53608257,-0.31864193,0.42104724,-0.084061235,0.16337442,-0.2057563,0.17857073,-0.4538449,-0.33996868,0.35868663,-0.5907622,0.14476115,0.5428538,-0.40360537,0.16172853,0.17197292,-0.79988885,-0.038565695,-0.2718893,-0.047813293,-0.015232611,0.22426197,-0.2172615,0.23549204,0.45397177,-0.3994366,-0.5205882,0.27267042,-0.34544927,-0.005974967,-0.48440093,-0.029408574,0.19203581,-0.14332259,-0.5438553,-0.5483732,0.07190913,0.3790881,0.08455378,0.5716997,0.17393391,-0.2135626,0.23020795,0.39327857,-0.21098739,0.061582986,0.028627617,0.56137353,-0.56398594,0.24368641,0.011688329,-0.14911556,-0.48322526,0.4699075,0.0949273,0.35129195,-0.6996873,0.45850116,-0.19391868,0.44640413,0.6464832,-0.28831774,0.35302716,0.16258956,-0.22853509,0.79481107,0.52683926,0.084587544,0.65132546,0.59723717,-0.28807706,-0.5474574,0.24747677,-0.35734606,-0.07478133,-0.18263377,0.315377,0.3958181,-0.28307992,-0.2516024,-0.6238752,0.043976504,-0.16355872,1.1573732,-0.21288106,0.17165443,0.59104735,-0.34541982,-0.17461914,-0.14908625,0.11768744,0.12810272,-0.35690975,0.36176986,-0.8838666,-0.47689384,0.13306794,-0.16864526,0.031565033,-0.7763263,-0.57398057,0.34296134,0.083596416,0.06970152,-0.22536533,0.43637592,0.21459092,0.28609312,0.36192262,0.17585401,0.0834637,0.4602641,-0.15949953,-0.42243078,0.2581516,0.2889741,0.43765503,0.065427884,-0.74364704,0.15873185,0.26595718,0.4475508,-0.03739021,-0.444405,0.19346252,0.08001164,0.29750967,-0.5603756,0.21918291,0.50317335,0.112101704,-0.3584235,-0.5783254,0.18113935,0.01781344,0.7140005,0.25814933,-0.37232402,-0.41071165,-0.5250576,-0.6979742,0.3634318,-0.46084243,-0.0448788,-0.056376003,0.4554812,0.6993061,0.27069768,0.18680531,0.88055927,-0.08189948,0.45117137,-0.6280455,-0.020074334,0.36943287,-0.07630612,0.015557919,-0.019124787,0.08711446,0.1427756,0.4827394,-0.000103700906,-0.12031954,-0.2427087,0.26553932,-0.40420917,-0.5843568,-0.42624992,0.15116756,-0.12735216,-0.25268444,0.12404898,-0.6127157,-0.40588686,-0.30259398,-0.31176618,0.61865264,-0.091018334,-0.4056839,-0.34850183,0.48255783,-0.1922403,-0.50965756,0.031267583,-0.0389297,0.025617843,0.41390878,-0.025855593,0.22869755,-0.63635105,-0.07642701,-0.0797224,0.112669036,-0.087950684,-0.5163485,-0.52315277,0.495887,-0.30587125,0.8831819,0.42550072,0.34292752,-0.12666495,0.4339184,0.10667126,0.3639352,-0.61608255,-0.052232333,0.047909386,-0.079971954,1.047416,-0.6218595,0.12903114,0.030904919,0.24631861,-0.0835059,0.076775365,0.22613177,0.27163118,0.305082,-0.28506523,-0.27711013,-0.30594197,-0.3528663,0.24580616,0.04130808,0.20547618,0.35176587,0.47653863,-0.6100638,-0.26916233,0.12534185,-0.88808805
1,0.7207697,-0.80115944,0.72217375,0.23298423,-0.0029003136,0.6973517,-0.3971015,0.20589967,-0.44400203,-0.19424939,0.09070165,0.39660913,-0.21049096,-0.5542459,0.33004972,0.171499,0.37721166,0.44215333,0.30728054,-0.45732987,0.45217812,0.10851955,-0.5549912,0.27026266,0.51533306,-0.30772665,0.40545365,-0.080329895,0.16039044,-0.2003089,0.17021719,-0.43892425,-0.32611996,0.34829995,-0.5723468,0.13942039,0.5248853,-0.39180914,0.15315455,0.16411963,-0.7743649,-0.035859615,-0.2647504,-0.044932794,-0.012242202,0.21550733,-0.21335065,0.22785948,0.4371473,-0.38550505,-0.50131464,0.2597835,-0.33428207,-0.0039984137,-0.4659062,-0.02710756,0.18873122,-0.13894436,-0.52384484,-0.52896947,0.06685723,0.36473536,0.0836017,0.55028445,0.16853134,-0.2091668,0.22264427,0.37759933,-0.19750571,0.06081407,0.027279783,0.5394137,-0.5437403,0.2385109,0.008895963,-0.14607958,-0.46722898,0.45431766,0.089911975,0.33542162,-0.67532855,0.43980962,-0.18850774,0.43108317,0.62332165,-0.27974975,0.337877,0.16061707,-0.22130546,0.7636213,0.508101,0.08092208,0.6286671,0.57729363,-0.27510887,-0.52890396,0.24183835,-0.3457906,-0.072427504,-0.1779989,0.303059,0.38194087,-0.27332985,-0.24574909,-0.601301,0.040002894,-0.16092107,1.1176412,-0.2099826,0.16274552,0.569091,-0.33600456,-0.16799922,-0.14301106,0.112605415,0.12795843,-0.34490335,0.34987405,-0.8521958,-0.46173194,0.12783757,-0.16400062,0.032328658,-0.7484119,-0.55592823,0.33405522,0.08141323,0.068872616,-0.2206492,0.41954628,0.20741278,0.27952313,0.3509053,0.1663673,0.08073123,0.44138724,-0.15314993,-0.40789977,0.25070998,0.2772225,0.4258814,0.05916625,-0.71842796,0.15431213,0.25470424,0.43268117,-0.035637416,-0.43330657,0.18765596,0.081174195,0.28903413,-0.54270715,0.2106243,0.48750785,0.108397245,-0.3461705,-0.5552276,0.17631182,0.017536428,0.6883933,0.2523187,-0.3593329,-0.3994223,-0.5042932,-0.674939,0.34450865,-0.44750395,-0.045663793,-0.05584853,0.44285578,0.6782174,0.261173,0.18043533,0.85273945,-0.07800446,0.437342,-0.60611135,-0.022367936,0.356306,-0.071949765,0.012406949,-0.017109692,0.08670352,0.1354848,0.46841654,-0.0012780111,-0.10835341,-0.23335744,0.25891337,-0.3923413,-0.5614803,-0.40990606,0.14780606,-0.11890635,-0.2416775,0.11728105,-0.58968484,-0.3945576,-0.2916697,-0.29943407,0.5967317,-0.08834555,-0.39046356,-0.3353436,0.46810478,-0.18598816,-0.49156553,0.030671813,-0.036435053,0.02591825,0.39881706,-0.025471203,0.217322,-0.6150012,-0.07537308,-0.07537135,0.10941185,-0.08657459,-0.49972966,-0.50449926,0.47711906,-0.2929078,0.856302,0.41298696,0.32971132,-0.1261125,0.41749614,0.103625745,0.34707806,-0.5974287,-0.05085387,0.04944761,-0.078714795,1.0105553,-0.5978349,0.124969706,0.032958344,0.23549071,-0.080526516,0.071669,0.21756124,0.26278043,0.29807374,-0.27454597,-0.2656201,-0.29554856,-0.3434639,0.23295867,0.037488583,0.19778934,0.33836374,0.4605987,-0.5869851,-0.2590971,0.123372376,-0.85597897
0,-0.087246776,0.049931604,0.002473237,-0.042819753,0.08800871,0.026944783,0.030175427,-0.010833029,0.08054519,-2.0848587e-05,-0.014104449,0.032648426,0.053071156,0.018632341,-0.08907741,-0.06888722,0.006344259,-0.07168791,-0.0014813859,0.045063294,-0.045878217,-0.03222058,0.02904126,-0.07370193,0.03775728,0.033645473,-0.019917421,0.016998814,-0.009312435,-0.01738653,-0.07430644,0.100249246,0.05896274,-0.0369846,0.08344747,-0.070490986,0.08520903,0.058710776,-0.08594091,-0.032903973,-0.04094821,-0.021581043,0.05966138,0.07832159,0.030649295,-0.09598794,0.006984491,0.0035643484,0.06714598,-0.02857551,0.0366356,-0.06477007,0.08290313,-0.03553135,-0.09527886,0.0054123066,-0.054156065,0.05958628,0.060668007,0.0137741845,-0.085039556,-0.10353804,0.014158215,0.018436007,-0.06551831,0.06830991,-0.017543979,-0.06612798,0.05661616,-0.056775045,0.03811713,-0.066360205,0.06722441,-0.027588842,0.0009967051,-0.029369272,0.11780923,0.005972855,-0.09695882,-0.036745463,-0.032931075,-0.10170945,-0.0050974693,-0.03049117,0.024392057,-0.014204174,0.0044211503,-0.08422669,0.09189994,-0.08012705,-0.048636332,-0.018940149,0.01638477,-0.01456202,0.066550024,0.0065564984,-0.050413813,0.096704155,0.006080947,0.09404558,-0.0065590567,0.05292926,0.0082216505,0.06857325,-0.051512882,-0.039473172,0.07222891,0.01858845,-0.0020854548,0.03355584,-0.049614184,0.0040193945,0.014970783,0.08698395,-0.03120094,-0.016889663,0.08531405,0.00015875744,-0.015573746,0.013055023,-0.07372204,0.068444766,-0.10277203,-0.07031162,0.0023863437,0.01361417,0.07196514,-0.017028403,-0.027520694,0.019871684,-0.03809561,-0.020105932,-0.09298146,-0.026440132,-0.12243854,-0.040154297,0.065995775,0.0073116776,-0.07767906,-0.07155083,-0.01732985,-0.06659742,-0.038748637,0.0029964964,-0.02995536,-0.02906828,-0.02447478,0.01067858,-0.06350292,0.014491759,-0.055793732,0.03190876,-0.07000586,-0.047550842,0.03292591,0.104947925,-0.017581183,0.035985798,0.059398886,-0.01223749,-0.031121213,0.027868705,0.02013671,0.046114177,0.061800227,-0.066834606,-0.039444134,0.06828762,0.060768984,0.018085279,0.0019901358,0.04313684,-0.0350588,0.010148805,0.03754184,-0.034605794,-0.025846533,-0.07009293,-0.04736533,0.09370513,-0.054869313,-0.08123228,0.034380972,-0.06570491,0.017603725,0.0114544425,0.033232495,-0.08046819,-0.04211228,0.04837293,0.040522177,0.060233474,-0.08247584,0.040882844,0.08044857,-0.076362595,0.015726974,-0.025513161,-0.017366793,0.05020702,0.007824434,0.036054723,0.07746443,0.07227775,0.010490607,-0.036267657,0.043718524,-0.011379812,0.09230049,-0.025798524,-0.09859438,0.019801483,-0.09220682,0.04919873,0.027658258,0.04108784,-0.016134318,0.017143913,0.034346774,0.06262007,0.005012105,0.05158137,0.035952613,-0.039874326,-0.076612175,0.111267306,-0.0190919,-0.047233913,-0.01410892,0.028970823,-0.085556045,0.013812639,0.02105629,0.016067782,0.04307044,-0.063343726,0.047401417,-0.04955841,0.021872617,0.009118492,-0.031043641,-0.05554466,0.004364077,-0.045832723,-0.039326657,-0.02263103,-0.0285504,-0.08128106,-0.020622665,-0.07222618,-0.02480363,0.017428732,0.05550571,-0.062953226,-0.042289052,0.0015779424
0,-0.09502066,0.062779486,-0.003160268,-0.04533919,0.08287026,0.016400028,0.03682532,-0.016987512,0.07810568,0.008530689,-0.0152487885,0.027748238,0.054493725,0.0158859,-0.08750574,-0.06906691,0.004172804,-0.07637698,0.0028099213,0.049790785,-0.054552637,-0.032930564,0.033591993,-0.07497451,0.028811323,0.039378494,-0.02819442,0.02050519,-0.013364384,-0.018341659,-0.07247986,0.10211779,0.06626206,-0.040740736,0.089759834,-0.06854577,0.07218469,0.05608096,-0.0831523,-0.033316568,-0.030055756,-0.020507593,0.058370642,0.07814114,0.03086108,-0.09441191,0.0073973425,0.0074801175,0.05856164,-0.024796028,0.040886853,-0.066208154,0.079473734,-0.03439129,-0.07949908,0.0070592966,-0.054167397,0.056807917,0.062208936,0.01693595,-0.08212452,-0.10647806,0.016372666,0.008341684,-0.067826346,0.06438794,-0.016630288,-0.07106668,0.06398389,-0.05694964,0.03359476,-0.07662998,0.071404815,-0.02209772,0.0027996302,-0.031108558,0.11581798,0.00883244,-0.098248184,-0.042045478,-0.021253524,-0.10470887,-0.007189408,-0.03903371,0.016673012,-0.015203632,-0.0012890985,-0.077751786,0.090303406,-0.09237357,-0.0534396,-0.02233501,0.009093163,-0.015559252,0.07181224,0.009105916,-0.041391432,0.098078676,0.0028174995,0.08962415,-0.008612411,0.04682504,0.011055583,0.07002197,-0.042255234,-0.04254979,0.06913993,0.0025228437,-0.003373202,0.025790196,-0.04869689,0.0045532063,0.015469454,0.08512664,-0.033361815,-0.018889016,0.08636106,-0.002980336,0.00061759446,0.017451577,-0.076045215,0.07413374,-0.09810701,-0.057719454,0.00739141,0.014125012,0.07130522,-0.010962654,-0.032727987,0.0107358005,-0.036701053,-0.020864919,-0.095074154,-0.030926207,-0.118734404,-0.043396115,0.06321512,0.007905463,-0.07643214,-0.06666851,-0.023094602,-0.06930293,-0.033419147,0.0047323364,-0.03399474,-0.036859345,-0.02850055,0.012690742,-0.058997,0.016257796,-0.060670137,0.032398127,-0.06723797,-0.04254727,0.034083616,0.10769062,-0.007049191,0.03149648,0.05482439,-0.022900017,-0.026257217,0.028602783,0.023301508,0.05140625,0.06447287,-0.07136258,-0.03354473,0.06725812,0.06210371,0.011552934,-0.007941149,0.0415573,-0.03901118,0.0070696026,0.037824757,-0.03796529,-0.014951201,-0.070597075,-0.050126985,0.09777866,-0.05660645,-0.08064994,0.032854296,-0.067557186,0.012872328,0.011804314,0.041944157,-0.07339111,-0.039143745,0.05322074,0.048859425,0.064594135,-0.079960674,0.04432056,0.08300294,-0.07216564,0.021650301,-0.021186,-0.011284713,0.05261968,-0.0010246634,0.033002358,0.07638869,0.07439744,0.00459388,-0.038431667,0.04946436,-0.011023771,0.08895786,-0.02304394,-0.10361566,0.017106697,-0.093611225,0.0575507,0.024745416,0.045574248,-0.01224757,0.016712815,0.035117988,0.070274614,-0.0010313038,0.05170899,0.029108256,-0.03396212,-0.07736191,0.09872817,-0.023558095,-0.045602567,-0.021091416,0.03222043,-0.081749916,0.017377466,0.022224937,0.00886241,0.049696587,-0.05714439,0.046952583,-0.04912525,0.022963682,0.002634341,-0.03384251,-0.055650212,0.006591946,-0.04364552,-0.033564188,-0.01710283,-0.027085388,-0.08403756,-0.024734253,-0.07225295,-0.028158745,0.0065179686,0.061648585,-0.05470926,-0.03763137,0.013095155
0,-0.116598755,0.08117609,-0.018452883,-0.06021697,0.08966881,0.0016254522,0.05184756,-0.030220246,0.09736728,0.0158601,-0.018677976,0.012907624,0.0641789,0.04121093,-0.10904763,-0.07734207,-0.01048957,-0.090601325,-0.015088221,0.05922232,-0.068663694,-0.041911624,0.05268921,-0.08996914,0.0191486,0.044993296,-0.042343657,0.029909737,-0.017625093,-0.008142104,-0.085870996,0.115117915,0.07311196,-0.050271712,0.10804603,-0.07777973,0.0644475,0.07273444,-0.09276536,-0.036707934,-0.011653064,-0.02445213,0.061128844,0.084592,0.03216919,-0.11136129,0.021923888,-0.0061396193,0.05427199,-0.009382725,0.05378892,-0.08501974,0.100493014,-0.03496311,-0.0614322,0.001493223,-0.06397624,0.060405977,0.087950155,0.021065557,-0.088724405,-0.11946831,0.0067423414,-0.005200877,-0.07617064,0.08039519,-0.030374188,-0.091934696,0.08051063,-0.056560293,0.042525318,-0.091572694,0.09110572,-0.025505176,0.013145346,-0.025487415,0.12861162,-0.017913438,-0.11064099,-0.046530575,-0.010248916,-0.12606245,0.009425813,-0.04858476,0.010605274,-0.008482084,-0.014987755,-0.095562704,0.10014711,-0.105701864,-0.071096875,-0.027622657,-0.0031804591,-0.034544982,0.08018682,0.020536749,-0.05011586,0.11554182,0.014461507,0.11112483,-0.015422942,0.0428235,0.02497525,0.07861217,-0.026179262,-0.049204066,0.08090865,-0.021480525,0.0060110316,0.032123823,-0.05876468,0.014647599,0.027475663,0.096974336,-0.041131094,-0.028409218,0.102357134,-0.0062996023,0.012026452,0.030674756,-0.08709252,0.076941855,-0.105578646,-0.04293917,0.025099527,-0.0014422648,0.07795265,-0.016659867,-0.014802024,0.0006376435,-0.048682563,-0.04337403,-0.112227276,-0.03831771,-0.1298695,-0.05669592,0.073609084,0.023900738,-0.0889975,-0.074664034,-0.03176585,-0.070229545,-0.022271866,0.0002206387,-0.039680667,-0.041144952,-0.03749083,0.023656158,-0.07248521,-0.0039114133,-0.076378696,0.04747596,-0.07278856,-0.05363743,0.027335301,0.11588545,0.0020401413,0.023587177,0.056846786,-0.03701562,-0.03934738,0.0413591,0.039112806,0.06247298,0.08866096,-0.08501723,-0.03294874,0.06561894,0.071551844,-0.0021343492,-0.02532214,0.034107815,-0.054550156,-0.016906042,0.041449055,-0.053685747,-0.0028416924,-0.08512409,-0.059523582,0.10840974,-0.05965912,-0.09517042,0.045279764,-0.08085352,0.0046237065,0.018967053,0.041326284,-0.06451244,-0.057812896,0.061849725,0.06459151,0.07610388,-0.08732808,0.05046123,0.096738264,-0.07726978,0.034497663,-0.0048213936,-0.010267962,0.06563402,-0.010625997,0.03844368,0.094900325,0.09190911,-0.011129211,-0.029386424,0.06557266,-0.021568362,0.10047123,-0.035588063,-0.122023106,0.02538975,-0.1097949,0.07509556,0.035903152,0.05295033,-0.024204556,0.018084563,0.048724554,0.081082866,-0.0091702845,0.06481156,0.014739331,-0.055087164,-0.09549847,0.11746377,-0.032687686,-0.050563928,-0.03258089,0.04204223,-0.0910529,0.0103166215,0.025075385,-0.008946244,0.061924446,-0.06962838,0.04889156,-0.06394444,0.018317342,0.0063019637,-0.04379016,-0.060701728,-0.0069258995,-0.04168742,-0.027561344,-0.0036081318,-0.023732785,-0.09837039,-0.028293291,-0.09146584,-0.04797052,-1.6988546e-05,0.07383719,-0.04525918,-0.048936855,0.024665488
1,0.7913845,-0.87867504,0.7855824,0.2565279,-0.010312114,0.7612022,-0.4355792,0.2254879,-0.4890598,-0.2135594,0.100497805,0.43005687,-0.23338847,-0.6000457,0.3629641,0.19046496,0.4115318,0.48715883,0.33175355,-0.5031135,0.4965126,0.11995182,-0.60422623,0.29813424,0.56081814,-0.3382332,0.4432045,-0.08913118,0.17431623,-0.2164353,0.19000863,-0.4863574,-0.36137152,0.38092542,-0.62849605,0.15518995,0.5678852,-0.42859942,0.17319748,0.18154268,-0.84041387,-0.038746268,-0.29198635,-0.05635811,-0.0155972205,0.24057823,-0.2299346,0.2461604,0.4727147,-0.41766286,-0.5491548,0.28883034,-0.36707586,-0.003411509,-0.502647,-0.031724222,0.20827332,-0.1553479,-0.5747624,-0.5783231,0.07902637,0.4045529,0.08776151,0.60034394,0.18828665,-0.23007414,0.24310736,0.41509196,-0.2220386,0.07045179,0.028803913,0.5942789,-0.5973203,0.2594928,0.01119636,-0.15597166,-0.5172932,0.49166182,0.10525032,0.37091172,-0.7343968,0.4882905,-0.20416856,0.47314587,0.67910707,-0.30294254,0.3696791,0.17653714,-0.24752018,0.84023774,0.5562989,0.09023678,0.68460405,0.62894565,-0.30640125,-0.57719135,0.26431856,-0.38355717,-0.0785224,-0.19823454,0.3311642,0.4133907,-0.2985003,-0.27292785,-0.6522861,0.04706456,-0.17755103,1.21787,-0.22474653,0.17873038,0.6243242,-0.36450723,-0.18393111,-0.16144876,0.124785,0.13808341,-0.3801844,0.38187453,-0.92954224,-0.5040837,0.14513537,-0.18425764,0.04164324,-0.8117546,-0.603686,0.3603229,0.082820565,0.07256522,-0.23480777,0.45715356,0.22837697,0.30269694,0.38674527,0.18494152,0.09538148,0.48430273,-0.17046914,-0.44442752,0.27644175,0.30818957,0.46469542,0.07171622,-0.78108245,0.16800833,0.28044337,0.47478083,-0.037330575,-0.4701091,0.20706427,0.08388502,0.3175725,-0.5929267,0.23443735,0.5326591,0.11487545,-0.38518813,-0.60656303,0.18850142,0.014623459,0.75287014,0.2737104,-0.39193967,-0.4343555,-0.5548243,-0.7396407,0.38203034,-0.48496044,-0.05423684,-0.06403007,0.4794846,0.7380326,0.27897224,0.1985864,0.92504936,-0.087606624,0.47866783,-0.65987295,-0.019824639,0.39052108,-0.085911795,0.017933268,-0.01328006,0.092506856,0.15293166,0.50878537,0.0003336221,-0.12470613,-0.2487148,0.28114983,-0.42909756,-0.61485827,-0.4509915,0.16544384,-0.13383168,-0.27029023,0.13380232,-0.6450201,-0.42597282,-0.31865045,-0.33010843,0.65088105,-0.097312056,-0.4301042,-0.3716935,0.5083678,-0.199527,-0.5389117,0.033087976,-0.04514333,0.02570427,0.44164246,-0.028541751,0.24362491,-0.6737888,-0.08189742,-0.08578836,0.119025245,-0.09536775,-0.5453874,-0.5538872,0.519581,-0.32282686,0.92845345,0.44857413,0.363047,-0.14135677,0.45663407,0.114400566,0.38195205,-0.65375376,-0.050101392,0.05002335,-0.0889628,1.0999825,-0.6556612,0.13803296,0.032758243,0.2599506,-0.0909812,0.080103144,0.23945326,0.29118466,0.32223886,-0.29500502,-0.28816542,-0.3188801,-0.37066507,0.26071614,0.043428514,0.21945982,0.3708638,0.5020147,-0.64602077,-0.2794347,0.13560735,-0.93455386
1,0.47204596,-0.5374106,0.50235647,0.1484255,0.021657396,0.4893673,-0.2653614,0.13822865,-0.2880997,-0.13260114,0.057567567,0.2826647,-0.12917808,-0.38138705,0.20552087,0.10048321,0.26253942,0.2830227,0.21453232,-0.30329233,0.29850566,0.064646535,-0.37733835,0.16633876,0.36565554,-0.2016694,0.27340582,-0.048711807,0.108242474,-0.14498267,0.09586802,-0.27607,-0.20636283,0.23166405,-0.3728062,0.07774562,0.38528767,-0.2580443,0.08144622,0.1049186,-0.5475302,-0.029743664,-0.16903593,-0.008025635,0.0019783638,0.12182917,-0.14656548,0.16061197,0.31947127,-0.27662256,-0.33640596,0.15935871,-0.2093288,-0.012136584,-0.34560153,-0.016130969,0.11711614,-0.08017884,-0.3449661,-0.363535,0.02326588,0.22249863,0.06427151,0.3828051,0.09655167,-0.1282355,0.15021592,0.24065836,-0.117253296,0.025882382,0.028666282,0.3524016,-0.35684615,0.1612092,0.0072015226,-0.11233089,-0.29055834,0.31860712,0.03503576,0.22039782,-0.4759109,0.2752695,-0.13389954,0.2877015,0.4372202,-0.20017394,0.23436417,0.0913176,-0.12758276,0.5041943,0.33589184,0.05004287,0.43859312,0.3976312,-0.16935,-0.36492532,0.15633623,-0.21195334,-0.049183197,-0.09732859,0.20941529,0.2796043,-0.18758892,-0.15191023,-0.42990574,0.015226562,-0.092341386,0.7778147,-0.14726572,0.120442614,0.38188797,-0.23281309,-0.11266942,-0.07302597,0.068026505,0.08463346,-0.21408615,0.24147767,-0.5927116,-0.3145911,0.06573684,-0.09150705,-0.006828442,-0.53757465,-0.38478252,0.23634714,0.07962552,0.04668405,-0.16304308,0.2938544,0.13321266,0.18787979,0.21529643,0.1071937,0.023082525,0.29318818,-0.08829693,-0.28156427,0.15192929,0.17364389,0.29078797,0.01940566,-0.50821555,0.1074859,0.16713445,0.2896389,-0.03348971,-0.29840946,0.11287028,0.059603512,0.1845885,-0.36975294,0.12565994,0.328376,0.08676556,-0.20966098,-0.3877254,0.13182688,0.028195973,0.47083786,0.17010835,-0.24277875,-0.27146327,-0.33521116,-0.45029244,0.21611674,-0.32192504,-0.013105571,-0.021835351,0.3122139,0.46933877,0.19391853,0.11248923,0.59548,-0.04321798,0.29332778,-0.42509297,-0.03930098,0.23328987,-0.019687459,-0.009808954,-0.034994356,0.0711104,0.07267682,0.328788,0.0014828984,-0.061059214,-0.18339115,0.16955695,-0.25726846,-0.3737581,-0.26548547,0.07925336,-0.068716794,-0.14463705,0.059658736,-0.40248024,-0.2823467,-0.20668967,-0.19329123,0.4136458,-0.053930845,-0.24834998,-0.21126333,0.32696635,-0.14069897,-0.325873,0.01955029,0.0005435571,0.01228893,0.24576178,-0.0126290545,0.12416048,-0.41106942,-0.04554743,-0.03880485,0.07259448,-0.056418337,-0.33881417,-0.33025366,0.32998744,-0.18852219,0.60472095,0.27885887,0.2069832,-0.060711615,0.2838425,0.060127407,0.23412146,-0.40717027,-0.060604796,0.040369205,-0.049785033,0.70552325,-0.40095153,0.068266645,0.037067063,0.14820723,-0.04858653,0.048976205,0.13950604,0.16634256,0.21063736,-0.20378515,-0.1949008,-0.20997812,-0.24734418,0.13679242,0.017070863,0.11668475,0.2268207,0.3208389,-0.3884071,-0.19573441,0.074857585,-0.591452
1,0.7912429,-0.878556,0.7855356,0.25643831,-0.010336008,0.76114607,-0.4355758,0.2254814,-0.4889987,-0.21357831,0.10046198,0.42998803,-0.23330764,-0.5999025,0.3629426,0.19043611,0.41147605,0.48708332,0.33175653,-0.5030887,0.49643624,0.119870536,-0.60410875,0.29802513,0.5607683,-0.33812234,0.4431694,-0.08909427,0.17428324,-0.21640623,0.19001694,-0.48627657,-0.3613196,0.38090703,-0.6283351,0.15509148,0.56782264,-0.42849675,0.17320171,0.18158016,-0.8403311,-0.038755104,-0.29201886,-0.056347724,-0.015549589,0.24049276,-0.22987553,0.24614483,0.47265348,-0.4176628,-0.54906774,0.288752,-0.36700428,-0.003380999,-0.5025957,-0.031713866,0.20828797,-0.15530792,-0.5746327,-0.5783005,0.079011336,0.4044596,0.08777416,0.60027564,0.18827459,-0.23009074,0.24308819,0.41507515,-0.22207609,0.07046421,0.028838156,0.5941904,-0.5972459,0.2594753,0.011201613,-0.15598443,-0.5172454,0.49157044,0.105240874,0.37086922,-0.73428774,0.48820835,-0.20418277,0.47314718,0.6790131,-0.30282694,0.36959466,0.176523,-0.24742544,0.84021735,0.5561803,0.09027262,0.6845403,0.6288871,-0.3064081,-0.57711554,0.26420507,-0.38352183,-0.078484155,-0.19828068,0.3311206,0.41336963,-0.29847324,-0.27287742,-0.6522421,0.047100287,-0.17748487,1.2177763,-0.22463277,0.1787016,0.6241979,-0.3644241,-0.1838855,-0.16138282,0.12474506,0.13809413,-0.38014373,0.3817981,-0.929421,-0.50402015,0.14508134,-0.18424864,0.04167117,-0.8116704,-0.60359544,0.3603182,0.08281444,0.0725842,-0.23472726,0.45710957,0.22830203,0.3027107,0.38666338,0.18496281,0.09529276,0.48421368,-0.17046598,-0.4443708,0.27642244,0.30809587,0.46462455,0.071658,-0.7809973,0.16797742,0.28046548,0.47466114,-0.03727869,-0.47006887,0.20703375,0.08382658,0.3175323,-0.5928155,0.23434117,0.5326537,0.11483351,-0.3851448,-0.6064684,0.18848461,0.014574286,0.75282484,0.27369556,-0.3918269,-0.43428272,-0.55480635,-0.73957,0.38197187,-0.48485592,-0.054176617,-0.06398649,0.47948247,0.737919,0.27889344,0.19852123,0.9248691,-0.087566495,0.47863886,-0.65985805,-0.019867375,0.39044535,-0.0858777,0.017885607,-0.013197713,0.092483565,0.15289135,0.5088025,0.00038974918,-0.124716245,-0.24873878,0.28105074,-0.42897353,-0.61476666,-0.45093194,0.16540982,-0.13384232,-0.27024087,0.13374181,-0.64499414,-0.42596266,-0.318602,-0.3300276,0.6508486,-0.09731517,-0.43006378,-0.37166274,0.5083097,-0.19944122,-0.5388025,0.03308653,-0.045059226,0.025620123,0.44160676,-0.02856382,0.24354075,-0.67372525,-0.0819031,-0.08577404,0.11895327,-0.095380925,-0.5452895,-0.55376595,0.5195115,-0.32275668,0.9282945,0.44854984,0.36295497,-0.14132991,0.45655036,0.114380196,0.38189235,-0.6537554,-0.050164156,0.050047573,-0.088941574,1.0998653,-0.655608,0.13793452,0.032774583,0.2598534,-0.09098709,0.08013074,0.23945764,0.29117313,0.3221942,-0.2949828,-0.28818014,-0.3188014,-0.37058562,0.2606717,0.04343315,0.21944688,0.37085548,0.5019446,-0.64597,-0.27941373,0.13562283,-0.934454
0,-0.08752707,0.055716846,0.0019720811,-0.040829927,0.08126343,0.021963567,0.031639464,-0.012606305,0.07320941,0.0053052893,-0.013351998,0.032774378,0.05216086,0.0088488385,-0.081416115,-0.06683733,0.008525426,-0.072031274,0.007372929,0.046604555,-0.049646385,-0.030212943,0.02766367,-0.07016879,0.032458443,0.037127636,-0.022500243,0.017541433,-0.011662452,-0.020774068,-0.06891026,0.098634616,0.06336959,-0.037411444,0.08398734,-0.066611305,0.076242894,0.05139836,-0.081070766,-0.032726873,-0.037180796,-0.020288818,0.058271497,0.07687749,0.030465469,-0.089903496,0.0030698888,0.010627614,0.061347384,-0.029413093,0.03660194,-0.060018547,0.074307464,-0.034127206,-0.08714914,0.008249289,-0.051626608,0.056005344,0.054430827,0.01565859,-0.080666706,-0.1025354,0.019471474,0.0139920665,-0.06500815,0.060973875,-0.012327965,-0.06414008,0.058520496,-0.057498444,0.031771574,-0.07122581,0.06512576,-0.021639278,-0.00035547465,-0.032469753,0.11260431,0.01692127,-0.0946253,-0.04005491,-0.025774855,-0.098289534,-0.011962109,-0.03511475,0.019387314,-0.016917782,0.0029513096,-0.07388323,0.08775281,-0.08731478,-0.047705073,-0.020212285,0.013388777,-0.009729879,0.06896127,0.005262445,-0.04051409,0.0933681,-0.0005788207,0.08439821,-0.0062584206,0.048718408,0.0072107147,0.06789183,-0.048340313,-0.0402098,0.066464394,0.011351085,-0.005217837,0.024842557,-0.045948014,0.0020379378,0.0120538175,0.08236567,-0.031131137,-0.016174508,0.081434935,-0.0019059214,-0.00454185,0.013273453,-0.07239403,0.073233135,-0.09676156,-0.06346633,0.0019996837,0.018318987,0.06935081,-0.010612939,-0.037309214,0.014428364,-0.033367794,-0.013887227,-0.08973208,-0.028224465,-0.116289064,-0.03907146,0.06039159,0.002976941,-0.07220291,-0.06521942,-0.01959274,-0.069032595,-0.03706198,0.005266855,-0.03211581,-0.034765165,-0.025249984,0.0091621,-0.05507464,0.02147256,-0.05565018,0.027944535,-0.06602621,-0.040167782,0.03545381,0.10518113,-0.011101809,0.03505848,0.055188563,-0.018117346,-0.022807047,0.024550926,0.018900793,0.047331017,0.056998655,-0.06699141,-0.03436341,0.067962706,0.059352748,0.016151175,-0.0018692352,0.044242457,-0.03424431,0.014465764,0.03697034,-0.03315627,-0.019593608,-0.06621888,-0.04722933,0.09424808,-0.05558664,-0.07656019,0.029568953,-0.06337617,0.015728071,0.009515727,0.04135435,-0.07685746,-0.034434047,0.050552327,0.04315293,0.060197905,-0.07825686,0.042070124,0.0787276,-0.07078685,0.017167592,-0.026492957,-0.012322983,0.04854656,0.0028114133,0.03189834,0.07088496,0.069017634,0.010374927,-0.040402226,0.044596054,-0.0077756885,0.086117744,-0.019463098,-0.09721884,0.014885509,-0.089462206,0.051770233,0.021641914,0.04262368,-0.009049874,0.01645913,0.031372085,0.06568361,0.0025065243,0.04853846,0.034164965,-0.028190667,-0.07220283,0.095156334,-0.020159505,-0.044290036,-0.016641308,0.029205866,-0.0795894,0.018879328,0.020932429,0.01543548,0.045824807,-0.054398954,0.046455905,-0.04538001,0.024016647,0.0025020577,-0.030713312,-0.054194123,0.010350406,-0.044711437,-0.036258508,-0.021502785,-0.027727172,-0.080132954,-0.022867903,-0.06705459,-0.022264551,0.010101131,0.057050627,-0.058132157,-0.035092838,0.008523451
1,0.85950655,-0.95427513,0.8461936,0.2792237,-0.014775451,0.8245872,-0.4730374,0.24594511,-0.5298454,-0.23265967,0.10919446,0.4628639,-0.2557785,-0.64197487,0.39499864,0.20682521,0.44494677,0.52903426,0.35513583,-0.5472647,0.54131734,0.13254328,-0.6519385,0.32609874,0.60436094,-0.3660403,0.48111632,-0.09871307,0.18669295,-0.23138137,0.21144752,-0.5279433,-0.39422894,0.41094482,-0.6806022,0.17220514,0.6067937,-0.46306387,0.19365606,0.19884431,-0.9021206,-0.041189983,-0.31494954,-0.06482592,-0.020897958,0.2655137,-0.24645089,0.2657386,0.5070249,-0.44828194,-0.5956637,0.31793994,-0.39987275,-0.0032517798,-0.540104,-0.034873046,0.22437033,-0.16993134,-0.62411124,-0.62422603,0.092110485,0.4431686,0.09178662,0.6484247,0.20586194,-0.24890228,0.2634859,0.4532381,-0.24776855,0.07736793,0.029057574,0.6464029,-0.6483734,0.27820808,0.013556257,-0.1638937,-0.5621761,0.5299894,0.1195982,0.40350568,-0.79060596,0.53291893,-0.21847433,0.5118191,0.7321004,-0.32437027,0.40034175,0.19164665,-0.27076638,0.9135154,0.60440874,0.09825675,0.73814315,0.6782286,-0.3364823,-0.62200725,0.2862737,-0.41705444,-0.085015394,-0.2175105,0.35796034,0.44245452,-0.32191506,-0.2936724,-0.7021907,0.054845136,-0.19318356,1.3118079,-0.23943223,0.19326761,0.67597675,-0.39183456,-0.19943309,-0.1801295,0.13780472,0.14715762,-0.41547087,0.4116461,-1.0025026,-0.5438383,0.15993375,-0.20183368,0.04839722,-0.8726133,-0.650375,0.3862214,0.085599974,0.07923375,-0.2501867,0.4941072,0.24730557,0.32576346,0.4209804,0.20313083,0.10822494,0.5278164,-0.18868586,-0.47979364,0.3015855,0.33618718,0.4981158,0.083940715,-0.8394164,0.17990243,0.30586177,0.5133297,-0.039634936,-0.5044147,0.22546622,0.08757556,0.34436673,-0.6391227,0.25727928,0.5753141,0.121567,-0.420055,-0.6557444,0.20114899,0.01392683,0.81306,0.2951473,-0.42492417,-0.46783477,-0.60197324,-0.79907185,0.4220299,-0.51886576,-0.058843497,-0.07099843,0.51440704,0.79327106,0.30100113,0.21653736,0.99616474,-0.09669416,0.5165874,-0.7105053,-0.013518631,0.4241637,-0.098835856,0.025023822,-0.012425292,0.09543793,0.17147686,0.54599124,0.00040077418,-0.14368919,-0.2656138,0.3041765,-0.4643921,-0.66917104,-0.49121344,0.18127415,-0.15034963,-0.29621428,0.15020129,-0.6981368,-0.4563073,-0.34212184,-0.35979003,0.70196205,-0.10535767,-0.46947822,-0.40430743,0.5471197,-0.21208313,-0.5843997,0.0358781,-0.054793768,0.029509088,0.48248315,-0.031188615,0.27076373,-0.7288717,-0.08860476,-0.09632694,0.12877335,-0.101874754,-0.58907056,-0.60200065,0.5615248,-0.35299057,0.9966308,0.4838995,0.39677277,-0.15466817,0.4951524,0.12515259,0.41579422,-0.70339143,-0.048703454,0.050961528,-0.09268314,1.1865015,-0.7120841,0.15390532,0.028455302,0.28531033,-0.09821887,0.087291285,0.26139736,0.31589812,0.34469923,-0.31782216,-0.30970246,-0.34449938,-0.39551604,0.28937438,0.049982775,0.24165423,0.40180188,0.53962076,-0.70074195,-0.2981561,0.14618197,-1.0094081
1,0.074428946,-0.1106693,0.14700298,0.018966476,0.061183356,0.14897457,-0.0560519,0.0339763,-0.0362053,-0.035285525,0.006524181,0.10258526,5.7920814e-05,-0.112234995,0.013662454,-0.012282403,0.0804721,0.030708976,0.07157614,-0.05079752,0.051605787,-0.0031627864,-0.095357426,0.0044083297,0.12114374,-0.031225061,0.06527899,-0.0029312177,0.025699522,-0.057744004,-0.02007189,-0.01272627,-0.013040289,0.044625707,-0.054326683,-0.02057413,0.16161686,-0.044293057,-0.03278296,0.0068153488,-0.18447608,-0.01756553,-0.010748316,0.052277327,0.0253153,-0.02489452,-0.044811968,0.05440894,0.12720492,-0.102829054,-0.069471896,0.0040950105,-0.013498712,-0.022909649,-0.16252181,0.0070847906,0.004450408,0.016240776,-0.06258462,-0.087350406,-0.048407633,-0.006094381,0.039380565,0.11539738,-0.014667582,-0.003517515,0.03692841,0.029394772,0.006865546,-0.030458953,0.026407346,0.053301062,-0.05773848,0.03423859,-0.007478291,-0.058113426,-0.003059812,0.10843274,-0.049144216,0.030193686,-0.15356293,0.013514839,-0.054083034,0.059876718,0.13103004,-0.069817975,0.067999244,-0.012710744,0.024304755,0.081369676,0.064102,0.0037911497,0.13011065,0.10862082,0.0011465251,-0.09739138,0.015093571,-0.0012639388,-0.017815577,0.023239568,0.05536911,0.11204343,-0.05160877,-0.00079201534,-0.15495734,-0.020872343,0.014712711,0.22754218,-0.0490655,0.04425269,0.0721091,-0.06737412,-0.025137484,0.03494481,-0.0009698458,0.021970872,-0.0083337575,0.06368217,-0.16913728,-0.08061669,-0.027979366,0.023194436,-0.065396376,-0.1955871,-0.11211745,0.08541341,0.07009932,0.013079595,-0.077716306,0.09185118,0.016399205,0.05350811,0.006559357,0.012941377,-0.06882411,0.05349116,0.013493519,-0.078462645,-0.0027351715,0.00024916977,0.07408135,-0.045523398,-0.16341752,0.032588147,0.025372744,0.05376129,-0.020282282,-0.082994714,-0.0025222152,0.0418698,0.022597607,-0.08711654,-0.012766197,0.06793221,0.05160012,0.012090012,-0.11476906,0.06693651,0.044281755,0.11964322,0.040877163,-0.056498352,-0.06981001,-0.06085417,-0.09166214,0.009557683,-0.11337197,0.041576363,0.02669875,0.10907782,0.13799438,0.086433895,0.0128584895,0.18322748,0.011718392,0.06461915,-0.13361655,-0.054387644,0.034332544,0.05650695,-0.044468727,-0.053308204,0.03748089,-0.023091625,0.104413494,-0.0016770326,0.020093162,-0.10583486,0.034251284,-0.04199388,-0.0736856,-0.032684974,-0.027906612,0.01256825,0.009490706,-0.0354978,-0.096933454,-0.10777998,-0.06423805,-0.023056978,0.11740394,0.0016904095,-0.023380648,-0.013915971,0.10412759,-0.069582134,-0.061896544,0.007970989,0.05735318,-0.0025146082,0.005826734,0.0028861274,-0.022470234,-0.08425006,-0.0038182754,0.016684446,0.01708284,-0.0051891897,-0.077300206,-0.049917296,0.09104952,-0.020548012,0.1954566,0.06695363,0.013539277,0.038787533,0.064471096,-0.009414924,0.05117029,-0.09700179,-0.0702735,0.030663274,-0.003513189,0.20507087,-0.07933287,-0.01815194,0.043026462,0.01077156,0.0062525086,0.009999545,0.018703576,0.009663809,0.07332718,-0.08644934,-0.07939127,-0.07919062,-0.09081954,-0.016156904,-0.013386358,-0.0058935136,0.05295021,0.097340114,-0.0676647,-0.09756389,0.0015573425,-0.15744354
1,0.721114,-0.8043701,0.72241294,0.23199926,-0.0013516061,0.7038378,-0.39867947,0.20749979,-0.4430612,-0.1960182,0.090295516,0.39833447,-0.21037199,-0.5485327,0.32635036,0.16877918,0.3797845,0.43995374,0.3048129,-0.45855832,0.45503688,0.10934832,-0.553314,0.26923463,0.51885194,-0.30722174,0.4060636,-0.08069436,0.15829813,-0.19980042,0.17061819,-0.43626797,-0.32664716,0.34590134,-0.5695884,0.13897264,0.52657187,-0.39013553,0.15372223,0.16504821,-0.7753663,-0.037420467,-0.26169565,-0.04414611,-0.014101807,0.21472636,-0.21095192,0.22826122,0.44089958,-0.3869733,-0.5025211,0.26150772,-0.3332057,-0.0063280724,-0.469834,-0.028061584,0.18451156,-0.13711533,-0.5243709,-0.52979296,0.06699133,0.36407432,0.08243786,0.55221766,0.16648994,-0.20537803,0.22215785,0.37834778,-0.20118591,0.05778454,0.02794774,0.5405792,-0.54370207,0.23587245,0.011147305,-0.14532937,-0.4644383,0.45554402,0.08938306,0.33833784,-0.67737496,0.44032413,-0.18749884,0.42993912,0.6252374,-0.27999112,0.3412246,0.1565529,-0.21884063,0.7652538,0.5084459,0.08074491,0.6300033,0.5777626,-0.27615333,-0.52923894,0.23933612,-0.34294495,-0.07243367,-0.17449676,0.3051031,0.3836751,-0.27359506,-0.2415995,-0.6042424,0.041194517,-0.15747292,1.1194624,-0.20779261,0.16575721,0.57051957,-0.3348536,-0.16903304,-0.14210889,0.11314135,0.124141015,-0.34320813,0.34992453,-0.85485625,-0.460523,0.12653354,-0.16106029,0.027848758,-0.7521064,-0.55587804,0.33268762,0.08335911,0.0676896,-0.2198367,0.42197302,0.20649122,0.2769795,0.34828472,0.1685867,0.07805385,0.44388607,-0.1526784,-0.40849286,0.24844807,0.2772785,0.4229629,0.060969237,-0.7197416,0.15361086,0.25571907,0.4322426,-0.036896892,-0.43041894,0.18583721,0.07852716,0.28700125,-0.5418165,0.21005267,0.48600408,0.10987261,-0.3436258,-0.5587241,0.17626947,0.019214388,0.6897402,0.24997827,-0.360212,-0.397764,-0.50575465,-0.67318285,0.34880653,-0.44679004,-0.04221909,-0.053275697,0.4409859,0.676777,0.26383087,0.17971438,0.853054,-0.078444175,0.43548962,-0.60718113,-0.021491762,0.3565163,-0.07066275,0.013449859,-0.020938449,0.08550105,0.13580406,0.46733987,-0.0006910935,-0.11378121,-0.23664603,0.25720337,-0.39047214,-0.5639073,-0.41056976,0.14456402,-0.12146787,-0.24223924,0.11800587,-0.5914598,-0.39333507,-0.29275888,-0.30032036,0.59796286,-0.08822976,-0.39048713,-0.33486715,0.46697313,-0.1874389,-0.49167132,0.030005503,-0.035681076,0.025919875,0.39749646,-0.024081,0.21895002,-0.61401194,-0.07344504,-0.07571175,0.10904743,-0.08471435,-0.49925435,-0.5044783,0.47982433,-0.29460847,0.8562089,0.4115083,0.33023718,-0.120729096,0.41941568,0.10273206,0.3508217,-0.5946636,-0.052525185,0.04755301,-0.07669776,1.013488,-0.60000783,0.123835,0.031187303,0.237131,-0.08005701,0.073552996,0.21748114,0.2609489,0.2961196,-0.27716297,-0.2684134,-0.2966207,-0.34264335,0.23526594,0.03907821,0.19683735,0.3389991,0.46108142,-0.58750415,-0.26157138,0.120012075,-0.8581625
1,0.7187221,-0.8026563,0.7200742,0.23240836,-0.0014083274,0.70198053,-0.3981314,0.20764674,-0.44092107,-0.19682425,0.09011664,0.39792004,-0.21005891,-0.54766965,0.32670465,0.16673748,0.3788887,0.43948817,0.30386898,-0.45802248,0.4534911,0.1088315,-0.55272126,0.26872662,0.5166343,-0.30647713,0.40597028,-0.0822743,0.15870354,-0.20004271,0.16984172,-0.43489248,-0.325904,0.34496278,-0.56814504,0.13780028,0.5263265,-0.388475,0.152592,0.16396937,-0.77324176,-0.036342993,-0.25996286,-0.043784555,-0.013872389,0.21380028,-0.21054514,0.22774045,0.43925413,-0.38593742,-0.5011925,0.2611631,-0.33076024,-0.006805945,-0.4711251,-0.02767618,0.18448031,-0.1368504,-0.5234716,-0.52721053,0.06656331,0.3626901,0.08286005,0.55146086,0.16608478,-0.20428082,0.22256339,0.3769695,-0.20103592,0.057647835,0.028520882,0.5396625,-0.54188496,0.23432231,0.01012557,-0.14492255,-0.4619634,0.45429447,0.08888363,0.33618277,-0.67592686,0.43883377,-0.18821713,0.42981437,0.6237533,-0.27922428,0.3407789,0.15557358,-0.21802163,0.76249176,0.5087187,0.080906,0.62883747,0.57594156,-0.27563697,-0.5276445,0.23795833,-0.34180078,-0.072777055,-0.17356685,0.30323306,0.3824945,-0.27247,-0.24093536,-0.6035693,0.04113568,-0.15656859,1.1170762,-0.20626278,0.16540404,0.56787115,-0.33451,-0.1684695,-0.14196597,0.112723865,0.12461617,-0.34225446,0.3487531,-0.85257715,-0.46030724,0.12559447,-0.16124943,0.028450884,-0.75018626,-0.55468607,0.33203113,0.08253087,0.06720756,-0.219678,0.4214063,0.20593195,0.27667487,0.347269,0.16840248,0.07713471,0.44255653,-0.15233362,-0.4070829,0.24700445,0.27585217,0.4222695,0.060425404,-0.71810573,0.15339994,0.25534087,0.4308406,-0.036038928,-0.42905936,0.18526414,0.08009092,0.28702196,-0.5399496,0.20951673,0.48394608,0.10866843,-0.34228668,-0.55758685,0.17709029,0.019481417,0.68842715,0.24939325,-0.359166,-0.39667124,-0.5041441,-0.67174226,0.3475604,-0.44619384,-0.041696507,-0.054065265,0.44130176,0.6761954,0.26308236,0.18020499,0.8502589,-0.07779568,0.43534455,-0.6064468,-0.020117018,0.35443872,-0.070612386,0.012293179,-0.019940048,0.08500188,0.13650751,0.46603367,-0.00028325617,-0.113946564,-0.23660934,0.25662458,-0.38948658,-0.56244874,-0.40873218,0.1441658,-0.11983605,-0.2406613,0.11740363,-0.5896252,-0.3928574,-0.29216608,-0.29990405,0.5967847,-0.08663327,-0.38984492,-0.33380014,0.46817994,-0.18628895,-0.49011135,0.030778993,-0.035630606,0.024197748,0.39665306,-0.025210537,0.21846725,-0.6123687,-0.07328429,-0.07606547,0.1089337,-0.08378538,-0.49697658,-0.50287056,0.47737685,-0.29388314,0.85324967,0.4095018,0.32870668,-0.11980776,0.41831595,0.101202235,0.3501727,-0.59372544,-0.052020304,0.04766566,-0.07705496,1.0096823,-0.59851164,0.12369275,0.030545197,0.23627362,-0.08038105,0.07291676,0.2177931,0.26067796,0.29645717,-0.27619702,-0.26755413,-0.29708079,-0.34179062,0.23417363,0.038553912,0.19780482,0.338138,0.45989752,-0.5868036,-0.26142398,0.11952778,-0.85553575
1,1.0585082,-1.1696738,1.0217569,0.3434402,-0.03245921,0.9980087,-0.57840014,0.3010536,-0.6530721,-0.28458732,0.13370305,0.5558938,-0.3196739,-0.77331954,0.48805833,0.2605526,0.5380168,0.6538186,0.4260282,-0.6742723,0.6657705,0.16880362,-0.79042345,0.40597004,0.72830397,-0.45115215,0.5862584,-0.12384412,0.22781748,-0.27570042,0.27059537,-0.65500706,-0.49200416,0.50285935,-0.83592576,0.21898414,0.72149664,-0.5670962,0.24997926,0.24819311,-1.0852386,-0.049048662,-0.38922045,-0.09498161,-0.035455015,0.3390581,-0.29723644,0.32049385,0.60692275,-0.53611404,-0.72874695,0.39727312,-0.4966023,0.0011932217,-0.6373821,-0.046012983,0.277331,-0.21527706,-0.7662441,-0.76050615,0.12634765,0.5559643,0.10410336,0.7827785,0.26110336,-0.30751652,0.3195962,0.5604177,-0.31329712,0.10098158,0.02924938,0.79540944,-0.7980855,0.3361066,0.020660177,-0.1897099,-0.7025583,0.6372073,0.16109478,0.5001219,-0.95111597,0.6629302,-0.25726157,0.62436116,0.8856384,-0.38873297,0.48695332,0.24007273,-0.3449234,1.122835,0.74153084,0.12050749,0.89338636,0.8220828,-0.42300737,-0.7552986,0.3538963,-0.52010185,-0.101160504,-0.27741987,0.43579552,0.52639765,-0.39050865,-0.364997,-0.84287035,0.07514626,-0.24433336,1.588206,-0.28797454,0.23302402,0.82913023,-0.47459024,-0.24559991,-0.23397318,0.17299548,0.1771211,-0.51810765,0.49965507,-1.2149796,-0.660223,0.20655218,-0.2576343,0.074275024,-1.0447161,-0.7870941,0.4611699,0.09020704,0.092732295,-0.29332292,0.5973325,0.30554467,0.39387596,0.5245774,0.250544,0.15063103,0.64895034,-0.23805279,-0.5827258,0.37730402,0.41993007,0.6035093,0.1167883,-1.0119969,0.21756786,0.37598646,0.63119143,-0.043950282,-0.6098032,0.28141373,0.09683562,0.42459303,-0.7777209,0.3252017,0.70032686,0.13918245,-0.52787566,-0.79395515,0.2348688,0.008224245,0.9894755,0.3571288,-0.5167835,-0.56731254,-0.7388054,-0.9768851,0.5288456,-0.62042075,-0.08209391,-0.09369504,0.6144249,0.95736057,0.3557225,0.268194,1.2013074,-0.12417388,0.62922317,-0.85765743,-0.0020657703,0.5231586,-0.13743635,0.0437424,-0.004423123,0.10930878,0.22082302,0.65821093,0.0025778916,-0.18800291,-0.30826777,0.37057066,-0.5704377,-0.82265294,-0.6078686,0.23174244,-0.19412577,-0.3733159,0.19695547,-0.85252094,-0.5422268,-0.41277704,-0.44468987,0.8508712,-0.1331717,-0.5826608,-0.502867,0.6586722,-0.24813744,-0.71752155,0.04149173,-0.08271059,0.038444556,0.6027616,-0.038271286,0.34490907,-0.8909198,-0.108263925,-0.12514067,0.15663351,-0.124927625,-0.717134,-0.74134916,0.68313,-0.43843168,1.1992533,0.5876263,0.4934674,-0.19877431,0.60608447,0.15882061,0.5105706,-0.85390055,-0.044691183,0.0546011,-0.11325282,1.4373773,-0.8722304,0.19690873,0.024250135,0.35629943,-0.12506604,0.10808775,0.32307544,0.39144638,0.4123259,-0.37759197,-0.37001818,-0.41212678,-0.47197643,0.36753595,0.06782085,0.30338818,0.48955274,0.6518571,-0.86009943,-0.35052502,0.17994525,-1.225183
1,0.72518677,-0.8098686,0.7263481,0.23223905,-0.0015554614,0.7080906,-0.39996627,0.20744966,-0.44497812,-0.19763532,0.09054284,0.3999061,-0.21153767,-0.55016625,0.32667288,0.16831973,0.38101098,0.4433499,0.30462116,-0.4631005,0.4567911,0.10923297,-0.5557829,0.26892355,0.5219862,-0.3100703,0.40796846,-0.08133738,0.1598614,-0.20057039,0.17030196,-0.4398424,-0.3297242,0.34813696,-0.5726491,0.13835467,0.5302614,-0.3911532,0.1535509,0.16616866,-0.77869,-0.037729606,-0.26401064,-0.045443784,-0.013860952,0.21488217,-0.21138494,0.22871931,0.44318503,-0.38805017,-0.5057058,0.26136497,-0.33221963,-0.006801065,-0.470556,-0.029501595,0.18628302,-0.13860898,-0.52613544,-0.5346081,0.06739707,0.36636844,0.08109748,0.5554855,0.167507,-0.20510983,0.22288908,0.3774576,-0.20094573,0.059421267,0.029890347,0.54388255,-0.54663026,0.23754987,0.013390154,-0.14546508,-0.4688792,0.45487598,0.088861264,0.34060544,-0.68137753,0.44177592,-0.18630555,0.4330167,0.6309837,-0.28196284,0.3429256,0.15455486,-0.22127426,0.7711014,0.51161844,0.080281496,0.63458747,0.57987523,-0.27859575,-0.5334716,0.24175294,-0.34456336,-0.0711635,-0.17328224,0.30626133,0.38607258,-0.2739444,-0.24415025,-0.6073511,0.040027004,-0.15780815,1.1271447,-0.20750025,0.16910066,0.5748395,-0.3371657,-0.16886774,-0.14250883,0.112900354,0.124090776,-0.34446728,0.35295337,-0.86140245,-0.4637006,0.12585223,-0.16352539,0.028442651,-0.7560728,-0.5577688,0.3325369,0.08404442,0.066491365,-0.21822318,0.4241053,0.20707437,0.27524734,0.34845966,0.16874315,0.07802118,0.4465166,-0.15219837,-0.41024393,0.24856907,0.28032863,0.42584038,0.061490726,-0.7260275,0.15490672,0.25758958,0.43702933,-0.038798623,-0.43272525,0.18548355,0.07555134,0.28733882,-0.5454338,0.2123586,0.4891201,0.10894693,-0.3471222,-0.5624011,0.17581487,0.019617166,0.694452,0.25025907,-0.36070275,-0.39890903,-0.509073,-0.67724335,0.35067996,-0.45184192,-0.043721486,-0.052449368,0.44254446,0.6803388,0.26354173,0.17890078,0.8562766,-0.07800437,0.43845245,-0.6109864,-0.024008904,0.35771775,-0.06971292,0.013087515,-0.022423033,0.08844236,0.13620889,0.47054562,0.0025294367,-0.11577425,-0.23647703,0.25560626,-0.39255363,-0.5669203,-0.41248706,0.14516985,-0.121072814,-0.24221736,0.118967056,-0.5959784,-0.3936944,-0.29592657,-0.30176166,0.6020919,-0.08722619,-0.39229795,-0.33651394,0.47052,-0.18669868,-0.4943148,0.028771222,-0.034935854,0.022024436,0.39922738,-0.023776926,0.21865891,-0.61799,-0.072063796,-0.07584428,0.10858549,-0.08592237,-0.50196993,-0.50729305,0.48196554,-0.29593372,0.86205137,0.41101953,0.33007944,-0.11936883,0.42262256,0.10277869,0.35288036,-0.60021126,-0.053630553,0.046207175,-0.07791401,1.0210489,-0.6047253,0.1236365,0.03177736,0.23746696,-0.08251542,0.07495622,0.21854976,0.26425067,0.297219,-0.2791772,-0.26991358,-0.29679164,-0.3451817,0.23518535,0.038249824,0.19647853,0.3390706,0.464054,-0.592688,-0.26188722,0.119324096,-0.8653808
1,0.65446806,-0.73217404,0.66397184,0.21146981,0.004010901,0.6448101,-0.36345357,0.18919177,-0.40233493,-0.1790725,0.08266282,0.36725676,-0.18963343,-0.506742,0.29754263,0.15164398,0.34818316,0.3994372,0.281932,-0.41661125,0.41274613,0.096651904,-0.5080984,0.24340613,0.4763592,-0.27889302,0.37180266,-0.07260135,0.14540096,-0.18572582,0.15062042,-0.39530674,-0.29383242,0.3165253,-0.5194504,0.12340157,0.4883872,-0.355791,0.1347912,0.14837009,-0.7140112,-0.033648506,-0.23784705,-0.034266617,-0.007818576,0.19046354,-0.19482234,0.2098511,0.40581694,-0.35746688,-0.45786834,0.23502767,-0.3006435,-0.007344272,-0.43781468,-0.02366212,0.16892691,-0.12302594,-0.47723466,-0.4840647,0.056085285,0.3266287,0.07896383,0.5075792,0.14902563,-0.1872149,0.2043162,0.34242567,-0.17878759,0.05108716,0.027439792,0.49115142,-0.49419633,0.21679062,0.0072990283,-0.13700038,-0.41802672,0.419725,0.07585194,0.30468494,-0.62387514,0.39746374,-0.17600581,0.39405265,0.57378083,-0.25836068,0.31128114,0.1416102,-0.19509026,0.69596756,0.46278548,0.074095115,0.57807714,0.5298767,-0.24749036,-0.48488283,0.21738301,-0.30990964,-0.06723857,-0.15594976,0.27828622,0.3553468,-0.2511045,-0.21971709,-0.5570943,0.034018207,-0.14113942,1.0270424,-0.19152442,0.15223904,0.51859385,-0.30766937,-0.15313147,-0.12444304,0.10138623,0.11594806,-0.30998683,0.32086587,-0.7835136,-0.42302543,0.111384295,-0.1438989,0.020766437,-0.6940336,-0.5104477,0.30834037,0.08087263,0.06356734,-0.20581101,0.3873609,0.18768844,0.2550331,0.31437045,0.15247184,0.06465386,0.4028754,-0.13680044,-0.37415633,0.22349381,0.249322,0.38916567,0.049457375,-0.66201395,0.14142409,0.23236991,0.3931994,-0.03507466,-0.39604753,0.16758364,0.07687479,0.26144785,-0.49629188,0.18765888,0.444821,0.10340674,-0.30871978,-0.51234734,0.16564989,0.020539757,0.63097996,0.23048216,-0.3292297,-0.36509144,-0.46000347,-0.6151084,0.31197098,-0.41357592,-0.035375934,-0.047055103,0.40908435,0.6230327,0.24442372,0.16327912,0.78477615,-0.0686906,0.39907992,-0.55857676,-0.02534609,0.32314956,-0.058667168,0.006385874,-0.021859668,0.08113815,0.11988613,0.43052727,-0.0014302265,-0.09753906,-0.22155261,0.23558834,-0.35582626,-0.5119293,-0.3714066,0.12855116,-0.1060376,-0.21649507,0.102164745,-0.5396309,-0.36617407,-0.26912266,-0.2719286,0.5484481,-0.077917166,-0.3527486,-0.30252048,0.4310436,-0.17480746,-0.44737142,0.028806617,-0.026420884,0.021833306,0.35823807,-0.022855781,0.19406001,-0.5609157,-0.06757446,-0.06628571,0.100021765,-0.07777115,-0.45680454,-0.45830435,0.4375978,-0.2656942,0.7884301,0.37699655,0.29754323,-0.107689746,0.38161665,0.091163635,0.3185885,-0.5463666,-0.05328264,0.04683302,-0.07074122,0.9287334,-0.5460072,0.10993381,0.033000723,0.21303234,-0.071071476,0.066025436,0.1975388,0.23694867,0.2746802,-0.25614375,-0.24758531,-0.27442923,-0.31710407,0.20891693,0.032411758,0.17730798,0.31037754,0.4238187,-0.53499866,-0.24382287,0.11041584,-0.78614324
0,-0.12430887,0.090740636,-0.027835213,-0.06987764,0.095237896,-0.0049415957,0.06194108,-0.03882321,0.11138509,0.019846924,-0.0216664,0.0058217254,0.069780484,0.060189534,-0.12222598,-0.08157686,-0.018184124,-0.0995055,-0.025845202,0.065820605,-0.076131344,-0.04770273,0.06502604,-0.09845212,0.01353427,0.045478046,-0.053402435,0.034973122,-0.023023834,-0.000963185,-0.094028294,0.122881904,0.078337654,-0.057348877,0.11997198,-0.08294453,0.060755588,0.08327326,-0.1003019,-0.03801536,-0.0030199029,-0.027123395,0.06504415,0.08697054,0.033695728,-0.123387784,0.029873136,-0.015312128,0.051436454,-0.0021127798,0.05972897,-0.09693664,0.11468721,-0.036122777,-0.05213003,-0.0021171924,-0.07226106,0.062624685,0.10450846,0.024441121,-0.09466824,-0.1273447,4.0650368e-05,-0.010720394,-0.08105693,0.09155583,-0.040186655,-0.1025393,0.09054293,-0.05736949,0.04794038,-0.09688015,0.10175471,-0.027866272,0.018134482,-0.02105638,0.13539128,-0.032128524,-0.11815722,-0.048171483,-0.0060329083,-0.13960229,0.01849562,-0.05251862,0.007979774,-0.0030765384,-0.019884862,-0.10815625,0.10892929,-0.11187622,-0.081498094,-0.030097872,-0.008256899,-0.04542861,0.08538962,0.026447348,-0.06022381,0.12547511,0.021973342,0.12389409,-0.019007571,0.039236795,0.033071928,0.08318257,-0.014642512,-0.05268757,0.090308905,-0.034495767,0.014194056,0.035581958,-0.065895855,0.019888407,0.03667038,0.10452307,-0.04536095,-0.03405735,0.11071917,-0.007818257,0.017058004,0.038267624,-0.092306785,0.07975143,-0.109686874,-0.033864986,0.034731507,-0.012465686,0.08109366,-0.019159209,-0.0025662147,-0.0036988952,-0.056885436,-0.05702272,-0.1226665,-0.04263997,-0.13725567,-0.06475622,0.083196126,0.03452742,-0.09694077,-0.07869351,-0.035194483,-0.0708645,-0.016508464,-0.0044086482,-0.041402802,-0.042644832,-0.040776663,0.029509256,-0.08128022,-0.016914435,-0.0856393,0.057640176,-0.07626103,-0.061450332,0.025694747,0.12182635,0.0064399727,0.019637233,0.056352217,-0.04432986,-0.048996083,0.047445204,0.049184926,0.06618556,0.1015576,-0.09237419,-0.029606175,0.064124435,0.07906092,-0.0074404106,-0.035884805,0.029545557,-0.06347751,-0.031167705,0.04119721,-0.06249427,0.0046873093,-0.09347622,-0.065336674,0.116000615,-0.06068605,-0.10569438,0.05063878,-0.089650616,-0.00020267442,0.022684844,0.04014912,-0.060680963,-0.06798788,0.066870555,0.07102811,0.083336785,-0.09369657,0.056582723,0.10278828,-0.08168666,0.04182926,0.00317787,-0.009744005,0.073563606,-0.013634274,0.042188477,0.10698289,0.102841586,-0.021237114,-0.025998618,0.07550706,-0.027444806,0.10860849,-0.046565153,-0.13284472,0.029669914,-0.11957729,0.08458179,0.043266397,0.05643393,-0.031327438,0.018052034,0.05647263,0.08728369,-0.013714684,0.07332817,0.009665068,-0.06863574,-0.10442564,0.12999362,-0.038616203,-0.054129835,-0.039367624,0.047564816,-0.0957637,0.0047704913,0.026513847,-0.019798115,0.067395344,-0.07811578,0.050114498,-0.073544525,0.014618216,0.010077072,-0.04742601,-0.061815526,-0.0158901,-0.0413301,-0.025238674,0.0029606596,-0.02269771,-0.10883818,-0.029367307,-0.10204906,-0.059888475,-0.0026529387,0.07758556,-0.042065445,-0.059569262,0.03041483
1,-0.09409666,0.061974447,-0.0025099888,-0.04450623,0.08253679,0.017224245,0.035956863,-0.016597599,0.07736898,0.008140076,-0.014870778,0.028482238,0.05416612,0.014632847,-0.086633176,-0.0688414,0.004837079,-0.07565692,0.003715895,0.04941411,-0.053990588,-0.032445304,0.032794364,-0.07437521,0.0294214,0.039252624,-0.027531706,0.020106431,-0.013111321,-0.01890359,-0.071860775,0.10176717,0.06599679,-0.04036519,0.088987924,-0.068315394,0.07289756,0.05536754,-0.082773134,-0.033320185,-0.031200593,-0.02077265,0.058191307,0.07814564,0.030521886,-0.09358111,0.0068644844,0.0080628265,0.059222758,-0.02532254,0.040372312,-0.06521492,0.078622095,-0.03408993,-0.08074023,0.007327267,-0.05391298,0.056736525,0.060894262,0.016819613,-0.08181924,-0.105991006,0.016750745,0.009075805,-0.067406856,0.06388393,-0.016113874,-0.07028493,0.063291505,-0.057383433,0.033305746,-0.07615712,0.070500195,-0.022070816,0.0023858827,-0.031433664,0.11535385,0.010187738,-0.097910896,-0.041611444,-0.021551777,-0.10376343,-0.007925802,-0.038638595,0.01713182,-0.015604354,-0.0007438115,-0.0772154,0.08978388,-0.092019945,-0.05258301,-0.022169866,0.009593015,-0.014662111,0.07129732,0.008559903,-0.040979482,0.09746416,0.002298831,0.08863481,-0.008119389,0.047087498,0.010544868,0.06985444,-0.043347545,-0.042120486,0.06873846,0.0037065537,-0.003848683,0.025739804,-0.048211545,0.004091868,0.01485269,0.084588274,-0.033117335,-0.018644674,0.085664086,-0.002915463,0.0001504561,0.016870702,-0.07536781,0.074047245,-0.098099604,-0.058502883,0.006690204,0.015060216,0.07089625,-0.010914113,-0.03368102,0.0110970605,-0.03619394,-0.019833438,-0.09411475,-0.030804215,-0.11824257,-0.04286938,0.062625065,0.0071527474,-0.075766504,-0.066581964,-0.022588529,-0.06917456,-0.034042284,0.0049393913,-0.033948045,-0.036856156,-0.027934425,0.012254171,-0.058262013,0.017000778,-0.060003694,0.031842995,-0.06710735,-0.042149726,0.03426212,0.10745939,-0.0076029906,0.031884458,0.05488153,-0.022386046,-0.02559328,0.02774961,0.022775222,0.05096487,0.06347798,-0.070741005,-0.033448637,0.06748308,0.0615761,0.012034189,-0.007301718,0.041967608,-0.03825861,0.00825306,0.037688725,-0.03743618,-0.015535609,-0.069823116,-0.04989802,0.09717125,-0.056542013,-0.080037095,0.03237765,-0.066944905,0.013419387,0.011783233,0.042073537,-0.07380648,-0.03848777,0.05279015,0.04797562,0.06397352,-0.07978536,0.04393668,0.08238995,-0.07183075,0.020963054,-0.021639753,-0.01126232,0.052116536,-0.00036510453,0.032757603,0.07547799,0.07367166,0.0054229433,-0.038828805,0.04854805,-0.010538425,0.08873348,-0.022268223,-0.10262282,0.016761847,-0.09296782,0.05691386,0.024164896,0.045228273,-0.011765536,0.01684178,0.034807537,0.06959217,-0.00034106057,0.051196247,0.029523468,-0.032979213,-0.07684888,0.09806464,-0.022937404,-0.045253493,-0.02039643,0.031843267,-0.081489846,0.01763687,0.02228519,0.009839598,0.04938732,-0.05649516,0.046801645,-0.04850585,0.023037333,0.0024133567,-0.033313904,-0.0555793,0.0071800873,-0.043813422,-0.03408659,-0.0177267,-0.027032252,-0.083358936,-0.024371918,-0.07153624,-0.027271884,0.0069731604,0.061138187,-0.055136204,-0.037065458,0.0126638105
1,-0.108798966,0.07254814,-0.013831228,-0.055782273,0.08913605,0.008651968,0.04629394,-0.024904024,0.093343355,0.012293695,-0.017057326,0.01969079,0.061905056,0.03524218,-0.10441333,-0.074766144,-0.0050748754,-0.08528954,-0.011370713,0.0556885,-0.062925704,-0.039908253,0.047308967,-0.085526444,0.024712728,0.042468928,-0.036387652,0.026573293,-0.016119724,-0.011101387,-0.08215004,0.111541875,0.07023156,-0.048344657,0.10203129,-0.07597617,0.069933176,0.06965829,-0.09037161,-0.03583612,-0.019315682,-0.023984604,0.06211793,0.083098486,0.030783124,-0.10683395,0.01801978,-0.0030817054,0.05803099,-0.0145006925,0.04928715,-0.07843082,0.09542433,-0.035455123,-0.07131338,0.0023223776,-0.062604174,0.059819996,0.079663515,0.019506723,-0.08819412,-0.11553851,0.008176217,0.001965777,-0.07366754,0.07789121,-0.026760947,-0.0846058,0.07372219,-0.057677224,0.040742014,-0.08532887,0.08471562,-0.027086267,0.009970423,-0.025802998,0.12611674,-0.010350425,-0.10698791,-0.04340787,-0.016284775,-0.119349524,0.0052290857,-0.0436832,0.014124285,-0.009414133,-0.008068644,-0.09330117,0.098704256,-0.09996108,-0.06576344,-0.025640715,0.0023365188,-0.029463919,0.07734501,0.017149176,-0.05007171,0.111404166,0.010640449,0.106153145,-0.012595316,0.04525669,0.020709777,0.07645786,-0.033106245,-0.04615552,0.07912083,-0.011259352,0.00409,0.032367397,-0.056089014,0.011989387,0.023675475,0.09404381,-0.038280666,-0.025168577,0.09727672,-0.004356993,0.0053841444,0.02549689,-0.083180636,0.07508169,-0.10451014,-0.0498433,0.018676762,0.002921436,0.07542522,-0.017018322,-0.018766947,0.0058112647,-0.04551408,-0.037369058,-0.1069789,-0.035526566,-0.12885158,-0.05168736,0.071142845,0.019059276,-0.085545346,-0.07370862,-0.028674677,-0.06897685,-0.026648892,0.0014257026,-0.037865598,-0.03793851,-0.03421028,0.02142257,-0.06990753,0.0018666238,-0.07054326,0.04383094,-0.07141816,-0.053194333,0.028499758,0.11388709,-0.0034293411,0.027508266,0.0582187,-0.03059791,-0.03801628,0.037821647,0.033711642,0.058481067,0.08212493,-0.07952249,-0.033704378,0.067675725,0.069103226,0.0027201362,-0.018341403,0.03687158,-0.049121805,-0.0095152445,0.04014521,-0.04819542,-0.008671434,-0.079967566,-0.05663921,0.10391476,-0.058216453,-0.09205299,0.041553706,-0.07596176,0.00751968,0.016447721,0.038841233,-0.06935564,-0.053744216,0.059280246,0.057973213,0.07216224,-0.087009884,0.047756616,0.0924174,-0.07700892,0.029275876,-0.010438867,-0.011807869,0.062038794,-0.005570773,0.038793042,0.08993554,0.08610305,-0.0053986376,-0.033113874,0.059830107,-0.018695321,0.09810059,-0.032664426,-0.11681856,0.023535892,-0.105371326,0.068753436,0.0333975,0.049643688,-0.02081042,0.017991275,0.04557904,0.0772436,-0.0057266494,0.06114302,0.020352028,-0.050754115,-0.09021014,0.116302855,-0.029216547,-0.050313104,-0.027594207,0.03934457,-0.08904092,0.01155475,0.02393563,-0.0030424576,0.057053708,-0.06686419,0.047901496,-0.059628516,0.019122154,0.0071995053,-0.03972619,-0.05974319,-0.0035798736,-0.042534154,-0.031064864,-0.008721424,-0.024461886,-0.09378577,-0.025525471,-0.086141095,-0.0421248,0.0048937523,0.069488145,-0.051120587,-0.047421418,0.01918349
1,-0.06629916,0.03316402,0.023186246,-0.030644897,0.075001515,0.039912555,0.01722502,-0.0058158687,0.051314525,-0.0034818053,-0.011522904,0.04066673,0.044008605,-0.012307484,-0.061746202,-0.057915505,0.016905762,-0.0568609,0.016788952,0.031307038,-0.034032956,-0.029458376,0.0063068,-0.057451177,0.04164576,0.028052304,-0.006722922,0.014965713,-0.0020948444,-0.027029227,-0.06275174,0.07781127,0.05135002,-0.022288004,0.05892839,-0.058940172,0.09071803,0.034682926,-0.074840136,-0.024991235,-0.058603883,-0.01695801,0.044599175,0.07269919,0.03155382,-0.078864366,-0.0038795006,0.016501535,0.06778103,-0.041344434,0.022576522,-0.051800728,0.061027605,-0.030044328,-0.09842812,0.010308372,-0.03720595,0.04982228,0.03775727,0.002658424,-0.07463795,-0.08807721,0.024379667,0.024811447,-0.05577688,0.046488766,-0.004400991,-0.051792666,0.051636226,-0.051663656,0.02992058,-0.05152438,0.047880903,-0.011422129,-0.0041385833,-0.039131425,0.09513035,0.029810578,-0.08310743,-0.031950213,-0.04421527,-0.07966903,-0.020436816,-0.019580536,0.03264036,-0.026687302,0.013698997,-0.05946514,0.07658723,-0.06253492,-0.031311274,-0.0148547,0.027820455,0.008323329,0.05853613,-0.0095671825,-0.031438056,0.07656458,-0.0026706634,0.0730991,0.0031683557,0.058281627,-0.0015555229,0.053371876,-0.062451057,-0.036111303,0.056268156,0.044101156,-0.009523977,0.028094273,-0.028594218,-0.009262931,0.004870178,0.07598441,-0.028540753,-0.007024519,0.06693369,0.005536109,-0.026467193,-0.0008483962,-0.06523275,0.06427759,-0.08899655,-0.08040781,-0.014858812,0.029292278,0.06980316,-0.004805833,-0.042731076,0.022032961,-0.02466581,-0.0026199184,-0.07405575,-0.019837277,-0.10655297,-0.028119281,0.052058864,-0.009113424,-0.06058065,-0.055864777,-0.0026121074,-0.06716779,-0.052255165,0.0075864764,-0.024778407,-0.021970693,-0.022473382,-0.006557702,-0.046114583,0.022398986,-0.039343774,0.009524764,-0.058337677,-0.021135956,0.037801296,0.09040135,-0.026071236,0.04054442,0.053431932,0.0017702032,-0.007918615,0.011141071,0.005874805,0.03457608,0.034103323,-0.05966918,-0.04697197,0.06022086,0.04800085,0.03301366,0.019581635,0.049313836,-0.027175412,0.039368704,0.03413906,-0.015730876,-0.035370648,-0.06663506,-0.036259584,0.08925682,-0.05649773,-0.06740659,0.030971378,-0.05696537,0.027190946,0.0070915353,0.04117126,-0.07966465,-0.021553032,0.035201393,0.03092664,0.048207752,-0.070345856,0.039317455,0.067457646,-0.06466599,0.0025239773,-0.040579066,-0.021193486,0.03724499,0.016955378,0.024950208,0.055683784,0.054214798,0.027159102,-0.044272073,0.03045437,-0.0024608131,0.08040583,-0.018174814,-0.08129396,0.010483734,-0.07661648,0.030667312,0.016404446,0.0360822,-0.005614791,0.010829568,0.014102951,0.048629783,0.010961007,0.03704844,0.05619915,-0.011660023,-0.05797717,0.084429376,-0.0075757913,-0.036888324,-0.007900776,0.00645902,-0.07886383,0.022413036,0.011997625,0.040719934,0.027779872,-0.050650053,0.045797914,-0.038002938,0.021163385,0.0015385952,-0.0247318,-0.043064103,0.024151579,-0.04695217,-0.04187639,-0.029314725,-0.035717487,-0.07088968,-0.023254175,-0.055101793,-0.0094672805,0.022342395,0.038468305,-0.06409478,-0.028189428,-0.014413254
1,-0.09360395,0.058980886,-0.0013457946,-0.04337682,0.08293381,0.01959389,0.03398591,-0.014597024,0.076997586,0.0073222164,-0.013828947,0.03100128,0.053890795,0.013100926,-0.08670974,-0.06914851,0.006577013,-0.07369985,0.0045803916,0.04782799,-0.052587353,-0.032206483,0.032208566,-0.07377147,0.032043636,0.039464206,-0.025531689,0.019828768,-0.012431051,-0.020525767,-0.07008009,0.10146849,0.06506129,-0.04089614,0.08736532,-0.06863921,0.07511101,0.05542832,-0.08124627,-0.03364798,-0.032568563,-0.02126984,0.05828998,0.07890707,0.028723124,-0.09184325,0.0069123134,0.009590913,0.061887067,-0.026341002,0.039626773,-0.062348176,0.07707931,-0.034564383,-0.08519431,0.0074209627,-0.054322466,0.056843717,0.057690073,0.016323877,-0.081680715,-0.10620935,0.016883202,0.011642451,-0.06696911,0.06476974,-0.015367527,-0.068315074,0.060596008,-0.058674615,0.032522313,-0.07529419,0.06882912,-0.023890277,0.0021085553,-0.031000644,0.11605395,0.0123721175,-0.097390935,-0.040620945,-0.023755394,-0.10158391,-0.008558195,-0.03649484,0.018159317,-0.015431024,0.0023571947,-0.077507935,0.089637004,-0.09159224,-0.05166369,-0.021410722,0.011568424,-0.013838477,0.07062015,0.008165545,-0.041012127,0.09792806,0.0005694777,0.086827524,-0.0073769526,0.04852493,0.009632232,0.069956325,-0.046277337,-0.0407971,0.06876029,0.006462736,-0.0047168024,0.026251122,-0.046774015,0.003428514,0.013081001,0.08323219,-0.03243593,-0.017747782,0.08437098,-0.0024283906,-0.0014199959,0.01450876,-0.074206084,0.07373997,-0.09860374,-0.06081524,0.0048579723,0.017306168,0.06971336,-0.012005452,-0.035241958,0.012693036,-0.03563961,-0.018333856,-0.09324065,-0.030603444,-0.11954051,-0.041592106,0.060784005,0.0050968397,-0.074874796,-0.06726594,-0.0228195,-0.06805581,-0.03539812,0.0060473913,-0.034362424,-0.036293477,-0.02730653,0.013398474,-0.057261355,0.019064728,-0.057997443,0.031700056,-0.06624126,-0.04285326,0.033489037,0.107793115,-0.009271058,0.032856204,0.056477454,-0.020455107,-0.02621492,0.027443966,0.021125458,0.05089303,0.06320255,-0.069529444,-0.03357642,0.06911964,0.060863867,0.012596607,-0.0058481283,0.04319114,-0.03651497,0.010242078,0.037395578,-0.036517918,-0.017419416,-0.06738561,-0.04942379,0.09524228,-0.05607342,-0.08036056,0.030597107,-0.06426505,0.014208867,0.011502517,0.040398993,-0.075908944,-0.037919763,0.052500885,0.045713358,0.06236858,-0.080312066,0.0417161,0.08272269,-0.07172813,0.019033862,-0.02254026,-0.011511236,0.051889304,0.001614524,0.034116868,0.0743172,0.07206228,0.007337705,-0.040721823,0.04649118,-0.0102550015,0.08865795,-0.021644512,-0.102168545,0.016338842,-0.09187733,0.055856258,0.0236663,0.04430019,-0.010789055,0.017791322,0.03464492,0.069499575,0.0010284018,0.049604557,0.030368255,-0.032475457,-0.07553694,0.09927574,-0.022307944,-0.04608783,-0.019087136,0.031524293,-0.081363074,0.017954463,0.022406884,0.011133535,0.048308324,-0.05488324,0.046525434,-0.046710573,0.023163516,0.0028513428,-0.032025818,-0.056706794,0.008046465,-0.043798245,-0.035053607,-0.018615674,-0.026588697,-0.081568554,-0.023194581,-0.07084207,-0.025347674,0.009089211,0.060802396,-0.05766871,-0.036878504,0.011706306
1,0.13041136,-0.1693979,0.19721615,0.036990218,0.05482515,0.19440126,-0.08475745,0.047674567,-0.072631106,-0.04784082,0.013972767,0.12681732,-0.018259458,-0.15270329,0.04205925,0.0053841174,0.10502984,0.06669734,0.09271628,-0.08595401,0.085406646,0.0058438834,-0.1358081,0.027657729,0.15419468,-0.055406585,0.09430364,-0.0084142415,0.038224753,-0.07005446,-0.0037893876,-0.051334865,-0.039690882,0.07209909,-0.10068415,-0.0060377233,0.19177255,-0.07562796,-0.016713243,0.02075674,-0.23517004,-0.018858798,-0.035103407,0.04349097,0.022504512,-0.0035568997,-0.060196996,0.069520116,0.15291217,-0.12689951,-0.106621966,0.025046669,-0.042177357,-0.020048974,-0.18552864,0.004251592,0.022183754,0.0014333166,-0.102409184,-0.12632643,-0.037984274,0.02653367,0.04316841,0.15182997,0.001737129,-0.023044165,0.0527707,0.058801007,-0.00846044,-0.021141265,0.026086738,0.0948116,-0.10018535,0.053709727,-0.0058196783,-0.066193864,-0.04550416,0.13781185,-0.03692396,0.055997014,-0.19826198,0.050320648,-0.0652228,0.09232699,0.17346542,-0.088453725,0.08999857,0.0041586943,0.0016165525,0.14057377,0.101617604,0.009981215,0.17279646,0.14915945,-0.022369228,-0.1351452,0.036878657,-0.03230212,-0.022087507,0.004470993,0.07671433,0.13517529,-0.07056064,-0.024079543,-0.19227533,-0.016568288,-0.002143912,0.3040895,-0.06431192,0.053857345,0.116215415,-0.09140059,-0.03717233,0.01954817,0.008125719,0.032360252,-0.03835345,0.088753045,-0.2273797,-0.11399289,-0.014354151,0.006078616,-0.055455387,-0.24221621,-0.15082568,0.10712223,0.07085075,0.018679585,-0.09004842,0.11876016,0.03353635,0.07312038,0.037173495,0.025081662,-0.054400157,0.08638414,-0.0012995489,-0.10704234,0.020454694,0.025141113,0.105862804,-0.037167396,-0.21140575,0.04333088,0.04456041,0.08745644,-0.022290206,-0.11464653,0.014859416,0.04439967,0.04620492,-0.12796861,0.007330306,0.106177896,0.05623452,-0.020559654,-0.15144189,0.07552043,0.041521426,0.16819406,0.060680036,-0.082761705,-0.09893995,-0.098515436,-0.14284965,0.036500562,-0.14308621,0.032101445,0.018986635,0.13787767,0.18464795,0.10087423,0.026675014,0.24176173,0.0041806474,0.09727599,-0.17376763,-0.053550944,0.062697865,0.04569998,-0.03957028,-0.049804226,0.04288671,-0.009806167,0.13628538,-0.001434939,0.011256382,-0.11503196,0.054132957,-0.073061675,-0.114881516,-0.065405704,-0.011339292,0.0019171871,-0.012073111,-0.022201665,-0.13957018,-0.13314496,-0.08405407,-0.046314627,0.15824327,-0.00687788,-0.05506527,-0.042134985,0.13570128,-0.07941018,-0.09884952,0.009629309,0.04894796,1.7629936e-05,0.03989318,0.00032266957,-0.0023475774,-0.1305362,-0.010610826,0.0088350065,0.025309086,-0.0135640595,-0.11513981,-0.08962843,0.12424324,-0.04377055,0.25359476,0.098364286,0.04107828,0.022364285,0.0945879,0.0014239342,0.07537992,-0.14228517,-0.068558075,0.032936133,-0.0110088065,0.2750799,-0.12389661,-0.005324781,0.043151695,0.029587468,-0.0015951432,0.014495688,0.035345107,0.03278469,0.093691766,-0.10214792,-0.094467655,-0.09660897,-0.113045946,0.004372705,-0.009630304,0.01145551,0.0772145,0.12861623,-0.11237718,-0.10984749,0.013009232,-0.21792758
1,0.7384389,-0.8245047,0.738673,0.23870315,-0.0030324943,0.7209112,-0.40894052,0.21335895,-0.45415178,-0.20210782,0.09323689,0.40721107,-0.21657966,-0.5598741,0.33617955,0.17335506,0.3886819,0.45153397,0.3112127,-0.47100395,0.4661879,0.111804895,-0.5660706,0.27656418,0.53010213,-0.31433466,0.41704667,-0.08336797,0.161636,-0.2044815,0.1759006,-0.44831282,-0.33527184,0.354637,-0.5840211,0.14283182,0.53778803,-0.39882866,0.15908512,0.16976228,-0.79154277,-0.037565768,-0.26832953,-0.046676528,-0.013826091,0.2210109,-0.21515043,0.23318627,0.44868258,-0.3954302,-0.5145741,0.26949537,-0.34068653,-0.006349642,-0.48132628,-0.028415337,0.19026597,-0.14145593,-0.53754926,-0.5420173,0.07091789,0.37401268,0.083919436,0.56581587,0.17171252,-0.2110358,0.22838756,0.3881925,-0.20855996,0.060481433,0.02819,0.5549378,-0.5574188,0.2404195,0.010650992,-0.1477623,-0.4761977,0.46539173,0.093499,0.34636724,-0.69254756,0.45298284,-0.19297391,0.4419221,0.6394725,-0.28526515,0.3491572,0.16041908,-0.22516397,0.785761,0.5207315,0.08402701,0.64434403,0.5907425,-0.28455848,-0.54120445,0.24440725,-0.3528361,-0.07436408,-0.18028899,0.31180015,0.3916366,-0.28044063,-0.24859571,-0.61791897,0.043235328,-0.16102427,1.1446915,-0.21025023,0.17037854,0.5834116,-0.34198338,-0.17261343,-0.14683151,0.11648411,0.12752844,-0.3528077,0.35794085,-0.8742017,-0.47211826,0.13083681,-0.16668119,0.030233525,-0.76858234,-0.56782466,0.33987466,0.08350548,0.06935827,-0.2235926,0.43214324,0.21191655,0.28329998,0.35700804,0.17381106,0.08136673,0.45493472,-0.15779766,-0.41808185,0.2545439,0.28473508,0.43274438,0.064052284,-0.73542655,0.1569829,0.26278037,0.4423339,-0.037100367,-0.43929985,0.19042116,0.08000138,0.29460424,-0.5544179,0.21582726,0.49740985,0.11135879,-0.35355368,-0.5725544,0.18017691,0.018337186,0.7061679,0.25594947,-0.3682868,-0.4062492,-0.51891196,-0.69007146,0.35875222,-0.45631287,-0.04340328,-0.055846937,0.4515703,0.6920115,0.2681283,0.18495697,0.87130934,-0.08010644,0.44648725,-0.62152433,-0.020169504,0.364586,-0.0747578,0.014321264,-0.019154973,0.08627865,0.14111087,0.47775096,-5.639717e-05,-0.11860811,-0.24084531,0.26269135,-0.3994745,-0.5775293,-0.4208477,0.14865702,-0.12557808,-0.24942073,0.121797115,-0.6055988,-0.40276125,-0.29932445,-0.3080345,0.6119609,-0.089233845,-0.4005545,-0.3441136,0.4781074,-0.19051334,-0.5036868,0.031427227,-0.037658654,0.024830105,0.4087359,-0.025859602,0.22595252,-0.6294017,-0.07549204,-0.07867613,0.11155875,-0.08694789,-0.5105793,-0.517142,0.48949397,-0.30211014,0.8733293,0.4201594,0.33818072,-0.12468476,0.42882067,0.104767546,0.35983068,-0.60985756,-0.05226492,0.047816522,-0.078824855,1.0356301,-0.6145533,0.1273114,0.030551068,0.24326155,-0.08189994,0.075368896,0.22378749,0.26856637,0.3026954,-0.2823016,-0.2744925,-0.3035897,-0.34878623,0.24269623,0.040212948,0.20341896,0.3482282,0.4711886,-0.6030528,-0.26714942,0.12393553,-0.8784466
0,-0.11947395,0.08335721,-0.023517288,-0.062575586,0.09348834,0.00069590285,0.05477283,-0.032432042,0.1030245,0.017242009,-0.020648938,0.012170937,0.06695074,0.0505909,-0.116132066,-0.07959751,-0.011777671,-0.09357673,-0.020048099,0.061234668,-0.07095394,-0.043956332,0.05777158,-0.09445843,0.0194012,0.046083286,-0.048093054,0.030635566,-0.02139844,-0.0066314153,-0.089066334,0.11812324,0.075570926,-0.05438652,0.11348634,-0.08008835,0.064174294,0.078013875,-0.096045524,-0.03700409,-0.008918915,-0.025011446,0.06262247,0.085417196,0.031840023,-0.11542922,0.026241075,-0.009079559,0.0548374,-0.007551521,0.05469055,-0.0891839,0.10593883,-0.036217157,-0.061197102,0.00041405298,-0.069041125,0.06204533,0.09351537,0.021431362,-0.091634326,-0.122850046,0.0011932962,-0.006079956,-0.07893986,0.08673791,-0.034324687,-0.0970439,0.08205695,-0.057281088,0.04514185,-0.092748806,0.094455004,-0.028191132,0.015971452,-0.023325382,0.13153002,-0.024155598,-0.11365149,-0.045381024,-0.010053193,-0.13111645,0.012329189,-0.049785733,0.010782139,-0.00531831,-0.014133069,-0.102670036,0.10478255,-0.10704542,-0.07539609,-0.029976482,-0.0024827924,-0.040102027,0.08105339,0.02225466,-0.05559372,0.119338706,0.01673334,0.115926646,-0.016691098,0.042683277,0.027313678,0.08009521,-0.022014556,-0.0493319,0.085779965,-0.025395725,0.008194618,0.03519037,-0.060492784,0.015761133,0.02955454,0.0976357,-0.0415367,-0.030950537,0.10642541,-0.0063655353,0.011903754,0.032393508,-0.0888749,0.07741313,-0.10854308,-0.040637523,0.02807352,-0.0044463575,0.07944206,-0.018333036,-0.008524612,0.0014634556,-0.054110605,-0.049866296,-0.117107496,-0.04105237,-0.1335026,-0.059147015,0.07856476,0.029453149,-0.09321513,-0.076493084,-0.032747887,-0.068948194,-0.022168411,-0.0011076685,-0.038675833,-0.041297726,-0.038851127,0.027889946,-0.076898426,-0.008394189,-0.07960607,0.05210925,-0.074089125,-0.057529666,0.027358975,0.11888258,0.002783263,0.021342255,0.05747504,-0.03657248,-0.0459205,0.044411525,0.0427612,0.06224273,0.094369315,-0.08710846,-0.030902004,0.06587755,0.07578411,-0.0041792803,-0.029256105,0.03177598,-0.0574038,-0.023082886,0.039891515,-0.05610887,-0.00065759756,-0.0872755,-0.062115878,0.11130503,-0.06052557,-0.10006869,0.047373593,-0.083798975,0.0032137353,0.021779122,0.039505355,-0.064416125,-0.06268487,0.06337817,0.065463126,0.07908447,-0.09087172,0.053358685,0.098203294,-0.07976535,0.03694036,-0.0013673045,-0.010897765,0.068689644,-0.009937901,0.041802607,0.100066885,0.0954294,-0.015155553,-0.030201945,0.06712254,-0.023859814,0.104219764,-0.04313419,-0.12816776,0.027789026,-0.11324462,0.0780419,0.039201684,0.054787353,-0.026657425,0.017550785,0.052508697,0.08513781,-0.011368817,0.06665848,0.013450306,-0.062934235,-0.09880625,0.12507196,-0.034889836,-0.052753385,-0.034981836,0.04480493,-0.09356551,0.0069110133,0.025922677,-0.013855297,0.06386232,-0.07226309,0.048945133,-0.0663387,0.015762797,0.0085959975,-0.043921575,-0.06120588,-0.011170734,-0.042346578,-0.027191518,-0.0015012613,-0.02441765,-0.10124877,-0.02887072,-0.095533006,-0.05301942,-0.0012865413,0.07584822,-0.04758702,-0.05526998,0.02578085
1,0.40153,-0.4553425,0.43844092,0.12692656,0.02680755,0.4180105,-0.22618325,0.11769417,-0.2450677,-0.11193256,0.048597835,0.24804595,-0.10571058,-0.342357,0.1771076,0.08537814,0.227093,0.24005163,0.19323479,-0.25476646,0.25126788,0.052123025,-0.32959685,0.13935003,0.31637925,-0.17187603,0.2348236,-0.03949503,0.09617362,-0.12951072,0.076028466,-0.23149759,-0.1710333,0.20105937,-0.31946445,0.061958432,0.3415942,-0.22372635,0.06098283,0.08608979,-0.48183575,-0.026026912,-0.14429577,0.0020983554,0.0071752258,0.098036885,-0.13247938,0.1420275,0.27998433,-0.2441965,-0.28656808,0.12996194,-0.1786266,-0.009628873,-0.30683836,-0.009692647,0.10189731,-0.06508002,-0.29464805,-0.31123704,0.010255579,0.18314049,0.062833145,0.33082044,0.07955192,-0.11219599,0.13031313,0.20427878,-0.089970894,0.019219711,0.02581097,0.29705256,-0.3036517,0.14286979,0.0005934313,-0.10406785,-0.24333128,0.2816339,0.022471033,0.1829021,-0.41440943,0.22810309,-0.12071564,0.24650139,0.37754092,-0.17663658,0.20092992,0.081164755,-0.10318511,0.42393622,0.28735495,0.041793127,0.3804691,0.3449302,-0.1366861,-0.31549343,0.13405909,-0.1782372,-0.044539098,-0.08247633,0.17973337,0.24684408,-0.16256188,-0.12974516,-0.3759444,0.008411661,-0.079056986,0.67538756,-0.1345757,0.099994555,0.32423377,-0.20524018,-0.09680237,-0.055607826,0.055214375,0.079417646,-0.18019274,0.2076742,-0.51155204,-0.27339447,0.052137896,-0.074058205,-0.011224326,-0.4702258,-0.3371884,0.21190402,0.075270966,0.043754127,-0.15049948,0.25288767,0.11371568,0.16945992,0.18426703,0.08748837,0.011429034,0.24656343,-0.07138507,-0.24465129,0.12972656,0.1417439,0.25549343,0.0051183067,-0.442521,0.094024464,0.13965073,0.24643233,-0.027896335,-0.26397598,0.09615829,0.061561413,0.15949552,-0.31981242,0.10169799,0.2838411,0.079340674,-0.17299187,-0.33200026,0.12040294,0.0288607,0.40442976,0.15135616,-0.21000575,-0.23861334,-0.28311628,-0.3881115,0.173389,-0.28313997,-0.0075724125,-0.017098831,0.27825364,0.4115069,0.17249754,0.096464895,0.5220401,-0.034412146,0.2541443,-0.36944976,-0.041670654,0.19843051,-0.00825233,-0.016324919,-0.032160643,0.06458192,0.055181716,0.2889656,-0.002272321,-0.03797292,-0.16520323,0.1506177,-0.2215534,-0.31705257,-0.2229873,0.065471545,-0.051026072,-0.11757522,0.041359954,-0.3439777,-0.25268906,-0.17815235,-0.16173261,0.3575696,-0.047101866,-0.2090667,-0.17697704,0.28785616,-0.12726611,-0.2787562,0.019500066,0.008236311,0.014009727,0.20525497,-0.0119053945,0.09701952,-0.35317487,-0.04219289,-0.029111587,0.064388946,-0.04876958,-0.29297873,-0.2799523,0.28460082,-0.1569018,0.53134024,0.24553742,0.17412145,-0.052146494,0.24203777,0.051133752,0.19560148,-0.3528457,-0.059522666,0.04282353,-0.043986186,0.6106599,-0.33941564,0.05542496,0.039985668,0.12237626,-0.038751017,0.038257383,0.11761656,0.13916951,0.18942031,-0.17944725,-0.17010851,-0.1855499,-0.22038679,0.106435336,0.010487307,0.0972323,0.1951672,0.27971247,-0.32832327,-0.17453615,0.06571311,-0.50826323
1,-0.09553686,0.059794232,-0.0040002503,-0.04567924,0.085699156,0.0190604,0.036176927,-0.016140934,0.08164317,0.0069786124,-0.014634013,0.029520687,0.056070402,0.019510772,-0.09172672,-0.07010718,0.0050348863,-0.07589005,-0.00017260015,0.04956849,-0.053300515,-0.03385757,0.035050448,-0.07660783,0.031820875,0.038714148,-0.02759431,0.020437041,-0.013270227,-0.018561723,-0.07388348,0.103855155,0.06523303,-0.042557314,0.090305746,-0.0701972,0.07603194,0.059344534,-0.0842424,-0.033742018,-0.031940248,-0.021991601,0.05971133,0.080042966,0.029549798,-0.09647361,0.009699214,0.005886051,0.06205364,-0.024248458,0.041052155,-0.065984175,0.08241237,-0.035051435,-0.08520331,0.005941985,-0.056869723,0.05783142,0.0627709,0.016136428,-0.08374818,-0.10738124,0.01369632,0.011485272,-0.06864496,0.068462335,-0.018390939,-0.07173816,0.062426567,-0.057899952,0.035830587,-0.07573384,0.07195925,-0.026153358,0.003928479,-0.029419102,0.1185001,0.005549077,-0.09952399,-0.03974349,-0.023726169,-0.10539429,-0.0053786356,-0.03680329,0.01896241,-0.013651822,0.0010943161,-0.08314221,0.09275909,-0.09119226,-0.0544992,-0.022343429,0.011533929,-0.017300446,0.07110583,0.009855965,-0.045147665,0.10038752,0.0031365221,0.092388734,-0.008197075,0.048416477,0.0113432575,0.07126607,-0.044560462,-0.041253056,0.072404355,0.004805347,-0.0026930794,0.029740218,-0.049519025,0.0049244612,0.015310386,0.085813954,-0.032945186,-0.019194294,0.08764963,-0.0019507338,-0.002985254,0.016643085,-0.07606144,0.072595514,-0.101329684,-0.060274076,0.0072893864,0.013390902,0.071084306,-0.0139189325,-0.030107684,0.013204755,-0.038377535,-0.023284946,-0.09632948,-0.031239046,-0.12247597,-0.04314853,0.064716235,0.009215368,-0.07783185,-0.069435656,-0.022808988,-0.06738768,-0.03460124,0.004987109,-0.033654533,-0.034974296,-0.028473716,0.014886418,-0.061917055,0.014323968,-0.060549565,0.034389947,-0.0683908,-0.046655964,0.03236058,0.10853994,-0.01017315,0.03250831,0.05788316,-0.020389622,-0.030402161,0.029486593,0.023682054,0.0509901,0.067285195,-0.07049953,-0.035006367,0.06952655,0.063574724,0.011311505,-0.006982345,0.04211437,-0.038547717,0.006021645,0.037482847,-0.03834802,-0.01739474,-0.07055854,-0.050911397,0.09642672,-0.05592077,-0.08374747,0.034081757,-0.06694248,0.013654447,0.012989188,0.03898762,-0.07561,-0.042568687,0.05293631,0.047009863,0.06440836,-0.08269927,0.04318352,0.08364183,-0.07387178,0.020488257,-0.020543192,-0.012833987,0.054281577,0.0013562609,0.035559442,0.07845837,0.075226665,0.00507407,-0.038811743,0.048354246,-0.011998985,0.09194719,-0.02474097,-0.104934156,0.019423373,-0.094867334,0.057079487,0.026640676,0.045243274,-0.013557285,0.017506022,0.037350964,0.06990512,3.13716e-05,0.052146617,0.029109918,-0.03874296,-0.07903898,0.10585255,-0.022872798,-0.047561627,-0.019728264,0.03300666,-0.08388686,0.015532196,0.022986842,0.008386183,0.049310938,-0.058796726,0.046597812,-0.049783215,0.021644097,0.004931465,-0.033298463,-0.056983262,0.004831571,-0.044745855,-0.035573974,-0.017949972,-0.026628338,-0.08383295,-0.022771027,-0.074166544,-0.029680602,0.009913429,0.06164665,-0.05820401,-0.040887397,0.011669175
1,-0.08789111,0.053574394,0.0017568264,-0.041944318,0.082694426,0.024527352,0.030213198,-0.0119079035,0.07497606,0.0022187717,-0.013077514,0.033538543,0.052277725,0.011601951,-0.08388017,-0.06804633,0.008025499,-0.07096752,0.0036230404,0.04568389,-0.047237344,-0.0314861,0.02820646,-0.07086997,0.035514478,0.035786994,-0.0191083,0.017454296,-0.009872101,-0.019875769,-0.07125631,0.0986577,0.06056537,-0.036509454,0.08311411,-0.068578295,0.081055194,0.05367129,-0.0829974,-0.032194525,-0.03953293,-0.021027112,0.05903708,0.07727818,0.030097071,-0.09130324,0.0046635196,0.0078296,0.064393446,-0.028799692,0.038089078,-0.061560027,0.07737426,-0.034279954,-0.0914904,0.0072634686,-0.051318407,0.05769442,0.05576267,0.015355984,-0.08267863,-0.10354892,0.017693521,0.016559832,-0.064643934,0.06351248,-0.013641899,-0.064200625,0.057258636,-0.05645182,0.03444371,-0.06963871,0.065952584,-0.024525056,0.00014537014,-0.031786375,0.115586944,0.01297766,-0.09419589,-0.038699992,-0.029096782,-0.09865866,-0.00945837,-0.033130325,0.021628607,-0.016597593,0.0037195552,-0.07736393,0.08878063,-0.08502169,-0.047641862,-0.019046223,0.014786421,-0.011560457,0.06775204,0.0058130845,-0.04354313,0.095051184,0.0014347201,0.08845915,-0.005992552,0.051050425,0.007533608,0.0686527,-0.050957985,-0.039826646,0.06810458,0.014764574,-0.0040356107,0.029206071,-0.04712248,0.002119545,0.012164358,0.084199235,-0.031505555,-0.016333379,0.08225833,-0.0010488564,-0.00856282,0.012008606,-0.07245271,0.07122231,-0.09932116,-0.06696479,0.0017693294,0.017149117,0.069926165,-0.013364796,-0.03419286,0.015619526,-0.033916466,-0.016013674,-0.08975728,-0.02673435,-0.11932983,-0.03904525,0.062035162,0.003544772,-0.07396805,-0.06889757,-0.019627959,-0.06756942,-0.037114147,0.0050748186,-0.03180565,-0.03319034,-0.025068294,0.009526407,-0.057398207,0.018974263,-0.05553835,0.029685829,-0.06675122,-0.04345285,0.03422275,0.10452047,-0.014376787,0.036915008,0.057527393,-0.015526678,-0.024968363,0.026122473,0.019178923,0.04806924,0.05898045,-0.06629599,-0.03760867,0.06882675,0.058917843,0.016830467,0.00049863756,0.04478752,-0.034429476,0.014170155,0.037672788,-0.033545993,-0.022934351,-0.06780815,-0.046848785,0.093098156,-0.055080518,-0.07788205,0.031272836,-0.06320259,0.01636933,0.009880682,0.038132876,-0.07868496,-0.037263807,0.04869341,0.0430856,0.060482107,-0.08032273,0.040086463,0.07938165,-0.07232826,0.016413514,-0.02607822,-0.014930822,0.049570177,0.0037655327,0.03281061,0.07222198,0.0689939,0.01138663,-0.039124925,0.04402844,-0.009082288,0.087739706,-0.02080031,-0.0971306,0.01621266,-0.0895586,0.051283054,0.023739617,0.040714618,-0.011264848,0.01709508,0.03232614,0.06407748,0.0038368935,0.04862864,0.03378233,-0.032152977,-0.073455855,0.10211735,-0.019995365,-0.045025125,-0.014621106,0.029131025,-0.08102556,0.01760789,0.020947788,0.015712507,0.045277003,-0.057563875,0.046675816,-0.046389762,0.023093188,0.005235575,-0.030695032,-0.05486241,0.009519141,-0.044503164,-0.03756107,-0.021745836,-0.027333587,-0.07984666,-0.021101937,-0.069203146,-0.022416517,0.014215256,0.056692287,-0.060698994,-0.037308373,0.0062770154
0,0.040650297,-0.0768612,0.12066936,0.0052793045,0.060657218,0.12042105,-0.037418198,0.019818747,-0.021379525,-0.027335467,0.0030660369,0.085283235,0.011102855,-0.09426466,-0.0015506931,-0.0169127,0.06173125,0.013872191,0.059304155,-0.035372835,0.028636489,-0.013901104,-0.07396438,-0.011675492,0.100151464,-0.017814962,0.048083495,0.005245791,0.023701409,-0.05158149,-0.03305914,-0.0009901002,0.0005149506,0.033829585,-0.03449154,-0.03070963,0.14731766,-0.028868502,-0.044756524,0.0006284192,-0.15762684,-0.017588662,-0.0080016665,0.05320719,0.030461814,-0.037434354,-0.03505292,0.042823054,0.111339435,-0.08811237,-0.04695477,-0.014623251,0.0060876124,-0.0214784,-0.13879415,0.005634237,0.003326903,0.020555781,-0.035559703,-0.07330633,-0.05406829,-0.023266468,0.033569217,0.09072887,-0.020088436,0.0035791285,0.027115848,0.0046485066,0.024577685,-0.028536852,0.0285076,0.028786879,-0.0336478,0.028043976,-0.0041564666,-0.0574135,0.010815404,0.083358526,-0.055285532,0.016751222,-0.1287464,-0.007424645,-0.044154607,0.045391493,0.11072125,-0.060927432,0.054210193,-0.020851951,0.030086711,0.051912345,0.0382768,-0.0013228804,0.107346244,0.085787885,0.01510502,-0.08119927,0.008662371,0.011628766,-0.010610039,0.03135544,0.043561265,0.10050048,-0.039821584,0.00032631308,-0.13053025,-0.027159322,0.02139907,0.19129094,-0.039230883,0.043039005,0.053687215,-0.057178564,-0.017500311,0.046630364,-0.011620909,0.017589368,0.008724086,0.052743383,-0.13772386,-0.06516877,-0.03500889,0.027810402,-0.06485076,-0.16698349,-0.089817695,0.072352946,0.070545785,0.008080002,-0.06536506,0.07205085,0.008770766,0.037729815,-0.011159215,0.0035944302,-0.074360155,0.030532122,0.023715718,-0.06306015,-0.01376717,-0.007944956,0.06487806,-0.053483546,-0.14172773,0.028085228,0.013135936,0.043000527,-0.023630122,-0.0698728,-0.01201275,0.029300489,0.010878403,-0.07049426,-0.020992592,0.053482074,0.04616879,0.022732269,-0.0943257,0.057876803,0.044119045,0.09601871,0.031548094,-0.038865983,-0.053511955,-0.03866071,-0.06652612,-0.014881674,-0.104792714,0.038152948,0.027946092,0.09349017,0.112865545,0.07109398,-0.00027952157,0.15013996,0.018893793,0.051099867,-0.11218881,-0.06924084,0.01789221,0.06555366,-0.050863814,-0.05398097,0.042742923,-0.03503276,0.089835785,0.0051542763,0.031046193,-0.093656056,0.01915574,-0.027314998,-0.043771837,-0.012912814,-0.034616314,0.021221574,0.022899952,-0.041622654,-0.07555491,-0.09307067,-0.059305232,-0.0072606932,0.09610823,0.004786368,-0.00368917,-0.00094899535,0.08722693,-0.061364397,-0.040865872,0.0025307797,0.06472701,-0.013238089,-0.013913453,0.004827302,-0.039178696,-0.06171462,0.001189487,0.022139618,0.008578852,-0.007813012,-0.05960989,-0.027718633,0.07008467,-0.0059987493,0.16737376,0.04974726,-0.0048232935,0.04550608,0.048012972,-0.0148242805,0.034028582,-0.08594322,-0.07373236,0.02784222,-0.008427359,0.17011797,-0.055009324,-0.02976778,0.04856895,-0.004641466,0.0045658387,0.006676784,0.006350599,0.0030304976,0.06585674,-0.07212551,-0.06855345,-0.06119276,-0.07994349,-0.032588646,-0.018451747,-0.020335272,0.036989957,0.08228632,-0.04697257,-0.08796485,-0.0031945857,-0.12889948
1,1.0540574,-1.1670535,1.0191206,0.34303102,-0.031947274,0.9984877,-0.57795864,0.30105156,-0.65047127,-0.2850011,0.13399085,0.5548315,-0.31893384,-0.7681677,0.48644346,0.25784445,0.53787214,0.651255,0.42338866,-0.672475,0.6648535,0.16709778,-0.7880962,0.40476224,0.72728956,-0.44852585,0.5857654,-0.12398483,0.22559234,-0.2749092,0.2691669,-0.6527878,-0.48952556,0.49996766,-0.8330888,0.21823855,0.7203121,-0.56421953,0.24965298,0.24715906,-1.0813814,-0.04833217,-0.38680944,-0.09343079,-0.034017507,0.33669278,-0.2946935,0.31885037,0.60487884,-0.53515893,-0.72708416,0.39758724,-0.49342763,-0.00055733696,-0.63969404,-0.04580068,0.27571863,-0.2139027,-0.7640223,-0.7577475,0.1265902,0.55343324,0.1035814,0.7828341,0.25920597,-0.30563098,0.31958088,0.558692,-0.3150269,0.100664765,0.030051699,0.794473,-0.79519963,0.33452195,0.020049855,-0.1890104,-0.69750726,0.63573855,0.16080835,0.49832797,-0.95012784,0.66190994,-0.25864944,0.62392753,0.8833389,-0.38715085,0.48612174,0.23761626,-0.34189704,1.1213133,0.7391903,0.12151438,0.8906052,0.8198936,-0.4219808,-0.75262415,0.35084322,-0.5175502,-0.101717256,-0.27472174,0.43444762,0.525865,-0.38954198,-0.3625459,-0.84158105,0.07513365,-0.24114802,1.5832533,-0.28395742,0.23402487,0.8257512,-0.47150755,-0.24408431,-0.23250979,0.1727401,0.1755487,-0.5154516,0.498184,-1.2119676,-0.65849537,0.20507595,-0.2559488,0.072614424,-1.0437183,-0.7837365,0.4596206,0.09054025,0.09304565,-0.2920344,0.59685475,0.3037464,0.39162284,0.52097535,0.25205028,0.14835526,0.6477281,-0.23800981,-0.58040786,0.37431175,0.4184317,0.60054153,0.117266044,-1.0086355,0.21638238,0.3762315,0.6277603,-0.04461988,-0.6061102,0.27960023,0.0968971,0.4228046,-0.7746104,0.3232891,0.6983742,0.13932985,-0.52455854,-0.7936628,0.23528397,0.0086522065,0.98699987,0.35575333,-0.515875,-0.5647791,-0.7373802,-0.9731742,0.5284987,-0.6187262,-0.07995203,-0.093061365,0.61374736,0.95456684,0.3557199,0.2672125,1.1974351,-0.12308869,0.6275817,-0.8558751,-0.0016004145,0.5202967,-0.13667546,0.0429218,-0.004979983,0.10859443,0.2208569,0.6554766,0.0025434569,-0.18969202,-0.30909646,0.36873025,-0.5672147,-0.819799,-0.60533434,0.22952634,-0.19356182,-0.37214702,0.19649222,-0.84964424,-0.54187876,-0.41203353,-0.44389206,0.84875,-0.13055937,-0.5803781,-0.50098175,0.6572449,-0.2478813,-0.7145816,0.042279996,-0.08118742,0.03632713,0.60010654,-0.038642414,0.34463245,-0.88825893,-0.1075034,-0.12505919,0.15597047,-0.12419939,-0.71455383,-0.7386433,0.6798371,-0.4369945,1.1946974,0.58461064,0.4912743,-0.19635706,0.60389024,0.15665904,0.5103467,-0.85160494,-0.04502202,0.05390541,-0.11272292,1.4324512,-0.87076,0.19544314,0.023200795,0.35513267,-0.12387699,0.10858798,0.3225222,0.39038128,0.41058782,-0.3772024,-0.36981988,-0.4119427,-0.469429,0.36750218,0.06742962,0.30266196,0.48932338,0.65030175,-0.8587326,-0.35106295,0.1790512,-1.222795
0,-0.09758503,0.06574313,-0.0046124756,-0.04659699,0.08213853,0.0133598335,0.038311295,-0.018166732,0.07883906,0.0103345495,-0.015792226,0.025446154,0.055623785,0.017479133,-0.08826067,-0.06985286,0.0022266526,-0.07801503,0.0021943133,0.050923325,-0.056783848,-0.033123374,0.03495357,-0.0758837,0.02686228,0.04036995,-0.030195817,0.020809256,-0.013641138,-0.017249055,-0.07373505,0.10298686,0.067487955,-0.0408028,0.09116329,-0.06885099,0.069619454,0.056513105,-0.08425678,-0.033959165,-0.027372327,-0.02007143,0.058031548,0.078303546,0.031406246,-0.095328934,0.007964417,0.0064240657,0.05679136,-0.023708047,0.042155378,-0.06826187,0.080730855,-0.034281813,-0.07558355,0.006811221,-0.054295562,0.057039253,0.064406715,0.01750535,-0.08204307,-0.10733795,0.016436812,0.0056108413,-0.06883427,0.06507883,-0.017034046,-0.07390731,0.066157326,-0.05688745,0.034115363,-0.078932405,0.07361139,-0.02125127,0.0041631684,-0.031056605,0.11665261,0.006506037,-0.099113844,-0.04325754,-0.01924422,-0.10703023,-0.005971006,-0.041008603,0.015317468,-0.015124124,-0.0039810147,-0.077953845,0.08995502,-0.09429522,-0.054823346,-0.023341358,0.006803562,-0.016507994,0.07321736,0.010356063,-0.040873043,0.099431574,0.0039717807,0.091354124,-0.0096038915,0.045635417,0.012102956,0.07044715,-0.04017614,-0.043687772,0.06919786,-0.0010340272,-0.0029034242,0.02494995,-0.049425364,0.0059975795,0.016619561,0.08622546,-0.034273654,-0.020027742,0.0882773,-0.004014665,0.0027676085,0.019603325,-0.0776227,0.07538637,-0.09803081,-0.055060722,0.009504515,0.012887241,0.07220461,-0.011057895,-0.031862464,0.0094065815,-0.037793424,-0.02257394,-0.09711327,-0.031188114,-0.118307814,-0.044655886,0.06353075,0.009264594,-0.077619135,-0.0663977,-0.024087954,-0.06987968,-0.032003187,0.004345632,-0.03442803,-0.038113922,-0.029667381,0.013161682,-0.05938928,0.014855709,-0.062242825,0.033081725,-0.06767722,-0.04232995,0.033639207,0.108188525,-0.004667436,0.030490324,0.054366983,-0.025624229,-0.026358161,0.029630635,0.024557345,0.052455656,0.06642494,-0.07340121,-0.033184588,0.06627738,0.062431835,0.009673934,-0.010327928,0.040335167,-0.041048177,0.004287645,0.038304217,-0.039174907,-0.012719814,-0.072375,-0.0512013,0.09916814,-0.057368107,-0.0810126,0.03427379,-0.069037475,0.011675681,0.012107814,0.04279172,-0.07186653,-0.04052975,0.054595795,0.051375914,0.065815344,-0.0796385,0.045361653,0.084131025,-0.07172596,0.02347644,-0.019892212,-0.010750882,0.052852556,-0.0027383603,0.03292762,0.07736811,0.0762258,0.0033649083,-0.036387682,0.05180192,-0.011663087,0.08902131,-0.023530954,-0.10529783,0.017716484,-0.095084935,0.059588328,0.025193226,0.046548404,-0.012960071,0.016580684,0.035878465,0.07176032,-0.0024335561,0.052974626,0.027237285,-0.034964334,-0.07912628,0.097627066,-0.024280911,-0.04551551,-0.022594096,0.033519052,-0.082068115,0.016931374,0.022321621,0.007271128,0.05111948,-0.05803655,0.047358926,-0.050865423,0.022802148,0.0019017328,-0.035427876,-0.055822268,0.0055584386,-0.04319912,-0.032137845,-0.015090601,-0.026987087,-0.08566795,-0.026154831,-0.07341868,-0.029804202,0.0040272856,0.06320621,-0.05217364,-0.03751553,0.015082026
0,-0.0758445,0.04107518,0.017317364,-0.03798102,0.0768439,0.03348368,0.023595639,-0.013787864,0.058019184,-0.0009034164,-0.01314071,0.03401841,0.04898873,-0.0014877841,-0.071204655,-0.059769716,0.009738242,-0.06147854,0.0081829,0.034148104,-0.04044756,-0.035247765,0.013808166,-0.06532526,0.037183303,0.030103972,-0.013068169,0.01979445,-0.0025814916,-0.022595469,-0.07030589,0.079726286,0.05389787,-0.025349213,0.06509096,-0.06383967,0.08870552,0.0408467,-0.081273824,-0.026660677,-0.05273679,-0.018866464,0.042413656,0.07233189,0.03275209,-0.08628577,0.0025050752,0.00829022,0.06579263,-0.03435435,0.02896799,-0.06241475,0.07183771,-0.029853392,-0.087522715,0.0064191185,-0.038623136,0.051474545,0.05117489,0.0018973188,-0.07854676,-0.09230303,0.018400658,0.018549811,-0.057818737,0.053165834,-0.00953508,-0.06388503,0.060742572,-0.048269317,0.035244677,-0.05741463,0.056942057,-0.012125535,0.0024964176,-0.038398527,0.09805221,0.014455307,-0.087132074,-0.032434735,-0.040349096,-0.088774465,-0.011377331,-0.023054661,0.031601653,-0.024186853,0.008093847,-0.06741563,0.07828756,-0.0665117,-0.039895236,-0.01808373,0.022838121,-0.00012714276,0.06273039,-0.0061149783,-0.03449037,0.0828529,0.0039402386,0.08281337,0.0011307914,0.05697385,0.004246542,0.053129956,-0.05548273,-0.040589333,0.06058164,0.0374691,-0.0052119065,0.032377277,-0.031654358,-0.0067306627,0.0100695565,0.081868544,-0.033470005,-0.011239525,0.07425217,0.005476718,-0.023979302,0.0036921003,-0.07029304,0.06360396,-0.090385705,-0.074558735,-0.0070469277,0.021796085,0.0730497,-0.007991854,-0.032757465,0.017159974,-0.029125633,-0.0135377385,-0.0816368,-0.022495005,-0.11030622,-0.034860007,0.05892986,-0.0021509249,-0.066608876,-0.057164002,-0.0034500333,-0.06813559,-0.0494588,0.0070808497,-0.02706511,-0.020582724,-0.02773409,-0.003433479,-0.052605394,0.0107686,-0.04577286,0.014365657,-0.059681,-0.025160346,0.034391075,0.09105579,-0.023199402,0.036755733,0.054529555,-0.0019015118,-0.014344938,0.017478753,0.011656173,0.038862184,0.043126564,-0.06728809,-0.05024138,0.057827495,0.050985053,0.02797399,0.01355068,0.04307697,-0.035005234,0.02930426,0.036231183,-0.020390898,-0.031060264,-0.077748336,-0.040602252,0.094197914,-0.05910842,-0.07368711,0.039369136,-0.065245725,0.02481849,0.012075888,0.041816674,-0.074163884,-0.030629128,0.037941355,0.0393133,0.05409222,-0.0729291,0.04246207,0.07310718,-0.067379236,0.007629011,-0.033507705,-0.02373787,0.043347456,0.013587156,0.02636945,0.0642697,0.06137868,0.020993438,-0.038064744,0.03698526,-0.00836407,0.086307436,-0.026281068,-0.08928804,0.015150262,-0.085202694,0.036455072,0.022465114,0.03936654,-0.012642387,0.009341139,0.018696763,0.053341504,0.006706751,0.042830393,0.051566735,-0.021711456,-0.06652114,0.09211439,-0.010809798,-0.039042283,-0.013692288,0.006342519,-0.08232257,0.018305909,0.0107896235,0.034103975,0.03217751,-0.05852036,0.048035197,-0.046053097,0.01672402,0.0031539984,-0.030040603,-0.043168895,0.019657146,-0.044095863,-0.038627565,-0.021439642,-0.035579693,-0.07834136,-0.025262544,-0.06467072,-0.018979406,0.020913385,0.0420373,-0.060051247,-0.03366531,-0.01179855
1,0.6541825,-0.73194844,0.663852,0.2113258,0.0039692186,0.64471436,-0.3634471,0.18917438,-0.40225512,-0.17907548,0.08259657,0.3671014,-0.18951766,-0.5064861,0.29746747,0.15156303,0.3480811,0.3992588,0.28190866,-0.41651052,0.41260052,0.09651143,-0.5079182,0.24322678,0.47628996,-0.27869484,0.37172458,-0.072524495,0.14533728,-0.1856568,0.15060653,-0.39517868,-0.29370832,0.31647497,-0.5192073,0.12325595,0.48831797,-0.35559464,0.13480294,0.14842357,-0.71383274,-0.03365332,-0.2378896,-0.034229156,-0.0077329017,0.1903458,-0.19469832,0.20980237,0.40571594,-0.35745916,-0.45771858,0.23491615,-0.30052474,-0.00732499,-0.43771505,-0.023650326,0.16893207,-0.122913584,-0.47703648,-0.48396534,0.056045156,0.32646355,0.078970306,0.5074733,0.14896968,-0.1872514,0.20425224,0.34237143,-0.1788806,0.05110467,0.027512258,0.49101302,-0.49404618,0.2167672,0.0072905347,-0.13702142,-0.41791174,0.41959992,0.07582792,0.30461013,-0.6236851,0.39734513,-0.17603827,0.39403155,0.57359266,-0.258182,0.31116873,0.14158127,-0.1949237,0.69589823,0.4625642,0.07414828,0.57791317,0.5297945,-0.2474613,-0.48471734,0.2171739,-0.30983397,-0.06719418,-0.15598136,0.27821743,0.35532773,-0.25107303,-0.21962294,-0.5569964,0.034065183,-0.14103636,1.0268493,-0.19132595,0.15220346,0.5183952,-0.30749676,-0.15304916,-0.12432283,0.10130318,0.11594381,-0.30987734,0.32073072,-0.7832973,-0.42286006,0.11130864,-0.14383481,0.020793356,-0.69392407,-0.51026237,0.30830348,0.08083618,0.06357278,-0.20565923,0.3872756,0.18757428,0.25505668,0.31420058,0.15251316,0.06455265,0.40273532,-0.13678485,-0.3740529,0.22340351,0.24919549,0.3890461,0.04938184,-0.66184443,0.14133134,0.2323551,0.39298478,-0.034979634,-0.3959592,0.16754419,0.076778576,0.26135936,-0.49610054,0.18747884,0.44478557,0.10335786,-0.3085913,-0.5121955,0.16560754,0.020467367,0.6308669,0.23041809,-0.32906672,-0.36494455,-0.45994285,-0.61495817,0.31184617,-0.41341838,-0.03530087,-0.047028773,0.40906554,0.6228484,0.24432439,0.16317903,0.7844525,-0.0686155,0.39901957,-0.55853665,-0.025399603,0.3230085,-0.05860074,0.006304119,-0.021723736,0.08109065,0.119807005,0.4305015,-0.0013522152,-0.09755113,-0.22160509,0.23539722,-0.35558736,-0.51174456,-0.37130755,0.12846823,-0.106054544,-0.21640655,0.10206556,-0.53956467,-0.36617282,-0.2690175,-0.27180982,0.54834366,-0.07788937,-0.35265055,-0.30245793,0.43090707,-0.1746996,-0.44717342,0.028809963,-0.02630233,0.021714332,0.35814255,-0.022889681,0.19392799,-0.5608,-0.06758766,-0.066271834,0.099890485,-0.07781024,-0.4566366,-0.45810097,0.4374785,-0.2655507,0.7881703,0.37696975,0.2974038,-0.107634105,0.38143724,0.09111489,0.31849006,-0.54633546,-0.053376645,0.04685642,-0.07075904,0.9284916,-0.54591703,0.109734535,0.033041954,0.21286054,-0.07105753,0.066087656,0.19752482,0.23691654,0.27457288,-0.2560752,-0.24759763,-0.2742693,-0.31697392,0.2088379,0.032408733,0.17726614,0.3103952,0.42369,-0.5348732,-0.24380593,0.11044952,-0.7859851
1,0.68351054,-0.7646079,0.69028336,0.22125065,0.0011761673,0.6721972,-0.37944457,0.19767664,-0.42074275,-0.18782073,0.08644797,0.38099107,-0.19876565,-0.5248373,0.3113811,0.15887575,0.36242038,0.41761988,0.2920519,-0.4358919,0.43135846,0.101214565,-0.52851605,0.25452766,0.495073,-0.29085854,0.38788822,-0.076671034,0.15087819,-0.19245255,0.15910274,-0.41454786,-0.30837876,0.32984734,-0.54200816,0.12993424,0.506199,-0.3705602,0.14311153,0.15581414,-0.7409451,-0.034849226,-0.2488132,-0.038664427,-0.009398792,0.20091194,-0.20151079,0.21783924,0.42041084,-0.3709543,-0.4776779,0.24708575,-0.3138539,-0.0070670135,-0.45367193,-0.025419734,0.17696849,-0.12931292,-0.49805224,-0.5043963,0.061361108,0.343087,0.08067629,0.5281471,0.15708931,-0.19557355,0.21314476,0.35798988,-0.18954962,0.054590713,0.028399052,0.5138935,-0.5163235,0.2251686,0.008547604,-0.14112648,-0.43817243,0.43533483,0.08237993,0.3191685,-0.6479288,0.41719145,-0.18251905,0.41127893,0.5966115,-0.2676319,0.32518977,0.14794764,-0.20545363,0.7278289,0.48295003,0.077793434,0.60129696,0.5510806,-0.2606501,-0.5045903,0.22653188,-0.32503822,-0.069919534,-0.16456625,0.2900007,0.36816636,-0.26136667,-0.23040923,-0.5783681,0.037482996,-0.14758822,1.0685538,-0.1970661,0.15921064,0.54121405,-0.3196281,-0.16007157,-0.13202757,0.10651446,0.12004099,-0.3246382,0.33362782,-0.8152036,-0.44017962,0.118154906,-0.1519685,0.024304137,-0.7202762,-0.53006923,0.31929848,0.08185084,0.065619126,-0.21166393,0.40292087,0.19599134,0.26493275,0.32866722,0.16047636,0.07043001,0.42086563,-0.14413434,-0.38938048,0.23415083,0.26179895,0.40459892,0.05431067,-0.68744963,0.1465917,0.24314032,0.4102147,-0.035498373,-0.41089603,0.17533594,0.07755754,0.27332047,-0.51675445,0.19719452,0.4634188,0.10606295,-0.32443857,-0.53372836,0.17073801,0.019744512,0.6574603,0.23951876,-0.34303087,-0.37929973,-0.4807894,-0.64129645,0.32796922,-0.42866528,-0.038066242,-0.05046325,0.42450976,0.6472111,0.2524959,0.17059845,0.81438005,-0.0724222,0.41624346,-0.58069175,-0.024191007,0.33692217,-0.064102754,0.008615892,-0.020390343,0.08293798,0.12723055,0.44711992,-0.00039424933,-0.105392255,-0.2283307,0.24462849,-0.3706989,-0.53429836,-0.38827997,0.13537878,-0.1126706,-0.2280994,0.108945176,-0.56270456,-0.3792456,-0.28003734,-0.28449884,0.57059187,-0.08180581,-0.36938474,-0.31737816,0.44809386,-0.1801683,-0.46698648,0.030135084,-0.030016102,0.021987041,0.37577975,-0.024123944,0.20526586,-0.5850639,-0.070460215,-0.07070532,0.103789255,-0.08121047,-0.47533092,-0.47861814,0.45494115,-0.27827868,0.81771827,0.39170435,0.31149173,-0.11356533,0.39810383,0.09573023,0.33290085,-0.56959474,-0.053015582,0.04718036,-0.07440214,0.9659058,-0.5703727,0.11538713,0.032182097,0.22332352,-0.07509141,0.069125995,0.2068843,0.2482115,0.2848152,-0.26503313,-0.25726938,-0.284383,-0.32800433,0.22059798,0.034813482,0.18675952,0.3237081,0.44026092,-0.5590757,-0.25247994,0.11508254,-0.818678
0,-0.09683308,0.06369234,-0.0063255876,-0.048029058,0.086432114,0.015933849,0.03948147,-0.019155828,0.08473382,0.008065205,-0.015871849,0.025948623,0.05713849,0.024529207,-0.09369039,-0.07075777,0.0017694123,-0.07919568,-0.0024883468,0.05175497,-0.05596583,-0.035104062,0.03761012,-0.07851718,0.028340772,0.038662754,-0.031198326,0.021758849,-0.014630424,-0.015455853,-0.07653632,0.10558112,0.066485465,-0.042944893,0.09360341,-0.07133562,0.07432182,0.06126881,-0.08718315,-0.03346836,-0.029210486,-0.022260845,0.060368612,0.08016248,0.031441607,-0.09960884,0.011410426,0.0030207727,0.059823703,-0.022369942,0.042331256,-0.07063426,0.0861453,-0.034540176,-0.08010606,0.005310977,-0.05807651,0.058553696,0.06836201,0.01748275,-0.08522189,-0.10912209,0.012750188,0.008275385,-0.06971614,0.07070631,-0.020845596,-0.07525789,0.06633107,-0.057516105,0.037284385,-0.077452354,0.07508445,-0.02483322,0.0048287995,-0.029260937,0.11941695,0.0016382597,-0.1015686,-0.041311372,-0.021592334,-0.109852724,-0.0029836195,-0.03896504,0.017803833,-0.012877097,-0.0023950646,-0.08489266,0.09441483,-0.09218027,-0.05649647,-0.02328136,0.008848956,-0.020368418,0.072133034,0.011204188,-0.047750853,0.10217734,0.0066458946,0.09595725,-0.009567578,0.04692962,0.0136892665,0.07208359,-0.040459894,-0.042992778,0.07390639,0.0005047878,-4.476309e-05,0.029775199,-0.051949367,0.006913945,0.018308185,0.088249326,-0.034295794,-0.020970363,0.09018228,-0.0027256315,-0.0010570227,0.019470042,-0.07761943,0.07386564,-0.101696834,-0.056850664,0.010476271,0.009934787,0.07259625,-0.013784025,-0.026612416,0.011013897,-0.04062435,-0.026711777,-0.098742165,-0.032116227,-0.12289354,-0.046181686,0.067808285,0.01274503,-0.080039226,-0.070287466,-0.023042442,-0.06883386,-0.032332122,0.0029300577,-0.033390686,-0.035929184,-0.02908651,0.015030744,-0.06407319,0.010287132,-0.063784905,0.036611486,-0.069633536,-0.047372337,0.032712314,0.10950464,-0.007976736,0.030882178,0.05608588,-0.023271099,-0.031657018,0.030725282,0.027203407,0.0517003,0.06988463,-0.07343222,-0.033707045,0.06740051,0.06519686,0.010148935,-0.010313623,0.03995212,-0.041584607,0.0017465539,0.037747744,-0.04091502,-0.014370694,-0.07381088,-0.05255167,0.09963512,-0.056549303,-0.08513603,0.035981327,-0.070679344,0.012508415,0.013875326,0.03987207,-0.073383875,-0.044605643,0.05386815,0.04988513,0.06639424,-0.08324899,0.045672957,0.08470827,-0.074557334,0.023369662,-0.018490544,-0.012494214,0.05580966,-0.0004317183,0.035064653,0.08188568,0.07862469,0.0022520802,-0.036398623,0.05161483,-0.0135986395,0.093459375,-0.027768822,-0.10721668,0.020518985,-0.097638994,0.05983916,0.028291386,0.046221886,-0.016235389,0.017130096,0.03867007,0.071073934,-0.0012338404,0.05543777,0.027415048,-0.041367844,-0.08189303,0.107361935,-0.024595937,-0.04752136,-0.02202027,0.034153957,-0.084989056,0.013992924,0.022973944,0.0057855807,0.05147569,-0.061304566,0.047261424,-0.05304858,0.020803524,0.005370859,-0.03462916,-0.056364473,0.002407983,-0.04415284,-0.033697955,-0.015693046,-0.026890047,-0.08758654,-0.023987472,-0.07692614,-0.032841016,0.008112746,0.06234888,-0.055883702,-0.04291545,0.0131602995
0,-0.11555331,0.08000276,-0.017066512,-0.05733426,0.088478014,0.0024135932,0.04977073,-0.028515268,0.093527585,0.016163237,-0.019571682,0.014308114,0.06279452,0.037343692,-0.10635498,-0.07633668,-0.0075190756,-0.088405654,-0.010850644,0.058426533,-0.067786075,-0.04024609,0.049889266,-0.08913298,0.020119602,0.045524336,-0.04394725,0.028000683,-0.017846517,-0.011182182,-0.08328355,0.11281788,0.07331766,-0.0495364,0.105436996,-0.07507925,0.063396886,0.06994647,-0.09093042,-0.03616254,-0.012535596,-0.022348728,0.058694117,0.0836003,0.031769335,-0.10796569,0.02054815,-0.0024733506,0.053725496,-0.012352962,0.052379765,-0.08293039,0.09544878,-0.035237856,-0.06218362,0.0033103172,-0.06267425,0.06031938,0.084007934,0.019955771,-0.08647783,-0.11783143,0.0070774388,-0.005677563,-0.07567914,0.07772844,-0.028474923,-0.091810495,0.07791221,-0.056273524,0.040477622,-0.09069127,0.08871181,-0.025098527,0.012399228,-0.026899377,0.12597962,-0.014908511,-0.10888172,-0.046037283,-0.010368202,-0.1231074,0.0068626218,-0.048941627,0.01068246,-0.009658929,-0.012520095,-0.09185236,0.097573176,-0.10490048,-0.06881833,-0.028593445,-0.0013977345,-0.031615708,0.07876043,0.019462772,-0.046818968,0.112200916,0.012851392,0.10570624,-0.014948113,0.0428001,0.021528041,0.07643962,-0.027783114,-0.04807342,0.07857243,-0.020206135,0.0023633018,0.030458901,-0.056240425,0.0121400375,0.024862887,0.09296445,-0.039302565,-0.026963016,0.10109332,-0.005840409,0.012171806,0.028907495,-0.08621664,0.07674132,-0.10484335,-0.04316143,0.022929251,0.0028364472,0.076751895,-0.014417667,-0.018182531,0.002533165,-0.04775575,-0.040857434,-0.11076494,-0.038537897,-0.12703136,-0.05541939,0.071529195,0.022243178,-0.08826809,-0.07252636,-0.030993868,-0.06921996,-0.024678174,0.0023004762,-0.03845255,-0.041578375,-0.036872156,0.022804314,-0.070688106,-0.00018508732,-0.07446944,0.045204833,-0.072133,-0.050565556,0.02916079,0.11465615,0.0026606182,0.02239834,0.055883534,-0.0344919,-0.0381992,0.0393792,0.036239684,0.06097839,0.086617835,-0.08361085,-0.032023504,0.06558492,0.07047607,-0.0016064867,-0.02445314,0.034464087,-0.051975965,-0.013839465,0.039904404,-0.051064864,-0.002874542,-0.08283784,-0.05920984,0.10682978,-0.059532776,-0.09314424,0.042647824,-0.079167105,0.0062567736,0.01919485,0.042273924,-0.06512956,-0.054507893,0.05997367,0.06291729,0.07512557,-0.08536352,0.05006578,0.094407886,-0.076097965,0.03329075,-0.006649576,-0.009287234,0.06384878,-0.009592328,0.037561405,0.09233336,0.089533076,-0.009799632,-0.031023925,0.06192393,-0.02008503,0.09904473,-0.03436184,-0.12101724,0.02498155,-0.106521435,0.07256986,0.03405535,0.05305451,-0.021997314,0.01763856,0.0467704,0.08202648,-0.009322343,0.06128332,0.015239317,-0.05312366,-0.0928926,0.11240042,-0.03172585,-0.049714632,-0.032273866,0.040978204,-0.08950107,0.01146888,0.02546975,-0.00843988,0.060393617,-0.066078246,0.04873926,-0.060817376,0.01861471,0.004106229,-0.04205967,-0.06003362,-0.004931204,-0.041900396,-0.027326087,-0.0050200876,-0.025352646,-0.09492757,-0.0290492,-0.08802196,-0.04535404,-0.0014536327,0.0738068,-0.046985954,-0.04666919,0.024942469
1,0.9706935,-1.0727278,0.9436856,0.31476298,-0.025241513,0.91768634,-0.53059405,0.27565196,-0.5991724,-0.26026538,0.12260017,0.5136778,-0.29094714,-0.7178466,0.44743103,0.2383975,0.49536705,0.599144,0.396158,-0.6172109,0.6091851,0.15300608,-0.72925097,0.3703419,0.6720577,-0.41410977,0.53858596,-0.11210188,0.21077508,-0.25599986,0.24452819,-0.59943444,-0.44909745,0.46336257,-0.76760685,0.19815391,0.6698854,-0.52185935,0.22468817,0.22632189,-1.0042138,-0.045738548,-0.35800973,-0.08238417,-0.029142458,0.30714914,-0.27598432,0.29650882,0.5619897,-0.4967398,-0.6691138,0.36077702,-0.454853,0.0007067211,-0.59083635,-0.040934235,0.25520012,-0.19583173,-0.70294106,-0.7001863,0.110572636,0.506378,0.09913054,0.7215984,0.23752563,-0.28319073,0.29414356,0.51271677,-0.28199175,0.091430664,0.028919538,0.7281495,-0.7317499,0.31170118,0.017355144,-0.17872694,-0.64259845,0.5889853,0.14264053,0.45692164,-0.8784298,0.60458547,-0.23917967,0.5738764,0.816914,-0.36029658,0.44748825,0.22038212,-0.31347495,1.0285809,0.6804782,0.10990901,0.8243232,0.7580741,-0.3840574,-0.6962967,0.32523504,-0.47563538,-0.0935749,-0.25266385,0.40079752,0.488476,-0.35994804,-0.33499727,-0.77914,0.06577687,-0.22367679,1.4654999,-0.26852357,0.21360067,0.76142365,-0.43878964,-0.22519375,-0.21051687,0.15688142,0.16514923,-0.47327697,0.46049327,-1.1197536,-0.60852283,0.18673033,-0.2337481,0.06471473,-0.9666735,-0.7268298,0.42837334,0.087441236,0.08674604,-0.27446908,0.5502829,0.2802916,0.36500502,0.48018968,0.22792186,0.13325217,0.59406066,-0.21580735,-0.5371896,0.34526074,0.38299143,0.5581543,0.101206005,-0.93546736,0.20123509,0.34391975,0.5796367,-0.04113271,-0.5648813,0.25767624,0.09294758,0.3895199,-0.7167559,0.2954542,0.6454299,0.13074736,-0.481537,-0.73072255,0.21911743,0.00997242,0.91067624,0.33022106,-0.47536534,-0.5239514,-0.6774281,-0.89888096,0.47952107,-0.57551587,-0.073601544,-0.084257685,0.56996685,0.8849078,0.33023787,0.24538094,1.1102394,-0.112221345,0.57962346,-0.7918804,-0.007939227,0.47978663,-0.12056069,0.03552552,-0.0066371933,0.103805795,0.19825524,0.6092147,0.0016154703,-0.16570222,-0.28780115,0.34148738,-0.52426445,-0.75401163,-0.5563277,0.21097368,-0.174047,-0.338922,0.17575935,-0.7838965,-0.503828,-0.38087305,-0.4064221,0.7843021,-0.1223078,-0.5326807,-0.45949513,0.60894275,-0.2316882,-0.6587588,0.03857896,-0.07105193,0.035562404,0.5500477,-0.035081513,0.31088567,-0.8192135,-0.10032487,-0.11203747,0.14428408,-0.11547683,-0.6605468,-0.6796123,0.6294567,-0.39996794,1.1100478,0.5429235,0.45070118,-0.18151636,0.5564508,0.14503476,0.46680814,-0.78784287,-0.046153314,0.0537931,-0.10496071,1.3258313,-0.8001662,0.17810012,0.027440622,0.3241413,-0.11381906,0.09814122,0.29529682,0.35822073,0.38293344,-0.35009086,-0.342299,-0.3809636,-0.43898278,0.33141395,0.059636522,0.27585366,0.44991162,0.6016811,-0.78857565,-0.32590014,0.16598007,-1.1283534
0,-0.05304644,0.014401723,0.040517963,-0.031826165,0.07519617,0.051342,0.011441521,-0.00853887,0.043398313,-0.0056621805,-0.009456141,0.044106364,0.041160654,-0.017989274,-0.061540544,-0.051037647,0.01970524,-0.043759912,0.016805787,0.01820713,-0.026963977,-0.032001864,-0.0030031595,-0.057541765,0.053119056,0.018201414,-0.0018770276,0.018652935,0.002392006,-0.028715935,-0.06509957,0.062095966,0.040709626,-0.012578091,0.043681405,-0.058142897,0.10253108,0.027248655,-0.073351026,-0.020134808,-0.074600436,-0.020032223,0.028132692,0.069026634,0.03232961,-0.0792283,-0.0014096759,0.012765618,0.07828392,-0.043660145,0.013200197,-0.05634734,0.060134932,-0.029472455,-0.095541455,0.0039089397,-0.030071868,0.045151915,0.03545098,-0.019100305,-0.07350003,-0.0794053,0.017984608,0.034484785,-0.050490044,0.046121344,-0.004837796,-0.053788446,0.054565184,-0.041400123,0.037931897,-0.038766243,0.03936562,-0.0027110223,0.0040770434,-0.041068003,0.07872923,0.022841517,-0.08283981,-0.02031919,-0.061677627,-0.07223741,-0.013654138,-0.0077198446,0.052568734,-0.03207937,0.016508207,-0.061434142,0.0670962,-0.03877909,-0.02488648,-0.014977058,0.04239645,0.016942484,0.05226665,-0.023056444,-0.026008436,0.06977416,0.004707639,0.07615419,0.00983206,0.06772795,-0.0049637984,0.04113696,-0.071640015,-0.03949967,0.05350863,0.07121408,-0.01211546,0.038262468,-0.010471677,-0.017534496,0.0061542597,0.07464565,-0.029423064,-0.006885072,0.06303766,0.0182643,-0.052303728,-0.012433652,-0.06422499,0.05394278,-0.08711987,-0.0970338,-0.02286645,0.032384783,0.074016005,-0.0072977655,-0.03591518,0.029636096,-0.023484785,-0.0084801465,-0.07002042,-0.018649556,-0.10581099,-0.02337671,0.05264858,-0.013795575,-0.05868949,-0.047359683,0.011603887,-0.06196628,-0.07204922,0.01326024,-0.017348569,-0.004822245,-0.031145258,-0.01680793,-0.04594863,0.010202952,-0.03688526,-0.0028598988,-0.05054626,-0.007829099,0.03527005,0.07386127,-0.04025922,0.039895784,0.050907206,0.022511909,-0.009255458,0.008593397,-0.0022280626,0.021726325,0.022286216,-0.057166144,-0.0663652,0.052950982,0.04838407,0.041083403,0.03555967,0.04756178,-0.030620083,0.054172434,0.032879792,-0.006543804,-0.050705448,-0.08082529,-0.027168535,0.08787741,-0.05775143,-0.073456354,0.04413086,-0.061041076,0.04091279,0.013702279,0.03798995,-0.07680698,-0.024511147,0.021818642,0.02178542,0.03953981,-0.06412064,0.037691783,0.06468725,-0.06359544,-0.011443626,-0.04380606,-0.034070093,0.033306077,0.033255704,0.023011075,0.052877806,0.050174084,0.032310892,-0.041959263,0.019752745,-0.0109126195,0.08545367,-0.028683202,-0.07557685,0.016079806,-0.077079296,0.015027419,0.0200027,0.03808429,-0.011077389,0.0046120193,0.002369646,0.03731807,0.021061752,0.033840034,0.076900624,-0.011646224,-0.05678635,0.08628444,0.0012649838,-0.035627075,-0.0042975694,-0.01592658,-0.082575664,0.01839881,0.0072621936,0.06416616,0.01282762,-0.054731984,0.050907888,-0.038873244,0.012123477,0.006318994,-0.02388928,-0.03243523,0.027314946,-0.05052484,-0.04424535,-0.026641514,-0.046514682,-0.068560824,-0.024533391,-0.061044157,-0.010007085,0.036119632,0.02193568,-0.0655802,-0.02780328,-0.039866988
