dataset,dim,epochs,lr,dropout,it_time_s,embed_time_s,total_time_s,val_acc,test_acc,peak_tracemalloc_mb,rss_before_mb,rss_after_mb
ENZYMES,128,40,0.001,0.3,7.126950979232788,0.14167404174804688,7.268625020980835,0.4262295081967213,0.3333333333333333,0.4271421432495117,1455.0078125,1455.0078125
