{
  "dataset": "ENZYMES",
  "embedding_dim": 256,
  "epochs": 100,
  "lr": 0.001,
  "dropout": 0.0,
  "batch_size": 64,
  "num_layers": 5,
  "pooling": "mean",
  "train_time_sec": 17.539470911026,
  "embed_time_sec": 0.14133191108703613,
  "total_time_sec": 17.680802822113037,
  "val_best_acc": 0.5245901639344263,
  "train_acc": 0.9123173277661796,
  "val_acc": 0.5245901639344263,
  "test_acc": 0.4166666666666667,
  "peak_tracemalloc_mb": 0.719151496887207,
  "rss_before_mb": 1457.51171875,
  "rss_after_mb": 1457.51171875,
  "device": "cuda"
}