{
  "dataset": "ENZYMES",
  "embedding_dim": 256,
  "epochs": 40,
  "lr": 0.0005,
  "dropout": 0.3,
  "batch_size": 64,
  "num_layers": 5,
  "pooling": "mean",
  "train_time_sec": 7.063422679901123,
  "embed_time_sec": 0.14455795288085938,
  "total_time_sec": 7.207980632781982,
  "val_best_acc": 0.4426229508196721,
  "train_acc": 0.6137787056367432,
  "val_acc": 0.4426229508196721,
  "test_acc": 0.2833333333333333,
  "peak_tracemalloc_mb": 0.7108421325683594,
  "rss_before_mb": 1457.51171875,
  "rss_after_mb": 1457.51171875,
  "device": "cuda"
}