{
  "dataset": "MUTAG",
  "embedding_dim": 256,
  "epochs": 100,
  "lr": 0.001,
  "dropout": 0.3,
  "batch_size": 64,
  "num_layers": 5,
  "pooling": "mean",
  "train_time_sec": 6.813326358795166,
  "embed_time_sec": 0.058119773864746094,
  "total_time_sec": 6.871446132659912,
  "val_best_acc": 1.0,
  "train_acc": 0.82,
  "val_acc": 1.0,
  "test_acc": 0.7894736842105263,
  "peak_tracemalloc_mb": 0.3530921936035156,
  "rss_before_mb": 1450.03125,
  "rss_after_mb": 1450.296875,
  "device": "cuda"
}