{
  "dataset": "ENZYMES",
  "embedding_dim": 128,
  "epochs": 100,
  "lr": 0.0005,
  "dropout": 0.0,
  "batch_size": 64,
  "num_layers": 5,
  "pooling": "mean",
  "train_time_sec": 17.337438344955444,
  "embed_time_sec": 0.14034461975097656,
  "total_time_sec": 17.47778296470642,
  "val_best_acc": 0.6065573770491803,
  "train_acc": 0.9937369519832986,
  "val_acc": 0.6065573770491803,
  "test_acc": 0.4166666666666667,
  "peak_tracemalloc_mb": 0.43393707275390625,
  "rss_before_mb": 1455.0078125,
  "rss_after_mb": 1455.0078125,
  "device": "cuda"
}