{
  "dataset": "ENZYMES",
  "embedding_dim": 256,
  "epochs": 40,
  "lr": 0.001,
  "dropout": 0.0,
  "batch_size": 64,
  "num_layers": 5,
  "pooling": "mean",
  "train_time_sec": 7.038280010223389,
  "embed_time_sec": 0.1412067413330078,
  "total_time_sec": 7.1794867515563965,
  "val_best_acc": 0.5245901639344263,
  "train_acc": 0.7244258872651357,
  "val_acc": 0.5245901639344263,
  "test_acc": 0.4,
  "peak_tracemalloc_mb": 0.7098588943481445,
  "rss_before_mb": 1455.0078125,
  "rss_after_mb": 1457.5078125,
  "device": "cuda"
}