{
  "dataset": "ENZYMES",
  "embedding_dim": 128,
  "epochs": 100,
  "lr": 0.001,
  "dropout": 0.0,
  "batch_size": 64,
  "num_layers": 5,
  "pooling": "mean",
  "train_time_sec": 17.447113752365112,
  "embed_time_sec": 0.14066815376281738,
  "total_time_sec": 17.58778190612793,
  "val_best_acc": 0.5409836065573771,
  "train_acc": 0.8538622129436325,
  "val_acc": 0.5409836065573771,
  "test_acc": 0.4,
  "peak_tracemalloc_mb": 0.4372224807739258,
  "rss_before_mb": 1455.0078125,
  "rss_after_mb": 1455.0078125,
  "device": "cuda"
}