dataset,dim,epochs,lr,dropout,it_time_s,embed_time_s,total_time_s,val_acc,test_acc,peak_tracemalloc_mb,rss_before_mb,rss_after_mb
MUTAG,256,40,0.0005,0.0,2.6749277114868164,0.0596466064453125,2.734574317932129,0.9473684210526315,0.7894736842105263,0.2951774597167969,1450.3515625,1449.73828125
