{
  "dataset": "MUTAG",
  "embedding_dim": 256,
  "epochs": 40,
  "lr": 0.0005,
  "dropout": 0.0,
  "batch_size": 64,
  "num_layers": 5,
  "pooling": "mean",
  "train_time_sec": 2.6749277114868164,
  "embed_time_sec": 0.0596466064453125,
  "total_time_sec": 2.734574317932129,
  "val_best_acc": 0.9473684210526315,
  "train_acc": 0.8466666666666667,
  "val_acc": 0.9473684210526315,
  "test_acc": 0.7894736842105263,
  "peak_tracemalloc_mb": 0.2951774597167969,
  "rss_before_mb": 1450.3515625,
  "rss_after_mb": 1449.73828125,
  "device": "cuda"
}