{
  "dataset": "IMDB-MULTI",
  "embedding_dim": 256,
  "epochs": 100,
  "lr": 0.001,
  "dropout": 0.3,
  "batch_size": 64,
  "num_layers": 5,
  "pooling": "mean",
  "train_time_sec": 52.84638571739197,
  "embed_time_sec": 0.4580729007720947,
  "total_time_sec": 53.30445861816406,
  "val_best_acc": 0.54,
  "train_acc": 0.4875,
  "val_acc": 0.54,
  "test_acc": 0.4666666666666667,
  "peak_tracemalloc_mb": 1.603886604309082,
  "rss_before_mb": 1472.359375,
  "rss_after_mb": 1472.359375,
  "device": "cuda"
}