{
  "dataset": "ENZYMES",
  "embedding_dim": 64,
  "epochs": 100,
  "lr": 0.001,
  "dropout": 0.3,
  "batch_size": 64,
  "num_layers": 5,
  "pooling": "mean",
  "train_time_sec": 17.964375019073486,
  "embed_time_sec": 0.1413440704345703,
  "total_time_sec": 18.105719089508057,
  "val_best_acc": 0.45901639344262296,
  "train_acc": 0.6722338204592901,
  "val_acc": 0.45901639344262296,
  "test_acc": 0.3,
  "peak_tracemalloc_mb": 0.30397510528564453,
  "rss_before_mb": 1454.38671875,
  "rss_after_mb": 1454.44140625,
  "device": "cuda"
}