Dataset,Accuracy,F1,AUC,TrainTime
MUTAG,0.7105263157894737,0.6304860511935576,0.7723076923076924,0.007569789886474609
ENZYMES,0.14166666666666666,0.08259246614316605,0.49,0.08118152618408203
IMDB-MULTI,0.37,0.34185126114950676,0.5333166666666668,0.33597517013549805
