label,dim0,dim1,dim2,dim3,dim4,dim5,dim6,dim7,dim8,dim9,dim10,dim11,dim12,dim13,dim14,dim15,dim16,dim17,dim18,dim19,dim20,dim21,dim22,dim23,dim24,dim25,dim26,dim27,dim28,dim29,dim30,dim31,dim32,dim33,dim34,dim35,dim36,dim37,dim38,dim39,dim40,dim41,dim42,dim43,dim44,dim45,dim46,dim47,dim48,dim49,dim50,dim51,dim52,dim53,dim54,dim55,dim56,dim57,dim58,dim59,dim60,dim61,dim62,dim63
1,0.824604868888855,0.7367353439331055,0.3474862277507782,0.12120310217142105,0.8881276845932007,0.6756027936935425,0.5651488900184631,0.44905349612236023,0.48263734579086304,0.2694716453552246,0.4642835855484009,0.9636473059654236,0.37848004698753357,0.8226639628410339,0.38880929350852966,0.25755763053894043,0.8239098191261292,0.5314028263092041,0.9518010020256042,0.5711612105369568,0.5727726817131042,0.5066649317741394,1.0286527872085571,0.386038213968277,0.26773810386657715,0.469840943813324,0.38451841473579407,0.2559381127357483,0.7129628658294678,0.34026357531547546,0.19583295285701752,0.4854128062725067,0.3044236898422241,0.5172533988952637,0.17276927828788757,0.35494929552078247,0.5187895894050598,0.5780082941055298,0.5196868777275085,0.9232880473136902,0.2777913808822632,0.5736105442047119,0.7646437287330627,0.7676573395729065,0.41572120785713196,0.5769308805465698,0.853553056716919,0.2333827018737793,0.5746475458145142,0.7270561456680298,0.5159076452255249,0.7686113715171814,0.477017879486084,0.6419667601585388,0.2760409414768219,0.4772292673587799,0.552612841129303,0.5776960849761963,0.638661801815033,0.5714222192764282,0.5430651903152466,0.2647889256477356,0.5257946252822876,0.15015855431556702
0,0.2612117528915405,0.33608439564704895,0.15209633111953735,0.16781295835971832,0.23682211339473724,0.14778810739517212,0.037326231598854065,0.11043119430541992,0.2687298357486725,0.197868213057518,0.4337807297706604,0.551588773727417,0.3099956214427948,0.4412218928337097,0.36295509338378906,0.3794185221195221,0.22426342964172363,0.48070061206817627,0.39657098054885864,0.3827982544898987,0.30044057965278625,0.1358533799648285,0.5490189790725708,0.16596809029579163,0.291412353515625,0.4132623076438904,0.11622590571641922,0.2010669708251953,0.16296465694904327,0.10145667940378189,0.4181169271469116,0.45513850450515747,0.16425251960754395,0.045416686683893204,0.2440502941608429,0.26154613494873047,0.078729048371315,0.08445584028959274,0.17703983187675476,0.3574746549129486,0.23032943904399872,0.4615350365638733,0.3467038869857788,0.24083152413368225,0.24997740983963013,0.15586736798286438,0.19551922380924225,0.1489347666501999,0.16468629240989685,0.38337475061416626,0.07902973145246506,0.18922606110572815,0.2384369671344757,0.2622043490409851,0.3939095735549927,0.08116830140352249,0.16236485540866852,0.26037007570266724,0.0940304547548294,0.37597066164016724,0.5238723158836365,0.19862809777259827,0.6836670637130737,0.320755273103714
1,0.39721184968948364,0.2898908257484436,0.4998869299888611,0.03864472731947899,0.5024899244308472,0.5511736869812012,0.04064922407269478,0.09212785959243774,0.7158600687980652,0.01037562545388937,0.6779780387878418,1.192270278930664,0.0012155701406300068,1.4217864274978638,0.0,0.0,0.35221490263938904,1.1268880367279053,0.4746546149253845,0.5332561731338501,0.40922972559928894,0.269523948431015,0.8392890691757202,0.02253735065460205,0.0,1.0769052505493164,0.05053136497735977,0.0,0.09419074654579163,0.0,0.0102011039853096,1.2144936323165894,0.0,0.11980030685663223,0.0,0.0,0.015259102918207645,0.23343424499034882,0.13746245205402374,0.25824272632598877,0.021756449714303017,0.5216205716133118,0.6026335954666138,0.5280852317810059,0.0,0.45311424136161804,0.26139572262763977,0.014645901508629322,0.2071010321378708,0.3391852080821991,0.0,0.0695500373840332,0.3056891858577728,0.13949769735336304,0.015022408217191696,0.018811281770467758,0.06789440661668777,0.5633530020713806,0.25948232412338257,1.132481336593628,1.6368013620376587,0.021995240822434425,1.2963706254959106,0.0
1,0.9609604477882385,0.9752786159515381,0.5849782228469849,0.0,1.080723524093628,0.7131695747375488,0.842616856098175,0.6498348712921143,0.6250011920928955,0.0,0.6540713906288147,1.0277358293533325,0.0,0.7815138101577759,0.0,0.0,1.0844955444335938,0.6346099972724915,1.0726237297058105,0.8702688813209534,0.7664510607719421,0.7431773543357849,1.1159987449645996,0.5104868412017822,0.0,0.6013870239257812,0.0,0.0,0.9916776418685913,0.0,0.0,0.7084097266197205,0.0,0.7152456641197205,0.0,0.0,0.6973950266838074,0.7944948077201843,0.7898945212364197,1.0955504179000854,0.0,0.7510362267494202,0.9537174105644226,0.9466966390609741,0.0,0.8819639682769775,1.0478326082229614,0.0,0.8884304165840149,0.8509050607681274,0.7564783692359924,0.98134845495224,0.8160297870635986,0.7872635126113892,0.0,0.6643064022064209,0.791957437992096,0.8289914727210999,0.9332231283187866,0.6731128096580505,0.7391440868377686,0.0,0.6908128261566162,0.0
0,0.06428565084934235,0.16757623851299286,0.32076865434646606,0.5716719031333923,0.04296146333217621,0.14056198298931122,0.06191204488277435,0.084353007376194,0.22122181951999664,0.23410159349441528,0.1845754086971283,0.37680917978286743,0.9522461295127869,0.4345591366291046,1.0829081535339355,0.569758951663971,0.07891334593296051,0.3561396896839142,0.07940204441547394,0.09444503486156464,0.09321810305118561,0.11462020128965378,0.45519664883613586,0.2781447172164917,0.5538809895515442,0.48868438601493835,0.7942952513694763,0.7334209084510803,0.3812977075576782,0.5565195679664612,0.6260604858398438,0.2759458124637604,0.3898903727531433,0.1151152104139328,0.6678467392921448,0.44358688592910767,0.20002485811710358,0.08715227991342545,0.10904618352651596,0.4032479524612427,0.5027784705162048,0.09617067128419876,0.2875193953514099,0.14586780965328217,0.7490872740745544,0.13782495260238647,0.17363618314266205,0.5598729848861694,0.271086186170578,0.1714652180671692,0.11814875155687332,0.13703450560569763,0.021806977689266205,0.21760393679141998,0.7805332541465759,0.1885318011045456,0.1974954605102539,0.05606786906719208,0.2512790858745575,0.3960292637348175,0.29947465658187866,0.2978321611881256,0.38600632548332214,0.5833773016929626
0,0.0,0.0,7.291248039109632e-05,1.1054930686950684,0.041907187551259995,0.24416546523571014,0.0,0.0,0.05029777064919472,1.2087939977645874,0.0,0.35106927156448364,1.019466757774353,0.5298569202423096,1.2538807392120361,1.4039887189865112,0.0,0.42061367630958557,0.0,0.0,0.0,0.06608498841524124,0.03548149764537811,0.0,1.3750958442687988,0.5474675893783569,0.896430253982544,1.3174506425857544,0.0,1.0393410921096802,1.2597724199295044,0.35103195905685425,1.2611134052276611,0.0,1.1534518003463745,0.8380876183509827,0.0,0.0,0.0,0.0,0.7924119830131531,0.0,0.0,0.12314798682928085,1.297983169555664,0.0,0.0,1.2499619722366333,0.0,0.0,0.0,0.0,0.0,0.0,1.467110514640808,0.0,0.0,0.0,0.0,0.40691879391670227,0.4552517235279083,1.0889376401901245,0.4054230749607086,1.0434192419052124
1,0.7093005180358887,0.8141276836395264,0.5241491794586182,0.0,1.0750278234481812,0.9099652171134949,0.5281892418861389,0.3720208406448364,0.8028671741485596,0.0,0.7398638725280762,1.5384143590927124,0.0,1.3435463905334473,0.0,0.0,0.9677545428276062,0.9514488577842712,0.8969243764877319,0.778121292591095,0.6826282143592834,0.6330515742301941,1.1273003816604614,0.3125106990337372,0.0,0.7865287065505981,0.0,0.0,0.8027902245521545,0.0,0.0,0.8312188982963562,0.0,0.6458165049552917,0.0,0.0,0.42316994071006775,0.6422119736671448,0.46789059042930603,0.865700900554657,0.0,0.7399060130119324,0.938925564289093,0.9752408862113953,0.0,0.7808837890625,0.917487382888794,0.0,0.6585987210273743,0.7138568758964539,0.4680038392543793,0.7282238602638245,0.6224448680877686,0.5875859260559082,0.0,0.3799399435520172,0.5268023014068604,0.6857568025588989,0.7611219882965088,1.037246823310852,0.9781978726387024,0.0,0.9678763151168823,0.0
1,0.254849374294281,0.159563347697258,0.40374258160591125,0.24981658160686493,0.31818270683288574,0.5323734879493713,0.029256556183099747,0.0,0.4722149074077606,0.22282035648822784,0.5233696699142456,0.975104570388794,0.22561298310756683,1.2279263734817505,0.11879512667655945,0.047647614032030106,0.2334648221731186,0.9397385716438293,0.2008524239063263,0.2704479694366455,0.19149546325206757,0.11007586121559143,0.4757898151874542,0.0,0.0804247260093689,0.8446192145347595,0.1892406940460205,0.05085718631744385,0.04063605144619942,0.048488762229681015,0.1705554872751236,1.037440299987793,0.1311112344264984,0.07060626149177551,0.12373396754264832,0.1287081092596054,0.0,0.143473818898201,0.03509186580777168,0.026102138683199883,0.2105674147605896,0.35597383975982666,0.3259899616241455,0.41141802072525024,0.14719194173812866,0.3072538673877716,0.10209193080663681,0.19603601098060608,0.11953596025705338,0.09887928515672684,0.0,0.012734786607325077,0.13927775621414185,0.004857585299760103,0.12917183339595795,0.0,0.0,0.4121486246585846,0.17963345348834991,0.9301523566246033,1.3121892213821411,0.2277771383523941,0.9749398827552795,0.14720921218395233
0,0.0,0.0,0.0,1.4591113328933716,0.02191798947751522,0.15160925686359406,0.0,0.0,0.016017448157072067,1.8011540174484253,0.0,0.2331182062625885,1.9474365711212158,0.32815903425216675,1.464105248451233,1.8807461261749268,0.0024669126141816378,0.3473704159259796,0.0,0.0009455492254346609,0.0,0.06312814354896545,0.017098890617489815,0.0,1.653480052947998,0.42578744888305664,1.3739356994628906,1.746181607246399,0.0,1.8590019941329956,1.9428973197937012,0.2266274392604828,1.656678318977356,0.0,1.4466338157653809,1.5250223875045776,0.0,0.0,0.0,0.0,1.523542881011963,0.0,0.0,0.09885367751121521,1.7323098182678223,0.0,0.0,1.6851500272750854,0.0,0.0,0.0,0.0,0.0,0.0,1.7275046110153198,0.0,0.0,0.0,0.0,0.28674066066741943,0.28929969668388367,1.5083035230636597,0.36392852663993835,1.6879208087921143
1,0.7765092849731445,0.6787567734718323,0.27296093106269836,0.022849207744002342,0.6535190939903259,0.4558553695678711,0.44387662410736084,0.39635446667671204,0.3172434866428375,0.025724131613969803,0.4996629059314728,0.9188571572303772,0.05278534069657326,1.057299256324768,0.015729522332549095,0.0,0.6503259539604187,0.8042889833450317,1.0200361013412476,0.6615392565727234,0.6018694639205933,0.5076739192008972,1.1812001466751099,0.3457816243171692,0.0,0.7186481952667236,0.04244411736726761,0.0,0.515788197517395,0.0,0.018748153001070023,0.595848798751831,0.018840854987502098,0.37202534079551697,0.00010218139505013824,0.03218798711895943,0.32258328795433044,0.4311142861843109,0.5266480445861816,0.8070118427276611,0.02939740940928459,0.7215280532836914,0.6371732950210571,0.7945647835731506,0.03090900182723999,0.46733084321022034,0.7719759941101074,0.014585316181182861,0.42322349548339844,0.7057912945747375,0.3393292725086212,0.5512389540672302,0.48462429642677307,0.7011751532554626,0.012453812174499035,0.2724847197532654,0.4904782772064209,0.6256143450737,0.48223692178726196,0.5683591961860657,0.8784446716308594,0.030981101095676422,1.0147892236709595,0.010915444232523441
0,0.1496105194091797,0.29894235730171204,0.2759990096092224,0.20624035596847534,0.13320451974868774,0.11503705382347107,0.12500354647636414,0.16142168641090393,0.16782519221305847,0.392829567193985,0.24762389063835144,0.24142901599407196,0.44639652967453003,0.11320564150810242,0.644754946231842,0.5470163226127625,0.3361201584339142,0.13850049674510956,0.24356694519519806,0.2861553132534027,0.06011635437607765,0.20340293645858765,0.2876732647418976,0.20663900673389435,0.5448784232139587,0.14564962685108185,0.45929229259490967,0.4304408133029938,0.3019312024116516,0.4695110321044922,0.47446730732917786,0.2837787866592407,0.4456896185874939,0.09872546046972275,0.31094154715538025,0.46349865198135376,0.2903546094894409,0.11386464536190033,0.23148278892040253,0.39827096462249756,0.39272722601890564,0.2603791058063507,0.38129866123199463,0.13882389664649963,0.5882412195205688,0.15800316631793976,0.16274286806583405,0.3422282636165619,0.27374276518821716,0.4194014370441437,0.17625822126865387,0.27125149965286255,0.141339510679245,0.24896842241287231,0.5897466540336609,0.28727415204048157,0.1906878799200058,0.1914016157388687,0.17974825203418732,0.16651788353919983,0.11085481941699982,0.4336049258708954,0.22898869216442108,0.33062687516212463
0,0.17430999875068665,0.0956897884607315,0.23710934817790985,1.1046398878097534,0.20876671373844147,0.3887675106525421,0.0,0.0,0.2692880928516388,0.905324399471283,0.34474217891693115,0.6200405359268188,1.1236727237701416,0.7886695861816406,0.8306329250335693,0.6207665801048279,0.14279159903526306,0.5920078158378601,0.1691894233226776,0.22565868496894836,0.1588047444820404,0.0809389054775238,0.25812071561813354,0.0,0.6081314086914062,0.48887965083122253,0.8315663933753967,0.5191615223884583,0.024990446865558624,0.736988365650177,0.8371180891990662,0.6159071326255798,0.921305775642395,0.06504181772470474,0.8921582698822021,0.86275315284729,0.0,0.07585538178682327,0.0,0.018702782690525055,1.0866934061050415,0.245004341006279,0.20871631801128387,0.28277987241744995,0.9346946477890015,0.2244264781475067,0.10717284679412842,0.8557167649269104,0.07291385531425476,0.09416381269693375,0.0,0.0,0.08863350749015808,0.0020737601444125175,0.6704103946685791,0.0,0.0,0.347134530544281,0.10856457054615021,0.5356616377830505,0.8464158177375793,0.9558582305908203,0.6633008122444153,0.8189294338226318
0,0.011418825015425682,0.11734360456466675,0.12974952161312103,0.06699007004499435,0.07849600166082382,0.23285238444805145,0.0,0.0019431001273915172,0.15263526141643524,0.23882274329662323,0.18561848998069763,0.44482365250587463,0.40454214811325073,0.5715699195861816,0.7345970869064331,0.634952187538147,0.1619507372379303,0.44784530997276306,0.04044768214225769,0.13690973818302155,0.11024530977010727,0.15128633379936218,0.11170629411935806,0.0,0.5857881307601929,0.5429642796516418,0.17621676623821259,0.12529970705509186,0.07153215259313583,0.21807442605495453,0.47438016533851624,0.34705159068107605,0.32671862840652466,0.04358341544866562,0.32133984565734863,0.31353864073753357,0.009420305490493774,0.01469026692211628,0.0035882096271961927,0.16383729875087738,0.14765334129333496,0.19576597213745117,0.12641577422618866,0.1593380719423294,0.5473796725273132,0.11015423387289047,0.028159061446785927,0.17535102367401123,0.11442892253398895,0.05423250421881676,0.01589720882475376,0.017077434808015823,0.05423342436552048,0.015815505757927895,0.5003250241279602,0.11486365646123886,0.0065729012712836266,0.03601033613085747,0.03405465558171272,0.3501581847667694,0.4226722717285156,0.37918004393577576,0.5151998996734619,0.23925350606441498
0,0.0,0.0,0.0,1.731150507926941,0.0,0.0007013122667558491,0.0,0.0,0.0,1.7088685035705566,0.0,0.08518354594707489,1.801599383354187,0.10555844008922577,1.5942670106887817,1.5999459028244019,0.0,0.09463663399219513,0.0,0.0,0.0,0.05046074092388153,0.0,0.0,1.8652012348175049,0.1047196090221405,1.543114423751831,1.9480102062225342,0.0,1.495552897453308,1.6078912019729614,0.1203230544924736,1.1723417043685913,0.0,1.8993773460388184,1.0945305824279785,0.0,0.0,0.0,0.0,1.5615242719650269,0.0,0.0,0.03933614119887352,1.4793896675109863,0.0,0.0,1.6710963249206543,0.0,0.0,0.0,0.0,0.0,0.0,2.0399136543273926,0.0,0.0,0.0,0.0,0.08529606461524963,0.056007932871580124,1.607030987739563,0.16855408251285553,1.9144752025604248
1,0.8837871551513672,0.9176786541938782,0.8009495735168457,0.0,0.5347238779067993,0.2150345742702484,0.8695952296257019,1.0737113952636719,0.7173355221748352,0.002235647290945053,0.9601710438728333,0.6224691271781921,0.0006588584510609508,0.6565430760383606,0.007541338447481394,0.0,0.3710917532444,0.9085993766784668,1.2572782039642334,1.0414555072784424,1.2629320621490479,0.6148564219474792,0.9898813962936401,0.8812139630317688,0.0,0.828234851360321,0.0,0.007713133003562689,0.7203481793403625,0.0,0.005338682793080807,0.416026771068573,0.0,0.5505863428115845,0.0,0.04431803151965141,0.5393733978271484,0.8413358926773071,0.9953987002372742,0.6589659452438354,0.008808461017906666,1.4264779090881348,0.7400131821632385,0.3510369658470154,0.030913585796952248,0.5143231749534607,0.7719805836677551,0.0020042830146849155,0.6171797513961792,1.036332130432129,0.771953284740448,0.819451630115509,1.0803296566009521,1.2101221084594727,0.0,0.8992601633071899,1.1428855657577515,0.6779870390892029,0.4084424078464508,0.5917628407478333,0.4165598750114441,0.004057914949953556,0.8098946809768677,0.0
1,0.7882943153381348,0.7129637002944946,0.30049169063568115,0.21871578693389893,0.5761331915855408,0.3560360372066498,0.543558657169342,0.48794835805892944,0.3165909945964813,0.19691109657287598,0.34268975257873535,0.7725151181221008,0.3142297863960266,0.8312486410140991,0.2160763144493103,0.16077092289924622,0.6600382924079895,0.5935128331184387,0.9767183661460876,0.5081750154495239,0.5254223346710205,0.48988550901412964,1.0056113004684448,0.43937477469444275,0.16051702201366425,0.6854562163352966,0.2908690869808197,0.14077065885066986,0.6130473017692566,0.18872100114822388,0.1897324174642563,0.3780803084373474,0.25850191712379456,0.5457620620727539,0.2422342300415039,0.29069972038269043,0.44155964255332947,0.4866804778575897,0.4896855056285858,0.9346264600753784,0.2538580000400543,0.6474518775939941,0.45926254987716675,0.7077794671058655,0.3243100643157959,0.3772711455821991,0.8465026617050171,0.16491183638572693,0.46853840351104736,0.7093243598937988,0.467602401971817,0.6378448605537415,0.42230984568595886,0.8050515651702881,0.15693843364715576,0.45379868149757385,0.5406293869018555,0.5048695802688599,0.47745731472969055,0.45849093794822693,0.6377734541893005,0.20026731491088867,0.6768856644630432,0.16937746107578278
0,0.0,0.0,0.0,1.0039384365081787,0.0,0.11304090172052383,0.0,0.0,0.0,1.3076677322387695,0.0,0.21949739754199982,1.241476058959961,0.2146642655134201,1.2306897640228271,1.2109934091567993,0.0,0.3093942105770111,0.0,0.0,0.0,0.07814863324165344,0.0,0.0,1.1826722621917725,0.3656423091888428,1.0380617380142212,1.0173766613006592,0.0,1.1652958393096924,1.2950026988983154,0.285184770822525,1.1919562816619873,0.0,0.9698604345321655,0.9235005378723145,0.0,0.0,0.0,0.0,1.1111048460006714,0.0,0.0,0.12014599144458771,1.2696764469146729,0.0,0.0,1.143850326538086,0.0,0.0,0.0,0.0,0.0,0.0,1.2284667491912842,0.0,0.0,0.0,0.0,0.15129005908966064,0.23596148192882538,1.1718943119049072,0.27404624223709106,0.9997143745422363
1,0.270641028881073,0.37115100026130676,0.3264763057231903,0.04860749468207359,0.6587356328964233,0.2904077172279358,0.09105097502470016,0.11656209826469421,0.6692298650741577,0.026615101844072342,0.6258281469345093,0.9816561341285706,0.3199647068977356,0.5744085907936096,0.4707040786743164,0.33642059564590454,0.6988294124603271,0.3459324836730957,0.31467244029045105,0.36473581194877625,0.0470416322350502,0.3315959572792053,0.47973868250846863,0.026855556294322014,0.28861191868782043,0.28908246755599976,0.3809410631656647,0.1777951866388321,0.4221118092536926,0.16734780371189117,0.2993324398994446,0.7775331139564514,0.40125352144241333,0.1722104698419571,0.10980302840471268,0.16118989884853363,0.26546937227249146,0.14522549510002136,0.08357226103544235,0.379168838262558,0.02721470221877098,0.21369828283786774,0.6818269491195679,0.4303632974624634,0.3055463135242462,0.39645954966545105,0.4069024324417114,0.10297568887472153,0.48279887437820435,0.37696728110313416,0.0704217478632927,0.2743253707885742,0.27147212624549866,0.13782137632369995,0.1316630244255066,0.23116634786128998,0.028071045875549316,0.3879736065864563,0.4381113052368164,0.9709182977676392,0.8007079362869263,0.12923495471477509,0.4415889084339142,0.1293376237154007
0,0.0,0.0,0.0,0.7618234753608704,0.0,0.0,0.0,0.0,0.0,0.5136423110961914,0.0,0.010425730608403683,1.481360912322998,0.00804267916828394,2.148709774017334,1.3205572366714478,0.027735605835914612,0.0,0.014394785277545452,0.0,0.0,0.033617135137319565,0.009031823836266994,0.0,1.512330174446106,0.0,1.4846919775009155,1.1297554969787598,0.04021970555186272,1.2172611951828003,1.3034456968307495,0.0,1.5885519981384277,0.0,1.0890322923660278,0.8282657265663147,0.0,0.0,0.0,0.0,0.4606306552886963,0.0,0.0,0.03737295791506767,1.906193733215332,0.0,0.07949492335319519,1.1383321285247803,0.0,0.0,0.0,0.0,0.0,0.0,1.2706350088119507,0.0,0.0,0.0,0.012768387794494629,0.12768353521823883,0.012611267156898975,0.6215083599090576,0.009187309071421623,0.7290215492248535
1,1.091752052307129,1.0478707551956177,0.49827247858047485,0.1870470643043518,0.8085666298866272,0.4003170132637024,1.0781490802764893,0.9864693284034729,0.2560121417045593,0.15629494190216064,0.3424716293811798,0.2980195879936218,0.2783275544643402,0.2954827845096588,0.1975506842136383,0.13123799860477448,0.9016115665435791,0.2921126186847687,1.3161349296569824,0.7296217083930969,0.7885361313819885,0.6120910048484802,1.143153190612793,0.8799616098403931,0.13657483458518982,0.45845580101013184,0.24046409130096436,0.12416524440050125,0.8289818167686462,0.15520282089710236,0.1597280651330948,0.29415884613990784,0.21858057379722595,0.6398122906684875,0.18300797045230865,0.22751425206661224,0.9833139181137085,0.7525638937950134,0.9403194189071655,1.1426905393600464,0.22574341297149658,0.7398669123649597,0.6389316916465759,0.7202467918395996,0.2530902326107025,0.6241101622581482,1.0968475341796875,0.13065175712108612,0.7792710065841675,1.043655514717102,0.9753685593605042,1.0858337879180908,0.7906450033187866,1.1368619203567505,0.1297132968902588,0.776617705821991,1.0247551202774048,0.8058388829231262,0.9309686422348022,0.20000363886356354,0.4201740622520447,0.17620399594306946,0.35575762391090393,0.13610848784446716
1,1.0537103414535522,0.9027935862541199,0.3489912152290344,0.0,0.823742687702179,0.31747502088546753,0.8585745692253113,0.7344177961349487,0.20997998118400574,0.07720708847045898,0.3992745280265808,0.4343186020851135,0.1573348045349121,0.46139493584632874,0.16145797073841095,0.09451158344745636,0.9424562454223633,0.3869921565055847,1.307018756866455,0.6536950469017029,0.5737879276275635,0.5585477352142334,1.2374290227890015,0.6150866150856018,0.08663500845432281,0.3731016218662262,0.22313812375068665,0.05914127826690674,0.777258038520813,0.1042417511343956,0.03674212470650673,0.41526880860328674,0.10093767940998077,0.4687555432319641,0.03331051394343376,0.16203369200229645,0.7859269976615906,0.6837916374206543,0.8518466949462891,1.1232490539550781,0.11557922512292862,0.7426131367683411,0.7203351855278015,0.7810181975364685,0.18598672747612,0.6033650636672974,1.0031816959381104,0.028606589883565903,0.7398955225944519,1.0158755779266357,0.7039335370063782,0.8695001602172852,0.6729686260223389,0.9283552169799805,0.07865490019321442,0.6779168844223022,0.7557449340820312,0.7358306646347046,0.7195276021957397,0.2728995382785797,0.5718391537666321,0.08712074905633926,0.5060946345329285,0.0006145414663478732
0,0.08749251067638397,0.11621541529893875,0.050148364156484604,0.17300191521644592,0.07989469915628433,0.09671016782522202,0.029827414080500603,0.021822981536388397,0.004800831899046898,0.24708567559719086,0.18449920415878296,0.43934595584869385,0.37184399366378784,0.5381760001182556,0.4341362416744232,0.30498412251472473,0.29971203207969666,0.41473817825317383,0.13211871683597565,0.13246788084506989,0.023539559915661812,0.2899987995624542,0.20016096532344818,0.0,0.4083537757396698,0.31296396255493164,0.12882083654403687,0.09366066753864288,0.12189670652151108,0.11361586302518845,0.3222063481807709,0.48637643456459045,0.23251880705356598,0.041562411934137344,0.22041812539100647,0.254302054643631,0.01029905118048191,0.0,0.07983671128749847,0.13689953088760376,0.20372051000595093,0.1569151133298874,0.060264766216278076,0.2175782322883606,0.39053022861480713,0.10767579078674316,0.06469109654426575,0.12232029438018799,0.08500548452138901,0.12705650925636292,0.03822605311870575,0.03320063650608063,0.08313369005918503,0.01359991542994976,0.31246817111968994,0.02094917558133602,0.0,0.11011563986539841,0.04886414855718613,0.3283917009830475,0.49814707040786743,0.2736627459526062,0.5684142112731934,0.18844228982925415
0,0.0,0.0,0.1501779407262802,0.7922274470329285,0.06915560364723206,0.2374289184808731,0.0,0.0,0.10355015844106674,0.6052201390266418,0.13000303506851196,0.440853476524353,0.9661133289337158,0.5545333623886108,1.1417450904846191,0.9790226817131042,0.0,0.3868493437767029,0.0020530528854578733,0.07666239142417908,0.035812899470329285,0.05483301728963852,0.061404064297676086,0.0,0.7222569584846497,0.5261939764022827,1.30208158493042,1.168976902961731,0.0286750216037035,0.8550376296043396,0.9409652352333069,0.3143192529678345,0.9126489162445068,0.046339988708496094,0.873989462852478,0.5923291444778442,0.0,0.017514482140541077,0.0,0.04846250265836716,0.5762770175933838,0.048666760325431824,0.09914783388376236,0.14925241470336914,0.90886390209198,0.04272012040019035,0.007181959692388773,0.8463116884231567,0.01119948085397482,0.017553050071001053,0.0,0.0,0.0,0.0,0.926432192325592,0.0,0.0,0.0,0.004552303347736597,0.36237427592277527,0.3771972060203552,0.6416952610015869,0.4574830234050751,0.9004248976707458
1,1.1031337976455688,0.7519636750221252,0.32129496335983276,0.21226444840431213,0.5869659781455994,0.31965869665145874,0.3031424582004547,0.533608078956604,0.3281913697719574,0.20046134293079376,0.43493717908859253,0.9408055543899536,0.3023075759410858,0.9102325439453125,0.2039831280708313,0.1631266176700592,0.4204152822494507,0.7446194291114807,1.1129120588302612,0.7194949388504028,0.7538361549377441,0.19617529213428497,1.4953234195709229,0.41546300053596497,0.15214216709136963,0.7455564737319946,0.25407320261001587,0.14512041211128235,0.5289991497993469,0.1850784420967102,0.179645836353302,0.48962917923927307,0.24796555936336517,0.3619479238986969,0.20438730716705322,0.27330830693244934,0.3447780907154083,0.5090575218200684,0.6965090036392212,1.0897016525268555,0.27968811988830566,0.7390958070755005,0.6435214877128601,0.7882259488105774,0.2701650857925415,0.43164005875587463,0.9983246922492981,0.16583019495010376,0.32351070642471313,0.8069587349891663,0.161569282412529,0.552790641784668,0.6104462146759033,0.7539558410644531,0.15545129776000977,0.33225616812705994,0.5792593955993652,0.8169214725494385,0.18473736941814423,0.44333890080451965,0.7858150005340576,0.2036609947681427,0.8894491791725159,0.1703997254371643
1,0.19512586295604706,0.18342098593711853,0.3321816623210907,0.44220227003097534,0.2617933750152588,0.39682358503341675,0.04765002802014351,0.0,0.37969934940338135,0.5094273686408997,0.4898449182510376,0.7073948979377747,0.48960915207862854,0.8476440906524658,0.544642984867096,0.49859175086021423,0.2847418189048767,0.6017516851425171,0.17157647013664246,0.20777101814746857,0.12656784057617188,0.07784567773342133,0.35973119735717773,0.0,0.565852165222168,0.5344877243041992,0.4053667485713959,0.4250827729701996,0.046930041164159775,0.29281672835350037,0.5392677783966064,0.8257007598876953,0.4672333896160126,0.06929004192352295,0.4720247983932495,0.28606992959976196,0.0,0.10734958201646805,0.0482662171125412,0.005778040736913681,0.5318335294723511,0.29042738676071167,0.3404620885848999,0.2988288402557373,0.36386406421661377,0.2513411343097687,0.09301556646823883,0.5219625234603882,0.11422684788703918,0.09417170286178589,0.009321082383394241,0.01716681383550167,0.1391550600528717,0.005464774556457996,0.6255343556404114,0.0,0.0,0.38813769817352295,0.1849806308746338,0.6876775026321411,0.9434674382209778,0.6334576606750488,0.6298811435699463,0.5673313736915588
1,1.0501620769500732,0.8979522585868835,0.3452065587043762,0.0,0.8091047406196594,0.2918218970298767,0.852072536945343,0.7293576002120972,0.19844947755336761,0.07720710337162018,0.39372193813323975,0.4281851649284363,0.1564435064792633,0.4497378468513489,0.16145798563957214,0.09451159089803696,0.9350643157958984,0.362688809633255,1.2948510646820068,0.6461647748947144,0.5645828247070312,0.5518944263458252,1.2251636981964111,0.6143908500671387,0.08663502335548401,0.3744589388370514,0.22053757309913635,0.059141289442777634,0.7723950147628784,0.1042417511343956,0.03674214333295822,0.41007566452026367,0.10093770921230316,0.46802300214767456,0.032929595559835434,0.16203366219997406,0.790178656578064,0.6788326501846313,0.8431196212768555,1.1252763271331787,0.11557922512292862,0.736147403717041,0.7156597375869751,0.7759302854537964,0.18445423245429993,0.5981610417366028,0.9979917407035828,0.0286065973341465,0.7386443018913269,1.0179022550582886,0.6996570229530334,0.8650897741317749,0.6617395877838135,0.9271475672721863,0.0786549299955368,0.68110191822052,0.7492390871047974,0.7276567220687866,0.7111667990684509,0.26425737142562866,0.5616065263748169,0.08712077140808105,0.5017474293708801,0.0006145552033558488
0,0.0,0.039715107530355453,0.19428172707557678,0.29214802384376526,0.15505453944206238,0.32502666115760803,0.0,0.0,0.20368432998657227,0.19048908352851868,0.2566729784011841,0.7415606379508972,0.6194738745689392,0.7011661529541016,0.8051406145095825,0.6538582444190979,0.06606417149305344,0.44306331872940063,0.02956167794764042,0.15217675268650055,0.04893036559224129,0.08230730891227722,0.11199349910020828,0.0,0.5452366471290588,0.5729127526283264,0.7343026399612427,0.6862576007843018,0.07540736347436905,0.44643229246139526,0.6927634477615356,0.4091964066028595,0.7349942922592163,0.07925473898649216,0.4366958439350128,0.36560866236686707,0.0,0.013046233914792538,0.0,0.04376765340566635,0.22175724804401398,0.09659703075885773,0.19301165640354156,0.18484088778495789,0.5556449294090271,0.07291888445615768,0.04730619862675667,0.394016295671463,0.05432257801294327,0.0570756271481514,0.0,0.01797408238053322,0.02160378359258175,0.0,0.5145210027694702,0.014920984394848347,0.0,0.036661211401224136,0.047439005225896835,0.5348013043403625,0.4949116110801697,0.28391018509864807,0.5397946834564209,0.5033801198005676
1,1.010240077972412,0.9042463898658752,0.3223860263824463,0.0,0.7516580820083618,0.233499675989151,0.748069167137146,0.7774003744125366,0.19891482591629028,0.0,0.5119038224220276,0.6718969941139221,0.0,0.7387153506278992,0.0,0.0,0.6720761060714722,0.8293426036834717,1.5040467977523804,0.8098832964897156,0.7662439942359924,0.5938059687614441,1.5405447483062744,0.6377261877059937,0.0,0.755035936832428,0.0,0.0,0.7008287906646729,0.0,0.0,0.5439032912254333,0.0,0.29269757866859436,0.0,0.0,0.599274754524231,0.6390257477760315,0.917794406414032,1.028478741645813,0.0,0.9844976663589478,0.7963842153549194,0.8230139017105103,0.0,0.5680259466171265,0.9267035126686096,0.0,0.6509208083152771,1.076696515083313,0.5409782528877258,0.8048924207687378,0.7794541120529175,1.0153206586837769,0.0,0.49837711453437805,0.8388358354568481,0.7860949635505676,0.5458818078041077,0.37462684512138367,0.7424125671386719,0.0,1.0076382160186768,0.0
0,0.0,0.0,0.23966412246227264,1.2125961780548096,0.1512448787689209,0.310616135597229,0.0,0.0,0.2833627760410309,1.2697701454162598,0.1731475442647934,0.6998984813690186,1.4192315340042114,0.8817256689071655,1.0181022882461548,1.0888848304748535,0.03407221660017967,0.717809796333313,0.01196232158690691,0.07254311442375183,0.061791494488716125,0.06641386449337006,0.2504918873310089,0.0,1.070531964302063,0.7739536166191101,0.9922525882720947,1.1610859632492065,0.0,1.233117699623108,1.1950461864471436,0.6174673438072205,1.155269980430603,0.0,1.062388300895691,1.3028725385665894,0.0,0.04617764800786972,0.0,0.0,1.1994409561157227,0.10020602494478226,0.10167691111564636,0.26370134949684143,1.2496930360794067,0.09427385032176971,0.0,1.190763235092163,0.0,0.0,0.0,0.0,0.017320165410637856,0.0,1.133124589920044,0.0,0.0,0.07094909995794296,0.03146845102310181,0.6822443008422852,0.8540935516357422,1.14485502243042,0.6811241507530212,1.1893292665481567
0,0.12270765751600266,0.021110905334353447,0.11278364062309265,0.7527422308921814,0.09021823853254318,0.20265915989875793,0.0,0.0,0.1538301557302475,0.9000861048698425,0.132602721452713,0.39127570390701294,0.9109004139900208,0.5235366225242615,0.7639999985694885,0.7020043134689331,0.04269608110189438,0.456113338470459,0.0651412159204483,0.09185534715652466,0.09321605414152145,0.04570385068655014,0.17558948695659637,0.0,0.7665314674377441,0.41256481409072876,0.6317500472068787,0.5780525803565979,0.004091050010174513,0.5354868173599243,0.8362855911254883,0.4341219663619995,0.78877192735672,0.0030656347516924143,0.7322589755058289,0.5925856232643127,0.0,0.041003625839948654,0.001889195409603417,0.017315486446022987,0.7881126403808594,0.12227392941713333,0.07762375473976135,0.1631702333688736,0.7186891436576843,0.09152042865753174,0.02156558260321617,0.7893597483634949,0.016123544424772263,0.02599003165960312,0.0,0.0,0.01644449308514595,0.0,0.8266773223876953,0.0,0.0,0.14664283394813538,0.015398899093270302,0.35578233003616333,0.5365918278694153,0.9336922764778137,0.4633914828300476,0.8399419784545898
0,0.0,0.0,0.0,0.5772144198417664,0.0,0.08233214169740677,0.0,0.0,0.0,1.158728003501892,0.0,0.1600578874349594,0.9887735843658447,0.15968747437000275,1.3878803253173828,1.325172781944275,0.0,0.2701774835586548,0.0,0.0,0.0,0.06900057196617126,0.0,0.0,1.1219748258590698,0.29032841324806213,1.1083356142044067,0.8248035907745361,0.0,1.02671480178833,1.1920958757400513,0.22879186272621155,1.2566502094268799,0.0,0.7964098453521729,0.7395572066307068,0.0,0.0,0.0,0.0,0.7486461400985718,0.0,0.0,0.09763752669095993,1.1572613716125488,0.0,0.0,1.092605710029602,0.0,0.0,0.0,0.0,0.0,0.0,1.147990345954895,0.0,0.0,0.0,0.0,0.12278344482183456,0.1814648061990738,1.057845950126648,0.23696646094322205,0.8121219873428345
1,0.14872632920742035,0.007367335259914398,0.668646514415741,0.0018459977582097054,0.5404592156410217,0.893772542476654,0.0,0.0,1.1567590236663818,0.0,0.489486426115036,1.7055028676986694,0.0,2.1400797367095947,0.0,0.0,0.09922697395086288,1.661476492881775,0.07025507092475891,0.20900754630565643,0.4062640368938446,0.12175872921943665,0.9561468958854675,0.0,0.0,2.0260584354400635,0.0,0.0,0.0,0.0,0.0,1.2583621740341187,0.0,0.06281208992004395,0.0,0.13113726675510406,0.0,0.42642995715141296,0.0,0.011030786670744419,0.0,0.12847837805747986,0.5382362008094788,0.6451014280319214,0.0,0.29895660281181335,0.029539505019783974,0.034174829721450806,0.0,0.0,0.0,0.0,0.11984577029943466,0.0,0.0,0.0,0.0,0.26246556639671326,0.33860090374946594,2.021083116531372,2.1048104763031006,0.0,1.570150375366211,0.0
1,1.0645042657852173,0.8419479727745056,0.3022351861000061,0.06849848479032516,0.67586350440979,0.28043609857559204,0.8453244566917419,0.8298258781433105,0.09721370041370392,0.22338220477104187,0.24352222681045532,0.2928085923194885,0.2926030158996582,0.3383971154689789,0.3667870759963989,0.12402688711881638,0.7493355870246887,0.36968347430229187,1.2388527393341064,0.5908735394477844,0.5878582000732422,0.4794536232948303,1.1754652261734009,0.6779929995536804,0.26959094405174255,0.45248255133628845,0.4397529661655426,0.16486701369285583,0.6592866778373718,0.20157597959041595,0.13893374800682068,0.24223431944847107,0.14349837601184845,0.4292471408843994,0.09778372943401337,0.34989452362060547,0.9444170594215393,0.6310352683067322,0.8469310998916626,0.9898492693901062,0.2345716506242752,0.6893421411514282,0.5629827380180359,0.6646861433982849,0.4007052481174469,0.46007239818573,0.9068217873573303,0.14312276244163513,0.7025806307792664,1.0164127349853516,0.7290540933609009,0.8583317399024963,0.6078182458877563,0.9456009864807129,0.15499205887317657,0.5846651196479797,0.8021752834320068,0.6568915843963623,0.6321657299995422,0.13816185295581818,0.3529505431652069,0.2878659665584564,0.376324325799942,0.07695414125919342
1,0.2156802862882614,0.1111718937754631,0.2568683922290802,0.693023681640625,0.22616393864154816,0.4211646616458893,0.0,0.0,0.2917287349700928,0.5578325390815735,0.40282559394836426,0.6717105507850647,0.6742882132530212,0.8710461258888245,0.5077087879180908,0.22790753841400146,0.1546909064054489,0.6413418650627136,0.21091167628765106,0.24446351826190948,0.1720384955406189,0.08768382668495178,0.2796308100223541,0.0,0.21657435595989227,0.5296196341514587,0.5331948399543762,0.11321165412664413,0.0270729660987854,0.2457108050584793,0.45537039637565613,0.7119417786598206,0.4654912054538727,0.0704619362950325,0.45175227522850037,0.4120774567127228,0.0,0.08354685455560684,0.006190227810293436,0.02026134729385376,0.7008922696113586,0.2760910987854004,0.2261093109846115,0.3063448369503021,0.47553732991218567,0.24312865734100342,0.11610390990972519,0.5015301704406738,0.08858754485845566,0.10201076418161392,0.0,0.0,0.09601961821317673,0.0022465912625193596,0.33968546986579895,0.0,0.0,0.43717846274375916,0.11761156469583511,0.5803000926971436,0.9301608204841614,0.6342477798461914,0.7185758948326111,0.4506983458995819
1,0.47989708185195923,0.35732176899909973,0.5103915333747864,0.14351418614387512,0.6045021414756775,0.504265546798706,0.18942482769489288,0.13554136455059052,0.7144962549209595,0.14469730854034424,0.5885966420173645,1.0014219284057617,0.14998552203178406,0.9882171154022217,0.06766241788864136,0.040620945394039154,0.4424709975719452,0.7534975409507751,0.40307027101516724,0.46773120760917664,0.30019280314445496,0.32686910033226013,0.5811429619789124,0.06173323467373848,0.05329262092709541,0.7358485460281372,0.11568530648946762,0.04233221337199211,0.3440891206264496,0.04124739021062851,0.11597240716218948,0.9843934178352356,0.09231337159872055,0.2257847785949707,0.07163282483816147,0.09932797402143478,0.11055053025484085,0.334405779838562,0.18544796109199524,0.368543803691864,0.11806026846170425,0.4089043438434601,0.5388556122779846,0.4515153467655182,0.10630757361650467,0.38728460669517517,0.3150947391986847,0.11024221777915955,0.39851248264312744,0.36738595366477966,0.07325109094381332,0.24584761261940002,0.3235706388950348,0.12066423147916794,0.0809784084558487,0.14430901408195496,0.1489863097667694,0.5278336405754089,0.2990895211696625,0.9829611778259277,1.070046067237854,0.13607540726661682,0.8993450999259949,0.08714961260557175
1,0.878214955329895,0.9418318271636963,0.5920388698577881,0.156698077917099,0.7899673581123352,0.5083982944488525,1.011589527130127,0.9043037295341492,0.3311125934123993,0.13462863862514496,0.43350857496261597,0.7276800274848938,0.22345222532749176,0.45345431566238403,0.1560533493757248,0.12073896080255508,0.5969637632369995,0.6233311891555786,1.0984894037246704,0.7576315402984619,0.9329411387443542,0.6138737201690674,1.0777148008346558,0.8663967847824097,0.12200645357370377,0.6713424921035767,0.17416587471961975,0.11400415748357773,0.8420324921607971,0.14278660714626312,0.13837207853794098,0.3592538833618164,0.18415912985801697,0.6496284604072571,0.16084636747837067,0.19260796904563904,0.8257846236228943,0.6379265785217285,0.8357450366020203,0.9721978902816772,0.1687779277563095,0.7817783951759338,0.6451266407966614,0.7069616913795471,0.2069678157567978,0.5850593447685242,1.039501667022705,0.1201053336262703,0.7794799208641052,0.9318732619285583,0.8644096255302429,1.051095724105835,0.7576451897621155,0.9328708648681641,0.11474074423313141,0.7665636539459229,1.0074597597122192,0.7649776339530945,0.8489240407943726,0.3216436505317688,0.41962066292762756,0.13631127774715424,0.5385410189628601,0.12521983683109283
1,0.6623415350914001,0.6207950711250305,0.3300935626029968,0.4539961814880371,0.7468079328536987,0.612202525138855,0.3887016773223877,0.31386247277259827,0.4779554307460785,0.3524840176105499,0.5163646936416626,0.7618635892868042,0.5294035077095032,0.8133569359779358,0.39177680015563965,0.300952672958374,0.7258580327033997,0.5132319331169128,0.8091728687286377,0.533567488193512,0.41832655668258667,0.37920260429382324,0.8478547930717468,0.2521319091320038,0.2942160367965698,0.4043123722076416,0.47845733165740967,0.24807509779930115,0.5271703600883484,0.3624396324157715,0.3700040876865387,0.5791774392127991,0.47303739190101624,0.34364643692970276,0.44260933995246887,0.4225100874900818,0.3627169728279114,0.48622679710388184,0.4057080149650574,0.6247285604476929,0.4721413850784302,0.5394616723060608,0.6546595096588135,0.5791686773300171,0.4821643829345703,0.5270960927009583,0.6989505290985107,0.31843143701553345,0.4964481294155121,0.5778896808624268,0.3393869996070862,0.5006123185157776,0.41671282052993774,0.49231675267219543,0.28384900093078613,0.2732974886894226,0.3339175581932068,0.6331830024719238,0.4801843762397766,0.6177265644073486,0.8400273323059082,0.39824721217155457,0.6109597682952881,0.32026994228363037
1,0.9018215537071228,0.9445105195045471,0.5553126335144043,0.06886500120162964,0.6941692233085632,0.5624485611915588,0.8801003694534302,0.7703393697738647,0.4536176025867462,0.03502531722187996,0.45032089948654175,0.731279194355011,0.11418318748474121,0.5660191178321838,0.09497082233428955,0.0,0.8814507722854614,0.43763819336891174,0.9889590740203857,0.6552128195762634,0.790727972984314,0.6004021763801575,0.8382154703140259,0.6423208713531494,0.004228149075061083,0.7161256670951843,0.1358524113893509,0.0,0.7877355217933655,0.0,0.04530714079737663,0.35558709502220154,0.06069059297442436,0.7802268862724304,0.024676082655787468,0.07456671446561813,0.7388772368431091,0.6117708086967468,0.6533268094062805,1.0144245624542236,0.14191050827503204,0.5882419347763062,0.7195121645927429,0.7181312441825867,0.08203087747097015,0.6318017840385437,1.0224720239639282,0.0002481565752532333,0.6973745226860046,0.7810543775558472,0.7986851334571838,0.949386715888977,0.6179826259613037,0.8971702456474304,0.01849612034857273,0.6470300555229187,0.8190163969993591,0.7041230201721191,0.8569234609603882,0.40462175011634827,0.5309007167816162,0.08955014497041702,0.43985918164253235,0.0
1,0.17552202939987183,0.13700075447559357,0.3374452292919159,0.5944223999977112,0.25397783517837524,0.38182520866394043,0.02224147692322731,0.0,0.3751395642757416,0.7172037363052368,0.43335390090942383,0.705634593963623,0.7053365707397461,0.8529653549194336,0.6686849594116211,0.6506528258323669,0.21458476781845093,0.6046855449676514,0.13534559309482574,0.2050461322069168,0.12656784057617188,0.07784567773342133,0.34631451964378357,0.0,0.675139844417572,0.5344876646995544,0.5259274244308472,0.5231150388717651,0.03467641770839691,0.48136359453201294,0.6887458562850952,0.7540972828865051,0.6436746120452881,0.07784215360879898,0.6178953647613525,0.44049975275993347,0.0,0.1044214516878128,0.02323314920067787,0.0062498063780367374,0.6633499264717102,0.26767516136169434,0.28059473633766174,0.3009392023086548,0.5434394478797913,0.2477884292602539,0.09283283352851868,0.6781655550003052,0.09577789157629013,0.07341230660676956,0.0,0.006952958181500435,0.13123014569282532,0.005464774556457996,0.7307419180870056,0.0,0.0,0.3315899670124054,0.18852947652339935,0.6966081857681274,0.9213632345199585,0.7947878837585449,0.6334691643714905,0.7335091829299927
1,0.1179032176733017,0.008892767131328583,0.21799001097679138,1.692056655883789,0.15014369785785675,0.24703951179981232,0.00735426926985383,0.0,0.22283853590488434,1.3013395071029663,0.29125791788101196,0.5489910244941711,1.607825517654419,0.7639349699020386,1.1910254955291748,0.967517077922821,0.15479479730129242,0.5182918906211853,0.10311681777238846,0.08796084672212601,0.08912857621908188,0.04297367483377457,0.23155254125595093,0.0,0.9662598967552185,0.5088598728179932,1.1973212957382202,0.9618732333183289,0.0,1.2506240606307983,1.264209270477295,0.5743071436882019,1.4863208532333374,0.024423083290457726,1.3551310300827026,1.44610595703125,0.0,0.054598014801740646,0.0,0.0,1.5647172927856445,0.19638526439666748,0.11782482266426086,0.21676252782344818,1.458568811416626,0.12150377035140991,0.018538856878876686,1.283753752708435,0.0,0.0,0.0,0.0,0.04477311298251152,0.0,1.0047060251235962,0.0,0.0,0.2570522129535675,0.06896605342626572,0.5169077515602112,0.7042441368103027,1.406004548072815,0.530879020690918,1.2501702308654785
1,1.0345326662063599,0.9213723540306091,0.30018261075019836,0.4226720333099365,0.7875823378562927,0.42797404527664185,0.8463293313980103,0.8010324239730835,0.14900945127010345,0.33033666014671326,0.13869106769561768,0.48049110174179077,0.48150941729545593,0.3800864815711975,0.3463166058063507,0.26257064938545227,0.7794666290283203,0.37758395075798035,1.2468026876449585,0.4919778108596802,0.7237316370010376,0.5665265917778015,1.1277074813842773,0.6875651478767395,0.2596205472946167,0.5028252601623535,0.4306322932243347,0.22201038897037506,0.7050942778587341,0.3208644390106201,0.32602423429489136,0.15821397304534912,0.44286495447158813,0.511049747467041,0.3949786424636841,0.38271111249923706,0.7725712060928345,0.6475875377655029,0.7661551833152771,1.032243251800537,0.4409560263156891,0.675000786781311,0.5680177211761475,0.6821932792663574,0.4537610113620758,0.46042197942733765,0.9833801984786987,0.29392704367637634,0.6347044110298157,0.8713533282279968,0.8284099698066711,1.0097030401229858,0.5238440632820129,1.013899803161621,0.25892460346221924,0.5489202737808228,0.8746960759162903,0.6774155497550964,0.706143856048584,0.09907950460910797,0.3674609959125519,0.38137492537498474,0.36661604046821594,0.2940412759780884
0,0.0,0.0,0.0,1.4494751691818237,0.006157870404422283,0.08809204399585724,0.0,0.0,0.0,1.5167804956436157,0.0,0.21772359311580658,1.8567585945129395,0.2778588533401489,1.5886448621749878,1.4258211851119995,0.0,0.30294257402420044,0.0,0.0021408824250102043,0.0,0.07247018814086914,0.014679927378892899,0.0,1.4753705263137817,0.3011123239994049,1.3354824781417847,1.436397671699524,0.0,1.7490558624267578,1.5020012855529785,0.24019989371299744,1.7188301086425781,0.0,1.3503984212875366,1.5762219429016113,0.0,0.0,0.0,0.0,1.4751263856887817,0.0,0.0,0.127427339553833,1.8575618267059326,0.0,0.0,1.4201892614364624,0.0,0.0,0.0,0.0,0.0,0.0,1.5023269653320312,0.0,0.0,0.0,0.0,0.1408616155385971,0.2944079637527466,1.4881057739257812,0.3343043327331543,1.3029755353927612
0,0.0,0.0,0.23262669146060944,1.0276930332183838,0.14449530839920044,0.3264034688472748,0.0,0.0,0.2996728718280792,1.3093465566635132,0.20378820598125458,0.6692702770233154,1.5386489629745483,0.829512357711792,1.352272868156433,1.2555599212646484,0.03892530873417854,0.6851990818977356,0.01750185713171959,0.11077544093132019,0.10121221095323563,0.06087937578558922,0.26336798071861267,0.0,1.3086909055709839,0.726654589176178,1.1578805446624756,1.2807470560073853,0.0,1.5307732820510864,1.172706961631775,0.569407045841217,1.4164172410964966,0.02069580741226673,1.0602660179138184,1.4692813158035278,0.0,0.03896801546216011,0.0,0.0,1.258017659187317,0.12765085697174072,0.1384022980928421,0.2635546624660492,1.5557535886764526,0.1234680786728859,0.0008078468963503838,1.2834903001785278,0.0,0.0,0.0,0.0,0.018466228619217873,0.0,1.3170883655548096,0.0,0.0,0.09005600959062576,0.072010837495327,0.6665987372398376,0.8201261162757874,1.30741286277771,0.6500343680381775,1.073137640953064
1,0.6694014072418213,0.7303271889686584,0.4021945297718048,0.07693391293287277,0.8844806551933289,0.6794279217720032,0.5222704410552979,0.4041115641593933,0.4807412326335907,0.1768091320991516,0.4940108060836792,0.9688782095909119,0.17924481630325317,0.7995333075523376,0.2613484263420105,0.2157221883535385,0.9489931464195251,0.5026023387908936,0.7698928117752075,0.5860869288444519,0.4878121614456177,0.5903151035308838,0.8918688893318176,0.3319820165634155,0.2597769498825073,0.49886560440063477,0.07319173216819763,0.1035640612244606,0.7330288290977478,0.12466785311698914,0.1687961369752884,0.5390305519104004,0.18248309195041656,0.5603847503662109,0.15459254384040833,0.0707051008939743,0.5285366773605347,0.5443695783615112,0.48385393619537354,0.8339212536811829,0.14594553411006927,0.5710245966911316,0.7921975255012512,0.775426983833313,0.19894523918628693,0.6130384802818298,0.768646776676178,0.11305715143680573,0.5780436396598816,0.6646480560302734,0.5577512979507446,0.761978030204773,0.46067777276039124,0.5782320499420166,0.21613536775112152,0.4226711094379425,0.5047134757041931,0.5551572442054749,0.7124118804931641,0.5946547985076904,0.5265065431594849,0.22700566053390503,0.5201222896575928,0.12575742602348328
0,0.0004874721053056419,0.02624114602804184,0.026806652545928955,0.4485006332397461,0.0,0.03190787136554718,0.0,0.0,0.02403213270008564,0.25508853793144226,0.05646634101867676,0.2739041745662689,0.6909205913543701,0.1576545536518097,0.9089860320091248,0.6020760536193848,0.12212774157524109,0.07639296352863312,0.02217390201985836,0.013510286808013916,0.0,0.07889808714389801,0.15226292610168457,0.0003559894976206124,0.6642557978630066,0.14621713757514954,0.9564239978790283,0.8234870433807373,0.23426824808120728,0.5835193991661072,0.7283141016960144,0.15382768213748932,0.6797346472740173,0.004728189669549465,0.6217467784881592,0.4867416024208069,0.06939085572957993,0.0,0.0,0.19768261909484863,0.3132098615169525,0.00197936431504786,0.03928208723664284,0.038004934787750244,0.7098534107208252,0.0,0.10006653517484665,0.4661658704280853,0.0,0.06872758269309998,0.0,0.0,0.0,0.0,0.6802936792373657,0.007740401662886143,0.0,0.0,0.000845465692691505,0.17274221777915955,0.06672461330890656,0.3479076623916626,0.18308374285697937,0.5358242392539978
0,0.4245983362197876,0.21441134810447693,0.18551293015480042,0.7034599781036377,0.29525813460350037,0.2855229079723358,0.03317536413669586,0.10516343265771866,0.33901330828666687,0.6147722005844116,0.35018807649612427,0.7095855474472046,0.7575727701187134,0.8013564944267273,0.5339152812957764,0.4536239206790924,0.14166979491710663,0.7295052409172058,0.48698142170906067,0.38242247700691223,0.34614723920822144,0.2706385850906372,0.6088093519210815,0.031032690778374672,0.41458290815353394,0.7330766916275024,0.5948450565338135,0.37576502561569214,0.13415992259979248,0.5229063630104065,0.548017680644989,0.6336607933044434,0.6151531338691711,0.08241288363933563,0.590175986289978,0.6496626734733582,0.010705923661589622,0.13664966821670532,0.13954727351665497,0.37406468391418457,0.7326514720916748,0.3732225000858307,0.39542147517204285,0.3446536362171173,0.6555497646331787,0.2077256143093109,0.23637931048870087,0.5478779077529907,0.2067364603281021,0.33501940965652466,0.0,0.08951077610254288,0.2027500569820404,0.13219885528087616,0.45687997341156006,0.034019723534584045,0.09879276901483536,0.41104254126548767,0.07880087196826935,0.565227746963501,0.9939039349555969,0.605268120765686,0.9566454887390137,0.5022857189178467
1,0.7751448154449463,0.5622799396514893,0.07386621087789536,0.25408920645713806,0.3485770523548126,0.08092500269412994,0.4300556182861328,0.4543951749801636,0.0007681125425733626,0.21626099944114685,0.20443037152290344,0.2889265716075897,0.3572864532470703,0.5413751006126404,0.26657259464263916,0.08644495904445648,0.455087274312973,0.45868319272994995,1.0962297916412354,0.36463266611099243,0.42050787806510925,0.33333879709243774,0.9969111084938049,0.36187514662742615,0.07271432876586914,0.3926139175891876,0.35141536593437195,0.010995346121490002,0.32925382256507874,0.08438775688409805,0.1871878057718277,0.2092236876487732,0.24947889149188995,0.17033077776432037,0.1693762093782425,0.2502879202365875,0.33567899465560913,0.3438563346862793,0.5411855578422546,0.6838687062263489,0.3479260802268982,0.598046600818634,0.3896373510360718,0.5079987645149231,0.28941425681114197,0.24898815155029297,0.6199303269386292,0.13856829702854156,0.32007896900177,0.6732896566390991,0.27534574270248413,0.4291744530200958,0.3427613079547882,0.692503035068512,0.12268718332052231,0.2263229489326477,0.4416617155075073,0.5771881341934204,0.24570201337337494,0.15116359293460846,0.5468094944953918,0.2736813426017761,0.6387518048286438,0.1319974958896637
1,0.05679035186767578,0.0373682901263237,0.373615562915802,0.11837364733219147,0.28579866886138916,0.6126732230186462,0.0,0.010087326169013977,0.674371063709259,0.1684473156929016,0.21395903825759888,1.142277717590332,0.2380964607000351,1.3560454845428467,0.1568055897951126,0.25822097063064575,0.08116815984249115,1.0989835262298584,0.05782178416848183,0.23650847375392914,0.3057219982147217,0.17820137739181519,0.3880296051502228,0.0,0.1732204705476761,1.3614776134490967,0.2118719220161438,0.16276296973228455,0.021587900817394257,0.15352854132652283,0.3195236623287201,0.8034823536872864,0.18836387991905212,0.06253636628389359,0.12688246369361877,0.17038990557193756,0.0,0.22752037644386292,0.0,0.08531301468610764,0.09360022842884064,0.1051577776670456,0.37064266204833984,0.3517516553401947,0.24721455574035645,0.19890840351581573,0.060762397944927216,0.16906994581222534,0.0503767654299736,0.037734970450401306,0.0,0.002293234458193183,0.0690339058637619,0.0017189921345561743,0.20592562854290009,0.011640944518148899,0.004829557612538338,0.12351978570222855,0.10830387473106384,1.2505145072937012,1.1696640253067017,0.12996898591518402,1.0601776838302612,0.1308993250131607
1,1.2451233863830566,0.985079824924469,0.43341735005378723,0.0,0.9186508655548096,0.417278528213501,1.0374308824539185,0.9440745711326599,0.27410346269607544,0.02729932777583599,0.32248908281326294,0.4174455404281616,0.11895127594470978,0.39223870635032654,0.11770417541265488,0.02537309005856514,0.9731509685516357,0.34617283940315247,1.4452842473983765,0.7352267503738403,0.6772423386573792,0.6483631730079651,1.2849034070968628,0.8093692660331726,0.06067616865038872,0.497066855430603,0.20136478543281555,0.02301211655139923,0.8773470520973206,0.021392036229372025,0.0,0.3447645902633667,0.013971937820315361,0.5905625820159912,0.02750207483768463,0.1336141973733902,1.0502502918243408,0.7978769540786743,0.9663776159286499,1.2806986570358276,0.056784700602293015,0.7592298984527588,0.7201735973358154,0.8137051463127136,0.13782067596912384,0.6055386662483215,1.1017365455627441,0.0,0.8485986590385437,1.1757794618606567,0.9238284230232239,1.0695918798446655,0.7518827319145203,1.0870393514633179,0.0017563840374350548,0.859642505645752,0.9733282327651978,0.7052803635597229,0.8528845906257629,0.22178314626216888,0.3915722668170929,0.03432173281908035,0.4157382845878601,0.0
1,0.9535591006278992,1.0353295803070068,0.7147992849349976,0.17743447422981262,0.5487489700317383,0.10419589281082153,0.9197472929954529,1.2074655294418335,0.5006923079490662,0.21299025416374207,0.7881105542182922,0.2748986780643463,0.20611818134784698,0.17796146869659424,0.12726299464702606,0.21189990639686584,0.4896338880062103,0.5927709937095642,1.4166008234024048,1.0650793313980103,1.2663662433624268,0.5699980854988098,1.2081360816955566,0.9935047030448914,0.1448400318622589,0.33999714255332947,0.1401735544204712,0.2205287218093872,0.6752424240112305,0.1527574509382248,0.22751058638095856,0.20301780104637146,0.19874900579452515,0.42831358313560486,0.1349327117204666,0.20757068693637848,0.7175719738006592,0.7700603604316711,1.1718556880950928,0.7843319773674011,0.15855026245117188,1.5973457098007202,0.7478328943252563,0.262597918510437,0.1652391403913498,0.49316686391830444,0.8620437383651733,0.19211865961551666,0.6390328407287598,1.239039421081543,0.8076711297035217,0.8520002365112305,1.1629862785339355,1.368166208267212,0.18798477947711945,0.9416648745536804,1.206498146057129,0.7786614298820496,0.4357619285583496,0.18036311864852905,0.12781451642513275,0.20338383316993713,0.5106832981109619,0.20905980467796326
0,0.44146963953971863,0.23005063831806183,0.22580477595329285,0.37088868021965027,0.36748263239860535,0.3405989408493042,0.046597689390182495,0.13980594277381897,0.40695276856422424,0.34393513202667236,0.3890504240989685,0.8624932169914246,0.422158420085907,1.0805116891860962,0.2791513204574585,0.2585144639015198,0.16577772796154022,0.9376603960990906,0.5987557172775269,0.44155165553092957,0.45417580008506775,0.2668677866458893,0.871169924736023,0.04801609367132187,0.23270685970783234,0.9279531836509705,0.32549965381622314,0.24262167513370514,0.09654024988412857,0.3200555145740509,0.3201194703578949,0.7883314490318298,0.3420730531215668,0.06732326745986938,0.3106021285057068,0.35056835412979126,0.013774427585303783,0.16631658375263214,0.1710832417011261,0.4091518819332123,0.34034639596939087,0.43396085500717163,0.4300718903541565,0.45218831300735474,0.35458192229270935,0.2615243196487427,0.3203848600387573,0.29719647765159607,0.15397238731384277,0.3864714205265045,0.0,0.04959028586745262,0.28786996006965637,0.20931750535964966,0.26832014322280884,0.01691330410540104,0.10140559822320938,0.42852628231048584,0.10266590118408203,0.7116080522537231,1.3288615942001343,0.3181816339492798,1.2423073053359985,0.3062427043914795
0,0.0,0.0,0.0,1.3247828483581543,0.0,0.0,0.0,0.0,0.0,1.2614814043045044,0.0,0.06454294919967651,1.3733384609222412,0.11933770030736923,1.2574173212051392,1.2236497402191162,0.0,0.04250369966030121,0.0,0.0,0.0,0.04836062341928482,0.0,0.0,1.5473209619522095,0.07879148423671722,1.1607774496078491,1.3978681564331055,0.0,1.092298984527588,1.2964502573013306,0.0817684680223465,0.7864680886268616,0.0,1.5427218675613403,0.8288422226905823,0.0,0.0,0.0,0.0,1.1330868005752563,0.0,0.0,0.04325936362147331,1.1727709770202637,0.0,0.0,1.193917155265808,0.0,0.0,0.0,0.0,0.0,0.0,1.669806957244873,0.0,0.0,0.0,0.0,0.07335671782493591,0.0514632910490036,1.110274314880371,0.13609370589256287,1.4597951173782349
0,0.0,0.014621294103562832,0.09767461568117142,0.7755199670791626,0.05433586984872818,0.18660439550876617,0.0,0.0,0.09509383141994476,0.5316113233566284,0.09075656533241272,0.39120811223983765,0.8837389349937439,0.5118744373321533,1.0957913398742676,0.9150129556655884,0.02206270582973957,0.3313691020011902,0.001999562606215477,0.051472969353199005,0.02568897418677807,0.060803983360528946,0.05081166699528694,0.0,0.7362198233604431,0.44440752267837524,1.209040880203247,1.1192508935928345,0.030884088948369026,0.8079504370689392,0.8937081694602966,0.2980637848377228,0.878236711025238,0.04847962036728859,0.8652255535125732,0.5554971098899841,0.0,0.0,0.0,0.0700388252735138,0.4949404299259186,0.046549566090106964,0.043383434414863586,0.12083777040243149,0.8974788188934326,0.027808932587504387,0.006908404175192118,0.7899258136749268,0.0,0.0,0.0,0.0,0.0016061065252870321,0.0,0.8755813837051392,0.0,0.0,0.008940082043409348,0.02720249444246292,0.36404183506965637,0.33413293957710266,0.5577821135520935,0.41022011637687683,0.8288033604621887
1,1.004704236984253,0.8260323405265808,0.25280526280403137,0.07877330482006073,0.6658669710159302,0.24847820401191711,0.7897215485572815,0.7172366976737976,0.06273454427719116,0.052676040679216385,0.25394588708877563,0.29304975271224976,0.13096335530281067,0.43745309114456177,0.1296604424715042,0.034554623067379,0.8858896493911743,0.32546472549438477,1.2222964763641357,0.5621670484542847,0.5370919704437256,0.538342297077179,1.0941426753997803,0.5893515348434448,0.02070644125342369,0.3960868716239929,0.16829974949359894,0.002577246632426977,0.6804696321487427,0.026363065466284752,0.0592375211417675,0.2746540606021881,0.07658068090677261,0.41632896661758423,0.046773385256528854,0.09377847611904144,0.73503577709198,0.5954136252403259,0.7851675748825073,1.0438945293426514,0.12453021854162216,0.7040623426437378,0.5897575616836548,0.7000102400779724,0.11491136252880096,0.47825226187705994,0.9321752786636353,0.03286876529455185,0.6298812627792358,0.9233554601669312,0.6931442618370056,0.7978560924530029,0.5418351888656616,0.9229795336723328,0.035107389092445374,0.6107348203659058,0.6999499201774597,0.6536096930503845,0.6067237257957458,0.16643188893795013,0.4683907628059387,0.09996745735406876,0.445138543844223,0.03272874653339386
0,0.14503738284111023,0.05551864579319954,0.11802466958761215,0.5983886122703552,0.08750900626182556,0.2025488317012787,0.015332451090216637,0.0,0.15136751532554626,0.6852783560752869,0.18178236484527588,0.39135801792144775,0.6874362230300903,0.5238720774650574,0.635329008102417,0.5496300458908081,0.10136344283819199,0.4525204598903656,0.09361695498228073,0.09512969851493835,0.08886461704969406,0.045989666134119034,0.17619913816452026,0.0,0.6567302346229553,0.4157090485095978,0.507631778717041,0.4773324429988861,0.0051762559451162815,0.34116703271865845,0.6789020895957947,0.5215250849723816,0.6051258444786072,0.0015898649580776691,0.5782852172851562,0.4273083209991455,0.0,0.04955797642469406,0.029968690127134323,0.01767856255173683,0.6435648202896118,0.14034923911094666,0.10602889955043793,0.16190607845783234,0.5346112251281738,0.0899200364947319,0.022020602598786354,0.6281828284263611,0.02579987235367298,0.040084172040224075,0.0,0.0,0.014408793300390244,0.0,0.7152687311172485,0.0,0.0,0.1996968537569046,0.013558175414800644,0.34981322288513184,0.5726609826087952,0.7707437872886658,0.4633382558822632,0.6690263748168945
0,0.12981761991977692,0.1500874161720276,0.3245864808559418,1.5629475116729736,0.2621307075023651,0.3883305788040161,0.04341645911335945,0.0,0.396178662776947,1.425234317779541,0.43352779746055603,0.7127505540847778,1.665875792503357,0.879889965057373,1.3765003681182861,1.3186789751052856,0.1961631178855896,0.5979172587394714,0.12022596597671509,0.23099347949028015,0.13283218443393707,0.10251250863075256,0.360404372215271,0.0,1.3291326761245728,0.537331759929657,1.4686030149459839,1.110114574432373,0.08707557618618011,1.5711696147918701,1.3758227825164795,0.6327767372131348,1.5078517198562622,0.11314068734645844,1.456663727760315,1.6901028156280518,0.0,0.10926231741905212,0.010390103794634342,0.04333503544330597,1.7758547067642212,0.2661573886871338,0.32463085651397705,0.34676188230514526,1.6776793003082275,0.23085950314998627,0.13487419486045837,1.434403419494629,0.1251685619354248,0.09088395535945892,0.0002420185337541625,0.022653041407465935,0.13413162529468536,0.03202875703573227,1.2794806957244873,0.0,0.0,0.23909717798233032,0.20593027770519257,0.7199060916900635,0.9060176610946655,1.4890215396881104,0.6406161189079285,1.376613736152649
0,0.0,0.0,0.0,0.4947327673435211,0.0,0.1063765361905098,0.0,0.0,0.0,0.9845322966575623,0.0,0.1720455288887024,0.8082844018936157,0.17475563287734985,1.2277992963790894,1.1994404792785645,0.0,0.25944891571998596,0.0,0.0,0.0,0.07439912110567093,0.0,0.0,1.0628145933151245,0.3086601495742798,0.8766992092132568,0.5589738488197327,0.0,0.8139895796775818,1.102257251739502,0.2637520730495453,0.9137068390846252,0.0,0.7271133065223694,0.5528405904769897,0.0,0.0,0.0,0.0,0.6770414113998413,0.0,0.0,0.10400211066007614,1.1404575109481812,0.0014424790861085057,0.0,0.8701852560043335,0.0,0.0,0.0,0.0,0.0,0.0,1.0929946899414062,0.0,0.0,0.0,0.0,0.11048037558794022,0.21932950615882874,0.8530548214912415,0.24627336859703064,0.5898483395576477
1,1.3377243280410767,1.3050239086151123,0.6103634238243103,0.0,1.166670560836792,0.6378846764564514,1.3057221174240112,1.201926350593567,0.403890997171402,0.0,0.5576457977294922,0.5164348483085632,0.0,0.5030995607376099,0.0,0.0,1.0171871185302734,0.48757225275039673,1.6188113689422607,1.024210810661316,1.0395681858062744,0.7425922155380249,1.5241044759750366,1.0952643156051636,0.0,0.6120576858520508,0.0,0.0,1.0766180753707886,0.0,0.0,0.4714321196079254,0.0,0.750001847743988,0.0,0.0,1.1510456800460815,1.0245503187179565,1.23623526096344,1.3895224332809448,0.0,1.014837622642517,0.9198659062385559,0.9707261323928833,0.0,0.8321613073348999,1.3203067779541016,0.0,1.0200765132904053,1.289662480354309,1.1861447095870972,1.3468420505523682,1.1178257465362549,1.32430100440979,0.0,0.9709075093269348,1.3062654733657837,1.0173033475875854,1.1672475337982178,0.3265219032764435,0.550586462020874,0.0,0.5931189656257629,0.0
0,0.0,0.0,0.036976929754018784,1.4452311992645264,0.13885419070720673,0.22085945308208466,0.0,0.0,0.24646349251270294,1.7713419198989868,0.0,0.5184693932533264,1.7455062866210938,0.6520394086837769,1.2948089838027954,1.673638939857483,0.0,0.6148184537887573,0.0,0.0,0.0,0.07305525243282318,0.20551633834838867,0.0,1.519126296043396,0.7521525621414185,1.4044321775436401,1.6734024286270142,0.0,1.7101720571517944,1.8323009014129639,0.4391840398311615,1.5110801458358765,0.0,1.3455032110214233,1.4995068311691284,0.0,0.07042673230171204,0.0,0.0,1.5408127307891846,0.0,0.009209479205310345,0.19144725799560547,1.655848741531372,0.002554521895945072,0.0,1.7155449390411377,0.0,0.0,0.0,0.0,0.0,0.0,1.6042219400405884,0.0,0.0,0.0,0.0,0.6657148599624634,0.6526080369949341,1.5136096477508545,0.5149446129798889,1.5919870138168335
0,0.019030848518013954,0.016738271340727806,0.13475513458251953,0.8993629813194275,0.0333024300634861,0.1422652304172516,0.0,0.0,0.13684506714344025,0.6261229515075684,0.12068601697683334,0.36174681782722473,1.0895731449127197,0.4543497562408447,1.1805400848388672,0.7660036087036133,0.015871284529566765,0.3486742675304413,0.0,0.03507247939705849,0.02155347354710102,0.06880903989076614,0.23055703938007355,0.06587869673967361,0.7854794859886169,0.4903755486011505,1.0816446542739868,1.0466207265853882,0.24320697784423828,0.7934907078742981,0.8280473351478577,0.2670985758304596,0.5119539499282837,0.051926929503679276,0.9926502704620361,0.610482394695282,0.02193720079958439,0.030095992609858513,0.0029284318443387747,0.24584072828292847,0.7796118855476379,0.03215690329670906,0.10214541107416153,0.1254575401544571,1.0521079301834106,0.045352786779403687,0.058987051248550415,0.8264315724372864,0.08018091320991516,0.02060471475124359,0.002203119220212102,0.019618958234786987,0.0,0.017394354566931725,1.0376871824264526,0.023692989721894264,0.03073759377002716,0.0,0.052998196333646774,0.3816412687301636,0.2968355715274811,0.6180575489997864,0.37682822346687317,0.8943330645561218
0,0.0811459943652153,0.21659207344055176,0.15782879292964935,0.18443375825881958,0.02929595485329628,0.07561896741390228,0.025845248252153397,0.05612998828291893,0.05809629708528519,0.28678858280181885,0.17548690736293793,0.2970493733882904,0.3978501558303833,0.17087215185165405,0.39157360792160034,0.3384844660758972,0.26775604486465454,0.14876627922058105,0.07098984718322754,0.1770695000886917,0.0,0.17371982336044312,0.1236482709646225,0.0954621359705925,0.40042445063591003,0.1693836748600006,0.20023131370544434,0.2655743658542633,0.2009682059288025,0.13672016561031342,0.40287744998931885,0.2895733118057251,0.2684983015060425,0.0502026341855526,0.24680009484291077,0.30426037311553955,0.13268324732780457,0.02584914118051529,0.15100908279418945,0.24885965883731842,0.2991449236869812,0.1959097534418106,0.19924527406692505,0.08425355702638626,0.32903972268104553,0.08462261408567429,0.05836882069706917,0.19331306219100952,0.17689388990402222,0.2273356020450592,0.12010844051837921,0.1610160917043686,0.0502132922410965,0.10347680002450943,0.3851688504219055,0.11176186054944992,0.07423847168684006,0.07930780947208405,0.08820508420467377,0.17276273667812347,0.08973265439271927,0.3587118685245514,0.27258455753326416,0.3335776627063751
0,0.4155932366847992,0.0,0.0,0.2258802354335785,0.007198799401521683,0.00563474977388978,0.1528216302394867,0.22665618360042572,0.0,0.6150811314582825,0.0,0.04016023129224777,0.7265781164169312,0.047893814742565155,1.168397068977356,0.960818350315094,0.004010619129985571,0.08822726458311081,0.35630860924720764,0.0,0.0,0.04426918551325798,0.04243024066090584,0.013605665415525436,0.9385290741920471,0.31611838936805725,1.0389673709869385,0.5664910674095154,0.0,0.6645219326019287,0.6694583892822266,0.06784835457801819,0.8575646281242371,0.0,0.5246267318725586,0.8396670818328857,0.37306493520736694,0.03422010317444801,0.006091398186981678,0.0007362120668403804,0.4236624240875244,0.0,0.0,0.04043205827474594,1.0617033243179321,0.0018971068784594536,0.0840129628777504,0.5974991917610168,0.012493085116147995,0.2841714024543762,0.0032979019451886415,0.005163847468793392,0.0051728240214288235,0.019728265702724457,0.6230742335319519,0.05504130199551582,0.0045615751296281815,0.0,0.0,0.0381842665374279,0.04893762245774269,0.8079274296760559,0.1113843247294426,0.46568602323532104
1,0.7065941095352173,0.6897571086883545,0.34531477093696594,0.3563544750213623,0.8279545903205872,0.6084557771682739,0.5325976014137268,0.40376195311546326,0.4577546715736389,0.4426441192626953,0.43048951029777527,0.9380792379379272,0.6594669222831726,0.8131145238876343,0.5087411403656006,0.44295674562454224,0.789133608341217,0.5408353209495544,0.8474421501159668,0.5239627957344055,0.5084758400917053,0.4818991422653198,0.9225779175758362,0.36484530568122864,0.4610270857810974,0.45310717821121216,0.5289180874824524,0.4970228970050812,0.6417005062103271,0.5948081016540527,0.4010425806045532,0.4810843765735626,0.5596530437469482,0.5096879601478577,0.3670733869075775,0.5633127093315125,0.5077598690986633,0.5417217016220093,0.458050400018692,0.7981317639350891,0.45725512504577637,0.5433772802352905,0.670914351940155,0.7387887239456177,0.6031186580657959,0.5335544347763062,0.793576717376709,0.43188416957855225,0.5575660467147827,0.6616430878639221,0.4976509213447571,0.7039545774459839,0.4332069754600525,0.6111438274383545,0.4720967710018158,0.47378140687942505,0.49308326840400696,0.5168210864067078,0.6143622398376465,0.5882033109664917,0.5807304978370667,0.4208686947822571,0.5431467294692993,0.35288476943969727
1,0.9794230461120605,0.8199345469474792,0.27764055132865906,0.1385943442583084,0.6716400980949402,0.25998353958129883,0.7535895109176636,0.7334872484207153,0.08794178813695908,0.11070695519447327,0.27350544929504395,0.2623768746852875,0.22166699171066284,0.39892974495887756,0.16499283909797668,0.04268283024430275,0.8152648210525513,0.3747949004173279,1.2412195205688477,0.5435522794723511,0.5730705261230469,0.5191938281059265,1.1204665899276733,0.5719382762908936,0.03118276037275791,0.42246949672698975,0.22460754215717316,0.006500407122075558,0.6057155728340149,0.041855428367853165,0.10849926620721817,0.2496652603149414,0.15308232605457306,0.38296443223953247,0.09267687797546387,0.14368298649787903,0.6915271282196045,0.5750641822814941,0.7855995297431946,0.9435514211654663,0.19677570462226868,0.708369255065918,0.5793002843856812,0.637056827545166,0.1665767878293991,0.47620075941085815,0.8922836184501648,0.07205098867416382,0.5554880499839783,0.9006230235099792,0.6619935035705566,0.7896360754966736,0.5693523287773132,0.9137378334999084,0.06605806946754456,0.4682863652706146,0.709330677986145,0.7300119400024414,0.5951723456382751,0.16559548676013947,0.4834426939487457,0.16335496306419373,0.46163037419319153,0.06545674055814743
1,0.6587101221084595,0.7442126274108887,0.4010528028011322,0.12490531802177429,0.8723258376121521,0.6419374346733093,0.5069018602371216,0.3928224742412567,0.5369440913200378,0.1839454025030136,0.4870132505893707,1.0357004404067993,0.24422729015350342,0.7983233332633972,0.2549673616886139,0.2595733106136322,0.9707100987434387,0.5414630770683289,0.7784938812255859,0.5995510816574097,0.49776872992515564,0.5776259899139404,0.8989200592041016,0.3027677536010742,0.32462188601493835,0.49468255043029785,0.13512781262397766,0.2063426375389099,0.737640380859375,0.1359948366880417,0.23502694070339203,0.5642393827438354,0.24685680866241455,0.5319337844848633,0.23300251364707947,0.1017313301563263,0.5043894052505493,0.5571662783622742,0.47115403413772583,0.8460085988044739,0.18128760159015656,0.5649168491363525,0.7765750885009766,0.7861510515213013,0.17607438564300537,0.6487681865692139,0.7755536437034607,0.15927062928676605,0.5759967565536499,0.6638199687004089,0.5014016628265381,0.7349227666854858,0.5072712302207947,0.5682408213615417,0.27729856967926025,0.4333374798297882,0.5006811618804932,0.5526450276374817,0.683789849281311,0.6335325241088867,0.5466400384902954,0.24894052743911743,0.5536954402923584,0.21414577960968018
1,0.9609606266021729,0.9752784967422485,0.5849782824516296,0.0,1.0807234048843384,0.7131696939468384,0.842616856098175,0.649834930896759,0.6250013113021851,0.0,0.6540713906288147,1.0277358293533325,0.0,0.7815138101577759,0.0,0.0,1.0844954252243042,0.634610116481781,1.072623610496521,0.8702690005302429,0.7664510607719421,0.7431773543357849,1.1159987449645996,0.5104868412017822,0.0,0.6013870239257812,0.0,0.0,0.9916777014732361,0.0,0.0,0.7084097266197205,0.0,0.7152456641197205,0.0,0.0,0.6973950862884521,0.79449462890625,0.7898944616317749,1.095550537109375,0.0,0.7510360479354858,0.9537176489830017,0.9466966390609741,0.0,0.8819641470909119,1.0478326082229614,0.0,0.8884304165840149,0.8509050607681274,0.756478488445282,0.9813483953475952,0.8160297870635986,0.7872635126113892,0.0,0.6643065810203552,0.7919573187828064,0.8289914727210999,0.9332231879234314,0.6731128096580505,0.7391441464424133,0.0,0.6908128261566162,0.0
1,0.9020763635635376,0.7164159417152405,0.18503250181674957,0.11136993020772934,0.7018210887908936,0.3551037013530731,0.5354387760162354,0.47961950302124023,0.23534242808818817,0.10769405215978622,0.46575620770454407,0.4337819516658783,0.17194174230098724,0.5863725543022156,0.12387560307979584,0.041238587349653244,0.8230591416358948,0.4121350049972534,1.147796392440796,0.5702277421951294,0.42163336277008057,0.4641914665699005,1.0619608163833618,0.34966811537742615,0.031984176486730576,0.3868810832500458,0.16804154217243195,0.0071922834031283855,0.5694572925567627,0.03929705545306206,0.08703019469976425,0.49828827381134033,0.1235298290848732,0.27924707531929016,0.08164990693330765,0.12025617808103561,0.5027891397476196,0.5219824910163879,0.6168200373649597,0.8279043436050415,0.16016070544719696,0.6692174077033997,0.6054019331932068,0.6829636096954346,0.13726690411567688,0.5082494020462036,0.7835311889648438,0.06280744075775146,0.537494957447052,0.7975468039512634,0.42566564679145813,0.5786961317062378,0.5322644114494324,0.7100810408592224,0.05658708140254021,0.35570940375328064,0.4595813453197479,0.7441414594650269,0.49234676361083984,0.32353270053863525,0.7587097883224487,0.12885472178459167,0.6678598523139954,0.055494386702775955
0,0.6450599431991577,0.531781792640686,0.5449939966201782,0.4261828064918518,0.3212331235408783,0.18977636098861694,0.34120193123817444,0.43910640478134155,0.31217026710510254,0.41812124848365784,0.6718388199806213,0.4397191107273102,0.4906521439552307,0.5682235956192017,0.3404618501663208,0.38840633630752563,0.19699926674365997,0.5338398218154907,0.7802605628967285,0.7256637811660767,0.8333368301391602,0.22502225637435913,0.8869143128395081,0.46878230571746826,0.3224489688873291,0.4845091700553894,0.3203064501285553,0.3860885202884674,0.34054702520370483,0.37548983097076416,0.4428035318851471,0.5504202842712402,0.41015371680259705,0.26521730422973633,0.3731937110424042,0.49489521980285645,0.25877636671066284,0.31307896971702576,0.5357199907302856,0.6561342477798462,0.3886412978172302,1.0501922369003296,0.5092458724975586,0.2480774074792862,0.4158446788787842,0.2518689036369324,0.46003198623657227,0.38281887769699097,0.33205991983413696,0.7446634769439697,0.1296832412481308,0.24426451325416565,0.5838172435760498,0.5761321187019348,0.3610069155693054,0.24921384453773499,0.5197589993476868,0.5392218828201294,0.15117251873016357,0.40421798825263977,0.6956084966659546,0.4149557054042816,0.9556021690368652,0.457416296005249
0,0.0,0.0,0.03953465074300766,1.026335597038269,0.003935054410248995,0.07454559952020645,0.0,0.0,0.0,0.9242221117019653,0.009669956751167774,0.2540406882762909,1.2221571207046509,0.27180176973342896,1.2615903615951538,0.9285755157470703,0.0,0.2853468060493469,0.0,0.002318769693374634,0.014959663152694702,0.07448627054691315,0.0,0.0,1.1100679636001587,0.28513574600219727,0.8006739020347595,1.018845558166504,0.040466971695423126,0.855010449886322,0.9694156050682068,0.2604195475578308,0.8149622678756714,0.03304829075932503,1.1580208539962769,0.5987555384635925,0.004693422466516495,0.0,0.0,0.05131199210882187,0.746950089931488,0.006924793124198914,0.037830282002687454,0.08470233529806137,0.932800829410553,0.017886817455291748,0.0,0.9788364171981812,0.029089869931340218,0.0,0.0,0.0030782839749008417,0.0,0.0,1.1957123279571533,0.00691444193944335,0.0,0.0,0.013417561538517475,0.23030756413936615,0.18491633236408234,0.8903217911720276,0.3639129102230072,1.0165191888809204
1,0.6197957992553711,0.6499223709106445,0.33280110359191895,0.14037281274795532,0.7687212824821472,0.5427138805389404,0.4728529453277588,0.34626442193984985,0.4269334077835083,0.36943867802619934,0.40646377205848694,0.8864776492118835,0.4742721617221832,0.7926861047744751,0.49549269676208496,0.44968321919441223,0.8101459741592407,0.5649418830871582,0.789004385471344,0.47093796730041504,0.46060675382614136,0.4443565309047699,0.8750907182693481,0.3153972625732422,0.3632485866546631,0.4264031648635864,0.41288477182388306,0.27990445494651794,0.6058476567268372,0.38335078954696655,0.4120766818523407,0.4651767611503601,0.38398775458335876,0.46364450454711914,0.2945554256439209,0.2682219445705414,0.46294066309928894,0.49913138151168823,0.39878788590431213,0.7235767841339111,0.29827210307121277,0.526479184627533,0.6589931845664978,0.7282602190971375,0.4393821060657501,0.5045153498649597,0.7532427310943604,0.38353389501571655,0.48923414945602417,0.6277060508728027,0.4342714548110962,0.6119685173034668,0.39783036708831787,0.5933547019958496,0.3912125527858734,0.4196930527687073,0.44008031487464905,0.4635046422481537,0.5745359659194946,0.5832076072692871,0.5466399788856506,0.4108990728855133,0.5441367030143738,0.31308579444885254
1,0.8891729712486267,0.9560638666152954,0.7401533126831055,0.16592110693454742,0.4832075238227844,0.12874850630760193,0.8450579643249512,1.107208013534546,0.5867419838905334,0.20265646278858185,0.8389502763748169,0.3695153295993805,0.1999124139547348,0.3862016797065735,0.12160734832286835,0.19490230083465576,0.4377714693546295,0.7014780044555664,1.2961578369140625,1.0426442623138428,1.2610385417938232,0.5528336763381958,1.0430866479873657,0.8999319672584534,0.14484001696109772,0.49548983573913574,0.13681846857070923,0.19689911603927612,0.6453955173492432,0.15275749564170837,0.2012692242860794,0.24697892367839813,0.19874900579452515,0.4863775968551636,0.13493266701698303,0.20071855187416077,0.5969496965408325,0.7734559178352356,1.0457602739334106,0.6609269976615906,0.16162940859794617,1.4836961030960083,0.7067550420761108,0.2585219442844391,0.1671077460050583,0.5123890042304993,0.7906467914581299,0.1744375228881836,0.582883894443512,1.0992799997329712,0.7345076203346252,0.7696571946144104,1.1155791282653809,1.277740240097046,0.16621506214141846,0.8978226780891418,1.1263720989227295,0.6953288912773132,0.3862932324409485,0.34809568524360657,0.24503517150878906,0.19898156821727753,0.6327447891235352,0.18889209628105164
1,0.8402796983718872,0.7917599081993103,0.35421884059906006,0.20159316062927246,0.4311836361885071,0.14842243492603302,0.893199622631073,0.8009427785873413,0.03867372125387192,0.17809125781059265,0.08058641850948334,0.10735734552145004,0.3201136291027069,0.22824397683143616,0.25967106223106384,0.20014801621437073,0.6933234333992004,0.22298935055732727,1.067305088043213,0.44515594840049744,0.5980939269065857,0.5561407804489136,0.8808879852294922,0.7301483750343323,0.18393106758594513,0.4294303357601166,0.2849554121494293,0.14126889407634735,0.6187859773635864,0.18927612900733948,0.1839950829744339,0.14936164021492004,0.24348314106464386,0.4578343331813812,0.20368215441703796,0.25341904163360596,0.8132789731025696,0.4527309536933899,0.7168972492218018,0.9771401286125183,0.24084894359111786,0.5698651075363159,0.35362666845321655,0.5363692045211792,0.31279486417770386,0.3665024936199188,0.8783418536186218,0.15013167262077332,0.5312690734863281,0.8564009666442871,0.746989369392395,0.7984045743942261,0.4984492361545563,0.9565855264663696,0.15994893014431,0.6624641418457031,0.7862933874130249,0.5263286828994751,0.6606811881065369,0.07950569689273834,0.3133776783943176,0.20422323048114777,0.2828628122806549,0.15652480721473694
1,0.6437566876411438,0.6655818223953247,0.3577427864074707,0.07226748764514923,0.7827034592628479,0.6013230085372925,0.48411256074905396,0.3560636341571808,0.4382559359073639,0.24872620403766632,0.43342557549476624,0.9642513394355774,0.2797866463661194,0.8191216588020325,0.32769593596458435,0.306048721075058,0.8739437460899353,0.5341804027557373,0.7011070847511292,0.5333359241485596,0.4725351333618164,0.5376285910606384,0.8056362867355347,0.2901054620742798,0.3072187304496765,0.45585545897483826,0.13706074655056,0.14661164581775665,0.6580148339271545,0.19850298762321472,0.2426251769065857,0.5277150869369507,0.2945750057697296,0.5482993125915527,0.2244960516691208,0.09509231150150299,0.47242271900177,0.48291563987731934,0.41608214378356934,0.7488766312599182,0.10295058786869049,0.546215832233429,0.659674346446991,0.7612905502319336,0.23315808176994324,0.5676120519638062,0.729219377040863,0.18897892534732819,0.5451542735099792,0.6000613570213318,0.4770869016647339,0.6693148612976074,0.42052939534187317,0.5481175780296326,0.23429790139198303,0.3931858539581299,0.4540214538574219,0.4858334958553314,0.6351659893989563,0.5911335945129395,0.5498480200767517,0.29814624786376953,0.5537098050117493,0.1990712732076645
1,1.0339256525039673,0.9591629505157471,0.49727535247802734,0.08291926980018616,1.009365439414978,0.6063205599784851,0.8392360210418701,0.73382169008255,0.44176945090293884,0.04954948648810387,0.5213516354560852,0.6096351742744446,0.11527390033006668,0.499680757522583,0.09308664500713348,0.018921956419944763,1.1061315536499023,0.37535351514816284,1.1295676231384277,0.7555204033851624,0.6570236086845398,0.6782776713371277,1.0677317380905151,0.5525400638580322,0.013705427758395672,0.4322034418582916,0.11885420978069305,0.0027128912042826414,0.8872621655464172,0.019716225564479828,0.06235528737306595,0.5130036473274231,0.08061124384403229,0.6337572336196899,0.04923514276742935,0.07597047090530396,0.8042457103729248,0.7509533166885376,0.8410491347312927,1.0846177339553833,0.11675693839788437,0.7077846527099609,0.8549318909645081,0.8025110363960266,0.08834981918334961,0.7771201133728027,1.0156323909759521,0.0345987007021904,0.8120267987251282,0.8870940208435059,0.8217487335205078,0.9904868602752686,0.7396591901779175,0.8464647531509399,0.03248322010040283,0.6444497108459473,0.7696817517280579,0.8401250243186951,0.8881939053535461,0.44036412239074707,0.5805432200431824,0.09385836869478226,0.4324541985988617,0.03445131331682205
1,0.8627801537513733,0.8806410431861877,0.5430439114570618,0.17286747694015503,0.6630420684814453,0.4234202206134796,0.9661931991577148,0.8825936913490295,0.2380879521369934,0.1541062593460083,0.31203141808509827,0.4604351222515106,0.25610190629959106,0.26444944739341736,0.17753957211971283,0.13360971212387085,0.6786806583404541,0.3519965410232544,1.0156046152114868,0.6664693355560303,0.7513038516044617,0.6066603064537048,0.9359548687934875,0.8216518759727478,0.1354684978723526,0.557042121887207,0.2215154767036438,0.12544983625411987,0.7686300873756409,0.15734507143497467,0.15326884388923645,0.21494513750076294,0.20274758338928223,0.6234086751937866,0.17842741310596466,0.22249679267406464,0.9032859206199646,0.5873103737831116,0.7887648940086365,1.0186647176742554,0.2063988745212555,0.6041496396064758,0.5912846922874451,0.6308087706565857,0.24254317581653595,0.5191977024078369,0.972900927066803,0.1318989098072052,0.7443392276763916,0.9078128337860107,0.8631868958473206,1.0354665517807007,0.6133630871772766,0.9080488085746765,0.12617729604244232,0.7631021738052368,0.9048338532447815,0.6815360188484192,0.830440878868103,0.1898350864648819,0.330141544342041,0.1625211089849472,0.3657369613647461,0.13755907118320465
0,0.17026260495185852,0.15165594220161438,0.3366296887397766,1.4129444360733032,0.2581053078174591,0.40335768461227417,0.022529006004333496,0.0,0.3964654207229614,1.0972648859024048,0.46129846572875977,0.7545545101165771,1.3706574440002441,0.9041536450386047,1.058536171913147,0.8955140709877014,0.2131814956665039,0.6418684124946594,0.17198511958122253,0.20522277057170868,0.13500568270683289,0.08303540199995041,0.3748484253883362,0.0,0.8619030117988586,0.570120096206665,1.0753625631332397,0.8074662685394287,0.0393013171851635,1.080548882484436,1.1040416955947876,0.761544406414032,1.2172493934631348,0.07390939444303513,1.1772286891937256,1.1905854940414429,0.0,0.09749478846788406,0.023611756041646004,0.005161195062100887,1.4048634767532349,0.2705642580986023,0.3013796806335449,0.3187507390975952,1.2211614847183228,0.2445095330476761,0.09921661764383316,1.1230288743972778,0.11140719801187515,0.07084914296865463,0.0,0.010748722590506077,0.13184219598770142,0.005829102359712124,0.913428544998169,0.0,0.0,0.36215725541114807,0.19731265306472778,0.7335225939750671,0.9764547348022461,1.2036889791488647,0.6718732118606567,1.0891900062561035
1,0.5474596619606018,0.6852846145629883,0.3718976676464081,0.0,0.752748429775238,0.518770694732666,0.5222546458244324,0.3635287880897522,0.4902368485927582,0.031946390867233276,0.5254679322242737,0.954012393951416,0.006677115801721811,0.8255062103271484,0.03568821772933006,0.0,1.0133951902389526,0.5252634882926941,0.6380957365036011,0.5851712822914124,0.38694077730178833,0.7776799201965332,0.7488651871681213,0.26439037919044495,0.08546771109104156,0.42121487855911255,0.0,0.008695989847183228,0.7080734968185425,0.0,0.016033893451094627,0.68692946434021,0.076308973133564,0.515446126461029,0.003297664225101471,0.06546039879322052,0.41678234934806824,0.4611033499240875,0.4012640714645386,0.7142341732978821,0.006067750975489616,0.5753419399261475,0.6690355539321899,0.6577242016792297,0.08448325842618942,0.6025827527046204,0.6448974013328552,0.0,0.5981932282447815,0.593233048915863,0.4772800803184509,0.6337756514549255,0.6772531867027283,0.4672459661960602,0.02564321644604206,0.35560446977615356,0.42652806639671326,0.5012410879135132,0.6795296669006348,0.7622569799423218,0.5893626809120178,0.026561973616480827,0.6650448441505432,0.006562648341059685
0,0.07170677185058594,0.06221149116754532,0.051805831491947174,1.3910123109817505,0.0,0.054881203919649124,0.0504351370036602,0.0,0.023239511996507645,1.228819489479065,0.14847175776958466,0.18709899485111237,1.49878990650177,0.24962034821510315,1.2667970657348633,1.0250035524368286,0.0959913432598114,0.2124185860157013,0.07079599797725677,0.04339435696601868,0.0,0.0620897114276886,0.022372055798768997,0.0,1.0112358331680298,0.194326251745224,1.187273383140564,0.8304078578948975,0.050347670912742615,1.2092784643173218,1.1715803146362305,0.2894386053085327,1.2716923952102661,0.015314338728785515,1.1913796663284302,1.2739667892456055,0.0,0.0014295480214059353,0.019144997000694275,0.018457697704434395,1.5547738075256348,0.05369182676076889,0.07726810872554779,0.12511089444160461,1.4537436962127686,0.06404443085193634,0.04274190962314606,1.1269983053207397,0.048570483922958374,0.03439881652593613,0.01627998799085617,0.025663677603006363,0.002160696778446436,0.011052216403186321,1.0247186422348022,0.0,0.0,0.1390768587589264,0.03880938142538071,0.12678992748260498,0.3213569223880768,1.3308216333389282,0.24918778240680695,1.0927623510360718
1,1.031779170036316,0.8891288638114929,0.289487361907959,0.0,0.6737371683120728,0.1734311878681183,0.7285910844802856,0.862711489200592,0.135930135846138,0.0,0.4639281928539276,0.6747038960456848,0.0,0.7775537371635437,0.0,0.0,0.43420109152793884,0.9925499558448792,1.6183826923370361,0.8475475311279297,0.8818607330322266,0.5560029149055481,1.6927967071533203,0.7077817916870117,0.0,0.8847301602363586,0.0,0.0,0.6265522241592407,0.0,0.0,0.4788181185722351,0.0,0.20443609356880188,0.0,0.0,0.5506860017776489,0.6116379499435425,0.9825065732002258,1.0250447988510132,0.0,1.0678932666778564,0.7796612977981567,0.7763622403144836,0.0,0.47334375977516174,0.8924944996833801,0.0,0.590920090675354,1.1237969398498535,0.48711633682250977,0.8015986084938049,0.8109930753707886,1.0795596837997437,0.0,0.4984290599822998,0.9107245206832886,0.7423288226127625,0.4323556125164032,0.3671996593475342,0.7112203240394592,0.0,1.158340334892273,0.0
1,0.3654133081436157,0.23197291791439056,0.3225371241569519,0.1363643854856491,0.3873510956764221,0.44446277618408203,0.027571938931941986,0.08756990730762482,0.5354807376861572,0.13443425297737122,0.48761478066444397,0.9982962012290955,0.14973695576190948,1.2182527780532837,0.06856860220432281,0.04571227356791496,0.21737129986286163,1.0360645055770874,0.4571291208267212,0.47198686003685,0.42562493681907654,0.26181933283805847,0.7623345255851746,0.02637263387441635,0.04923964664340019,0.9958622455596924,0.11766229569911957,0.043971650302410126,0.09266559779644012,0.04405265673995018,0.10471473634243011,0.9645723700523376,0.0962769091129303,0.07542353868484497,0.0651555061340332,0.11324653029441833,0.012267942540347576,0.17709189653396606,0.1301347017288208,0.29958444833755493,0.10760428011417389,0.4603973627090454,0.4746042490005493,0.46754100918769836,0.11117912828922272,0.3322771191596985,0.25171685218811035,0.10117479413747787,0.1777370721101761,0.3203299045562744,0.0,0.05740296095609665,0.24392865598201752,0.15519416332244873,0.0745319277048111,0.018811292946338654,0.07244585454463959,0.4410596489906311,0.13432087004184723,0.888770580291748,1.3979922533035278,0.11186391860246658,1.2284542322158813,0.07183758914470673
1,1.5555049180984497,0.4219943583011627,0.14451834559440613,0.12292660027742386,0.38732802867889404,0.28156718611717224,0.2320772111415863,0.51931232213974,0.19447627663612366,0.16011092066764832,0.2004861831665039,0.5705282688140869,0.27874627709388733,0.7260679006576538,0.13042111694812775,0.09951714426279068,0.1038229763507843,0.5438985824584961,1.2013039588928223,0.36843690276145935,0.3105839788913727,0.08034451305866241,1.055273413658142,0.19423401355743408,0.075019471347332,1.1943780183792114,0.46970099210739136,0.08026740700006485,0.17704106867313385,0.10687047243118286,0.08065053820610046,0.4475829601287842,0.1508958488702774,0.09133972972631454,0.1180790588259697,0.16033817827701569,0.3970020115375519,0.6359865069389343,0.4631548821926117,0.5743532180786133,0.1557319313287735,0.3359827995300293,0.19423750042915344,0.458975613117218,0.20812451839447021,0.10627680271863937,0.873485267162323,0.09307066351175308,0.2511524558067322,0.8115819692611694,0.09725828468799591,0.3151763677597046,0.4665200412273407,0.37817078828811646,0.09010359644889832,0.19057020545005798,0.3061617910861969,0.7499095797538757,0.035807836800813675,0.40732479095458984,0.7509111166000366,0.13462431728839874,0.8363175988197327,0.09230837970972061
1,0.8076982498168945,0.8489473462104797,0.4732955992221832,0.0,0.8057300448417664,0.6484426856040955,0.5828003883361816,0.4990009665489197,0.6011027097702026,0.0,0.6160204410552979,1.2751156091690063,0.0,1.1824172735214233,0.0,0.0,0.7150815725326538,0.9654251933097839,0.9940245747566223,0.7576080560684204,0.7450463771820068,0.6160668134689331,1.1857624053955078,0.4543781280517578,0.0,0.9877839088439941,0.0045420462265610695,0.0,0.7478834390640259,0.0,0.0,0.6489474177360535,0.0,0.6583576202392578,0.0,0.0,0.4187597632408142,0.5599814653396606,0.5365511178970337,0.9551053047180176,0.0,0.7908981442451477,0.7422486543655396,0.923186182975769,0.0,0.5702382326126099,0.9395506978034973,0.0,0.5764685869216919,0.7805767059326172,0.48254284262657166,0.7346009612083435,0.6098825335502625,0.8066884279251099,0.0,0.4292793273925781,0.6432050466537476,0.6206564903259277,0.6502186059951782,0.7943147420883179,0.8529537320137024,0.0,1.0210131406784058,0.0
0,0.0356973260641098,0.005105598364025354,0.09496486186981201,1.1816562414169312,0.0630539059638977,0.18959155678749084,0.0,0.0,0.1315179467201233,1.2923022508621216,0.0920243188738823,0.36360469460487366,1.3214415311813354,0.5056899189949036,1.0381386280059814,1.1028839349746704,0.03125975653529167,0.44898462295532227,0.016125371679663658,0.08675575256347656,0.09595933556556702,0.04273702949285507,0.14197242259979248,0.0,1.0727134943008423,0.41691458225250244,0.8970350027084351,0.9684595465660095,0.0,1.0499573945999146,1.1950739622116089,0.3604290187358856,1.1562292575836182,0.0,1.1140319108963013,1.1625598669052124,0.0,0.014704037457704544,0.0,0.008032338693737984,1.1886231899261475,0.09665907919406891,0.0518808513879776,0.14012819528579712,1.1608754396438599,0.07813278585672379,0.001170240226201713,1.1504417657852173,0.0,0.004807773046195507,0.0,0.0,0.0005089042242616415,0.0,1.1217515468597412,0.0,0.0,0.06233687698841095,0.002585482085123658,0.32366758584976196,0.5052522420883179,1.2734603881835938,0.4554569125175476,1.2148966789245605
0,0.6870203614234924,0.048950545489788055,0.005843112710863352,0.1915707290172577,0.0660860687494278,0.06207085773348808,0.1923106461763382,0.32088690996170044,0.0,0.46893852949142456,0.0,0.10144279152154922,0.5419545769691467,0.09749697148799896,0.8773142695426941,0.749285876750946,0.03623943775892258,0.1794952005147934,0.5421952605247498,0.009842907078564167,0.0,0.044362422078847885,0.24144725501537323,0.08247745782136917,0.6389714479446411,0.514451801776886,0.8867924809455872,0.37895941734313965,0.03947164863348007,0.48432478308677673,0.4966350495815277,0.16569827497005463,0.6426879167556763,0.0007527476409450173,0.39047971367836,0.578869640827179,0.47113853693008423,0.23101362586021423,0.10279901325702667,0.07972799241542816,0.3023447096347809,0.020413998514413834,0.0,0.12090839445590973,0.7724121809005737,0.0,0.2717580497264862,0.47554293274879456,0.0417955182492733,0.4705590307712555,0.06285741925239563,0.10224542766809464,0.06302037090063095,0.11676635593175888,0.5125035047531128,0.16389033198356628,0.08189662545919418,0.10733723640441895,0.0,0.06818734854459763,0.11834613978862762,0.57624751329422,0.24192452430725098,0.361545205116272
1,0.9512185454368591,0.21748888492584229,0.129305899143219,0.17415300011634827,0.291801780462265,0.25192856788635254,0.17694726586341858,0.384109765291214,0.17400510609149933,0.39451467990875244,0.17938238382339478,0.5104726552963257,0.4534001648426056,0.6491094827651978,0.6858214735984802,0.5551634430885315,0.09127717465162277,0.4866460859775543,0.8035738468170166,0.2532999515533447,0.15699169039726257,0.07188721746206284,0.713624894618988,0.12210682779550552,0.49696579575538635,0.9021094441413879,0.7324551343917847,0.34806880354881287,0.12246282398700714,0.4180617034435272,0.4083715081214905,0.40046897530555725,0.5455001592636108,0.0788358673453331,0.3381936848163605,0.5194147229194641,0.43382132053375244,0.41827335953712463,0.23803222179412842,0.27977433800697327,0.23794937133789062,0.22435687482357025,0.17379145324230194,0.3802700936794281,0.6260807514190674,0.09508977085351944,0.5722846984863281,0.41886258125305176,0.1225890964269638,0.6122271418571472,0.07737445086240768,0.17967252433300018,0.2752465307712555,0.25318142771720886,0.40088313817977905,0.16283056139945984,0.1689550280570984,0.38341692090034485,0.0320386067032814,0.3644484877586365,0.6071009635925293,0.460816890001297,0.6427452564239502,0.30765271186828613
1,0.9795740246772766,0.8445884585380554,0.3586150109767914,0.0736338198184967,0.4668922424316406,0.201919287443161,0.8508843779563904,0.8319624662399292,0.07082190364599228,0.039444033056497574,0.2631768584251404,0.24718908965587616,0.12597697973251343,0.3464011549949646,0.09722563624382019,0.0,0.7750294208526611,0.3026176691055298,1.1982126235961914,0.5758843421936035,0.6453552842140198,0.5146539211273193,1.0106735229492188,0.6837436556816101,0.004113486502319574,0.5401257276535034,0.15050971508026123,0.0,0.5926287770271301,0.0,0.04734460636973381,0.24621640145778656,0.0642913356423378,0.4830464720726013,0.028827285394072533,0.08614188432693481,0.7292173504829407,0.528574526309967,0.7683643698692322,0.9710040092468262,0.1442413330078125,0.6603456139564514,0.49327507615089417,0.5718403458595276,0.08966764062643051,0.4705234467983246,0.9037917256355286,0.0041465614922344685,0.5266245603561401,0.8862265348434448,0.7457475066184998,0.8335139751434326,0.5442178845405579,1.0236812829971313,0.02021023817360401,0.5494198799133301,0.811920166015625,0.7089802622795105,0.6539452075958252,0.09865030646324158,0.4243789613246918,0.09398934990167618,0.38758689165115356,0.0035097755026072264
0,0.1763799637556076,0.05799335241317749,0.007495592348277569,0.9778361916542053,0.02517561800777912,0.05223716422915459,0.06984459608793259,0.01920848898589611,0.0,0.9233030080795288,0.08831895887851715,0.16427205502986908,1.1501579284667969,0.35015732049942017,0.950072705745697,0.6964807510375977,0.0711890235543251,0.2437240183353424,0.1899491399526596,0.04495813325047493,0.009133816696703434,0.1017116978764534,0.11168082058429718,0.0,0.6915253400802612,0.24236515164375305,0.945762038230896,0.4743579030036926,0.03815508633852005,0.8071780204772949,0.8029099106788635,0.26346322894096375,0.9168983101844788,0.003571838606148958,0.8507199883460999,0.9114478230476379,0.0022646004799753428,0.0386805534362793,0.04295070096850395,0.06019211933016777,1.1616804599761963,0.045787494629621506,0.05146832391619682,0.16222302615642548,1.1427451372146606,0.04197456315159798,0.04939232021570206,0.7691778540611267,0.07114831358194351,0.046265631914138794,0.00862759631127119,0.027698639780282974,0.01723870076239109,0.0430401973426342,0.7121238112449646,0.0,0.006744320038706064,0.1626116931438446,0.015119061805307865,0.12414288520812988,0.5027304291725159,0.983215868473053,0.35312023758888245,0.7110176086425781
0,0.0,0.0,0.0791231095790863,0.6673169136047363,0.06028568744659424,0.22902147471904755,0.0,0.0,0.0667736679315567,0.7108281254768372,0.08912289142608643,0.38088926672935486,0.6940521597862244,0.5631336569786072,0.8157911896705627,0.7818071246147156,0.009820663370192051,0.4371863305568695,0.0,0.050834935158491135,0.02172762155532837,0.05346469208598137,0.05387924611568451,0.0,0.8109596371650696,0.54693603515625,0.472413569688797,0.6945095062255859,0.0,0.43483105301856995,0.7986399531364441,0.3333396017551422,0.3524601459503174,0.00875279400497675,0.7928237318992615,0.5701363682746887,0.0,0.004895990248769522,0.0,0.001861134427599609,0.6529671549797058,0.04952630773186684,0.0014645004412159324,0.12438264489173889,0.7067118287086487,0.0008924848516471684,0.0,0.6570864915847778,0.0,0.0,0.0,0.0,0.0,0.0,0.9347185492515564,0.0,0.0,0.0,0.0,0.32641246914863586,0.4161774814128876,0.6506728529930115,0.5134522914886475,0.8962697982788086
0,0.04782062768936157,0.011031540110707283,0.2512398362159729,0.5864806771278381,0.1935078203678131,0.3879430890083313,0.0,0.0,0.43901583552360535,0.8789510130882263,0.16003623604774475,0.6905962824821472,0.8064800500869751,0.7049703598022461,0.6950452327728271,0.9466162919998169,0.07949312776327133,0.5637624263763428,0.005321340635418892,0.1544557511806488,0.09960493445396423,0.20675040781497955,0.13656997680664062,0.0,0.7365172505378723,0.8616895079612732,0.6774071455001831,0.834054708480835,0.030967600643634796,0.8144580125808716,0.931551992893219,0.607416033744812,0.7249979376792908,0.07228448987007141,0.636043131351471,0.6536810994148254,0.0,0.11938275396823883,0.0,0.11993637681007385,0.6749732494354248,0.015838168561458588,0.26833757758140564,0.2115803062915802,0.74533611536026,0.06119544059038162,0.019408512860536575,0.8293281197547913,0.05841157212853432,0.06794552505016327,0.0,0.012257718481123447,0.017653249204158783,0.0,0.8513072729110718,0.0,0.0,0.08397376537322998,0.08428147435188293,0.7654858827590942,0.6547512412071228,0.7613829374313354,0.6614935994148254,0.7937548756599426
1,0.8641893267631531,0.9227691888809204,0.5579780340194702,0.043687984347343445,0.5869830846786499,0.10457008332014084,0.7292590141296387,0.7987614274024963,0.251004159450531,0.08425334095954895,0.9447467923164368,0.4423641264438629,0.20804980397224426,0.35409069061279297,0.24013681709766388,0.21362727880477905,0.34141838550567627,0.4173870086669922,1.3673906326293945,0.9124934673309326,1.0000081062316895,0.4960601031780243,1.318855881690979,0.865574836730957,0.2376653105020523,0.33936944603919983,0.024307776242494583,0.09652382135391235,0.6841250658035278,0.044130533933639526,0.21744363009929657,0.3091018497943878,0.062370020896196365,0.317889928817749,0.15490640699863434,0.11173493415117264,0.5426988005638123,0.5015372633934021,0.9603205323219299,0.8797157406806946,0.15099692344665527,1.3785266876220703,0.6996749043464661,0.3396076261997223,0.17507553100585938,0.2384633719921112,0.7481839656829834,0.044461823999881744,0.62115079164505,1.2277365922927856,0.48284459114074707,0.6767271161079407,0.9960753321647644,1.0904158353805542,0.21331369876861572,0.5470767021179199,0.9350186586380005,0.8391055464744568,0.2526809573173523,0.23779942095279694,0.360861212015152,0.10582941025495529,0.902860164642334,0.1514829695224762
1,1.6653037071228027,1.5698455572128296,0.681860089302063,0.0,1.465988278388977,0.8510429263114929,1.6000478267669678,1.542493462562561,0.4794932007789612,0.0,0.5150517821311951,0.25459152460098267,0.0,0.3149819076061249,0.0,0.0,1.2144980430603027,0.3162451386451721,1.8987287282943726,1.1622143983840942,1.220698356628418,0.8225449919700623,1.742601990699768,1.4319417476654053,0.0,0.559059202671051,0.0,0.0,1.2534141540527344,0.0,0.0,0.349244087934494,0.0,0.9009827971458435,0.0,0.0,1.554608941078186,1.297829270362854,1.5661592483520508,1.7362765073776245,0.0,1.0925408601760864,1.055916666984558,1.0460745096206665,0.0,0.9573662877082825,1.532546877861023,0.0,1.22977876663208,1.5104433298110962,1.5815545320510864,1.7155662775039673,1.3353722095489502,1.6146632432937622,0.0,1.252520203590393,1.6265006065368652,1.1600213050842285,1.5034140348434448,0.235785573720932,0.3868844509124756,0.0,0.37063324451446533,0.0
1,0.5208166241645813,0.5006284713745117,0.4469301700592041,0.01160417776554823,1.1964607238769531,0.47879132628440857,0.17851315438747406,0.1494879573583603,1.1149486303329468,0.013765889219939709,0.872053325176239,1.5638532638549805,0.02240043878555298,0.9262351989746094,0.03127695992588997,0.005765141453593969,1.1759997606277466,0.7367265224456787,0.5341601371765137,0.4528357982635498,0.10552041977643967,0.4761904180049896,0.7802689671516418,0.02628605253994465,0.038661565631628036,0.33145785331726074,0.02645646221935749,0.00987614132463932,0.5514320731163025,0.0,0.02379629574716091,1.2732113599777222,0.035075705498456955,0.24621717631816864,0.0,0.04496670886874199,0.23171456158161163,0.30230751633644104,0.13372111320495605,0.5567276477813721,0.0,0.3419652283191681,0.9583731293678284,0.6744329929351807,0.019741268828511238,0.6105703711509705,0.6318243145942688,0.003864964237436652,0.7486062049865723,0.4420020282268524,0.08253979682922363,0.35894933342933655,0.5677892565727234,0.1780657023191452,0.02197142504155636,0.28470921516418457,0.05327555164694786,0.6575058102607727,0.6309939622879028,1.6226228475570679,1.4013327360153198,0.016385845839977264,0.555770993232727,0.0013310840586200356
1,0.6175125241279602,0.5816388726234436,0.29317957162857056,0.6192074418067932,0.6879612803459167,0.6720669865608215,0.3065241873264313,0.24003441631793976,0.44791024923324585,0.4656012952327728,0.47087720036506653,0.7000420093536377,0.6530497074127197,0.8774486780166626,0.483416885137558,0.35934507846832275,0.5784422755241394,0.5192429423332214,0.8070293068885803,0.4692983031272888,0.37136006355285645,0.2960442006587982,0.908200740814209,0.2338482290506363,0.36148038506507874,0.38427862524986267,0.5593909025192261,0.3012932240962982,0.411111980676651,0.43911251425743103,0.44937562942504883,0.527137815952301,0.5760887265205383,0.2515396177768707,0.5745893120765686,0.5135253667831421,0.2588101327419281,0.41915443539619446,0.3985351324081421,0.5807653665542603,0.6277973055839539,0.4914557933807373,0.6196093559265137,0.5338531732559204,0.6012817025184631,0.4069240689277649,0.6281498074531555,0.421367883682251,0.41620007157325745,0.5201454162597656,0.2585594356060028,0.43827953934669495,0.35521459579467773,0.45336174964904785,0.3503456711769104,0.15898732841014862,0.28386038541793823,0.6246057152748108,0.38354769349098206,0.5925465226173401,0.9577044248580933,0.5323219299316406,0.6484431028366089,0.4251765012741089
1,0.9609604477882385,0.9752784967422485,0.5849783420562744,0.0,1.0807232856750488,0.713169515132904,0.8426167964935303,0.6498348712921143,0.6250013709068298,0.0,0.6540713906288147,1.0277358293533325,0.0,0.7815137505531311,0.0,0.0,1.0844955444335938,0.6346099972724915,1.0726237297058105,0.8702690005302429,0.7664510607719421,0.7431774139404297,1.1159987449645996,0.5104869604110718,0.0,0.6013869047164917,0.0,0.0,0.9916776418685913,0.0,0.0,0.7084097862243652,0.0,0.7152456641197205,0.0,0.0,0.6973950862884521,0.7944948077201843,0.7898944616317749,1.095550537109375,0.0,0.7510361075401306,0.9537175893783569,0.9466965198516846,0.0,0.8819641470909119,1.0478326082229614,0.0,0.8884303569793701,0.8509050011634827,0.756478488445282,0.98134845495224,0.8160297870635986,0.7872635126113892,0.0,0.6643065214157104,0.7919573187828064,0.8289913535118103,0.9332230091094971,0.6731128096580505,0.7391441464424133,0.0,0.6908127665519714,0.0
1,0.8390617966651917,0.4348160922527313,0.07243689894676208,0.15648724138736725,0.4527081251144409,0.1729879528284073,0.21249321103096008,0.3136148452758789,0.15963461995124817,0.1546059250831604,0.5983474850654602,0.6513069868087769,0.20229490101337433,0.8584036231040955,0.07248476147651672,0.01781877875328064,0.22450664639472961,0.7271995544433594,1.0675867795944214,0.6149495840072632,0.5307052135467529,0.27778929471969604,1.2386635541915894,0.2382068932056427,0.012912859208881855,0.6421617269515991,0.1404130905866623,0.021932628005743027,0.19250382483005524,0.012526428326964378,0.10583209991455078,0.6960164904594421,0.10817676782608032,0.0,0.04053467512130737,0.14481493830680847,0.09057661890983582,0.2361879050731659,0.4533592760562897,0.7059105634689331,0.13421155512332916,0.6711328029632568,0.5115503072738647,0.4969938397407532,0.1205485463142395,0.21704787015914917,0.5489172339439392,0.09848855435848236,0.2746727168560028,0.6949518918991089,0.0,0.18931584060192108,0.463309109210968,0.5127711892127991,0.06472652405500412,0.024748584255576134,0.2811071276664734,0.7467666268348694,0.03624114394187927,0.3822844922542572,1.2224411964416504,0.15341684222221375,1.2242447137832642,0.06459631025791168
0,0.0,0.0,0.0,1.0282925367355347,0.0,0.04334597662091255,0.0,0.0,0.0,1.1927484273910522,0.0,0.13181652128696442,1.1046696901321411,0.13338114321231842,1.308233380317688,1.364047646522522,0.0,0.13921022415161133,0.0,0.0,0.0,0.059423092752695084,0.0,0.0,1.3658013343811035,0.1342245191335678,0.9679661393165588,1.108821988105774,0.0,1.0149468183517456,1.2555159330368042,0.18693238496780396,0.9606001377105713,0.0,1.2011616230010986,0.708320677280426,0.0,0.0,0.0,0.0,0.8783814907073975,0.0,0.0,0.05642956867814064,1.1852316856384277,0.0,0.0,1.1423693895339966,0.0,0.0,0.0,0.0,0.0,0.0,1.5114978551864624,0.0,0.0,0.0,0.0,0.11000854521989822,0.10608014464378357,1.0611778497695923,0.212253138422966,1.167321801185608
1,1.0159459114074707,0.9418436884880066,0.33579033613204956,0.3422839641571045,0.7675140500068665,0.4117516577243805,0.9319251775741577,0.8510405421257019,0.16216720640659332,0.2814478576183319,0.1640367954969406,0.4128841757774353,0.449057400226593,0.29768022894859314,0.3173084557056427,0.22756962478160858,0.7769649624824524,0.3642124831676483,1.2402793169021606,0.5198630094528198,0.7731342315673828,0.5666972994804382,1.0574767589569092,0.7348705530166626,0.21834170818328857,0.4902055263519287,0.3977905809879303,0.18181325495243073,0.7267911434173584,0.26991990208625793,0.2817765176296234,0.15554562211036682,0.3770650029182434,0.5406648516654968,0.31918302178382874,0.3460800349712372,0.8166370987892151,0.648787260055542,0.7786220908164978,0.9955743551254272,0.3742310404777527,0.6882432699203491,0.5353137850761414,0.6751819849014282,0.3965768814086914,0.5085607171058655,1.029740571975708,0.2432514876127243,0.6627078652381897,0.8821405172348022,0.8796527981758118,1.0175509452819824,0.5876032114028931,1.0383186340332031,0.2183244377374649,0.6291000247001648,0.9144606590270996,0.7000564336776733,0.743766188621521,0.09311889857053757,0.34044891595840454,0.3200538754463196,0.336086243391037,0.24552908539772034
1,0.9411138296127319,0.9279095530509949,0.5524014830589294,0.156698077917099,0.7803083062171936,0.37894830107688904,0.9894474148750305,0.9454730153083801,0.2158033400774002,0.13462868332862854,0.4197903573513031,0.5678536295890808,0.22256872057914734,0.47759848833084106,0.15480318665504456,0.12073899060487747,0.5084871053695679,0.6478675603866577,1.25825834274292,0.7967592477798462,0.9310113787651062,0.5789141654968262,1.287076473236084,0.9109388589859009,0.12261234223842621,0.6414767503738403,0.17423082888126373,0.11415448039770126,0.8099578619003296,0.14278660714626312,0.13837209343910217,0.34842655062675476,0.1838218718767166,0.5332523584365845,0.1618800014257431,0.19300107657909393,0.8156447410583496,0.6493533253669739,0.9474626183509827,1.0182099342346191,0.16877789795398712,0.8956893086433411,0.6443686485290527,0.7163164019584656,0.20715633034706116,0.5108765959739685,1.0331039428710938,0.1201053336262703,0.7121566534042358,1.0529764890670776,0.8131874203681946,1.016680121421814,0.8071097731590271,1.0107308626174927,0.114740751683712,0.7058562636375427,1.0473451614379883,0.7775042653083801,0.730430543422699,0.28686022758483887,0.4462635815143585,0.13631127774715424,0.643349289894104,0.12521983683109283
1,1.0378869771957397,0.9244239926338196,0.3643342852592468,0.08291921764612198,0.8794509768486023,0.38713058829307556,0.8032740354537964,0.7363464832305908,0.2525736093521118,0.049549441784620285,0.4758107662200928,0.42336392402648926,0.1152738407254219,0.45282021164894104,0.0930866226553917,0.018921947106719017,1.0388822555541992,0.3679535388946533,1.2813990116119385,0.6936917901039124,0.5791056156158447,0.611495316028595,1.1877765655517578,0.5743860602378845,0.013705432415008545,0.41515883803367615,0.11885419487953186,0.002712876070290804,0.7719197869300842,0.019716210663318634,0.06235528737306595,0.4648129343986511,0.08061119168996811,0.45812535285949707,0.04923509806394577,0.07597039639949799,0.7867140173912048,0.6943767666816711,0.857416033744812,1.0419570207595825,0.11675690114498138,0.7749776840209961,0.7684680223464966,0.7703836560249329,0.08834975957870483,0.6656238436698914,0.9699515104293823,0.034598689526319504,0.7157531380653381,0.9813736081123352,0.7373701333999634,0.8813287019729614,0.6920003294944763,0.9238805174827576,0.03248322010040283,0.5609061121940613,0.7360303401947021,0.8353627324104309,0.746289074420929,0.27585092186927795,0.6103687286376953,0.09385833144187927,0.5175346732139587,0.03445129469037056
1,0.011453245766460896,0.0,0.25630325078964233,0.07534660398960114,0.08914265036582947,0.4904160499572754,0.0,0.0,0.39936086535453796,0.2336973249912262,0.11275766789913177,0.7645781636238098,0.2191196233034134,0.9696518182754517,0.3291667699813843,0.335489422082901,0.043997783213853836,0.9602465033531189,0.0,0.059730805456638336,0.14037618041038513,0.14400362968444824,0.15532849729061127,0.0,0.23101328313350677,1.1726855039596558,0.2680060565471649,0.09807853400707245,0.007780952379107475,0.1301552653312683,0.2835356891155243,0.7857773303985596,0.1497827023267746,0.04504593089222908,0.13773709535598755,0.06182827055454254,0.0,0.10350005328655243,0.0,0.023966211825609207,0.19072890281677246,0.02348857931792736,0.17442351579666138,0.33002763986587524,0.2361651062965393,0.11733969300985336,0.016873689368367195,0.2060018926858902,0.009635129943490028,0.0,0.0,0.0,0.007497127633541822,0.0,0.2728704810142517,0.004764701705425978,0.0,0.031800393015146255,0.11965017765760422,0.869126558303833,1.0359148979187012,0.20654426515102386,0.8209578990936279,0.12723220884799957
0,0.0,0.0,0.22026300430297852,0.6867711544036865,0.16562967002391815,0.28108328580856323,0.0,0.0,0.29478850960731506,0.8322859406471252,0.14047352969646454,0.7427724599838257,0.919041097164154,0.8947458863258362,0.9832364916801453,0.8313802480697632,0.0,0.7278053760528564,0.005590321496129036,0.0543133020401001,0.04211989417672157,0.06641384959220886,0.37262237071990967,0.0,0.8092149496078491,0.8780529499053955,0.9708980917930603,0.9060352444648743,0.0,1.0487076044082642,0.7623054385185242,0.581652045249939,1.0270906686782837,0.0,0.6101993918418884,1.0596301555633545,0.0,0.04988515377044678,0.0,0.0,0.7485694885253906,0.05663258209824562,0.13575834035873413,0.2607707381248474,1.1498284339904785,0.07710001617670059,0.0,0.8266586065292358,0.0,0.0,0.0,0.0,0.004475565627217293,0.0,0.9113313555717468,0.0,0.0,0.07414840161800385,1.9080382116953842e-05,0.7083602547645569,0.9559028744697571,0.7560573816299438,0.6743797063827515,0.6029981970787048
0,0.004258699715137482,0.10736468434333801,0.1965310126543045,0.26694634556770325,0.06374374777078629,0.22143299877643585,0.0,0.0031231017783284187,0.1877611130475998,0.28790155053138733,0.22352659702301025,0.5582345128059387,0.3145301043987274,0.6154550313949585,0.47678327560424805,0.42844071984291077,0.13316448032855988,0.4479471743106842,0.0,0.1781872659921646,0.08732318878173828,0.1261243373155594,0.07308901101350784,0.006690654903650284,0.5006197094917297,0.5609097480773926,0.1653130054473877,0.28385722637176514,0.1258683055639267,0.14430968463420868,0.4330315589904785,0.4346495568752289,0.17887987196445465,0.08065815269947052,0.37913477420806885,0.32089802622795105,0.0020098350942134857,0.020628629252314568,0.01584150828421116,0.11590173095464706,0.3281116783618927,0.17570103704929352,0.14081893861293793,0.177547886967659,0.3408156931400299,0.10358774662017822,0.005362096708267927,0.24743668735027313,0.04396550729870796,0.03396816551685333,0.06783641129732132,0.03851928934454918,0.010080489329993725,0.0,0.522299587726593,0.05612686648964882,0.028775295242667198,0.00990935880690813,0.04390592873096466,0.4741586148738861,0.4311846196651459,0.30053865909576416,0.5575466752052307,0.4769381582736969
1,0.82794189453125,0.69319748878479,0.15210717916488647,0.14295920729637146,0.5971226096153259,0.21662180125713348,0.49615272879600525,0.445334255695343,0.14477913081645966,0.09686055779457092,0.4584527611732483,0.4490339159965515,0.1782836616039276,0.5811927318572998,0.14658428728580475,0.024010026827454567,0.7864126563072205,0.4393520951271057,1.15531587600708,0.5450993180274963,0.3967546820640564,0.4394649267196655,1.0589087009429932,0.3371035158634186,0.029504358768463135,0.4123835861682892,0.1747930943965912,0.003436328610405326,0.5221427083015442,0.031081702560186386,0.10745727270841599,0.4688459634780884,0.11816882342100143,0.23281696438789368,0.08660569041967392,0.12117838114500046,0.45124417543411255,0.4973663091659546,0.5956640839576721,0.7729312777519226,0.18880611658096313,0.6655279994010925,0.6190407276153564,0.6585503220558167,0.13619597256183624,0.4734238386154175,0.7264788746833801,0.06616251170635223,0.5000691413879395,0.788619339466095,0.37749961018562317,0.5327718257904053,0.4732935130596161,0.731367290019989,0.06634976714849472,0.3231154680252075,0.43755432963371277,0.7222256064414978,0.4146692156791687,0.2695469856262207,0.7438095808029175,0.14769309759140015,0.6873778104782104,0.0552763007581234
1,0.8483511209487915,0.9304101467132568,0.5471875071525574,0.1506868600845337,0.757110059261322,0.5187652111053467,0.9968269467353821,0.8967005014419556,0.2928973436355591,0.12994854152202606,0.4149283468723297,0.7351737022399902,0.21325668692588806,0.4383784234523773,0.14904341101646423,0.11757653951644897,0.5575236678123474,0.6318029165267944,1.086066484451294,0.7163076996803284,0.9144341945648193,0.6091110706329346,1.0212358236312866,0.861691415309906,0.11907188594341278,0.7177246809005737,0.1680493950843811,0.11072948575019836,0.822617769241333,0.13846367597579956,0.13482129573822021,0.3096849322319031,0.17545603215694427,0.6369779109954834,0.15657275915145874,0.18614517152309418,0.8251937031745911,0.6092098355293274,0.7983958721160889,0.9702914953231812,0.16389130055904388,0.7443438768386841,0.6309506297111511,0.6959640383720398,0.20192237198352814,0.5559040904045105,1.0268886089324951,0.11607104539871216,0.7868409752845764,0.9081511497497559,0.8475579619407654,1.056136131286621,0.7192087769508362,0.9193496108055115,0.1110360249876976,0.7685808539390564,0.9837046265602112,0.7189241051673889,0.8189585208892822,0.2876407504081726,0.41682443022727966,0.13246794044971466,0.5655715465545654,0.12105198204517365
1,0.8690375089645386,0.8577467799186707,0.398863822221756,0.025987785309553146,0.6806892156600952,0.30444765090942383,0.7184113264083862,0.6482612490653992,0.24245695769786835,0.0635770931839943,0.4337354600429535,0.3913659453392029,0.09753002226352692,0.41881322860717773,0.11239480972290039,0.10990659892559052,1.000595211982727,0.3415801525115967,1.0876461267471313,0.6945492625236511,0.5091801881790161,0.6328521370887756,1.0654242038726807,0.48900943994522095,0.15395602583885193,0.4220278263092041,0.05345112085342407,0.09533508867025375,0.7477113008499146,0.038918714970350266,0.10157189518213272,0.47253546118736267,0.07610970735549927,0.43133345246315,0.09399145841598511,0.039050329476594925,0.6896828413009644,0.5821853876113892,0.7843867540359497,1.0217373371124268,0.08371126651763916,0.7225399017333984,0.7514336109161377,0.7149027585983276,0.07742257416248322,0.6429983377456665,0.8559166789054871,0.05114936828613281,0.6536377668380737,0.9194999933242798,0.6138889193534851,0.7504908442497253,0.6427351832389832,0.8254098892211914,0.12557770311832428,0.5517097115516663,0.6679832339286804,0.7011265158653259,0.6811095476150513,0.25084951519966125,0.5227035880088806,0.11804671585559845,0.5215660929679871,0.10180429369211197
1,0.9550245404243469,0.9298487305641174,0.34232762455940247,0.5037556290626526,0.7593802809715271,0.3253832161426544,0.9778701066970825,0.8880925178527832,0.09941466897726059,0.40777626633644104,0.05971837416291237,0.37696412205696106,0.6468636989593506,0.26381516456604004,0.4731573164463043,0.3634568452835083,0.686634361743927,0.38098323345184326,1.2395154237747192,0.49057909846305847,0.8002899289131165,0.5262744426727295,1.0490082502365112,0.8220015168190002,0.3678828477859497,0.46818825602531433,0.4904620051383972,0.32543322443962097,0.6925050616264343,0.4428834915161133,0.42402026057243347,0.10643836855888367,0.5510738492012024,0.5633699893951416,0.5018192529678345,0.5433039665222168,0.8597708344459534,0.6583239436149597,0.7791563272476196,0.9341527819633484,0.5371313095092773,0.6723148822784424,0.4381343126296997,0.6706482172012329,0.5885485410690308,0.47321173548698425,1.0144253969192505,0.3694538474082947,0.6549127697944641,0.8685089349746704,0.942816436290741,1.0513054132461548,0.5874493718147278,1.06135094165802,0.3393547534942627,0.700773298740387,0.9719971418380737,0.6115922331809998,0.7848769426345825,0.07491365820169449,0.25045257806777954,0.4583791196346283,0.2754901051521301,0.3760480582714081
1,0.8627734780311584,0.9475955963134766,0.4433598816394806,0.17123502492904663,0.7227973341941833,0.41009968519210815,0.9401087164878845,0.8032727837562561,0.24025140702724457,0.1476687788963318,0.37536418437957764,0.7846608757972717,0.24078750610351562,0.565292239189148,0.168216735124588,0.13360968232154846,0.6612552404403687,0.7016592621803284,1.1964002847671509,0.6459726691246033,0.8857333660125732,0.5817972421646118,1.0632250308990479,0.7316474318504333,0.1354684978723526,0.709659218788147,0.190702423453331,0.12544980645179749,0.7782889008522034,0.15734507143497467,0.153206005692482,0.37129640579223633,0.19880884885787964,0.6201590895652771,0.17842738330364227,0.21097183227539062,0.7081859111785889,0.5776271820068359,0.7026718854904175,0.9509645700454712,0.18624010682106018,0.7667683959007263,0.6006265878677368,0.7398267984390259,0.22913230955600739,0.5561137795448303,1.06209135055542,0.131898894906044,0.7236271500587463,0.8813952803611755,0.717673659324646,0.9184932708740234,0.7098240852355957,0.9618842601776123,0.12617729604244232,0.624355673789978,0.9083173274993896,0.6950607895851135,0.7524988055229187,0.30556008219718933,0.5190860629081726,0.15053175389766693,0.6705078482627869,0.13755907118320465
1,0.2963980436325073,0.27296531200408936,0.5891900658607483,0.10730037093162537,0.464859277009964,0.7054641842842102,0.05987682566046715,0.0,0.6750209331512451,0.06831052154302597,0.8018702268600464,1.2575907707214355,0.048291463404893875,1.5069226026535034,0.03299981355667114,0.0,0.39184650778770447,1.0697804689407349,0.2717994451522827,0.36897146701812744,0.2250094711780548,0.13839231431484222,0.6395220756530762,0.0,0.004570430144667625,0.9502003192901611,0.10041958838701248,0.0,0.083431176841259,0.0,0.04611651599407196,1.307550311088562,0.007449128665030003,0.12318233400583267,0.03121170774102211,0.0,0.0,0.1902443766593933,0.05329491198062897,0.01027210708707571,0.11484061181545258,0.48182010650634766,0.5329420566558838,0.5312511920928955,0.0,0.446496844291687,0.16536103188991547,0.09915664792060852,0.20306998491287231,0.14739055931568146,0.007392711006104946,0.03051878698170185,0.24738676846027374,0.009715183638036251,0.04885280504822731,0.0,0.0,0.5829634070396423,0.3288544714450836,1.2225375175476074,1.6330748796463013,0.10421057045459747,1.1197885274887085,0.05410809814929962
1,1.0467419624328613,0.8962178826332092,0.32304009795188904,0.07161209732294083,0.7373998761177063,0.21560074388980865,0.7503872513771057,0.833126962184906,0.13679732382297516,0.04279273748397827,0.4158116579055786,0.46499931812286377,0.09955473244190216,0.5427730679512024,0.08039300888776779,0.016341688111424446,0.693240225315094,0.618718147277832,1.4408763647079468,0.741253674030304,0.7216863632202148,0.5665975213050842,1.4277739524841309,0.6614862084388733,0.011836505495011806,0.6526264548301697,0.10264682024717331,0.0023429514840245247,0.6611279845237732,0.01702764816582203,0.05385229364037514,0.37955015897750854,0.06961879879236221,0.31407561898231506,0.04252126067876816,0.0656108558177948,0.6870286464691162,0.6467077732086182,0.9360783100128174,1.0272427797317505,0.10083553940057755,0.890651285648346,0.7488805651664734,0.7148160934448242,0.07630211859941483,0.5301587581634521,0.9080419540405273,0.029880696907639503,0.6212670803070068,1.0404057502746582,0.6472108960151672,0.8708265423774719,0.7160201668739319,1.0244766473770142,0.028053689748048782,0.5389309525489807,0.8362531661987305,0.7773149609565735,0.5646240711212158,0.2650673985481262,0.5797531604766846,0.08105950057506561,0.7521288394927979,0.02975340560078621
1,1.2246224880218506,0.9940245747566223,0.43873339891433716,0.0,0.8945456743240356,0.4154711961746216,1.0494335889816284,0.9443022012710571,0.282266765832901,0.0400983989238739,0.3295917510986328,0.4294233024120331,0.13214710354804993,0.3767983913421631,0.14013734459877014,0.03147559240460396,0.9755058884620667,0.3571522533893585,1.4151220321655273,0.7199112772941589,0.7323415875434875,0.6563365459442139,1.2194342613220215,0.7952072024345398,0.07811641693115234,0.5163318514823914,0.19644124805927277,0.026798220351338387,0.8804059624671936,0.027325952425599098,0.0,0.33304211497306824,0.014934075996279716,0.6384087204933167,0.029917189851403236,0.1270260065793991,1.029647946357727,0.775420069694519,0.9127146005630493,1.2330446243286133,0.05307697132229805,0.7494865655899048,0.7040513753890991,0.8154527544975281,0.14604604244232178,0.6252401471138,1.128675937652588,0.0,0.8617711663246155,1.138730525970459,0.9195272326469421,1.0752185583114624,0.7459537982940674,1.0898345708847046,0.004663354717195034,0.8437347412109375,0.9893544912338257,0.6944062113761902,0.876808226108551,0.21157041192054749,0.36079856753349304,0.04147888347506523,0.39765143394470215,0.0
1,0.9727023243904114,1.0571025609970093,0.7421109676361084,0.01957271620631218,0.6486104130744934,0.21078944206237793,0.9805389642715454,1.225731611251831,0.5873790979385376,0.01980310119688511,0.8768196105957031,0.4651772379875183,0.016583576798439026,0.3000503182411194,0.0171559639275074,0.03876591473817825,0.46539387106895447,0.7090968489646912,1.4382866621017456,1.0787304639816284,1.2700674533843994,0.6268349885940552,1.2687623500823975,1.0379457473754883,0.0,0.562671959400177,0.009639712050557137,0.050819020718336105,0.761595606803894,0.0,0.05901306867599487,0.3451302647590637,0.0,0.44932499527931213,0.0,0.058782078325748444,0.7366153001785278,0.8348000645637512,1.1884536743164062,0.8608935475349426,0.0035739592276513577,1.5873181819915771,0.8243769407272339,0.3663107454776764,0.0277369674295187,0.5026887059211731,0.8911353349685669,0.032062288373708725,0.7030797004699707,1.256073236465454,0.8897972106933594,0.956688404083252,1.152557373046875,1.3490952253341675,0.037008531391620636,0.963475227355957,1.268532633781433,0.8191806674003601,0.5064412951469421,0.3066173195838928,0.21728472411632538,0.017330415546894073,0.5846408605575562,0.034285109490156174
1,0.9331235885620117,0.9853412508964539,0.7723326086997986,0.00978635810315609,0.5907554626464844,0.20138224959373474,0.9311648607254028,1.153756856918335,0.6460162401199341,0.011019371449947357,0.9186027646064758,0.5387583374977112,0.008621220476925373,0.47751083970069885,0.012348650023341179,0.019382957369089127,0.41538411378860474,0.8159412145614624,1.3558284044265747,1.0613560676574707,1.2701236009597778,0.6262332797050476,1.1285996437072754,0.9597169160842896,0.0,0.7006843090057373,0.00481985229998827,0.029266078025102615,0.7433301210403442,0.0,0.03217587247490883,0.377880722284317,0.0,0.49981969594955444,0.0,0.051550041884183884,0.6377466917037964,0.8380600810050964,1.0974773168563843,0.7604731321334839,0.006191194988787174,1.5208207368850708,0.7761365175247192,0.35629788041114807,0.029325271025300026,0.5024322271347046,0.831294059753418,0.01703328639268875,0.660933792591095,1.1498397588729858,0.8327401280403137,0.8861082792282104,1.1207597255706787,1.2847049236297607,0.018504265695810318,0.9300066232681274,1.2095324993133545,0.7485370635986328,0.4529520869255066,0.45041972398757935,0.31692224740982056,0.010694155469536781,0.7053728103637695,0.017142554745078087
1,0.8765467405319214,0.8622952699661255,0.3969585597515106,0.21052591502666473,0.607709527015686,0.32561081647872925,0.8973670601844788,0.7542012929916382,0.19776059687137604,0.18813812732696533,0.2619713544845581,0.4626919627189636,0.3230709433555603,0.39455437660217285,0.22074244916439056,0.1547059863805771,0.7818474769592285,0.3649705946445465,1.081298828125,0.5638775825500488,0.673616886138916,0.553739607334137,0.9099413156509399,0.6651532053947449,0.16027125716209412,0.5127037167549133,0.28424063324928284,0.1448187232017517,0.7044675946235657,0.18218903243541718,0.18643343448638916,0.263014554977417,0.25421059131622314,0.6199132800102234,0.21297839283943176,0.26678529381752014,0.7540188431739807,0.5676234364509583,0.6538700461387634,0.9882030487060547,0.25577008724212646,0.5827851295471191,0.5048174262046814,0.6628813743591309,0.2982996702194214,0.49132758378982544,0.9716986417770386,0.15272504091262817,0.6597840189933777,0.8431499600410461,0.7296530604362488,0.8661248087882996,0.5823044180870056,0.9335764646530151,0.15122736990451813,0.6206561923027039,0.7958570122718811,0.636766254901886,0.7346226572990417,0.19831107556819916,0.4444320499897003,0.19941680133342743,0.4276886582374573,0.15927892923355103
1,0.21568024158477783,0.11117187887430191,0.2568684220314026,0.693023681640625,0.22616390883922577,0.4211646318435669,0.0,0.0,0.29172876477241516,0.5578325390815735,0.40282562375068665,0.6717104911804199,0.6742880940437317,0.8710460066795349,0.5077088475227356,0.2279074639081955,0.1546909213066101,0.6413418650627136,0.21091163158416748,0.24446351826190948,0.1720384806394577,0.08768382668495178,0.27963075041770935,0.0,0.21657435595989227,0.5296196937561035,0.5331948399543762,0.11321166902780533,0.027072960510849953,0.24571074545383453,0.45537039637565613,0.7119417786598206,0.4654911458492279,0.0704619511961937,0.45175227522850037,0.412077397108078,0.0,0.08354690670967102,0.006190260872244835,0.02026134729385376,0.700892448425293,0.2760910987854004,0.2261093109846115,0.30634480714797974,0.4755373001098633,0.24312865734100342,0.1161038875579834,0.501530110836029,0.08858752250671387,0.10201075673103333,0.0,0.0,0.09601960331201553,0.0022465912625193596,0.3396855294704437,0.0,0.0,0.43717849254608154,0.11761157959699631,0.5803000330924988,0.9301607608795166,0.6342478394508362,0.7185757756233215,0.4506983458995819
1,0.9939041137695312,0.9245736598968506,0.36291438341140747,0.0,0.868894636631012,0.37071144580841064,0.7877001166343689,0.6789987087249756,0.3017273247241974,0.0,0.56941819190979,0.6742194890975952,0.0,0.6852502226829529,0.0,0.0,0.9733507037162781,0.6385895013809204,1.3665664196014404,0.7689868807792664,0.6409504413604736,0.6340002417564392,1.3476507663726807,0.5545876622200012,0.0,0.5661235451698303,0.0,0.0,0.80060213804245,0.0,0.0,0.6366133093833923,0.0,0.41143178939819336,0.0,0.0,0.6743878722190857,0.6830807328224182,0.8419836163520813,1.0365427732467651,0.0,0.8864232897758484,0.8147399425506592,0.8854585289955139,0.0,0.6900559067726135,0.9800768494606018,0.0,0.7327640056610107,1.0276169776916504,0.6053466200828552,0.8044933676719666,0.7571943402290344,0.9228134155273438,0.0,0.5076385736465454,0.7503963112831116,0.8378838896751404,0.6953589916229248,0.39716464281082153,0.7907345294952393,0.0,0.8302646279335022,0.0
1,1.0232285261154175,1.0140929222106934,0.46152931451797485,0.1805131584405899,0.7441039681434631,0.38713252544403076,1.0348949432373047,0.9190536737442017,0.22568799555301666,0.151207834482193,0.3199126720428467,0.3975242078304291,0.26397770643234253,0.3366933763027191,0.18941327929496765,0.1278005987405777,0.8968666195869446,0.32769614458084106,1.2404552698135376,0.6748991012573242,0.7734641432762146,0.6124817728996277,1.0578571557998657,0.8180580735206604,0.13147760927677155,0.5195255875587463,0.2315245121717453,0.11963284760713577,0.8172685503959656,0.1505039930343628,0.15586857497692108,0.277925044298172,0.20631860196590424,0.6743631958961487,0.1742555946111679,0.21922168135643005,0.9287444353103638,0.7053908705711365,0.8463975787162781,1.1218547821044922,0.22043190896511078,0.6743060350418091,0.6379334926605225,0.7224015593528748,0.24430397152900696,0.606636643409729,1.074249029159546,0.1262666881084442,0.7777926325798035,0.9730353355407715,0.9133330583572388,1.043542742729187,0.7195290923118591,1.0811940431594849,0.12568645179271698,0.7517343759536743,0.9596716165542603,0.7413652539253235,0.8997421860694885,0.17260301113128662,0.4105778932571411,0.17202648520469666,0.3772854208946228,0.1315782517194748
1,0.7490615844726562,0.6471763849258423,0.13845212757587433,0.6626995801925659,0.5076583623886108,0.2667180895805359,0.5745785236358643,0.4999939203262329,0.05255803093314171,0.5519595742225647,0.14913055300712585,0.3376987874507904,0.7951308488845825,0.3918496072292328,0.585302472114563,0.4720870554447174,0.5529670119285583,0.32435423135757446,1.0017104148864746,0.34278425574302673,0.47791725397109985,0.38452184200286865,0.8950670957565308,0.45765477418899536,0.44936639070510864,0.3444848358631134,0.6483803391456604,0.39435431361198425,0.47224417328834534,0.5674548745155334,0.5450724363327026,0.16755083203315735,0.6916647553443909,0.31297752261161804,0.6346756815910339,0.6692967414855957,0.49195921421051025,0.4107763171195984,0.5331650376319885,0.6910332441329956,0.6889784932136536,0.5117096900939941,0.3739493489265442,0.539270281791687,0.7410318851470947,0.32452940940856934,0.7312502264976501,0.49091365933418274,0.41764312982559204,0.6513031125068665,0.5102983713150024,0.6347720623016357,0.32358843088150024,0.7310174107551575,0.44140902161598206,0.3512915372848511,0.5464507341384888,0.5241431593894958,0.43777352571487427,0.10401429235935211,0.40750259160995483,0.5924860835075378,0.3953843414783478,0.48169559240341187
0,0.07779208570718765,0.05098739638924599,0.2870306968688965,1.0458347797393799,0.19354693591594696,0.3155507445335388,0.0,0.0,0.32633888721466064,1.171852946281433,0.30406326055526733,0.6215094923973083,1.1499732732772827,0.7885785698890686,0.9423866271972656,1.0144073963165283,0.14814484119415283,0.57991623878479,0.055312685668468475,0.15826179087162018,0.12475749850273132,0.06948914378881454,0.2753305733203888,0.0,0.9956058263778687,0.5362745523452759,0.8250309228897095,0.9040507674217224,0.0,0.9754079580307007,1.0679113864898682,0.647320032119751,1.0096524953842163,0.05954134836792946,0.999585747718811,1.0136789083480835,0.0,0.0699264407157898,0.0,0.0,1.0849714279174805,0.19144675135612488,0.19794116914272308,0.2559242248535156,0.9894760847091675,0.18492834270000458,0.05360497161746025,1.0688385963439941,0.014075072482228279,0.025211593136191368,0.0,0.0,0.07464896887540817,0.0,1.044325828552246,0.0,0.0,0.20207929611206055,0.13807865977287292,0.6219052076339722,0.8269333839416504,1.190230369567871,0.588411271572113,1.134629726409912
0,0.008094130083918571,0.015694433823227882,0.17651934921741486,1.7723324298858643,0.12412702292203903,0.244264155626297,0.0,0.0,0.21867752075195312,1.5800411701202393,0.22555230557918549,0.485462486743927,1.980993390083313,0.6183120012283325,1.539110541343689,1.3881398439407349,0.04525918886065483,0.4702128469944,0.028780842199921608,0.09754269570112228,0.09517870098352432,0.03845013305544853,0.2284737080335617,0.0,1.2815179824829102,0.47734376788139343,1.4442933797836304,1.3590229749679565,0.0,1.6996859312057495,1.5335334539413452,0.4014597535133362,1.7959197759628296,0.029496148228645325,1.5556222200393677,1.8628110885620117,0.0,0.03211507946252823,0.0,0.0,1.8065193891525269,0.14597849547863007,0.12568390369415283,0.20333750545978546,1.857195258140564,0.10026540607213974,0.031720120459795,1.5470454692840576,0.0,0.0009597514290362597,0.0,0.0,0.04022454470396042,0.0,1.360487699508667,0.0,0.0,0.09343704581260681,0.0686308816075325,0.4537517726421356,0.6271033883094788,1.6101024150848389,0.45860788226127625,1.476416826248169
0,0.0,0.0,0.0,0.7502685189247131,0.03300253301858902,0.1289258450269699,0.0,0.0,0.0,1.155197262763977,0.0,0.24307791888713837,1.1995267868041992,0.2811413109302521,1.18547523021698,1.0986090898513794,0.0,0.2510431110858917,0.0,0.0,0.0,0.04694867134094238,0.027752742171287537,0.0,0.9119775891304016,0.34268081188201904,1.0040532350540161,0.999025821685791,0.0,1.162230372428894,0.9676830172538757,0.262908935546875,1.1927522420883179,0.0,0.7190191745758057,1.0955849885940552,0.0,0.0,0.0,0.0,0.8686172366142273,0.0,0.0,0.10554478317499161,1.283435344696045,0.0,0.0,0.9965108036994934,0.0,0.0,0.0,0.0,0.0,0.0,1.0550589561462402,0.0,0.0,0.0,0.0,0.15249501168727875,0.2774808704853058,1.0687309503555298,0.2936455011367798,0.855559766292572
1,0.6413724422454834,0.6688125729560852,0.35068413615226746,0.42321985960006714,0.8078169226646423,0.5942906737327576,0.4794909656047821,0.36930298805236816,0.4443189799785614,0.538170337677002,0.43055540323257446,0.9130033254623413,0.7001052498817444,0.816978394985199,0.5193162560462952,0.5643650889396667,0.8000388145446777,0.5304079055786133,0.7734342217445374,0.5125736594200134,0.4624383747577667,0.47564226388931274,0.8961682319641113,0.3266350328922272,0.5384376049041748,0.4472712278366089,0.4901822507381439,0.5176637768745422,0.6279803514480591,0.6132227778434753,0.5632507801055908,0.4771246016025543,0.5664122104644775,0.49483636021614075,0.4817385971546173,0.5449711680412292,0.47068679332733154,0.5115578174591064,0.43135491013526917,0.7582694888114929,0.545430064201355,0.5357522368431091,0.6643796563148499,0.7189192175865173,0.5966953039169312,0.5115121603012085,0.7528676986694336,0.4827432632446289,0.5264903903007507,0.6341466903686523,0.4641696512699127,0.6567354202270508,0.4186204969882965,0.5680994391441345,0.5205771923065186,0.4099236726760864,0.4484877288341522,0.5001499652862549,0.5860311388969421,0.5907256007194519,0.5627718567848206,0.5052148699760437,0.5452810525894165,0.5037012100219727
1,1.0376147031784058,0.9408294558525085,0.3697132170200348,0.30657488107681274,0.7941000461578369,0.41432276368141174,0.9497631788253784,0.8963412642478943,0.16889189183712006,0.2614039480686188,0.186406672000885,0.33800527453422546,0.412134051322937,0.284832239151001,0.2955699861049652,0.2120474874973297,0.800277054309845,0.3377339243888855,1.2649632692337036,0.568859338760376,0.7455088496208191,0.5721457600593567,1.1089651584625244,0.7698664665222168,0.21071068942546844,0.47008538246154785,0.3646458387374878,0.1726752519607544,0.72528076171875,0.2475898563861847,0.26167717576026917,0.1884823739528656,0.35523468255996704,0.5114786028862,0.28915539383888245,0.3316475749015808,0.8790602684020996,0.6975156664848328,0.850339412689209,1.0284221172332764,0.3457547128200531,0.70644211769104,0.5681541562080383,0.671064019203186,0.369530588388443,0.5233141183853149,1.0159306526184082,0.22792094945907593,0.677955687046051,0.941336989402771,0.9132319688796997,1.0282020568847656,0.6332622766494751,1.0447689294815063,0.2074153572320938,0.6719306111335754,0.9233402609825134,0.7129772901535034,0.771590530872345,0.12032370269298553,0.357255756855011,0.29139137268066406,0.3350997865200043,0.23198799788951874
1,0.8279420137405396,0.6931976079940796,0.15210723876953125,0.14295922219753265,0.597122848033905,0.2166220098733902,0.49615272879600525,0.4453343451023102,0.14477920532226562,0.09686056524515152,0.4584527313709259,0.44903406500816345,0.17828361690044403,0.5811925530433655,0.14658428728580475,0.024010026827454567,0.7864129543304443,0.4393520653247833,1.1553161144256592,0.5450994372367859,0.39675480127334595,0.4394649565219879,1.0589087009429932,0.33710357546806335,0.029504379257559776,0.4123835861682892,0.1747930645942688,0.003436315804719925,0.5221428275108337,0.031081698834896088,0.10745729506015778,0.46884599328041077,0.11816880851984024,0.23281708359718323,0.08660569041967392,0.12117839604616165,0.4512443542480469,0.49736645817756653,0.5956642031669617,0.7729314565658569,0.18880611658096313,0.6655280590057373,0.6190409064292908,0.6585503816604614,0.13619597256183624,0.47342386841773987,0.7264789342880249,0.06616251915693283,0.500069260597229,0.788619339466095,0.37749966979026794,0.5327720046043396,0.47329363226890564,0.731367290019989,0.06634978204965591,0.32311561703681946,0.4375545084476471,0.722225546836853,0.414669394493103,0.2695469260215759,0.7438095211982727,0.14769309759140015,0.6873776912689209,0.055276282131671906
1,1.073979377746582,1.0189926624298096,0.44676899909973145,0.25557973980903625,0.9950283169746399,0.5163576006889343,0.9585712552070618,0.8552345037460327,0.3122134804725647,0.20473632216453552,0.3623414933681488,0.493456095457077,0.3257233500480652,0.424299955368042,0.23948387801647186,0.18369483947753906,1.0281113386154175,0.34674158692359924,1.2807798385620117,0.7447406649589539,0.7199105620384216,0.6648113131523132,1.232131004333496,0.7444265484809875,0.18611134588718414,0.446806401014328,0.2487671673297882,0.16317515075206757,0.9010344743728638,0.22395552694797516,0.2162562906742096,0.369953453540802,0.28071358799934387,0.6323642134666443,0.2570253610610962,0.2727437913417816,0.9240005612373352,0.7943636178970337,0.9204832911491394,1.1656920909881592,0.27458569407463074,0.7594621181488037,0.7675027251243591,0.8501099944114685,0.2960909605026245,0.669948935508728,1.0682930946350098,0.18575701117515564,0.7865375876426697,1.0125483274459839,0.9296709299087524,1.099005103111267,0.7525579333305359,1.0301436185836792,0.17080260813236237,0.7030340433120728,0.942196249961853,0.7600714564323425,0.9129465222358704,0.2469823807477951,0.4307933449745178,0.2325039952993393,0.416125625371933,0.18948136270046234
1,0.6820533275604248,0.7674285173416138,0.44379815459251404,0.358778178691864,0.6357859373092651,0.4898240268230438,0.736859142780304,0.5899742841720581,0.35891008377075195,0.3094012439250946,0.293562650680542,0.7339069247245789,0.5076107382774353,0.5096102952957153,0.3576256036758423,0.27994415163993835,0.7770167589187622,0.3791968822479248,0.7990645170211792,0.5164475440979004,0.6105834245681763,0.5552184581756592,0.7062421441078186,0.5131005644798279,0.29413723945617676,0.5920899510383606,0.4046916961669922,0.26350030303001404,0.701077938079834,0.3296754062175751,0.32100310921669006,0.29407161474227905,0.4258597791194916,0.6825768351554871,0.38011765480041504,0.4398866295814514,0.6520376801490784,0.5186594724655151,0.4433467388153076,0.8646485209465027,0.3902173638343811,0.448452353477478,0.5081934928894043,0.6331616640090942,0.48599401116371155,0.5102909803390503,0.8919737935066223,0.2763596177101135,0.6002056002616882,0.6637912392616272,0.6513460874557495,0.7960423231124878,0.47214698791503906,0.7434304356575012,0.26437148451805115,0.5637165904045105,0.638365626335144,0.50816410779953,0.7245125770568848,0.37417227029800415,0.481804758310318,0.31896576285362244,0.41417381167411804,0.28821900486946106
1,1.0906622409820557,1.0604705810546875,0.5124213695526123,0.1564512401819229,0.867786705493927,0.3990057110786438,1.0720984935760498,0.9757449626922607,0.2892276644706726,0.13395072519779205,0.4464496076107025,0.4844038784503937,0.2232174575328827,0.4720108211040497,0.15394718945026398,0.11913596838712692,0.7901192903518677,0.488176167011261,1.4151217937469482,0.8268376588821411,0.8608442544937134,0.6155176758766174,1.3290953636169434,0.8836577534675598,0.12235730141401291,0.530178964138031,0.17329034209251404,0.11143530905246735,0.8491535186767578,0.14145149290561676,0.13646428287029266,0.42011526226997375,0.18817223608493805,0.5639782547950745,0.16203023493289948,0.19156387448310852,0.8870671987533569,0.7761507034301758,0.9971913695335388,1.1110444068908691,0.16698510944843292,0.9006724953651428,0.6815446019172668,0.8033398985862732,0.20652136206626892,0.6410539150238037,1.1203150749206543,0.11936501413583755,0.7840772271156311,1.1090507507324219,0.9006158113479614,1.0456130504608154,0.8922411203384399,1.1411794424057007,0.11388986557722092,0.731522262096405,1.0645066499710083,0.8590046167373657,0.860019326210022,0.3146546483039856,0.5503130555152893,0.13476403057575226,0.5941500067710876,0.12441123276948929
1,0.5371907949447632,0.39960774779319763,0.40499845147132874,0.0,0.632236659526825,0.49741849303245544,0.06137554720044136,0.1961558610200882,0.7519304156303406,0.0,0.6848919987678528,1.3306928873062134,0.0,1.5197499990463257,0.0,0.0,0.2938369810581207,1.3043062686920166,0.8098692297935486,0.7523019909858704,0.7423100471496582,0.4097677767276764,1.224694848060608,0.09214767068624496,0.0,1.2361208200454712,0.0,0.0,0.17965348064899445,0.0,0.0,1.0978449583053589,0.0,0.11781568080186844,0.0,0.0,0.025510430335998535,0.30702731013298035,0.2751503884792328,0.5155887007713318,0.0,0.7138362526893616,0.759334146976471,0.6540972590446472,0.0,0.46663323044776917,0.48290562629699707,0.0,0.2861737310886383,0.545579731464386,0.0,0.09662378579378128,0.5412679314613342,0.37057265639305115,0.0,0.03845919296145439,0.19089680910110474,0.5899615287780762,0.19128556549549103,1.147637128829956,1.6545562744140625,0.0,1.6518617868423462,0.0
1,1.0693434476852417,0.9873742461204529,0.4449865520000458,0.16546472907066345,0.7035894989967346,0.2716227173805237,1.0327999591827393,1.0409859418869019,0.12326355278491974,0.13826091587543488,0.3078547716140747,0.3185124397277832,0.24621286988258362,0.38267919421195984,0.17475643754005432,0.11609519273042679,0.6321675777435303,0.5129562616348267,1.4182782173156738,0.7471713423728943,0.8902960419654846,0.5780895352363586,1.3013488054275513,0.9378081560134888,0.12081623077392578,0.6200129389762878,0.21271826326847076,0.10983853787183762,0.7414214015007019,0.13729482889175415,0.14129795134067535,0.2419973760843277,0.19335979223251343,0.49003249406814575,0.16189171373844147,0.20126260817050934,0.883790910243988,0.7047986388206482,1.0066196918487549,1.0957677364349365,0.19969609379768372,0.884722113609314,0.6043627262115479,0.6662601232528687,0.22388754785060883,0.524378776550293,1.0471851825714111,0.11557658761739731,0.6845656037330627,1.0804541110992432,0.8977216482162476,1.0362153053283691,0.7885265946388245,1.1775600910186768,0.11474642157554626,0.7395089864730835,1.0722098350524902,0.7616206407546997,0.7409606575965881,0.16273964941501617,0.41889649629592896,0.15587280690670013,0.5328976511955261,0.12040369212627411
1,0.6129150390625,0.6304962038993835,0.35030871629714966,0.16928866505622864,0.7444484233856201,0.5387463569641113,0.482695072889328,0.33066123723983765,0.4195721745491028,0.3512585759162903,0.41811394691467285,0.9372125267982483,0.3530004024505615,0.8147579431533813,0.42029085755348206,0.32270750403404236,0.8459764122962952,0.5307390689849854,0.7156661748886108,0.47046706080436707,0.4314255714416504,0.48578140139579773,0.7605246901512146,0.269080251455307,0.4015849530696869,0.4385383427143097,0.3624299466609955,0.24102017283439636,0.5902944803237915,0.32421761751174927,0.32548877596855164,0.48697975277900696,0.33888956904411316,0.5166173577308655,0.27773797512054443,0.27502796053886414,0.4296471178531647,0.4930884838104248,0.36809203028678894,0.6945357918739319,0.23560215532779694,0.5175521373748779,0.6194998621940613,0.7088450193405151,0.4389530420303345,0.5567050576210022,0.7135953307151794,0.2781188189983368,0.5136070251464844,0.5865811705589294,0.45619285106658936,0.6025089025497437,0.3784524202346802,0.5219271779060364,0.37980321049690247,0.40566688776016235,0.40662074089050293,0.4841667115688324,0.6020506024360657,0.5734754800796509,0.55936598777771,0.3084438741207123,0.5412079691886902,0.18684042990207672
1,0.6870155334472656,0.6995567679405212,0.3527401089668274,0.38354718685150146,0.846865713596344,0.6748321056365967,0.4670455753803253,0.38555288314819336,0.4799039959907532,0.3067700266838074,0.4666111171245575,0.9465305805206299,0.47835516929626465,0.891998291015625,0.35362744331359863,0.27291202545166016,0.8079692721366882,0.5656790137290955,0.8674839735031128,0.5556021332740784,0.49551132321357727,0.48106807470321655,0.9708616733551025,0.34727704524993896,0.27613934874534607,0.47666800022125244,0.36914151906967163,0.23505602777004242,0.6304427981376648,0.3316118121147156,0.32349613308906555,0.5007556676864624,0.4212942123413086,0.4986971914768219,0.40221503376960754,0.4023858904838562,0.458773136138916,0.5376178026199341,0.4645678400993347,0.7588194012641907,0.41100502014160156,0.5715712308883667,0.689500629901886,0.7276903986930847,0.4398958384990692,0.5431915521621704,0.7680169939994812,0.27610334753990173,0.516584038734436,0.6514849066734314,0.4784683287143707,0.6753911375999451,0.4346373379230499,0.5860849618911743,0.25323453545570374,0.3815633952617645,0.4687536060810089,0.5610765218734741,0.6017529368400574,0.627333402633667,0.6604977250099182,0.3468461334705353,0.5897258520126343,0.2752949893474579
1,1.0032751560211182,1.018920660018921,0.48092952370643616,0.15067122876644135,0.8011717200279236,0.37220683693885803,1.02803373336792,0.89847332239151,0.25914040207862854,0.12945061922073364,0.41513681411743164,0.5671737790107727,0.21512620151042938,0.508466362953186,0.14856208860874176,0.1160951778292656,0.7995878458023071,0.5177138447761536,1.3215872049331665,0.7714852690696716,0.8292516469955444,0.611937940120697,1.2250157594680786,0.8219730854034424,0.11927131563425064,0.5782599449157715,0.16904932260513306,0.10983853787183762,0.8307129144668579,0.13729481399059296,0.1330500692129135,0.40642350912094116,0.17858529090881348,0.6035295724868774,0.15914592146873474,0.18537935614585876,0.8422822952270508,0.7315476536750793,0.8873522877693176,1.077265977859497,0.16228646039962769,0.8152245879173279,0.6703215837478638,0.8005011677742004,0.2013787180185318,0.6243458986282349,1.087217926979065,0.11548590660095215,0.7793279886245728,1.0305544137954712,0.8517116904258728,1.0042532682418823,0.8100276589393616,1.0880448818206787,0.11032764613628387,0.7207731604576111,0.9953252077102661,0.790296196937561,0.8440859913825989,0.2904157042503357,0.5380977392196655,0.13106854259967804,0.6054025292396545,0.12040369212627411
0,0.18600215017795563,0.0,0.0,1.4030060768127441,0.04045570269227028,0.09540753066539764,0.0,0.0,0.0,1.2271156311035156,0.0285002663731575,0.20659740269184113,1.567028284072876,0.39692386984825134,1.1225764751434326,0.8609724640846252,0.010225079022347927,0.33800044655799866,0.1330403983592987,0.004859280306845903,0.0,0.06279382109642029,0.16303515434265137,0.0,0.788461446762085,0.33404332399368286,1.1579759120941162,0.6819056272506714,0.0,1.0048198699951172,1.1112631559371948,0.27657562494277954,1.2532031536102295,0.0,1.1722056865692139,1.2772005796432495,0.0,0.0,0.0,0.04716872796416283,1.4244917631149292,0.017919884994626045,0.0,0.147305428981781,1.374952793121338,0.0038432516157627106,0.0054370141588151455,1.1001275777816772,0.0,0.05055158957839012,0.0,0.0,0.0,0.0,0.8789462447166443,0.0,0.0,0.1571759432554245,0.0,0.13281388580799103,0.556526243686676,1.2189514636993408,0.42981842160224915,0.9922231435775757
1,0.7860799431800842,0.9721517562866211,0.5045728087425232,0.17123502492904663,0.7499324679374695,0.576278805732727,0.9681739807128906,0.7643258571624756,0.3932405710220337,0.1476687788963318,0.4111344516277313,0.9529929757118225,0.24233712255954742,0.5572404861450195,0.1693674921989441,0.13360968232154846,0.7608139514923096,0.6826296448707581,1.0142836570739746,0.6413629651069641,0.8898783326148987,0.6083716750144958,0.8479598760604858,0.702167809009552,0.13530896604061127,0.7271677851676941,0.1909652203321457,0.12582893669605255,0.8365747928619385,0.15734507143497467,0.153206005692482,0.40487366914749146,0.19938182830810547,0.7617754340171814,0.1779235452413559,0.21152858436107635,0.719845712184906,0.5847777724266052,0.6170294284820557,0.9207006692886353,0.18624010682106018,0.6601490378379822,0.6151912808418274,0.7444337606430054,0.229457288980484,0.645570695400238,1.0721416473388672,0.131898894906044,0.7828285694122314,0.756327211856842,0.786241888999939,0.9629531502723694,0.674041748046875,0.8889579176902771,0.12617729604244232,0.7131652235984802,0.880382776260376,0.6808160543441772,0.8691659569740295,0.3633924424648285,0.5034573078155518,0.15053175389766693,0.5540024042129517,0.13755907118320465
1,1.0437229871749878,1.0631489753723145,0.5422124862670898,0.1712350696325302,0.8954570889472961,0.45948532223701477,1.0285084247589111,0.9655576348304749,0.3609791696071625,0.1476687788963318,0.5106914043426514,0.7568528652191162,0.2392379194498062,0.548868715763092,0.1670660376548767,0.13360971212387085,0.6407662034034729,0.6330390572547913,1.3665763139724731,0.8386805057525635,0.9956044554710388,0.6150041818618774,1.3142279386520386,0.8738855123519897,0.13562804460525513,0.7043813467025757,0.1904395967721939,0.1250707060098648,0.8869766592979431,0.15734507143497467,0.15320605039596558,0.3607604503631592,0.19823594391345978,0.6548948884010315,0.17893126606941223,0.21041513979434967,0.8016796708106995,0.7484830617904663,0.9192761778831482,1.1100101470947266,0.18624013662338257,0.8819171786308289,0.7475703954696655,0.8085483908653259,0.22880731523036957,0.6083391308784485,1.1496586799621582,0.1318989247083664,0.785645067691803,1.0642483234405518,0.8424473404884338,1.092366099357605,0.8639480471611023,1.0984166860580444,0.12617729604244232,0.7568519115447998,1.082455039024353,0.8226695656776428,0.7875421643257141,0.30312928557395935,0.4723658263683319,0.15053175389766693,0.6804492473602295,0.13755907118320465
0,0.23497812449932098,0.25852665305137634,0.28847211599349976,0.3587076663970947,0.0993310958147049,0.07900995016098022,0.1300337016582489,0.18630370497703552,0.13869354128837585,0.4579832851886749,0.25084641575813293,0.2181205302476883,0.5501431226730347,0.16720712184906006,0.48774877190589905,0.4662306606769562,0.18258698284626007,0.18445076048374176,0.24501004815101624,0.24167151749134064,0.16751064360141754,0.12068972736597061,0.3244353234767914,0.23664821684360504,0.4663664996623993,0.1645197868347168,0.3900361955165863,0.3990655243396759,0.23207645118236542,0.29491695761680603,0.5409015417098999,0.2519395351409912,0.33357343077659607,0.0910254493355751,0.4125158488750458,0.34682926535606384,0.24943463504314423,0.09981740266084671,0.2542625069618225,0.3674991726875305,0.3602868914604187,0.3714309334754944,0.28341254591941833,0.10526333749294281,0.4265781342983246,0.1505717784166336,0.1817636340856552,0.38698190450668335,0.20206665992736816,0.4150868356227875,0.11200200766324997,0.1987927109003067,0.14705955982208252,0.22885753214359283,0.5215114951133728,0.19311591982841492,0.18954896926879883,0.18698421120643616,0.12876452505588531,0.14410662651062012,0.0905645564198494,0.48208948969841003,0.3132331967353821,0.4911218583583832
1,1.0339256525039673,0.9591628909111023,0.4972755014896393,0.08291926980018616,1.0093655586242676,0.6063206791877747,0.839235782623291,0.73382169008255,0.44176965951919556,0.04954947903752327,0.52135169506073,0.6096351742744446,0.11527389287948608,0.4996808171272278,0.09308663010597229,0.018921956419944763,1.1061315536499023,0.37535354495048523,1.1295675039291382,0.7555205225944519,0.6570236682891846,0.6782777309417725,1.0677319765090942,0.5525400638580322,0.013705432415008545,0.4322035014629364,0.11885422468185425,0.0027128809597343206,0.8872621655464172,0.019716231152415276,0.06235530972480774,0.5130038261413574,0.0806112065911293,0.6337573528289795,0.049235135316848755,0.07597044855356216,0.8042457103729248,0.7509534955024719,0.8410491347312927,1.0846177339553833,0.11675693839788437,0.7077846527099609,0.8549320697784424,0.8025109767913818,0.08834979683160782,0.7771202325820923,1.0156323909759521,0.0345987007021904,0.812026858329773,0.8870940208435059,0.8217487931251526,0.9904870390892029,0.7396593689918518,0.8464646339416504,0.032483238726854324,0.6444500088691711,0.7696818113327026,0.8401250243186951,0.8881940245628357,0.44036418199539185,0.5805433392524719,0.09385836124420166,0.43245431780815125,0.03445130214095116
1,1.0339257717132568,0.9591630697250366,0.49727556109428406,0.08291926980018616,1.009365439414978,0.6063206195831299,0.8392359614372253,0.7338217496871948,0.4417695999145508,0.04954947903752327,0.5213516354560852,0.6096351742744446,0.11527390033006668,0.4996807277202606,0.09308664500713348,0.018921956419944763,1.106131672859192,0.37535351514816284,1.1295673847198486,0.7555204629898071,0.6570237874984741,0.6782776117324829,1.0677318572998047,0.5525402426719666,0.013705427758395672,0.4322034418582916,0.11885419487953186,0.0027128912042826414,0.8872621655464172,0.019716225564479828,0.06235528737306595,0.5130036473274231,0.08061124384403229,0.6337573528289795,0.04923514276742935,0.07597046345472336,0.8042457103729248,0.7509534358978271,0.8410491943359375,1.0846177339553833,0.11675693839788437,0.7077847123146057,0.8549320101737976,0.8025109171867371,0.08834981173276901,0.7771201729774475,1.0156325101852417,0.0345987007021904,0.812026858329773,0.8870940208435059,0.8217488527297974,0.9904870390892029,0.739659309387207,0.8464646339416504,0.03248320892453194,0.6444499492645264,0.7696818113327026,0.8401250243186951,0.8881939053535461,0.44036412239074707,0.5805432200431824,0.09385836869478226,0.43245425820350647,0.03445131331682205
0,0.0017623365856707096,0.0,0.15471506118774414,0.5806936025619507,0.06625258177518845,0.22901271283626556,0.0,0.0,0.21672575175762177,0.6030284762382507,0.11332254856824875,0.541714072227478,0.612653374671936,0.5954562425613403,0.5830283761024475,0.5538367033004761,0.023193828761577606,0.43277835845947266,0.0,0.05751553550362587,0.042210642248392105,0.12428966164588928,0.03616722673177719,0.0,0.6490224003791809,0.6466631293296814,0.5488941669464111,0.6928046345710754,0.052631672471761703,0.46230348944664,0.590425431728363,0.4260590970516205,0.2856714129447937,0.0548136904835701,0.662570059299469,0.42795035243034363,0.012338162399828434,0.05570442974567413,0.0,0.07326077669858932,0.5896192193031311,0.022506702691316605,0.1362447291612625,0.1528424620628357,0.513853907585144,0.05863156169652939,0.007565719541162252,0.5611255764961243,0.039266202598810196,0.025481166318058968,0.0,0.012490008026361465,3.446701884968206e-05,0.0,0.7562412023544312,0.024927852675318718,0.0,0.0,0.04540903866291046,0.5793582201004028,0.39811256527900696,0.5237131714820862,0.5333945751190186,0.6775622963905334
1,1.023228645324707,1.0140928030014038,0.4615292251110077,0.1805131584405899,0.7441041469573975,0.38713255524635315,1.0348947048187256,0.9190537929534912,0.22568796575069427,0.15120786428451538,0.3199126720428467,0.3975242078304291,0.26397770643234253,0.33669334650039673,0.18941326439380646,0.1278005838394165,0.8968666791915894,0.3276960849761963,1.2404552698135376,0.6748990416526794,0.7734642028808594,0.6124818325042725,1.057856798171997,0.8180580139160156,0.13147756457328796,0.5195255279541016,0.2315244823694229,0.11963284760713577,0.817268431186676,0.1505039930343628,0.1558685451745987,0.2779250741004944,0.20631857216358185,0.6743634939193726,0.1742555797100067,0.21922165155410767,0.9287446141242981,0.7053907513618469,0.8463975787162781,1.1218547821044922,0.22043189406394958,0.6743061542510986,0.6379334330558777,0.7224016785621643,0.24430392682552338,0.606636643409729,1.0742491483688354,0.12626667320728302,0.777792751789093,0.9730351567268372,0.9133332371711731,1.0435429811477661,0.7195292115211487,1.0811941623687744,0.12568645179271698,0.7517343759536743,0.9596716165542603,0.7413654327392578,0.8997423052787781,0.17260298132896423,0.41057780385017395,0.17202648520469666,0.3772854208946228,0.1315782368183136
1,0.5631435513496399,0.46747109293937683,0.5578862428665161,0.0,0.7427356243133545,0.5243812203407288,0.16432704031467438,0.19587291777133942,0.9216063022613525,0.0,0.7674164175987244,1.2618412971496582,0.0,1.2505701780319214,0.0,0.0,0.5055767893791199,0.9968855381011963,0.6540927290916443,0.7129552364349365,0.5402276515960693,0.476014107465744,0.9515777230262756,0.08362694829702377,0.0,0.9676494598388672,0.0,0.0,0.3567855656147003,0.0,0.0,1.1400972604751587,0.0,0.23989492654800415,0.0,0.0,0.10051286220550537,0.36444106698036194,0.2552219331264496,0.5331522822380066,0.0,0.5968635082244873,0.7966247200965881,0.6021791696548462,0.0,0.5072358250617981,0.4649616479873657,0.0,0.4629618227481842,0.5482785701751709,0.03701838478446007,0.2415488362312317,0.5035297870635986,0.2803665101528168,0.0,0.1334698349237442,0.19943846762180328,0.6553385853767395,0.3697453439235687,1.1933393478393555,1.4137616157531738,0.0,1.2857880592346191,0.0
1,0.9195488095283508,0.8891234993934631,0.5845741629600525,0.19080056250095367,0.6966801285743713,0.3763410747051239,0.973872721195221,0.9265727996826172,0.23560962080955505,0.16260385513305664,0.3217301070690155,0.3841966688632965,0.2816835045814514,0.2749706506729126,0.19874410331249237,0.1372034102678299,0.6565765738487244,0.3588036298751831,1.0802044868469238,0.7180182933807373,0.802452802658081,0.5913966298103333,1.058339238166809,0.866616427898407,0.14061012864112854,0.5217481255531311,0.23672276735305786,0.1297210156917572,0.7828930020332336,0.16225750744342804,0.16403725743293762,0.24911484122276306,0.21441112458705902,0.5934110879898071,0.18592877686023712,0.2340388298034668,0.9133411645889282,0.6296809315681458,0.8772693872451782,1.0292487144470215,0.22517915070056915,0.6867085695266724,0.6151259541511536,0.6215773224830627,0.24914973974227905,0.5250119566917419,0.971327006816864,0.1364833265542984,0.7146779298782349,0.9744288921356201,0.882195234298706,1.0454055070877075,0.684775710105896,0.9519367218017578,0.13400782644748688,0.7565006613731384,0.9741069674491882,0.7262983918190002,0.8225238919258118,0.19964565336704254,0.3046431839466095,0.17556127905845642,0.36127492785453796,0.14229527115821838
1,1.0917518138885498,1.0478705167770386,0.4982723891735077,0.1870471090078354,0.8085666298866272,0.4003170132637024,1.0781490802764893,0.9864694476127625,0.2560121417045593,0.15629494190216064,0.34247156977653503,0.2980195879936218,0.2783276438713074,0.2954827845096588,0.19755075871944427,0.13123804330825806,0.9016115665435791,0.2921125888824463,1.3161348104476929,0.7296218276023865,0.7885361313819885,0.6120909452438354,1.1431533098220825,0.8799617886543274,0.1365748643875122,0.45845574140548706,0.24046416580677032,0.12416530400514603,0.828981876373291,0.15520283579826355,0.15972812473773956,0.29415881633758545,0.21858066320419312,0.639812171459198,0.18300804495811462,0.22751431167125702,0.983314037322998,0.7525638937950134,0.9403194189071655,1.1426905393600464,0.22574344277381897,0.7398669123649597,0.6389316320419312,0.7202466726303101,0.2530902922153473,0.6241101622581482,1.0968472957611084,0.1306517869234085,0.7792709469795227,1.0436557531356812,0.9753685593605042,1.0858339071273804,0.7906449437141418,1.1368619203567505,0.12971334159374237,0.7766175270080566,1.0247551202774048,0.8058390617370605,0.9309685826301575,0.20000362396240234,0.4201740622520447,0.17620404064655304,0.35575762391090393,0.13610851764678955
1,0.689032256603241,0.5799312591552734,0.7441398501396179,0.0,0.9539242386817932,0.6195724606513977,0.329824835062027,0.25231561064720154,1.0872441530227661,0.0,0.8467433452606201,1.2592048645019531,0.0,1.0376123189926147,0.0,0.0,0.7172088027000427,0.7114540934562683,0.5978268384933472,0.7047204375267029,0.42379236221313477,0.5379056334495544,0.7964353561401367,0.12289446592330933,0.0,0.7376485466957092,0.00033123124740086496,0.0,0.6305333375930786,0.0,0.0,1.1474686861038208,0.0,0.41566112637519836,0.0,0.0,0.21466785669326782,0.5094112753868103,0.30853745341300964,0.6394376158714294,0.0,0.5468895435333252,0.8483077883720398,0.6034584045410156,0.0,0.5542663931846619,0.5494318008422852,0.0,0.6743499636650085,0.593869149684906,0.13909199833869934,0.4313202202320099,0.5727291703224182,0.2376071959733963,0.0,0.28219929337501526,0.2798587679862976,0.7508735656738281,0.5362946391105652,1.2745269536972046,1.1528033018112183,0.0,0.9673182964324951,0.0
0,0.007492148317396641,0.003018806455656886,0.22957077622413635,0.3349415957927704,0.09100200980901718,0.34014692902565,0.0,0.0,0.22583912312984467,0.514627993106842,0.17654871940612793,0.6407009959220886,0.38490837812423706,0.7481275200843811,0.5978442430496216,0.5693827867507935,0.022380847483873367,0.5978142619132996,0.0,0.12343217432498932,0.07480987161397934,0.1379273235797882,0.10923879593610764,0.0,0.5251044034957886,0.8457745909690857,0.5510266423225403,0.5545728206634521,0.0358630008995533,0.5473082661628723,0.5085728764533997,0.5785418748855591,0.5327257513999939,0.07941576093435287,0.3099662959575653,0.5338777899742126,0.0,0.05076897516846657,0.0,0.036216236650943756,0.3880617320537567,0.09349337965250015,0.13620233535766602,0.24359597265720367,0.6628510355949402,0.07187068462371826,0.01737300120294094,0.5024449229240417,0.026456817984580994,0.027461694553494453,0.0,0.0012547107180580497,0.019237171858549118,0.0,0.6158599853515625,0.0010124221444129944,0.0,0.028424646705389023,0.042405735701322556,0.6261324286460876,0.6952129602432251,0.4974098205566406,0.7257092595100403,0.35596922039985657
1,0.9136174917221069,0.8578630685806274,0.38308587670326233,0.0,0.6903882622718811,0.4236695170402527,0.6584798097610474,0.6766641736030579,0.38491877913475037,0.0,0.507771909236908,0.952995777130127,0.0,0.9947311282157898,0.0,0.0,0.4065150022506714,1.0707530975341797,1.2794243097305298,0.8090545535087585,0.9013328552246094,0.5701561570167542,1.369340181350708,0.6104404330253601,0.0,1.0055180788040161,0.0,0.0,0.6748256087303162,0.0,0.0,0.53374183177948,0.0,0.4188659191131592,0.0,0.0,0.42010360956192017,0.5663823485374451,0.7648454904556274,0.9346724152565002,0.0,0.9768841862678528,0.6278875470161438,0.8018976449966431,0.0,0.4246392548084259,0.9041408896446228,0.0,0.5176938772201538,0.9037526845932007,0.46059247851371765,0.7515307664871216,0.7269207239151001,0.9447835683822632,0.0,0.4442159831523895,0.8085338473320007,0.6374093890190125,0.45836150646209717,0.6005077958106995,0.7022444605827332,0.0,1.1693851947784424,0.0
0,0.08577687293291092,0.040951184928417206,0.2592131495475769,0.401018887758255,0.17397509515285492,0.2762323021888733,0.00963291060179472,0.02188994362950325,0.4546925127506256,0.5999332666397095,0.21834196150302887,0.7346662282943726,0.5204912424087524,0.7116677165031433,0.5338184833526611,0.622465968132019,0.09105867147445679,0.48594561219215393,0.0327875055372715,0.09926562011241913,0.10543949156999588,0.18919336795806885,0.15463456511497498,0.0,0.36406946182250977,0.8392318487167358,0.862724244594574,0.8419118523597717,0.1475718766450882,0.5867085456848145,0.4884827435016632,0.49930208921432495,0.37666797637939453,0.08297139406204224,0.4767128527164459,0.6739571690559387,0.030755499377846718,0.15749900043010712,0.010854661464691162,0.2946043014526367,0.8228333592414856,0.020937401801347733,0.31462720036506653,0.2024856060743332,0.3558138310909271,0.11234698444604874,0.04244065657258034,0.6624990701675415,0.06973297148942947,0.09448885917663574,0.009849494323134422,0.04818013682961464,0.0399610735476017,0.0,0.6762796640396118,0.09518276900053024,0.016490042209625244,0.05679799243807793,0.13007649779319763,0.8941989541053772,0.5668209791183472,0.5784210562705994,0.602145254611969,0.6666430830955505
1,1.0410290956497192,0.9430169463157654,0.30394524335861206,0.4253462851047516,0.772769570350647,0.36851099133491516,0.8497110605239868,0.8091558218002319,0.09365494549274445,0.3254130780696869,0.14790786802768707,0.45301222801208496,0.47815045714378357,0.3909716308116913,0.35144200921058655,0.26257064938545227,0.7873407602310181,0.3949882984161377,1.2732735872268677,0.5161058902740479,0.7364245653152466,0.5635244846343994,1.1588994264602661,0.7014657855033875,0.2581760883331299,0.48595353960990906,0.42018923163414,0.22201038897037506,0.7036789655685425,0.3208644390106201,0.3250596821308136,0.15653537213802338,0.4318765699863434,0.5063241720199585,0.39208006858825684,0.3780710697174072,0.7596378326416016,0.6412526369094849,0.8048180341720581,1.0317972898483276,0.44600147008895874,0.7129842638969421,0.5726225972175598,0.6891328692436218,0.4433019161224365,0.4708637595176697,0.9965460300445557,0.29392704367637634,0.6218618154525757,0.8840732574462891,0.8302809000015259,1.0105016231536865,0.5437639355659485,1.038023591041565,0.25815218687057495,0.5493695735931396,0.895028293132782,0.694149374961853,0.7029106020927429,0.09563610702753067,0.35049885511398315,0.3858891427516937,0.3644094169139862,0.2940412759780884
1,0.926161527633667,0.8517493605613708,0.3719443082809448,0.014624666422605515,0.5724140405654907,0.2757064998149872,0.852006196975708,0.7656403183937073,0.1414516121149063,0.01855628378689289,0.35577085614204407,0.5476186275482178,0.04974192753434181,0.6026180982589722,0.025410788133740425,0.0,0.6983935832977295,0.5574133992195129,1.2374259233474731,0.6535127758979797,0.7241529822349548,0.5616554617881775,1.132854700088501,0.6442723870277405,0.00253221089951694,0.6679362654685974,0.06764977425336838,0.0,0.6521878838539124,0.0,0.00946987234055996,0.41233670711517334,0.024353059008717537,0.47301486134529114,0.0084225507453084,0.029994018375873566,0.6298023462295532,0.5437446236610413,0.7343116998672485,0.95143723487854,0.03672059252858162,0.7620434165000916,0.5429497361183167,0.7033187747001648,0.03556106984615326,0.5003367066383362,0.9490721225738525,0.003035386558622122,0.5828510522842407,0.9125940799713135,0.6575860381126404,0.8025699853897095,0.6200885772705078,0.9818400740623474,0.005830755922943354,0.5262895226478577,0.8166943192481995,0.7270164489746094,0.6285983324050903,0.2539083659648895,0.5938618183135986,0.025390172377228737,0.6891780495643616,0.00088025740114972
0,0.04165022820234299,0.16000120341777802,0.25563448667526245,0.14973914623260498,0.32596004009246826,0.35268890857696533,0.0029264355544000864,0.007540806662291288,0.3410620391368866,0.07543042302131653,0.37317562103271484,0.8851531147956848,0.4858466386795044,0.7224181294441223,0.7118858098983765,0.5441558957099915,0.2483442723751068,0.47576650977134705,0.07684889435768127,0.17375722527503967,0.09718063473701477,0.1470850110054016,0.20465877652168274,0.0,0.47114846110343933,0.5722324848175049,0.6079382300376892,0.4975607097148895,0.23278874158859253,0.31622669100761414,0.526725172996521,0.5177141427993774,0.6528225541114807,0.12972308695316315,0.31736934185028076,0.2721356749534607,0.05214308947324753,0.07294035702943802,0.002520826645195484,0.20758673548698425,0.13720057904720306,0.11482488363981247,0.2823467552661896,0.27319037914276123,0.45327818393707275,0.12977507710456848,0.17386886477470398,0.24971824884414673,0.0759529396891594,0.15188714861869812,0.00987738836556673,0.08093345165252686,0.05855567008256912,0.0006594496662728488,0.3811323344707489,0.07351648807525635,0.0020838638301938772,0.11144248396158218,0.13118980824947357,0.7019417881965637,0.5680161118507385,0.19780436158180237,0.5531107187271118,0.3165479302406311
1,0.5173915028572083,0.4365650713443756,0.6910735964775085,0.029918409883975983,0.7432719469070435,0.6608482003211975,0.2086009532213211,0.13789698481559753,0.903589129447937,0.01622999645769596,0.8109339475631714,1.2393780946731567,0.00020115476218052208,1.2386380434036255,0.0,0.0,0.5729256272315979,0.8641955852508545,0.4364679455757141,0.5610304474830627,0.30862122774124146,0.3455928564071655,0.7089486718177795,0.05743325501680374,0.0,0.8287420868873596,0.04030924662947655,0.0,0.3876958191394806,0.0,0.007781680673360825,1.2217564582824707,0.0,0.27853551506996155,0.0018046884797513485,0.0,0.11316542327404022,0.38232967257499695,0.19851607084274292,0.3653063178062439,0.03090476617217064,0.5192259550094604,0.7061670422554016,0.5545832514762878,0.0,0.5115129947662354,0.3721012771129608,0.03541559725999832,0.46200403571128845,0.40058472752571106,0.08107954263687134,0.2526403069496155,0.42845749855041504,0.11439397186040878,0.010306228883564472,0.13986453413963318,0.14491410553455353,0.6599984765052795,0.4402945339679718,1.2418358325958252,1.351413369178772,0.03740183636546135,1.0219262838363647,0.007466705981642008
