{
  "dataset": "ENZYMES",
  "embedding_dim": 256,
  "epochs": 100,
  "lr": 0.0005,
  "dropout": 0.3,
  "batch_size": 64,
  "num_layers": 5,
  "pooling": "mean",
  "train_time_sec": 17.839447498321533,
  "embed_time_sec": 0.1417546272277832,
  "total_time_sec": 17.981202125549316,
  "val_best_acc": 0.5245901639344263,
  "train_acc": 0.7933194154488518,
  "val_acc": 0.5245901639344263,
  "test_acc": 0.3,
  "peak_tracemalloc_mb": 0.7184915542602539,
  "rss_before_mb": 1457.51171875,
  "rss_after_mb": 1457.51171875,
  "device": "cuda"
}