label,dim0,dim1,dim2,dim3,dim4,dim5,dim6,dim7,dim8,dim9,dim10,dim11,dim12,dim13,dim14,dim15,dim16,dim17,dim18,dim19,dim20,dim21,dim22,dim23,dim24,dim25,dim26,dim27,dim28,dim29,dim30,dim31,dim32,dim33,dim34,dim35,dim36,dim37,dim38,dim39,dim40,dim41,dim42,dim43,dim44,dim45,dim46,dim47,dim48,dim49,dim50,dim51,dim52,dim53,dim54,dim55,dim56,dim57,dim58,dim59,dim60,dim61,dim62,dim63,dim64,dim65,dim66,dim67,dim68,dim69,dim70,dim71,dim72,dim73,dim74,dim75,dim76,dim77,dim78,dim79,dim80,dim81,dim82,dim83,dim84,dim85,dim86,dim87,dim88,dim89,dim90,dim91,dim92,dim93,dim94,dim95,dim96,dim97,dim98,dim99,dim100,dim101,dim102,dim103,dim104,dim105,dim106,dim107,dim108,dim109,dim110,dim111,dim112,dim113,dim114,dim115,dim116,dim117,dim118,dim119,dim120,dim121,dim122,dim123,dim124,dim125,dim126,dim127,dim128,dim129,dim130,dim131,dim132,dim133,dim134,dim135,dim136,dim137,dim138,dim139,dim140,dim141,dim142,dim143,dim144,dim145,dim146,dim147,dim148,dim149,dim150,dim151,dim152,dim153,dim154,dim155,dim156,dim157,dim158,dim159,dim160,dim161,dim162,dim163,dim164,dim165,dim166,dim167,dim168,dim169,dim170,dim171,dim172,dim173,dim174,dim175,dim176,dim177,dim178,dim179,dim180,dim181,dim182,dim183,dim184,dim185,dim186,dim187,dim188,dim189,dim190,dim191,dim192,dim193,dim194,dim195,dim196,dim197,dim198,dim199,dim200,dim201,dim202,dim203,dim204,dim205,dim206,dim207,dim208,dim209,dim210,dim211,dim212,dim213,dim214,dim215,dim216,dim217,dim218,dim219,dim220,dim221,dim222,dim223,dim224,dim225,dim226,dim227,dim228,dim229,dim230,dim231,dim232,dim233,dim234,dim235,dim236,dim237,dim238,dim239,dim240,dim241,dim242,dim243,dim244,dim245,dim246,dim247,dim248,dim249,dim250,dim251,dim252,dim253,dim254,dim255
1,0.5378304,-0.5292608,0.48828107,0.18263283,0.10069232,0.50919175,-0.2515359,0.06953271,-0.3839913,-0.11922255,-0.019685294,0.33437526,-0.061489455,-0.55381876,0.3042994,0.14423528,0.13262278,0.379609,0.2824795,-0.32487857,0.41605043,0.03987437,-0.58078045,0.15149905,0.27588192,-0.34468496,0.21756242,0.016182136,0.12672785,-0.20612858,0.10677967,-0.25481465,-0.05921461,0.28712484,-0.36637187,-0.04681314,0.33604473,-0.31080884,0.10719815,0.09216976,-0.6095376,-0.1248791,-0.24507211,-0.003190089,0.014017947,0.114562854,-0.17681436,0.076314285,0.23336962,-0.34136164,-0.31670025,0.24981514,-0.14621025,0.018459897,-0.31515464,-0.06941003,0.123109184,-0.15368283,-0.29169425,-0.3774046,0.09196453,0.26330972,0.07300631,0.30304015,0.12042256,-0.06617404,0.18301332,0.17822108,0.0017281435,0.08569205,0.033865843,0.38502935,-0.3964759,0.23151788,0.039956607,-0.048057105,-0.5310901,0.29885077,-0.015009649,0.18211837,-0.37196934,0.3087455,-0.011991568,0.3266784,0.4889704,-0.2301543,0.26263815,0.24722376,-0.14888832,0.52957845,0.45194972,0.031826377,0.4632197,0.36146766,-0.036723502,-0.421835,0.17297669,-0.13678505,-0.15439333,-0.16933498,0.09071236,0.25144792,-0.12479609,-0.16348313,-0.37368557,0.021795526,-0.041749366,0.7743748,-0.14763296,0.094468266,0.33134994,-0.33587885,-0.08446323,-0.10770116,0.06970081,0.27397108,-0.37664923,0.25785306,-0.7256829,-0.467204,0.051135547,-0.0149275325,-0.05132757,-0.5149356,-0.4850581,0.11150335,0.116052076,0.053725902,-0.096588925,0.10549767,0.11901103,0.17357984,0.33167034,-0.03802486,0.05928866,0.34597903,-0.051777806,-0.26264924,0.21071044,0.054110244,0.3719234,-0.10863754,-0.4763966,0.07729179,0.1175524,0.33271533,-0.0584034,-0.3796145,0.12389365,0.002628319,0.13686076,-0.37463114,0.14512877,0.5064882,-0.013611481,-0.38076156,-0.24327011,0.08802876,0.16452064,0.38814148,0.34324467,-0.23260765,-0.2612889,-0.29416448,-0.3578581,0.23222929,-0.32860434,-0.022024538,-0.03745776,0.3168088,0.49382725,0.21693632,-0.006845787,0.6850001,-0.039050654,0.2364287,-0.4139507,-0.11159893,0.31196618,-0.03516955,0.100053236,0.061175562,0.24851167,0.12533572,0.37750596,0.014372166,-0.04922773,-0.13998187,0.16698077,-0.4085407,-0.34587303,-0.21586111,0.25597197,0.053266108,-0.055836663,0.057760894,-0.44850332,-0.32160774,-0.0955105,-0.34812382,0.44020364,-0.020204248,-0.24222459,-0.31769934,0.44194132,0.021930203,-0.26058367,0.0057684816,0.01267916,0.07751275,0.21393183,-0.01889978,-0.020141073,-0.589117,-0.07417584,0.020456344,0.00667651,-0.115600094,-0.2667115,-0.37215424,0.20964095,0.011832219,0.81670415,0.3920777,0.19660513,-0.037286315,0.3205516,0.00016963994,0.20234394,-0.54073334,-0.19977333,0.12777235,-0.048855644,0.70670867,-0.48833215,0.067482516,0.03922931,0.11085475,-0.05881933,-0.07023548,0.0067360066,0.31689242,0.40397215,-0.23622599,-0.08570872,-0.27877483,-0.38631776,0.06695062,-0.120808825,0.06914936,0.06760626,0.33435223,-0.35805702,-0.16672319,0.007033799,-0.75698024
0,-0.047942966,0.019728746,0.031732522,-0.033235718,0.08699402,0.030097287,0.024106191,-0.030386247,0.0526527,0.019825377,-0.021670032,0.030338215,0.04056545,-0.04494234,-0.049849425,-0.03835535,-0.00463417,-0.06417238,0.020091746,0.029761523,-0.029754456,-0.0310703,-0.034718815,-0.06529834,0.02862008,0.019313259,-0.026302334,-0.03530758,-0.016776923,-0.013664044,-0.05095589,0.076738566,0.07072535,-0.0040736003,0.041953627,-0.021493323,0.05916387,0.019129463,-0.07205386,-0.01740934,-0.069348976,-0.021349661,0.031059023,0.05975893,0.048673846,-0.093335316,-0.011836816,0.0047378223,0.04865249,-0.043052737,0.018607846,-0.048797194,0.063049585,-0.0057520755,-0.05699168,-0.015339963,-0.024119578,0.028798528,0.060831957,-0.014649565,-0.07130799,-0.07005874,0.0204704,0.020846372,-0.0712144,0.038327415,0.000339197,-0.07357105,0.082221344,-0.039754953,0.03295304,-0.047660217,0.04270281,0.030023186,-0.0059641367,-0.04396905,0.043927208,0.015207659,-0.11194246,-0.050075285,-0.026640996,-0.084465735,-0.014509046,-0.027349845,0.02779635,-0.029525444,-0.012203663,-0.036461923,0.0825533,-0.04655363,-0.025086971,-0.02590704,0.030359305,0.0076103257,0.05927179,-0.01010606,-0.014778978,0.07844768,-0.002435389,0.06156825,-0.004122105,0.051539212,0.0050747637,0.04328443,-0.04316897,-0.037005913,0.061754107,0.04548193,-0.019060379,0.017664324,-0.027469262,-0.032945458,0.021819893,0.093927026,-0.027145192,-0.003567813,0.050089333,0.016207956,-0.052047495,0.0047862176,-0.06742553,0.06305424,-0.10211724,-0.08311208,-0.021310296,0.013172362,0.07527565,0.0014739744,-0.03567619,-0.0068185097,-0.049044088,-0.006803725,-0.05690424,-0.018249169,-0.088003844,-0.020480623,0.034453318,-0.0019262647,-0.037445605,-0.041996427,0.024536584,-0.09682013,-0.06416683,-0.010200797,-0.032779522,-0.0040251818,-0.05879431,-0.0228653,-0.039709277,0.0045997724,-0.052298963,-0.019725371,-0.05871623,0.02404354,0.055666007,0.07075484,0.00075793406,0.026571725,0.046567727,-0.0056810575,0.022352844,0.009076771,0.0040092357,0.024389185,0.031791825,-0.05933031,-0.061211824,0.046751134,0.060296025,0.041520335,0.023198163,0.044807978,-0.02516377,0.044543367,0.04560614,-0.007102525,-0.029181253,-0.11064217,-0.027875982,0.10265458,-0.054064725,-0.084208965,0.055552036,-0.07526918,0.054040357,-0.005342858,0.061624043,-0.04003181,-0.0015703738,0.0029571801,0.0432143,0.039726038,-0.050614446,0.06177359,0.07977533,-0.051138047,-0.00047062337,-0.046648454,-0.0010097334,0.03284891,0.024651714,0.026747579,0.05332254,0.06079495,0.033762548,-0.020115398,0.03936525,-0.0053757057,0.07455389,-0.030491915,-0.07861746,0.027819902,-0.096418306,-0.0008626785,0.039406333,0.048501518,0.010142164,0.009659279,0.004677331,0.028525341,-0.00064812694,0.02530882,0.10079414,0.013274479,-0.0411341,0.07595207,-0.007928254,-0.010696512,-0.031201333,-0.02299678,-0.100593105,0.021978986,0.005502116,0.04761036,0.016038751,-0.04722,0.04859623,-0.060702085,0.014207337,0.0031881388,-0.03929001,-0.015144475,0.031564787,-0.04833647,-0.030213356,-0.033528797,-0.062326837,-0.09800525,-0.020691277,-0.054718688,-0.029199876,0.012644232,0.026364539,-0.03731274,0.018810054,-0.043074757
0,-0.16175392,0.1026748,-0.0629998,-0.080322176,0.12742345,-0.030366467,0.06491903,-0.050870627,0.15751225,0.044696014,-0.026230935,-0.028538803,0.06351346,0.06938501,-0.14912546,-0.08037263,-0.054627955,-0.14593063,-0.06533333,0.09651233,-0.10620062,-0.043578003,0.054128297,-0.1296367,-0.00057067303,0.09286349,-0.08548523,-0.08626606,-0.058589272,0.049166244,-0.09226501,0.15207592,0.10217917,-0.06296117,0.12878913,-0.02251805,0.019428536,0.11383077,-0.117642,-0.044081576,0.017832283,-0.030172188,0.08653847,0.08273333,0.05037229,-0.15214023,0.04893113,-0.02575207,0.022959698,0.017729744,0.054853395,-0.099883646,0.14358622,0.0086534135,-0.037697807,-0.02975845,-0.07645874,0.05946112,0.1493754,0.03575284,-0.111289226,-0.1475973,-0.012630865,-0.017953292,-0.119340494,0.09223226,-0.058367394,-0.15117028,0.1212608,-0.06903663,0.05916404,-0.12833832,0.12906167,-0.019157756,-0.013924976,-0.025194634,0.1341207,-0.0758397,-0.18464768,-0.08713436,0.026887901,-0.17306545,0.01236712,-0.095437706,-0.033674344,0.013492145,-0.07041377,-0.13148402,0.14174141,-0.13272455,-0.10717194,-0.056708224,-0.04024629,-0.09523352,0.076427855,0.05817627,-0.06515571,0.1475358,0.030760834,0.14635584,-0.03867443,0.023401117,0.044350848,0.09414085,0.008148646,-0.035177097,0.1242997,-0.07677447,0.018093377,0.0508868,-0.091984324,0.025513548,0.06783429,0.1496998,-0.052264333,-0.06947112,0.13677534,-0.024632256,0.044513125,0.084771834,-0.10650335,0.07718253,-0.15639862,-0.014226489,0.06980774,-0.044631056,0.08509222,-0.05146606,0.0018647313,-0.031971753,-0.10858224,-0.09565599,-0.14897296,-0.02275604,-0.14246088,-0.066903755,0.05964943,0.056857288,-0.09145244,-0.07145829,-0.030528488,-0.11560492,-0.0014723241,-0.03873446,-0.05576045,-0.051045828,-0.08937435,0.061805494,-0.088257104,-0.023652941,-0.10578309,0.051413696,-0.10374802,-0.054025516,0.060294606,0.16889545,0.04997518,-0.0029001348,0.057698533,-0.07542223,-0.04222609,0.07059726,0.07934439,0.074774206,0.13271794,-0.10873544,-0.028306356,0.064185426,0.10251929,-0.015273888,-0.06429237,0.0046062097,-0.030500134,-0.08502118,0.06965712,-0.065755546,0.022441274,-0.13552894,-0.09483583,0.1428763,-0.08731734,-0.14519611,0.0664638,-0.117969185,0.0139137795,0.0072491467,0.062818795,-0.010418184,-0.076026335,0.07100157,0.11422508,0.088923894,-0.118569136,0.07969008,0.1354529,-0.07624172,0.067977265,0.014009867,0.017071519,0.10233106,-0.03195171,0.06539425,0.14631838,0.14400074,-0.024007771,-0.018575557,0.10597648,-0.025561307,0.1096416,-0.1090127,-0.15126598,0.06100132,-0.14015026,0.08542106,0.100256644,0.06589568,0.0025790483,0.04955041,0.07796709,0.09375283,-0.055121567,0.02766801,0.002956707,-0.08122446,-0.11314191,0.15207389,-0.06357327,-0.016987888,-0.0717704,0.0748287,-0.1306028,-0.012903962,0.02812633,-0.0570014,0.10996835,-0.08262199,0.055076882,-0.11225817,0.011312481,0.036048263,-0.055811234,-0.07104935,-0.05740519,-0.022962153,-0.029369488,0.0074246563,-0.013959266,-0.15043311,0.0036222376,-0.10248189,-0.08263748,-0.032801572,0.090367824,-0.0050382204,0.025438588,0.050165646
1,0.7130864,-0.70045036,0.6260943,0.24736099,0.107816,0.66291744,-0.33920246,0.099575914,-0.5167756,-0.16271386,-0.019798364,0.42964914,-0.09181886,-0.706958,0.40703267,0.19832374,0.17155786,0.51487386,0.36003035,-0.4354164,0.55394906,0.060726855,-0.7509212,0.21267426,0.35423884,-0.45631984,0.28801787,0.027416885,0.16844401,-0.2643937,0.15588301,-0.3543557,-0.09890565,0.37577713,-0.4893896,-0.05693118,0.42221075,-0.40671465,0.16183028,0.12637503,-0.7760737,-0.16010013,-0.32815593,-0.022122893,0.0024720952,0.17562996,-0.22324544,0.09660798,0.29174137,-0.43430805,-0.4230229,0.3446854,-0.2057136,0.026743721,-0.39855146,-0.090055466,0.16361034,-0.20970967,-0.3979885,-0.49034905,0.14002699,0.363675,0.08484996,0.39386544,0.17597826,-0.09411358,0.23787285,0.24861142,-0.024589382,0.124337345,0.04006279,0.51887137,-0.5301851,0.29164577,0.05647718,-0.049371976,-0.70904213,0.38283437,0.009160481,0.25407898,-0.4773781,0.42895854,-0.011947006,0.43432432,0.6332821,-0.29165497,0.34856823,0.33039528,-0.21702701,0.70877945,0.5991445,0.047807343,0.596985,0.4671422,-0.06618797,-0.5485365,0.2251683,-0.19882587,-0.20131767,-0.23464984,0.11808587,0.31622985,-0.1626709,-0.22320686,-0.47706336,0.043033406,-0.06697013,0.9987547,-0.18403786,0.1227057,0.44004175,-0.42900607,-0.11343874,-0.16638103,0.098915815,0.3569457,-0.5071704,0.3339071,-0.9381836,-0.6118621,0.084065564,-0.036993552,-0.04174996,-0.6520895,-0.62495196,0.13830642,0.13044223,0.06542374,-0.112311736,0.13847269,0.16643499,0.22198074,0.44680876,-0.044425827,0.1020731,0.46185347,-0.0797016,-0.3417266,0.2819788,0.08396925,0.47886187,-0.11466819,-0.60660315,0.10170846,0.16286528,0.4363292,-0.06423043,-0.48619148,0.17264538,-0.0013074726,0.19228917,-0.48426405,0.20478524,0.6567595,-0.03430251,-0.5173947,-0.31773886,0.10471942,0.20216428,0.51234114,0.44134364,-0.3042297,-0.33731002,-0.39385545,-0.47481644,0.32427523,-0.41079554,-0.04113775,-0.06478275,0.40029925,0.6381342,0.2683556,-0.0016850121,0.87783635,-0.06437613,0.3114815,-0.5347738,-0.11512217,0.4140708,-0.075068146,0.14630245,0.10384994,0.3129742,0.18724696,0.48032472,0.0232405,-0.08607717,-0.17002243,0.21352734,-0.53477305,-0.46395895,-0.29418755,0.34825733,0.05427791,-0.09214526,0.09143938,-0.59048396,-0.4059819,-0.12299897,-0.4673117,0.57122725,-0.02834701,-0.33144033,-0.43416175,0.5714574,0.035474658,-0.35120112,0.0067504235,-0.004323717,0.10094401,0.30265704,-0.028592303,-0.0010125302,-0.7724667,-0.10293812,0.013470985,0.005104121,-0.1519384,-0.3442199,-0.49515033,0.27139097,0.0091463365,1.0378807,0.50718606,0.2667373,-0.064427,0.42289037,0.001365758,0.27546486,-0.70068485,-0.23643376,0.15624145,-0.06617547,0.9078648,-0.6454143,0.09714572,0.03529344,0.16219065,-0.08404509,-0.08832888,0.020823848,0.42262793,0.5172769,-0.29513922,-0.105707675,-0.3546514,-0.48726955,0.115304634,-0.15129988,0.10590656,0.09437957,0.4329601,-0.47641557,-0.20764446,0.005318893,-0.9821142
0,-0.15597674,0.100219816,-0.059557218,-0.07734367,0.12354955,-0.028036151,0.06398873,-0.04896557,0.15194406,0.04234254,-0.02619313,-0.025437834,0.061886054,0.063618034,-0.14246643,-0.07916199,-0.050568156,-0.14216389,-0.059366018,0.092459336,-0.10270892,-0.04297749,0.05014011,-0.1253181,-0.00028321473,0.089670844,-0.08262975,-0.08231158,-0.056471787,0.044166725,-0.08995599,0.14860716,0.10049524,-0.061517317,0.1240224,-0.022062436,0.02023163,0.10851433,-0.11398009,-0.0413103,0.016264882,-0.028369125,0.08523684,0.08065002,0.05001052,-0.14794834,0.045782812,-0.022202844,0.023236813,0.013634626,0.05415114,-0.09764527,0.13844346,0.0049480386,-0.036528267,-0.026664194,-0.0730889,0.05794913,0.14441276,0.034198754,-0.10946618,-0.14392242,-0.010668121,-0.01694116,-0.117345095,0.08776503,-0.05411023,-0.14493656,0.11676289,-0.06707405,0.057576574,-0.12527528,0.1250106,-0.01654144,-0.012881146,-0.026735436,0.13058946,-0.06971058,-0.17830327,-0.08581891,0.024897445,-0.16819182,0.0089988075,-0.09266085,-0.031802066,0.0119244605,-0.06694275,-0.12528452,0.13965172,-0.13011995,-0.10424169,-0.05488933,-0.036248017,-0.08938413,0.074882776,0.056088574,-0.062007204,0.1425124,0.02846946,0.13929334,-0.03703782,0.02376406,0.04146918,0.09216912,0.0060628485,-0.035615984,0.11973117,-0.072116695,0.015646853,0.047282893,-0.08983129,0.023315188,0.06409318,0.1462608,-0.050023727,-0.06578992,0.13241145,-0.021854263,0.04273686,0.08035869,-0.1037641,0.07683381,-0.15209097,-0.017822146,0.06580022,-0.040116355,0.08392297,-0.046942975,-0.0017329156,-0.030040663,-0.104099944,-0.08838819,-0.14472444,-0.022614542,-0.13880888,-0.06599246,0.057091936,0.053991787,-0.08943954,-0.069801986,-0.029193597,-0.114028916,-0.0027130265,-0.036794733,-0.05399693,-0.049330212,-0.08661929,0.05797366,-0.08670841,-0.02116441,-0.103546865,0.048182108,-0.10206038,-0.05008645,0.061798777,0.16316134,0.047144115,-0.0014667362,0.05431379,-0.07221781,-0.038566984,0.067140564,0.07494278,0.07336885,0.12692627,-0.10626583,-0.028647287,0.06475094,0.09902868,-0.013422187,-0.061451133,0.007735051,-0.029604135,-0.07890122,0.06806891,-0.0612608,0.02099281,-0.13316569,-0.09208444,0.14102232,-0.08541176,-0.14091101,0.06243383,-0.114803866,0.01406365,0.006622985,0.06273502,-0.012448005,-0.07071141,0.06832676,0.11162315,0.08698937,-0.11428483,0.078181386,0.13178462,-0.07565953,0.06483357,0.011622619,0.016843528,0.09829039,-0.029989343,0.06272123,0.1398783,0.13875856,-0.02223332,-0.01962708,0.101387806,-0.02365869,0.10611273,-0.103575125,-0.14750516,0.058722418,-0.13528225,0.082384266,0.0954043,0.0649997,0.0020544995,0.04682747,0.07459429,0.091116175,-0.05338605,0.02740148,0.005173225,-0.07578999,-0.10833441,0.14551938,-0.061534364,-0.016933396,-0.07006486,0.07035082,-0.12605755,-0.010221403,0.027206985,-0.053835195,0.10549858,-0.07897885,0.05359797,-0.108264826,0.012286309,0.03300877,-0.053879734,-0.06823687,-0.051651955,-0.024283124,-0.028813053,0.005608985,-0.015008785,-0.14649855,0.0022648945,-0.09910953,-0.07827069,-0.033110466,0.08753428,-0.007930316,0.024732657,0.04765328
1,0.23634179,-0.24468891,0.2522408,0.073768266,0.09052899,0.26283914,-0.109030046,0.01974954,-0.1611883,-0.049804106,-0.020033788,0.17856681,-0.011628605,-0.2919906,0.12344865,0.049805198,0.06516256,0.14971107,0.14781292,-0.14169627,0.19034064,0.0067412294,-0.2986434,0.04144209,0.14918974,-0.15727645,0.09594651,-0.007732872,0.053577892,-0.11016692,0.026505336,-0.08268913,0.007751245,0.13398774,-0.15653178,-0.03269406,0.19148192,-0.14240345,0.018899411,0.03629515,-0.32461038,-0.070326686,-0.10314694,0.027867386,0.029739302,0.009965792,-0.09366754,0.04315009,0.13746768,-0.18818961,-0.1436317,0.097899966,-0.037742358,0.00035649166,-0.1810992,-0.03611617,0.049860135,-0.058792993,-0.110946715,-0.18821211,0.00856746,0.089575276,0.045451105,0.15831499,0.022201438,-0.016363338,0.09107002,0.050563984,0.035784893,0.021097478,0.03365586,0.16176297,-0.17041974,0.12701866,0.0146518275,-0.04541541,-0.2316632,0.15571563,-0.062918514,0.06148915,-0.19624048,0.10913255,-0.012940895,0.14589745,0.25037217,-0.12847888,0.12389381,0.10110932,-0.029980037,0.23080623,0.20579831,0.0033926442,0.23722881,0.18025006,0.012491129,-0.20671134,0.07847183,-0.02803795,-0.079320624,-0.052885957,0.040329553,0.1444256,-0.060528204,-0.057571467,-0.20460494,-0.009120237,0.007243717,0.39628515,-0.08276531,0.05189364,0.14666177,-0.18079893,-0.030004272,-0.008975148,0.022804158,0.13314003,-0.1590321,0.13404757,-0.37354195,-0.2254358,-0.009069979,0.026110739,-0.07374712,-0.29164553,-0.244061,0.06382987,0.09539251,0.031880606,-0.06904024,0.049096704,0.03497828,0.081831396,0.13188577,-0.028125327,-0.014960162,0.15641458,-0.011199713,-0.12895522,0.080754265,0.0015643276,0.18992342,-0.09909094,-0.26109347,0.034649964,0.04053077,0.15599501,-0.057794835,-0.19138905,0.038995776,0.0077253208,0.038483188,-0.19110332,0.039324712,0.25702798,0.023497622,-0.14967558,-0.11795293,0.056238778,0.10359232,0.18348385,0.17943038,-0.108995214,-0.12692505,-0.12703058,-0.15720004,0.08276948,-0.18861476,0.014400456,0.010581821,0.17422722,0.24928685,0.13228762,-0.014829751,0.35427126,0.004271239,0.11015454,-0.21245848,-0.10639872,0.13713747,0.037803978,0.020494364,-0.011082679,0.14416446,0.024915915,0.20787235,0.0049416237,0.005538434,-0.091199085,0.081802644,-0.19485943,-0.14389685,-0.08387314,0.098218575,0.057479315,0.015150528,2.2735447e-05,-0.21661994,-0.17980236,-0.04620863,-0.15589255,0.22259814,0.0039743544,-0.091781735,-0.12631162,0.23015586,-0.0037298352,-0.10827122,0.0036442764,0.042824738,0.02391373,0.06329485,0.002132176,-0.05296242,-0.28343695,-0.018265918,0.034094464,0.008316219,-0.051948912,-0.12668224,-0.16454902,0.10098476,0.01735587,0.44487047,0.1990825,0.07437724,0.017705686,0.1491205,-0.0062256777,0.08178753,-0.27198377,-0.14565097,0.07460207,-0.019069273,0.36409324,-0.22937799,0.012166552,0.04399491,0.026569296,-0.021017924,-0.033897586,-0.015628528,0.14324054,0.21373361,-0.14194873,-0.05714254,-0.15285295,-0.21737458,-0.013067197,-0.071475625,0.0049414523,0.021128854,0.16553734,-0.15895835,-0.1004367,0.011410803,-0.3855061
0,0.31636786,-0.3135098,0.3162918,0.1018986,0.089423895,0.31616575,-0.14160633,0.03133386,-0.21934111,-0.06414738,-0.018904109,0.21515575,-0.022908226,-0.3623999,0.17547014,0.077188596,0.08429246,0.20970356,0.18728133,-0.18596339,0.2426979,0.013139311,-0.36638075,0.07315558,0.17624013,-0.2056849,0.12833057,0.0040434003,0.074644014,-0.13416302,0.046005093,-0.1306648,-0.009887014,0.17666365,-0.21136078,-0.035469484,0.22819638,-0.19076389,0.038573712,0.048682667,-0.4013451,-0.0803876,-0.14145598,0.02015616,0.029010186,0.038489707,-0.1208684,0.0499328,0.15978882,-0.22446446,-0.18214658,0.13234338,-0.07254508,0.0075318366,-0.21099418,-0.042439982,0.07247284,-0.082591504,-0.15992424,-0.23391369,0.03124483,0.13800572,0.059359454,0.18946981,0.050924633,-0.031561956,0.115510985,0.08875359,0.03346224,0.03757443,0.024806604,0.2175121,-0.22972491,0.15732436,0.019199979,-0.048282318,-0.3067704,0.19605358,-0.042929675,0.09091854,-0.23903982,0.15926084,-0.013798609,0.19149639,0.30714542,-0.15439236,0.15659373,0.1443587,-0.06484862,0.30377576,0.26733524,0.013170321,0.29352677,0.23125589,0.0012825951,-0.263478,0.10525512,-0.05917844,-0.095857985,-0.088710435,0.0570098,0.17112207,-0.07735227,-0.08917539,-0.24360646,-0.004834827,-0.011619156,0.49155372,-0.100685924,0.057335366,0.19546808,-0.2184765,-0.048425734,-0.03389056,0.03183233,0.1704598,-0.21284467,0.1616803,-0.45883194,-0.28474393,0.0099448785,0.013649654,-0.061534386,-0.3429577,-0.30850545,0.079585135,0.09721111,0.040643554,-0.0781164,0.06360617,0.06009391,0.11460891,0.18747412,-0.029081997,0.0065282583,0.1995999,-0.016486034,-0.16466966,0.12070367,0.018593036,0.23803064,-0.10007125,-0.31357348,0.04675107,0.059237108,0.20134033,-0.04957709,-0.24660563,0.06454387,0.009614456,0.06783049,-0.2375396,0.07056412,0.31672594,0.011740938,-0.20929655,-0.14953034,0.06815402,0.116562024,0.23268239,0.22013803,-0.14313233,-0.16555892,-0.1698522,-0.21337706,0.11646801,-0.22416136,0.001346875,-0.004085552,0.21279678,0.31297418,0.15181363,-0.012664501,0.4433683,-0.00743521,0.14263313,-0.2612349,-0.105885185,0.18340307,0.014630169,0.04163599,0.010237448,0.16627385,0.04829799,0.2479391,0.0033478513,-0.001684919,-0.102613345,0.109954536,-0.24896494,-0.19715357,-0.118076086,0.13966851,0.05250936,-0.011406448,0.01562462,-0.27011162,-0.21751602,-0.06041594,-0.19885597,0.27525422,-0.0102917645,-0.13207534,-0.17189904,0.27964973,0.005262926,-0.14703053,0.0054069646,0.03417193,0.048972756,0.10390032,-0.0077227815,-0.04463614,-0.35804683,-0.038834758,0.028376263,0.01008087,-0.070305005,-0.16960634,-0.21685803,0.13297804,0.016325485,0.5377411,0.24925455,0.10915789,-0.0049425475,0.19183764,-0.0012072851,0.110207565,-0.34054244,-0.15271278,0.09115559,-0.029901732,0.45358878,-0.29163578,0.027970944,0.044330828,0.047448464,-0.02686482,-0.046925507,-0.0111393705,0.18453026,0.261962,-0.16118106,-0.061076906,-0.18274711,-0.2601669,0.0063524432,-0.08235722,0.024361853,0.0361163,0.2107469,-0.20878375,-0.11501726,0.008941314,-0.47341514
1,0.3917741,-0.39652127,0.3741388,0.12827562,0.10318269,0.39524278,-0.18555218,0.044164807,-0.2731163,-0.084550574,-0.020836249,0.25939736,-0.035011865,-0.42523235,0.21138081,0.0980774,0.09516744,0.27067387,0.21286158,-0.23688039,0.3068124,0.021256067,-0.44755232,0.09359227,0.2166114,-0.25396997,0.15459304,-0.0026298407,0.088632934,-0.15485822,0.06599625,-0.17086476,-0.025512952,0.21500425,-0.2632661,-0.042087037,0.2699912,-0.22431397,0.061376683,0.06354255,-0.47904322,-0.10428734,-0.17642619,0.014081012,0.022401333,0.059690565,-0.13255087,0.055190116,0.1890994,-0.26679146,-0.23823753,0.17748874,-0.08809069,0.015253801,-0.25673792,-0.059788033,0.082342945,-0.1091084,-0.20185858,-0.2902983,0.049563475,0.17855796,0.056298457,0.23574571,0.07067822,-0.03439787,0.13419053,0.10978899,0.025183499,0.053611655,0.037623104,0.27808774,-0.2877091,0.18041305,0.028562315,-0.044757158,-0.39132425,0.22355703,-0.047167208,0.12581754,-0.28783026,0.20998508,-0.009391386,0.23847176,0.3790586,-0.18065295,0.19411375,0.17053732,-0.0894562,0.39098966,0.33552182,0.014305919,0.3573102,0.26920745,-0.012840591,-0.32199997,0.122678444,-0.07850662,-0.116450004,-0.10554054,0.064456545,0.2041012,-0.0895555,-0.11086024,-0.29336417,0.009715602,-0.0094410125,0.5965859,-0.11309173,0.0824264,0.24344528,-0.26003647,-0.054008804,-0.054176427,0.04353015,0.20384663,-0.2700432,0.19845355,-0.5650105,-0.35159245,0.01926826,0.0047140643,-0.07044276,-0.41029808,-0.36958897,0.08068229,0.108533785,0.03379816,-0.077323794,0.077111766,0.07290755,0.12036872,0.23277299,-0.034406085,0.01886876,0.2591464,-0.028674375,-0.19720785,0.14796634,0.02928944,0.28817672,-0.10889536,-0.37746096,0.053519826,0.08087173,0.25157222,-0.06290156,-0.2890229,0.08112493,-0.0006311126,0.087807685,-0.28629413,0.09371422,0.3889316,0.001846537,-0.2671057,-0.18237816,0.07085033,0.14035603,0.29196596,0.26321876,-0.17089243,-0.1917249,-0.218001,-0.2578549,0.16128519,-0.26492345,-0.004555445,-0.009827871,0.24856989,0.37849817,0.17282587,-0.01153627,0.52545875,-0.016441904,0.17418441,-0.32215258,-0.114801936,0.2272447,0.0004760176,0.06124503,0.02089592,0.20868857,0.07563397,0.30080503,0.012033876,-0.024296656,-0.11327839,0.1182525,-0.30820036,-0.25026253,-0.15236673,0.17813267,0.05884377,-0.018276453,0.029943556,-0.3404702,-0.25310954,-0.07170856,-0.2550304,0.3410045,-0.0034051477,-0.16414653,-0.22197312,0.34438285,0.0131827295,-0.1844298,0.000109579414,0.0323504,0.041614495,0.13886437,-0.003829814,-0.044598524,-0.44806153,-0.04014074,0.02865602,0.0074286386,-0.08222599,-0.19571103,-0.27399126,0.15512092,0.016186167,0.6457952,0.29552862,0.13295299,-0.0010032989,0.23986661,-0.0038038925,0.14498726,-0.4129144,-0.18240003,0.09860747,-0.03419004,0.54672515,-0.36382672,0.035282854,0.042409584,0.06584214,-0.04338348,-0.04867585,-0.006111834,0.23617032,0.3090968,-0.19129291,-0.074147984,-0.2187888,-0.30821916,0.022822965,-0.09562543,0.035187285,0.038350936,0.25775975,-0.26426718,-0.13313927,0.010927549,-0.5878451
0,-0.12761267,0.08599889,-0.039910894,-0.06127397,0.104994655,-0.016621828,0.055835545,-0.038857237,0.12288127,0.031265855,-0.023917543,-0.008304657,0.05236634,0.035054404,-0.11174417,-0.07002543,-0.03172177,-0.12644467,-0.035251006,0.070789784,-0.083055675,-0.03746157,0.029297687,-0.10074189,0.007788254,0.072837666,-0.06414669,-0.058704466,-0.04187551,0.019813437,-0.077441044,0.1304657,0.0894864,-0.05255681,0.09609036,-0.01759724,0.022880862,0.08219508,-0.09949957,-0.02873372,0.006456334,-0.015871366,0.07860576,0.07121986,0.044972703,-0.12672657,0.03377974,-0.004320087,0.02473149,-0.0061578713,0.051585846,-0.08633749,0.11157924,-0.010865651,-0.031867106,-0.016331322,-0.05370487,0.0501085,0.11971445,0.026067704,-0.095481455,-0.1216797,0.00015722215,-0.008605063,-0.106102705,0.06577465,-0.02959122,-0.1145748,0.091741204,-0.056306906,0.0517328,-0.107143596,0.10587102,-0.0058965683,-0.0073409798,-0.03429223,0.11382115,-0.041844577,-0.1460726,-0.07695071,0.013564117,-0.14206369,-0.0055119516,-0.07602737,-0.022291541,0.005808737,-0.051388633,-0.09263978,0.1255314,-0.117876165,-0.090003505,-0.042869076,-0.015892107,-0.059920207,0.067675374,0.047854,-0.04154007,0.11671664,0.018546538,0.10863788,-0.025930477,0.02737346,0.024209576,0.08232154,-0.007689366,-0.039415766,0.09867615,-0.050514642,-0.00052345917,0.029368956,-0.08235933,0.008485916,0.04514308,0.12391806,-0.034807526,-0.048886284,0.10980956,-0.006864166,0.03134786,0.05808951,-0.091794774,0.073893435,-0.13222289,-0.03556129,0.045608465,-0.016421966,0.077026516,-0.024028178,-0.020655828,-0.022478411,-0.08295305,-0.054047313,-0.121962056,-0.020213041,-0.11967088,-0.0619549,0.040441114,0.03920675,-0.07842305,-0.060978852,-0.022398697,-0.10483428,-0.01229769,-0.025491111,-0.047012217,-0.040584564,-0.07424102,0.038696945,-0.07657724,-0.0083442405,-0.08945347,0.029483747,-0.0926999,-0.030696802,0.06744179,0.13695626,0.03448362,0.0070315786,0.04205566,-0.057277095,-0.02185678,0.05206491,0.054703787,0.068920895,0.09819968,-0.09560138,-0.03084731,0.06594969,0.08176765,-0.0049229227,-0.045535762,0.02463952,-0.02434436,-0.052145492,0.05797122,-0.039181516,0.015157348,-0.12005606,-0.077262886,0.13266775,-0.076849565,-0.12073695,0.043826036,-0.10265453,0.018160082,0.0028649196,0.060683288,-0.025702205,-0.041620184,0.057392497,0.10093669,0.075646505,-0.0921605,0.06752497,0.11497935,-0.06741667,0.049694825,-0.0001389943,0.011739831,0.07750625,-0.02425778,0.05146802,0.11167769,0.110076144,-0.01222706,-0.02590558,0.078928426,-0.012983289,0.08547708,-0.07254099,-0.12681693,0.048335973,-0.110253684,0.06983623,0.074516796,0.060806632,-0.0002950728,0.032728557,0.057543907,0.07716808,-0.040559866,0.023508195,0.012423895,-0.050923873,-0.082099386,0.113768116,-0.04809298,-0.017855963,-0.058629002,0.047742553,-0.10598024,0.003490733,0.02089335,-0.038938615,0.0815976,-0.058802962,0.046467848,-0.09114947,0.014261879,0.019177752,-0.045516342,-0.054879703,-0.02335893,-0.029746488,-0.024883479,-0.00619795,-0.021400165,-0.12679008,-0.004938949,-0.08301622,-0.056921404,-0.034678824,0.074541815,-0.023323223,0.020629331,0.03806474
1,0.5833398,-0.57431036,0.52354515,0.19924246,0.103379905,0.54999644,-0.27468342,0.07711006,-0.41806495,-0.13043915,-0.019878048,0.3594838,-0.069535956,-0.5933563,0.3301731,0.15794034,0.1421091,0.4145199,0.30214885,-0.3541616,0.4517761,0.044919316,-0.62566555,0.16696213,0.2968871,-0.373515,0.23530215,0.018255714,0.13719253,-0.22090328,0.11972395,-0.28032267,-0.069637865,0.3104987,-0.39817274,-0.049582105,0.35872984,-0.3351972,0.12136783,0.10107101,-0.65293103,-0.13454375,-0.26609612,-0.008009572,0.010856636,0.12987466,-0.18787712,0.0816241,0.24889112,-0.36576247,-0.3451338,0.27473196,-0.16105765,0.021000762,-0.337337,-0.07574238,0.13280275,-0.16827331,-0.31888092,-0.40734798,0.104243934,0.28918725,0.07506964,0.32712418,0.13456343,-0.07278807,0.19712578,0.19570935,-0.0051699504,0.09564935,0.036430318,0.41977295,-0.43108958,0.24668773,0.04481987,-0.04838528,-0.5777835,0.32016033,-0.009791646,0.20128824,-0.39914528,0.3397029,-0.012384579,0.35426039,0.5270753,-0.24596798,0.28467375,0.26838267,-0.16609903,0.576856,0.49029118,0.035423256,0.4985612,0.38854307,-0.044638894,-0.45490518,0.18600792,-0.15240811,-0.16666687,-0.18532038,0.097623356,0.2688687,-0.13424385,-0.17818803,-0.40078923,0.027617492,-0.04702764,0.83321613,-0.15681207,0.10252933,0.3588996,-0.36032474,-0.09148912,-0.12232814,0.07734095,0.29508138,-0.4106794,0.27814308,-0.78225935,-0.50484467,0.059465535,-0.02052785,-0.05009169,-0.551541,-0.5215781,0.117691174,0.12020263,0.055803586,-0.100080155,0.11399885,0.13077946,0.18510276,0.3611434,-0.040025216,0.07013579,0.3768479,-0.05929512,-0.28286472,0.22862923,0.061936125,0.40000027,-0.11087389,-0.51099837,0.08294986,0.12935464,0.35992745,-0.06108516,-0.40713552,0.13626894,0.0008827932,0.15094927,-0.40341923,0.16005595,0.5461854,-0.018502839,-0.41599828,-0.26268122,0.09175422,0.17428653,0.42118955,0.3687378,-0.25093785,-0.28009567,-0.32053226,-0.38769817,0.25669733,-0.35017332,-0.026750889,-0.043817353,0.33839783,0.5315452,0.23012325,-0.005719047,0.73457533,-0.045314573,0.25622398,-0.44604433,-0.11323379,0.3382164,-0.0452995,0.11197023,0.071647756,0.26642329,0.14122565,0.40524352,0.01719686,-0.05896461,-0.14772442,0.178211,-0.44189525,-0.37661985,-0.23632309,0.27983755,0.053954065,-0.064429775,0.06687388,-0.48626316,-0.34326395,-0.102435306,-0.37934074,0.47519243,-0.021127427,-0.2650895,-0.34790292,0.4761612,0.025691196,-0.28413984,0.005336765,0.00828452,0.08215322,0.23684734,-0.020428743,-0.015865214,-0.6376103,-0.08066959,0.019006342,0.006157864,-0.12463178,-0.28596473,-0.40453854,0.225266,0.011254471,0.8747401,0.42178988,0.21446648,-0.043154668,0.3476933,4.807068e-05,0.2218839,-0.5827409,-0.21018206,0.13449353,-0.053089608,0.75897205,-0.5296292,0.074408695,0.038077258,0.123937644,-0.06570895,-0.07432046,0.010610443,0.34532842,0.4332472,-0.2516782,-0.091269165,-0.29891995,-0.41259322,0.07927738,-0.12900518,0.078651786,0.07398161,0.35987133,-0.38916945,-0.17779964,0.0071522407,-0.81685454
1,0.49651024,-0.48632994,0.4567836,0.16801141,0.09599513,0.46942705,-0.22885236,0.062742956,-0.35390124,-0.10879159,-0.018973473,0.3107146,-0.05423458,-0.51826674,0.28283626,0.13293795,0.1254634,0.34744042,0.26587898,-0.29654786,0.38297012,0.036220305,-0.5374718,0.1385561,0.25528267,-0.31837198,0.20258397,0.01632315,0.117842786,-0.19343276,0.09446839,-0.23178613,-0.0492987,0.26536086,-0.33740804,-0.044168588,0.31509975,-0.28998443,0.09480439,0.082848445,-0.5693417,-0.11499213,-0.22646748,0.001617331,0.017394144,0.10159445,-0.16965018,0.07111705,0.21792632,-0.31809282,-0.28848302,0.22653523,-0.13385716,0.015096996,-0.29378122,-0.06112832,0.116261885,-0.13945438,-0.26775983,-0.3478124,0.08114876,0.23995967,0.07329651,0.27954882,0.109092996,-0.061641358,0.17060171,0.16386002,0.007995252,0.07619308,0.028547283,0.35322115,-0.36518767,0.21860726,0.03387375,-0.04849371,-0.486497,0.2817149,-0.01713042,0.16351965,-0.34705046,0.2815006,-0.011093769,0.3021937,0.4519254,-0.21652737,0.24329539,0.22904888,-0.13485193,0.4843751,0.41629004,0.030158706,0.4285831,0.3385158,-0.028753184,-0.39126697,0.162113,-0.123478025,-0.14369352,-0.15691635,0.08460946,0.23358184,-0.116742134,-0.15162593,-0.34797937,0.015660763,-0.039965563,0.7183855,-0.1396381,0.08518429,0.30703864,-0.31306976,-0.07872674,-0.095408864,0.062240317,0.2557711,-0.3455312,0.23789907,-0.67016935,-0.43179893,0.04422552,-0.009510022,-0.049489632,-0.47874707,-0.45108095,0.107913956,0.111392304,0.05442222,-0.0953676,0.09777548,0.110311404,0.16551344,0.3058351,-0.03581843,0.04999779,0.31615278,-0.044280004,-0.24484174,0.19553152,0.04697825,0.34552696,-0.104574665,-0.44233453,0.07306694,0.10665494,0.30592853,-0.05265699,-0.35453403,0.113313496,0.006937504,0.12457296,-0.3474926,0.13288023,0.4675436,-0.010221645,-0.34869808,-0.22495554,0.08626243,0.15583168,0.35567555,0.32004774,-0.21714155,-0.24584539,-0.26902944,-0.33215234,0.20827281,-0.30797982,-0.018291038,-0.03316788,0.29740077,0.4584619,0.20540443,-0.0076023974,0.6411111,-0.033730887,0.21759692,-0.382088,-0.107754625,0.28812537,-0.026309915,0.0886136,0.05353693,0.22923465,0.11096305,0.34984708,0.010465149,-0.039099097,-0.13340755,0.1585463,-0.3766251,-0.31725952,-0.19701755,0.233802,0.05150795,-0.04985486,0.048667967,-0.41139355,-0.3022574,-0.08968718,-0.31889272,0.40595952,-0.021961445,-0.22155465,-0.2899621,0.4087838,0.017425433,-0.23934552,0.008202378,0.016793337,0.076858915,0.19325432,-0.019799393,-0.022484545,-0.54248184,-0.07092122,0.02067107,0.008267645,-0.10774264,-0.25114655,-0.34143376,0.19628258,0.012258206,0.76175886,0.36557826,0.18078382,-0.03544444,0.29390988,0.0011588591,0.18311316,-0.501289,-0.18770102,0.12310009,-0.045884628,0.6583751,-0.4494201,0.06233788,0.040824167,0.1001511,-0.051425494,-0.067932606,0.002814006,0.28854743,0.37698704,-0.22151572,-0.08006792,-0.25933763,-0.36203924,0.0570617,-0.11302027,0.06064075,0.06365036,0.3114182,-0.3285548,-0.15555996,0.0059584845,-0.6981339
1,0.53767085,-0.5301523,0.48941994,0.18287033,0.09978025,0.5096519,-0.25257915,0.0691485,-0.38619378,-0.1186225,-0.018768836,0.33558333,-0.06134709,-0.5550146,0.30446833,0.14527869,0.133145,0.38059863,0.2838681,-0.32435122,0.41613352,0.039708924,-0.5806487,0.15105833,0.27549437,-0.3453,0.21793446,0.01733461,0.12681483,-0.20696878,0.1069336,-0.25496852,-0.058832396,0.28837204,-0.36658847,-0.047780555,0.33711985,-0.3117972,0.10792008,0.09122451,-0.61098254,-0.12525742,-0.24566297,-0.0025895797,0.015347265,0.11459087,-0.17853187,0.075425975,0.23275149,-0.34167463,-0.31683174,0.25158826,-0.14629039,0.017693598,-0.31692243,-0.06887023,0.12274883,-0.15335594,-0.2933431,-0.3774314,0.09214163,0.2643488,0.07316254,0.3039573,0.12059341,-0.06667069,0.1845123,0.17679799,0.00051594153,0.08601454,0.03328533,0.3856764,-0.39693725,0.23226397,0.039189957,-0.049095582,-0.5313017,0.30018234,-0.013539448,0.18156259,-0.37196395,0.31120294,-0.013526738,0.32678527,0.4894024,-0.23217812,0.26389807,0.24777395,-0.14978573,0.53066266,0.45291758,0.033125445,0.46273565,0.36284408,-0.035845734,-0.42275515,0.17128402,-0.13665286,-0.15521134,-0.1687558,0.08990658,0.25213054,-0.124763235,-0.16377722,-0.37402713,0.02201067,-0.042481557,0.7745581,-0.1464729,0.0945192,0.332424,-0.33517578,-0.08373922,-0.10704466,0.06899463,0.27521145,-0.3772461,0.25723296,-0.7269133,-0.46759918,0.051434383,-0.013979021,-0.05068658,-0.5158026,-0.48498294,0.11228007,0.11614394,0.0542284,-0.0974114,0.10574567,0.12019037,0.17403008,0.33267784,-0.037431408,0.059359252,0.346493,-0.051928822,-0.26338434,0.2108683,0.05514717,0.37324297,-0.107592955,-0.47779113,0.07668841,0.11725104,0.33215636,-0.057833187,-0.38015354,0.12500978,0.0044027194,0.13710254,-0.37543812,0.14579493,0.5061529,-0.013993017,-0.3820467,-0.24352385,0.089603804,0.16464555,0.38861692,0.3433401,-0.23343387,-0.2613402,-0.29555404,-0.3596342,0.23304558,-0.32884467,-0.022785317,-0.037977304,0.31779328,0.49531445,0.21752638,-0.0064609423,0.6862868,-0.03916274,0.23660631,-0.41382986,-0.11063784,0.31200746,-0.035882518,0.099721014,0.06320437,0.24879336,0.12673774,0.37779254,0.014018357,-0.048426703,-0.13966624,0.1670686,-0.40920016,-0.34622997,-0.21637738,0.25613818,0.05418372,-0.05742214,0.057405017,-0.44906718,-0.32323787,-0.094957605,-0.35040444,0.43993902,-0.019217188,-0.24315362,-0.31816784,0.44329974,0.022201031,-0.26046672,0.0061547495,0.01357786,0.077471815,0.21507016,-0.019992892,-0.0212675,-0.59033316,-0.075127356,0.019578643,0.008264024,-0.11590321,-0.2670149,-0.37246713,0.21018898,0.013270225,0.8173405,0.3930831,0.19643173,-0.03834385,0.3203987,-3.5165343e-05,0.20240909,-0.54169935,-0.19942698,0.12724207,-0.049952645,0.7069904,-0.48906398,0.06539573,0.03954114,0.11250577,-0.058781825,-0.06974981,0.0063777566,0.31758603,0.40402025,-0.23669744,-0.08595214,-0.27906623,-0.3870938,0.06760527,-0.12112898,0.06950231,0.06854442,0.33602107,-0.35869893,-0.16602753,0.007942636,-0.75815016
1,0.51387894,-0.5106332,0.46888387,0.17432407,0.102348745,0.49616855,-0.24353838,0.065367036,-0.3673259,-0.11498012,-0.019875463,0.32524464,-0.058261342,-0.5331829,0.28744468,0.13619162,0.12585293,0.36204514,0.27046162,-0.31249896,0.40117323,0.03721675,-0.56194097,0.14108877,0.2687826,-0.3308381,0.20744824,0.011920162,0.12008102,-0.19890325,0.101614736,-0.24043155,-0.054102045,0.27561745,-0.35030755,-0.046658155,0.32635814,-0.2955237,0.10225926,0.088244624,-0.5883621,-0.12344393,-0.23326929,-0.0008572675,0.014048077,0.10545163,-0.1675969,0.07370716,0.22723696,-0.33143842,-0.30693606,0.24148461,-0.13440286,0.016348872,-0.3080957,-0.06894694,0.11488967,-0.14707018,-0.27736685,-0.36480385,0.08508,0.24916966,0.067264035,0.2953956,0.11088981,-0.060279287,0.17586596,0.16485062,0.0014724247,0.08118191,0.038150977,0.36886212,-0.37932348,0.22225483,0.039288,-0.047130216,-0.5102171,0.28614593,-0.022021595,0.17411427,-0.3590797,0.29511324,-0.013015315,0.3125624,0.47408396,-0.22293323,0.25341642,0.23354712,-0.13793257,0.5100887,0.43445373,0.028300226,0.447991,0.34633446,-0.033590026,-0.40603846,0.16309576,-0.12643483,-0.1497006,-0.15675467,0.08468521,0.24545848,-0.11924029,-0.1525563,-0.36337256,0.021285817,-0.0340292,0.747424,-0.14136554,0.0944792,0.316419,-0.32461864,-0.07758241,-0.09885935,0.06630808,0.26318407,-0.36167535,0.25066727,-0.70427865,-0.45082724,0.045125417,-0.010393094,-0.05679527,-0.50262666,-0.46638,0.105191685,0.11594428,0.049150523,-0.093358085,0.101264894,0.110975266,0.16209537,0.31494594,-0.038093295,0.052586436,0.3349374,-0.05078465,-0.25199947,0.19803494,0.049920797,0.35886213,-0.109248295,-0.46328115,0.07221159,0.11172378,0.32009524,-0.062292244,-0.36339733,0.11621469,0.0013015904,0.12771319,-0.3620075,0.13527955,0.4904163,-0.009853557,-0.3635428,-0.23459186,0.08414225,0.16106735,0.37538737,0.33174148,-0.22232492,-0.24852736,-0.28320557,-0.34131283,0.22371602,-0.3190758,-0.01779404,-0.032374475,0.30579337,0.47650442,0.21148476,-0.007535763,0.6585703,-0.035001136,0.22782852,-0.4013468,-0.11237412,0.2980018,-0.027994774,0.0938728,0.054367118,0.2442973,0.1192078,0.36756095,0.015897714,-0.047374293,-0.13668764,0.1570353,-0.39358994,-0.33020625,-0.20636842,0.24393557,0.05588156,-0.046950772,0.053611286,-0.4346789,-0.3109044,-0.090686396,-0.33765525,0.4263054,-0.0133575965,-0.23036493,-0.30436772,0.42905208,0.019748896,-0.2493965,0.0044065006,0.015810367,0.06768128,0.20282888,-0.014834639,-0.02411988,-0.5695159,-0.06632095,0.022240996,0.0065496974,-0.10961746,-0.25247645,-0.35759023,0.19929238,0.013005894,0.79146826,0.37761125,0.1858564,-0.028431784,0.30891997,-0.0023223911,0.19544986,-0.52174664,-0.19943081,0.12102785,-0.045684833,0.6808785,-0.47183973,0.060046677,0.03857213,0.10488818,-0.05799382,-0.06466264,0.0056534,0.3064658,0.3897605,-0.23106888,-0.08561358,-0.2710159,-0.37445784,0.060917113,-0.118186966,0.06320436,0.06277486,0.32185796,-0.34436962,-0.16284782,0.008944737,-0.7350161
0,-0.12759759,0.085556455,-0.04034358,-0.062379643,0.10540621,-0.016139876,0.05642812,-0.039536066,0.12337345,0.03085843,-0.024197014,-0.009520443,0.052404076,0.035147097,-0.111909136,-0.07014961,-0.032398134,-0.1275875,-0.034508415,0.07095893,-0.083712995,-0.03742911,0.02913449,-0.102058075,0.0071573462,0.07335544,-0.06459243,-0.059708014,-0.042944457,0.020060103,-0.077714466,0.13097742,0.08989177,-0.05251734,0.09617461,-0.017869558,0.02292011,0.082704045,-0.098799266,-0.02851842,0.006492302,-0.016145354,0.07810258,0.07139533,0.045037333,-0.12678686,0.034066275,-0.0045142006,0.024933018,-0.0059831906,0.051806018,-0.08698106,0.11207454,-0.010147508,-0.032040313,-0.016581733,-0.05361367,0.05099056,0.12047142,0.026395552,-0.095714584,-0.121824555,0.00010217726,-0.009082198,-0.10648156,0.06661413,-0.030407181,-0.11492214,0.09231259,-0.05692261,0.05208074,-0.1073327,0.10604638,-0.0061843432,-0.007818002,-0.034068435,0.11422603,-0.04158905,-0.14717424,-0.078414366,0.014169207,-0.1423508,-0.005291722,-0.07563849,-0.02316821,0.005527787,-0.052138854,-0.093516074,0.12701473,-0.117267266,-0.0907799,-0.04339537,-0.016319375,-0.06036336,0.06729177,0.047870625,-0.04263924,0.11721998,0.01903019,0.108360216,-0.026208991,0.027068026,0.024937222,0.08224767,-0.007714493,-0.03981966,0.09888294,-0.05105269,-0.00034721196,0.029877517,-0.08341155,0.00778081,0.044822603,0.1250829,-0.034959245,-0.049402893,0.10999004,-0.007073991,0.031393517,0.058113724,-0.09203625,0.07359245,-0.13338563,-0.035755336,0.045350607,-0.016550895,0.07779561,-0.024597753,-0.020406801,-0.022501254,-0.08321671,-0.053495955,-0.122067094,-0.020951334,-0.12018646,-0.062741995,0.040749762,0.04020927,-0.0787931,-0.061811086,-0.022079468,-0.10576703,-0.01187264,-0.026406221,-0.047101326,-0.040880673,-0.073815264,0.039462753,-0.07699282,-0.008891616,-0.09054941,0.029268973,-0.09279102,-0.030559521,0.067600906,0.13676709,0.034035258,0.006725453,0.041920952,-0.05758554,-0.022073267,0.052364953,0.054893702,0.06946935,0.09833692,-0.09524877,-0.031115938,0.06533494,0.08179043,-0.005010344,-0.047076534,0.02402373,-0.024981916,-0.05270445,0.058594212,-0.039441656,0.015429268,-0.120977126,-0.07817911,0.13245346,-0.07677877,-0.120839305,0.044154353,-0.10335417,0.018492084,0.0029087067,0.061241716,-0.025065659,-0.041223187,0.05599073,0.10112327,0.07517594,-0.0919713,0.0675732,0.116231,-0.06800165,0.0496589,-0.00056986883,0.011413395,0.07821178,-0.023533298,0.05200008,0.112099126,0.110444024,-0.012127986,-0.025057914,0.07792857,-0.013140045,0.08597622,-0.07306527,-0.12628862,0.04928041,-0.11083712,0.06982158,0.07506842,0.060731575,-0.0008173054,0.03397482,0.058217112,0.07693836,-0.04099883,0.023898397,0.012704156,-0.051109917,-0.08268006,0.114492476,-0.048307076,-0.017151084,-0.059738923,0.047874093,-0.10692114,0.0031077676,0.021276478,-0.039601352,0.08143529,-0.05898545,0.04590026,-0.0913758,0.014656123,0.01929848,-0.04541518,-0.054461565,-0.023783006,-0.029603105,-0.02478318,-0.0055257212,-0.02151775,-0.12604508,-0.0047591366,-0.083895184,-0.056606602,-0.034819607,0.07499478,-0.023175135,0.020781029,0.03828522
1,0.69731027,-0.68510586,0.6133911,0.24140094,0.107793145,0.64917964,-0.33126962,0.09683753,-0.5044803,-0.15872537,-0.019893195,0.42102584,-0.08935011,-0.69307345,0.39753565,0.19322242,0.16772988,0.50290316,0.35267988,-0.42540088,0.54129654,0.05912428,-0.73558414,0.20721805,0.3471605,-0.4460172,0.28162026,0.025916513,0.16459844,-0.25882894,0.15129834,-0.3452239,-0.09539147,0.3677951,-0.47834533,-0.05594517,0.4144934,-0.39803216,0.15657882,0.12339279,-0.76103264,-0.1568957,-0.32039708,-0.020239837,0.0038685128,0.16984451,-0.2184146,0.09497664,0.2865467,-0.4260021,-0.41351086,0.33590066,-0.20019048,0.026148181,-0.39117378,-0.08839163,0.1597541,-0.20471361,-0.3879554,-0.48058504,0.13565314,0.35467762,0.08341449,0.38559973,0.17103155,-0.09137621,0.23307677,0.24212089,-0.021783337,0.12068108,0.03956559,0.506726,-0.51763356,0.28582335,0.05496472,-0.04904821,-0.693051,0.3746977,0.006443791,0.24765529,-0.46791962,0.41765368,-0.011838548,0.42432803,0.62050015,-0.28606442,0.3405471,0.32267854,-0.21067902,0.6925962,0.5860745,0.046449527,0.5852026,0.45698965,-0.06358225,-0.5367763,0.22073525,-0.19281346,-0.19696434,-0.22817814,0.115357436,0.31017473,-0.15923046,-0.2173761,-0.46780458,0.04111556,-0.06417079,0.9786026,-0.18064004,0.12093289,0.43010205,-0.42074913,-0.11081974,-0.16094974,0.09649874,0.3491455,-0.4953843,0.32712108,-0.9186068,-0.5989924,0.08081757,-0.03495544,-0.043050267,-0.6397356,-0.61252683,0.13583955,0.12950405,0.06378601,-0.11076283,0.1355487,0.1621568,0.21717449,0.43649378,-0.04392929,0.09741512,0.45165643,-0.07734473,-0.33432466,0.27562904,0.08115211,0.4690831,-0.1143754,-0.59479004,0.099515036,0.1591293,0.42736936,-0.064345926,-0.47629902,0.16778389,-0.0012787282,0.18701905,-0.47403675,0.19922929,0.64317596,-0.03236363,-0.5050656,-0.31125292,0.103022434,0.19885994,0.50090253,0.4322957,-0.29763633,-0.33003545,-0.38476646,-0.46381786,0.31613258,-0.4036853,-0.0393466,-0.06190866,0.39242792,0.6250296,0.26361078,-0.0022175275,0.8602337,-0.062196553,0.30454087,-0.5241303,-0.11514958,0.40476602,-0.071129784,0.14229484,0.09961093,0.30758604,0.18141873,0.47154766,0.022525653,-0.08284232,-0.1672098,0.20876911,-0.5234955,-0.4534023,-0.28699693,0.33998644,0.054004535,-0.08891877,0.08855909,-0.5776178,-0.397801,-0.12045537,-0.45660892,0.5594127,-0.027395556,-0.32300636,-0.42369574,0.56001043,0.034295827,-0.34288,0.0062722303,-0.0025942065,0.0982379,0.2943895,-0.027413059,-0.0030362569,-0.7559814,-0.10021176,0.01443544,0.005127605,-0.14838734,-0.33724895,-0.484383,0.26555276,0.00939754,1.0179979,0.49615178,0.2600763,-0.061718185,0.4135441,0.0011796257,0.26901248,-0.6862586,-0.2333466,0.15361764,-0.0640072,0.88975894,-0.63107926,0.09462291,0.035570122,0.15763688,-0.08183838,-0.0868944,0.019636419,0.41326007,0.5069023,-0.2898616,-0.103459924,-0.3480949,-0.47825253,0.11068587,-0.1485464,0.10224022,0.091453485,0.42410082,-0.4660666,-0.2039524,0.006033294,-0.9618078
1,0.50050205,-0.49849698,0.45839486,0.16954164,0.102274284,0.4854375,-0.237445,0.06337031,-0.35677534,-0.11215185,-0.020126961,0.31784457,-0.055596225,-0.5210056,0.27893013,0.13158016,0.12246938,0.35160756,0.2638589,-0.3053542,0.39121228,0.03518358,-0.55034506,0.13585062,0.26390612,-0.32241678,0.20143935,0.010113593,0.11645267,-0.19459131,0.09803844,-0.23280457,-0.051168796,0.2685548,-0.3409272,-0.045614462,0.31974065,-0.2875441,0.09783369,0.08626118,-0.5757095,-0.120990396,-0.22726499,0.00023964792,0.014292806,0.100273356,-0.16291268,0.07206947,0.22323188,-0.324928,-0.29980567,0.23432642,-0.12907106,0.016221296,-0.3021599,-0.068689436,0.111214675,-0.1430747,-0.2690482,-0.35708714,0.0815064,0.2411835,0.06550527,0.28941318,0.10576497,-0.05763305,0.17124318,0.15870112,0.0031948686,0.07847385,0.039395384,0.3589152,-0.3691585,0.21763887,0.038879678,-0.04671165,-0.49747506,0.2789181,-0.025013853,0.16923682,-0.35130343,0.28554142,-0.012714185,0.30454057,0.46383125,-0.21769932,0.24677362,0.22665362,-0.13210507,0.4974508,0.42346728,0.026313879,0.43871933,0.33766752,-0.031808443,-0.39692888,0.15869755,-0.12165803,-0.1460668,-0.15148556,0.08275732,0.241281,-0.11611489,-0.14797366,-0.35592878,0.020313144,-0.030978708,0.7318257,-0.1385653,0.09251551,0.30815995,-0.31798607,-0.075023115,-0.09439815,0.06450455,0.25626743,-0.35156497,0.24555862,-0.69019896,-0.4401125,0.04255656,-0.009262528,-0.058877025,-0.4930064,-0.45569614,0.10217502,0.115029484,0.04764505,-0.091090076,0.09861123,0.10591927,0.15745302,0.3050531,-0.0376825,0.049547248,0.3265696,-0.04899424,-0.24591218,0.19178538,0.04736939,0.35119894,-0.10957448,-0.45457286,0.0699992,0.1082591,0.31293082,-0.06313549,-0.35522085,0.112345085,0.00017488003,0.12331824,-0.354246,0.13002782,0.48057112,-0.007911146,-0.3530456,-0.22916497,0.08213118,0.15824617,0.3670746,0.3243396,-0.21632706,-0.24211714,-0.2760591,-0.33175242,0.21709299,-0.31281573,-0.016260039,-0.02984329,0.29961196,0.46558306,0.2073611,-0.008355599,0.6433403,-0.032676242,0.2223634,-0.39291477,-0.11319384,0.29022354,-0.024988867,0.0902421,0.0503416,0.24048339,0.11446351,0.3604122,0.015807051,-0.04557571,-0.13401894,0.15323235,-0.38454384,-0.32152328,-0.20067,0.23699974,0.056566983,-0.043168485,0.05125255,-0.42527926,-0.30446643,-0.08865188,-0.32868746,0.41752926,-0.0116529185,-0.22340976,-0.29563737,0.41975003,0.01906456,-0.24236217,0.0038057156,0.016857203,0.064373866,0.19568175,-0.01313493,-0.025934938,-0.55662745,-0.06267146,0.022877708,0.005928602,-0.1070445,-0.24554862,-0.3486499,0.19446816,0.012939472,0.77559054,0.3689557,0.18031025,-0.024848018,0.30206305,-0.003023407,0.19020382,-0.5101967,-0.19786535,0.11851725,-0.044510398,0.66593933,-0.46058083,0.057590146,0.038807184,0.10006464,-0.056780152,-0.06274102,0.004455816,0.29923713,0.38145757,-0.2268737,-0.084711514,-0.26519176,-0.36641705,0.05685168,-0.11615588,0.060553435,0.06025247,0.3137463,-0.33574322,-0.16022241,0.008724496,-0.71971345
0,-0.13772413,0.09117518,-0.047435533,-0.068266615,0.111769944,-0.020970557,0.059798896,-0.043117177,0.13313103,0.03589614,-0.025300428,-0.015758192,0.056243494,0.045138847,-0.12271934,-0.073592305,-0.038552128,-0.13331634,-0.04315918,0.080343045,-0.090916276,-0.039557952,0.037950225,-0.111539304,0.0033381414,0.07968392,-0.07128648,-0.06821067,-0.047946535,0.029435564,-0.08201352,0.1373738,0.09418017,-0.055039883,0.10728652,-0.019864133,0.022754965,0.09182873,-0.1040975,-0.033872496,0.010406744,-0.021511737,0.08027647,0.075823836,0.047507122,-0.13461457,0.036715955,-0.011119654,0.024357934,0.0015401468,0.05246889,-0.091379404,0.12148243,-0.004006475,-0.033769324,-0.019784983,-0.061286002,0.05411949,0.12905186,0.029859718,-0.101489104,-0.13045636,-0.003558956,-0.012923105,-0.10965255,0.07370399,-0.040024154,-0.12653103,0.102313876,-0.061462585,0.053058542,-0.11385204,0.11277723,-0.00994996,-0.010702241,-0.03172186,0.120647825,-0.052013315,-0.15932378,-0.080797896,0.018622868,-0.15225098,0.00057843514,-0.08241698,-0.027099708,0.0070237443,-0.05763564,-0.10533887,0.13078067,-0.121591344,-0.094739154,-0.047854047,-0.024552435,-0.070805274,0.07020553,0.050692014,-0.04992745,0.12656759,0.022169983,0.11999459,-0.030394038,0.025817126,0.031540222,0.085201055,-0.0030463599,-0.03812462,0.10545495,-0.05838934,0.0055310577,0.03616718,-0.085242644,0.013988349,0.052688584,0.13344187,-0.041623645,-0.05560407,0.11856401,-0.013456737,0.035925582,0.06695714,-0.0960136,0.074899286,-0.13993222,-0.027549343,0.05313796,-0.025560692,0.08048318,-0.033039946,-0.013339303,-0.02547263,-0.09019828,-0.06682649,-0.12999603,-0.0212306,-0.12651555,-0.06361598,0.04784833,0.045446597,-0.08281502,-0.06541824,-0.024742432,-0.10848412,-0.007957034,-0.029673759,-0.049978487,-0.045158546,-0.07783458,0.04615333,-0.08092754,-0.011970319,-0.09542446,0.036579113,-0.0959,-0.039335065,0.06513634,0.14672014,0.0395068,0.004313737,0.046782166,-0.06284934,-0.028155433,0.057515,0.06136667,0.07018456,0.10888317,-0.09898119,-0.030373277,0.064626165,0.088472456,-0.0077341087,-0.051655155,0.01779411,-0.027096659,-0.061934527,0.062419742,-0.048440617,0.01764779,-0.12489727,-0.08318255,0.13471249,-0.08034377,-0.12758052,0.050863847,-0.107521534,0.016195271,0.0039117485,0.06188646,-0.020241387,-0.05283402,0.060830552,0.10502507,0.079441175,-0.10089639,0.07153256,0.121280394,-0.07140832,0.056126863,0.004130166,0.013532154,0.08582754,-0.02593904,0.054984033,0.12265523,0.12131426,-0.016544977,-0.023798577,0.08674288,-0.017249893,0.094203666,-0.08416397,-0.1343584,0.05269132,-0.120397806,0.07434079,0.08151856,0.061996832,0.0011085719,0.038636845,0.063766226,0.08231358,-0.045113105,0.025169238,0.010056343,-0.060181335,-0.09301584,0.12500487,-0.053793695,-0.016867807,-0.06326638,0.057186652,-0.11347434,-0.0017318465,0.023601513,-0.04462034,0.09148499,-0.066510126,0.05009909,-0.09699216,0.014195418,0.02465731,-0.04845714,-0.060281996,-0.03451936,-0.027396502,-0.02628908,-0.0005771406,-0.019090053,-0.13325566,-0.0026574247,-0.089895755,-0.064769655,-0.033280227,0.07944432,-0.016909055,0.022095662,0.04184097
1,0.48227528,-0.47427425,0.44485947,0.16228971,0.097353876,0.45928612,-0.22331429,0.059674684,-0.34248364,-0.10511859,-0.019251846,0.30432338,-0.051622577,-0.50603044,0.27247223,0.12775125,0.12077776,0.33640084,0.25904864,-0.28951526,0.371961,0.033089656,-0.52566797,0.13240293,0.25013477,-0.30922702,0.1957333,0.013690401,0.11367682,-0.18823177,0.09129994,-0.22326794,-0.046421032,0.25928053,-0.32719463,-0.043969076,0.30854863,-0.2811083,0.09032446,0.080701664,-0.5570742,-0.11335304,-0.21881877,0.0026748627,0.018054988,0.09527628,-0.16356647,0.069637805,0.21429917,-0.31138545,-0.28216136,0.21976045,-0.1279071,0.015201289,-0.28834024,-0.06175573,0.110765286,-0.13589138,-0.25876293,-0.34084362,0.07674609,0.23201154,0.070128046,0.273731,0.10306069,-0.057511814,0.16630797,0.15629089,0.010039374,0.073531836,0.030709762,0.34244138,-0.35447505,0.21260911,0.034335814,-0.04814593,-0.47390863,0.27330047,-0.021274298,0.15886599,-0.33814147,0.27134314,-0.012729507,0.29282677,0.44233257,-0.21108514,0.2353745,0.22140652,-0.12763454,0.47233906,0.40475076,0.02736707,0.42024678,0.32897246,-0.0271971,-0.38183555,0.15617572,-0.11745764,-0.13939807,-0.14954245,0.082172185,0.2305634,-0.11296546,-0.1452237,-0.34058905,0.014738448,-0.034834452,0.70248383,-0.13584524,0.08427553,0.29712382,-0.30606633,-0.07577579,-0.08900859,0.059719384,0.24831553,-0.33553565,0.23322587,-0.6575056,-0.42114207,0.041108295,-0.007942576,-0.053278692,-0.4707004,-0.44078013,0.103699446,0.11081693,0.051025745,-0.09246838,0.09509518,0.10462661,0.15929666,0.2959488,-0.035879206,0.045976892,0.30858117,-0.042809334,-0.23789375,0.18844785,0.044972956,0.3380709,-0.10635686,-0.43494117,0.0694602,0.10319373,0.2990945,-0.055153992,-0.34587172,0.10918692,0.0050664768,0.119651556,-0.33978006,0.12675236,0.45764953,-0.007216014,-0.33792055,-0.2196619,0.08387449,0.15216863,0.34821802,0.3121113,-0.21059904,-0.23783395,-0.26288843,-0.32168254,0.20251805,-0.30195665,-0.016441371,-0.029666,0.2908211,0.44817927,0.2005749,-0.008452117,0.6243307,-0.031034224,0.21268232,-0.374659,-0.10954631,0.27941644,-0.022815637,0.08520214,0.048525505,0.2270981,0.105814874,0.3443436,0.010990925,-0.036291108,-0.13050434,0.153052,-0.3680296,-0.30843866,-0.19134165,0.2264934,0.05265671,-0.04535187,0.04709795,-0.4024874,-0.29544076,-0.08678599,-0.31016117,0.39801136,-0.018541174,-0.21470676,-0.28054473,0.4004547,0.017580643,-0.2321164,0.006237138,0.018323842,0.0716717,0.18644485,-0.016668972,-0.026112467,-0.5301302,-0.06606095,0.022255622,0.007862691,-0.10423556,-0.24276598,-0.33252287,0.19022237,0.0129246,0.745808,0.35625833,0.17472556,-0.02998909,0.28728598,-4.3474603e-05,0.1786218,-0.48995727,-0.1868009,0.118914105,-0.043884788,0.64280635,-0.4381358,0.057893742,0.040315725,0.09508122,-0.050265647,-0.0647768,0.0023496412,0.28287053,0.36816335,-0.21720898,-0.079198636,-0.25441724,-0.35411003,0.052398067,-0.111214906,0.057919364,0.06002822,0.3033625,-0.32033035,-0.15329304,0.0075331945,-0.6845017
0,-0.1472971,0.09019309,-0.043030117,-0.0713745,0.110915236,-0.020552598,0.057233505,-0.04573963,0.13280536,0.039687485,-0.025071649,-0.016578296,0.059256952,0.04681815,-0.12665251,-0.072511174,-0.04188341,-0.12802762,-0.04294066,0.0834188,-0.09419111,-0.041530713,0.03901647,-0.1159008,0.00107258,0.07862693,-0.075894155,-0.069231346,-0.04677023,0.030664619,-0.08245567,0.13552481,0.093737856,-0.05154743,0.11285786,-0.02349194,0.026103936,0.0913158,-0.10930151,-0.035514567,0.0034430064,-0.022834737,0.07525134,0.075468004,0.053100895,-0.13804957,0.034390517,-0.017633071,0.026139118,0.0027680397,0.05354535,-0.08901865,0.11974113,0.000191167,-0.035875842,-0.023824453,-0.06360498,0.052759252,0.12958032,0.029058345,-0.102217205,-0.12988564,-0.0035875738,-0.010970108,-0.1084058,0.07453474,-0.040584713,-0.13498011,0.109827876,-0.061657015,0.05047312,-0.111218065,0.116122946,-0.00941027,-0.0103300605,-0.034027748,0.121083245,-0.05375678,-0.16112788,-0.078850225,0.019380618,-0.15416437,0.00051987916,-0.08504322,-0.026679786,0.0038942099,-0.05617969,-0.10611084,0.1287,-0.12191588,-0.09081368,-0.046117805,-0.030421585,-0.07155988,0.07444896,0.049277775,-0.054790217,0.1310478,0.023852663,0.12647098,-0.027876958,0.028562242,0.034730487,0.08542915,-0.0015374385,-0.03487996,0.10795869,-0.058449626,0.009472869,0.038684282,-0.08075462,0.01485408,0.05512195,0.1376212,-0.045935217,-0.057054035,0.120002426,-0.015986774,0.033459205,0.07340573,-0.10090168,0.077536136,-0.13847283,-0.026562186,0.055615183,-0.02457343,0.081936434,-0.034280587,-0.007341411,-0.027441375,-0.09168576,-0.07010205,-0.13089998,-0.01680221,-0.1294668,-0.059554797,0.05242403,0.043495543,-0.08331282,-0.061873488,-0.025373748,-0.107374534,-0.011182187,-0.029529694,-0.05321865,-0.046030775,-0.08229533,0.042495668,-0.07827762,-0.014567271,-0.0943485,0.038229246,-0.09674105,-0.04135222,0.061163384,0.1471924,0.04036928,0.0070004053,0.048121303,-0.062424485,-0.030375836,0.05709493,0.06321864,0.06633488,0.108633146,-0.098087534,-0.030728634,0.06421761,0.09071253,-0.006466195,-0.047438722,0.011438042,-0.027563121,-0.059968244,0.061721392,-0.05301306,0.0144762155,-0.12697996,-0.08215431,0.13256271,-0.07885225,-0.12541604,0.056374706,-0.10955757,0.018533686,0.0010604262,0.063143924,-0.016634338,-0.057390876,0.061575178,0.10312796,0.08218463,-0.10516743,0.07282071,0.11763743,-0.06976339,0.055596687,0.0015552379,0.014714029,0.08908393,-0.025035735,0.053444553,0.12069914,0.12322512,-0.014698284,-0.020025799,0.094729066,-0.022470433,0.0991333,-0.08638785,-0.13546652,0.052098975,-0.1279669,0.075018294,0.081281975,0.06076829,0.005928023,0.039186385,0.06245542,0.08455872,-0.043368116,0.028913133,0.009846322,-0.063041724,-0.09655955,0.12789837,-0.05476993,-0.014870882,-0.06274898,0.05749162,-0.11586709,-0.004489705,0.023142587,-0.04283606,0.09257862,-0.07616912,0.05179607,-0.098229505,0.014990542,0.02641411,-0.052630782,-0.060494054,-0.036484174,-0.026625948,-0.029535525,0.0005652439,-0.021936852,-0.13850997,0.0007397644,-0.08890513,-0.067996174,-0.0277434,0.0810727,-0.0130504,0.026676929,0.039972667
1,0.48313704,-0.47970548,0.44554123,0.16242194,0.10051812,0.46702605,-0.22763765,0.059858058,-0.34360218,-0.106369734,-0.020026706,0.30730882,-0.051483296,-0.5061902,0.26977274,0.12687474,0.11889088,0.33893198,0.25745964,-0.29225937,0.37520558,0.031931106,-0.5314503,0.12970322,0.25390235,-0.31095186,0.19403641,0.009942349,0.112658426,-0.18775482,0.092187084,-0.22412837,-0.04681768,0.26075915,-0.32814813,-0.045692455,0.3113732,-0.27884462,0.0907197,0.081405535,-0.5606274,-0.11690905,-0.21940513,0.0030635335,0.017081007,0.09455432,-0.16082464,0.06880127,0.21673796,-0.31426734,-0.28763995,0.22361597,-0.12530676,0.016850501,-0.29346418,-0.0654841,0.10793948,-0.13698396,-0.259055,-0.34464726,0.07600944,0.23194222,0.06681592,0.27837455,0.10177405,-0.0550754,0.16559894,0.15257448,0.008930095,0.07405305,0.035643745,0.34518018,-0.35632232,0.21249147,0.035938226,-0.04758778,-0.47876635,0.27169538,-0.025897339,0.16131265,-0.34002826,0.27307352,-0.01267007,0.29363722,0.44806686,-0.21226797,0.23754984,0.2197318,-0.12688042,0.47813883,0.40863013,0.025486134,0.42368978,0.32792017,-0.02787447,-0.38465777,0.153581,-0.11518952,-0.14106669,-0.14591405,0.08108693,0.23471552,-0.11164399,-0.14391848,-0.34392893,0.017196476,-0.029910466,0.7081173,-0.1347402,0.08891216,0.2982448,-0.30724087,-0.07315834,-0.08765458,0.060123682,0.24831381,-0.3373363,0.23575415,-0.66650176,-0.42435184,0.03957233,-0.0072725527,-0.057866737,-0.47671458,-0.44209602,0.10051679,0.11295572,0.046973657,-0.089622736,0.094865516,0.10219617,0.15446013,0.29507518,-0.036450107,0.045405,0.31367105,-0.043604348,-0.23836474,0.18672767,0.045481294,0.3407521,-0.10849534,-0.44011647,0.06820218,0.10350683,0.30181012,-0.05988477,-0.3462696,0.108640686,0.002145417,0.11915341,-0.34232813,0.12572755,0.46283537,-0.007418528,-0.33879116,-0.22025092,0.08182938,0.15438133,0.35315198,0.31372136,-0.209782,-0.2354341,-0.26600045,-0.32115856,0.20617834,-0.30427188,-0.015286487,-0.027548347,0.2916821,0.451511,0.20087752,-0.008550361,0.6252677,-0.031020418,0.21399914,-0.37989196,-0.112310156,0.28015444,-0.022497885,0.08569135,0.047197,0.23306412,0.107369706,0.34900403,0.01349771,-0.039462358,-0.13038808,0.14918454,-0.370964,-0.31027755,-0.19205937,0.22715785,0.055794224,-0.042035393,0.047643103,-0.408944,-0.29676244,-0.08633953,-0.31427175,0.4030424,-0.013624379,-0.21439017,-0.2827918,0.40597466,0.018277586,-0.2325674,0.0037248172,0.019557625,0.06442505,0.18648973,-0.013663493,-0.02911365,-0.53684765,-0.062147968,0.023121886,0.0076413825,-0.103606686,-0.2398143,-0.3352151,0.18936191,0.013791341,0.752372,0.35721034,0.17332739,-0.024652723,0.29089785,-0.0015692511,0.1814872,-0.49339503,-0.19235905,0.11654037,-0.04399661,0.64612854,-0.44250172,0.05449232,0.040264703,0.09470046,-0.052969985,-0.062082715,0.0024362318,0.2877198,0.36940464,-0.21962619,-0.08187731,-0.2565361,-0.35682276,0.05102701,-0.112142965,0.057510253,0.05733932,0.30568606,-0.32304966,-0.15482014,0.008475255,-0.6943758
1,0.13998152,-0.14987461,0.17768143,0.037637204,0.08634552,0.17547417,-0.060228296,0.0021335236,-0.08785069,-0.02399708,-0.019647393,0.1253985,0.007125886,-0.20865217,0.06784777,0.021545019,0.042895053,0.07586452,0.10687463,-0.08118014,0.11105325,-0.007673977,-0.20450832,0.008152891,0.104131445,-0.09605023,0.05527889,-0.012708425,0.031258453,-0.07738711,-0.000779178,-0.02969686,0.029194135,0.08769508,-0.089009725,-0.027834713,0.14449196,-0.090323016,-0.013800871,0.017013658,-0.23699674,-0.050083295,-0.057513654,0.038609147,0.037587874,-0.024250753,-0.06891014,0.029846763,0.10472784,-0.13627541,-0.08336085,0.043933578,-0.007502135,-0.0015861578,-0.13411875,-0.026826717,0.02755877,-0.028293394,-0.05287774,-0.12586752,-0.017566107,0.036777824,0.041020818,0.106866114,-0.008011345,-0.0002837712,0.060923845,0.012101501,0.05423867,0.00035301968,0.028393406,0.08792777,-0.09741226,0.09521243,0.0068071894,-0.046481773,-0.13477454,0.10938218,-0.074283645,0.02182725,-0.13617972,0.042366035,-0.014416806,0.08580957,0.16984233,-0.09374665,0.07500672,0.057299975,0.006446544,0.13212997,0.12417871,-0.005184237,0.16481677,0.12313225,0.029383168,-0.13876718,0.049193576,0.005946085,-0.051530495,-0.017996065,0.027288083,0.11090009,-0.038493033,-0.025635134,-0.14621279,-0.021499682,0.02138989,0.27343854,-0.06267056,0.035303276,0.08670257,-0.12857123,-0.015284279,0.025807366,0.0044056624,0.08718951,-0.08581563,0.09114327,-0.25817245,-0.14435503,-0.026879245,0.03755321,-0.078265294,-0.21511084,-0.16833642,0.048798013,0.0857234,0.024594592,-0.05962014,0.029814461,0.008541332,0.05786464,0.06913687,-0.02403199,-0.03770513,0.09104939,0.0069967844,-0.085748285,0.04370905,-0.011784375,0.13315961,-0.0966895,-0.1903382,0.02043568,0.014855236,0.10035391,-0.052510023,-0.13722645,0.013799708,0.009240642,0.009590924,-0.13166288,0.0075871833,0.1733537,0.03386097,-0.07406106,-0.07633641,0.04847751,0.08197528,0.11575109,0.12423223,-0.070092104,-0.08507192,-0.07369353,-0.09447123,0.03024507,-0.14382502,0.023902338,0.025254462,0.1293097,0.17129515,0.10204624,-0.018017627,0.24943972,0.018088017,0.07026841,-0.1461989,-0.10593511,0.080716014,0.05759672,-0.004744917,-0.03439633,0.10961421,-0.01122836,0.15164728,-0.0014077611,0.028644428,-0.07343537,0.058104414,-0.1256876,-0.07951515,-0.041093808,0.047656957,0.05577148,0.032690756,-0.0175381,-0.13795188,-0.1342804,-0.032018427,-0.086743325,0.1511178,0.0067547266,-0.042759907,-0.05976357,0.15881358,-0.008719832,-0.057639115,0.0022037849,0.05242309,0.013467073,0.01531136,0.007871909,-0.066374466,-0.18294671,-0.0030937754,0.037592873,0.009624144,-0.0327124,-0.08527078,-0.09680398,0.06821637,0.020279847,0.32268205,0.13556406,0.03704901,0.031090485,0.09402461,-0.0062161987,0.04109227,-0.184978,-0.1243498,0.059165664,-0.011958043,0.25478196,-0.14183712,-0.0057266764,0.046132386,-0.0038295016,-0.0061751716,-0.024290426,-0.024411485,0.08573481,0.1513408,-0.10704468,-0.045668405,-0.11037931,-0.16256016,-0.041991666,-0.053347055,-0.01373833,0.006058197,0.11243139,-0.09359372,-0.0776435,0.012620702,-0.26117808
1,0.48177204,-0.4761221,0.4451513,0.16268973,0.09801982,0.4620402,-0.22530434,0.059641037,-0.34329575,-0.10530588,-0.019321091,0.30550608,-0.05161617,-0.5059553,0.27077717,0.12724836,0.11990355,0.3370846,0.2585786,-0.29094434,0.3727916,0.03222547,-0.5278438,0.13091284,0.25142047,-0.3100008,0.19439462,0.012990512,0.11320671,-0.1882073,0.09178511,-0.22362024,-0.04674829,0.26024342,-0.32765234,-0.044806372,0.30985758,-0.28007075,0.089871004,0.08092626,-0.5586382,-0.11446653,-0.21864206,0.0027919859,0.01779449,0.09505366,-0.16248533,0.06905356,0.21531233,-0.31250584,-0.28404278,0.22160149,-0.12719405,0.015677016,-0.2908221,-0.06344625,0.109122284,-0.13584872,-0.25928953,-0.34189105,0.07615155,0.23225464,0.06879958,0.2760153,0.10218808,-0.056269713,0.16680947,0.15381905,0.008959282,0.073837444,0.032946926,0.34364185,-0.35505188,0.21298356,0.03526309,-0.0486097,-0.47540095,0.27326673,-0.022214074,0.15967384,-0.3384109,0.27209035,-0.01389287,0.29240024,0.44477546,-0.21171167,0.23629488,0.22127406,-0.1278465,0.47426775,0.40624928,0.026995063,0.42125022,0.32926485,-0.027312838,-0.38306662,0.15419216,-0.116493225,-0.13988538,-0.147825,0.08205032,0.23294106,-0.112214915,-0.14460252,-0.34167174,0.01563131,-0.032750927,0.7042187,-0.13511196,0.08579628,0.29710835,-0.3060799,-0.07482673,-0.08810959,0.059660792,0.24799344,-0.3358334,0.2341561,-0.66130984,-0.42180598,0.04046622,-0.0073400773,-0.055413827,-0.4737793,-0.44055614,0.10282461,0.11157369,0.04920272,-0.091462575,0.094887115,0.103661105,0.15800446,0.2953269,-0.03585918,0.04608053,0.3100099,-0.043249857,-0.2384321,0.18726434,0.046177544,0.33929762,-0.10715589,-0.43756825,0.06861269,0.10264924,0.30006748,-0.056905642,-0.34632778,0.10942094,0.004245095,0.11946896,-0.34113547,0.12598866,0.45996022,-0.0070169047,-0.3378234,-0.21994545,0.083259106,0.15255791,0.35038722,0.31220448,-0.21006358,-0.23577298,-0.2644289,-0.32226142,0.20396304,-0.30230507,-0.01630954,-0.028854385,0.29115975,0.44968298,0.20038274,-0.008024972,0.62409323,-0.03113731,0.21351574,-0.37652457,-0.110403344,0.27935454,-0.022819422,0.08520156,0.0488023,0.22932197,0.10656649,0.34623468,0.012372427,-0.037255287,-0.13049893,0.15185805,-0.368941,-0.30883548,-0.19192354,0.22683527,0.054353528,-0.04456926,0.047723874,-0.40544152,-0.2962898,-0.086508006,-0.31222758,0.39972553,-0.015655683,-0.21478893,-0.2815923,0.40279108,0.018295556,-0.23206538,0.0050721206,0.018293876,0.06850888,0.18671232,-0.015320048,-0.027870663,-0.5326536,-0.06418318,0.022132374,0.008075394,-0.1041577,-0.24103683,-0.33367407,0.19041306,0.013776999,0.74758995,0.3567848,0.17412233,-0.02815583,0.28882778,-0.0010442906,0.17975047,-0.49175555,-0.18877898,0.11717829,-0.04493041,0.64355415,-0.44001704,0.0556021,0.04016736,0.09507442,-0.051368423,-0.0631639,0.0021025352,0.28552112,0.36845064,-0.217659,-0.08053097,-0.2552476,-0.3550889,0.051591124,-0.11152831,0.058187287,0.059597332,0.30385613,-0.3211964,-0.154026,0.0080909785,-0.6884005
1,0.7928851,-0.7778412,0.688264,0.2763705,0.11168295,0.73220176,-0.37848878,0.11333066,-0.57608074,-0.18249866,-0.020071194,0.4721903,-0.10555511,-0.77586824,0.45364645,0.22236688,0.18886322,0.5762834,0.3946599,-0.4855999,0.61578727,0.07012169,-0.8279776,0.24078263,0.3897499,-0.5064887,0.3197623,0.032014094,0.18731548,-0.29028484,0.17777392,-0.39973515,-0.11702904,0.41575947,-0.54524904,-0.061226185,0.4611291,-0.4499513,0.18574081,0.14211439,-0.8515191,-0.17566393,-0.3656822,-0.03053831,-0.0027275905,0.20321955,-0.24348806,0.10593696,0.3183782,-0.47644198,-0.471231,0.38654864,-0.2329664,0.031320583,-0.4358333,-0.09974446,0.18200132,-0.23551646,-0.44569072,-0.5419596,0.16174743,0.4090873,0.090455346,0.43448478,0.20137973,-0.106501095,0.26224965,0.2812632,-0.03502398,0.14155978,0.042770516,0.57932514,-0.590409,0.31861508,0.064017676,-0.049766276,-0.78985536,0.42007744,0.0196127,0.28702307,-0.52521074,0.48231232,-0.011460833,0.48306888,0.69873416,-0.31878725,0.38670206,0.36819035,-0.24768203,0.7895572,0.66565645,0.05474016,0.65819305,0.51419836,-0.07987932,-0.6058217,0.24966078,-0.22687596,-0.22205697,-0.26423636,0.13088326,0.34544095,-0.17972034,-0.25038952,-0.5237314,0.052439153,-0.077803575,1.1005642,-0.20091134,0.13604483,0.489259,-0.47121406,-0.12687354,-0.19288698,0.112441406,0.39378193,-0.5658756,0.36839715,-1.0337201,-0.67742133,0.09886553,-0.047459785,-0.03789483,-0.7137898,-0.68867624,0.15023601,0.13705137,0.070071,-0.119000696,0.1533266,0.1877265,0.24390827,0.49877417,-0.04738001,0.12108876,0.51410604,-0.09186034,-0.37717354,0.31473815,0.09727968,0.52708435,-0.11798553,-0.6652482,0.11297108,0.18380693,0.48378634,-0.066958964,-0.5347606,0.19437388,-0.003931176,0.21750438,-0.53338796,0.23181061,0.7249824,-0.043654695,-0.5789539,-0.3513899,0.11191353,0.21904606,0.56831896,0.48559958,-0.33633614,-0.37149847,-0.4386984,-0.527273,0.36544573,-0.448175,-0.049693074,-0.07664654,0.4376531,0.7032532,0.29108128,0.00040197,0.9650809,-0.07632023,0.3452859,-0.5899439,-0.11734712,0.4603345,-0.093225464,0.16745393,0.12229776,0.3421475,0.2145201,0.52695906,0.026915096,-0.1026334,-0.18329062,0.23433363,-0.5919984,-0.5178356,-0.32936147,0.39019778,0.054313272,-0.10894989,0.107056424,-0.65451854,-0.44346932,-0.1356631,-0.52028775,0.6306681,-0.032795392,-0.37128288,-0.48668987,0.62974197,0.041748762,-0.39203835,0.00669061,-0.012183677,0.11154207,0.34218377,-0.0325881,0.0075755604,-0.8551202,-0.115903445,0.010699727,0.00381672,-0.16832064,-0.37965372,-0.5510688,0.29932383,0.007222224,1.1381218,0.5585225,0.2984477,-0.07647343,0.46942216,0.0022524795,0.3085824,-0.7729003,-0.25303832,0.16953099,-0.07357464,0.99930596,-0.7158206,0.11130534,0.033540376,0.18469572,-0.09546002,-0.0971073,0.02720616,0.47044185,0.5683884,-0.32154998,-0.11432216,-0.3890333,-0.532898,0.13668254,-0.16469803,0.12248245,0.105613254,0.47765452,-0.53022915,-0.22641751,0.0044707116,-1.0835598
1,1.045351,-1.0276066,0.8854014,0.36907908,0.12578987,0.95883125,-0.50744814,0.15622164,-0.7656426,-0.24567185,-0.02126066,0.61073595,-0.14962068,-0.99551564,0.5984031,0.29848573,0.24213845,0.7715307,0.50392705,-0.6477319,0.81526953,0.09930879,-1.0769044,0.32723683,0.50529087,-0.66719127,0.4191135,0.044229783,0.2459495,-0.37323803,0.24912396,-0.54262644,-0.17527252,0.5444307,-0.72272307,-0.07618721,0.5862124,-0.5856552,0.26379707,0.19276582,-1.0929416,-0.22835614,-0.48401487,-0.058061007,-0.020585053,0.2891912,-0.3052187,0.13523751,0.4047739,-0.61221987,-0.62801665,0.52426517,-0.31597114,0.04485104,-0.55817974,-0.13381721,0.23734123,-0.3175471,-0.59706366,-0.70806175,0.23033722,0.5530038,0.103675134,0.5678978,0.27925333,-0.14334941,0.3407825,0.37973157,-0.07247882,0.19743577,0.056469552,0.77290934,-0.78266805,0.40328822,0.09051738,-0.0507222,-1.0492638,0.53749895,0.049642116,0.3930449,-0.67764294,0.6541535,-0.0120685175,0.63719326,0.9105888,-0.40605763,0.509608,0.48583174,-0.34355408,1.0513517,0.87911636,0.0754268,0.8549056,0.66370934,-0.12395718,-0.789323,0.32329753,-0.31418726,-0.2892348,-0.35458317,0.16939844,0.44167686,-0.23320906,-0.33371186,-0.67486805,0.084901795,-0.10820799,1.4274852,-0.25259227,0.18058458,0.644503,-0.60658306,-0.16705798,-0.27543107,0.15526763,0.51133776,-0.7543569,0.48060766,-1.346311,-0.88774866,0.14463335,-0.07936774,-0.029394813,-0.9158561,-0.8912853,0.18523282,0.15945368,0.08214341,-0.1385421,0.20084552,0.25276145,0.30930355,0.66246283,-0.05728409,0.18086873,0.68436813,-0.13311285,-0.49013272,0.4151209,0.14028196,0.6825978,-0.13023533,-0.85643965,0.14614582,0.24967578,0.6359656,-0.08069044,-0.6877621,0.26294133,-0.014053658,0.2961764,-0.69253075,0.31555438,0.9457388,-0.07203147,-0.7755554,-0.45995322,0.13347626,0.27368683,0.750636,0.62723345,-0.43794885,-0.47788376,-0.5844524,-0.6933908,0.5001448,-0.5681845,-0.07583366,-0.11322737,0.5576149,0.91234726,0.36459288,0.006877724,1.2410065,-0.112029515,0.45465362,-0.7684183,-0.12597692,0.6072322,-0.14966153,0.23444073,0.18028465,0.43999678,0.3031448,0.6793616,0.04193551,-0.15779908,-0.22612265,0.2977582,-0.7763184,-0.68887943,-0.442625,0.5237029,0.057405338,-0.15825275,0.15738727,-0.8634885,-0.5640664,-0.17483716,-0.6936388,0.8235949,-0.04023155,-0.49888653,-0.6548671,0.8194665,0.06262845,-0.5225462,0.0052084513,-0.036264565,0.1389139,0.46946064,-0.042450838,0.033001494,-1.123305,-0.15259951,0.0020539686,-0.00016601011,-0.21958719,-0.4880167,-0.7304103,0.38642687,0.0033135898,1.4605334,0.72291285,0.3981783,-0.10971323,0.6194556,0.0022663022,0.41664216,-1.005277,-0.31003425,0.2077756,-0.097097956,1.2901816,-0.9444918,0.15173163,0.026721008,0.25701344,-0.13386407,-0.12103214,0.04824658,0.62676275,0.7318748,-0.40740642,-0.14421526,-0.50028235,-0.67918354,0.2046632,-0.20908763,0.17489637,0.14101762,0.6196381,-0.70295227,-0.28740415,0.0037596002,-1.4146489
1,0.47403786,-0.46914807,0.43934104,0.15971033,0.097790495,0.45600235,-0.22178727,0.058408137,-0.33782524,-0.103416294,-0.019219372,0.3015518,-0.050362475,-0.49933177,0.2661157,0.12501858,0.118196145,0.3315739,0.2554588,-0.28635085,0.36695033,0.03133713,-0.5207655,0.12788486,0.24818626,-0.30539054,0.19111796,0.012325648,0.1112793,-0.18583307,0.0897767,-0.21921915,-0.04504202,0.25658643,-0.32212946,-0.044510614,0.30643046,-0.27594236,0.087667644,0.0796802,-0.55181277,-0.11331402,-0.21515855,0.003539607,0.018363468,0.092390925,-0.16029216,0.06812605,0.21296015,-0.30867887,-0.2796672,0.2178072,-0.124359146,0.015305728,-0.2874987,-0.062783144,0.10712966,-0.13351895,-0.2547434,-0.3373197,0.07411039,0.2279578,0.06800922,0.27241045,0.09975062,-0.054938264,0.16452259,0.15034243,0.010005757,0.072169974,0.0328743,0.3380182,-0.349253,0.2102467,0.03473977,-0.04862768,-0.4680824,0.26958176,-0.023497477,0.15684284,-0.3339876,0.26701313,-0.013984799,0.28772217,0.43877056,-0.20930901,0.23286001,0.21756741,-0.12473786,0.4669492,0.4004184,0.026253343,0.4156955,0.32449472,-0.02599372,-0.3777967,0.15152861,-0.11374676,-0.13786778,-0.14459866,0.08070041,0.2303845,-0.11053244,-0.14170375,-0.3374256,0.014900021,-0.031294823,0.6947563,-0.13323426,0.08485751,0.29250485,-0.30220938,-0.07340855,-0.08546906,0.05829913,0.24439043,-0.3303479,0.2310805,-0.65281093,-0.41570562,0.03889688,-0.0061155073,-0.056074418,-0.4682321,-0.43457982,0.101614326,0.11128897,0.04848227,-0.09068574,0.09354445,0.101506755,0.1556962,0.2902655,-0.035460677,0.044093654,0.30545074,-0.04206102,-0.23503162,0.18401933,0.04483234,0.3347961,-0.10687737,-0.432405,0.067506954,0.10074353,0.29567182,-0.05708298,-0.34182358,0.10732819,0.00419271,0.11690855,-0.3364584,0.12330051,0.45386887,-0.0060157105,-0.33202153,-0.21683374,0.082538754,0.15090522,0.34558064,0.30808094,-0.20690225,-0.23240332,-0.2605362,-0.31740275,0.20044124,-0.29898483,-0.015427049,-0.027538408,0.2875523,0.4437181,0.19798267,-0.008285716,0.61586225,-0.03000465,0.21039043,-0.37178534,-0.11037532,0.2749466,-0.021075875,0.08323251,0.04713238,0.22679627,0.10415882,0.34211296,0.0121637285,-0.03587109,-0.1290899,0.14959918,-0.3638494,-0.30382073,-0.18865569,0.22294341,0.054494873,-0.042979263,0.04628467,-0.3997351,-0.2927868,-0.08509809,-0.3074373,0.39456996,-0.0150041375,-0.21121372,-0.27671084,0.3975697,0.01788041,-0.22814491,0.00482573,0.019265752,0.066890255,0.18299434,-0.014620956,-0.028930724,-0.52511245,-0.06260725,0.022595435,0.008181412,-0.10239726,-0.2375335,-0.32849875,0.18763058,0.01396564,0.73841965,0.35170576,0.17106128,-0.026573721,0.2846312,-0.0011350741,0.17685544,-0.4851004,-0.18759038,0.11577729,-0.044138648,0.6350302,-0.43349722,0.05382817,0.040282868,0.09300799,-0.050439768,-0.062181048,0.001603812,0.28129143,0.36362955,-0.21541691,-0.0798382,-0.251934,-0.3510737,0.04942518,-0.110247,0.05659571,0.05836327,0.29978478,-0.31624442,-0.15232472,0.008442963,-0.6793446
1,-0.1364636,0.09081736,-0.04617325,-0.066386156,0.11088003,-0.02040128,0.059253164,-0.04223552,0.13190944,0.035342336,-0.024669016,-0.014197325,0.055749256,0.04397736,-0.121731125,-0.07365382,-0.037519604,-0.13133208,-0.042313308,0.07798301,-0.08940512,-0.03934893,0.036749322,-0.10914123,0.004179914,0.07837015,-0.07020801,-0.0664131,-0.046758756,0.02766506,-0.08112429,0.1359266,0.09312831,-0.0547187,0.10591392,-0.019640507,0.022637721,0.09020083,-0.1042702,-0.033202022,0.009896256,-0.020202246,0.080240116,0.07462952,0.047198784,-0.13324839,0.03664092,-0.010142269,0.024729649,0.00039309263,0.052209564,-0.089971796,0.12027547,-0.0055454336,-0.033343725,-0.019049723,-0.060632516,0.053059056,0.1276089,0.02938379,-0.10082625,-0.12951858,-0.0029159635,-0.011995677,-0.10928886,0.07258889,-0.0378602,-0.12440283,0.1001639,-0.06005535,0.053134836,-0.11296911,0.111376345,-0.008946694,-0.009461695,-0.032154452,0.11940637,-0.050690725,-0.15649095,-0.07980408,0.0168695,-0.15080515,-0.0007120557,-0.08180687,-0.02552542,0.007040553,-0.05608357,-0.10322042,0.12963012,-0.12169928,-0.093896136,-0.046581823,-0.022893824,-0.06934223,0.06982804,0.050116885,-0.048215415,0.12542991,0.021617437,0.11806216,-0.029512936,0.02606535,0.029949741,0.08501623,-0.0033589378,-0.03816042,0.10476178,-0.05709447,0.0051770955,0.03474516,-0.084085196,0.013556565,0.0516079,0.13110176,-0.040407896,-0.05483894,0.11721452,-0.012044289,0.0354626,0.06568789,-0.095603496,0.07532747,-0.1383787,-0.028996566,0.052331354,-0.02399733,0.07951453,-0.031181294,-0.014626794,-0.02504617,-0.089318246,-0.06497216,-0.12928636,-0.020773888,-0.12574807,-0.06330051,0.046753656,0.043990634,-0.08193904,-0.06402535,-0.024856362,-0.10770172,-0.008965705,-0.028571684,-0.049301215,-0.044378392,-0.07783376,0.044605374,-0.080014944,-0.01195541,-0.09457146,0.03559347,-0.095789194,-0.03774236,0.06572118,0.14544858,0.038932726,0.0042560324,0.046250384,-0.061634604,-0.027347056,0.05676716,0.060587555,0.06940008,0.107474014,-0.099091426,-0.030427117,0.06499578,0.08760247,-0.007200528,-0.050034087,0.019286234,-0.026292704,-0.060084518,0.061123442,-0.046833187,0.01673253,-0.12391752,-0.08208532,0.1351959,-0.07960584,-0.12725979,0.04964765,-0.10668088,0.016861524,0.004055202,0.061620776,-0.021231234,-0.051490083,0.060553756,0.10427624,0.07937628,-0.09971471,0.07133094,0.12023782,-0.070296295,0.05489517,0.0040848665,0.013756532,0.08436939,-0.026043136,0.054422595,0.120682046,0.11927896,-0.016223418,-0.024037456,0.08630242,-0.016407568,0.09284543,-0.08276612,-0.13367556,0.051782507,-0.1184645,0.073772155,0.080792464,0.06193541,0.00091857277,0.037332427,0.062897354,0.081721455,-0.044633184,0.024628794,0.010311898,-0.05891885,-0.09091808,0.12370296,-0.052709028,-0.017215522,-0.062467247,0.055518348,-0.11198565,-0.0008509122,0.023069061,-0.043191496,0.08994636,-0.065333724,0.049240712,-0.096199125,0.01418265,0.024126122,-0.04820168,-0.059731156,-0.032631136,-0.027861139,-0.026669953,-0.0019416455,-0.019521328,-0.13290943,-0.0029422976,-0.08811262,-0.06423919,-0.033618297,0.07885738,-0.017955404,0.021911424,0.041174684
1,0.800619,-0.7862447,0.6942164,0.27934024,0.11283945,0.7401033,-0.383087,0.11442142,-0.58191824,-0.18419066,-0.020227917,0.47697446,-0.107138775,-0.78290665,0.45752966,0.22465877,0.18997952,0.58253187,0.39788455,-0.49094626,0.6220644,0.071005255,-0.8363028,0.24309851,0.3935934,-0.5115928,0.3226532,0.031781897,0.18894395,-0.2927254,0.18014285,-0.40380058,-0.11903742,0.42030922,-0.55081373,-0.061808776,0.4653593,-0.45406792,0.18825388,0.14382283,-0.85951304,-0.17780268,-0.36896703,-0.03136127,-0.0030535012,0.20537765,-0.24452442,0.10683302,0.32135087,-0.48085386,-0.47646555,0.39137155,-0.23493823,0.031736013,-0.44028324,-0.101547755,0.18308538,-0.23800844,-0.45009014,-0.54769254,0.16391979,0.4137442,0.08986693,0.4390841,0.20331506,-0.10699589,0.26500845,0.28325865,-0.036435254,0.14332306,0.04384677,0.5854664,-0.59621143,0.32083374,0.06515957,-0.049556773,-0.7983028,0.42329693,0.019816838,0.29054266,-0.5297977,0.4876753,-0.012010083,0.48727828,0.70602787,-0.3216758,0.39044315,0.37137347,-0.25048667,0.79857683,0.67279655,0.05522777,0.664888,0.5186391,-0.081354134,-0.6116109,0.25141206,-0.22905728,-0.22412868,-0.26612887,0.13160436,0.3489099,-0.18127497,-0.2520743,-0.5287686,0.053729758,-0.07786576,1.1113534,-0.20208722,0.13817647,0.49371666,-0.47562918,-0.12785809,-0.19487292,0.113733694,0.39732972,-0.5720089,0.37236813,-1.0448062,-0.68432194,0.10008659,-0.048223373,-0.038440496,-0.7210344,-0.6953484,0.15077293,0.13812955,0.06948674,-0.11923987,0.15499945,0.18935065,0.24520953,0.5038089,-0.047764298,0.1222094,0.52017766,-0.09356901,-0.38061416,0.31740147,0.09882563,0.53233975,-0.11887248,-0.67201203,0.11340113,0.18585368,0.48917043,-0.06850858,-0.53940654,0.19616854,-0.0048336275,0.21965262,-0.5386928,0.2339523,0.7324425,-0.04441133,-0.58519274,-0.3554323,0.112288766,0.22082998,0.57450026,0.4900139,-0.33945096,-0.37424076,-0.44377804,-0.532198,0.37034646,-0.45241022,-0.05043217,-0.0774423,0.4415491,0.7101853,0.29350984,0.0005356632,0.9733486,-0.07688872,0.34892505,-0.5962949,-0.11808452,0.46491107,-0.094717845,0.16963346,0.12375272,0.3464134,0.21740156,0.5328314,0.028060973,-0.10456218,-0.18470076,0.23550382,-0.5982616,-0.52324635,-0.33305165,0.39449152,0.054653525,-0.11012738,0.10900134,-0.6618033,-0.447128,-0.13663168,-0.5265182,0.6372922,-0.031847544,-0.37519017,-0.49186057,0.6363808,0.04271932,-0.39615792,0.0061666854,-0.01261181,0.11134518,0.34636572,-0.032253582,0.00781887,-0.864463,-0.11626174,0.010564961,0.0038206019,-0.1696061,-0.3824622,-0.55718285,0.30170208,0.007604588,1.148893,0.5633744,0.30112836,-0.07668291,0.47426122,0.0017173267,0.31257483,-0.7807208,-0.25550416,0.16997188,-0.07397784,1.008479,-0.7237016,0.11176403,0.032999866,0.18716705,-0.09687673,-0.09737698,0.028046235,0.47611925,0.5735133,-0.324408,-0.11520366,-0.39304498,-0.53766215,0.13856012,-0.16644605,0.12397386,0.10647317,0.482116,-0.5361114,-0.22844988,0.0053697787,-1.0953236
1,0.45695445,-0.45340136,0.42592573,0.15276183,0.09770134,0.44215384,-0.21397433,0.05542206,-0.32494748,-0.09902902,-0.019131143,0.2929246,-0.04716473,-0.48430833,0.25558433,0.11968078,0.11421951,0.31862736,0.24753013,-0.27552113,0.35370532,0.02948822,-0.5047291,0.12157698,0.24105583,-0.294381,0.18427922,0.010410238,0.10687187,-0.18012413,0.08513964,-0.20907637,-0.041005116,0.2480885,-0.30982608,-0.04390214,0.2985493,-0.26643145,0.082933754,0.07639443,-0.53581494,-0.110757865,-0.20709404,0.00588784,0.019655384,0.08589055,-0.15530962,0.06595699,0.20729297,-0.30018896,-0.270212,0.20912829,-0.11769283,0.014500905,-0.2802099,-0.061470427,0.10244978,-0.12813176,-0.24439916,-0.32713217,0.06955604,0.21801178,0.06613961,0.26422757,0.09385663,-0.052280717,0.15877114,0.14269873,0.012266759,0.06853758,0.033137932,0.32527918,-0.3361254,0.20425369,0.032978952,-0.048383128,-0.4515603,0.2605576,-0.02666898,0.15008496,-0.32361218,0.25578573,-0.0141820945,0.2772119,0.42533776,-0.20358726,0.22472121,0.20884709,-0.11769375,0.45041987,0.38623846,0.024523787,0.4031574,0.31373772,-0.023045868,-0.36579207,0.14569388,-0.107467115,-0.13365828,-0.13730139,0.077318825,0.22436664,-0.10672022,-0.1352969,-0.32784775,0.013477039,-0.028243808,0.67365164,-0.12919544,0.08309744,0.2821126,-0.29306692,-0.06955983,-0.07898892,0.055353723,0.23629984,-0.3176931,0.22370656,-0.63351667,-0.40188205,0.035484813,-0.0036097467,-0.057668664,-0.45557377,-0.42096105,0.09816965,0.110238194,0.04690891,-0.08850461,0.09032094,0.09683898,0.14980333,0.27860886,-0.034637723,0.039657876,0.295093,-0.03947487,-0.22702387,0.17661053,0.041562766,0.32493764,-0.10648131,-0.4204352,0.0644716,0.09645373,0.28552884,-0.057376213,-0.3315426,0.10239911,0.0041707903,0.11123276,-0.32601613,0.11734365,0.43987894,-0.0038635284,-0.31904456,-0.20970826,0.08073306,0.14754945,0.33413416,0.29879338,-0.19979353,-0.22489236,-0.25147432,-0.3055894,0.19232033,-0.29140702,-0.013132986,-0.024402384,0.27970585,0.43022022,0.19336975,-0.009213664,0.59707546,-0.027176134,0.20305558,-0.36107928,-0.110534936,0.26503745,-0.017472416,0.07845344,0.04260134,0.2215785,0.09861152,0.3323698,0.01137805,-0.03266774,-0.12597612,0.1439738,-0.35223004,-0.29250905,-0.18078846,0.21409513,0.055121392,-0.039077893,0.0426632,-0.3868016,-0.28473783,-0.082003966,-0.29692984,0.3824139,-0.013605485,-0.20234805,-0.26527587,0.38561317,0.016570449,-0.21894085,0.0043737777,0.021558665,0.063360855,0.1742869,-0.013421398,-0.031165611,-0.50853425,-0.05945862,0.023381606,0.008370589,-0.098815605,-0.22945136,-0.31674445,0.18129417,0.01427177,0.717995,0.34054658,0.16378945,-0.022922553,0.27516657,-0.001456196,0.1701507,-0.46961936,-0.1849124,0.11278598,-0.04203434,0.6155685,-0.4186165,0.049860302,0.040884696,0.08812439,-0.048365735,-0.059824668,-1.4908612e-05,0.27136534,0.35242358,-0.21052054,-0.078372546,-0.24489024,-0.3413319,0.044754233,-0.10732494,0.05278946,0.055106092,0.29082572,-0.30524993,-0.14838898,0.009137565,-0.6589185
1,0.17227036,-0.18152136,0.2017268,0.04968372,0.08850181,0.20534125,-0.07653061,0.008482434,-0.111707196,-0.03336309,-0.01983539,0.14321306,0.0008685477,-0.23576343,0.08564543,0.03064001,0.050274067,0.1000371,0.11944232,-0.10173234,0.13804162,-0.0020531788,-0.23586755,0.01919746,0.119969845,-0.11586342,0.06855855,-0.0120692765,0.03817855,-0.08855112,0.007993594,-0.0462258,0.022313591,0.10235315,-0.11120228,-0.029096197,0.15969321,-0.10670718,-0.0024765395,0.023211144,-0.2656232,-0.05716154,-0.07185456,0.03534974,0.03442015,-0.013516348,-0.076466866,0.03471312,0.11555015,-0.153701,-0.1040483,0.061957695,-0.016069405,-0.0016391017,-0.15037611,-0.030237183,0.034710266,-0.03850714,-0.07170416,-0.14669208,-0.00872913,0.05328445,0.041559335,0.12460647,0.0018094815,-0.005119809,0.07076648,0.024494424,0.04722748,0.0074353777,0.031273253,0.11236571,-0.12150435,0.105374426,0.009698618,-0.045834012,-0.16686717,0.12445818,-0.071393065,0.035199575,-0.15638267,0.06474466,-0.013075648,0.105867386,0.19681838,-0.10490628,0.09129287,0.07088324,-0.005028747,0.16508171,0.15110795,-0.0025680512,0.18914995,0.14124191,0.023553368,-0.16116449,0.059173413,-0.005111493,-0.06106937,-0.028867885,0.030553307,0.12140545,-0.046007022,-0.035624634,-0.16618355,-0.01666813,0.01751613,0.31418943,-0.069429286,0.041569408,0.10623126,-0.14636555,-0.01949277,0.014074173,0.010987068,0.102311246,-0.110185675,0.105731815,-0.29662293,-0.1712689,-0.021279426,0.034004495,-0.07790863,-0.24081528,-0.19299081,0.05310522,0.089162365,0.026886266,-0.06286024,0.036377158,0.016644645,0.06429826,0.088944435,-0.026149016,-0.03087039,0.11340891,0.00021160766,-0.10015548,0.055387992,-0.008124251,0.15160224,-0.097806916,-0.21365306,0.024826027,0.023938283,0.11838372,-0.055130042,-0.15382512,0.02138992,0.008268654,0.018195163,-0.15143952,0.017517839,0.20150559,0.030741502,-0.09917355,-0.090233974,0.050693892,0.08995582,0.13810211,0.14277472,-0.082656704,-0.098371044,-0.091316685,-0.11448783,0.047867972,-0.15874782,0.021442115,0.020784073,0.14373046,0.19644359,0.112681426,-0.017323852,0.28392276,0.013635352,0.08361797,-0.16769938,-0.10634408,0.09910761,0.05195507,0.0028998926,-0.027391165,0.121396124,0.00095213205,0.1704433,0.0011085086,0.020132542,-0.07921721,0.065285265,-0.1489426,-0.100284554,-0.055423733,0.0643311,0.05667514,0.028272582,-0.012064226,-0.16439608,-0.14888364,-0.03661164,-0.11032479,0.17522067,0.006701524,-0.058133457,-0.082180575,0.18281609,-0.007635586,-0.07454846,0.0027323924,0.049286053,0.015530508,0.030946754,0.0066355304,-0.06156923,-0.21672781,-0.007336654,0.036578514,0.008845024,-0.0388909,-0.098227486,-0.119514585,0.07843454,0.018937752,0.36335465,0.15619364,0.04897829,0.02770697,0.11227745,-0.0068405927,0.054435514,-0.2137539,-0.13216768,0.06449427,-0.013648839,0.29107642,-0.17098829,0.0005997531,0.045333225,0.0063519776,-0.011699334,-0.02701051,-0.021441448,0.10448291,0.1718193,-0.11948212,-0.049843635,-0.1246599,-0.18047859,-0.03187091,-0.059369337,-0.008392014,0.010678958,0.12947309,-0.115282536,-0.08513316,0.012038887,-0.3029937
1,0.7787705,-0.76390576,0.6772447,0.2712392,0.1110087,0.7196558,-0.37142652,0.11093772,-0.56541586,-0.17894591,-0.020012345,0.46453667,-0.10309739,-0.7636129,0.4454873,0.2181717,0.18581359,0.5654885,0.38846827,-0.47655377,0.60466707,0.068507865,-0.8140998,0.23593815,0.3833203,-0.4975277,0.31432408,0.03127312,0.1840637,-0.28565356,0.17371237,-0.39166844,-0.11384016,0.4086422,-0.5354372,-0.060521733,0.45410466,-0.44232,0.18136282,0.13930318,-0.8380822,-0.17278342,-0.35893226,-0.028955203,-0.0017120615,0.19830243,-0.23988974,0.10429127,0.31360734,-0.46885145,-0.46237344,0.3788971,-0.22821724,0.030510742,-0.429119,-0.0979052,0.1789091,-0.23093003,-0.43713835,-0.532713,0.15793438,0.40107393,0.08961993,0.42710283,0.1969888,-0.10434968,0.25796485,0.27563074,-0.0329443,0.13850768,0.04211076,0.5685385,-0.57963413,0.31377828,0.06256325,-0.049669396,-0.77537316,0.41339302,0.017878763,0.28108907,-0.51670766,0.47269952,-0.011463307,0.4744388,0.68703985,-0.31384364,0.37983626,0.3614871,-0.24238864,0.774997,0.65381116,0.053617105,0.64731675,0.50573,-0.077397235,-0.59553355,0.24552414,-0.22194189,-0.21828136,-0.25900432,0.12860298,0.3400941,-0.17674325,-0.24561886,-0.5153611,0.05065322,-0.07602186,1.0823561,-0.19795999,0.1337303,0.4805516,-0.46363848,-0.12459174,-0.18817258,0.1100236,0.38721424,-0.5553634,0.36219624,-1.016374,-0.66575897,0.09622287,-0.045738522,-0.038469806,-0.70254874,-0.67737436,0.14823182,0.13583697,0.069271535,-0.11785412,0.15069242,0.18402858,0.24020399,0.48958927,-0.04688267,0.117486864,0.504654,-0.08955763,-0.37084895,0.30911863,0.09493746,0.51846623,-0.117397934,-0.6545794,0.11108327,0.18026176,0.47541726,-0.0663532,-0.5261728,0.190453,-0.0034689605,0.21309894,-0.52447397,0.22706594,0.7125999,-0.0421838,-0.5680072,-0.3454797,0.11068073,0.21613072,0.5580714,0.47761992,-0.330651,-0.3654617,-0.43058395,-0.5180059,0.35794756,-0.44160065,-0.048057597,-0.07460871,0.43096176,0.6915451,0.28696692,7.553771e-05,0.94960356,-0.07429327,0.3392138,-0.5800711,-0.116946094,0.45210394,-0.09008251,0.16372947,0.11899527,0.33686838,0.2095449,0.5185837,0.026132934,-0.099552974,-0.18097182,0.2306166,-0.5816629,-0.50827056,-0.32301164,0.3828059,0.054096177,-0.10615378,0.104281455,-0.6429233,-0.43675837,-0.13351157,-0.51069164,0.619912,-0.03224788,-0.36404225,-0.47725302,0.61929506,0.040614635,-0.38479123,0.006762687,-0.010693792,0.10981842,0.33507696,-0.031959485,0.006115455,-0.8402631,-0.113727294,0.01117634,0.0040584616,-0.16545433,-0.37357834,-0.5410841,0.2943217,0.007491026,1.1201078,0.54918355,0.29278478,-0.074567854,0.46101713,0.0021418273,0.30258927,-0.7599185,-0.249909,0.1673747,-0.07211851,0.9830324,-0.70311666,0.109034374,0.033809446,0.18058726,-0.093312494,-0.09575061,0.02596939,0.46171185,0.559243,-0.31679207,-0.112629265,-0.38299182,-0.5247389,0.13284078,-0.16225271,0.11949463,0.10356469,0.46975642,-0.5206577,-0.2230058,0.0046525057,-1.0650711
1,0.5689033,-0.5636566,0.51189137,0.19463865,0.103843465,0.5441986,-0.26992077,0.07573105,-0.40792063,-0.12994231,-0.020199627,0.35398984,-0.06812958,-0.5802503,0.32027742,0.15260138,0.13871785,0.4035495,0.29435438,-0.34775338,0.44510216,0.044707645,-0.6157607,0.16021068,0.29380065,-0.36563,0.229547,0.014584437,0.13283162,-0.21754059,0.117132746,-0.27139014,-0.066193074,0.3016935,-0.38876045,-0.049319502,0.35250896,-0.32524788,0.11960006,0.099976905,-0.6387457,-0.13390453,-0.25979042,-0.0074454583,0.009266607,0.12466651,-0.18159379,0.080898866,0.24586278,-0.36072534,-0.34024262,0.27047896,-0.15293467,0.018625196,-0.33337635,-0.07504256,0.12816645,-0.16422951,-0.31019664,-0.40018,0.100153625,0.27976424,0.07098435,0.32404676,0.12838644,-0.06915454,0.19256875,0.18785176,-0.0073616654,0.09320919,0.04081775,0.4111585,-0.42087287,0.24100816,0.044611864,-0.046949137,-0.5657782,0.31266367,-0.015219923,0.19684155,-0.39293113,0.3314129,-0.011632308,0.34710932,0.518691,-0.24128878,0.28041244,0.2590921,-0.15895246,0.56564164,0.4804173,0.032839693,0.4895294,0.37887603,-0.043415032,-0.44484714,0.18024327,-0.14699319,-0.16438696,-0.1785292,0.09369201,0.26454514,-0.13154279,-0.17177358,-0.39595702,0.028210677,-0.042301252,0.8177543,-0.15357679,0.102432474,0.3504399,-0.35506785,-0.08712864,-0.118694104,0.07677376,0.28848413,-0.40246996,0.27503064,-0.76938576,-0.49589458,0.05546362,-0.018117066,-0.053888053,-0.54510003,-0.5095183,0.1141917,0.12036145,0.05389049,-0.09827411,0.11197972,0.12519714,0.17747869,0.35031152,-0.040220175,0.06627111,0.37049603,-0.06049378,-0.27695987,0.21946603,0.057681732,0.39132944,-0.11118208,-0.5029798,0.08039722,0.12636863,0.3520882,-0.06438729,-0.39543617,0.13091317,-0.00044046715,0.14468277,-0.3957025,0.15364566,0.5381973,-0.015975729,-0.4059233,-0.25786272,0.08864867,0.17240004,0.41362518,0.36252347,-0.24428551,-0.27243465,-0.31333452,-0.37739316,0.25234455,-0.3438772,-0.023352157,-0.04086967,0.33154443,0.5198204,0.22737798,-0.0062591024,0.7180624,-0.04306203,0.25074995,-0.43862164,-0.11345792,0.33012095,-0.04001165,0.10814668,0.067449324,0.26336038,0.13839154,0.398892,0.019173384,-0.060312733,-0.14650609,0.17236084,-0.43280345,-0.36717942,-0.23068073,0.27283284,0.05624877,-0.05720804,0.06376509,-0.47929692,-0.3368868,-0.099753484,-0.3740182,0.4676746,-0.016581537,-0.25835806,-0.34164286,0.46859354,0.023658007,-0.27806056,0.005294878,0.009727981,0.07485164,0.22975576,-0.017619383,-0.016641531,-0.62565076,-0.07487779,0.020246439,0.0048642717,-0.12107371,-0.27659175,-0.39590704,0.21873946,0.010865871,0.8600925,0.41404858,0.20776086,-0.036742743,0.34083223,-0.0015875329,0.21755505,-0.5714406,-0.21111988,0.13093261,-0.05080555,0.7430781,-0.5208714,0.07156803,0.037374772,0.120525934,-0.066460274,-0.0707868,0.010327466,0.3389301,0.4254309,-0.24989635,-0.09191829,-0.29400086,-0.40536776,0.076590344,-0.1275403,0.07451838,0.07175477,0.35112366,-0.3814506,-0.17625546,0.0071109347,-0.80431956
1,-0.009717885,-0.011853751,0.05731943,-0.016977048,0.08675002,0.059645776,0.009003233,-0.02145994,0.02612558,0.0076907165,-0.021216242,0.049067184,0.03140883,-0.075703494,-0.025526308,-0.027827235,0.0068985783,-0.03892129,0.03603794,0.0064579584,0.00052057207,-0.02314544,-0.068315774,-0.04826146,0.04460339,-0.0021825377,-0.0073401323,-0.030240005,-0.007307292,-0.028337702,-0.040955193,0.058439337,0.06262841,0.009493468,0.014481079,-0.020336092,0.07322897,-0.0018396485,-0.057705246,-0.008760776,-0.09566057,-0.025389563,0.015701635,0.054938857,0.043368556,-0.0781046,-0.020620864,0.014084394,0.058660172,-0.06279205,-0.0011466052,-0.030840456,0.05111176,-0.01030869,-0.070148185,-0.013867483,-0.011895703,0.01812588,0.039286118,-0.03482486,-0.059661932,-0.051090553,0.023414567,0.037551343,-0.059558462,0.029045217,0.01385105,-0.053188995,0.07020452,-0.03142531,0.034447674,-0.022254877,0.015808243,0.040983595,-0.0035042465,-0.042444676,0.010960445,0.033885382,-0.10347012,-0.036590513,-0.04974997,-0.058422446,-0.013332764,-0.004130967,0.055217776,-0.04039263,0.0056133857,-0.0190415,0.069480285,-0.013187643,0.0022862963,-0.02202501,0.05739226,0.028845599,0.051607355,-0.031851094,0.00089044333,0.062104005,-0.013425365,0.043327488,0.00011309236,0.05918087,-0.00599535,0.030593382,-0.06504867,-0.03474149,0.05253712,0.08789622,-0.030064454,0.020220373,-0.006984003,-0.052840568,0.013963448,0.07644757,-0.017351873,0.014729065,0.021960393,0.03290898,-0.08749886,-0.027143123,-0.05874969,0.058000866,-0.0972192,-0.1091761,-0.048680734,0.021264091,0.077631384,0.008560825,-0.043454118,0.0021127919,-0.03675872,0.006518461,-0.033572566,-0.020516962,-0.07814005,-0.00014837831,0.024868796,-0.01817654,-0.023451217,-0.03905138,0.04270949,-0.09591833,-0.08554925,-0.0029461645,-0.021336805,0.015390158,-0.05721666,-0.04065425,-0.032383174,0.00622382,-0.042989157,-0.04113258,-0.047257423,0.05419621,0.05395431,0.04119696,-0.015567537,0.029467992,0.053228993,0.016113166,0.04300391,-0.006020778,-0.014110092,0.008838616,0.008249784,-0.041945618,-0.07625248,0.045059137,0.051932592,0.056500513,0.048388254,0.0602623,-0.02292388,0.083205,0.03984702,0.00885335,-0.049504556,-0.10739442,-0.007376941,0.096691675,-0.04503675,-0.074918,0.061586805,-0.061417747,0.07100268,-0.003050143,0.051720913,-0.049038257,0.011144665,-0.021725673,0.021351913,0.023890287,-0.029714108,0.059228107,0.072926134,-0.04590346,-0.026989397,-0.06163152,-0.007273089,0.006710289,0.04707405,0.023325851,0.03522083,0.03468921,0.056399345,-0.021062631,0.017093133,-0.0014522597,0.06731123,-0.021293998,-0.060533077,0.024055146,-0.083579585,-0.034633785,0.030459005,0.046473425,0.00718622,0.0007347502,-0.011487732,0.0037299208,0.010756443,0.021782815,0.14122109,0.037141096,-0.025415948,0.06514849,0.010868605,-0.011351313,-0.017458728,-0.052617494,-0.10303204,0.031073412,0.0053085284,0.08540556,-0.015771251,-0.033105105,0.046413332,-0.047643993,0.010041956,-0.0035004374,-0.034527574,0.002430383,0.056361202,-0.06214756,-0.032525826,-0.0496334,-0.079676464,-0.08310792,-0.02797173,-0.048276305,-0.020128096,0.02731977,0.0037397891,-0.046946086,0.015619412,-0.08279794
1,0.2774938,-0.2853103,0.28189123,0.0871428,0.09660222,0.29856884,-0.12926674,0.026131779,-0.1880309,-0.059626065,-0.02048745,0.19962935,-0.017326623,-0.32543206,0.14507306,0.061346058,0.07121443,0.18002972,0.16357289,-0.16878945,0.21886933,0.008703802,-0.3394701,0.05488114,0.16757227,-0.18115768,0.10944972,-0.008103764,0.061713293,-0.12066966,0.036113746,-0.10503536,-0.0008041747,0.15517901,-0.18579912,-0.035047133,0.21168599,-0.1612461,0.02899146,0.044698138,-0.36582613,-0.079272665,-0.119445816,0.024600927,0.027269278,0.022194058,-0.099480435,0.04613298,0.15042073,-0.2098883,-0.16873926,0.11735328,-0.049921844,0.005059842,-0.20051843,-0.044796273,0.056904294,-0.07229684,-0.13307476,-0.21595116,0.01902385,0.11377187,0.047215916,0.17849576,0.032711696,-0.018586315,0.102001,0.06640426,0.033866115,0.03041095,0.037453298,0.19126329,-0.20017728,0.13997641,0.020253915,-0.044947565,-0.27532217,0.17049769,-0.059942156,0.07802297,-0.21891174,0.13450381,-0.013368007,0.16916755,0.28490528,-0.13941264,0.13982852,0.11831887,-0.042609055,0.27388027,0.2376331,0.0043156035,0.2726579,0.20116815,0.0042561814,-0.23695219,0.089415744,-0.040467933,-0.087342165,-0.065941356,0.046256028,0.16207677,-0.06743118,-0.06937002,-0.2284136,-0.0045910254,0.006989861,0.44896477,-0.09112765,0.06224652,0.1685776,-0.20076172,-0.03643018,-0.017959528,0.028519945,0.14984784,-0.18683282,0.15258253,-0.4256833,-0.25972068,-0.0021075457,0.02004503,-0.07738552,-0.32530195,-0.27741453,0.06576548,0.0988341,0.028731193,-0.069818884,0.055909187,0.04341775,0.091701105,0.15655142,-0.030700017,-0.0067752376,0.1826439,-0.015961725,-0.145256,0.09794012,0.009529695,0.21683934,-0.10464428,-0.29252934,0.037517074,0.051618718,0.18344755,-0.060051426,-0.21754381,0.0479461,0.0021787733,0.05002415,-0.21712114,0.052668113,0.29366794,0.019418698,-0.17993087,-0.1347477,0.058741417,0.11228825,0.21267292,0.20058213,-0.12331556,-0.14136623,-0.15057993,-0.1824535,0.103110194,-0.20963252,0.010611359,0.0060810577,0.19216445,0.28203282,0.14264283,-0.0141399875,0.39710253,-0.00079416856,0.12949279,-0.24249144,-0.111670226,0.15894356,0.0280547,0.031349167,-0.0055714473,0.16250995,0.03684925,0.23374623,0.0076423474,-0.0024036616,-0.096110016,0.09089089,-0.22589035,-0.17085516,-0.10213691,0.12060593,0.057659514,0.008123536,0.00828933,-0.25101447,-0.1978324,-0.05333447,-0.18111557,0.25496593,0.0047549517,-0.108471215,-0.1503316,0.2610184,0.0023955032,-0.12914377,0.0010535233,0.039100002,0.02618429,0.08309669,0.003901916,-0.052285023,-0.3282959,-0.021033421,0.033781886,0.005812837,-0.05914813,-0.14204434,-0.19465446,0.113391034,0.01708683,0.4973398,0.22199032,0.09016691,0.0152238645,0.17462006,-0.005960113,0.09860246,-0.3095716,-0.1567683,0.08044161,-0.022808403,0.4112959,-0.26477104,0.01860791,0.04149616,0.034336984,-0.027171813,-0.03719472,-0.012844389,0.17004344,0.2384004,-0.15424912,-0.061425347,-0.1707394,-0.24098203,-0.0053553022,-0.07675545,0.012250148,0.023986716,0.18832666,-0.18680352,-0.11081483,0.011848756,-0.44035637
0,0.31124145,-0.30860043,0.31107467,0.09976843,0.089924596,0.311774,-0.13892692,0.030745305,-0.21431121,-0.06351735,-0.019044423,0.21241164,-0.02209841,-0.3569825,0.17232352,0.075319424,0.08325848,0.20496577,0.18368055,-0.18233624,0.23931655,0.013307951,-0.36133575,0.07208623,0.17462732,-0.20155725,0.12695341,0.0027939137,0.073088504,-0.1322997,0.044139363,-0.12655094,-0.008050311,0.17269497,-0.20766568,-0.03446653,0.22500981,-0.18749873,0.038035274,0.04764314,-0.39477834,-0.0797268,-0.13861641,0.02092997,0.028484404,0.03639634,-0.11859669,0.04980231,0.15780756,-0.22172819,-0.17928839,0.12915647,-0.069379464,0.0066037886,-0.20803446,-0.041714758,0.071427785,-0.08110073,-0.15576264,-0.23070101,0.030065276,0.13398366,0.058306526,0.18667968,0.048676733,-0.03068439,0.11301965,0.08697408,0.033612452,0.036161687,0.025682982,0.21316871,-0.22513252,0.15463725,0.018428724,-0.047078434,-0.30109063,0.19227053,-0.04499282,0.088753745,-0.23625198,0.15574846,-0.012495771,0.18884051,0.3025025,-0.1519823,0.15371071,0.14033735,-0.061790396,0.29859766,0.2622407,0.012032501,0.28957552,0.22671762,0.0017323866,-0.25888234,0.10469147,-0.057130612,-0.0948128,-0.086239554,0.055274785,0.16804186,-0.07622881,-0.08712827,-0.24089277,-0.0052137002,-0.010499453,0.48452926,-0.1002575,0.05683517,0.19188197,-0.21576367,-0.04683502,-0.032520644,0.03174206,0.16819927,-0.20912272,0.15966594,-0.4520423,-0.2807738,0.008717358,0.01418018,-0.062158477,-0.3382794,-0.30401674,0.077844664,0.096993625,0.040221162,-0.07743333,0.062827975,0.058356985,0.111717686,0.18342476,-0.029367074,0.005001962,0.19642122,-0.016350452,-0.16151111,0.118040025,0.015936635,0.2342647,-0.0997552,-0.30863452,0.046033595,0.058531687,0.19790135,-0.049859866,-0.24184193,0.06191503,0.009207353,0.06554893,-0.23378946,0.068504706,0.31217492,0.01259426,-0.20516899,-0.14715038,0.067347825,0.11618349,0.22824979,0.21741953,-0.14095934,-0.16410649,-0.16587219,-0.2082982,0.113617554,-0.2218157,0.002580572,-0.0034251101,0.20989099,0.30778557,0.15137106,-0.013294987,0.43698296,-0.006352991,0.13983043,-0.2573457,-0.10567326,0.18034047,0.016330231,0.0399002,0.0077212825,0.16447726,0.046633188,0.24423306,0.0029519573,-0.0018186718,-0.10187398,0.10791296,-0.24516666,-0.19323981,-0.11526887,0.13668181,0.052435216,-0.0088178925,0.013884738,-0.26556972,-0.21413046,-0.059943568,-0.19565436,0.27091217,-0.00970255,-0.12832244,-0.1681701,0.27535555,0.0037838444,-0.14436376,0.0058584474,0.03488154,0.047948413,0.10049295,-0.0073402184,-0.044055577,-0.35247505,-0.037623033,0.028792094,0.009396931,-0.06907253,-0.1666478,-0.21281326,0.13025618,0.015820723,0.5311689,0.24533759,0.10650669,-0.00324817,0.18823177,-0.0015964494,0.10788875,-0.3346856,-0.15194073,0.09084767,-0.02794009,0.4469201,-0.28674108,0.028399695,0.044241443,0.04579255,-0.026361182,-0.04651522,-0.011381026,0.1802845,0.25848863,-0.16051194,-0.060645416,-0.1806772,-0.2564572,0.0057181604,-0.081674606,0.022168215,0.034617778,0.20736937,-0.2050226,-0.113706104,0.0086933095,-0.4664597
1,0.40852177,-0.40858155,0.38792023,0.13517012,0.09736891,0.40345436,-0.19223082,0.047016542,-0.28856587,-0.08793944,-0.019482741,0.26850504,-0.038425945,-0.44203907,0.22567213,0.1046724,0.102250874,0.28248528,0.22504614,-0.24589732,0.31753206,0.022534411,-0.46081382,0.10318802,0.2212703,-0.26461774,0.16418022,0.0052357092,0.09506961,-0.16372673,0.0719577,-0.18207455,-0.03000294,0.22390135,-0.27588856,-0.042093646,0.2753303,-0.2387372,0.06835063,0.067093834,-0.4910171,-0.10306837,-0.18469325,0.010558348,0.022255685,0.0682206,-0.14132944,0.059759535,0.19230968,-0.27551103,-0.24357614,0.1851561,-0.09963338,0.012863774,-0.25975198,-0.057581946,0.09059225,-0.11324215,-0.21461055,-0.29781437,0.056026846,0.19013967,0.06092137,0.24140973,0.077627346,-0.0431528,0.14312096,0.121222354,0.018762838,0.058294017,0.034134004,0.28930494,-0.30004346,0.18716529,0.029485501,-0.047526557,-0.40455934,0.23629427,-0.036219865,0.1309539,-0.29517466,0.22379977,-0.014106121,0.24814217,0.38803378,-0.1870797,0.20239256,0.18445815,-0.09819564,0.4038055,0.3471126,0.018945798,0.36773098,0.28364885,-0.014973842,-0.3315644,0.12991385,-0.088520125,-0.12198975,-0.11746245,0.06913141,0.20846361,-0.095537774,-0.1184123,-0.30082253,0.008923091,-0.01889464,0.6144343,-0.11858205,0.07729639,0.252445,-0.268153,-0.060514256,-0.062489517,0.047415204,0.21400055,-0.28274706,0.2037623,-0.5794735,-0.36356312,0.025702365,0.002513297,-0.06212736,-0.42037597,-0.3831613,0.088536024,0.10692471,0.041697916,-0.082521714,0.08068572,0.081896886,0.13314529,0.24637918,-0.03371505,0.027711883,0.26566878,-0.0324802,-0.20521688,0.15587862,0.033411376,0.2965985,-0.105986044,-0.38662234,0.05747046,0.083866134,0.2584727,-0.058364782,-0.30138177,0.08883299,0.003725201,0.09631403,-0.2967984,0.10020618,0.40027076,0.0013780892,-0.2817446,-0.18948586,0.07503842,0.13832635,0.30220592,0.27250734,-0.17980123,-0.20307289,-0.22495963,-0.2720844,0.16841362,-0.26972342,-0.007242169,-0.01618556,0.2573578,0.3917773,0.17938003,-0.010515738,0.5435252,-0.01965528,0.18298557,-0.32986477,-0.1111427,0.2368359,-0.0063213855,0.06630038,0.030042194,0.20739356,0.08227071,0.3065812,0.010166012,-0.02420725,-0.11790089,0.12928592,-0.31832528,-0.26082513,-0.15940873,0.1882672,0.056382068,-0.026244372,0.03312631,-0.3506059,-0.26241878,-0.074394464,-0.265692,0.3481719,-0.008701356,-0.17745166,-0.23390803,0.35292652,0.012743041,-0.19400597,0.0032689609,0.027228963,0.0534558,0.14989224,-0.009322476,-0.03802968,-0.46112326,-0.049323983,0.025861122,0.008702785,-0.088464975,-0.2059795,-0.28353173,0.16319413,0.016261939,0.6598199,0.30934244,0.14361823,-0.012281712,0.24837607,-0.0028184266,0.15113121,-0.4271133,-0.17770085,0.10367111,-0.037263725,0.56090814,-0.37742892,0.03984594,0.041792706,0.07351531,-0.042818896,-0.05379153,-0.0036166962,0.24417278,0.32230443,-0.19539729,-0.07439977,-0.22514006,-0.31462157,0.030550692,-0.09998897,0.042395543,0.046245046,0.26457328,-0.2735108,-0.13789114,0.0099354405,-0.60149235
0,0.31604114,-0.3133262,0.31541604,0.10176457,0.0896633,0.31607318,-0.14137894,0.031173106,-0.21899916,-0.06449641,-0.018791953,0.21541272,-0.023531582,-0.3618467,0.17526147,0.07701503,0.08431715,0.20934308,0.18662356,-0.18526314,0.2429182,0.0136962645,-0.3654936,0.07344167,0.1761417,-0.2050277,0.12888946,0.004084062,0.07434106,-0.13385509,0.04562094,-0.13025635,-0.009395365,0.17605044,-0.21145144,-0.035228442,0.22837411,-0.19049548,0.038967773,0.048208393,-0.40046737,-0.08066024,-0.14113314,0.020443883,0.029041277,0.03846906,-0.12062517,0.050099716,0.15954882,-0.22430217,-0.18212298,0.1324431,-0.07195346,0.006921623,-0.21096683,-0.041742817,0.07233174,-0.08264828,-0.1596968,-0.23364548,0.030941144,0.13738953,0.05941645,0.18931893,0.050933573,-0.03147535,0.11535875,0.088797964,0.03323047,0.037190866,0.024656452,0.21699044,-0.22903305,0.15680602,0.01855307,-0.04774289,-0.30609256,0.1956197,-0.043042712,0.090850174,-0.23922178,0.15926865,-0.013197146,0.19148605,0.3071835,-0.15437333,0.15644744,0.1435758,-0.064429685,0.30326036,0.26695263,0.013252806,0.29310346,0.23071726,0.0013027862,-0.26286694,0.105247505,-0.058741987,-0.09600557,-0.087965585,0.056116663,0.1704762,-0.07720323,-0.08880529,-0.24367873,-0.0049063712,-0.011379143,0.49051732,-0.100507066,0.05797259,0.19520836,-0.21800485,-0.047837242,-0.03394705,0.03189867,0.1706349,-0.21287045,0.16146381,-0.4577376,-0.28501305,0.00978503,0.013972316,-0.061858237,-0.34273174,-0.30799142,0.079591066,0.097458035,0.040480923,-0.07833779,0.06387156,0.06067235,0.114090934,0.18743303,-0.029378336,0.0059982985,0.1996106,-0.016775783,-0.16405818,0.120806396,0.01796297,0.23731846,-0.09968583,-0.31269872,0.046656754,0.059711657,0.20081662,-0.049515177,-0.24543649,0.063871056,0.010181714,0.06729309,-0.2367852,0.070755765,0.3162698,0.012102559,-0.20938069,-0.14944373,0.06826402,0.116958424,0.23158118,0.22003496,-0.14304392,-0.1654956,-0.16935873,-0.21301554,0.11638416,-0.22426364,0.0015243329,-0.00380354,0.21226469,0.31250986,0.15214229,-0.0126235075,0.44315675,-0.007465493,0.14201444,-0.26084793,-0.10539107,0.18326509,0.015163943,0.041636154,0.010073498,0.16580063,0.048562746,0.24742612,0.003330119,-0.0018424243,-0.10258083,0.109203406,-0.24861854,-0.19678667,-0.11781725,0.1395731,0.0524104,-0.011327624,0.015202507,-0.2693739,-0.21682553,-0.060314737,-0.19936159,0.27456862,-0.009977879,-0.13146721,-0.17207734,0.27919105,0.0048587844,-0.1468882,0.005388912,0.0343805,0.048630655,0.103507794,-0.008091625,-0.044468578,-0.35744965,-0.039103255,0.028375741,0.010186825,-0.06987016,-0.16959031,-0.21659705,0.13222812,0.015973527,0.53753835,0.24881053,0.10860087,-0.004753925,0.19111183,-0.0012786672,0.11017779,-0.33971736,-0.15254457,0.091068,-0.028847825,0.452997,-0.29126906,0.028342504,0.044290747,0.04776212,-0.026785485,-0.04684811,-0.011210516,0.18389371,0.26135105,-0.16150974,-0.06095151,-0.18296322,-0.25976107,0.006833069,-0.08253482,0.02367587,0.036102843,0.21102168,-0.20866972,-0.114519715,0.009067011,-0.47289082
1,0.28702578,-0.2847604,0.29322058,0.09117574,0.08825672,0.2895003,-0.12613997,0.026747894,-0.19656186,-0.056703076,-0.019002076,0.19840857,-0.017775085,-0.3366332,0.1592806,0.06833856,0.078073986,0.18704906,0.1744476,-0.16717675,0.2193087,0.010783557,-0.3372705,0.06405538,0.16262639,-0.186661,0.11673147,0.001823496,0.06766768,-0.12438975,0.036956146,-0.113238655,-0.0031142049,0.16101146,-0.19085369,-0.033506464,0.21381485,-0.17525485,0.029227167,0.04308947,-0.37327793,-0.074198075,-0.12763348,0.023929566,0.030884517,0.028159939,-0.11282927,0.046077356,0.14973032,-0.2086191,-0.16310279,0.11546741,-0.06254098,0.005958479,-0.19608046,-0.038799897,0.06643458,-0.073031664,-0.14144011,-0.21478629,0.02373238,0.12150946,0.05813793,0.17338993,0.04174405,-0.026646703,0.10624798,0.07767565,0.038836226,0.030809972,0.02297466,0.195564,-0.20706105,0.14678693,0.015986353,-0.047441542,-0.27634618,0.18185614,-0.046740986,0.07851708,-0.22146839,0.13884252,-0.012552641,0.17412834,0.28182623,-0.14368078,0.14196165,0.13015273,-0.053537417,0.27324158,0.24235396,0.011190966,0.2708518,0.21314478,0.0059552416,-0.2418294,0.09770199,-0.04872328,-0.08769316,-0.07831646,0.05267732,0.15896428,-0.07119446,-0.07925472,-0.22585867,-0.008594245,-0.007759979,0.45321703,-0.095177725,0.052571703,0.17755948,-0.2031453,-0.044161662,-0.024421208,0.027117776,0.15642953,-0.19071856,0.14878535,-0.42160586,-0.260299,0.0043007396,0.017206945,-0.06281874,-0.31839624,-0.28502008,0.07558639,0.09451805,0.039081298,-0.07563143,0.058032703,0.052551918,0.106720656,0.16827938,-0.027488016,-0.001526285,0.1797142,-0.011740383,-0.15117733,0.10921788,0.013080381,0.21955706,-0.098626554,-0.29032046,0.043023653,0.052365586,0.18379775,-0.047824226,-0.22822647,0.055524487,0.010015428,0.058313996,-0.21860443,0.06109115,0.29057994,0.0146279745,-0.18639392,-0.13741511,0.06594442,0.11099312,0.21062943,0.20331042,-0.13194498,-0.15406519,-0.15244882,-0.19354305,0.10004857,-0.2108044,0.0047766976,-0.00011371635,0.1986317,0.28805187,0.1435914,-0.014170788,0.41177022,-0.0029903725,0.12919693,-0.24046339,-0.10533822,0.16677457,0.021604221,0.03342901,0.0026072636,0.15506065,0.037268367,0.229931,0.0014078896,0.004136771,-0.097820014,0.102279425,-0.22734593,-0.17715612,-0.10480489,0.12443109,0.05093278,-0.00566788,0.009770282,-0.24487805,-0.20259643,-0.056736264,-0.17782445,0.25268131,-0.010615123,-0.1160011,-0.15178123,0.25721034,0.002579406,-0.13171512,0.005786825,0.03726627,0.046325594,0.08849258,-0.0060997675,-0.04686023,-0.32641673,-0.034754217,0.029589012,0.009918325,-0.06366831,-0.15734105,-0.19595394,0.12286029,0.016511813,0.49990717,0.22888719,0.09727937,-0.0013000034,0.17366347,-0.0009446279,0.09729268,-0.3131253,-0.14595357,0.0871643,-0.026571736,0.42014647,-0.2645725,0.024651613,0.044760197,0.03875614,-0.022086814,-0.045006864,-0.013826121,0.16562074,0.24296087,-0.15147565,-0.05700153,-0.16951364,-0.2434737,-0.0015440322,-0.07682568,0.017418396,0.031275943,0.1942528,-0.18824956,-0.10784069,0.009165027,-0.43395266
0,0.31354067,-0.31170925,0.3138057,0.10078583,0.09024135,0.31474364,-0.14025682,0.031381316,-0.2164492,-0.064045176,-0.019010598,0.21373662,-0.02258499,-0.35926127,0.17386329,0.07638915,0.08358707,0.20731825,0.18518925,-0.18465027,0.24101672,0.01372841,-0.3641433,0.07255669,0.1755201,-0.20381746,0.12753351,0.0025372189,0.07392469,-0.13341604,0.044723265,-0.12779987,-0.0089605935,0.17425391,-0.20948693,-0.035262924,0.22703609,-0.18875729,0.038283646,0.04875784,-0.3982883,-0.08050325,-0.1399159,0.020943835,0.02862595,0.03700807,-0.11864194,0.04956375,0.15882581,-0.22326808,-0.18064748,0.13064238,-0.07012394,0.0067873746,-0.2096456,-0.042529576,0.071708016,-0.08182143,-0.15710063,-0.23261343,0.031169608,0.13634434,0.058420345,0.18837774,0.049821753,-0.030799605,0.114202105,0.08744431,0.033954784,0.036760908,0.025783513,0.21590105,-0.2269238,0.15521285,0.018994976,-0.047424838,-0.3043901,0.19348888,-0.044761576,0.08999281,-0.23771483,0.15740862,-0.012649745,0.19028322,0.30475715,-0.15288939,0.1554888,0.14164907,-0.06310092,0.30148768,0.26531667,0.012584653,0.29199857,0.22810256,0.0014987811,-0.26088494,0.10492634,-0.05796524,-0.09542207,-0.08690371,0.05587264,0.16908851,-0.076875634,-0.08732501,-0.24262322,-0.004879486,-0.010374183,0.48792052,-0.1003836,0.058193397,0.1939048,-0.21765631,-0.047412843,-0.033155255,0.031780966,0.16888124,-0.21113291,0.16122892,-0.45531568,-0.28288755,0.008686002,0.014191482,-0.062485162,-0.3406503,-0.30607295,0.07842845,0.09722829,0.039832942,-0.07757038,0.06321064,0.059275948,0.1123772,0.18486603,-0.028966751,0.0045910478,0.19835751,-0.016450446,-0.16280247,0.11889051,0.017128453,0.23593545,-0.09991771,-0.3109235,0.04626993,0.05945748,0.20001279,-0.05048906,-0.24382003,0.06248415,0.008672018,0.06605117,-0.23553476,0.06924562,0.3143797,0.011859961,-0.20723292,-0.14875433,0.06772627,0.11699884,0.23052096,0.21861145,-0.14210363,-0.16447432,-0.16777816,-0.21053761,0.11511247,-0.2235958,0.002693925,-0.0038726516,0.21109024,0.31022108,0.15172306,-0.0130502805,0.4401867,-0.0068161003,0.14126419,-0.25957936,-0.10633947,0.18163702,0.016012281,0.04063864,0.008714706,0.16596316,0.04722845,0.24639343,0.0033074617,-0.0025501326,-0.102436,0.10818489,-0.24678552,-0.19511321,-0.11657816,0.13833702,0.0520191,-0.009646181,0.014702015,-0.26801065,-0.21556945,-0.06039327,-0.19715875,0.27330887,-0.009873869,-0.12943546,-0.16990806,0.27804524,0.004475333,-0.14560148,0.005783383,0.035076972,0.047508728,0.10162661,-0.0067057977,-0.04440661,-0.35547972,-0.037832677,0.029000983,0.00932768,-0.06925005,-0.16788457,-0.21501964,0.13126329,0.016078193,0.5343781,0.24659367,0.10742563,-0.003621254,0.18992114,-0.0015987665,0.10932823,-0.33779716,-0.15303376,0.09124949,-0.02852121,0.4506378,-0.28957212,0.028467257,0.04375848,0.04647915,-0.026879378,-0.047101438,-0.011407655,0.18252072,0.26033223,-0.1614963,-0.060898185,-0.18188569,-0.25892952,0.0060470887,-0.081825614,0.022674251,0.034865197,0.20913337,-0.20718884,-0.11468523,0.009215476,-0.47010595
0,-0.10408515,0.060523212,-0.010913666,-0.05467219,0.09762974,0.00052893907,0.04299432,-0.039351758,0.09700436,0.030829698,-0.023906058,0.0044639446,0.05140665,0.0063481405,-0.09163906,-0.057910603,-0.024317523,-0.10024991,-0.013350708,0.059543442,-0.06666468,-0.038158208,0.0073131584,-0.09327614,0.011991277,0.05266173,-0.05466543,-0.052685603,-0.034246277,0.009817045,-0.068192914,0.108712494,0.0833253,-0.03155404,0.08183588,-0.022596214,0.0389338,0.058498573,-0.091828085,-0.026869446,-0.026763715,-0.02083949,0.056128807,0.06779977,0.050987218,-0.11787586,0.012865044,-0.0070262793,0.035819773,-0.017498765,0.03971192,-0.07186827,0.09313606,-0.0035276972,-0.04346325,-0.019740175,-0.04546403,0.04234216,0.09833518,0.01092054,-0.088843636,-0.1031612,0.0077656694,0.0021918248,-0.09281193,0.057627805,-0.022036513,-0.106652945,0.095625974,-0.051454216,0.042914957,-0.083773986,0.08360446,0.0083236825,-0.0076753516,-0.03946454,0.08824077,-0.02177979,-0.13666469,-0.06695687,0.0010956181,-0.12350437,-0.008610234,-0.059787344,-0.004224534,-0.010317162,-0.036359068,-0.07366802,0.10854696,-0.09012397,-0.06342566,-0.036718607,-0.0039267354,-0.03534314,0.06812045,0.023708282,-0.03761576,0.1068373,0.011678824,0.09533884,-0.01681865,0.03895667,0.021264015,0.06616268,-0.018270541,-0.036022753,0.08591199,-0.013276998,-0.0030437857,0.026018653,-0.057817392,-0.005903342,0.03867109,0.11832158,-0.037625737,-0.03308791,0.08983757,-0.0023853304,-0.0033554872,0.043712467,-0.08491072,0.07079152,-0.12014164,-0.05116123,0.021866478,-0.0068539046,0.07708399,-0.016522381,-0.020232935,-0.019013472,-0.07260311,-0.04019024,-0.09844038,-0.017438576,-0.109340295,-0.044226997,0.043939155,0.023695342,-0.06378712,-0.052078046,-0.004326787,-0.102759525,-0.034051273,-0.020467855,-0.04451023,-0.02844565,-0.07105231,0.013372088,-0.06007073,-0.005079694,-0.07434816,0.012825099,-0.07981576,-0.013028083,0.05997333,0.11330564,0.02249174,0.015603676,0.044187106,-0.03719378,-0.006903464,0.035271797,0.0359101,0.04856722,0.07408948,-0.08147312,-0.04257802,0.056973934,0.07592939,0.01513147,-0.01728597,0.026207749,-0.026858628,-0.015027206,0.05465215,-0.031594887,-0.003793926,-0.11950822,-0.059093647,0.11827172,-0.06787615,-0.10587278,0.053677432,-0.09407907,0.03252957,-0.002150612,0.06395158,-0.02744386,-0.030393079,0.03723412,0.07753254,0.06401273,-0.08099343,0.067925274,0.10035605,-0.061863083,0.03139361,-0.02023528,0.00802625,0.06458515,-0.004356051,0.04001083,0.088735566,0.09565398,0.00532837,-0.021150274,0.06956199,-0.013969477,0.086942,-0.059741035,-0.11007167,0.040449128,-0.11278783,0.04277516,0.061519064,0.055004418,0.008256089,0.025465656,0.037138555,0.062038347,-0.025431443,0.027565438,0.047385953,-0.027955554,-0.070769124,0.102980465,-0.034809638,-0.013469482,-0.049432747,0.021823004,-0.106277816,0.007506797,0.014109164,-0.0058603566,0.05929128,-0.06347532,0.049653966,-0.08118821,0.015396554,0.015380004,-0.046128407,-0.040512722,-0.0048942827,-0.03545005,-0.029386312,-0.013729736,-0.0380651,-0.11998987,-0.009611182,-0.07194449,-0.049374457,-0.011594726,0.05789654,-0.024786226,0.022927739,0.0052825874
0,0.2652369,-0.26327202,0.27584678,0.08317867,0.08612403,0.2706407,-0.115552165,0.022433214,-0.18180108,-0.051263854,-0.018734036,0.18776216,-0.014539134,-0.31832492,0.14680108,0.062119786,0.07380763,0.17001936,0.16563626,-0.15243,0.20295149,0.008472383,-0.31556946,0.05652599,0.15295537,-0.17308491,0.10891883,0.0015510841,0.06263561,-0.11790612,0.031764783,-0.1012794,0.0021382011,0.15025787,-0.17575383,-0.032334488,0.20309068,-0.16411003,0.024160497,0.03819281,-0.3518644,-0.0699878,-0.11746721,0.025941882,0.03249021,0.021394774,-0.10899588,0.044412293,0.14218384,-0.1973791,-0.14998588,0.10502925,-0.055495035,0.0036895983,-0.18612102,-0.03465706,0.06164154,-0.06564141,-0.12949719,-0.1999602,0.017429613,0.108692706,0.0565892,0.16230847,0.035112273,-0.024520315,0.09987947,0.068836264,0.03983307,0.02562176,0.021589847,0.17859566,-0.19068998,0.13954931,0.01314006,-0.047643114,-0.25367543,0.17291473,-0.04866379,0.06921269,-0.20827791,0.12549216,-0.013699681,0.16066658,0.26376677,-0.13726991,0.13241073,0.120144986,-0.045501713,0.25108466,0.22419518,0.0095714815,0.25325638,0.20160708,0.009937193,-0.225879,0.09071702,-0.041360296,-0.08297277,-0.07056329,0.04853227,0.15061545,-0.06682853,-0.072167024,-0.21317671,-0.011157569,-0.006095739,0.42483452,-0.090396345,0.048108775,0.1638906,-0.1910985,-0.040038906,-0.017379768,0.02347684,0.14755629,-0.17533234,0.13878599,-0.3951436,-0.2424422,0.0006771758,0.02069905,-0.06271512,-0.30164367,-0.26752487,0.073006496,0.092768595,0.03868736,-0.07486746,0.05440286,0.04772942,0.10125393,0.15489334,-0.026975933,-0.0056070127,0.16553922,-0.00899506,-0.14140639,0.1000727,0.009266313,0.20623645,-0.09679405,-0.27402318,0.039827198,0.04591281,0.16979395,-0.046328176,-0.21466792,0.05033345,0.012514718,0.051809035,-0.20529008,0.053832423,0.27140123,0.017718315,-0.1698871,-0.12782979,0.064358816,0.10567403,0.19516316,0.19181412,-0.123486325,-0.14507356,-0.13995984,-0.1797689,0.08937213,-0.19983587,0.0065389164,0.0027056523,0.18877459,0.2705565,0.13803172,-0.014473001,0.38762188,0.00013555214,0.120043114,-0.22486223,-0.10307458,0.15382615,0.026382752,0.02775991,-0.0011559352,0.1459992,0.030964274,0.21675088,8.919835e-05,0.009278685,-0.094684616,0.09674576,-0.21166734,-0.1623761,-0.0950364,0.11249839,0.05172818,-0.0015467852,0.0052119642,-0.22737378,-0.19308323,-0.052485146,-0.1650241,0.23572835,-0.009011677,-0.1066163,-0.13821693,0.2410007,-0.00010640919,-0.12091311,0.0067605935,0.03950632,0.044328444,0.07865427,-0.006328955,-0.048626505,-0.30371773,-0.032256752,0.029755391,0.011202045,-0.0598613,-0.14782108,-0.18036142,0.11500272,0.017363269,0.47248313,0.21622318,0.088680804,0.0011697076,0.16055897,-0.0013132063,0.088518664,-0.29311243,-0.14048536,0.083080135,-0.024626475,0.39401948,-0.24569684,0.019861978,0.045493815,0.034052655,-0.018901635,-0.042113625,-0.0150107425,0.15246493,0.22891614,-0.14428665,-0.055052903,-0.16037086,-0.23048344,-0.006228823,-0.07390331,0.013477478,0.029639695,0.18235391,-0.17369804,-0.10253635,0.00945727,-0.4058957
1,0.4857886,-0.47985992,0.44821915,0.16410406,0.098120615,0.46530277,-0.22699046,0.0602202,-0.34614176,-0.106271565,-0.019412238,0.30748722,-0.052385777,-0.5094697,0.27327138,0.12837373,0.12083085,0.34014404,0.26037943,-0.2935042,0.3758005,0.032706235,-0.5316784,0.13234584,0.2530744,-0.3124799,0.19595538,0.01316525,0.11411633,-0.18952271,0.09286185,-0.22592488,-0.04776362,0.26211688,-0.33032644,-0.0449544,0.3116686,-0.28230605,0.09105584,0.08172023,-0.5623434,-0.115144625,-0.22061245,0.002293978,0.017558962,0.096502885,-0.16361487,0.06953266,0.21660769,-0.31448168,-0.2862999,0.2235271,-0.12864128,0.015978381,-0.29238805,-0.06393661,0.11017721,-0.13705602,-0.26172084,-0.34430137,0.07717794,0.23446609,0.069152884,0.27791432,0.10345505,-0.056923054,0.167976,0.15559933,0.008483693,0.07461475,0.03297708,0.34653395,-0.3580842,0.2143914,0.035541683,-0.048531596,-0.4793701,0.27520147,-0.021639664,0.16126114,-0.3406489,0.2746699,-0.0137247,0.29483187,0.44801047,-0.21303263,0.2381384,0.22314247,-0.12939505,0.47821692,0.40948153,0.02724272,0.42422456,0.33166045,-0.028023936,-0.38592175,0.15549946,-0.118026644,-0.14086862,-0.14967194,0.0827549,0.2342503,-0.11314757,-0.146024,-0.34397656,0.015949562,-0.033493727,0.70928735,-0.13608569,0.08626534,0.2995699,-0.3082886,-0.075633965,-0.089511134,0.060320884,0.24987245,-0.33878177,0.2359488,-0.66587406,-0.4250641,0.04132784,-0.007943872,-0.055063,-0.4767374,-0.44382975,0.103474684,0.111725464,0.049472198,-0.09182291,0.09564118,0.10467879,0.15927993,0.2979809,-0.03603794,0.04711754,0.31245607,-0.04383185,-0.24031313,0.18895864,0.046757527,0.3416172,-0.10736613,-0.440342,0.06922372,0.103568375,0.3024311,-0.056901317,-0.348807,0.11049065,0.004190333,0.12076083,-0.3435924,0.1273582,0.46327102,-0.007544495,-0.340869,-0.22155412,0.083551556,0.15325774,0.35309428,0.3144419,-0.21169002,-0.23766471,-0.2664526,-0.32480875,0.20583993,-0.30416796,-0.016739737,-0.029415645,0.29308853,0.45286348,0.20165619,-0.007947147,0.6284499,-0.031523585,0.21509266,-0.3792327,-0.11043685,0.28168905,-0.02370292,0.08621968,0.049606554,0.2306561,0.107847005,0.34847486,0.012628581,-0.038027868,-0.13121773,0.15291266,-0.37174043,-0.31149447,-0.19364485,0.22892822,0.05422896,-0.045395523,0.048485875,-0.40856197,-0.29806826,-0.087138385,-0.31462935,0.40259475,-0.016083958,-0.21688816,-0.2841292,0.40545362,0.01862733,-0.23417607,0.0050657876,0.01782294,0.069360085,0.18869168,-0.015624154,-0.027260665,-0.53669184,-0.06499704,0.02193515,0.008074436,-0.10494918,-0.24293216,-0.33638936,0.19184555,0.013603229,0.75261223,0.3594059,0.17571414,-0.028950978,0.2909761,-0.00095273415,0.18131384,-0.495355,-0.18942942,0.11796322,-0.045273695,0.648149,-0.44351712,0.056489054,0.04003716,0.096191816,-0.05184763,-0.06367033,0.0025426783,0.2878122,0.37111443,-0.21888953,-0.08083287,-0.2568001,-0.35724837,0.052638773,-0.11217472,0.05910298,0.060292434,0.3060044,-0.32374993,-0.1548935,0.007957939,-0.6932479
0,-0.12939307,0.086982034,-0.04184569,-0.06277088,0.10701379,-0.017136248,0.056731027,-0.039538916,0.12561399,0.031540878,-0.024132084,-0.009969136,0.053347897,0.03721885,-0.11397188,-0.07077317,-0.033370122,-0.12842938,-0.0368219,0.07233374,-0.08446367,-0.03784404,0.030587032,-0.103317946,0.0074200197,0.07406859,-0.06586816,-0.06099378,-0.04356248,0.021649271,-0.078794755,0.13229021,0.09065917,-0.053478967,0.098153934,-0.017807752,0.0228137,0.08476882,-0.099987164,-0.029876135,0.0075019747,-0.016921053,0.079485305,0.07170555,0.045306146,-0.12865272,0.035186738,-0.0057145823,0.024663318,-0.004668355,0.05166834,-0.08740448,0.113738954,-0.009127956,-0.03240897,-0.017375354,-0.055169933,0.05101344,0.12233038,0.02669622,-0.09630056,-0.12311269,-0.0007707104,-0.009045663,-0.10755508,0.0681146,-0.031897902,-0.11714932,0.09378553,-0.057069466,0.052906528,-0.10813301,0.107357875,-0.006737765,-0.0076102195,-0.03363891,0.11490494,-0.043919325,-0.1492625,-0.07819895,0.014481245,-0.14417699,-0.0043571014,-0.077015966,-0.02341537,0.0064660497,-0.05300488,-0.095918976,0.12750414,-0.11832834,-0.09174536,-0.04430341,-0.016866736,-0.06257229,0.06756196,0.048857957,-0.043390766,0.11851052,0.019897,0.11053598,-0.026665708,0.026981955,0.02571735,0.08295365,-0.0069521386,-0.039369803,0.101018056,-0.05249173,0.0005407855,0.03089336,-0.08408038,0.008962662,0.046134263,0.12580125,-0.035262845,-0.05039694,0.111607805,-0.0073447693,0.032189813,0.059792593,-0.092583284,0.07356523,-0.13467297,-0.0346192,0.04700796,-0.018677257,0.07792355,-0.026047844,-0.019616794,-0.022951791,-0.085162215,-0.05633161,-0.123509586,-0.020967655,-0.12111746,-0.062741995,0.041686017,0.040883288,-0.079551466,-0.06248333,-0.02235803,-0.10584772,-0.011420205,-0.026714902,-0.047332846,-0.040954985,-0.07500075,0.040751025,-0.07766085,-0.009989291,-0.091208704,0.03082006,-0.09365472,-0.03194676,0.06705595,0.13922277,0.03505329,0.0064405613,0.042654864,-0.058220036,-0.02328142,0.053260587,0.056509607,0.069692604,0.1004411,-0.09611888,-0.030703692,0.06537757,0.083391145,-0.005511645,-0.047771055,0.022988606,-0.025000215,-0.0550288,0.05871088,-0.04058202,0.016047155,-0.121338755,-0.07875245,0.1334636,-0.077637695,-0.12284722,0.045560606,-0.10388909,0.01818251,0.0036800765,0.0612195,-0.02437915,-0.04344052,0.057432745,0.101533435,0.07610838,-0.09380989,0.06853799,0.11717234,-0.06823857,0.050612763,0.00048813596,0.011629336,0.0797343,-0.024269002,0.053068817,0.11437744,0.11246677,-0.012787731,-0.025344415,0.079881884,-0.013154805,0.087014824,-0.07493526,-0.1279634,0.05031224,-0.11230074,0.07085141,0.07717383,0.061441258,-0.0007353807,0.034555554,0.059568767,0.077973805,-0.041484486,0.02410572,0.011837326,-0.052892372,-0.084221154,0.116583794,-0.048926603,-0.017534835,-0.06017819,0.04952685,-0.1081433,0.0022608675,0.021255717,-0.040761452,0.08299826,-0.05967106,0.046386756,-0.09278761,0.013950944,0.02024346,-0.045739736,-0.055576265,-0.025352292,-0.029255774,-0.02531118,-0.004852851,-0.021297768,-0.12801677,-0.0040962733,-0.08473794,-0.058494367,-0.034892637,0.0751863,-0.022577237,0.020402132,0.038907222
1,0.742117,-0.7298891,0.64798445,0.25796124,0.11109228,0.69042844,-0.35437733,0.104530595,-0.5376514,-0.17023095,-0.020201381,0.4456468,-0.097375,-0.7315763,0.42273933,0.20629467,0.17677149,0.53749985,0.37117496,-0.45432636,0.5771408,0.064392835,-0.78022367,0.22244935,0.36820847,-0.47429064,0.29922003,0.027413763,0.1749176,-0.2731612,0.16382307,-0.37045404,-0.105685934,0.3903888,-0.5100022,-0.05842283,0.4370883,-0.42122528,0.17047465,0.13243386,-0.80406415,-0.1667889,-0.34127045,-0.025062244,1.8209219e-05,0.18527927,-0.2283715,0.100008786,0.30211887,-0.45017868,-0.44205138,0.36037877,-0.21411306,0.028572205,-0.41306183,-0.0948237,0.16914473,-0.21976915,-0.41457105,-0.5104423,0.14781007,0.37985075,0.085297875,0.40965867,0.18442425,-0.09722792,0.24628927,0.25945857,-0.028017484,0.1304643,0.04267014,0.5411431,-0.5518313,0.30058536,0.059637494,-0.04870696,-0.7394206,0.39470136,0.0108613,0.2670371,-0.495218,0.4480123,-0.011442915,0.4516356,0.6589136,-0.30111322,0.36216083,0.34286082,-0.22733259,0.73946023,0.62398666,0.04936012,0.62077427,0.4829739,-0.07189066,-0.5696862,0.2338943,-0.20796973,-0.2087695,-0.24364722,0.121915534,0.32753783,-0.16855185,-0.2318332,-0.49529824,0.046980247,-0.06859714,1.0368237,-0.19015092,0.12979162,0.4575374,-0.44454917,-0.11742553,-0.17541474,0.104105204,0.36968815,-0.52888334,0.3476824,-0.9747842,-0.6368496,0.08862526,-0.040609825,-0.04251128,-0.67642623,-0.6484859,0.1411112,0.1337084,0.06484358,-0.11385536,0.14414302,0.17323855,0.22803436,0.4650178,-0.04585753,0.10797647,0.4823954,-0.08470653,-0.35422844,0.29326633,0.08840068,0.496706,-0.11701842,-0.6291166,0.10501687,0.17080376,0.45478413,-0.066990435,-0.50323737,0.1793949,-0.0037940294,0.20072176,-0.50234914,0.21392877,0.68322027,-0.037581168,-0.53984207,-0.3305644,0.10630608,0.20902343,0.5334476,0.45781055,-0.31522357,-0.3485757,-0.4107864,-0.49286535,0.33999768,-0.42536473,-0.04359738,-0.06815486,0.41339472,0.6623048,0.27690944,-0.0007754378,0.90902567,-0.068389446,0.32394028,-0.5566468,-0.116832435,0.43113214,-0.08087121,0.1542576,0.10901397,0.3254702,0.1972599,0.49867618,0.025592625,-0.09328662,-0.17479116,0.21903181,-0.5563666,-0.48370287,-0.30698404,0.36389294,0.054853477,-0.09716644,0.09772785,-0.61518186,-0.41885242,-0.12737043,-0.48786908,0.5941161,-0.028243104,-0.34500188,-0.45365995,0.59376687,0.038037747,-0.36614636,0.0055342503,-0.0069066547,0.10245245,0.31658676,-0.028679583,0.0014104806,-0.8039567,-0.10598699,0.013046414,0.004077222,-0.15723582,-0.35584453,-0.5164559,0.28083903,0.008194659,1.0762378,0.52493685,0.2773545,-0.06646897,0.4403842,0.0010280195,0.28870827,-0.7275534,-0.24431369,0.16020814,-0.06784817,0.9418843,-0.67199737,0.101851985,0.034086887,0.17003047,-0.089003466,-0.09086982,0.02335586,0.44111446,0.53569674,-0.3053976,-0.10906962,-0.3680564,-0.5043836,0.12257826,-0.1562852,0.11117552,0.097122125,0.44950464,-0.4969167,-0.21492112,0.005828794,-1.0218123
1,0.5378304,-0.5292608,0.488281,0.18263283,0.10069233,0.5091918,-0.25153592,0.06953269,-0.3839913,-0.11922255,-0.01968529,0.33437526,-0.06148947,-0.55381876,0.30429935,0.14423527,0.13262278,0.379609,0.2824795,-0.3248786,0.41605043,0.03987438,-0.58078045,0.15149905,0.27588192,-0.34468493,0.21756244,0.016182136,0.12672785,-0.20612855,0.10677964,-0.25481468,-0.059214596,0.28712487,-0.36637187,-0.04681314,0.33604473,-0.31080887,0.10719815,0.09216976,-0.60953754,-0.1248791,-0.24507208,-0.0031900518,0.014017962,0.114562884,-0.17681435,0.07631426,0.23336962,-0.34136164,-0.31670025,0.24981514,-0.14621027,0.018459883,-0.3151546,-0.06941004,0.12310915,-0.1536828,-0.29169428,-0.37740463,0.0919645,0.26330978,0.0730063,0.3030402,0.12042256,-0.06617401,0.1830133,0.1782211,0.0017281324,0.08569205,0.03386584,0.38502932,-0.39647588,0.2315179,0.03995662,-0.04805712,-0.53109014,0.29885077,-0.015009638,0.18211837,-0.3719693,0.30874553,-0.011991575,0.32667834,0.4889704,-0.23015437,0.26263818,0.24722376,-0.14888832,0.52957845,0.45194972,0.031826362,0.4632197,0.3614677,-0.036723502,-0.42183495,0.17297669,-0.13678505,-0.15439336,-0.16933498,0.09071238,0.2514479,-0.12479612,-0.16348314,-0.37368554,0.021795504,-0.041749403,0.7743747,-0.14763296,0.094468296,0.3313499,-0.33587885,-0.084463224,-0.10770116,0.06970082,0.27397105,-0.37664923,0.257853,-0.7256829,-0.467204,0.051135622,-0.014927503,-0.051327623,-0.51493555,-0.48505804,0.11150336,0.11605208,0.053725872,-0.09658893,0.10549767,0.11901103,0.17357984,0.33167034,-0.03802486,0.059288666,0.34597906,-0.0517778,-0.26264924,0.2107104,0.054110236,0.37192336,-0.10863754,-0.47639662,0.07729179,0.1175524,0.33271536,-0.05840342,-0.37961447,0.12389366,0.0026283264,0.13686076,-0.37463123,0.14512877,0.5064882,-0.013611488,-0.38076153,-0.24327011,0.08802879,0.16452064,0.3881415,0.34324467,-0.23260762,-0.2612889,-0.29416448,-0.3578581,0.23222929,-0.3286043,-0.022024523,-0.037457746,0.3168088,0.4938272,0.21693632,-0.0068457723,0.68500006,-0.039050646,0.23642868,-0.41395074,-0.11159893,0.3119662,-0.035169557,0.100053236,0.06117557,0.2485117,0.1253357,0.37750596,0.014372181,-0.04922773,-0.13998184,0.1669808,-0.40854073,-0.34587303,-0.21586111,0.25597197,0.053266115,-0.055836692,0.057760894,-0.44850335,-0.32160774,-0.09551048,-0.34812382,0.44020364,-0.020204226,-0.24222459,-0.31769934,0.44194126,0.021930218,-0.2605837,0.0057685412,0.012679137,0.07751273,0.21393183,-0.018899769,-0.020141054,-0.589117,-0.07417583,0.020456366,0.006676536,-0.115600094,-0.2667115,-0.3721543,0.20964095,0.011832241,0.81670415,0.3920777,0.19660513,-0.037286323,0.32055163,0.0001696418,0.20234397,-0.54073334,-0.19977331,0.12777236,-0.048855636,0.70670867,-0.4883321,0.067482516,0.039229333,0.11085469,-0.058819324,-0.07023548,0.0067360215,0.31689245,0.40397212,-0.23622596,-0.085708715,-0.27877483,-0.3863178,0.066950604,-0.120808825,0.06914933,0.06760625,0.33435223,-0.35805702,-0.16672322,0.0070338026,-0.7569803
1,-0.13865183,0.09240097,-0.047250886,-0.06701289,0.112265974,-0.021644812,0.05969761,-0.042876977,0.1334761,0.03700023,-0.024827227,-0.014843354,0.05671739,0.045787048,-0.123728,-0.07407738,-0.03866624,-0.13269094,-0.044697776,0.08049767,-0.09060742,-0.039461717,0.03916926,-0.11098802,0.0039530206,0.07921946,-0.07131795,-0.06764398,-0.047305785,0.029773321,-0.08189429,0.13688278,0.09369181,-0.05484455,0.10868034,-0.01988591,0.023040054,0.09191893,-0.106026396,-0.03529164,0.011032797,-0.021440376,0.08104253,0.075559616,0.04781287,-0.13492131,0.036883265,-0.011593116,0.024462482,0.0023882762,0.051998436,-0.09051171,0.121933594,-0.0039210655,-0.033812903,-0.01996655,-0.06237974,0.053429805,0.12939052,0.03006525,-0.101608574,-0.13123372,-0.0033396296,-0.012444902,-0.10972257,0.073729865,-0.03964115,-0.12742175,0.10233062,-0.060902547,0.05326118,-0.113849506,0.11287528,-0.009657312,-0.00995613,-0.03201931,0.12048609,-0.05315595,-0.15890783,-0.07929719,0.017880924,-0.15284246,0.0011537634,-0.083629504,-0.026206903,0.0072661713,-0.05694363,-0.10557846,0.12924826,-0.12284592,-0.09414216,-0.047374208,-0.024641778,-0.07184685,0.07077553,0.051031634,-0.048830617,0.12717994,0.022426998,0.12134833,-0.029861977,0.025847016,0.031072685,0.085346825,-0.0023741443,-0.03744133,0.10619375,-0.058735766,0.0062726997,0.03563733,-0.08418101,0.014610325,0.053629644,0.13224223,-0.041694947,-0.05586394,0.11904167,-0.0133493105,0.036449272,0.06800284,-0.096259,0.07556742,-0.13915142,-0.026657697,0.054372534,-0.026019052,0.07995625,-0.032487426,-0.013584003,-0.026033845,-0.09100816,-0.06816748,-0.1305481,-0.020752557,-0.126195,-0.06299878,0.04839482,0.044549074,-0.08243073,-0.064709984,-0.025463674,-0.10757448,-0.00840633,-0.028637107,-0.050067067,-0.04536698,-0.0787407,0.045820683,-0.08066286,-0.012059782,-0.094991475,0.037267536,-0.09639712,-0.040171985,0.06452282,0.14833808,0.040624134,0.004046656,0.04765537,-0.06259334,-0.02886136,0.057630956,0.06209016,0.06933659,0.1097108,-0.09998141,-0.029981328,0.064756215,0.08933227,-0.0077028163,-0.05002674,0.01767996,-0.026650462,-0.062317204,0.06153845,-0.04901026,0.017569585,-0.12396921,-0.08247243,0.13591032,-0.08072378,-0.12865795,0.051053867,-0.10785483,0.016236287,0.0044022053,0.06169659,-0.02042659,-0.054301605,0.06262928,0.10516652,0.08028376,-0.10214135,0.0718467,0.12071532,-0.07040719,0.056765616,0.0053728,0.013974331,0.08589299,-0.02716056,0.054640904,0.12317012,0.121457696,-0.017307589,-0.024542715,0.08863941,-0.01701029,0.09432738,-0.084394716,-0.13556415,0.052339096,-0.12020342,0.0749821,0.08197833,0.062450923,0.0016108416,0.037855856,0.0639697,0.08315556,-0.04472418,0.024945006,0.009484593,-0.060852602,-0.09310703,0.12532845,-0.05338371,-0.017255457,-0.06254471,0.058107533,-0.11342569,-0.0021556653,0.023062024,-0.04419023,0.09245843,-0.06675472,0.050710343,-0.097221114,0.013833638,0.02507616,-0.049014598,-0.06156373,-0.034865923,-0.027390415,-0.02720522,-0.0009914916,-0.01929861,-0.13504829,-0.002765227,-0.08919293,-0.06658646,-0.033070806,0.07969107,-0.016705506,0.02209115,0.042179078
1,0.800619,-0.78624475,0.6942163,0.27934024,0.112839416,0.7401033,-0.38308692,0.114421345,-0.58191824,-0.18419068,-0.020227905,0.47697446,-0.107138716,-0.78290665,0.45752972,0.22465874,0.18997955,0.5825318,0.39788455,-0.4909462,0.6220644,0.071005225,-0.8363028,0.24309851,0.39359343,-0.51159286,0.32265326,0.031781927,0.18894394,-0.29272544,0.18014288,-0.40380067,-0.119037375,0.42030922,-0.5508138,-0.061808746,0.4653593,-0.45406792,0.18825395,0.14382279,-0.85951287,-0.17780268,-0.36896706,-0.031361286,-0.0030534752,0.20537771,-0.24452442,0.10683299,0.32135084,-0.48085386,-0.4764655,0.39137158,-0.2349382,0.03173602,-0.44028312,-0.10154774,0.18308541,-0.23800844,-0.4500901,-0.54769254,0.16391976,0.41374415,0.08986692,0.43908417,0.2033151,-0.10699602,0.2650084,0.28325865,-0.036435224,0.14332306,0.043846812,0.5854663,-0.59621143,0.3208338,0.06515954,-0.049556743,-0.7983028,0.42329693,0.01981683,0.29054266,-0.5297977,0.48767543,-0.012010053,0.4872784,0.70602787,-0.3216758,0.39044315,0.37137341,-0.25048667,0.79857683,0.67279655,0.05522774,0.664888,0.5186391,-0.08135412,-0.61161083,0.25141206,-0.22905731,-0.22412875,-0.2661288,0.13160433,0.34890997,-0.18127494,-0.2520743,-0.52876854,0.05372975,-0.07786575,1.1113534,-0.20208725,0.13817638,0.49371666,-0.4756292,-0.12785804,-0.1948728,0.11373374,0.39732975,-0.57200897,0.3723682,-1.0448062,-0.68432194,0.10008659,-0.048223358,-0.038440496,-0.72103435,-0.6953484,0.15077287,0.13812956,0.06948671,-0.11923988,0.15499945,0.18935068,0.24520957,0.503809,-0.047764253,0.12220937,0.52017766,-0.093568966,-0.3806141,0.3174015,0.09882563,0.5323397,-0.11887239,-0.672012,0.1134011,0.18585363,0.48917037,-0.06850858,-0.5394065,0.19616859,-0.0048335716,0.2196526,-0.5386928,0.2339523,0.7324425,-0.04441136,-0.5851928,-0.3554323,0.112288795,0.22083004,0.5745003,0.4900139,-0.33945096,-0.37424076,-0.44377798,-0.532198,0.37034646,-0.4524103,-0.050432187,-0.07744229,0.4415491,0.7101853,0.29350984,0.0005356632,0.9733487,-0.0768887,0.34892508,-0.5962948,-0.11808453,0.46491107,-0.09471786,0.16963345,0.123752646,0.3464134,0.2174015,0.53283143,0.028060913,-0.10456222,-0.18470077,0.23550382,-0.5982616,-0.5232464,-0.3330516,0.39449152,0.05465348,-0.11012735,0.10900131,-0.66180325,-0.44712803,-0.13663171,-0.5265183,0.63729215,-0.0318475,-0.3751902,-0.49186063,0.6363807,0.042719334,-0.39615792,0.0061666556,-0.0126118325,0.11134523,0.34636572,-0.03225356,0.007818863,-0.864463,-0.11626179,0.010564931,0.003820572,-0.1696061,-0.38246223,-0.55718285,0.30170208,0.0076046027,1.148893,0.56337446,0.30112836,-0.07668291,0.4742612,0.0017173919,0.31257477,-0.78072083,-0.2555042,0.16997188,-0.07397786,1.008479,-0.7237017,0.111764,0.03299993,0.18716705,-0.09687673,-0.09737695,0.02804625,0.4761192,0.5735133,-0.324408,-0.11520368,-0.39304495,-0.5376622,0.1385601,-0.16644606,0.123973936,0.106473185,0.48211604,-0.5361115,-0.22844985,0.005369805,-1.0953234
1,0.51974326,-0.51525444,0.47310373,0.17642362,0.102756105,0.5004769,-0.24580413,0.06672758,-0.3707105,-0.1166065,-0.019870587,0.32772267,-0.059354894,-0.5373372,0.2908689,0.13776413,0.12716852,0.36621064,0.27192122,-0.31540155,0.40549773,0.038319048,-0.5669047,0.1434289,0.27121344,-0.33368355,0.21002683,0.012162946,0.12151674,-0.20018426,0.1027082,-0.24351388,-0.055129062,0.27796113,-0.35437086,-0.046981525,0.3287932,-0.2980983,0.10342941,0.089215286,-0.59310275,-0.12440192,-0.23557945,-0.0009698756,0.013207108,0.10763416,-0.16899659,0.074555054,0.22894803,-0.33395487,-0.31023195,0.24359351,-0.13627657,0.016535256,-0.31036568,-0.069261745,0.11637772,-0.14895041,-0.28035232,-0.36824453,0.0864158,0.25189722,0.068026535,0.29774457,0.113030046,-0.061223097,0.17707069,0.1679194,0.0017277822,0.08208208,0.03801036,0.37285835,-0.383366,0.22389756,0.039453603,-0.047030356,-0.51546425,0.2882432,-0.02162169,0.17650612,-0.3628093,0.29825526,-0.011914156,0.31611925,0.47856355,-0.22426149,0.25546446,0.23593418,-0.14013836,0.5150069,0.43895036,0.028630368,0.45196664,0.3488342,-0.034687467,-0.4096901,0.16569789,-0.12835038,-0.15104945,-0.15860558,0.085452,0.24678192,-0.12040859,-0.15481386,-0.36669534,0.021723092,-0.03479761,0.7537948,-0.14314967,0.095863774,0.3198713,-0.32710412,-0.078473575,-0.10091113,0.06733668,0.2655502,-0.36525193,0.25282463,-0.70942426,-0.45525548,0.045657143,-0.011493709,-0.056619942,-0.50601864,-0.47032973,0.10597732,0.11660609,0.049361225,-0.0938114,0.10234958,0.11254209,0.16344245,0.31837434,-0.038562644,0.053666458,0.3382882,-0.051344175,-0.25425014,0.20088993,0.050193854,0.36180654,-0.10941793,-0.46627563,0.07337123,0.113662034,0.3232427,-0.06205109,-0.366345,0.11716908,0.001326032,0.12951449,-0.36467764,0.13745688,0.49460468,-0.010808654,-0.36751732,-0.23626748,0.08448014,0.16300279,0.37807813,0.33466735,-0.22417404,-0.25083947,-0.2858202,-0.34453204,0.22575808,-0.3214535,-0.017883044,-0.0331616,0.30767384,0.4804405,0.21298674,-0.006919194,0.6644541,-0.036384307,0.22956657,-0.40463865,-0.1122718,0.3013918,-0.029127523,0.09532942,0.055244356,0.24578294,0.12071411,0.37002376,0.01584962,-0.04885377,-0.13755022,0.15823187,-0.39697877,-0.3338112,-0.20828688,0.2469035,0.05557155,-0.048284568,0.054446846,-0.43850312,-0.31300038,-0.091901824,-0.34084955,0.42987105,-0.014215002,-0.23206346,-0.30803886,0.43266454,0.019937918,-0.25207654,0.0043450184,0.015388358,0.0685298,0.20462385,-0.0153496,-0.02327324,-0.5744589,-0.06758223,0.022204518,0.0061724707,-0.11069465,-0.2551337,-0.36132282,0.20124368,0.012158569,0.7979297,0.38046286,0.18769196,-0.029404972,0.3119303,-0.0019776826,0.19737652,-0.5258768,-0.20049635,0.12270308,-0.045505676,0.6873118,-0.47555983,0.062354032,0.038490072,0.10591637,-0.058731057,-0.065845706,0.005708702,0.30897468,0.39276886,-0.23299491,-0.085972935,-0.2733436,-0.37742907,0.06238607,-0.11873965,0.06385887,0.062948965,0.3250727,-0.34787515,-0.16384801,0.008358674,-0.74097234
1,0.51885396,-0.51063263,0.4734396,0.1756287,0.09971641,0.49248993,-0.24208689,0.06626166,-0.36969304,-0.11455445,-0.019547563,0.3242628,-0.058024146,-0.53740627,0.29330534,0.13855389,0.12851624,0.3649819,0.2743933,-0.31300297,0.40106648,0.03744903,-0.56240296,0.14479913,0.2672007,-0.33274782,0.2100358,0.015194342,0.12233298,-0.19999012,0.101574056,-0.24415258,-0.054992225,0.27763563,-0.35310897,-0.046053823,0.3266041,-0.3005047,0.101337194,0.08847086,-0.59154946,-0.121018976,-0.2361343,-0.0011707246,0.015235469,0.10800804,-0.1719502,0.07416061,0.22706169,-0.3312903,-0.30507,0.2396602,-0.1399869,0.017567817,-0.3060977,-0.06701784,0.11881844,-0.14766663,-0.28042936,-0.36513847,0.086731136,0.2526418,0.07202049,0.29320842,0.114399135,-0.06324149,0.17724122,0.17070875,0.0045345947,0.08161509,0.03315155,0.37065366,-0.3822556,0.225052,0.038214453,-0.04804561,-0.511818,0.28993523,-0.017377317,0.17421989,-0.36048183,0.29585582,-0.012228582,0.3152833,0.4733634,-0.22352728,0.25344697,0.23847428,-0.14171258,0.5101026,0.43598258,0.03019926,0.44870958,0.35015595,-0.033443354,-0.40816504,0.16723008,-0.13022399,-0.14930238,-0.16256711,0.08791649,0.24460688,-0.12071327,-0.1571995,-0.36251783,0.019420408,-0.039266907,0.75001943,-0.14358723,0.091156855,0.31972218,-0.32574284,-0.08147389,-0.10128298,0.066505134,0.26514193,-0.36262715,0.24959017,-0.7027138,-0.45161217,0.047620304,-0.012673732,-0.052047692,-0.5000951,-0.47002646,0.108794175,0.11428657,0.05264648,-0.09497623,0.10186132,0.113936454,0.1685765,0.31937888,-0.03727692,0.05471605,0.33321005,-0.04871783,-0.25418046,0.20294659,0.05106029,0.36044052,-0.10798742,-0.46235037,0.07476245,0.1126751,0.3214729,-0.05761485,-0.36825493,0.11887735,0.0031246021,0.13106939,-0.36274853,0.13872276,0.4900385,-0.011542976,-0.36606827,-0.23523481,0.0863458,0.16024974,0.37477422,0.3326485,-0.22490536,-0.25317043,-0.2833733,-0.34544763,0.2221897,-0.31954473,-0.019875016,-0.03471035,0.3078766,0.47824618,0.2112338,-0.007392127,0.6641579,-0.03648468,0.22838159,-0.40093228,-0.111147255,0.30088997,-0.031065874,0.09503044,0.056758717,0.24137779,0.11866319,0.36629617,0.013307475,-0.04497792,-0.13686925,0.16214472,-0.39467958,-0.33325818,-0.20736718,0.24601428,0.05314646,-0.052016743,0.054159746,-0.43313277,-0.31272516,-0.09253095,-0.33511284,0.4259916,-0.019564012,-0.23283835,-0.30507174,0.42804474,0.020445362,-0.2509255,0.0057713725,0.014619939,0.0751461,0.2044811,-0.017952643,-0.022186741,-0.56910783,-0.07121015,0.021282159,0.0069238544,-0.11180124,-0.2584268,-0.35865104,0.20295165,0.012073476,0.7926055,0.37992606,0.18914184,-0.034609634,0.3095569,5.943468e-05,0.19439933,-0.5234817,-0.19558094,0.12475503,-0.04723409,0.68487674,-0.47134423,0.064206734,0.039559953,0.105235524,-0.056022294,-0.06833695,0.005229119,0.30548313,0.39186442,-0.22980958,-0.0835218,-0.2706404,-0.37539577,0.061787236,-0.1174632,0.065423355,0.06485105,0.32374203,-0.3452653,-0.16231336,0.0072039086,-0.7323812
1,-0.13454922,0.08958283,-0.043851268,-0.063960865,0.109471545,-0.019330144,0.056791667,-0.04079298,0.12900712,0.03451471,-0.024396585,-0.010816006,0.055176795,0.041142385,-0.1189011,-0.072112724,-0.03575313,-0.12953407,-0.04170984,0.07628562,-0.08676219,-0.038250092,0.03463891,-0.105947524,0.0063667116,0.07592305,-0.06835402,-0.063481465,-0.044330228,0.025346842,-0.07974689,0.13411635,0.091479935,-0.054345082,0.10300165,-0.018197928,0.022588704,0.087525204,-0.103682056,-0.032485288,0.008928642,-0.018765215,0.08023866,0.07327091,0.046383686,-0.13184698,0.036308512,-0.008469837,0.024568945,-0.0014053285,0.051727764,-0.088252105,0.117443904,-0.0069560967,-0.033044074,-0.01927685,-0.058482245,0.05153445,0.12533873,0.027751096,-0.09824739,-0.12671053,-0.0021011755,-0.010021599,-0.10856103,0.070486315,-0.034837328,-0.12242293,0.09755327,-0.058480095,0.053210564,-0.110262886,0.109898716,-0.008173026,-0.008231876,-0.032914445,0.11757326,-0.04891345,-0.15337723,-0.07759262,0.016031556,-0.14819247,-0.0019103028,-0.0805407,-0.024153972,0.0072691105,-0.054519493,-0.09932626,0.12712818,-0.1211907,-0.092296824,-0.044845354,-0.020025585,-0.06673064,0.06955513,0.05031897,-0.04506339,0.12298819,0.021039931,0.11645975,-0.027939118,0.026871607,0.027651588,0.084281646,-0.0048170406,-0.03794035,0.10352766,-0.055161376,0.0031162314,0.03299051,-0.083489515,0.011645333,0.050011307,0.12771145,-0.038015544,-0.052730694,0.11480705,-0.010089069,0.033672232,0.064121924,-0.09429293,0.074637964,-0.1360628,-0.030689405,0.050458886,-0.022152893,0.07783275,-0.029140715,-0.016873594,-0.02481782,-0.08816837,-0.063266814,-0.12676273,-0.020429201,-0.12313003,-0.062003452,0.04374209,0.042214185,-0.08070874,-0.062882535,-0.024395771,-0.10631305,-0.010685023,-0.02681059,-0.048812043,-0.04251517,-0.077682205,0.042750955,-0.07848742,-0.010913532,-0.091689914,0.034084078,-0.09518401,-0.035846293,0.065332845,0.14383864,0.037481725,0.005493745,0.045274187,-0.06006496,-0.025657648,0.05479674,0.05893968,0.069054134,0.10519315,-0.09818887,-0.03006653,0.06557069,0.085980296,-0.0064729117,-0.047588613,0.020847233,-0.025525162,-0.058523055,0.059497647,-0.044378966,0.016341554,-0.12231399,-0.079493076,0.13478726,-0.07927899,-0.12573627,0.04844416,-0.10535061,0.01748137,0.0036819242,0.061085887,-0.023153445,-0.048889086,0.06113502,0.10338091,0.07835834,-0.098117545,0.07007965,0.11808044,-0.06836837,0.053883705,0.0033155344,0.012934923,0.08215185,-0.026293121,0.05342658,0.11834632,0.11630458,-0.014565192,-0.025609184,0.08527362,-0.014761455,0.09022957,-0.07900491,-0.13154905,0.050773557,-0.11573079,0.0729032,0.07941802,0.062205996,0.00073161535,0.035334896,0.061277207,0.08078189,-0.042820733,0.02449167,0.010768283,-0.056500316,-0.08819301,0.120552436,-0.0509729,-0.018806532,-0.06022972,0.053116977,-0.11022155,0.00024711713,0.021816079,-0.04213987,0.08750944,-0.0634726,0.048583265,-0.09490581,0.01339931,0.02273841,-0.047356825,-0.05863262,-0.029382184,-0.028368935,-0.026055017,-0.0040476285,-0.020478323,-0.13206553,-0.003935691,-0.086027406,-0.06271625,-0.03390187,0.07710461,-0.0197675,0.021768011,0.04039269
1,0.03201687,-0.046392027,0.09370287,-0.0026059467,0.080130994,0.082396105,-0.008241024,-0.017739858,-0.009362066,0.0034289435,-0.019704524,0.0700353,0.025715787,-0.11693382,0.00491783,-0.011106469,0.019352954,-0.0069798194,0.062212624,-0.014130574,0.02689001,-0.021498932,-0.10083018,-0.029379461,0.05591202,-0.02944009,0.011786262,-0.01832316,0.005338759,-0.04285838,-0.02853236,0.030083776,0.053140398,0.03636595,-0.014428534,-0.023095239,0.09304806,-0.032405697,-0.045686036,-0.0047458583,-0.13744366,-0.029202443,-0.006603243,0.04975584,0.04534214,-0.06160314,-0.04251651,0.016900562,0.07026008,-0.08051033,-0.018911595,-0.011138387,0.026846867,-0.0062669814,-0.084652826,-0.013959147,0.0017903233,0.0061698444,0.009577729,-0.056720015,-0.048293892,-0.023475945,0.034555748,0.052455097,-0.042605087,0.017778724,0.028871836,-0.032590844,0.06813687,-0.023111511,0.023785584,0.0076717623,-0.017181057,0.059480835,-0.0033972561,-0.046978373,-0.026203834,0.0612285,-0.086886376,-0.02201984,-0.07078864,-0.02916263,-0.018456409,0.020140082,0.08234487,-0.05804649,0.02376999,0.008560851,0.04728547,0.0240736,0.034860708,-0.014070014,0.083060905,0.06275424,0.047109377,-0.063295916,0.014454929,0.04414572,-0.023140596,0.021817164,0.0113993045,0.07433343,-0.0146296285,0.011594836,-0.08279537,-0.033920556,0.036475405,0.1369413,-0.03886815,0.016083095,0.01997333,-0.071663335,0.0022607036,0.06344836,-0.01499477,0.037853956,-0.007753946,0.04473848,-0.13253199,-0.055699445,-0.04656797,0.052292913,-0.08375278,-0.13425404,-0.08409889,0.03376721,0.07628921,0.018016022,-0.050406747,0.009515645,-0.019323146,0.029497426,0.0010250844,-0.019750105,-0.06264929,0.021353498,0.02330451,-0.03834835,-0.00088243186,-0.02766425,0.06904948,-0.09300661,-0.11327872,0.00396589,-0.014098339,0.03584767,-0.048001356,-0.07354705,-0.013983969,0.013149314,-0.022483189,-0.066240236,-0.028274085,0.0821582,0.047230046,0.00919164,-0.031280287,0.039330773,0.05743296,0.042205885,0.064974405,-0.027449846,-0.038624234,-0.015106872,-0.02565113,-0.02394465,-0.09306763,0.03427699,0.041796163,0.080398425,0.0857255,0.06972968,-0.02211883,0.13280392,0.033873506,0.025598776,-0.0741764,-0.102776974,0.018364748,0.080837086,-0.03275228,-0.05833707,0.07068759,-0.047535308,0.09027444,-0.0067822393,0.053626113,-0.05598991,0.030360552,-0.048853505,-0.008191504,0.0054761097,-0.008323636,0.05594823,0.054335088,-0.036829658,-0.052555095,-0.0848693,-0.014494865,-0.01622971,0.07259858,0.012973061,0.008052256,0.010613572,0.08032702,-0.016929725,-0.0026918054,0.0017889664,0.06251616,-0.0003344454,-0.03621194,0.01354881,-0.079268865,-0.07234166,0.014457446,0.04113288,0.012693053,-0.010588216,-0.037915885,-0.02144561,0.030865807,0.02309153,0.18884017,0.06853359,-0.004265804,0.047685467,0.03207681,-0.0072494405,-0.0023782142,-0.08906079,-0.101609394,0.03931175,-0.0038312012,0.13136634,-0.048005972,-0.028025093,0.04803159,-0.03360313,0.009591915,-0.010868318,-0.03218152,0.023928508,0.08285735,-0.07035507,-0.034827854,-0.064944625,-0.10164459,-0.07099225,-0.035736244,-0.033913855,-0.008293601,0.05344711,-0.02161922,-0.05364412,0.01547175,-0.1263317
1,0.6147098,-0.60711175,0.54884183,0.21165657,0.10469647,0.5812054,-0.2923443,0.0829536,-0.44359678,-0.13953811,-0.019769013,0.37859175,-0.07516379,-0.62141836,0.34815183,0.16787395,0.14936641,0.4395898,0.3159981,-0.37498024,0.47924513,0.0493573,-0.65806067,0.17721279,0.31234726,-0.39472315,0.24840558,0.019950166,0.14461619,-0.23256007,0.12924716,-0.29817244,-0.07673454,0.32623398,-0.4209466,-0.05214801,0.37491566,-0.35191146,0.13279912,0.10742552,-0.683471,-0.14215095,-0.28150576,-0.011594091,0.008080713,0.1411819,-0.19634227,0.08523048,0.25983718,-0.3837766,-0.36583096,0.29445282,-0.1703974,0.021165203,-0.35442585,-0.07933623,0.13976598,-0.17855887,-0.3388163,-0.42817295,0.11291252,0.30717647,0.076164804,0.34580618,0.1439007,-0.07759287,0.20765105,0.20702279,-0.012654148,0.10320498,0.039379317,0.4453753,-0.45612985,0.2576857,0.047912233,-0.04846019,-0.6109392,0.3357569,-0.0060738474,0.21439798,-0.4193526,0.3637593,-0.012369633,0.37476885,0.5548784,-0.2582648,0.3023904,0.28267112,-0.17830175,0.6110736,0.51823777,0.038493775,0.52312946,0.40794381,-0.049896322,-0.47835988,0.19438583,-0.16308965,-0.17636564,-0.19643086,0.10145968,0.28130728,-0.1413631,-0.18864176,-0.42129916,0.032540202,-0.051028743,0.87489784,-0.16289946,0.108609006,0.37941426,-0.37769118,-0.09556014,-0.13330889,0.08296111,0.3111879,-0.43576452,0.2929541,-0.8230444,-0.5325651,0.06468037,-0.023661625,-0.048911896,-0.5784938,-0.5464516,0.12230746,0.12334989,0.05787348,-0.10324568,0.11998095,0.13914637,0.1924096,0.3818236,-0.041333426,0.0778057,0.39946938,-0.06587823,-0.29792684,0.24026495,0.067105,0.41973323,-0.111594945,-0.5359802,0.087381676,0.13759507,0.37873545,-0.06325407,-0.42529738,0.14490847,0.00045157596,0.16039474,-0.42422935,0.17055532,0.57465106,-0.0224673,-0.44176364,-0.2765886,0.09477227,0.18232465,0.44480598,0.38752222,-0.26405126,-0.29363352,-0.33929062,-0.40925497,0.27485117,-0.36529243,-0.029510569,-0.049177777,0.35388955,0.5584103,0.24067971,-0.0044215955,0.77000195,-0.04999716,0.27027306,-0.46859074,-0.113381095,0.35681698,-0.05172074,0.120255664,0.080017395,0.27905276,0.15411381,0.42472723,0.01967711,-0.06742154,-0.15381213,0.18591166,-0.46498257,-0.39787278,-0.25100395,0.2967139,0.055304974,-0.06951348,0.07249093,-0.5140527,-0.3595463,-0.10714932,-0.4040468,0.49965528,-0.020595262,-0.28173265,-0.3706384,0.50172925,0.027350515,-0.30121866,0.0060078986,0.0057302676,0.0843164,0.2535492,-0.02201144,-0.012212422,-0.67262703,-0.08496549,0.017562531,0.006053712,-0.13118918,-0.2987937,-0.42727584,0.23590504,0.011300202,0.91628075,0.44376084,0.22678858,-0.046940856,0.3665866,-0.00068927975,0.2358531,-0.6126195,-0.21830511,0.13901368,-0.05644812,0.7959023,-0.56024414,0.07882999,0.036919486,0.13438725,-0.07131385,-0.07657776,0.013244022,0.36545274,0.45477524,-0.26388738,-0.096132465,-0.31344357,-0.43179023,0.08887926,-0.13510671,0.08483206,0.079134665,0.37818676,-0.41119093,-0.1854867,0.006924985,-0.8603408
1,0.6459476,-0.63860387,0.573235,0.22316384,0.10668823,0.6109676,-0.30873942,0.08871526,-0.46691728,-0.1480056,-0.020240534,0.39572877,-0.081153765,-0.6483392,0.36548206,0.17648958,0.15583514,0.46397787,0.3292294,-0.39610812,0.50494546,0.05348662,-0.690288,0.18724093,0.32764405,-0.41492116,0.26011926,0.020360224,0.15157732,-0.24310999,0.13871014,-0.31595734,-0.08444351,0.34145975,-0.44274443,-0.05392314,0.3903291,-0.36826172,0.14233758,0.11482911,-0.71276987,-0.14882171,-0.29650754,-0.01572067,0.0051534623,0.15188278,-0.20274295,0.089643285,0.2715577,-0.40139794,-0.3864395,0.31192324,-0.18051626,0.02311321,-0.36987302,-0.08414553,0.14624429,-0.18914118,-0.35735852,-0.4497653,0.12127562,0.32454062,0.077033885,0.36333776,0.15340577,-0.082136534,0.21733727,0.21899113,-0.017802007,0.11007814,0.042447,0.46999827,-0.48001248,0.2677433,0.051961266,-0.04831009,-0.64373916,0.3501621,-0.0036634058,0.2283174,-0.4389883,0.3842565,-0.012168013,0.39438725,0.5820149,-0.2687419,0.3182222,0.29711848,-0.18969332,0.6438085,0.54536825,0.040521696,0.5480399,0.42595622,-0.055935696,-0.50100917,0.20353344,-0.17404777,-0.18502675,-0.20760772,0.106637165,0.29335934,-0.14816493,-0.19871101,-0.4407951,0.037137285,-0.05398245,0.9164078,-0.16942021,0.11453278,0.39867136,-0.39561188,-0.10065673,-0.14453751,0.089342214,0.3249761,-0.4593762,0.30775878,-0.8625093,-0.5590175,0.06996576,-0.027865287,-0.048675366,-0.60460407,-0.57157207,0.12666513,0.12670988,0.05924776,-0.10513583,0.12591629,0.1463616,0.19969629,0.4014628,-0.042498816,0.0852904,0.42130578,-0.07180667,-0.31187698,0.2515871,0.07172474,0.43863067,-0.11362374,-0.56030774,0.091757625,0.14594942,0.39782408,-0.06655216,-0.44359374,0.15317321,-0.0016911179,0.16990335,-0.4440669,0.18005256,0.60347074,-0.025423303,-0.46611512,-0.29035226,0.096357636,0.18871228,0.46853852,0.4054014,-0.2761725,-0.30625397,-0.35735375,-0.42927074,0.29231808,-0.37986058,-0.03231315,-0.05303861,0.36838934,0.5839941,0.24947399,-0.0037957095,0.8034935,-0.05446399,0.2838187,-0.49160066,-0.115144745,0.37513998,-0.058176383,0.12876396,0.08689251,0.29149067,0.16517206,0.4442773,0.022356447,-0.075450435,-0.15930153,0.19325843,-0.4880951,-0.41946787,-0.26499614,0.31338772,0.056175135,-0.07458549,0.07917771,-0.5411847,-0.37423804,-0.11172761,-0.42561203,0.52481365,-0.02122415,-0.2981551,-0.39260215,0.5259182,0.02980873,-0.31758752,0.0053321756,0.0022714473,0.0861961,0.26891288,-0.022282522,-0.008672323,-0.7060696,-0.088526614,0.017175354,0.0046536587,-0.13737936,-0.31148762,-0.4497986,0.24660207,0.010095146,0.9567638,0.46434677,0.23897526,-0.04988778,0.38591838,-0.00087714056,0.24988595,-0.64194596,-0.22628696,0.14346087,-0.059099462,0.83194804,-0.5894144,0.084242955,0.035966206,0.14318734,-0.07679657,-0.07952305,0.01641148,0.38579026,0.47557506,-0.27501655,-0.10008505,-0.32738218,-0.4501015,0.0971991,-0.14080623,0.09159146,0.08318367,0.39506465,-0.4331,-0.19414148,0.0065759234,-0.9023941
1,0.35818458,-0.35981336,0.346767,0.11710728,0.09601925,0.36152455,-0.16689536,0.03904397,-0.24981898,-0.077213846,-0.019840699,0.2416371,-0.030918442,-0.39714903,0.19558993,0.08802156,0.091273434,0.24194753,0.20142475,-0.21571913,0.2800256,0.0180717,-0.412668,0.08587682,0.2005634,-0.23227441,0.14446884,0.0014730486,0.08277087,-0.14767931,0.05860103,-0.15208,-0.01886553,0.1969028,-0.24123976,-0.03828917,0.24982718,-0.20962828,0.054267004,0.058221847,-0.44063315,-0.092897974,-0.15965365,0.01570937,0.023501076,0.051128387,-0.12626502,0.055604793,0.17587996,-0.24973662,-0.21378082,0.15847012,-0.080899045,0.008950137,-0.23513183,-0.051282056,0.07839798,-0.09736252,-0.1833754,-0.26498175,0.042167008,0.1598118,0.055961065,0.21633121,0.060981464,-0.035276733,0.12718822,0.10142306,0.023187522,0.04747754,0.034611523,0.25081807,-0.2613413,0.1690983,0.025497884,-0.046157736,-0.35333177,0.21178341,-0.044177756,0.11049031,-0.26594332,0.18927908,-0.013258792,0.21783511,0.34708852,-0.16854253,0.17802756,0.15942645,-0.077072024,0.35250401,0.30435073,0.0135962665,0.32974184,0.2525997,-0.0075087026,-0.2942291,0.11573513,-0.07124505,-0.10867981,-0.098459,0.060322635,0.18915397,-0.08540423,-0.0996021,-0.27242514,0.0031989366,-0.010898596,0.5495772,-0.10884132,0.069417894,0.22011487,-0.24239497,-0.051145867,-0.046686023,0.04063355,0.18982285,-0.24637619,0.18389949,-0.5181913,-0.32291445,0.015510879,0.009139281,-0.06628151,-0.38233063,-0.3419232,0.080916084,0.10340288,0.038822114,-0.0787812,0.071571514,0.06792007,0.1181463,0.2120776,-0.03271932,0.015320137,0.23296241,-0.026729282,-0.18224467,0.1336149,0.023358561,0.2645326,-0.104198515,-0.34907568,0.05030447,0.071436435,0.22827342,-0.05831301,-0.26853263,0.073196456,0.0043047667,0.07844533,-0.26577315,0.081796855,0.35827684,0.0087785795,-0.24248266,-0.16817348,0.06882659,0.1279996,0.26662767,0.24508011,-0.15847024,-0.18041812,-0.1953082,-0.23742288,0.14285769,-0.24583533,-0.0003122054,-0.00806709,0.23201746,0.3487682,0.16599934,-0.012141325,0.48726943,-0.012535665,0.16188258,-0.29459172,-0.109768026,0.20712423,0.0073961206,0.052611083,0.01670248,0.1880645,0.06484224,0.2770874,0.008649133,-0.015763603,-0.11018871,0.11563054,-0.28190258,-0.22555038,-0.13723771,0.16201621,0.05614805,-0.013103157,0.023458317,-0.3107212,-0.23689827,-0.06630613,-0.23286384,0.31115964,-0.0045198365,-0.15153612,-0.20173913,0.31562415,0.007636465,-0.1692991,0.003449265,0.030792378,0.04494595,0.12414866,-0.005528917,-0.041445747,-0.40827042,-0.039642394,0.028432101,0.0077286884,-0.07758488,-0.18240373,-0.24868876,0.1442555,0.015590791,0.5958649,0.27647203,0.123621464,-0.0031491742,0.2191332,-0.004014863,0.13084358,-0.38058916,-0.16819698,0.09540467,-0.030920759,0.5025158,-0.33369464,0.033012215,0.041923143,0.059019536,-0.03629726,-0.047675826,-0.0068259854,0.21394143,0.289944,-0.17958117,-0.069205076,-0.20396334,-0.2849924,0.018152472,-0.0916021,0.030889075,0.038920455,0.2340866,-0.23945403,-0.12722892,0.01010644,-0.53730375
1,-0.1775533,0.107365265,-0.06993869,-0.08766703,0.1342554,-0.033224847,0.06678639,-0.055084188,0.1710224,0.047938135,-0.027462404,-0.036817238,0.06722802,0.08152315,-0.16277227,-0.08477025,-0.06370633,-0.14960445,-0.07429246,0.10425104,-0.11522693,-0.045476027,0.059903443,-0.14108223,-0.0043540034,0.099626906,-0.0946408,-0.09684615,-0.064581946,0.058141287,-0.097871736,0.16034189,0.10621588,-0.06767103,0.14060158,-0.024942692,0.017488185,0.12522238,-0.12294208,-0.047401346,0.019509327,-0.034127418,0.0884211,0.08419451,0.053882316,-0.16202635,0.053854227,-0.03484612,0.022435658,0.025723115,0.057513423,-0.1038896,0.15388703,0.0139314905,-0.03824142,-0.034920596,-0.084105894,0.061593063,0.16061799,0.038087215,-0.11716992,-0.15538974,-0.019059468,-0.020205682,-0.124194026,0.101295434,-0.067592174,-0.16407883,0.13304004,-0.07183859,0.06256809,-0.13490133,0.13936622,-0.02340426,-0.015671372,-0.021635152,0.14072105,-0.08697453,-0.19756159,-0.092585966,0.033317998,-0.1840125,0.01612337,-0.102308854,-0.036819737,0.017564248,-0.076571584,-0.14485544,0.15002106,-0.13696231,-0.11301161,-0.06181411,-0.049236607,-0.107885465,0.07986145,0.060968302,-0.07509056,0.15787439,0.03625954,0.15853292,-0.043542042,0.021459464,0.051291414,0.09914443,0.014343997,-0.033064544,0.13418025,-0.085484125,0.025156058,0.05960734,-0.095130906,0.030362014,0.0744131,0.16076678,-0.058565386,-0.0756273,0.1451332,-0.030341309,0.04858417,0.09566358,-0.112402454,0.0783783,-0.16450067,-0.010863304,0.07918353,-0.052125894,0.08810825,-0.061167467,0.011517905,-0.03519095,-0.118692644,-0.10828756,-0.15930042,-0.023061242,-0.15144572,-0.06729214,0.06531482,0.061325915,-0.09779675,-0.07382573,-0.03448019,-0.12076306,0.0016934462,-0.044888347,-0.060207516,-0.05274532,-0.09671433,0.06992141,-0.09288424,-0.03202413,-0.11213427,0.060257103,-0.10898717,-0.059936427,0.058029335,0.17790705,0.053410247,-0.006228246,0.060301732,-0.08234671,-0.04800292,0.076658465,0.088032834,0.07811679,0.14410955,-0.11251805,-0.02633962,0.06631783,0.10807522,-0.019437138,-0.071524814,-0.004462842,-0.03199993,-0.09697342,0.07411474,-0.073082194,0.023983473,-0.14303863,-0.1019243,0.14686869,-0.08835553,-0.15246497,0.07446751,-0.122714356,0.012832585,0.008126602,0.06313905,-0.004105862,-0.08729516,0.074783385,0.117975324,0.09401557,-0.12815265,0.084201746,0.14234155,-0.08010947,0.07163057,0.016668651,0.020066032,0.11110545,-0.033225775,0.07064533,0.15492909,0.15564062,-0.026258945,-0.014486395,0.11601086,-0.03146448,0.117874295,-0.12268909,-0.15886343,0.06530247,-0.15149651,0.09066809,0.10903854,0.06823691,0.0029095374,0.054839794,0.08541308,0.099337414,-0.061378743,0.03126394,-0.0012426712,-0.09307539,-0.12437013,0.16692337,-0.070071355,-0.015829822,-0.077196464,0.082263015,-0.1398526,-0.018576972,0.031984963,-0.06343506,0.117504,-0.09279609,0.05481534,-0.11875785,0.011449352,0.040775634,-0.060128637,-0.0757027,-0.06859231,-0.021215605,-0.031290475,0.01193857,-0.011910021,-0.16003832,0.009882446,-0.10849985,-0.09132474,-0.033516925,0.095935196,0.0011654682,0.029907178,0.052856505
0,0.33915323,-0.33430067,0.33269003,0.10950216,0.09026024,0.33344644,-0.15159127,0.034522288,-0.23534098,-0.069375366,-0.018714704,0.22711565,-0.027415268,-0.38187304,0.18975031,0.08450827,0.08987406,0.22553548,0.1969704,-0.19823794,0.25965473,0.016442057,-0.38599747,0.082393825,0.18528937,-0.21880347,0.13898249,0.005664343,0.08005926,-0.14087906,0.05173772,-0.14212906,-0.013698418,0.1873152,-0.22694218,-0.035819333,0.23885757,-0.20380946,0.047159024,0.052168965,-0.42089647,-0.0848293,-0.15162706,0.018358413,0.02763402,0.046284467,-0.12743142,0.052806452,0.1660327,-0.23535433,-0.19485489,0.14343175,-0.07978468,0.007657893,-0.22012788,-0.043392494,0.07823343,-0.089352995,-0.172952,-0.2475936,0.037615955,0.15048672,0.06126938,0.19949819,0.058584344,-0.035932116,0.12188822,0.09920477,0.03019169,0.04188053,0.024112463,0.23338878,-0.24558285,0.16433081,0.019710232,-0.04742322,-0.32811642,0.20652832,-0.03939584,0.09940033,-0.25173265,0.17472416,-0.013096392,0.20521547,0.32379067,-0.16211799,0.1667203,0.15437879,-0.07313722,0.32572836,0.28457606,0.015218116,0.30946606,0.2445744,-0.0025112852,-0.2784219,0.112883024,-0.06733183,-0.102159545,-0.09721019,0.059374392,0.17733237,-0.082302034,-0.09645699,-0.25596225,-0.0029704608,-0.016166037,0.51810485,-0.10578389,0.06023373,0.20882428,-0.22962104,-0.05168409,-0.041465722,0.035381973,0.18201092,-0.22993815,0.17039484,-0.48295215,-0.3028598,0.014940433,0.011196721,-0.0589739,-0.3588412,-0.32635581,0.083216086,0.098513275,0.043064326,-0.08098095,0.06851524,0.067689255,0.12097272,0.20300974,-0.030296747,0.011854716,0.2136111,-0.020094305,-0.17361058,0.13034664,0.02103287,0.2508314,-0.099799484,-0.32783407,0.049272005,0.06564277,0.21317871,-0.048833225,-0.25907418,0.070308685,0.01045315,0.07464571,-0.25033087,0.07870808,0.33406395,0.009176753,-0.22669947,-0.15871668,0.07089144,0.121237546,0.24651812,0.23254727,-0.153029,-0.17671232,-0.18101957,-0.22747332,0.12767388,-0.23451635,-0.0012792163,-0.008151356,0.22335666,0.3305407,0.15947318,-0.01231819,0.4679024,-0.010079656,0.15145878,-0.27524644,-0.105106,0.19639498,0.0096784495,0.04732319,0.0154272765,0.17297885,0.056457344,0.25936317,0.0035086237,-0.005581431,-0.10690911,0.11583808,-0.26440775,-0.21184239,-0.12767589,0.15117754,0.051911123,-0.01607113,0.018914506,-0.2856321,-0.22743915,-0.063919164,-0.2136124,0.2901815,-0.012225205,-0.14281832,-0.18571118,0.2944116,0.0060914382,-0.15847012,0.006626662,0.03224563,0.053958453,0.11514828,-0.01056907,-0.04099172,-0.3800819,-0.044174068,0.027388696,0.01016482,-0.07473786,-0.18054606,-0.23167107,0.14053218,0.015578721,0.5651664,0.2641007,0.1182884,-0.009410109,0.2033104,-0.00050941715,0.11900871,-0.35951275,-0.1560115,0.09555064,-0.030679647,0.4779917,-0.31082803,0.03301416,0.04390312,0.054841213,-0.029275484,-0.05005578,-0.008890655,0.1960252,0.27547458,-0.16912656,-0.06286104,-0.19243853,-0.2720684,0.013937678,-0.0864853,0.02827004,0.040086642,0.22361025,-0.2236327,-0.11937111,0.00885862,-0.49990708
1,-0.1338273,0.08525097,-0.036710683,-0.06319263,0.10529229,-0.016523572,0.05437497,-0.040855072,0.12238146,0.03461983,-0.024091812,-0.008961404,0.05550868,0.035614964,-0.11482789,-0.068795145,-0.034258544,-0.12324801,-0.035405055,0.07444897,-0.085283466,-0.038916737,0.031294856,-0.10509019,0.0055364184,0.07167538,-0.06763026,-0.06028951,-0.04115582,0.021779094,-0.07726395,0.12863006,0.089502156,-0.049506944,0.101131774,-0.020256635,0.02592985,0.08195177,-0.104105905,-0.031049106,0.0011856891,-0.018069401,0.07422252,0.07131919,0.04949245,-0.12978508,0.030870222,-0.009430589,0.026323278,-0.0042145774,0.05143033,-0.08498177,0.11042653,-0.0054395385,-0.034107108,-0.019656647,-0.056069314,0.04955484,0.12025551,0.025587697,-0.0962499,-0.12174251,0.00052702054,-0.0075772153,-0.104391694,0.06705024,-0.031206159,-0.12206195,0.099202976,-0.05709907,0.04927674,-0.10482811,0.10726245,-0.00534204,-0.007723447,-0.036217168,0.11376824,-0.043368414,-0.14932966,-0.0753475,0.013931971,-0.14449036,-0.004273411,-0.07817109,-0.022307068,0.0029256418,-0.050853904,-0.09376998,0.12261191,-0.11743351,-0.08592272,-0.042052783,-0.019801397,-0.06088914,0.07088672,0.046176955,-0.045271017,0.12067121,0.020224368,0.11365158,-0.023996113,0.029718839,0.026918085,0.08117142,-0.00656458,-0.037289344,0.10030445,-0.04957294,0.0028817654,0.031099755,-0.078576505,0.0086237425,0.04787422,0.12683123,-0.038811356,-0.050271966,0.11102927,-0.009185172,0.028676894,0.06350534,-0.09480173,0.07503988,-0.13153502,-0.032878876,0.04702257,-0.01686263,0.07799305,-0.025830481,-0.016608171,-0.024344575,-0.08471736,-0.05753987,-0.122111484,-0.017877225,-0.12091194,-0.058991447,0.044932246,0.038191438,-0.07816662,-0.059273455,-0.022124209,-0.104218274,-0.0151165575,-0.024726368,-0.049454976,-0.040973052,-0.07707228,0.03603442,-0.074010715,-0.009363558,-0.08804777,0.03091335,-0.092882484,-0.03320388,0.063739516,0.13861802,0.035330888,0.008779917,0.044043582,-0.05605856,-0.023601444,0.051306378,0.055854194,0.06493568,0.098293096,-0.09521894,-0.031320427,0.06378902,0.08438857,-0.0026267879,-0.041376527,0.018914074,-0.025341824,-0.050406862,0.057794455,-0.043044098,0.013067244,-0.12144911,-0.07627484,0.1313205,-0.07672623,-0.11968639,0.048845507,-0.10470414,0.020323627,0.001315739,0.0625229,-0.022657074,-0.045750264,0.05814622,0.098813236,0.07662305,-0.09591554,0.06897151,0.112200886,-0.06611955,0.050358184,-0.0017188527,0.012197075,0.08104856,-0.02320711,0.049658127,0.11114587,0.11246326,-0.010998711,-0.02342727,0.085031085,-0.015785214,0.090164565,-0.07458962,-0.12775204,0.048714697,-0.117169514,0.069977246,0.074986756,0.060315147,0.0036906004,0.033377226,0.056211326,0.07838325,-0.038376026,0.026273422,0.01389252,-0.052469738,-0.0859233,0.11590168,-0.0484968,-0.016880682,-0.05814277,0.04812271,-0.10882941,0.0009946749,0.019646404,-0.036511697,0.08377669,-0.06612286,0.049228556,-0.09264656,0.014419973,0.0212795,-0.04820504,-0.055304606,-0.025015615,-0.028324457,-0.027254626,-0.0048497813,-0.024093937,-0.13133986,-0.003413707,-0.08237238,-0.05997963,-0.029356036,0.074732244,-0.019791793,0.023366516,0.036380135
1,0.03300629,-0.051632393,0.09273827,-0.0014807153,0.0866127,0.09234983,-0.011330113,-0.015063956,-0.007112408,-0.00027780235,-0.020430956,0.07124598,0.02444746,-0.11448456,0.0012180619,-0.013425091,0.01712631,-0.0052062273,0.056636475,-0.018195938,0.031727344,-0.018826656,-0.10668093,-0.031901408,0.061098274,-0.029277008,0.010837002,-0.024679698,0.004237444,-0.042138785,-0.029576702,0.032555573,0.05271028,0.03290861,-0.015003361,-0.023080818,0.09421095,-0.02786094,-0.045780227,-0.0019603698,-0.137141,-0.03261801,-0.0056889523,0.050498437,0.042430162,-0.06256009,-0.03490997,0.018043656,0.07177194,-0.08347322,-0.024444433,-0.009081483,0.033899605,-0.0074665025,-0.088639095,-0.017539337,-0.00086683966,0.0045154206,0.012693709,-0.06107266,-0.047483746,-0.025371864,0.02909091,0.057038575,-0.04415988,0.020239908,0.027743557,-0.03465032,0.06680259,-0.02241943,0.03169395,0.009389494,-0.01672491,0.05643205,-0.0010465905,-0.043754466,-0.03089758,0.05547397,-0.094618045,-0.019487597,-0.07443923,-0.029347144,-0.013798831,0.021363758,0.088270545,-0.05613403,0.025461562,0.0032174755,0.050636105,0.028400302,0.03784872,-0.016675241,0.087845474,0.05602274,0.04576361,-0.062919825,0.014763387,0.04634126,-0.024305588,0.026430257,0.008123396,0.07431503,-0.015300102,0.014521591,-0.08812038,-0.031187266,0.043311574,0.14108644,-0.039008316,0.024745718,0.02052854,-0.074033335,0.005705838,0.062198125,-0.011751208,0.035729453,-0.008907698,0.04908721,-0.13645941,-0.06069021,-0.049688492,0.052459273,-0.09107967,-0.13906026,-0.08331908,0.029365985,0.07985006,0.012762543,-0.047905028,0.00977559,-0.023059394,0.021403462,-0.0034116767,-0.020879745,-0.06675162,0.026188064,0.02048615,-0.03747345,-0.0033948682,-0.03050266,0.06877525,-0.095796436,-0.11592539,0.0039524604,-0.011114791,0.039747186,-0.055590488,-0.06918434,-0.018730849,0.0075709075,-0.027296323,-0.06699044,-0.031166386,0.0877709,0.047583774,0.008031085,-0.032877304,0.03532175,0.06185214,0.044542328,0.06609971,-0.024769682,-0.034877278,-0.015506458,-0.02159701,-0.021429732,-0.096067354,0.038782828,0.04429207,0.07753842,0.08482267,0.07202548,-0.021196663,0.13149633,0.033636156,0.026184376,-0.07769374,-0.10669157,0.018264456,0.084983036,-0.033152804,-0.06285911,0.07576294,-0.04702425,0.09427749,-0.0030274913,0.04583754,-0.05588923,0.02419433,-0.051055867,-0.007794507,0.0054371916,-0.0075010248,0.057894245,0.06022357,-0.037349265,-0.058284935,-0.082427636,-0.014224512,-0.020002017,0.07659734,0.018008308,0.012751125,0.007632561,0.08599051,-0.01711899,-0.0038311705,-0.00077722594,0.06361729,-0.010918232,-0.038800854,0.018635048,-0.07936737,-0.07734262,0.020121045,0.043914087,0.008677628,-0.008703329,-0.03328571,-0.024849452,0.02760572,0.02167956,0.19342165,0.06490726,-0.0075671077,0.054841977,0.034638196,-0.009510225,-0.00010535866,-0.09070337,-0.108789474,0.038955577,0.00036795996,0.13483077,-0.051541943,-0.026020344,0.046695117,-0.034948677,0.0058590844,-0.009946426,-0.03214097,0.026335925,0.083467565,-0.07485564,-0.03620937,-0.06740339,-0.10380583,-0.07175292,-0.035357885,-0.03807073,-0.013016837,0.052801263,-0.024265174,-0.055175774,0.015400374,-0.13389282
1,0.66034293,-0.65168625,0.5853519,0.22777364,0.10672362,0.6196846,-0.31546986,0.089754775,-0.47804618,-0.14903615,-0.0197507,0.40280375,-0.08208927,-0.66220015,0.3748141,0.18195458,0.15856555,0.47599292,0.3373609,-0.4036085,0.51274544,0.053149674,-0.70212185,0.19242199,0.33141586,-0.4235407,0.2655412,0.022793975,0.15505596,-0.24674278,0.14157733,-0.32502964,-0.08736028,0.3513501,-0.45277607,-0.055569228,0.39811817,-0.37756678,0.14505257,0.11606139,-0.72920537,-0.1513511,-0.30351815,-0.016166452,0.006476391,0.1564548,-0.2086461,0.08940064,0.27534232,-0.40745032,-0.39326754,0.318186,-0.18713446,0.02510618,-0.37646884,-0.08573127,0.14967653,-0.1933679,-0.36686537,-0.45859045,0.12502022,0.33472186,0.08003607,0.36877307,0.15831973,-0.083871715,0.22222525,0.22462115,-0.016427852,0.11324969,0.039985947,0.48007235,-0.49092197,0.27359006,0.052375235,-0.04958846,-0.6578958,0.3573193,0.0007650517,0.2335651,-0.44554165,0.39375383,-0.01372125,0.40166914,0.5927911,-0.2742886,0.323347,0.30524728,-0.19666946,0.6581367,0.5570761,0.04276319,0.55866027,0.43559697,-0.057369247,-0.51248586,0.20695214,-0.17867795,-0.1873988,-0.21295932,0.10949676,0.29973277,-0.15038906,-0.20492783,-0.44726896,0.037940674,-0.056872368,0.93427294,-0.1714136,0.116009176,0.40806016,-0.40105665,-0.103880346,-0.14676777,0.08913,0.3320932,-0.46878752,0.3116267,-0.87968993,-0.56972426,0.07375266,-0.029996637,-0.046793904,-0.61425674,-0.5840156,0.12910962,0.126733,0.05956556,-0.10607798,0.1284113,0.15113507,0.20574108,0.4125325,-0.042259965,0.088669926,0.42932728,-0.07143371,-0.31849423,0.25982752,0.076677665,0.44911987,-0.11449154,-0.5712251,0.09298828,0.14924264,0.40678206,-0.06460747,-0.45512685,0.15878707,-0.0013779998,0.17584622,-0.4526262,0.18661788,0.613799,-0.028137036,-0.47726434,-0.2963682,0.09986781,0.1908188,0.47775373,0.411901,-0.2828027,-0.31310785,-0.36684853,-0.44046527,0.29827693,-0.38733238,-0.03569011,-0.055948462,0.37663496,0.59743863,0.25223222,-0.0034902506,0.82034826,-0.056529284,0.2899143,-0.50164616,-0.11572519,0.3835725,-0.06369366,0.13262229,0.09100171,0.29705048,0.1693171,0.45244738,0.021689236,-0.07468799,-0.16042405,0.1976818,-0.49846596,-0.4299437,-0.27148503,0.32101575,0.055674776,-0.08109426,0.0820809,-0.55096656,-0.3820074,-0.11395955,-0.43380725,0.5343957,-0.023615578,-0.3055539,-0.3996611,0.5357303,0.032777518,-0.3239333,0.0047609694,0.002097059,0.09063812,0.27689406,-0.024296235,-0.009791117,-0.72093433,-0.09265729,0.015760474,0.0063035972,-0.14078443,-0.31962374,-0.45946342,0.25256914,0.011551078,0.974525,0.47314265,0.24507579,-0.054129634,0.3936075,0.00021252735,0.2546679,-0.6553396,-0.22726335,0.14547221,-0.061779846,0.8491376,-0.60009396,0.084811494,0.03630809,0.14675906,-0.077388905,-0.08128617,0.016575139,0.3940368,0.48390788,-0.2778739,-0.10053956,-0.33269373,-0.45842403,0.099628896,-0.14274356,0.09529449,0.08519161,0.40510175,-0.44259918,-0.19551042,0.007695075,-0.92001176
1,0.7961192,-0.78106457,0.690798,0.2775663,0.11185594,0.7351413,-0.38014916,0.11387074,-0.578526,-0.18331715,-0.020091176,0.47395617,-0.106134765,-0.77870345,0.45550948,0.22333689,0.18953748,0.578787,0.39607522,-0.48770496,0.6183669,0.07051627,-0.8311771,0.2418858,0.39122626,-0.50854254,0.32100374,0.03214874,0.18805113,-0.29135782,0.17871124,-0.40157807,-0.11778551,0.41741323,-0.54751515,-0.061391976,0.46274906,-0.45169833,0.18673944,0.14278081,-0.85464114,-0.17634018,-0.36723465,-0.030920167,-0.0029611401,0.20433368,-0.24427444,0.106303625,0.31948924,-0.4781981,-0.47326013,0.38832358,-0.23402536,0.031489674,-0.4373953,-0.10018079,0.18271269,-0.23658237,-0.44763628,-0.5440991,0.16263725,0.41093683,0.09061753,0.4362145,0.20236062,-0.10696287,0.26326305,0.28252077,-0.035499714,0.14226602,0.042945843,0.58182085,-0.5928816,0.31970078,0.06436713,-0.049786318,-0.79319525,0.42158967,0.019978829,0.28839946,-0.5271921,0.48452199,-0.011451744,0.48504156,0.701458,-0.3199171,0.38828653,0.36969957,-0.24889478,0.7929386,0.668408,0.055005163,0.6607235,0.51612574,-0.08046881,-0.60818917,0.25059858,-0.22797939,-0.22291279,-0.2654082,0.13138105,0.34667134,-0.18040657,-0.25146383,-0.52569973,0.052871592,-0.07818188,1.1047775,-0.20158571,0.13661957,0.49125856,-0.4729728,-0.12738945,-0.19396862,0.11298993,0.3952815,-0.56830263,0.3698452,-1.0377451,-0.6801382,0.09943058,-0.047852065,-0.03779091,-0.7163848,-0.6912768,0.1506865,0.13734046,0.07022564,-0.119260415,0.15393983,0.18855111,0.24473412,0.50086653,-0.04748595,0.12187195,0.5163115,-0.09240995,-0.3786291,0.31601548,0.097814694,0.5290865,-0.118146986,-0.6677232,0.113383904,0.18465212,0.48573595,-0.06712955,-0.536713,0.19525103,-0.0040623285,0.21850231,-0.5354437,0.232884,0.7278477,-0.044008374,-0.5814862,-0.3527777,0.11220075,0.21974687,0.5706821,0.4874318,-0.33764797,-0.37287855,-0.44059652,-0.52940494,0.36717373,-0.44971085,-0.05006395,-0.07711397,0.4391855,0.7059449,0.2920419,0.00048383698,0.9686285,-0.07676376,0.34668466,-0.59224796,-0.11744556,0.46222916,-0.09391585,0.16830991,0.12303925,0.3434053,0.21566582,0.5289227,0.027122192,-0.1033715,-0.18382587,0.23516254,-0.59438,-0.5200375,-0.33083478,0.3919154,0.054363072,-0.10958513,0.10770866,-0.6572036,-0.44500858,-0.1361619,-0.5225265,0.6331602,-0.03289848,-0.37294042,-0.48886842,0.6321883,0.04202643,-0.3937038,0.006675232,-0.012497272,0.11189144,0.3438301,-0.03271063,0.007907916,-0.8585553,-0.116361104,0.010581277,0.0037500449,-0.16896722,-0.38103938,-0.5533776,0.30045837,0.0071753003,1.1422877,0.56063944,0.29973057,-0.07687928,0.47133496,0.0022620386,0.3099735,-0.77589375,-0.2537753,0.16999713,-0.0738807,1.0030562,-0.71877205,0.11181316,0.03345628,0.18563679,-0.0959812,-0.09741052,0.02749747,0.4724612,0.57049686,-0.32265243,-0.11470488,-0.39043856,-0.5347915,0.13756429,-0.16526508,0.12314837,0.10607844,0.47947258,-0.53244674,-0.22719038,0.0044436287,-1.0878468
1,-0.031063613,0.006555129,0.04229635,-0.024809975,0.08678579,0.04388644,0.017161783,-0.025123715,0.040898062,0.013534293,-0.021323014,0.039027344,0.03565599,-0.057859182,-0.039442323,-0.034172565,0.0010715295,-0.053354383,0.026066627,0.018450737,-0.015053935,-0.025994187,-0.04945352,-0.056227773,0.03625709,0.009835544,-0.017223302,-0.032624517,-0.012461568,-0.021590251,-0.04646061,0.069679804,0.0666043,0.00039278762,0.029467054,-0.020373333,0.06424231,0.010140268,-0.06529442,-0.012277352,-0.07881985,-0.022428593,0.025770506,0.05719754,0.04509128,-0.08627054,-0.013902154,0.010477283,0.05288574,-0.05232677,0.009970991,-0.04081168,0.058863968,-0.010383856,-0.062465888,-0.014145859,-0.018260721,0.024052339,0.051787697,-0.023083106,-0.06547674,-0.06229348,0.020993289,0.028693395,-0.06668539,0.033534896,0.007674047,-0.06406721,0.07413329,-0.03560474,0.03504748,-0.036651563,0.030928802,0.03379759,-0.0044784974,-0.04297275,0.030023385,0.02311942,-0.10764982,-0.04376572,-0.037442625,-0.072392516,-0.013898397,-0.017385267,0.040001582,-0.03337262,-0.003534196,-0.028878964,0.07703178,-0.032844756,-0.012987712,-0.023521917,0.043239865,0.015850652,0.05552438,-0.018146899,-0.006471513,0.07082827,-0.008140178,0.053600572,-0.0030040396,0.053494215,-0.0009876508,0.038912155,-0.053387064,-0.03571232,0.05770214,0.06316634,-0.024714192,0.019054998,-0.019218933,-0.042445906,0.017986704,0.084367014,-0.021555744,0.0042144973,0.0376136,0.024720106,-0.06605127,-0.010213299,-0.0640324,0.061488234,-0.09983314,-0.094383806,-0.032288488,0.0167339,0.0760268,0.0054191872,-0.040435083,-0.0026902724,-0.04334037,-0.0014745407,-0.047920674,-0.019713199,-0.084284976,-0.011556324,0.028540742,-0.009116507,-0.03229875,-0.041274276,0.030919023,-0.09605941,-0.07249552,-0.005966667,-0.026906462,0.0043877773,-0.05901338,-0.029325506,-0.038148925,0.0056722164,-0.048973035,-0.028976839,-0.05497177,0.0375103,0.05580174,0.057754092,-0.0068792887,0.027156496,0.050100025,0.0036909229,0.031479124,0.0025935601,-0.0035906136,0.018566042,0.02218231,-0.05167276,-0.0674231,0.047828116,0.055875022,0.04667196,0.033687875,0.053508986,-0.023670409,0.060574885,0.04281085,0.00056397077,-0.037428573,-0.108544126,-0.019111622,0.101687945,-0.05022918,-0.080355525,0.057157822,-0.06879211,0.060775116,-0.003573168,0.05541709,-0.045199722,0.004125078,-0.006734358,0.03505355,0.03318458,-0.040580146,0.05973289,0.07742792,-0.048911944,-0.012037944,-0.05205529,-0.003823367,0.019697994,0.033397034,0.0256091,0.046163827,0.04773523,0.04358105,-0.022276849,0.029050704,-0.00255383,0.07033563,-0.02691925,-0.07138577,0.026461892,-0.08796072,-0.015314033,0.035602566,0.048179407,0.007803386,0.0053037927,-0.0013916977,0.01769383,0.0032509966,0.02295654,0.11698215,0.022849146,-0.034241777,0.07060459,4.6979636e-05,-0.0125156585,-0.024506247,-0.035112053,-0.10074447,0.02675723,0.006411667,0.06332676,0.0019482113,-0.039164323,0.046739154,-0.05412241,0.011806719,-0.00045087747,-0.037115633,-0.008082621,0.04328948,-0.05567921,-0.031182341,-0.041588347,-0.06950803,-0.090425886,-0.024673399,-0.052306466,-0.025347866,0.016881082,0.017092273,-0.04268521,0.017078508,-0.059347108
1,0.45687672,-0.4534205,0.42589912,0.1529923,0.097680144,0.44217658,-0.2140697,0.05545504,-0.32514358,-0.099046126,-0.019028313,0.29295003,-0.047176786,-0.48443443,0.25569344,0.11975177,0.11424734,0.3188127,0.24777453,-0.27556822,0.3538261,0.02950066,-0.5046831,0.12162483,0.24100152,-0.29435027,0.18425262,0.010546982,0.10688286,-0.18021359,0.08507658,-0.20913315,-0.041108128,0.2482483,-0.30988914,-0.043910306,0.2986962,-0.26642427,0.08290297,0.076402634,-0.53591853,-0.11069518,-0.20716067,0.0058375783,0.019691095,0.08599578,-0.15524814,0.06599599,0.20730078,-0.30021435,-0.27016038,0.20929655,-0.117893696,0.014415033,-0.2803945,-0.061398625,0.10254007,-0.12821235,-0.24448237,-0.32717824,0.06964441,0.21817906,0.0662269,0.26422513,0.09394024,-0.05232259,0.15888691,0.14274237,0.012315933,0.06853624,0.03298246,0.32534,-0.33618042,0.20426832,0.033112638,-0.048543748,-0.451466,0.26065344,-0.026460055,0.15010782,-0.32369548,0.25582045,-0.014228929,0.27725577,0.4252988,-0.20357609,0.22481845,0.20895791,-0.1176915,0.45046207,0.3863175,0.024629533,0.40323013,0.31391084,-0.023019575,-0.36578164,0.14572337,-0.10738526,-0.13359694,-0.13732159,0.07724784,0.22445828,-0.10672894,-0.13537982,-0.32792318,0.0135805905,-0.028274672,0.6736166,-0.12907204,0.08306219,0.2820434,-0.2930182,-0.069683686,-0.07904569,0.055320084,0.23641656,-0.3176851,0.223651,-0.63355136,-0.4018881,0.035475314,-0.003580682,-0.057604693,-0.45558652,-0.4210402,0.09836713,0.110273495,0.046996273,-0.08857067,0.090426475,0.096882105,0.14989363,0.27872866,-0.03462032,0.039663143,0.295108,-0.03956086,-0.2270197,0.17670096,0.04165814,0.32493952,-0.10638225,-0.4204862,0.06446439,0.096470535,0.28555068,-0.05731856,-0.33157954,0.102510184,0.004169572,0.11130822,-0.32605234,0.11738777,0.43997636,-0.0039183944,-0.3191231,-0.20986848,0.08089157,0.14757524,0.33420232,0.29884025,-0.19985555,-0.22490694,-0.25158942,-0.3057074,0.19234622,-0.29148775,-0.013293769,-0.024631627,0.2796557,0.43032512,0.19332579,-0.009165537,0.59707385,-0.027227975,0.20319222,-0.361048,-0.11045902,0.2651166,-0.01745174,0.07853323,0.042781644,0.22155671,0.09861894,0.33237574,0.011398252,-0.032578647,-0.12592807,0.14412367,-0.35230008,-0.29256505,-0.18084958,0.21410325,0.055076525,-0.039183386,0.0427323,-0.386723,-0.28487012,-0.08192743,-0.29704133,0.3824658,-0.013751173,-0.20255375,-0.26536304,0.3857423,0.016666204,-0.21903768,0.0043217577,0.021534968,0.063494444,0.17438897,-0.013358094,-0.031185202,-0.5085336,-0.05949136,0.023410328,0.008391,-0.098864615,-0.229499,-0.31670314,0.18128404,0.014426056,0.7180023,0.34052536,0.16380729,-0.022981595,0.2751115,-0.0014499691,0.17013338,-0.46977213,-0.1848963,0.1127161,-0.042126063,0.6155622,-0.4187373,0.049819965,0.040809307,0.08811527,-0.048392184,-0.05981315,-1.7818063e-05,0.2713339,0.35244998,-0.21042654,-0.07829912,-0.24483255,-0.34159052,0.044814218,-0.107303396,0.05287498,0.055268265,0.29078344,-0.3053547,-0.1483888,0.009196579,-0.65903836
0,-0.15342507,0.09941779,-0.058286715,-0.07518989,0.122262925,-0.027286176,0.063918225,-0.04749499,0.14929703,0.04186663,-0.026007414,-0.023359569,0.061768558,0.06164283,-0.1403173,-0.078640416,-0.048233658,-0.14067824,-0.057543762,0.09035979,-0.10038332,-0.042707056,0.049342636,-0.12304884,0.00044947257,0.08831415,-0.08105273,-0.079726085,-0.05486035,0.042092603,-0.088941276,0.14705887,0.09944728,-0.060882945,0.12191618,-0.021418147,0.021054413,0.106344625,-0.113178745,-0.04140699,0.016126689,-0.027468221,0.085188404,0.08016296,0.049707767,-0.14655986,0.044538617,-0.020522999,0.023636753,0.01206252,0.05327323,-0.09629056,0.13655366,0.0037958585,-0.036354586,-0.02570077,-0.07256923,0.056793302,0.14255835,0.03353496,-0.10857278,-0.14252673,-0.009442929,-0.016173625,-0.11680098,0.08639004,-0.052228816,-0.14283013,0.11459903,-0.0661343,0.057297535,-0.12360865,0.12304689,-0.015109152,-0.011859325,-0.027732586,0.12935159,-0.06804637,-0.17566337,-0.0842027,0.023512408,-0.16613087,0.008367885,-0.091581024,-0.030615354,0.01145985,-0.06529184,-0.12288535,0.13795827,-0.12959155,-0.10289117,-0.05411198,-0.033995412,-0.08693466,0.07388552,0.05605641,-0.05946078,0.14034283,0.0279664,0.13676924,-0.035944276,0.023831878,0.040042028,0.09113246,0.004465686,-0.035765577,0.11845433,-0.07005886,0.0142766945,0.045597207,-0.08934279,0.02219985,0.06259127,0.14352486,-0.048600145,-0.0645946,0.13088351,-0.019851178,0.04152865,0.0787196,-0.10235894,0.07636595,-0.15040177,-0.018881463,0.06461054,-0.038524188,0.08302245,-0.04526343,-0.0042462796,-0.029465776,-0.10271971,-0.08589126,-0.14275953,-0.022016563,-0.13687563,-0.06550052,0.05546111,0.05247111,-0.08825965,-0.06900002,-0.028457765,-0.11267494,-0.0033120848,-0.034821995,-0.053129867,-0.048966736,-0.08561993,0.056535214,-0.08657834,-0.019545361,-0.102187574,0.04713516,-0.10122976,-0.049223725,0.062280986,0.16173992,0.046661876,-0.00019619986,0.053928915,-0.07062292,-0.037216105,0.065783516,0.07289362,0.07221398,0.12460889,-0.10558067,-0.0289893,0.06467739,0.098180905,-0.012539376,-0.05944438,0.009052988,-0.029132484,-0.07674743,0.066988245,-0.059495356,0.020406054,-0.13119754,-0.09044592,0.14082293,-0.084953316,-0.13980106,0.06110686,-0.11365621,0.014648084,0.006615009,0.062201526,-0.013686847,-0.06893104,0.06788656,0.1107266,0.08603463,-0.11289629,0.07752988,0.13002887,-0.07475055,0.06397626,0.0117913075,0.016441876,0.096288495,-0.029707499,0.06193742,0.13783483,0.13639425,-0.021894796,-0.020740703,0.10010384,-0.022123206,0.104592726,-0.10086028,-0.14648119,0.05864833,-0.1329996,0.081544615,0.094003685,0.06490873,0.0021978691,0.045274865,0.0734289,0.09012702,-0.052324582,0.026785344,0.0052111,-0.07390243,-0.10637064,0.14262609,-0.060201157,-0.017935272,-0.06863712,0.068862416,-0.12413333,-0.008806348,0.026727457,-0.05245856,0.10400458,-0.07630259,0.053329114,-0.10687285,0.012161355,0.03245668,-0.053435322,-0.067671604,-0.049104214,-0.024170646,-0.028711958,0.0044395123,-0.015834881,-0.14500916,0.0015444905,-0.097702235,-0.07740741,-0.03309411,0.085938394,-0.0091224015,0.023973145,0.04701393
1,-0.1368649,0.09033589,-0.04527496,-0.06681496,0.110244125,-0.02020483,0.058685202,-0.042565733,0.1313634,0.03595487,-0.02495216,-0.014398387,0.055476323,0.043380063,-0.12096711,-0.07317871,-0.037661135,-0.1313186,-0.042154282,0.07886258,-0.08977195,-0.039278172,0.036290932,-0.10978937,0.004377845,0.07842131,-0.07019342,-0.06610582,-0.04649929,0.027969133,-0.081129424,0.1358797,0.09300681,-0.054322023,0.10611695,-0.019679558,0.022930026,0.089943334,-0.10427439,-0.033031262,0.009207848,-0.01983152,0.07967407,0.07491359,0.047833074,-0.13322462,0.035934314,-0.0105512645,0.024449263,0.0004944056,0.052597165,-0.09012042,0.11918327,-0.005337376,-0.033058997,-0.019659169,-0.06015105,0.052933846,0.12758735,0.029364754,-0.10040316,-0.12882893,-0.0030467324,-0.011501967,-0.108591616,0.071605586,-0.03753425,-0.124627605,0.100484096,-0.06026562,0.052299537,-0.11234343,0.11221592,-0.009191286,-0.009932565,-0.03235811,0.11953849,-0.050309107,-0.1562763,-0.079594284,0.01804623,-0.1504753,-0.0007627513,-0.08147053,-0.026020596,0.006871,-0.056334294,-0.10265618,0.1295409,-0.12129443,-0.09358286,-0.046418104,-0.02408382,-0.06903917,0.07046093,0.050006814,-0.048192434,0.12490708,0.021523258,0.11869996,-0.029165626,0.026210442,0.030029336,0.08501649,-0.003443947,-0.038077887,0.104178414,-0.057372816,0.0049962588,0.034948204,-0.08401655,0.013168932,0.051616073,0.13150045,-0.040602203,-0.054505587,0.11698989,-0.0125525175,0.035489526,0.06634061,-0.09580366,0.07530171,-0.13777658,-0.029389309,0.052629843,-0.023252696,0.07973943,-0.03064685,-0.013976112,-0.025535371,-0.08893287,-0.06461464,-0.12880509,-0.0203037,-0.1251998,-0.06258422,0.046889313,0.043646175,-0.082050905,-0.06381111,-0.025238458,-0.10749164,-0.009198805,-0.028869644,-0.05017033,-0.044547778,-0.07807889,0.04444468,-0.079586305,-0.011483509,-0.09416068,0.03536776,-0.09554383,-0.03825553,0.06494375,0.14507614,0.03894262,0.004453242,0.045856614,-0.062077697,-0.027239783,0.056827314,0.06047158,0.0700047,0.10703164,-0.09847491,-0.030029152,0.06539088,0.087327614,-0.0075705163,-0.04984225,0.018629316,-0.026092429,-0.060263198,0.06132664,-0.047126126,0.017275894,-0.12426528,-0.081720784,0.13453111,-0.079307646,-0.12607867,0.049265318,-0.106959954,0.016448606,0.0033276752,0.061629925,-0.021028046,-0.050875276,0.06122016,0.104559794,0.07939979,-0.100056335,0.0706187,0.119595565,-0.07022763,0.05484041,0.0035593323,0.013547873,0.08451187,-0.026313018,0.054236524,0.120290995,0.118956834,-0.016000373,-0.024003476,0.08648093,-0.017396558,0.09265972,-0.08189186,-0.13307229,0.05114109,-0.1189677,0.07371428,0.07977998,0.061899185,0.000971023,0.03715783,0.06203832,0.08197062,-0.043906532,0.025112225,0.009823371,-0.05885683,-0.09078756,0.12320578,-0.05293414,-0.016448773,-0.062046044,0.05539676,-0.11188328,-0.000944674,0.023175377,-0.043240782,0.08963338,-0.065688565,0.049279727,-0.09549226,0.014469143,0.023553884,-0.04851924,-0.059852622,-0.032864638,-0.028125226,-0.026148327,-0.0016220268,-0.01951369,-0.13307664,-0.0026291236,-0.08812615,-0.063794814,-0.03320711,0.07903789,-0.017917417,0.022845773,0.0410685
1,0.30137983,-0.30301434,0.3027397,0.096262336,0.09237562,0.3100208,-0.1377458,0.029104155,-0.20730065,-0.06239099,-0.019516392,0.21014886,-0.020553868,-0.34824353,0.16307008,0.071180984,0.07929147,0.19815439,0.17727295,-0.1792258,0.23449007,0.0115926005,-0.35616356,0.066481315,0.17407869,-0.195986,0.12137308,-0.0010645372,0.06955928,-0.12929808,0.042623185,-0.12012585,-0.0062111653,0.16840753,-0.20111302,-0.034973685,0.2215688,-0.17937785,0.03612782,0.046457604,-0.38718092,-0.08048646,-0.13267492,0.021773648,0.027849674,0.031497695,-0.112956926,0.04892133,0.15624121,-0.21904123,-0.17807262,0.1273123,-0.06274174,0.005903799,-0.20761728,-0.043824807,0.06620263,-0.07897298,-0.14938506,-0.2272576,0.026866212,0.12755334,0.053254083,0.1861424,0.043598447,-0.026797034,0.11006477,0.07904404,0.032221563,0.034897335,0.030837595,0.20738435,-0.21831614,0.15024352,0.019752085,-0.046813227,-0.29436117,0.18601848,-0.050506163,0.08657451,-0.23139045,0.15083358,-0.013506696,0.18279782,0.298839,-0.14906837,0.15029575,0.13351922,-0.055960257,0.29312575,0.2559976,0.009386659,0.28518143,0.21956904,0.0024467483,-0.2532374,0.0993391,-0.051664665,-0.09339481,-0.07861645,0.052103274,0.1673381,-0.0735441,-0.08125405,-0.23827516,-0.0038781315,-0.004084831,0.4758897,-0.09727286,0.058914628,0.1851201,-0.21193182,-0.04261501,-0.027890652,0.030701661,0.16333467,-0.20366308,0.15834157,-0.4476355,-0.27468005,0.0051565096,0.016475346,-0.06750701,-0.33631364,-0.29629436,0.07329364,0.097930565,0.036315724,-0.0747904,0.060846496,0.05302533,0.10391681,0.17525981,-0.030231386,0.0016915649,0.19458367,-0.017154712,-0.15724343,0.11117537,0.014279634,0.23003262,-0.101547584,-0.30596635,0.04275587,0.056289487,0.19368882,-0.05468857,-0.23450741,0.058277104,0.006873861,0.060959622,-0.22997774,0.06297909,0.3080024,0.014941327,-0.19812429,-0.14370905,0.064527705,0.11569068,0.22548628,0.21304908,-0.1358656,-0.15653807,-0.16295518,-0.20036434,0.11194849,-0.21835783,0.0052315183,-0.00020199455,0.20532186,0.30161366,0.14920834,-0.013622925,0.42528346,-0.0046601966,0.13751331,-0.25379804,-0.1077182,0.17404643,0.020156533,0.03717245,0.003743656,0.16598344,0.0444743,0.24283768,0.0047908574,-0.0025772974,-0.100146666,0.1018928,-0.24055746,-0.18690196,-0.11190982,0.13170862,0.0551344,-0.0024852082,0.012684956,-0.2631979,-0.2100898,-0.05742496,-0.19322065,0.26776445,-0.0032132058,-0.123097524,-0.16363552,0.2730362,0.0031466484,-0.13977167,0.003857281,0.036294583,0.03958943,0.09600682,-0.0033623814,-0.047352728,-0.3475588,-0.03172563,0.030047935,0.0088002235,-0.0662528,-0.15821253,-0.20810854,0.12519543,0.017012503,0.522686,0.23938482,0.10141191,0.0038261972,0.18519765,-0.0041441885,0.106051154,-0.32833105,-0.15468098,0.08663425,-0.02631842,0.4372389,-0.28180358,0.02353977,0.043652646,0.042862564,-0.027564794,-0.042362273,-0.011678193,0.17872074,0.25309244,-0.1596046,-0.06211497,-0.17867318,-0.25224793,0.0027082898,-0.08105904,0.019350823,0.031226654,0.20204695,-0.20056525,-0.11321721,0.010227208,-0.46211523
0,0.13155146,-0.1411287,0.16976017,0.03483533,0.08661892,0.16907227,-0.055171758,0.0019368599,-0.08074735,-0.023195382,-0.019945048,0.1204612,0.0076439884,-0.1999118,0.06288321,0.018110327,0.04169428,0.06894165,0.10175847,-0.07528296,0.10572336,-0.0056389794,-0.19539861,0.0057161413,0.10077942,-0.09003264,0.05291997,-0.014324016,0.028826557,-0.07505229,-0.0037856437,-0.023003615,0.031544663,0.08095678,-0.08280683,-0.026209082,0.14007737,-0.08494378,-0.015284982,0.015477437,-0.2265922,-0.048620567,-0.053000912,0.040225763,0.03724319,-0.026987284,-0.06569928,0.03007548,0.10169998,-0.13206315,-0.078401536,0.039291926,-0.0025316589,-0.0039948374,-0.13008861,-0.024520077,0.026148546,-0.025201783,-0.047249407,-0.11994773,-0.019564472,0.030079484,0.03994715,0.101900466,-0.010656189,0.0010237349,0.05776564,0.009468932,0.054359913,-0.0022522565,0.0284127,0.081204996,-0.09024696,0.09136394,0.004931826,-0.04468687,-0.12486402,0.104953036,-0.07621798,0.018542483,-0.13194802,0.03634192,-0.012004019,0.08093239,0.16265783,-0.0903092,0.07153654,0.051768888,0.010182086,0.122284696,0.116941914,-0.005862292,0.15771374,0.11681134,0.030264392,-0.13122246,0.048044577,0.008887209,-0.049746007,-0.014882188,0.024476146,0.10506851,-0.037573714,-0.02223096,-0.1418334,-0.021858258,0.022284344,0.26120484,-0.061153047,0.03526486,0.08156882,-0.12438625,-0.013275096,0.027035125,0.0041288156,0.082822435,-0.07954513,0.087746374,-0.24504003,-0.1379843,-0.028581936,0.039064758,-0.07920647,-0.20758179,-0.16061458,0.04755847,0.08591619,0.02427677,-0.05961396,0.029082589,0.006509266,0.05392187,0.062454026,-0.023854025,-0.041402113,0.08569266,0.0071360953,-0.08178035,0.0397483,-0.0152646825,0.12598589,-0.09579562,-0.18191487,0.019889906,0.0137526095,0.09431307,-0.052211165,-0.1291621,0.009225149,0.009374149,0.0051996484,-0.12499026,0.004305903,0.1660741,0.034850053,-0.06743271,-0.07350454,0.04725781,0.08125971,0.107931346,0.11996322,-0.066180155,-0.08182827,-0.06739418,-0.08786282,0.025592048,-0.13976973,0.026119757,0.02669501,0.12411201,0.16232562,0.100925595,-0.018566124,0.23985845,0.019494705,0.06552166,-0.13972263,-0.10470663,0.076039925,0.061090723,-0.007978864,-0.0371528,0.10481851,-0.01342595,0.14552172,-0.0013264734,0.028578058,-0.07256075,0.05430363,-0.11909869,-0.07261097,-0.036669765,0.043064598,0.05539033,0.035093315,-0.01986264,-0.13012868,-0.12841778,-0.03045647,-0.0822176,0.14389947,0.006494202,-0.03726041,-0.054938186,0.15125784,-0.011216413,-0.053598583,0.0030211173,0.053277805,0.011763483,0.010125585,0.008296803,-0.064598486,-0.17286839,-0.0018702708,0.03796803,0.009049732,-0.030422907,-0.0813483,-0.090650275,0.06408844,0.018794466,0.31177443,0.12876284,0.032523066,0.032680787,0.08756423,-0.0066835363,0.037304647,-0.17575943,-0.122614965,0.05844298,-0.009305275,0.24459797,-0.133943,-0.005187746,0.046201594,-0.005204655,-0.00526879,-0.02376906,-0.02482625,0.0786111,0.14528719,-0.1053347,-0.04444806,-0.10672231,-0.157096,-0.04284857,-0.051565085,-0.017129239,0.0048638503,0.106852226,-0.08735347,-0.075274356,0.012170412,-0.24879213
0,0.16360313,-0.17451134,0.19823441,0.045613244,0.08814557,0.19575095,-0.07301332,0.0048903706,-0.10591085,-0.028132915,-0.019632496,0.13767187,0.004140958,-0.22998759,0.081714444,0.029725734,0.04702206,0.09674999,0.117771596,-0.0944846,0.1283648,-0.0063193645,-0.22794352,0.0150306,0.11381007,-0.1115896,0.06385356,-0.012278204,0.036227107,-0.08329437,0.004401706,-0.044371106,0.024591248,0.10144001,-0.10493714,-0.030029025,0.15797558,-0.104194626,-0.0077517815,0.01996126,-0.26310706,-0.056688502,-0.07100101,0.0367514,0.038030755,-0.016829584,-0.07653165,0.029500157,0.1128517,-0.14767885,-0.0983603,0.05689267,-0.015694164,0.0023316331,-0.14715019,-0.031443924,0.03245725,-0.036248237,-0.06772095,-0.14272563,-0.01123593,0.051524557,0.04330214,0.11869786,-5.820766e-05,-0.00223782,0.06677977,0.019968085,0.05544532,0.0052662827,0.027853835,0.10692382,-0.11590946,0.10454282,0.008448716,-0.046326134,-0.16074726,0.120156534,-0.072130725,0.03142354,-0.15004264,0.057752453,-0.013970036,0.10012865,0.19026068,-0.10294539,0.085949585,0.06788628,-0.0037895069,0.15836245,0.14545506,-0.0034453701,0.18275851,0.13732348,0.026351225,-0.15829603,0.054663297,-0.0007542856,-0.0570857,-0.025400989,0.031062583,0.12106407,-0.042140715,-0.035421688,-0.15909566,-0.01795552,0.0188801,0.30572113,-0.0662387,0.040298667,0.10356125,-0.14042497,-0.01866269,0.020070165,0.006140964,0.09875071,-0.102593444,0.09971552,-0.28997198,-0.16336438,-0.021628868,0.03399519,-0.07766096,-0.23379892,-0.18870738,0.05088357,0.08782391,0.024007121,-0.059091233,0.03383243,0.01414441,0.06330542,0.08561534,-0.02464756,-0.032382265,0.10776539,0.005851142,-0.09662348,0.05538847,-0.0067528747,0.14983827,-0.09837636,-0.209625,0.023003865,0.020482942,0.11550486,-0.0532311,-0.15354173,0.021503802,0.0076203756,0.018173717,-0.14609034,0.017195608,0.19410749,0.029183306,-0.09286288,-0.08685267,0.051764254,0.08762175,0.13259193,0.13703619,-0.08078013,-0.09585935,-0.08943495,-0.11091182,0.042499576,-0.15653071,0.019596886,0.02228129,0.14251782,0.19273934,0.10710454,-0.017961783,0.27737212,0.015829049,0.07923019,-0.16446556,-0.108182035,0.095713966,0.049497925,0.002132412,-0.028862424,0.12143605,-0.0030638427,0.16646828,-0.00061380863,0.0254637,-0.075704,0.06299202,-0.14441697,-0.0975653,-0.051684175,0.05936717,0.057105646,0.026114043,-0.013132207,-0.1572789,-0.14716765,-0.035725724,-0.10186901,0.17012218,0.0048452937,-0.05428837,-0.07331936,0.1768695,-0.0048562177,-0.06820441,0.00056163594,0.052253135,0.01638712,0.027078167,0.005952966,-0.06747548,-0.20991425,-0.0068817437,0.03605015,0.011285221,-0.037070625,-0.096788466,-0.11374734,0.07725226,0.021380559,0.35632122,0.15035091,0.045351908,0.028535007,0.107772484,-0.0048621674,0.050475188,-0.20786074,-0.13071236,0.062125817,-0.015121789,0.28437832,-0.16240087,-0.0041743256,0.046899427,0.0022447184,-0.009018678,-0.026777724,-0.024036422,0.100314505,0.1658526,-0.11450514,-0.04852284,-0.11998857,-0.17745842,-0.037703555,-0.057182938,-0.008506894,0.008101497,0.1294476,-0.11040923,-0.0812556,0.01353712,-0.29464793
1,0.6544214,-0.64617866,0.5801133,0.22556756,0.10690569,0.615846,-0.3124457,0.089484416,-0.47309905,-0.14869286,-0.019957297,0.39936247,-0.08169643,-0.655686,0.37085786,0.17970479,0.15748033,0.4707396,0.33325475,-0.3996577,0.50976616,0.05351625,-0.6967531,0.19050446,0.3298024,-0.41950318,0.26377207,0.021271504,0.1534695,-0.24490422,0.13995475,-0.32111144,-0.085514665,0.34657535,-0.44813716,-0.054816615,0.39498425,-0.3734754,0.14409095,0.11548959,-0.7218195,-0.15082775,-0.30088484,-0.015801657,0.0059510246,0.1544516,-0.20621328,0.08930665,0.27369377,-0.40459865,-0.39064795,0.31522572,-0.1838317,0.024505977,-0.37355763,-0.0849853,0.1482967,-0.1915783,-0.36254552,-0.45491874,0.12336467,0.3298145,0.07894043,0.3660934,0.15641695,-0.08331951,0.21922456,0.22249162,-0.01636023,0.111437604,0.040770642,0.4756793,-0.48626357,0.27095446,0.051762193,-0.04859863,-0.6518986,0.35357356,-0.001962781,0.23119797,-0.44327036,0.38946995,-0.011963792,0.39901507,0.5878069,-0.27187955,0.3210007,0.30092314,-0.1935318,0.6520854,0.5518555,0.041393965,0.5538668,0.43080273,-0.05684959,-0.5075154,0.20576926,-0.17654085,-0.18660533,-0.21052715,0.10786802,0.29646355,-0.1492615,-0.20245388,-0.44450867,0.037609562,-0.05580668,0.92661256,-0.17061564,0.115795195,0.40431374,-0.39866003,-0.102138795,-0.14603007,0.08907382,0.3290668,-0.4643645,0.30978253,-0.87210006,-0.56518066,0.07226462,-0.029198434,-0.04765062,-0.6093176,-0.5785445,0.12737918,0.12692805,0.059384465,-0.105253905,0.12746362,0.14913024,0.2025318,0.40755337,-0.042628888,0.08724809,0.42604798,-0.07108693,-0.31517714,0.25667587,0.07355593,0.44431487,-0.11388856,-0.5658708,0.092747495,0.14794382,0.40257597,-0.06525391,-0.44990632,0.15596524,-0.0015060231,0.1733354,-0.44858086,0.18409215,0.6092271,-0.027158,-0.47229552,-0.29353878,0.09823714,0.19065458,0.47341987,0.40936908,-0.27994817,-0.31082505,-0.36249328,-0.43513307,0.29563344,-0.38436225,-0.034304556,-0.054618206,0.37298158,0.591632,0.25112617,-0.0039060973,0.8132332,-0.05526398,0.28662148,-0.4973447,-0.11562261,0.3802945,-0.061473504,0.13093679,0.088833146,0.2948315,0.16761199,0.44818217,0.021835722,-0.07548882,-0.15980822,0.19536142,-0.49399763,-0.42552227,-0.26838785,0.3174031,0.055897146,-0.07795023,0.080290064,-0.54631,-0.37845746,-0.113334864,-0.429967,0.53026325,-0.023106197,-0.30168065,-0.3964298,0.5309117,0.0313109,-0.3208598,0.005117256,0.0026134513,0.08870048,0.2728446,-0.023809087,-0.009123836,-0.7145803,-0.09089438,0.016502775,0.0054629482,-0.13921638,-0.31641504,-0.455163,0.24988358,0.010347713,0.96752834,0.46913162,0.24197099,-0.0518195,0.39000776,0.00011168001,0.25251508,-0.64888203,-0.22731356,0.14499113,-0.060137365,0.842087,-0.59492576,0.08501737,0.036452245,0.1450215,-0.07713739,-0.08080407,0.01611993,0.38962418,0.4798972,-0.27716538,-0.100529894,-0.3301676,-0.45468378,0.09871438,-0.1420321,0.0933433,0.08392259,0.40130994,-0.43843725,-0.19458574,0.0067356694,-0.91226244
1,0.8005992,-0.7862321,0.694202,0.2793394,0.1128374,0.74009615,-0.38308373,0.11441883,-0.58190984,-0.18418927,-0.020225246,0.47696772,-0.10713213,-0.78289276,0.45751733,0.22465579,0.18997683,0.5825191,0.3978815,-0.49093506,0.6220573,0.071001306,-0.83628833,0.24308772,0.393586,-0.5115844,0.3226501,0.031785704,0.18894134,-0.29272303,0.1801376,-0.40378672,-0.119034916,0.42030054,-0.5508037,-0.06181052,0.4653536,-0.4540586,0.18825448,0.1438202,-0.85950017,-0.17780444,-0.3689601,-0.03136078,-0.0030540526,0.20537509,-0.24451739,0.10682659,0.32134637,-0.48084587,-0.4764473,0.39136946,-0.2349245,0.031731132,-0.44027525,-0.101542,0.18308146,-0.23800331,-0.45008245,-0.54767925,0.16391654,0.41373473,0.08986549,0.4390806,0.20330043,-0.10699079,0.26500222,0.28324482,-0.03644327,0.14332306,0.043849822,0.5854548,-0.59620184,0.32083273,0.0651548,-0.049554873,-0.79828304,0.42329025,0.01982233,0.29053342,-0.52978444,0.4876715,-0.012014307,0.48726892,0.7060178,-0.3216718,0.39044473,0.37136212,-0.25048363,0.79856336,0.6727792,0.055226922,0.6648768,0.5186335,-0.081352614,-0.6116055,0.25139925,-0.22905135,-0.22412403,-0.26612863,0.13159828,0.34890917,-0.18127288,-0.2520686,-0.5287615,0.053731114,-0.07786542,1.1113323,-0.20208034,0.13817391,0.49370903,-0.47561413,-0.12785225,-0.19486457,0.11372769,0.3973264,-0.5719978,0.37236175,-1.0447948,-0.68431264,0.100087486,-0.04821873,-0.03844136,-0.72102743,-0.695332,0.15077087,0.13812317,0.06948629,-0.11923961,0.15499547,0.18934415,0.24520977,0.50379336,-0.04776131,0.122205526,0.52016515,-0.09356852,-0.38061005,0.31739187,0.098823324,0.5323343,-0.11887449,-0.67200404,0.113393664,0.18584716,0.48916274,-0.06850317,-0.5393981,0.19616804,-0.0048387423,0.21964863,-0.5386858,0.23394386,0.73243296,-0.044417143,-0.5851823,-0.3554339,0.11228616,0.22082849,0.5744907,0.49000823,-0.33944377,-0.37423575,-0.4437713,-0.5321918,0.370339,-0.4524033,-0.050427582,-0.07744591,0.4415476,0.7101717,0.29351085,0.0005363263,0.97333115,-0.07687865,0.34892023,-0.59629214,-0.11808383,0.4649039,-0.094715774,0.16962907,0.12374913,0.346408,0.21740282,0.5328202,0.028067276,-0.10455865,-0.18470392,0.2354944,-0.59825003,-0.52323043,-0.33304623,0.3944861,0.05465752,-0.110124044,0.108997464,-0.66179425,-0.44712618,-0.13662697,-0.5265175,0.63727844,-0.0318472,-0.3751824,-0.4918484,0.6363686,0.042717144,-0.39615384,0.006171111,-0.012608644,0.111345105,0.3463627,-0.03225295,0.007820707,-0.864451,-0.11625626,0.010559678,0.0038218983,-0.16960771,-0.38244885,-0.5571697,0.30169636,0.0076068826,1.1488765,0.5633685,0.30112103,-0.07667744,0.47424877,0.0017143874,0.31257,-0.78070927,-0.2555015,0.16996711,-0.07398238,1.0084589,-0.7236972,0.111753106,0.032998987,0.1871618,-0.0968735,-0.09736981,0.028042365,0.47610387,0.57350147,-0.32440108,-0.115206644,-0.3930373,-0.53765136,0.13855466,-0.16644219,0.123971134,0.106476165,0.482108,-0.5360972,-0.22844478,0.0053708106,-1.0953064
1,0.32159463,-0.32307643,0.31890234,0.10393703,0.09222706,0.327685,-0.14799887,0.03249449,-0.22376308,-0.0676413,-0.019290682,0.22172853,-0.024538215,-0.36646053,0.17566225,0.07773571,0.08438611,0.21381357,0.18731469,-0.1918813,0.25094768,0.014017925,-0.37596792,0.073606394,0.1828676,-0.20933658,0.13017806,0.0010124127,0.074568726,-0.13643242,0.04856909,-0.1320335,-0.010643769,0.17884502,-0.21575448,-0.03678542,0.2317239,-0.19119594,0.043069802,0.050507545,-0.4058053,-0.0846356,-0.14303057,0.019620005,0.026502203,0.03926582,-0.11915898,0.05137431,0.16323799,-0.22979727,-0.18998215,0.1389144,-0.070192635,0.006676797,-0.21714735,-0.04534568,0.07103052,-0.084913835,-0.16249168,-0.24015719,0.032046735,0.13972668,0.0553177,0.19677965,0.050316777,-0.030871317,0.11684142,0.08741761,0.028030004,0.039393466,0.031326633,0.22331983,-0.23407316,0.15756586,0.021396205,-0.047004886,-0.31507626,0.19663249,-0.046710294,0.094396815,-0.24361527,0.16515705,-0.013869289,0.19607696,0.3156297,-0.15680887,0.16098838,0.14369214,-0.06439923,0.3139677,0.27348578,0.011778966,0.30008823,0.23252277,-0.00066091865,-0.26782608,0.10501702,-0.05912853,-0.09933487,-0.08665637,0.055235684,0.17507342,-0.07790544,-0.08839527,-0.2501195,-0.0017874166,-0.008217396,0.50157297,-0.101190105,0.061343674,0.19815305,-0.22279787,-0.04605812,-0.035017766,0.034190424,0.17353687,-0.21924993,0.16687064,-0.4721707,-0.29190144,0.0092829615,0.013939984,-0.06581264,-0.35241845,-0.3125325,0.07759179,0.09943685,0.03867881,-0.07697766,0.064549245,0.05945105,0.110462114,0.18938266,-0.030879103,0.0074397177,0.20752856,-0.020753559,-0.16646408,0.11927879,0.017885864,0.24217725,-0.10147055,-0.3208563,0.04582954,0.061559618,0.20524572,-0.054995567,-0.24684387,0.06434904,0.007463772,0.067757234,-0.24292548,0.070342645,0.3250846,0.012614928,-0.21436545,-0.1522871,0.066711545,0.119560525,0.2399497,0.22447295,-0.14469175,-0.1658764,-0.17423557,-0.21471068,0.12299356,-0.22780102,0.0028292723,-0.003682766,0.21526507,0.3186318,0.15531534,-0.013117462,0.44793063,-0.007558033,0.14595318,-0.26788625,-0.107573815,0.18599433,0.015044801,0.042696923,0.00996656,0.17272839,0.052166987,0.25434005,0.0059573054,-0.0067887604,-0.1044697,0.10792144,-0.25469682,-0.20081067,-0.121078104,0.14270447,0.05540338,-0.007023707,0.01604478,-0.27969038,-0.22021978,-0.060718935,-0.20763749,0.28255898,-0.004584068,-0.13428982,-0.17773002,0.28800488,0.0045070723,-0.15060028,0.0044605024,0.034289747,0.042632848,0.10654194,-0.0051624975,-0.04481914,-0.368712,-0.035811134,0.029222146,0.009077171,-0.07059097,-0.16758603,-0.22220954,0.13243309,0.01662771,0.5481377,0.25372905,0.109797254,-0.00040303916,0.19700755,-0.0035723695,0.11472266,-0.347143,-0.15856054,0.08999166,-0.02870373,0.45986158,-0.3005006,0.027077895,0.043156028,0.049412206,-0.030190617,-0.04460501,-0.009884223,0.19113895,0.26657596,-0.16663207,-0.06454008,-0.18745822,-0.2639981,0.008909699,-0.085328594,0.024073448,0.035142258,0.21373545,-0.21401012,-0.118128486,0.010180833,-0.48772883
0,-0.15784709,0.10125856,-0.06091741,-0.07685939,0.1252715,-0.028675973,0.064008884,-0.04859258,0.15358068,0.0426836,-0.02602165,-0.025392247,0.06297842,0.065990165,-0.14532557,-0.079519436,-0.0514566,-0.14329451,-0.06199573,0.09294619,-0.10256326,-0.04316065,0.05186023,-0.12607728,0.0006334954,0.09020494,-0.08318446,-0.08274061,-0.056714907,0.045041475,-0.09075659,0.14957368,0.10050179,-0.06229492,0.12510085,-0.021522678,0.020077027,0.110465735,-0.11529218,-0.043087263,0.017402593,-0.028698064,0.086575426,0.08083692,0.049886964,-0.14987952,0.047640517,-0.023082295,0.023265492,0.014860328,0.053710543,-0.09772605,0.14043692,0.006337613,-0.037085086,-0.028327085,-0.074508324,0.057797745,0.14671019,0.034653425,-0.109241605,-0.14510213,-0.0111563355,-0.016223853,-0.11856069,0.089670494,-0.055078775,-0.14729053,0.11765203,-0.066685334,0.059415564,-0.1253901,0.12607744,-0.016906314,-0.011983553,-0.02655473,0.13124707,-0.07244007,-0.18029827,-0.0856246,0.024619754,-0.16942409,0.010327864,-0.09383531,-0.032091174,0.013081148,-0.067686155,-0.12739903,0.13992351,-0.13120475,-0.10519224,-0.055435456,-0.03546234,-0.09175057,0.07470337,0.057738364,-0.061694756,0.14384338,0.029772324,0.1416533,-0.037562646,0.023756009,0.041610308,0.09305821,0.005947599,-0.03557764,0.12247495,-0.07326893,0.015863668,0.04816747,-0.09121937,0.023127977,0.06494511,0.14562228,-0.04967673,-0.067356735,0.13369396,-0.021152146,0.042549714,0.08173637,-0.10415164,0.07650073,-0.15369715,-0.016957127,0.067596205,-0.042014785,0.083664894,-0.04834268,-0.0019254163,-0.030645967,-0.10651096,-0.090747476,-0.14605638,-0.022613477,-0.13951582,-0.06623492,0.056795496,0.05447764,-0.089759216,-0.07017517,-0.02957167,-0.1140597,-0.0026080199,-0.036725722,-0.05419527,-0.04937286,-0.08797364,0.059563726,-0.08775809,-0.022122301,-0.10389156,0.04964495,-0.10294576,-0.051049754,0.061327808,0.16580015,0.048039846,-0.0014410987,0.05605713,-0.072587,-0.039634056,0.06817085,0.076324746,0.07359123,0.12880643,-0.107165165,-0.02874589,0.06450369,0.10065125,-0.013726812,-0.061760377,0.006980367,-0.029811798,-0.08166504,0.06776434,-0.061845306,0.021393655,-0.1329523,-0.0924902,0.14250939,-0.08622302,-0.14319709,0.0641485,-0.11589688,0.01470351,0.0075974017,0.062138565,-0.0122493245,-0.07264646,0.06975767,0.112219386,0.0869945,-0.11550775,0.07851515,0.1333006,-0.07508208,0.065944046,0.013323039,0.01628895,0.099193834,-0.030860767,0.064305745,0.14213033,0.14002825,-0.022634162,-0.020119786,0.103310056,-0.02271495,0.106628075,-0.105108686,-0.14912662,0.060560428,-0.13617143,0.08345898,0.09813047,0.06560124,0.002291428,0.04740421,0.07621223,0.09157057,-0.053752992,0.02730238,0.0038025193,-0.07799249,-0.10949482,0.14763555,-0.061496083,-0.018048761,-0.06998926,0.0720646,-0.1279031,-0.010933563,0.027384248,-0.054931324,0.10670282,-0.07869391,0.053289413,-0.10991978,0.011304682,0.034327187,-0.054512378,-0.06942303,-0.052549668,-0.023736782,-0.029266674,0.005629355,-0.015131056,-0.14804842,0.0025912486,-0.10021207,-0.08064047,-0.03349252,0.08759299,-0.0076228157,0.024155363,0.048512336
1,0.61094743,-0.60286975,0.54605144,0.21018647,0.10391207,0.5770876,-0.29014087,0.08228179,-0.44084018,-0.13852821,-0.019617964,0.3763964,-0.07430036,-0.6181663,0.3462637,0.16693051,0.14890008,0.43644762,0.3146746,-0.37233993,0.4761151,0.04863735,-0.65398604,0.17592457,0.31038955,-0.39236563,0.24700212,0.020283662,0.14385876,-0.23140965,0.12822777,-0.29615703,-0.07573138,0.32427278,-0.4181699,-0.051983397,0.37277284,-0.3500156,0.13171482,0.10655605,-0.6795498,-0.14117116,-0.27982506,-0.011235472,0.008241251,0.14006154,-0.196139,0.08483959,0.25837117,-0.38149023,-0.3632194,0.2922325,-0.16957045,0.020950284,-0.35225976,-0.078469,0.13917325,-0.17721646,-0.3368173,-0.42526922,0.11179797,0.30498505,0.07645428,0.3435468,0.14294079,-0.077483766,0.2063867,0.20589182,-0.012241513,0.10249312,0.038813964,0.44228086,-0.45339787,0.25668612,0.04752084,-0.048683506,-0.60684544,0.334409,-0.005911436,0.21257646,-0.4169154,0.36122835,-0.012439579,0.37262565,0.55123013,-0.25695813,0.30053452,0.28120515,-0.17697068,0.6067461,0.5147055,0.03824714,0.5197349,0.40601462,-0.04904131,-0.47555408,0.19325638,-0.16217001,-0.17536479,-0.19549587,0.10114184,0.27982327,-0.14058053,-0.18778223,-0.41864374,0.031891167,-0.051211953,0.86959726,-0.1622161,0.10719836,0.3771516,-0.3754564,-0.095108874,-0.13221532,0.08215447,0.3096386,-0.4327851,0.29086334,-0.81795317,-0.529005,0.064247265,-0.023337904,-0.048489742,-0.5750392,-0.54320973,0.12209861,0.12272444,0.05843262,-0.10311435,0.11918414,0.13837181,0.19189997,0.37951893,-0.041176166,0.07748489,0.39644435,-0.06498903,-0.29627448,0.23891291,0.066554226,0.41734028,-0.11108518,-0.5327811,0.08705683,0.13644716,0.3760007,-0.062529355,-0.42320085,0.14430636,0.0010659471,0.15947706,-0.42183053,0.16953047,0.57089686,-0.021985754,-0.43873012,-0.27460092,0.09469065,0.18125173,0.44196865,0.38528064,-0.26257348,-0.2923144,-0.33691376,-0.40702552,0.27259123,-0.36315605,-0.029198986,-0.048876222,0.35217693,0.55509657,0.23940888,-0.004495371,0.7658992,-0.049624726,0.26864684,-0.46537524,-0.11301524,0.35453257,-0.051230468,0.11917664,0.07954299,0.27696553,0.15278086,0.42184854,0.019155115,-0.06621523,-0.1531637,0.18556906,-0.46197844,-0.3952321,-0.24925917,0.2946017,0.055261128,-0.06889132,0.07147011,-0.5105495,-0.35803315,-0.10661587,-0.40093672,0.4964815,-0.020886252,-0.28014788,-0.36792928,0.49854848,0.02700691,-0.29924858,0.006316174,0.005932614,0.08450664,0.25173852,-0.02226926,-0.012442101,-0.66815144,-0.08486212,0.017569557,0.006226193,-0.13065165,-0.29743308,-0.42419857,0.23476513,0.0113170855,0.91086376,0.44169334,0.2256504,-0.04694739,0.3643883,-0.00044059986,0.23384592,-0.60883504,-0.21701173,0.13864148,-0.056396026,0.79128015,-0.55643785,0.07836376,0.037210103,0.13318291,-0.07050867,-0.07625284,0.012824941,0.36277974,0.4522392,-0.2624567,-0.09580165,-0.31148157,-0.42938358,0.08797605,-0.13440497,0.08432563,0.07894883,0.37594107,-0.40826333,-0.18451092,0.0065290406,-0.85468334
1,0.5593777,-0.5513568,0.5050143,0.19063027,0.10236359,0.5297348,-0.26315284,0.07325537,-0.40030873,-0.12493707,-0.019835837,0.34678322,-0.06528777,-0.5724896,0.3161759,0.15058272,0.13691774,0.39635855,0.29154834,-0.33923528,0.4336672,0.042180944,-0.60281265,0.15850121,0.28640756,-0.3586173,0.22600164,0.016775955,0.13159019,-0.21328913,0.11306649,-0.26683882,-0.064157635,0.2981683,-0.38161784,-0.048321795,0.34701657,-0.32195744,0.114265144,0.09665483,-0.63038415,-0.12993264,-0.25511432,-0.005557243,0.012250289,0.12177384,-0.18155618,0.078771256,0.24101269,-0.35338056,-0.33082244,0.26222613,-0.1526708,0.019524332,-0.32625422,-0.07274701,0.12735729,-0.1608336,-0.30465555,-0.39205483,0.097791284,0.27554274,0.07347036,0.31516337,0.12670583,-0.06896456,0.18963377,0.18604541,-0.002061911,0.09061919,0.035980314,0.40184954,-0.41306436,0.23859538,0.042461954,-0.04795664,-0.55386716,0.30862588,-0.013048939,0.19147767,-0.385112,0.32380542,-0.0122452155,0.33993572,0.5078427,-0.23769772,0.27345335,0.2568706,-0.15675539,0.55280066,0.47056085,0.03324511,0.48057035,0.3740957,-0.04064653,-0.4377893,0.17874666,-0.14397657,-0.16035226,-0.17650834,0.0936941,0.26020178,-0.12925841,-0.17016448,-0.38712633,0.024890795,-0.043647088,0.8029592,-0.15184975,0.09883402,0.3445546,-0.34761342,-0.087418586,-0.11453738,0.07342895,0.2840359,-0.3931602,0.26800886,-0.7537064,-0.4856815,0.05488024,-0.017512303,-0.05140793,-0.5332348,-0.5024394,0.11394272,0.118218586,0.054214966,-0.09796047,0.10955243,0.12421581,0.17840105,0.3454072,-0.039061677,0.06432283,0.36122018,-0.055705074,-0.27232763,0.21879622,0.057732128,0.38545525,-0.1100024,-0.49357635,0.07977575,0.12323767,0.34603402,-0.060318794,-0.39250627,0.12959626,0.0013045408,0.1433899,-0.38864243,0.15193383,0.5261322,-0.015937194,-0.3977021,-0.2527338,0.08950839,0.16939715,0.40444213,0.3556285,-0.24111484,-0.26989895,-0.30702984,-0.37189642,0.2443761,-0.3391042,-0.023961943,-0.04037505,0.3271067,0.5120805,0.22340581,-0.0062743425,0.7084775,-0.041972883,0.24606429,-0.42986673,-0.11262531,0.32444412,-0.039824076,0.10580516,0.065952204,0.25765032,0.13324668,0.39119226,0.016130194,-0.054452524,-0.14377452,0.17177545,-0.42460108,-0.36059222,-0.22569555,0.26747158,0.05403684,-0.059395373,0.062104516,-0.46734685,-0.33206692,-0.09868392,-0.3637957,0.45733958,-0.019909361,-0.25309998,-0.3323873,0.45886946,0.023675427,-0.2719117,0.0054185726,0.01070128,0.078772254,0.22485134,-0.019247316,-0.01825716,-0.6129554,-0.0765745,0.01985994,0.00628734,-0.11984429,-0.27530137,-0.38781458,0.2167628,0.01157352,0.8450661,0.40633312,0.2049129,-0.03922523,0.33376646,-0.00022234814,0.21207273,-0.5610775,-0.2054546,0.13068962,-0.050803464,0.73181885,-0.50867903,0.07037617,0.038419567,0.11702032,-0.06251037,-0.07177817,0.008654393,0.33092046,0.4181589,-0.24403849,-0.08879065,-0.28865412,-0.3990144,0.07280342,-0.12490602,0.07355893,0.0704085,0.34658614,-0.37315756,-0.1722936,0.007202653,-0.7867445
0,0.1135551,-0.1257504,0.16089658,0.027602928,0.0832673,0.15097949,-0.047771044,-0.0035664202,-0.071301855,-0.015192274,-0.019184995,0.11163401,0.012290953,-0.18819904,0.054646708,0.015986778,0.03737615,0.05897945,0.09907273,-0.06271717,0.088990234,-0.011995392,-0.1783038,-0.0010640994,0.09023557,-0.08156641,0.04449738,-0.012444683,0.025697492,-0.068649784,-0.008142956,-0.017238572,0.03544905,0.07789727,-0.070516236,-0.028092507,0.13477154,-0.079896815,-0.022888724,0.010677394,-0.21770437,-0.04578196,-0.047889963,0.041550506,0.042709604,-0.033308286,-0.06619537,0.024039341,0.096102506,-0.12183949,-0.06653047,0.031070046,-0.002123814,-0.0012847595,-0.12323001,-0.023623724,0.022446308,-0.019811384,-0.039687574,-0.11011623,-0.024532545,0.025131568,0.041735582,0.09296554,-0.013899893,0.0041213324,0.053975493,0.0005352795,0.061746746,-0.0058237463,0.022652622,0.0701399,-0.07848483,0.0880374,0.0028845035,-0.04775297,-0.1095025,0.10013737,-0.07532546,0.011295803,-0.1200782,0.025772966,-0.016220527,0.069266394,0.14810373,-0.08767403,0.06364758,0.047450494,0.01274807,0.10686578,0.10505673,-0.0051986,0.14362346,0.11118838,0.03547418,-0.122690536,0.03937609,0.01574133,-0.04478648,-0.00860377,0.025107486,0.102428064,-0.03207345,-0.01902062,-0.12901181,-0.024373375,0.023373038,0.24113272,-0.055884413,0.030438896,0.073083036,-0.11409587,-0.012144005,0.036247246,-0.0028211921,0.076718666,-0.066716634,0.077632904,-0.22849667,-0.12196538,-0.031242464,0.041576203,-0.07739301,-0.1942158,-0.14899294,0.046527997,0.08331003,0.023131538,-0.05665005,0.025000857,0.0036721695,0.053565152,0.05507556,-0.021446958,-0.044050116,0.07426286,0.014152257,-0.075628616,0.035717923,-0.013507649,0.11964722,-0.09435232,-0.17220342,0.016889779,0.007160034,0.085331656,-0.04879968,-0.12502633,0.00932892,0.011975147,0.0042229444,-0.115223825,0.0014439486,0.15015881,0.034981944,-0.05504685,-0.06578628,0.04933912,0.07567489,0.09771198,0.10927267,-0.061883047,-0.07514781,-0.061912797,-0.0812778,0.01727162,-0.13228083,0.024205819,0.028600328,0.11998266,0.15350224,0.091879845,-0.018683814,0.22468993,0.022081835,0.058293726,-0.12986945,-0.10460306,0.067212015,0.060028516,-0.010549404,-0.037094604,0.10112287,-0.020110354,0.13705577,-0.0041333716,0.037243254,-0.0682183,0.051916327,-0.10801911,-0.064831756,-0.02991077,0.033677902,0.055348225,0.032613363,-0.021901388,-0.116392046,-0.12505701,-0.028334508,-0.06888597,0.13186887,0.0053540454,-0.031563867,-0.0417027,0.14038913,-0.008957081,-0.04271578,0.0018219762,0.057100438,0.013106193,0.0039390177,0.007096795,-0.07207275,-0.15696953,-0.001783926,0.037063155,0.013207672,-0.027713116,-0.07694535,-0.0784955,0.06143217,0.023317585,0.29206404,0.119245835,0.027075827,0.032475322,0.07850839,-0.00445132,0.030162573,-0.16298127,-0.11751698,0.054185823,-0.011805925,0.22723076,-0.1182958,-0.013999425,0.048515223,-0.0096932575,-0.0013591126,-0.02234271,-0.027882501,0.07096837,0.13444078,-0.097065106,-0.043026477,-0.09888782,-0.149979,-0.050093457,-0.0484095,-0.017610282,0.00330029,0.10251009,-0.0770845,-0.06975268,0.0140949935,-0.22862944
1,0.82667786,-0.81334925,0.7141168,0.2886567,0.115551084,0.7656086,-0.39759696,0.11877784,-0.60092384,-0.19106711,-0.02059887,0.49193653,-0.11153548,-0.8052388,0.47116548,0.23182191,0.19451241,0.6027389,0.40842938,-0.50916654,0.643065,0.07326421,-0.86385095,0.25121474,0.40672722,-0.5282942,0.33195633,0.03167607,0.19454381,-0.3010467,0.18805966,-0.4185735,-0.12547478,0.43395314,-0.56916356,-0.06367384,0.47853208,-0.46693927,0.19608566,0.14979854,-0.8850033,-0.18405668,-0.38089132,-0.03453629,-0.0056800395,0.21368648,-0.24900998,0.10997702,0.33126307,-0.4957251,-0.49437472,0.40612948,-0.24268469,0.033948723,-0.4537183,-0.10678187,0.18757445,-0.24723056,-0.4654074,-0.56625193,0.17074436,0.42840374,0.08995538,0.4541583,0.21031235,-0.10972702,0.2727237,0.29244384,-0.040326983,0.14937948,0.047483675,0.60581595,-0.61635274,0.3290585,0.069201715,-0.04946283,-0.82651895,0.4341926,0.021144025,0.30247933,-0.5456791,0.50498873,-0.012533471,0.50321704,0.7295452,-0.3300392,0.40290934,0.38294736,-0.25946593,0.8271049,0.69522214,0.056170523,0.6869053,0.5331419,-0.08657596,-0.6312195,0.25820503,-0.23759264,-0.23087107,-0.27435455,0.13566828,0.36048347,-0.18629889,-0.25990227,-0.54533845,0.057767697,-0.07888351,1.1467743,-0.2072367,0.14385214,0.5092729,-0.4900467,-0.1314431,-0.20269793,0.11842406,0.40875927,-0.5916641,0.38510332,-1.0801907,-0.7068503,0.10429194,-0.05178191,-0.03953878,-0.74392503,-0.7167087,0.15299666,0.1408458,0.069160864,-0.119943574,0.1597031,0.19462113,0.2503701,0.5197423,-0.04902624,0.12837589,0.5388789,-0.098184004,-0.39194885,0.32673252,0.10337745,0.54907215,-0.121570855,-0.69359267,0.116105616,0.19274785,0.5059136,-0.07184845,-0.5553454,0.20302066,-0.007747352,0.22755185,-0.55593276,0.24170534,0.7572396,-0.046701796,-0.60540706,-0.36691234,0.11338511,0.22633468,0.5952046,0.5049027,-0.34925961,-0.3841123,-0.45974714,-0.548644,0.38511744,-0.46518254,-0.052557018,-0.08029297,0.45392182,0.7324641,0.30069828,0.0008663498,1.0011157,-0.08037243,0.36094302,-0.6166511,-0.12049492,0.47995535,-0.10045442,0.17667888,0.12849975,0.35836244,0.22650582,0.55005336,0.030482538,-0.11105223,-0.188938,0.24099532,-0.618187,-0.54140323,-0.3449897,0.40853646,0.05584036,-0.1137641,0.11488047,-0.6854713,-0.4595618,-0.14048892,-0.5448253,0.6591112,-0.031065637,-0.38837028,-0.5094725,0.6573255,0.0454555,-0.40973285,0.0048381574,-0.015228044,0.111728065,0.3594112,-0.031590246,0.009584505,-0.8937804,-0.11813342,0.010294847,0.0025776103,-0.17469881,-0.3921649,-0.5763606,0.31015038,0.006966699,1.1836475,0.5804029,0.31122538,-0.077790946,0.49126017,0.0011533774,0.3247819,-0.80565,-0.2630758,0.17291155,-0.07623749,1.0390521,-0.7483781,0.11496203,0.03186007,0.19357765,-0.101691,-0.09884875,0.030538015,0.49401274,0.5907753,-0.33369324,-0.119092025,-0.40524578,-0.5529964,0.14489101,-0.17119335,0.12958038,0.109010674,0.49661446,-0.55465794,-0.23569718,0.005626766,-1.1324754
1,0.1481057,-0.15821466,0.18381731,0.040292628,0.08743093,0.18268266,-0.06415834,0.003532562,-0.09325547,-0.026216049,-0.019326033,0.12971067,0.0055146012,-0.2151085,0.0724137,0.024133813,0.04467024,0.081570774,0.11010091,-0.086343676,0.11706988,-0.006541226,-0.21212995,0.010854602,0.107613474,-0.10113379,0.05907643,-0.012721267,0.033180296,-0.07981753,0.0011041686,-0.033398412,0.02751679,0.0914755,-0.094687305,-0.028448138,0.14853229,-0.09456399,-0.010812838,0.018866435,-0.2441238,-0.052199025,-0.061358467,0.038122,0.036838125,-0.021868382,-0.06989971,0.030695215,0.10715797,-0.14051804,-0.08817127,0.048034906,-0.009140145,-0.001450304,-0.13775954,-0.027668536,0.029141039,-0.03090509,-0.057028793,-0.13130186,-0.014808305,0.041537806,0.041206725,0.110997476,-0.0054276995,-0.0015279138,0.06321843,0.01537922,0.053273574,0.0021315739,0.029104952,0.093843,-0.10282576,0.09712203,0.00727237,-0.045897815,-0.14317057,0.11219028,-0.073722765,0.025064409,-0.14097926,0.04774881,-0.0140414685,0.09068754,0.17650756,-0.09623283,0.07873796,0.060354933,0.0038546547,0.14054073,0.1310433,-0.0047662165,0.17122921,0.1267471,0.028089292,-0.14410743,0.05126861,0.0030840188,-0.053764015,-0.02018857,0.027815374,0.11339295,-0.04037895,-0.027410854,-0.15119448,-0.020912942,0.020604726,0.2832677,-0.064108014,0.037452962,0.09183281,-0.13294724,-0.016064012,0.023309395,0.0056664385,0.09083035,-0.09210875,0.0947573,-0.26759297,-0.15147242,-0.025383655,0.03663888,-0.07839212,-0.22151792,-0.17469206,0.049560793,0.08643464,0.024562284,-0.06016367,0.031619325,0.011198753,0.059331466,0.074088946,-0.024117548,-0.036673743,0.09630294,0.005713694,-0.08874106,0.046662662,-0.0107928105,0.13788745,-0.096959725,-0.19607277,0.021197595,0.017600425,0.10535137,-0.05345133,-0.14144947,0.015534241,0.008448087,0.011598639,-0.13632096,0.010004308,0.18018769,0.032929305,-0.080628045,-0.08015831,0.04901235,0.08389193,0.12118332,0.12861319,-0.0732234,-0.08841484,-0.07803208,-0.09928657,0.03460582,-0.14829703,0.023662351,0.024056453,0.13286036,0.17773907,0.10453643,-0.017912142,0.25808176,0.017105084,0.07367283,-0.15191838,-0.106640086,0.084954515,0.056043528,-0.0025783777,-0.032847103,0.1127727,-0.008360539,0.15634862,-0.0009219572,0.026598215,-0.07493938,0.059607163,-0.13129069,-0.085021816,-0.044669192,0.052402932,0.055505563,0.031464525,-0.016369138,-0.14408508,-0.13785714,-0.033163954,-0.09226511,0.15694457,0.0065467306,-0.046149153,-0.06451732,0.16489021,-0.008043952,-0.061847724,0.002311267,0.05206013,0.013663869,0.018972687,0.00773052,-0.06531604,-0.19139601,-0.0041466206,0.03764645,0.009295525,-0.033878047,-0.08878712,-0.102605,0.070454806,0.019802418,0.33281264,0.14026344,0.04009179,0.03029812,0.09853187,-0.006143479,0.044856675,-0.19217134,-0.12653351,0.060630392,-0.011809154,0.2639797,-0.14924622,-0.0042269565,0.04566644,-0.0016568601,-0.0075031146,-0.025521373,-0.023678774,0.09034214,0.15634608,-0.11047292,-0.046496518,-0.11418385,-0.16726391,-0.039611667,-0.05491878,-0.012758512,0.007062092,0.11710699,-0.099499956,-0.07959636,0.012821943,-0.27159125
0,-0.110403135,0.06725787,-0.014382206,-0.054589286,0.09500605,-0.0043998864,0.04726225,-0.03857857,0.09956869,0.030693047,-0.023428936,0.0014449842,0.051581994,0.010334488,-0.09378125,-0.05996964,-0.024289658,-0.104652315,-0.013691882,0.060671713,-0.0715217,-0.038927235,0.012862105,-0.094259255,0.008352393,0.055259895,-0.057062022,-0.05012251,-0.033259295,0.009058055,-0.068332605,0.10899228,0.08305399,-0.034440223,0.08415675,-0.022769796,0.03493639,0.060898934,-0.09673506,-0.02616955,-0.021315008,-0.016601544,0.058939457,0.06651302,0.05149343,-0.11733988,0.014111802,-0.0058375057,0.033528056,-0.015529605,0.044540055,-0.07437864,0.09105128,-0.0051485486,-0.039367378,-0.016411234,-0.04572162,0.043733988,0.10025452,0.016458672,-0.090181544,-0.10521871,0.00950153,-1.3113022e-06,-0.09263058,0.056812443,-0.019421125,-0.10696307,0.09461713,-0.051677205,0.041314974,-0.08782524,0.08765434,0.007042136,-0.0068826526,-0.041776728,0.0941928,-0.021679327,-0.13374287,-0.06883308,0.003130652,-0.12640163,-0.010850154,-0.06368444,-0.009061438,-0.00841522,-0.038052864,-0.07331934,0.10869642,-0.09771705,-0.066829436,-0.03576205,-0.0073531866,-0.037022494,0.06904031,0.028189681,-0.037901722,0.10685259,0.013532888,0.09396757,-0.014879042,0.037715822,0.020402858,0.06753165,-0.015885342,-0.038423676,0.08570632,-0.021410594,-0.003056571,0.022884697,-0.06195387,-0.003674644,0.037531864,0.11767493,-0.036906764,-0.036532357,0.09323693,-0.0028802091,0.007065038,0.0476719,-0.08700551,0.07236133,-0.11856264,-0.046778128,0.027354252,-0.0036516562,0.07608123,-0.015118431,-0.022900797,-0.019794464,-0.07241336,-0.03587227,-0.10177897,-0.016417395,-0.1091578,-0.050528765,0.04366598,0.02435248,-0.066074416,-0.050537266,-0.009169241,-0.101255864,-0.029767286,-0.01866075,-0.04654721,-0.030977542,-0.069378376,0.015121212,-0.060645968,-0.0030852482,-0.07608981,0.01537132,-0.08186881,-0.017340412,0.061878275,0.11720351,0.025285104,0.0150138475,0.04101856,-0.040605348,-0.010619886,0.038119286,0.039954156,0.052146204,0.0750546,-0.0855262,-0.038638726,0.057365716,0.07602595,0.011650454,-0.021654826,0.024215436,-0.024035014,-0.020385232,0.0534093,-0.031772047,0.0011909697,-0.116942525,-0.0631828,0.12090842,-0.06805426,-0.10487197,0.047907025,-0.09732656,0.029919526,-0.0018131733,0.0652098,-0.02707997,-0.029164977,0.04245461,0.081536196,0.06554434,-0.08209792,0.065733224,0.09901709,-0.061192334,0.03509081,-0.017392406,0.00857259,0.06855715,-0.009905773,0.039595068,0.08875522,0.09615966,0.001441454,-0.020304479,0.0708148,-0.013219971,0.08465534,-0.058232203,-0.11182298,0.041029107,-0.11186196,0.05090052,0.060768016,0.05527123,0.0073529724,0.024974823,0.039556347,0.064731985,-0.025624998,0.027862448,0.036124356,-0.031338453,-0.071551114,0.09940322,-0.036614,-0.013038769,-0.051158935,0.025997687,-0.10277644,0.007584475,0.013097644,-0.012188062,0.06445159,-0.062194332,0.04910838,-0.08222554,0.016111631,0.014368122,-0.046147116,-0.042134617,-0.0060286857,-0.031814206,-0.028253708,-0.011565051,-0.035224125,-0.12178226,-0.0077366643,-0.070737734,-0.048393454,-0.01757031,0.061212204,-0.025052793,0.022098277,0.015335445
0,0.12072544,-0.13006686,0.1652697,0.03016893,0.08155082,0.15406704,-0.049665324,-0.0024679159,-0.07636545,-0.016253471,-0.018860882,0.11407787,0.011563648,-0.19482258,0.059483066,0.017536692,0.03975329,0.0629037,0.10311815,-0.06714381,0.09270858,-0.011749787,-0.18356717,0.0023404658,0.092018336,-0.08464132,0.047600016,-0.010110325,0.027441733,-0.0716442,-0.0058550946,-0.021510363,0.03364344,0.081196874,-0.07550625,-0.02784805,0.13612726,-0.08380633,-0.02108274,0.011858542,-0.22197524,-0.04484708,-0.050609484,0.040690053,0.0417527,-0.030196317,-0.06944304,0.025855646,0.09758079,-0.12480065,-0.06888254,0.03312984,-0.0059197843,-0.001179874,-0.123992726,-0.023301799,0.024725787,-0.021628685,-0.044255793,-0.11243968,-0.022901015,0.028748646,0.043575566,0.09482912,-0.012117248,0.001338358,0.05663061,0.005069703,0.05967026,-0.003967691,0.021988738,0.073990345,-0.0838332,0.09128371,0.0036096517,-0.04903157,-0.1146095,0.10421422,-0.071970366,0.012961596,-0.123144634,0.029903911,-0.017375601,0.073405616,0.15157871,-0.089407906,0.065494746,0.051951315,0.010250822,0.111530066,0.10831274,-0.004361719,0.14805259,0.11616961,0.03396111,-0.12727162,0.042788535,0.011768512,-0.045964494,-0.013832882,0.026872912,0.10459051,-0.033996526,-0.02228012,-0.13207759,-0.024901427,0.020243626,0.24866755,-0.057777785,0.028091226,0.07644044,-0.117167406,-0.014270106,0.033437315,-0.0015635695,0.07949214,-0.07081395,0.0799707,-0.23435442,-0.12638398,-0.028610267,0.039888214,-0.07510146,-0.19790107,-0.15414515,0.048961595,0.08222006,0.025875406,-0.058694974,0.025846545,0.006056752,0.058058355,0.059544284,-0.021660991,-0.040177874,0.07619956,0.012873061,-0.078640535,0.038669664,-0.011639565,0.123428404,-0.09464742,-0.17651594,0.018187013,0.008116871,0.08799076,-0.047202,-0.12974249,0.012148742,0.012673955,0.006953869,-0.11983031,0.0040367283,0.15459591,0.03515402,-0.05994176,-0.06818253,0.050166614,0.0752365,0.10190168,0.11261877,-0.06450585,-0.07941215,-0.064689204,-0.086123794,0.01870079,-0.1343697,0.022692122,0.026688969,0.12347296,0.15801574,0.09439337,-0.018962814,0.23124166,0.02101245,0.06196143,-0.13259728,-0.10409894,0.07042234,0.05828586,-0.009605549,-0.03562944,0.100690275,-0.018322002,0.13909134,-0.004588375,0.037779454,-0.06927684,0.056302108,-0.11200331,-0.068097,-0.033019077,0.03753126,0.05485155,0.031117763,-0.020572603,-0.12051068,-0.12759812,-0.029324248,-0.07196312,0.13548833,0.0038400763,-0.036131706,-0.04577036,0.14274938,-0.008817956,-0.046645112,0.0027048402,0.054820642,0.016840436,0.00775598,0.0057490845,-0.070315376,-0.16175173,-0.003970273,0.036299683,0.012877217,-0.03012783,-0.08018854,-0.08234304,0.064391084,0.022542356,0.29744902,0.12457149,0.031231388,0.029071579,0.08210975,-0.0042829704,0.03168407,-0.16858798,-0.116148144,0.056011904,-0.013584285,0.23336555,-0.12266669,-0.011218043,0.048140608,-0.008282028,-0.0013175607,-0.023256043,-0.027031925,0.07367365,0.13904586,-0.097708076,-0.04255048,-0.10030594,-0.15152878,-0.047804732,-0.049641933,-0.014991287,0.005308067,0.10427223,-0.0801857,-0.07138391,0.013465703,-0.23418616
0,0.36991435,-0.3663548,0.35773894,0.121312775,0.09289648,0.36360905,-0.1681552,0.04094272,-0.25857508,-0.077866286,-0.019143522,0.24398033,-0.032480083,-0.408181,0.20662591,0.09348877,0.095894024,0.2506558,0.20966305,-0.21989587,0.28490454,0.020304311,-0.4185614,0.09234162,0.20070755,-0.23912376,0.15002432,0.0059390105,0.087268315,-0.15160348,0.060311176,-0.15973711,-0.021591883,0.20254761,-0.2488823,-0.03819144,0.25456423,-0.2194665,0.055431426,0.059797145,-0.45139205,-0.091655284,-0.16638179,0.01486434,0.025061812,0.05660227,-0.13310972,0.05637449,0.17750782,-0.25290704,-0.2148792,0.16051385,-0.08934033,0.009674199,-0.236081,-0.049256876,0.08463778,-0.09981842,-0.19075808,-0.26900256,0.046531066,0.16839631,0.062039442,0.21724099,0.067768335,-0.03997474,0.13146839,0.11033175,0.02600164,0.048976038,0.027754415,0.25840423,-0.26941696,0.17436692,0.024275802,-0.04768847,-0.36145332,0.21995409,-0.037353616,0.11319886,-0.2714437,0.1954172,-0.0124122575,0.22452734,0.35103285,-0.17234841,0.18245475,0.1682432,-0.084644794,0.35867122,0.31228828,0.017427824,0.33492708,0.26153162,-0.008025967,-0.3011935,0.12207719,-0.07782398,-0.11033052,-0.107571416,0.06470109,0.18963659,-0.08891582,-0.106385574,-0.27562037,0.0017198846,-0.018252568,0.55979615,-0.11231914,0.06752834,0.22843403,-0.24744606,-0.05675742,-0.052039668,0.0413569,0.19513598,-0.25274146,0.18554763,-0.5229413,-0.32912746,0.019287877,0.0069963485,-0.05961675,-0.38443527,-0.350957,0.08683689,0.10202558,0.043311913,-0.08241398,0.073808044,0.074471615,0.1278104,0.2217934,-0.031156171,0.018326618,0.23550783,-0.02532703,-0.18784395,0.14199759,0.026440278,0.27001536,-0.1019952,-0.35236603,0.054122586,0.07413107,0.23335949,-0.052576184,-0.2780085,0.07795763,0.0072390363,0.083686665,-0.27042925,0.08823548,0.36257774,0.0054835007,-0.25083205,-0.17235398,0.07272157,0.12894058,0.27018848,0.2499062,-0.16478679,-0.18865144,-0.19945666,-0.24755698,0.14456947,-0.25002894,-0.0035261177,-0.01228901,0.2374267,0.3563201,0.16806889,-0.011222709,0.50170666,-0.014997564,0.165201,-0.29833758,-0.10773123,0.21428898,0.0033219531,0.055643067,0.022077747,0.18671113,0.066771135,0.27934474,0.0061079897,-0.01435215,-0.111834265,0.12293854,-0.2873882,-0.23296681,-0.14150557,0.1679267,0.05222428,-0.021288283,0.025420628,-0.31327918,-0.24213243,-0.0691575,-0.23489457,0.31518543,-0.012556309,-0.15773784,-0.20716858,0.31935033,0.0089043975,-0.17442858,0.0056954436,0.029440787,0.05495704,0.12976652,-0.00968129,-0.038372267,-0.41410327,-0.047070116,0.027046822,0.008583911,-0.08083348,-0.19278567,-0.25454634,0.15102471,0.015086073,0.6051804,0.28312245,0.12983695,-0.012179945,0.22270373,-0.0010689502,0.13270912,-0.38886383,-0.16477387,0.10054935,-0.033562873,0.5150213,-0.3395728,0.038372178,0.042702176,0.06268739,-0.034930803,-0.053049617,-0.006839089,0.21640906,0.29644543,-0.18030527,-0.06705417,-0.20618284,-0.29112005,0.021332938,-0.09152085,0.03422902,0.043134797,0.24059314,-0.24515101,-0.12781096,0.008684394,-0.5420576
1,-0.07506507,0.03210996,0.0151543785,-0.04518722,0.09940697,0.020467788,0.029617563,-0.036541298,0.07701161,0.026879866,-0.022866264,0.0174962,0.04826153,-0.020956095,-0.073590726,-0.046465173,-0.01928213,-0.0755239,0.0009893309,0.044589262,-0.048306078,-0.035301365,-0.01867558,-0.08385217,0.021533977,0.03410305,-0.042799965,-0.051625587,-0.026696377,0.0033073127,-0.06095074,0.09098147,0.07738975,-0.01316449,0.06277692,-0.02455436,0.054628436,0.040606763,-0.08510667,-0.02387108,-0.060831036,-0.027289795,0.03962113,0.064783856,0.052347954,-0.10958183,0.0009931028,-0.0076321457,0.04397871,-0.029682051,0.024337485,-0.058265354,0.0820684,0.0015934892,-0.057026833,-0.023327317,-0.037686493,0.033956457,0.081431866,-0.0083455155,-0.08056689,-0.083452,0.012164056,0.014941147,-0.081088215,0.054480277,-0.013477616,-0.0959532,0.09941608,-0.045014895,0.038604632,-0.061463103,0.062377132,0.020822402,-0.008040034,-0.039368194,0.058085952,-0.008859977,-0.13224137,-0.056201883,-0.014363505,-0.105390415,-0.008131064,-0.043543324,0.018670786,-0.020396557,-0.024956256,-0.059525356,0.0949532,-0.059447706,-0.037986226,-0.03367097,0.016863706,-0.017238233,0.064889185,-0.00092564244,-0.029824315,0.09741902,0.0069451835,0.08479369,-0.0119127855,0.049457997,0.016114632,0.0539926,-0.032918196,-0.034310624,0.080734044,0.024262091,-0.008034695,0.03138357,-0.03771754,-0.02098934,0.03347702,0.112136036,-0.037854433,-0.018000325,0.06840139,0.006245358,-0.038750283,0.022582026,-0.07896078,0.06620036,-0.117069334,-0.07184839,-0.0026098527,-0.0019469261,0.07879869,-0.01588599,-0.02135662,-0.013294145,-0.06436378,-0.029754125,-0.07676323,-0.017058605,-0.102836266,-0.02557471,0.043925844,0.008940726,-0.048284125,-0.045046303,0.016220205,-0.10441004,-0.05594185,-0.018041354,-0.038854588,-0.009264749,-0.06859376,-0.008044867,-0.049994156,-0.0066271946,-0.06311481,-0.003034114,-0.066838995,0.010295095,0.053177036,0.09117674,0.010203028,0.020818274,0.05122525,-0.018433666,0.008145905,0.02272068,0.021431126,0.03059552,0.053340226,-0.06839435,-0.057653233,0.050702766,0.07121976,0.031820815,0.009413045,0.030479904,-0.026610803,0.018919569,0.051662978,-0.019693667,-0.024890307,-0.12080236,-0.04174746,0.10910995,-0.05881389,-0.09914488,0.0664461,-0.084916234,0.049677648,-0.0022629648,0.061970264,-0.03014876,-0.02229473,0.015558137,0.05430995,0.04993945,-0.06575005,0.067071505,0.09056561,-0.056703307,0.010605926,-0.035903916,0.0027853223,0.04840145,0.01682384,0.036043756,0.073808715,0.08101183,0.025516298,-0.014844328,0.056974363,-0.0145913735,0.08710086,-0.05232831,-0.0936057,0.037331186,-0.11437459,0.012217941,0.055253305,0.05315736,0.009567394,0.018855441,0.020006366,0.041094676,-0.012327599,0.028691914,0.0867545,-0.010543237,-0.059359945,0.097883075,-0.018804494,-0.010402212,-0.039512217,-0.0057194615,-0.112565175,0.011882853,0.010672245,0.030784404,0.035267323,-0.062024176,0.05048542,-0.073199406,0.012315519,0.011825776,-0.045645267,-0.024977472,0.01096664,-0.04287301,-0.03211043,-0.025249753,-0.05614978,-0.115698114,-0.011996044,-0.06571819,-0.045459207,0.008317612,0.037433553,-0.027634459,0.024512954,-0.032583304
1,0.71373886,-0.70195657,0.6264951,0.2475455,0.10812719,0.6646182,-0.3403269,0.099339664,-0.5176233,-0.1627162,-0.019836955,0.43060288,-0.0921366,-0.7079308,0.40681943,0.19823147,0.17123303,0.5155609,0.36059785,-0.43676135,0.55456674,0.060421247,-0.7526632,0.2124531,0.35504052,-0.4568147,0.2875675,0.026833266,0.16823795,-0.26469398,0.1565266,-0.35494748,-0.099471346,0.3768571,-0.48999494,-0.057600748,0.42300436,-0.40696862,0.16184598,0.12683763,-0.7772064,-0.1605804,-0.3283184,-0.022341285,0.002314955,0.17561351,-0.22267976,0.09679972,0.29273018,-0.4351452,-0.4242489,0.34562066,-0.2059018,0.027251516,-0.39953107,-0.09114539,0.162909,-0.21004358,-0.3984969,-0.49167824,0.13984263,0.36443925,0.08424882,0.39509156,0.17579685,-0.09371383,0.23849362,0.2479651,-0.024898402,0.12452927,0.041160874,0.51994395,-0.5309587,0.2916408,0.057375625,-0.049741108,-0.7104841,0.3830722,0.008556336,0.254795,-0.47766456,0.42930478,-0.0128145665,0.4347813,0.6347471,-0.29199365,0.34893006,0.33078068,-0.2170842,0.7104348,0.60023504,0.047626987,0.5982648,0.4675147,-0.06665615,-0.5494973,0.2247301,-0.1986506,-0.20159547,-0.23425591,0.118332274,0.31752434,-0.16248362,-0.22294073,-0.47796,0.043478847,-0.06604304,1.000618,-0.18387061,0.12312591,0.44010752,-0.42988327,-0.113508806,-0.16609862,0.09913491,0.35689884,-0.50791293,0.3347468,-0.94102496,-0.6126825,0.083951674,-0.037085842,-0.042760666,-0.6540185,-0.62591547,0.13820219,0.1306659,0.06476736,-0.11181753,0.13843901,0.16610132,0.22171004,0.44717526,-0.04453164,0.10237405,0.46307573,-0.08025001,-0.34194311,0.28157532,0.08448623,0.479861,-0.11538491,-0.60833776,0.101215765,0.16304867,0.43707526,-0.06539194,-0.48679826,0.17293757,-0.0018289387,0.19254926,-0.48537555,0.20457025,0.65818506,-0.03387589,-0.5179894,-0.3182601,0.104379945,0.2020012,0.5140686,0.4417447,-0.3045661,-0.33686674,-0.3951006,-0.47525814,0.32533583,-0.4112677,-0.041202795,-0.064423665,0.4007497,0.63940674,0.26822302,-0.0019550212,0.87821513,-0.06425703,0.312192,-0.5363313,-0.11594338,0.41437614,-0.07527523,0.1465197,0.10390692,0.31442606,0.18739785,0.48187652,0.023853295,-0.086324856,-0.17024854,0.21332383,-0.53587043,-0.46477565,-0.2948203,0.34881943,0.054751858,-0.09178903,0.09213108,-0.59225035,-0.40636742,-0.12294778,-0.4682082,0.5729407,-0.027451077,-0.33223432,-0.43507022,0.5730204,0.03597197,-0.35164827,0.006035421,-0.004447352,0.09973119,0.30317923,-0.027678054,-0.0017555244,-0.7742581,-0.10224902,0.013837516,0.004984595,-0.151855,-0.34373716,-0.49613976,0.27152845,0.009376381,1.0394415,0.50788164,0.26688203,-0.06367251,0.4240593,0.0010477318,0.27645832,-0.7022787,-0.23728956,0.155473,-0.06648094,0.9087369,-0.6468278,0.09640618,0.03502672,0.16225281,-0.08452725,-0.08788599,0.021182764,0.424566,0.5180685,-0.29545617,-0.106081024,-0.35534996,-0.4880445,0.11524187,-0.15190242,0.10643308,0.09415351,0.4333546,-0.477323,-0.20854232,0.0060502645,-0.9846374
1,-0.13377316,0.08929978,-0.04329518,-0.06489753,0.108371325,-0.01944815,0.05796106,-0.041711323,0.1278351,0.03542229,-0.024599753,-0.012384152,0.05461096,0.040178593,-0.11797842,-0.07248723,-0.0356479,-0.12949076,-0.039602317,0.076926485,-0.08762853,-0.038257707,0.03498671,-0.10668226,0.004475292,0.07666054,-0.06815451,-0.06374954,-0.044876747,0.025601562,-0.07933587,0.13346991,0.091671534,-0.052723434,0.103703626,-0.019578328,0.023422837,0.086525045,-0.103401735,-0.031990353,0.008450147,-0.019054327,0.07860623,0.074345306,0.04718006,-0.13045947,0.034190983,-0.008453244,0.025008569,-0.0013854876,0.052071378,-0.088784695,0.116704375,-0.0070291646,-0.032827836,-0.017883208,-0.05850564,0.052457776,0.12435432,0.02856614,-0.09966239,-0.12738334,-0.0012391806,-0.011611958,-0.10705039,0.06914734,-0.035197772,-0.12161472,0.09791182,-0.059702735,0.051151656,-0.11089012,0.109438814,-0.008029863,-0.0097460095,-0.033045612,0.11799213,-0.04730977,-0.15276802,-0.07820909,0.01640923,-0.14809167,-0.0018532202,-0.08022691,-0.024637258,0.005486332,-0.05432455,-0.09893173,0.12687643,-0.120398834,-0.09142176,-0.04472075,-0.022438638,-0.065771624,0.07000894,0.048633844,-0.04599733,0.12314686,0.02022454,0.11564815,-0.02802124,0.026553426,0.028358193,0.08357395,-0.0044112746,-0.038128965,0.10130224,-0.054848675,0.0037526786,0.032615583,-0.08224127,0.012278463,0.05027361,0.12915328,-0.039783757,-0.052711725,0.114811376,-0.0118212765,0.034360304,0.06390386,-0.094522305,0.075708404,-0.13534017,-0.029878203,0.05025558,-0.021000355,0.07897544,-0.028339159,-0.015968807,-0.024777807,-0.08631869,-0.06172825,-0.12644432,-0.020125244,-0.12304237,-0.062164757,0.04567974,0.042180546,-0.08060387,-0.0629877,-0.02455717,-0.10646461,-0.010086659,-0.027127657,-0.04928167,-0.044318244,-0.076197,0.041905083,-0.07832748,-0.009481009,-0.09246121,0.0333611,-0.09446767,-0.03656159,0.065543234,0.14257151,0.038049433,0.0050722063,0.045179382,-0.060317416,-0.025730552,0.05491208,0.05803545,0.06851618,0.10439618,-0.097819395,-0.030348329,0.065003656,0.08554725,-0.006195966,-0.047188055,0.020802148,-0.025940727,-0.056680586,0.06038598,-0.04561686,0.01591109,-0.12242279,-0.07988349,0.13358039,-0.07882956,-0.1239369,0.047503173,-0.10563211,0.016779145,0.0029777177,0.06168394,-0.02277295,-0.048703,0.06002711,0.10355396,0.07849015,-0.09790009,0.06975183,0.117293544,-0.06926839,0.053926565,0.0027763806,0.013403542,0.08188039,-0.025880842,0.05200323,0.11752196,0.115986735,-0.01549864,-0.024968382,0.08452037,-0.01633428,0.09109373,-0.07900685,-0.13137732,0.04940216,-0.11606115,0.07227877,0.07693527,0.061334826,0.0012521483,0.03532762,0.060217183,0.08073917,-0.042706832,0.024312899,0.011536118,-0.056069463,-0.0884696,0.11945166,-0.05152017,-0.016865427,-0.060587324,0.05350592,-0.10932051,0.00012720749,0.022403184,-0.041003276,0.08807024,-0.064481735,0.049768273,-0.09348947,0.014926344,0.022561682,-0.04784186,-0.058831234,-0.03011898,-0.028539423,-0.026187528,-0.0030491091,-0.020160168,-0.13085555,-0.00425883,-0.086119324,-0.061974823,-0.032975044,0.0781865,-0.01897728,0.022384193,0.040325943
1,0.38979682,-0.39221987,0.3715995,0.12930515,0.09723888,0.39286232,-0.18335414,0.045159232,-0.27465403,-0.086832546,-0.020050028,0.25992313,-0.037332162,-0.4248175,0.21394095,0.09741114,0.09877427,0.2665099,0.21534783,-0.23691228,0.30748776,0.023713712,-0.4452824,0.096150786,0.2160186,-0.25340286,0.15725107,0.002200596,0.0900257,-0.15936999,0.068499245,-0.16951767,-0.026161242,0.21160758,-0.26379776,-0.04028296,0.2657981,-0.22626594,0.0657905,0.06553105,-0.4699046,-0.100117564,-0.17495812,0.011697765,0.020138148,0.062329307,-0.13380787,0.060203284,0.18731338,-0.26796743,-0.23452553,0.17763722,-0.09034191,0.009056371,-0.2514575,-0.054885313,0.08567601,-0.10739069,-0.20273705,-0.28613448,0.05100914,0.17750676,0.0567758,0.23481534,0.07074003,-0.04021897,0.13755754,0.113525756,0.015657991,0.05473547,0.03748455,0.27669206,-0.28590652,0.17968442,0.028967902,-0.045973346,-0.3862558,0.22770995,-0.041081723,0.12380186,-0.28638896,0.21198273,-0.012819562,0.23843233,0.374291,-0.18019521,0.1957926,0.17372619,-0.08889176,0.3858736,0.33211786,0.016504891,0.35422337,0.27187812,-0.013287142,-0.31682366,0.12483765,-0.08277406,-0.11840325,-0.11031934,0.064599894,0.20038241,-0.09302261,-0.109573886,-0.29294336,0.008188903,-0.01490991,0.5909637,-0.11531441,0.07536201,0.2402341,-0.2610973,-0.055867776,-0.058580935,0.047133207,0.20501018,-0.27152437,0.19922681,-0.5576363,-0.350151,0.02089452,0.005781036,-0.06526337,-0.40937892,-0.36687365,0.086238995,0.106575035,0.041369505,-0.082145765,0.078212745,0.07617602,0.12554847,0.23248024,-0.034067903,0.022529952,0.25544965,-0.03405158,-0.19712149,0.14462249,0.027879976,0.28339192,-0.105076104,-0.37323162,0.054869954,0.07991766,0.24677128,-0.06103744,-0.2857638,0.08149254,0.003292568,0.08736867,-0.28596905,0.09192927,0.3872135,0.0054849833,-0.26805797,-0.18265985,0.07114491,0.13511486,0.29009807,0.26383397,-0.17126332,-0.19374196,-0.21337368,-0.25858235,0.16111189,-0.2607197,-0.002784934,-0.012995992,0.24713053,0.3743026,0.17608933,-0.011231255,0.52190477,-0.017235443,0.1757874,-0.31704658,-0.110325046,0.22576448,0.0017440021,0.060714424,0.024674311,0.19989082,0.07725187,0.2964261,0.011639066,-0.024664104,-0.11666365,0.12348338,-0.30532628,-0.24683613,-0.15186936,0.17899425,0.057107523,-0.017486326,0.029380217,-0.33817637,-0.25245318,-0.07082622,-0.2566306,0.33623752,-0.00476017,-0.16852489,-0.2247999,0.3403235,0.009173065,-0.18664744,0.0041331537,0.027634095,0.04702732,0.14070675,-0.006285192,-0.03673113,-0.44212338,-0.043876037,0.02759429,0.0067147054,-0.08379382,-0.19538985,-0.27156857,0.15491836,0.014685322,0.63694143,0.29843792,0.13617478,-0.006663006,0.23803106,-0.0043652547,0.1445131,-0.41053408,-0.17649992,0.10007674,-0.033748355,0.53880954,-0.36438164,0.038651336,0.040680006,0.06963272,-0.042150833,-0.050136425,-0.003565561,0.2339423,0.31127205,-0.19171166,-0.073524565,-0.21824089,-0.30418625,0.02800576,-0.097366005,0.036956053,0.044583373,0.2512227,-0.26185757,-0.1356198,0.009698303,-0.5799382
1,0.028868657,-0.04860996,0.09480096,-0.003354082,0.08238077,0.08544776,-0.011077143,-0.017433744,-0.008134043,0.0041924156,-0.019844148,0.07038318,0.028130764,-0.11541082,0.0012627915,-0.011579003,0.016598046,-0.003422521,0.059954166,-0.014609691,0.025560275,-0.022988241,-0.10332136,-0.032678008,0.056836054,-0.029704262,0.007744381,-0.021566678,0.0047533484,-0.04175582,-0.029892161,0.030112606,0.05287773,0.03610392,-0.012899093,-0.025074791,0.09465608,-0.030044213,-0.04891131,-0.0041447068,-0.14146245,-0.030861147,-0.00658839,0.050066672,0.04657484,-0.06401671,-0.039620448,0.014127986,0.07056141,-0.08107419,-0.020207552,-0.010121476,0.028851626,-0.0046257637,-0.08773781,-0.018960096,-0.00037982315,0.0054521374,0.011171967,-0.05944373,-0.048239425,-0.022239726,0.032544404,0.05506415,-0.04432014,0.020440765,0.028252557,-0.037277225,0.07133285,-0.022183381,0.026466854,0.009492334,-0.0156128,0.058822006,-0.0016809031,-0.047129616,-0.028880201,0.057654217,-0.09001666,-0.020917755,-0.07001038,-0.029920872,-0.018876404,0.018602282,0.08423815,-0.057491947,0.02412875,0.0061915796,0.048280936,0.025331534,0.036367588,-0.014347644,0.08502493,0.059647232,0.047875557,-0.06436474,0.011875885,0.047327545,-0.02232914,0.025902843,0.0114482585,0.07684888,-0.013412338,0.012739452,-0.08357732,-0.03189472,0.041766796,0.13889837,-0.036992915,0.020730205,0.020523384,-0.07120357,0.0032198094,0.06587065,-0.015843198,0.035362836,-0.0057791173,0.045113456,-0.13644718,-0.05516707,-0.04890908,0.05247807,-0.087028064,-0.13624811,-0.0830608,0.030948674,0.07690513,0.013345584,-0.046849955,0.00792077,-0.022513684,0.025423864,-0.001671154,-0.018270817,-0.06555909,0.023754913,0.024368152,-0.038219877,-0.0015292726,-0.025587587,0.07030518,-0.095541656,-0.11673142,0.0033646636,-0.014697164,0.038683385,-0.051851027,-0.074150875,-0.014630254,0.009415656,-0.022723287,-0.06620459,-0.029151397,0.08350964,0.04539867,0.010161649,-0.031914435,0.03917769,0.058569465,0.044385884,0.06356656,-0.025746677,-0.035627298,-0.017110758,-0.024495903,-0.02369342,-0.09445046,0.03579822,0.0432223,0.08032952,0.08704441,0.06735362,-0.021570902,0.13115987,0.0338273,0.026082724,-0.077469006,-0.106485255,0.017739112,0.08047762,-0.03277763,-0.059931606,0.07597318,-0.048417777,0.09299344,-0.0059936773,0.05238884,-0.053860534,0.026748952,-0.048699442,-0.008570015,0.006497696,-0.009143032,0.05774271,0.054756165,-0.03630287,-0.05566163,-0.085089855,-0.014509253,-0.015926214,0.07449191,0.015425218,0.010117296,0.011136722,0.083984755,-0.015286274,2.9690564e-05,-0.000847416,0.064870104,-0.005551031,-0.037606783,0.016541164,-0.08412832,-0.074901424,0.018090285,0.042163115,0.012785818,-0.009732851,-0.03525033,-0.02157683,0.029853232,0.025590256,0.18986782,0.06489701,-0.00644134,0.051862296,0.033375744,-0.008148525,-0.0020601861,-0.0907415,-0.10499658,0.037762947,-0.005166889,0.1327115,-0.047967482,-0.0315808,0.047626182,-0.035946697,0.008118417,-0.009728039,-0.03394617,0.02622395,0.08255239,-0.07031007,-0.035837576,-0.06471676,-0.10355632,-0.07548558,-0.03385128,-0.03471491,-0.012621529,0.055266503,-0.022345815,-0.05372062,0.017345855,-0.13021015
0,0.08280426,-0.092149824,0.1331777,0.016267313,0.0821695,0.120588005,-0.029283732,-0.008899862,-0.044572517,-0.007568186,-0.0192222,0.092442185,0.017302688,-0.1597011,0.036331378,0.0047077276,0.030868962,0.030272976,0.08462743,-0.043682422,0.0627403,-0.015270701,-0.14621405,-0.011382731,0.07573256,-0.059347577,0.031792052,-0.014405092,0.017242167,-0.057253044,-0.017196763,0.0025413036,0.04217057,0.060381945,-0.048710324,-0.024828408,0.11615302,-0.061218873,-0.032309093,0.004225758,-0.18307646,-0.0372665,-0.030803649,0.045797054,0.042363923,-0.043925725,-0.056245614,0.021520536,0.084546685,-0.1040637,-0.045331784,0.011318587,0.009514496,-0.0031042509,-0.10472317,-0.018953785,0.0149103245,-0.00834991,-0.018970788,-0.08692769,-0.03331878,0.0055294186,0.039777014,0.07433812,-0.025073245,0.009138211,0.043340348,-0.009855993,0.064785875,-0.012487479,0.022394063,0.043583203,-0.054286215,0.076818466,-0.00016812421,-0.046590015,-0.074407436,0.08506112,-0.07873352,-0.003272105,-0.09938569,0.0025703162,-0.015695322,0.05004053,0.11991169,-0.07412282,0.045516666,0.032631215,0.026829269,0.072243705,0.07471056,-0.008965416,0.118728384,0.09139797,0.0394672,-0.09801977,0.031724796,0.025582422,-0.035196472,0.0011264086,0.020012962,0.0893563,-0.025906108,-0.0067977794,-0.10950661,-0.030380502,0.027186973,0.19763954,-0.05068957,0.022669032,0.050926216,-0.09720472,-0.0070953947,0.04622098,-0.0069029927,0.06044349,-0.04257375,0.0642176,-0.18658799,-0.094998375,-0.03575656,0.04483827,-0.07953773,-0.1682621,-0.123114415,0.042064954,0.079280496,0.022355419,-0.05550715,0.018994445,-0.0054080905,0.045794208,0.033231523,-0.02096505,-0.050860018,0.05050579,0.017574593,-0.060598202,0.02194573,-0.019756515,0.09866804,-0.09427248,-0.14630772,0.011239028,-0.0009852163,0.06524461,-0.046801582,-0.10395569,-0.00047681108,0.012404032,-0.0073841773,-0.09570685,-0.010458007,0.1215362,0.03974417,-0.028669104,-0.051632456,0.0442737,0.06820313,0.073252186,0.09097249,-0.048499253,-0.06154985,-0.04118421,-0.058114056,-0.0019792132,-0.11613078,0.028530315,0.03351871,0.10322873,0.12373203,0.08414392,-0.020474058,0.1877571,0.027620455,0.044789057,-0.10493995,-0.10396092,0.04757087,0.06924524,-0.020526063,-0.047255706,0.08656068,-0.032785766,0.11669112,-0.005172182,0.044429675,-0.063957684,0.045284357,-0.083560795,-0.040856935,-0.016488604,0.01798794,0.053748764,0.041737992,-0.028122582,-0.088068634,-0.10735585,-0.023357686,-0.04475581,0.1071028,0.0062916097,-0.013771366,-0.019044843,0.11393474,-0.012180585,-0.028107032,0.0024174266,0.057509713,0.010166328,-0.012775917,0.009742941,-0.07268676,-0.1208769,0.0040630735,0.03892943,0.011928689,-0.020121176,-0.06220535,-0.055971667,0.050025895,0.021796338,0.24847162,0.09834841,0.01563919,0.036316525,0.059063394,-0.004822321,0.015871782,-0.13288888,-0.10947977,0.049662896,-0.008595937,0.1884609,-0.08912927,-0.015850883,0.04846757,-0.020072974,0.0042051934,-0.01939982,-0.029201059,0.050529055,0.11330133,-0.08516118,-0.037685756,-0.08391861,-0.12925178,-0.05814102,-0.043063197,-0.024978913,-0.00070873694,0.08068387,-0.053236682,-0.06329242,0.013197071,-0.18401735
1,0.7966886,-0.78153384,0.69125336,0.27780232,0.11177592,0.73554236,-0.380395,0.11395361,-0.5789524,-0.1834189,-0.02007886,0.47432435,-0.10615169,-0.77916735,0.45590067,0.22353269,0.18969658,0.5791152,0.3963742,-0.4879953,0.61877173,0.07048532,-0.83169127,0.24208553,0.39146832,-0.50892323,0.32127333,0.032320112,0.18822594,-0.2915262,0.17889911,-0.40192685,-0.11788237,0.41773814,-0.54790944,-0.06145489,0.4630387,-0.452072,0.18696484,0.14281878,-0.8551721,-0.17646411,-0.36747748,-0.03093006,-0.0030208528,0.20457454,-0.24456304,0.10632963,0.3196234,-0.478469,-0.47355983,0.38864288,-0.23424661,0.03146382,-0.43760324,-0.10019253,0.18285272,-0.23669851,-0.44807586,-0.54438895,0.16279724,0.41128516,0.09071613,0.43639717,0.20252402,-0.107058816,0.2633785,0.28279826,-0.035617866,0.14238924,0.04288669,0.58220553,-0.5933796,0.31997064,0.064389534,-0.049818825,-0.7937049,0.42197162,0.020168632,0.2885986,-0.52741194,0.48498327,-0.011547849,0.48533076,0.7018285,-0.32014632,0.38855803,0.3700642,-0.24922243,0.7934942,0.6688058,0.055040255,0.6610682,0.5166469,-0.08052961,-0.60862327,0.250697,-0.2282461,-0.22303884,-0.26572016,0.13153856,0.3469309,-0.1805124,-0.251763,-0.5259624,0.052944034,-0.07839826,1.1054745,-0.20169535,0.13653119,0.49162275,-0.47314665,-0.12750286,-0.19409359,0.11302398,0.3956044,-0.56871265,0.37003145,-1.0385028,-0.6805366,0.09967216,-0.047909405,-0.03765099,-0.71679497,-0.69171834,0.15073684,0.13735107,0.070316344,-0.11930571,0.15407243,0.18870193,0.24495806,0.5012373,-0.047472764,0.12214352,0.51662725,-0.092478186,-0.37895414,0.31628138,0.09795426,0.52946424,-0.11813742,-0.6681067,0.11342141,0.1847184,0.48602432,-0.06697522,-0.5371541,0.1954648,-0.0040319264,0.2187708,-0.5358193,0.23313914,0.7283124,-0.044111446,-0.58188343,-0.3530004,0.11227026,0.21979222,0.5710598,0.4878081,-0.33790755,-0.37320137,-0.44093633,-0.52984923,0.36742464,-0.4498734,-0.050115418,-0.07731472,0.43955687,0.70643705,0.29220015,0.0004967712,0.96926975,-0.076817304,0.34693182,-0.59261906,-0.117357254,0.46262452,-0.09417342,0.16840808,0.1232445,0.3435213,0.21589214,0.5291748,0.02712332,-0.10343315,-0.18399782,0.23537779,-0.5947722,-0.5203987,-0.33108,0.39215547,0.0543952,-0.109776996,0.10784088,-0.65764827,-0.44537142,-0.13625248,-0.52293676,0.63353616,-0.033001475,-0.37325996,-0.4891402,0.6324679,0.042042702,-0.39403754,0.006747756,-0.012612004,0.11215226,0.34416184,-0.032830898,0.008051939,-0.85913503,-0.11652326,0.010429196,0.0038105063,-0.16912918,-0.3812922,-0.55374354,0.3007045,0.007183213,1.1429862,0.5611407,0.30000755,-0.07704511,0.4716925,0.0022721565,0.3102136,-0.77636546,-0.25380898,0.17008573,-0.074090265,1.0036576,-0.7192568,0.11183116,0.033465527,0.185805,-0.09598749,-0.09744572,0.027528562,0.47275946,0.5708925,-0.32280564,-0.11480561,-0.39063898,-0.53503525,0.13776301,-0.16539092,0.123363435,0.106254295,0.4798055,-0.53274304,-0.22730774,0.004388448,-1.0885456
1,0.7790088,-0.7639542,0.67737895,0.2712654,0.11091904,0.7195814,-0.3713258,0.110992074,-0.56552273,-0.178954,-0.019995429,0.4645649,-0.10310935,-0.7637509,0.44571558,0.21824636,0.18590753,0.56555027,0.38856542,-0.4766293,0.60473603,0.06850991,-0.8142255,0.23604335,0.38333344,-0.49761608,0.314381,0.0313705,0.18412325,-0.2856593,0.17380226,-0.391838,-0.11386278,0.40873057,-0.53547996,-0.06049217,0.45411986,-0.44251767,0.18136773,0.13929892,-0.83810216,-0.1727187,-0.3590306,-0.028951708,-0.0017315149,0.19838275,-0.24012192,0.10440043,0.31362602,-0.46890408,-0.4624835,0.37889007,-0.22843963,0.030559052,-0.4290803,-0.09788141,0.1789754,-0.230979,-0.43731442,-0.53278846,0.15794118,0.40114564,0.089759104,0.42704046,0.19715787,-0.10451829,0.2580077,0.27591616,-0.032862753,0.13849781,0.04193485,0.5685814,-0.57978207,0.31383753,0.062633224,-0.04974814,-0.77549106,0.41356528,0.017994449,0.2811395,-0.5168257,0.47270584,-0.011436485,0.47457623,0.68700564,-0.3138854,0.37982896,0.361696,-0.24245325,0.77505565,0.65388423,0.053674996,0.64733416,0.50584567,-0.07738044,-0.5956005,0.24565785,-0.22209913,-0.2183312,-0.25919026,0.12875804,0.34010074,-0.17675726,-0.24580617,-0.5153238,0.050639197,-0.076197125,1.0824901,-0.19802046,0.1335994,0.48064345,-0.46369514,-0.12470625,-0.18828315,0.11009015,0.38729,-0.5554089,0.3621405,-1.0163966,-0.6657884,0.09630776,-0.045830164,-0.038341228,-0.7024997,-0.6775299,0.14835274,0.13585056,0.06942937,-0.11787507,0.15070409,0.18414219,0.24029551,0.48975718,-0.046868224,0.11764817,0.50466204,-0.08951737,-0.37088618,0.30928797,0.09494732,0.518518,-0.11733398,-0.65453804,0.11121248,0.18026575,0.47543895,-0.06628521,-0.52629435,0.19055548,-0.00335972,0.21321294,-0.524512,0.22722818,0.7126272,-0.042083465,-0.56812173,-0.34543872,0.11074213,0.21604806,0.5581206,0.47767738,-0.33071315,-0.36560076,-0.43061364,-0.5181066,0.3579452,-0.44154555,-0.048131745,-0.07460329,0.43101692,0.69162035,0.2869117,4.5586377e-05,0.9498156,-0.0743956,0.33921975,-0.5800235,-0.116903394,0.45222676,-0.090220824,0.163749,0.11908684,0.33675033,0.20953664,0.5185287,0.026003834,-0.09950003,-0.18094297,0.23084137,-0.5818014,-0.5084193,-0.3230576,0.38280386,0.054067373,-0.106296204,0.104307115,-0.6429382,-0.43681297,-0.13357718,-0.5105734,0.61999685,-0.032394774,-0.3641754,-0.47734278,0.6192809,0.040628478,-0.3848355,0.006765429,-0.010776218,0.109996356,0.33511004,-0.03205366,0.0061505474,-0.8402603,-0.11393788,0.011196747,0.0040306263,-0.16551997,-0.3737658,-0.54116243,0.29443502,0.0074211843,1.1201707,0.54934746,0.29293302,-0.07472688,0.46118975,0.0022373474,0.30257732,-0.7599808,-0.24981429,0.16745803,-0.072165824,0.98319036,-0.7030117,0.10918221,0.033901073,0.1806311,-0.0932404,-0.09581984,0.025959205,0.46176627,0.5593115,-0.31675324,-0.11259883,-0.3830027,-0.5247272,0.1329054,-0.16223319,0.11961602,0.10361909,0.46982744,-0.52071124,-0.22299865,0.004557878,-1.0650693
1,0.26643676,-0.26669303,0.27833307,0.084199406,0.0877493,0.27460155,-0.11770534,0.023704473,-0.18292096,-0.052357018,-0.018937826,0.18862745,-0.013802603,-0.319544,0.14663097,0.062571794,0.073398046,0.17273618,0.16548465,-0.15579921,0.2052885,0.008877821,-0.31837583,0.05634728,0.15456145,-0.17451248,0.107677065,-0.0002157056,0.062680565,-0.1194309,0.03161955,-0.10147373,0.0017616116,0.15145782,-0.17661989,-0.032862898,0.20512731,-0.16325468,0.023186639,0.039479304,-0.3571244,-0.0710036,-0.11816712,0.02579951,0.032342304,0.02059336,-0.107559,0.043176226,0.14346802,-0.19910006,-0.15268032,0.10630933,-0.05488733,0.0039714538,-0.18917467,-0.03724151,0.06096421,-0.06754355,-0.13061279,-0.20293526,0.018177114,0.110403106,0.05565898,0.16542809,0.03492016,-0.022367649,0.100651525,0.06728305,0.04136928,0.026574414,0.0230507,0.1818379,-0.19219647,0.14001593,0.014638379,-0.048110977,-0.25711963,0.17270988,-0.04981648,0.071580626,-0.21012075,0.12660855,-0.013132773,0.1619117,0.26642045,-0.13745952,0.13390173,0.12035431,-0.045979936,0.25440577,0.22717853,0.009815928,0.2568552,0.20150855,0.009158459,-0.2287739,0.09046788,-0.04088974,-0.08275271,-0.06990839,0.049149998,0.15263331,-0.06685625,-0.07231794,-0.21558347,-0.00886175,-0.003440844,0.4288231,-0.09028724,0.050740074,0.16599362,-0.19297244,-0.040360287,-0.017130636,0.023061542,0.14686996,-0.17626211,0.14100432,-0.39958563,-0.24404988,-0.0009135008,0.021053478,-0.06533326,-0.3043574,-0.26878017,0.07186699,0.09325975,0.037101455,-0.07393788,0.05440699,0.046215188,0.09960383,0.15447898,-0.026913527,-0.0074604824,0.16818394,-0.009062272,-0.1430402,0.09986293,0.010350108,0.20805141,-0.09830478,-0.27750498,0.03983899,0.047321007,0.17216787,-0.04789596,-0.21608898,0.05006582,0.0105343945,0.051682234,-0.20657799,0.05378453,0.27490485,0.016546559,-0.1711987,-0.12947796,0.065088466,0.10770029,0.19818254,0.1927602,-0.123592734,-0.14377245,-0.14287338,-0.18112768,0.09085588,-0.20128736,0.0067882873,0.0028087646,0.18951073,0.27308834,0.13763686,-0.014431678,0.3903488,-0.00039452687,0.12138924,-0.2277244,-0.10463642,0.1550339,0.02654814,0.027904332,-0.0016564205,0.1491951,0.031156275,0.21938823,0.00049747154,0.007737875,-0.09381175,0.09569581,-0.21350423,-0.16375908,-0.09636544,0.113525346,0.05195863,-0.0017974451,0.0064525157,-0.23040181,-0.19432122,-0.05295029,-0.1664939,0.23937717,-0.007928768,-0.106519565,-0.14004356,0.2444927,0.0009313524,-0.12092767,0.005653683,0.040198226,0.041853826,0.078992985,-0.0040638926,-0.05049266,-0.30721843,-0.030508876,0.030184925,0.010422394,-0.060097065,-0.14744388,-0.18230416,0.115799606,0.017485254,0.47658035,0.21617453,0.08867952,0.00348055,0.16236703,-0.002227236,0.08949799,-0.2962694,-0.14315206,0.083221234,-0.025528606,0.39880878,-0.24795142,0.019270655,0.044671886,0.03362117,-0.020659678,-0.041875333,-0.015849734,0.15477717,0.23014805,-0.14571398,-0.055931147,-0.1613476,-0.23319632,-0.0064495243,-0.072861195,0.013385963,0.027913287,0.18388057,-0.17580473,-0.10313685,0.009891361,-0.41128284
0,-0.010077786,-0.013280053,0.06452124,-0.018161602,0.08185084,0.055710863,0.0074870214,-0.023632504,0.02108724,0.013437141,-0.01980592,0.04923822,0.034596503,-0.08145687,-0.022483751,-0.024400242,0.00749279,-0.032815695,0.043623347,0.0076698847,-0.0040590093,-0.026793638,-0.067591995,-0.049064636,0.04043596,-0.005178055,-0.009717168,-0.026374357,-0.006206925,-0.028989341,-0.039699636,0.051822737,0.06117621,0.017435227,0.015000317,-0.02352332,0.076511934,-0.008290514,-0.062143464,-0.010969408,-0.10568687,-0.024689361,0.010916283,0.05480682,0.049069874,-0.07740225,-0.028194373,0.009826187,0.058604542,-0.06257772,0.0006828848,-0.029456645,0.04275284,-0.005718507,-0.07125674,-0.014924649,-0.011370273,0.017577756,0.033750657,-0.035752762,-0.059003964,-0.04557787,0.028602935,0.037225276,-0.056285344,0.027257886,0.016476242,-0.05472587,0.07619322,-0.030489724,0.0270674,-0.019817501,0.013109107,0.045249246,-0.0045117103,-0.047525905,0.0085046105,0.03942998,-0.09698284,-0.03482566,-0.047965318,-0.056758173,-0.018093415,-0.0054527894,0.05481469,-0.044842124,0.006193513,-0.012476764,0.063435666,-0.01146204,0.0065575168,-0.018387929,0.056600004,0.035296172,0.054688267,-0.037905008,-0.001980575,0.061299093,-0.012545397,0.04158252,0.0052350024,0.06399725,-0.004823353,0.025947653,-0.062473148,-0.035010524,0.049729303,0.09113645,-0.027995706,0.016536843,-0.0025152694,-0.05168977,0.011599805,0.07950559,-0.02182227,0.016121697,0.022364449,0.029085,-0.09238013,-0.02474066,-0.057745643,0.059002854,-0.09235439,-0.10824843,-0.052227415,0.025093235,0.075877815,0.010077756,-0.04295425,0.0012481934,-0.03385696,0.013867108,-0.02854238,-0.016652908,-0.07484895,8.672848e-05,0.03013276,-0.021630563,-0.018846504,-0.032234374,0.047355518,-0.09514076,-0.08989212,-0.002734664,-0.023495894,0.01664842,-0.05305843,-0.051056586,-0.02537908,0.009135466,-0.037572972,-0.04288062,-0.043111816,0.05380993,0.051641185,0.03896278,-0.015191432,0.03403802,0.05063904,0.018975984,0.04188934,-0.009127825,-0.017054103,0.0024040043,0.0010077208,-0.04217623,-0.07707728,0.040913492,0.051137317,0.061583236,0.055415988,0.055999108,-0.02291806,0.08999781,0.039360642,0.009635283,-0.052775957,-0.10711999,-0.005310178,0.09006693,-0.043024898,-0.06953561,0.06272056,-0.061716013,0.072148494,-0.005797958,0.058878977,-0.045988187,0.013858263,-0.023510061,0.016461028,0.023023915,-0.028512564,0.058624666,0.06299887,-0.04367648,-0.027578603,-0.067123294,-0.0071723443,0.008708073,0.048686877,0.01836671,0.029265791,0.035452597,0.057693146,-0.016352631,0.018966658,-0.0034727473,0.06905865,-0.0151336305,-0.057859957,0.02153701,-0.08923754,-0.036700927,0.0256088,0.044121742,0.012199121,-0.0016600881,-0.017059827,0.0039553754,0.01585368,0.025921406,0.14332433,0.039684895,-0.02309201,0.059228733,0.012912337,-0.008542869,-0.017060135,-0.056604687,-0.0994537,0.029864509,-0.00015362632,0.09009865,-0.01500598,-0.039905783,0.04986754,-0.046799712,0.012773082,-0.0045038722,-0.03729383,0.0056634545,0.058039967,-0.058483273,-0.032712817,-0.04797429,-0.082393855,-0.08659501,-0.026507273,-0.043271102,-0.019332638,0.0333857,0.002485998,-0.04487603,0.017532384,-0.084926024
0,-0.10809302,0.07034906,-0.020515006,-0.05359537,0.091841154,-0.0040486082,0.050266944,-0.034928847,0.100164644,0.023574218,-0.023489658,0.0004353989,0.04782204,0.011859763,-0.09049404,-0.061017975,-0.020434765,-0.11193679,-0.010682175,0.056035146,-0.0697481,-0.035488293,0.0113819875,-0.08978528,0.009911099,0.05729285,-0.05274953,-0.04576343,-0.033096105,0.0024859495,-0.067732364,0.11493416,0.08236867,-0.04136712,0.07801511,-0.018860724,0.029457182,0.061539542,-0.08937557,-0.020330317,-0.009703873,-0.010670785,0.06451124,0.063746125,0.046319805,-0.11360257,0.018586025,0.003497349,0.030887872,-0.019724967,0.04840678,-0.07738287,0.09052044,-0.013780758,-0.033252575,-0.010327101,-0.039864637,0.045610286,0.10125677,0.019177318,-0.08721279,-0.1048419,0.008477394,-0.0013574921,-0.09596944,0.053362213,-0.015634252,-0.098819666,0.08210046,-0.05066022,0.044970766,-0.08972907,0.08956675,0.004569873,-0.0052082287,-0.041820265,0.09925034,-0.018129699,-0.12857416,-0.074354574,0.003603639,-0.12380232,-0.013769883,-0.060225554,-0.013984245,-0.004856482,-0.03915179,-0.070945665,0.115272656,-0.10194658,-0.07494968,-0.035757367,-0.0049831793,-0.035636015,0.063448735,0.035513975,-0.033990066,0.10063192,0.013036523,0.085079536,-0.016283328,0.031210907,0.016217647,0.070336744,-0.017515669,-0.04179842,0.08255775,-0.028697481,-0.0078006014,0.019548047,-0.07129184,-0.0067618284,0.03129325,0.11279892,-0.029130086,-0.035663135,0.09138171,0.002273894,0.015723113,0.04402516,-0.08506356,0.070438296,-0.118698426,-0.049567774,0.028291132,0.0014387183,0.07597025,-0.009146187,-0.030488456,-0.016860815,-0.069728985,-0.02776089,-0.10289137,-0.019392781,-0.10857403,-0.056726735,0.0349301,0.02669084,-0.070169546,-0.05532189,-0.012409637,-0.10013965,-0.023424316,-0.01884634,-0.04370521,-0.03238505,-0.06648807,0.02177153,-0.065045536,-0.0029036477,-0.07980937,0.014716302,-0.08495149,-0.016304461,0.06853305,0.11432484,0.02251073,0.014571648,0.035640478,-0.04300396,-0.009198315,0.039222963,0.039336197,0.061066046,0.074523434,-0.0846865,-0.035115756,0.060584687,0.0708223,0.006896995,-0.032237675,0.029792573,-0.0238344,-0.025597166,0.052315917,-0.026808884,0.008398529,-0.11536962,-0.06712682,0.12484065,-0.06834935,-0.10335815,0.036904827,-0.0958288,0.02645272,-0.0011631846,0.06251942,-0.030847598,-0.021175645,0.041831955,0.08574825,0.06470491,-0.07747947,0.06203389,0.10364148,-0.062741935,0.035582557,-0.016083047,0.007872691,0.06606836,-0.013120826,0.04186147,0.087211534,0.092089936,-0.0006616027,-0.023915337,0.06286544,-0.007566165,0.07724275,-0.052923076,-0.10950874,0.04296642,-0.10007469,0.056926787,0.060211413,0.055842325,0.0007816795,0.025182214,0.042927478,0.06418688,-0.028528742,0.0244539,0.02523289,-0.030045543,-0.06678435,0.09488425,-0.037973747,-0.015385486,-0.053796843,0.027605671,-0.09762614,0.011356581,0.015547954,-0.021829195,0.061204668,-0.05168998,0.04252049,-0.08006644,0.016728329,0.011167025,-0.041380625,-0.041974664,-0.002557896,-0.033066273,-0.024915675,-0.012059731,-0.031008622,-0.11304775,-0.008151732,-0.07225642,-0.040412385,-0.028517582,0.063550875,-0.03105471,0.019466553,0.02526151
1,0.81421584,-0.7993512,0.70509785,0.28436124,0.11291379,0.75177664,-0.38981915,0.11678608,-0.59241915,-0.1876116,-0.020151779,0.4842968,-0.10932713,-0.7948374,0.46569002,0.22897325,0.19326651,0.59286934,0.40411937,-0.49953386,0.63288325,0.07244228,-0.8494364,0.24785884,0.39964384,-0.5203338,0.32809156,0.03300284,0.19223167,-0.29740465,0.18407425,-0.4116952,-0.12204251,0.4271134,-0.5602713,-0.06258674,0.47192308,-0.46155956,0.19261111,0.14643863,-0.8723292,-0.1804514,-0.37563193,-0.03298818,-0.004191242,0.21032746,-0.24865203,0.10837668,0.32581195,-0.48799938,-0.48472425,0.3987721,-0.23980731,0.032322887,-0.44657737,-0.10297695,0.18638846,-0.24236044,-0.45862016,-0.5562045,0.1676314,0.42145675,0.0911219,0.4461317,0.20767133,-0.109462,0.26916078,0.28898093,-0.03868583,0.14645073,0.04422247,0.59582955,-0.6068706,0.32577917,0.06652001,-0.049862485,-0.8120546,0.43016726,0.022072747,0.29608625,-0.5380014,0.49718845,-0.011980407,0.49586618,0.71695966,-0.32643113,0.39722148,0.37803423,-0.25580344,0.8123611,0.6840147,0.056422114,0.67501676,0.52717036,-0.08359469,-0.6215812,0.25538772,-0.23420522,-0.22783242,-0.2716142,0.1339844,0.35399663,-0.18420571,-0.2571022,-0.5366781,0.055358946,-0.08024176,1.1286536,-0.20505145,0.13977042,0.5022173,-0.48279595,-0.13017797,-0.19965172,0.1159036,0.403944,-0.5820584,0.37810495,-1.0613426,-0.6953492,0.10280474,-0.050028887,-0.037334785,-0.7315155,-0.7060276,0.1529884,0.1390154,0.070943564,-0.12054776,0.15748015,0.19307317,0.24926125,0.51273817,-0.048209984,0.12617783,0.5289309,-0.09559916,-0.38685277,0.32298183,0.101172164,0.540641,-0.11911254,-0.6820537,0.11541243,0.18918419,0.4968509,-0.068517074,-0.54783374,0.20029283,-0.00482494,0.22413436,-0.5473765,0.23875143,0.7440543,-0.045932047,-0.59579253,-0.3609031,0.11372685,0.22365569,0.5842663,0.49767599,-0.34507197,-0.38045895,-0.45152283,-0.54151136,0.37735602,-0.45852888,-0.052005183,-0.0797787,0.4481576,0.7213835,0.29748785,0.0009816177,0.98843056,-0.07887347,0.35482967,-0.6053497,-0.1181597,0.4728713,-0.09802841,0.17314154,0.12734735,0.3510187,0.22230625,0.54035187,0.028601594,-0.107358485,-0.18700816,0.2396451,-0.607979,-0.5323241,-0.33919695,0.40159053,0.05482571,-0.11289985,0.11144251,-0.67274684,-0.45398608,-0.13884096,-0.5355145,0.64742285,-0.03272242,-0.3824121,-0.50092703,0.6462342,0.04377304,-0.40321252,0.0064547844,-0.014157813,0.11358644,0.35337588,-0.03324612,0.009484354,-0.8785179,-0.1186954,0.009876639,0.0036890917,-0.17262594,-0.38853034,-0.5664588,0.30670178,0.0073426105,1.1658471,0.572739,0.30688962,-0.07903673,0.48233777,0.0019630915,0.31803596,-0.7930369,-0.25814593,0.17229885,-0.0756549,1.0240272,-0.7358037,0.11414464,0.032839734,0.19102728,-0.09877532,-0.09869862,0.029072825,0.48416445,0.5823979,-0.3289185,-0.117022984,-0.3986589,-0.5454087,0.14245348,-0.16875607,0.12705025,0.10885424,0.48967215,-0.5450186,-0.23160294,0.0047563016,-1.1126264
1,0.65855724,-0.65070003,0.58422846,0.22738858,0.10692628,0.6192787,-0.315303,0.089677215,-0.47695023,-0.14883111,-0.01985795,0.4022722,-0.08177012,-0.6606812,0.37326336,0.18136182,0.15793905,0.47518963,0.33632052,-0.40306583,0.51195186,0.052863073,-0.70126665,0.19147395,0.33105275,-0.42280942,0.26446888,0.022305526,0.15453322,-0.2463494,0.14117652,-0.32423872,-0.08717713,0.35064843,-0.4516757,-0.055648666,0.39772147,-0.376363,0.1442338,0.11593318,-0.7282211,-0.15140496,-0.3027235,-0.016207393,0.006614629,0.15570506,-0.20775492,0.08913808,0.27517083,-0.40699768,-0.3930184,0.31791165,-0.18631385,0.025183674,-0.3765099,-0.08606812,0.14896421,-0.19303094,-0.36581886,-0.45804587,0.12441887,0.33369613,0.07948839,0.3686303,0.15753178,-0.08313354,0.22190785,0.22322103,-0.01627747,0.112832576,0.040526625,0.47923538,-0.48983377,0.27298477,0.052638955,-0.049706418,-0.65673214,0.35627013,-5.90086e-06,0.23334964,-0.4449936,0.39273268,-0.013741426,0.40060735,0.59227604,-0.27390382,0.32282084,0.3041467,-0.19600624,0.65701735,0.5562178,0.04246457,0.55786276,0.4344171,-0.0572209,-0.5115831,0.2061321,-0.17772397,-0.18707849,-0.2118186,0.109198235,0.29967546,-0.14983523,-0.20423219,-0.44685596,0.038144015,-0.055809453,0.9328223,-0.17083332,0.11651467,0.4071357,-0.4004754,-0.10347674,-0.14619797,0.08895992,0.33116555,-0.4676824,0.31138408,-0.8788316,-0.56870943,0.07309819,-0.029632013,-0.047536876,-0.6137744,-0.5826795,0.12847432,0.127039,0.05880671,-0.10560268,0.12809955,0.15034358,0.20465688,0.4112469,-0.04223686,0.088033214,0.4289016,-0.07128468,-0.31795883,0.2588324,0.07658623,0.4483047,-0.11472209,-0.57065666,0.09285556,0.14882019,0.4062446,-0.06528711,-0.45409262,0.15803531,-0.0017228946,0.17520896,-0.45182696,0.18586048,0.61310196,-0.02782239,-0.47604018,-0.2959297,0.09956769,0.19088916,0.47721523,0.4111503,-0.2818965,-0.31194043,-0.36640984,-0.43942758,0.29797938,-0.3867479,-0.03532551,-0.055398297,0.37578925,0.5964241,0.25160974,-0.0033835955,0.81865585,-0.056363426,0.28934565,-0.5011496,-0.11604091,0.382698,-0.06316537,0.13238813,0.09056424,0.29724884,0.16899201,0.45213187,0.022064514,-0.07494716,-0.159956,0.19677883,-0.49757344,-0.4291047,-0.27084962,0.32006907,0.05599291,-0.08051913,0.08192675,-0.5505211,-0.38128015,-0.11377995,-0.43323815,0.5338363,-0.022716591,-0.30468318,-0.39908925,0.5352545,0.032893986,-0.3230439,0.004366476,0.002358634,0.08943283,0.27592054,-0.023602333,-0.010368101,-0.7199987,-0.091651596,0.01594057,0.0061826296,-0.14039418,-0.31847146,-0.45865673,0.2518573,0.011729483,0.973058,0.4719985,0.24406502,-0.05316219,0.39303523,-0.00012246193,0.25437856,-0.6542042,-0.22766045,0.14474598,-0.06156237,0.84774363,-0.59905016,0.08410689,0.036234125,0.14630961,-0.07758228,-0.080783606,0.01627301,0.39371964,0.48308563,-0.2775503,-0.100766316,-0.33236316,-0.45786384,0.09887585,-0.14242227,0.09488352,0.08457019,0.4042295,-0.44183373,-0.19531104,0.007845972,-0.91905373
1,0.7219155,-0.70939624,0.6319513,0.25019076,0.110101536,0.6717881,-0.3438887,0.10106391,-0.5220076,-0.16500363,-0.020124402,0.4343887,-0.09380842,-0.71362025,0.4109194,0.20013158,0.1723367,0.5216559,0.36215377,-0.44114998,0.56068546,0.06189977,-0.7599867,0.21553148,0.35883474,-0.46110752,0.29111457,0.026343524,0.17010143,-0.2662401,0.15808976,-0.35884035,-0.10098666,0.38013363,-0.49552852,-0.05737367,0.42676678,-0.41025695,0.1638925,0.12846361,-0.7843483,-0.16242978,-0.33138502,-0.022702578,0.0015040562,0.17801078,-0.22326502,0.097954206,0.2952624,-0.43917727,-0.4295212,0.34892336,-0.20761171,0.027701963,-0.40314358,-0.09232679,0.1645048,-0.21315315,-0.40211993,-0.497244,0.1421128,0.368142,0.0841733,0.398647,0.17826144,-0.09432203,0.23994203,0.25166503,-0.024611495,0.1258978,0.041582767,0.5252393,-0.53611714,0.2934535,0.057776123,-0.048781026,-0.7185172,0.38493764,0.008214481,0.25859386,-0.48284224,0.43363494,-0.011512212,0.43899953,0.64167905,-0.29376844,0.35174116,0.3333935,-0.21937698,0.7181338,0.6066998,0.047633946,0.6049628,0.4704656,-0.06834758,-0.5545669,0.22801436,-0.2009362,-0.20320679,-0.23598638,0.118869826,0.31971252,-0.16411997,-0.22495236,-0.4828596,0.044362426,-0.06594134,1.0103625,-0.1859214,0.12629208,0.44468287,-0.43363664,-0.11429562,-0.1686235,0.10067777,0.35994866,-0.5133751,0.33841887,-0.94933665,-0.6196484,0.08481043,-0.038261596,-0.043403313,-0.6597953,-0.6320899,0.13822344,0.1320327,0.06381613,-0.11205645,0.14026529,0.1679493,0.22247005,0.45175827,-0.04521353,0.102928475,0.4685734,-0.081207514,-0.34473974,0.28533337,0.084930554,0.48407,-0.11624725,-0.6134772,0.102395475,0.16578425,0.442472,-0.066236585,-0.49087802,0.17378458,-0.003060542,0.194445,-0.48924035,0.20708217,0.6651713,-0.03490919,-0.52375233,-0.3216212,0.104431935,0.2045374,0.51862955,0.44605392,-0.30686748,-0.3397178,-0.39904475,-0.479197,0.32914135,-0.41559637,-0.041305315,-0.06482099,0.40348122,0.6453127,0.27056065,-0.0014501624,0.88640547,-0.065728396,0.31502554,-0.54212594,-0.11646959,0.41905066,-0.076376066,0.14887926,0.10413972,0.31764406,0.18973568,0.48648563,0.024267115,-0.08862008,-0.17120144,0.21389174,-0.54148114,-0.46998116,-0.2976819,0.35303476,0.054462828,-0.09322453,0.09367138,-0.5982178,-0.40890312,-0.12422222,-0.47337973,0.57862216,-0.027692074,-0.3345365,-0.43991184,0.57840437,0.03645329,-0.35540134,0.0054511465,-0.0049019046,0.099932246,0.306072,-0.02767656,-0.0008530505,-0.7821829,-0.10299336,0.014038794,0.0042344257,-0.15301423,-0.3471335,-0.50196815,0.27357978,0.008413989,1.0498003,0.5114056,0.26929966,-0.06368467,0.42852205,0.0011044382,0.27991554,-0.7085043,-0.23963547,0.15713325,-0.06549355,0.9182216,-0.65294,0.09870499,0.034692932,0.16384834,-0.08591958,-0.08897509,0.021634478,0.4285276,0.5222964,-0.2983985,-0.106560886,-0.35918495,-0.49239153,0.11692101,-0.15270169,0.10693143,0.093897335,0.43794674,-0.48302424,-0.21007872,0.0059542153,-0.9947498
1,0.818472,-0.80414397,0.70825154,0.28602907,0.11379409,0.7564383,-0.3923214,0.11753657,-0.5955244,-0.18875147,-0.020316422,0.48677897,-0.11031496,-0.79852563,0.46782798,0.2300459,0.19379279,0.5964223,0.40561685,-0.50252366,0.63642126,0.07326645,-0.854049,0.24931236,0.4018496,-0.52300316,0.32968107,0.03262248,0.19309719,-0.2987072,0.18524033,-0.4139766,-0.123185456,0.42933258,-0.5634168,-0.062772185,0.47433516,-0.46370605,0.19383216,0.14742967,-0.8767557,-0.18156525,-0.3775314,-0.03340559,-0.004388191,0.21159448,-0.2488842,0.108819,0.32747635,-0.49057883,-0.48766908,0.4012778,-0.240731,0.03256448,-0.44901323,-0.103946865,0.18706363,-0.2438809,-0.46088246,-0.5594736,0.1688921,0.4239363,0.09078652,0.44869664,0.20873855,-0.10958324,0.2705975,0.2902507,-0.03916473,0.14726323,0.044869144,0.59932786,-0.6099618,0.32690907,0.06696933,-0.04960167,-0.8166868,0.43168813,0.021885991,0.29813492,-0.54076207,0.50004417,-0.011899926,0.49829638,0.7211009,-0.32790387,0.39932033,0.37968856,-0.25732577,0.8172568,0.68800414,0.05670055,0.67886096,0.52933675,-0.08456118,-0.624759,0.25666174,-0.23524854,-0.22895968,-0.2726681,0.13434117,0.35568228,-0.18509814,-0.2580759,-0.53969306,0.05609037,-0.08004245,1.1346469,-0.20582485,0.14135867,0.5047953,-0.48531568,-0.13067916,-0.20088875,0.116807446,0.4057009,-0.5854302,0.3804667,-1.0671048,-0.6993953,0.10328265,-0.050399493,-0.037811622,-0.735419,-0.70968896,0.15323037,0.13971582,0.07032116,-0.12069921,0.15838197,0.19393821,0.24984223,0.5153293,-0.04838613,0.12654266,0.5323394,-0.09659909,-0.38872015,0.32449722,0.10179639,0.54335415,-0.11969097,-0.68567055,0.11578016,0.19048475,0.4999507,-0.06933904,-0.55019677,0.20097232,-0.005525399,0.22516477,-0.5500903,0.23991145,0.7482954,-0.046475105,-0.5992306,-0.36315528,0.11381786,0.22486305,0.5874691,0.50021076,-0.3467537,-0.3819614,-0.45420206,-0.54404473,0.37989396,-0.46094227,-0.05235384,-0.0801256,0.45010528,0.7251181,0.298928,0.0010593422,0.993068,-0.07928663,0.35666433,-0.6089963,-0.11856787,0.47545427,-0.09858374,0.17435788,0.12787375,0.35337377,0.22382486,0.54359734,0.029199176,-0.1087255,-0.18774624,0.24003612,-0.61136794,-0.53531414,-0.3411763,0.40398186,0.05487953,-0.113598354,0.11259815,-0.67670727,-0.45570084,-0.13945697,-0.53902894,0.65100497,-0.032391064,-0.3842044,-0.5039847,0.64983666,0.04416831,-0.40544286,0.0061239786,-0.01437157,0.11336012,0.3554321,-0.03296249,0.009757623,-0.8835695,-0.11881436,0.009850405,0.0034900717,-0.17324272,-0.3900744,-0.5699362,0.3079899,0.007314924,1.1719673,0.5750792,0.3081752,-0.0790319,0.48482978,0.0016910075,0.32030514,-0.7973049,-0.25960392,0.17270705,-0.07570497,1.0292534,-0.7401058,0.11467762,0.032504376,0.19238809,-0.09967793,-0.09906445,0.029545609,0.48718438,0.5852578,-0.33054155,-0.117397204,-0.40088588,-0.5481173,0.14347331,-0.16955262,0.12761995,0.10906217,0.49221024,-0.5483262,-0.23268953,0.005195461,-1.1190144
1,0.6920466,-0.67922497,0.60942346,0.23946272,0.10672198,0.6437539,-0.32810384,0.09618043,-0.50057817,-0.15772419,-0.01975638,0.4176306,-0.08819983,-0.6882202,0.39513946,0.19174813,0.16712494,0.49864727,0.35052273,-0.4217003,0.53713435,0.058607522,-0.7297446,0.20579666,0.34450117,-0.44254556,0.27975735,0.026240885,0.16354552,-0.25732633,0.14960489,-0.34259593,-0.094026566,0.36453128,-0.47463876,-0.055544626,0.411538,-0.395199,0.15488966,0.12221721,-0.7555527,-0.15530497,-0.3183066,-0.019712519,0.003928859,0.16855264,-0.21793115,0.094265796,0.28448653,-0.42299688,-0.40978158,0.3325122,-0.19894652,0.025789995,-0.38801017,-0.08692579,0.15930635,-0.20308712,-0.38504514,-0.47642854,0.13421926,0.35143405,0.084137194,0.3824258,0.1698086,-0.09117349,0.2311347,0.24104556,-0.020772286,0.1194953,0.03868723,0.5026099,-0.5138058,0.28441247,0.0540962,-0.049300957,-0.68715507,0.37263328,0.0065448657,0.24524592,-0.46496493,0.4141078,-0.011244059,0.42172724,0.6153879,-0.28400373,0.33815777,0.3205756,-0.20889059,0.6862658,0.58113915,0.04619305,0.5805279,0.45404503,-0.06260494,-0.5328703,0.2196909,-0.19149134,-0.19558288,-0.22719201,0.11493801,0.30769002,-0.15822016,-0.21654709,-0.46442223,0.040248573,-0.06435733,0.97110134,-0.17999965,0.119303554,0.42723954,-0.4176762,-0.110184506,-0.1598027,0.095597416,0.3467965,-0.49114433,0.32435504,-0.91074985,-0.5943016,0.07994326,-0.03451256,-0.042409364,-0.6344997,-0.6078281,0.1356314,0.12864114,0.06449564,-0.110732555,0.13438071,0.16113551,0.21654917,0.43299618,-0.0436156,0.09683153,0.44732735,-0.07603684,-0.3320406,0.2739252,0.08004391,0.4654293,-0.11362001,-0.5899218,0.09939064,0.15781686,0.4235043,-0.06287238,-0.47315213,0.16663869,-0.000506863,0.18566583,-0.47035137,0.19790162,0.63796073,-0.032020137,-0.50082606,-0.3083788,0.102890156,0.19778751,0.49652225,0.42935073,-0.29559213,-0.3283965,-0.38120538,-0.46063623,0.3125068,-0.40068918,-0.038770434,-0.061577614,0.38975793,0.62016654,0.26199213,-0.0022568144,0.85475683,-0.061959617,0.3020359,-0.5196185,-0.114443034,0.4016757,-0.07016127,0.14075805,0.09873455,0.30432498,0.1794544,0.46718174,0.021555036,-0.081560716,-0.166274,0.20819223,-0.51902163,-0.44966125,-0.28446332,0.33709893,0.053684957,-0.088228606,0.08715525,-0.57247615,-0.3954272,-0.11995977,-0.45222962,0.5547365,-0.028422633,-0.32035422,-0.42023343,0.5553375,0.033518225,-0.3401268,0.0068980344,-0.0023316853,0.0986596,0.29149613,-0.027828123,-0.0029012635,-0.74936765,-0.10011756,0.014378369,0.005047556,-0.14763303,-0.3355051,-0.4800275,0.26399842,0.008979131,1.0105034,0.49291483,0.25835556,-0.061830472,0.41013065,0.0016638259,0.26614445,-0.6807363,-0.2314774,0.15352756,-0.063835256,0.88348305,-0.62561107,0.09454252,0.03594088,0.15584797,-0.0808711,-0.0868627,0.018973928,0.40909094,0.50347215,-0.28788823,-0.102959365,-0.34523037,-0.4750216,0.10955118,-0.14721176,0.1012308,0.090995304,0.4210967,-0.46192646,-0.2025547,0.0050703175,-0.95336133
1,0.010785308,-0.029583674,0.074115485,-0.00944128,0.08483446,0.073263586,0.0001783818,-0.018733107,0.009638957,0.0039453506,-0.02086256,0.05923529,0.028757758,-0.09475765,-0.011658341,-0.020439265,0.012649996,-0.023546971,0.047421694,-0.0047868825,0.014774602,-0.021841208,-0.08618295,-0.039782032,0.051748678,-0.01538782,0.0014102124,-0.025964448,-0.001724801,-0.035594147,-0.035049405,0.045206793,0.057826452,0.02099785,-8.08388e-05,-0.021229986,0.08216256,-0.015039574,-0.051579796,-0.0057911845,-0.11520694,-0.027494231,0.005245112,0.05206555,0.04311298,-0.07016678,-0.029409098,0.016185205,0.064734235,-0.07259829,-0.0108252335,-0.021005027,0.04083878,-0.008625388,-0.077843755,-0.014695656,-0.0052916734,0.012003601,0.025485108,-0.045940828,-0.054008164,-0.03859538,0.027406625,0.046167284,-0.052514434,0.024232313,0.020627484,-0.043500807,0.06776236,-0.02689402,0.031872742,-0.0074969493,-0.00030924752,0.04957021,-0.0023883618,-0.043980263,-0.00783927,0.045979902,-0.0971002,-0.029597588,-0.060945876,-0.044146456,-0.014602218,0.008485526,0.06966387,-0.048250727,0.014685805,-0.0068271197,0.060260642,0.005829431,0.018066298,-0.019164056,0.071208134,0.043640256,0.048671134,-0.04684023,0.0075557344,0.05356421,-0.018400274,0.033114173,0.0048290077,0.066743106,-0.010427022,0.021591399,-0.075016804,-0.033702172,0.04640022,0.11261855,-0.03487122,0.019533101,0.0056682676,-0.062731944,0.008626391,0.06971334,-0.014746374,0.025572626,0.0074532777,0.039857976,-0.110621534,-0.042259194,-0.053475898,0.05468522,-0.09265907,-0.122778974,-0.065579474,0.02624043,0.07770881,0.012418721,-0.046448834,0.005733589,-0.03003763,0.01624308,-0.018139735,-0.020831395,-0.070820704,0.011058789,0.022847373,-0.02790948,-0.013737857,-0.03460702,0.0555454,-0.095302165,-0.09938884,0.00049814675,-0.017379485,0.02634462,-0.054567236,-0.05514565,-0.02447638,0.008022383,-0.034405183,-0.053812884,-0.038875803,0.069427624,0.05140408,0.025212627,-0.023390288,0.033029355,0.05587744,0.029318387,0.054184847,-0.015399714,-0.025097935,-0.0022146888,-0.0068633556,-0.032791685,-0.0846591,0.040937286,0.04726963,0.06732192,0.06530125,0.06551146,-0.022551153,0.10657443,0.036687583,0.017427329,-0.061527476,-0.10636392,0.004678333,0.09005752,-0.0392306,-0.06815736,0.06675941,-0.054620363,0.08103393,-0.00389521,0.050403707,-0.052121073,0.019904617,-0.035908837,0.007326063,0.014962874,-0.01903164,0.058222193,0.06614821,-0.041975435,-0.04098774,-0.07284833,-0.010923349,-0.0052311365,0.06045515,0.019764816,0.022792336,0.02239602,0.069331124,-0.019385982,0.006679777,-0.00028318912,0.064574875,-0.013337538,-0.049113553,0.02059114,-0.0807745,-0.053767517,0.02441718,0.04430289,0.008353086,-0.004757298,-0.022608148,-0.009309031,0.019640502,0.022061385,0.1648005,0.051882707,-0.01571942,0.058410365,0.021807067,-0.010208959,-0.010148699,-0.07043814,-0.10411226,0.03513965,0.001545676,0.10743064,-0.032316897,-0.0293994,0.046621904,-0.041491434,0.008837089,-0.0064656828,-0.033016358,0.0135146715,0.06984616,-0.06697134,-0.03383281,-0.057202823,-0.09062499,-0.07741373,-0.031512666,-0.042319864,-0.0149667915,0.03883444,-0.008887246,-0.05108995,0.014752553,-0.105469406
1,0.34233853,-0.34527642,0.33531165,0.112248756,0.09415707,0.3502106,-0.1596083,0.03720888,-0.24005479,-0.07442833,-0.019789187,0.23403962,-0.029236041,-0.38431987,0.18694004,0.08325091,0.08894885,0.23071504,0.19522117,-0.2061548,0.27027267,0.01851799,-0.398131,0.079995826,0.19400775,-0.22342083,0.13892257,0.00069478515,0.079284824,-0.14413837,0.054868683,-0.1431,-0.01565865,0.1879585,-0.23051545,-0.03789745,0.24257505,-0.2016236,0.050536484,0.055721685,-0.42502782,-0.089913376,-0.15306117,0.017054968,0.024267197,0.046735175,-0.12312399,0.05470328,0.17109096,-0.24231026,-0.20476565,0.15210629,-0.07546155,0.0062985234,-0.22887886,-0.047714427,0.075511776,-0.0920441,-0.17471784,-0.25477135,0.037904017,0.1507606,0.05481101,0.20974001,0.056679968,-0.03385769,0.123688,0.09495369,0.022957798,0.043962028,0.03403469,0.24057236,-0.25006732,0.16384642,0.023424815,-0.046334967,-0.33717775,0.20624894,-0.046091523,0.10378595,-0.2581848,0.18020174,-0.0127392635,0.2096376,0.3346725,-0.16477147,0.17327793,0.15228908,-0.07183075,0.33644387,0.2927084,0.013594843,0.31669068,0.2441904,-0.0046473965,-0.28249684,0.11132098,-0.06599819,-0.10613908,-0.093473814,0.05751726,0.18220875,-0.0831545,-0.094595775,-0.26447394,0.0019826293,-0.009907255,0.5294488,-0.10532437,0.06717011,0.21178184,-0.23538223,-0.048692957,-0.043592058,0.03922715,0.18318954,-0.23609373,0.17772466,-0.49796948,-0.31084445,0.011980187,0.012082465,-0.06594701,-0.37072334,-0.32875085,0.080562495,0.102806,0.03954222,-0.0789544,0.06894313,0.06470954,0.11371544,0.20234893,-0.03174538,0.011044741,0.22358586,-0.02592941,-0.17617142,0.12624744,0.020081513,0.25415778,-0.102212146,-0.3371666,0.049498327,0.06764584,0.21810244,-0.05822919,-0.25729322,0.06882876,0.006262522,0.07289896,-0.25591955,0.07653488,0.34484416,0.010335084,-0.23131886,-0.16212486,0.067596816,0.1254178,0.25563154,0.23727788,-0.15265167,-0.17408462,-0.18604861,-0.2279282,0.13580546,-0.23801056,0.0016854145,-0.006446194,0.22453375,0.33558056,0.16251174,-0.011930082,0.47085974,-0.010935813,0.15472439,-0.28333744,-0.10798254,0.19855577,0.012339219,0.04841903,0.014659315,0.1812334,0.060738284,0.26786903,0.008416295,-0.014002971,-0.10856119,0.11153889,-0.2701318,-0.21485722,-0.13048969,0.15372148,0.056291807,-0.009490892,0.02008304,-0.29859284,-0.22996464,-0.06344641,-0.22452375,0.2992004,-0.0038068308,-0.14474115,-0.19394696,0.30527693,0.0050433427,-0.16202915,0.004567314,0.032498993,0.04226401,0.11659268,-0.00535709,-0.04156418,-0.39157414,-0.037852958,0.029173546,0.008057326,-0.074270956,-0.17568383,-0.23776451,0.13899964,0.01581755,0.5760464,0.2672923,0.11722495,-0.0015245862,0.20937186,-0.0042997603,0.124357425,-0.36679065,-0.16500549,0.093102604,-0.02957454,0.48467574,-0.32108018,0.031145263,0.0422426,0.0567611,-0.0345139,-0.046376422,-0.0077590905,0.20456046,0.28080833,-0.17552006,-0.067473374,-0.19743392,-0.27705723,0.01539189,-0.08910981,0.0273018,0.03766852,0.22520964,-0.22918886,-0.12368808,0.010128996,-0.5168713
1,0.45294502,-0.4520637,0.42301828,0.15164706,0.10001354,0.44251117,-0.2136297,0.055037595,-0.32142186,-0.09908182,-0.020070296,0.2916186,-0.046224415,-0.48036498,0.25191432,0.118080065,0.11192645,0.31712416,0.24410479,-0.27418402,0.35260534,0.028628733,-0.50340575,0.11873363,0.24085198,-0.29279983,0.1814544,0.007328354,0.105403736,-0.17799972,0.08378161,-0.2069487,-0.040033508,0.24597676,-0.30703375,-0.044451054,0.29775137,-0.2622455,0.08106953,0.07598655,-0.53435475,-0.11195718,-0.20558247,0.006208863,0.019354697,0.08362204,-0.15249765,0.064609215,0.20737273,-0.29869366,-0.27034798,0.20837143,-0.114555165,0.015349925,-0.28087348,-0.06298638,0.10062765,-0.12778631,-0.2411904,-0.32659525,0.06795957,0.21555959,0.064236164,0.2640251,0.09216744,-0.04915622,0.15655945,0.13922903,0.013999086,0.067603216,0.035029233,0.3235739,-0.33373296,0.20231692,0.03357005,-0.04722963,-0.44971302,0.25719944,-0.030966405,0.1497154,-0.32265785,0.25284868,-0.01244428,0.27548504,0.424644,-0.2021291,0.2238217,0.20496356,-0.11560711,0.44906095,0.38509697,0.022865698,0.40173578,0.30992863,-0.022585765,-0.36414465,0.14365296,-0.104053706,-0.13291165,-0.1336948,0.076406926,0.22430563,-0.10494427,-0.13366838,-0.3268577,0.014589019,-0.024545422,0.6711772,-0.12782517,0.0855774,0.28061512,-0.29184,-0.06810212,-0.077147074,0.054426074,0.2342627,-0.31548697,0.22328885,-0.6323294,-0.40024158,0.033101887,-0.0032054,-0.06051208,-0.4544063,-0.41841826,0.095356084,0.11116496,0.043832067,-0.086223535,0.08918966,0.09350013,0.14520937,0.27528366,-0.03528573,0.03690666,0.29502067,-0.03863186,-0.22550906,0.17452529,0.04084733,0.32331753,-0.107799545,-0.41932452,0.06402298,0.09610094,0.28534135,-0.059663422,-0.32828048,0.10026556,0.002150476,0.109511256,-0.32386068,0.11564422,0.43835366,-0.0044305846,-0.3158516,-0.20840988,0.079333216,0.14894608,0.33302796,0.29686567,-0.19771685,-0.22172187,-0.250385,-0.30178252,0.19138986,-0.29095048,-0.011930641,-0.022760618,0.27787435,0.42796084,0.1915308,-0.0090617575,0.59322125,-0.026469357,0.2012809,-0.3604973,-0.112186305,0.2631022,-0.015637904,0.0779597,0.040198788,0.22389673,0.09711295,0.33266458,0.012541063,-0.033985242,-0.1250315,0.14033106,-0.35006487,-0.2907233,-0.17920953,0.2114587,0.055959515,-0.036037996,0.04212974,-0.38611412,-0.28313464,-0.081787884,-0.29492378,0.38203055,-0.011490466,-0.1990701,-0.26326302,0.38548166,0.016645566,-0.21689099,0.002960775,0.023212716,0.05890146,0.17151296,-0.011167437,-0.0335163,-0.50710475,-0.056243546,0.024491377,0.0078529455,-0.097217545,-0.2262377,-0.31483838,0.17879297,0.014945846,0.7164171,0.33726183,0.16088784,-0.018795893,0.2738173,-0.0021471647,0.1693697,-0.46729797,-0.18761505,0.111172594,-0.041338723,0.61343247,-0.4166315,0.048386965,0.040843885,0.08593919,-0.04932011,-0.058549292,-0.00040539727,0.27062792,0.35031927,-0.2100398,-0.07904416,-0.24406368,-0.3410501,0.04225609,-0.106596306,0.050857853,0.0523037,0.2897918,-0.30369562,-0.14773509,0.00936001,-0.65823036
0,-0.072341815,0.03582171,0.01567814,-0.042390034,0.09190096,0.017917331,0.03122548,-0.034630924,0.07033514,0.02580908,-0.021928944,0.019890284,0.045351844,-0.024051713,-0.06842044,-0.04559803,-0.013513433,-0.07806512,0.006359922,0.04227806,-0.046002343,-0.035015345,-0.017349686,-0.07763122,0.020946402,0.032215282,-0.03877984,-0.042084202,-0.023104511,-0.0035505593,-0.057774357,0.08918237,0.075765595,-0.013950923,0.0594714,-0.023547655,0.052479602,0.034961995,-0.08229579,-0.021743158,-0.054305635,-0.022074763,0.04068811,0.062770925,0.05083633,-0.10413233,-0.0017043427,-0.0016381219,0.04382202,-0.031925254,0.027116304,-0.057484694,0.07527143,-0.0038700812,-0.052433796,-0.01776069,-0.03378157,0.033807714,0.07690328,-0.004545859,-0.07884206,-0.08261827,0.01539061,0.013922183,-0.07951447,0.04682035,-0.008114116,-0.089453064,0.0897914,-0.044821918,0.035935845,-0.06178881,0.05999808,0.020855935,-0.0065033073,-0.042937875,0.061092984,-0.0009002909,-0.12317256,-0.056502312,-0.015531052,-0.100588515,-0.012688477,-0.04140711,0.014762045,-0.022790886,-0.021990366,-0.052092735,0.092593595,-0.06445032,-0.039227445,-0.02996799,0.0154588325,-0.010806683,0.06374415,0.0028775427,-0.025631303,0.09146803,0.0036547128,0.07793918,-0.008426357,0.047231637,0.012757527,0.053008903,-0.0328113,-0.03653784,0.07281287,0.021031786,-0.011372197,0.022454288,-0.03934994,-0.02172264,0.029136632,0.1050002,-0.03311982,-0.01579812,0.06662717,0.00801597,-0.033186827,0.021462144,-0.076087065,0.06696883,-0.10975198,-0.06962852,-0.0031476878,0.004753154,0.07644758,-0.0074469484,-0.028296046,-0.012897478,-0.05847387,-0.020949278,-0.07402445,-0.017309405,-0.097836964,-0.029705387,0.04016822,0.008784837,-0.047954373,-0.044682663,0.013202347,-0.09870131,-0.053201135,-0.013603272,-0.03844688,-0.013740346,-0.064612985,-0.008942359,-0.047588907,0.0007424727,-0.060849227,-0.0061103515,-0.06748944,0.0077427602,0.056546405,0.08884969,0.010504551,0.022577684,0.04697013,-0.017738217,0.009105822,0.019847512,0.018266931,0.032532178,0.048676476,-0.06811754,-0.054174237,0.050612014,0.067476705,0.030546334,0.008877084,0.034949668,-0.024806049,0.020471232,0.049165845,-0.017661037,-0.019794399,-0.114565834,-0.04092148,0.10876077,-0.05867566,-0.092284195,0.056827545,-0.083853394,0.046412326,-0.0041442513,0.06294513,-0.034304395,-0.014355464,0.017332636,0.056727223,0.04964915,-0.06366759,0.064470604,0.08744534,-0.054865677,0.012676794,-0.036216173,0.0024815612,0.046447463,0.0127278175,0.032901786,0.06875129,0.075246036,0.023139259,-0.019384623,0.053438827,-0.010041002,0.081404194,-0.04386258,-0.09181705,0.033304345,-0.10568559,0.01646255,0.048720494,0.051707968,0.0101146605,0.016493386,0.018401213,0.042450245,-0.010388871,0.027501736,0.078989446,-0.0050941836,-0.054043468,0.0877254,-0.018121772,-0.0112478435,-0.03783813,-0.004588022,-0.10389897,0.015407611,0.008299526,0.026820704,0.0349112,-0.056105718,0.049726747,-0.069505125,0.014567953,0.008379873,-0.043311074,-0.024906877,0.016069755,-0.043057464,-0.030513149,-0.025786187,-0.053619012,-0.108963296,-0.016284432,-0.06195727,-0.038952995,0.0043876553,0.039066628,-0.031528115,0.021970538,-0.023790501
1,0.53137165,-0.52188337,0.48378637,0.18062922,0.09860186,0.50239736,-0.24750635,0.068829305,-0.38019693,-0.11819139,-0.01918514,0.33061945,-0.060423873,-0.5484906,0.3020302,0.14302404,0.13263072,0.3746847,0.28039506,-0.31973967,0.41157985,0.040113214,-0.5730461,0.14997177,0.27224222,-0.3407072,0.21606174,0.017331056,0.12574485,-0.20482275,0.10473939,-0.2515176,-0.057302047,0.28285348,-0.36199898,-0.04649469,0.3324432,-0.3080609,0.10582313,0.09032655,-0.60245633,-0.12284622,-0.24284731,-0.002433315,0.01447513,0.11341007,-0.177558,0.075578,0.23033017,-0.3376189,-0.31158027,0.24631777,-0.14480074,0.01701079,-0.31150472,-0.06629063,0.12324525,-0.15125504,-0.28859872,-0.37169266,0.090323344,0.25954223,0.074305214,0.29923448,0.11952107,-0.066772394,0.18139915,0.17706472,0.0018629059,0.08427966,0.031933665,0.38026074,-0.3918626,0.23011,0.038126864,-0.04854093,-0.52333534,0.2973351,-0.013987049,0.17846009,-0.36870605,0.30549484,-0.011026733,0.32398874,0.48231226,-0.22863352,0.26075986,0.24488345,-0.14731182,0.52142894,0.44615638,0.032573372,0.4564768,0.35847065,-0.03498274,-0.41670132,0.17186439,-0.1352504,-0.15339378,-0.16852635,0.08969819,0.24752128,-0.12399817,-0.1627882,-0.3696502,0.020624004,-0.043272816,0.7645018,-0.14668557,0.09220657,0.32849848,-0.3321737,-0.08363257,-0.10699505,0.06864965,0.27201885,-0.3720397,0.25400853,-0.71461886,-0.4616115,0.050061814,-0.013865557,-0.049373202,-0.5079851,-0.4789388,0.11240589,0.11499864,0.055781003,-0.09768041,0.104134336,0.11883281,0.17326358,0.32815185,-0.037582625,0.05844996,0.34056205,-0.05066255,-0.2602406,0.20884052,0.05262118,0.36716014,-0.106549084,-0.46973503,0.07772976,0.11609,0.32727945,-0.055962324,-0.37510684,0.12262644,0.0050844736,0.13505806,-0.3698549,0.14399175,0.4990486,-0.0135576725,-0.37619752,-0.23972277,0.08861333,0.16363993,0.38197696,0.33977813,-0.23069291,-0.25988364,-0.28941172,-0.35459557,0.22790027,-0.32477024,-0.021469828,-0.03769378,0.31360483,0.4876413,0.21561724,-0.0065723024,0.67898494,-0.03902804,0.2330095,-0.407382,-0.10960519,0.3082148,-0.03365256,0.098076835,0.061270326,0.243676,0.123606294,0.37162244,0.012921311,-0.04770194,-0.13924053,0.16673058,-0.40258303,-0.34103817,-0.21286488,0.25232247,0.05270154,-0.05535794,0.05536729,-0.44152355,-0.31897524,-0.094901636,-0.34360245,0.43350336,-0.021719346,-0.23922844,-0.31408408,0.43635884,0.02029787,-0.25742677,0.0074366517,0.013343979,0.07863999,0.21076766,-0.020482685,-0.019467257,-0.5805461,-0.075191446,0.020081751,0.0072035007,-0.11474489,-0.26523265,-0.36663547,0.2078674,0.011686098,0.80696774,0.3885717,0.19452593,-0.03871819,0.31558385,0.00084771914,0.19837722,-0.53376794,-0.19682623,0.12808749,-0.048673492,0.69882137,-0.48168558,0.0677488,0.03988094,0.109954454,-0.05742272,-0.07056205,0.0058381967,0.31111708,0.39987558,-0.23414028,-0.08485919,-0.27524042,-0.38255996,0.06637065,-0.11935943,0.067574635,0.067882486,0.3309635,-0.35285258,-0.16440962,0.005854925,-0.745525
0,0.15434125,-0.1656036,0.19225678,0.04316605,0.0862921,0.18793818,-0.06867271,0.0042816135,-0.10085234,-0.02613715,-0.019703556,0.13355283,0.0056019574,-0.22299783,0.077194326,0.027753528,0.045690157,0.0908009,0.1149857,-0.08949685,0.122027405,-0.007312676,-0.2194439,0.012771603,0.10980284,-0.106888115,0.05982796,-0.011291945,0.035309296,-0.081879504,0.0028817877,-0.040382214,0.026075672,0.09740116,-0.09888882,-0.029946182,0.15389164,-0.100308254,-0.011340909,0.019078515,-0.25612798,-0.053772096,-0.06644671,0.036837462,0.039092004,-0.019383255,-0.07522823,0.029249085,0.11009971,-0.14371845,-0.092372954,0.052784614,-0.014933091,0.00093050674,-0.1431771,-0.029946279,0.03167705,-0.03324543,-0.06351282,-0.13670135,-0.013563901,0.047507092,0.04328697,0.11492006,-0.0019016378,-0.0018372135,0.06609166,0.016472809,0.055572283,0.0034087151,0.026366167,0.10105243,-0.109536126,0.10179664,0.007907793,-0.04771039,-0.15131316,0.11785118,-0.07187586,0.028629333,-0.14519289,0.052996866,-0.014813209,0.09451048,0.18265212,-0.10084321,0.08333197,0.065632485,-0.0019239932,0.14867434,0.13923706,-0.0025962628,0.17580806,0.13384274,0.0283526,-0.15180795,0.052365568,0.0018678755,-0.05550246,-0.02294235,0.03137113,0.11790097,-0.04053224,-0.032998834,-0.15396413,-0.01891587,0.019312862,0.29443163,-0.06508218,0.03818245,0.097868666,-0.13601933,-0.018701287,0.022080705,0.004972631,0.0949909,-0.09640954,0.09618902,-0.27866435,-0.15596992,-0.024587441,0.0357975,-0.07657862,-0.22621837,-0.18128793,0.051391255,0.08717658,0.024695924,-0.059413314,0.03201869,0.012406857,0.063091725,0.08040725,-0.023694396,-0.034342974,0.10172747,0.0072664395,-0.093944274,0.05185649,-0.007137999,0.14420833,-0.09688683,-0.20280766,0.023158785,0.01792024,0.110460296,-0.051724706,-0.14921553,0.019590747,0.009623818,0.016548574,-0.14094046,0.014456328,0.18601839,0.03007608,-0.08597142,-0.08246951,0.0520149,0.08555816,0.12718722,0.13191113,-0.07736148,-0.09171164,-0.08449234,-0.10670851,0.038231444,-0.1513519,0.020744447,0.022867497,0.1383298,0.18642814,0.10411921,-0.016897954,0.2682605,0.015844561,0.07602519,-0.15803799,-0.10620739,0.090670876,0.051646754,2.400577e-05,-0.028744876,0.11741928,-0.006389104,0.16157255,-0.0014488455,0.026758403,-0.07479292,0.061891884,-0.13739695,-0.0916492,-0.047688697,0.054737482,0.056128003,0.026105728,-0.014049292,-0.15069015,-0.14377369,-0.035227474,-0.09613674,0.16295159,0.0047335797,-0.050989445,-0.06936097,0.17144807,-0.0059938803,-0.063670464,0.001131203,0.05273903,0.016628426,0.023335807,0.0062874635,-0.067902334,-0.20003963,-0.006898444,0.035990905,0.011628406,-0.036407363,-0.09328276,-0.10724491,0.075154744,0.022428308,0.34359962,0.14501071,0.04250606,0.027838554,0.10306884,-0.005200247,0.047026277,-0.19999225,-0.12752934,0.061252702,-0.015471597,0.27418414,-0.15465182,-0.0058417097,0.047330625,0.0007219389,-0.007921174,-0.026142435,-0.02470906,0.0958781,0.16110024,-0.111011274,-0.047799118,-0.116663106,-0.17332467,-0.039817795,-0.055151068,-0.009709757,0.007743818,0.12417706,-0.10423237,-0.07975778,0.012907482,-0.2818104
1,0.8184721,-0.80414397,0.7082515,0.28602913,0.11379409,0.7564383,-0.39232138,0.11753659,-0.59552443,-0.18875149,-0.020316392,0.48677894,-0.11031499,-0.79852563,0.46782798,0.23004587,0.19379279,0.5964224,0.40561697,-0.5025237,0.63642126,0.07326646,-0.8540491,0.24931236,0.40184963,-0.52300316,0.32968107,0.03262245,0.19309725,-0.2987072,0.1852403,-0.4139766,-0.123185426,0.4293326,-0.5634168,-0.062772155,0.47433516,-0.46370596,0.19383217,0.14742963,-0.8767557,-0.1815652,-0.3775314,-0.03340562,-0.004388146,0.21159448,-0.24888422,0.108819015,0.32747635,-0.49057883,-0.48766902,0.40127784,-0.24073094,0.032564495,-0.44901326,-0.103946865,0.18706363,-0.24388096,-0.4608825,-0.5594735,0.16889212,0.42393637,0.09078653,0.44869667,0.20873855,-0.10958328,0.27059743,0.2902507,-0.03916473,0.1472632,0.04486917,0.59932786,-0.6099618,0.32690915,0.06696936,-0.049601655,-0.81668687,0.43168807,0.021886028,0.29813492,-0.54076207,0.50004417,-0.011899866,0.49829638,0.72110105,-0.32790384,0.39932036,0.37968847,-0.25732568,0.8172568,0.6880042,0.056700468,0.6788609,0.52933687,-0.08456116,-0.6247591,0.2566618,-0.2352486,-0.22895963,-0.27266806,0.13434114,0.3556823,-0.18509813,-0.25807583,-0.53969306,0.056090325,-0.08004245,1.1346469,-0.20582479,0.14135867,0.5047953,-0.4853157,-0.13067918,-0.20088875,0.116807446,0.40570086,-0.5854302,0.38046676,-1.0671048,-0.6993953,0.10328265,-0.05039948,-0.03781162,-0.73541915,-0.70968896,0.15323037,0.13971582,0.07032116,-0.120699234,0.15838194,0.19393818,0.24984229,0.51532924,-0.04838613,0.12654273,0.53233945,-0.09659907,-0.38872015,0.32449728,0.10179642,0.54335415,-0.119690955,-0.6856705,0.115780145,0.19048473,0.49995065,-0.06933899,-0.5501967,0.20097233,-0.005525399,0.22516474,-0.5500903,0.23991145,0.7482955,-0.046475112,-0.5992305,-0.36315528,0.11381791,0.22486304,0.5874692,0.5002108,-0.34675372,-0.3819614,-0.45420212,-0.54404485,0.37989393,-0.46094227,-0.05235387,-0.0801256,0.4501053,0.72511816,0.29892793,0.0010593273,0.99306786,-0.07928657,0.3566644,-0.60899633,-0.11856783,0.4754542,-0.0985838,0.17435782,0.12787369,0.35337377,0.22382492,0.54359734,0.029199138,-0.1087255,-0.18774618,0.24003616,-0.61136794,-0.5353141,-0.3411764,0.40398183,0.054879546,-0.113598324,0.112598166,-0.67670727,-0.4557009,-0.13945696,-0.53902894,0.65100497,-0.03239105,-0.38420442,-0.5039847,0.6498366,0.044168323,-0.40544286,0.0061239786,-0.014371585,0.113360204,0.35543212,-0.032962486,0.009757608,-0.88356954,-0.11881437,0.00985036,0.0034901053,-0.17324269,-0.39007434,-0.5699362,0.30798995,0.007314939,1.1719674,0.57507926,0.30817524,-0.07903187,0.48482978,0.0016910336,0.32030514,-0.7973049,-0.25960392,0.17270708,-0.075704955,1.0292534,-0.74010587,0.11467761,0.032504365,0.19238806,-0.09967793,-0.09906443,0.029545613,0.48718444,0.5852578,-0.33054158,-0.11739717,-0.40088585,-0.54811734,0.14347337,-0.16955262,0.12761998,0.10906221,0.49221024,-0.5483262,-0.23268953,0.005195439,-1.1190144
1,0.07065648,-0.0866701,0.12167649,0.0127767455,0.08675781,0.12424123,-0.029042058,-0.007920891,-0.03601663,-0.01039231,-0.020347979,0.090850465,0.017611397,-0.14671095,0.02396895,-0.0018108897,0.026732832,0.02326063,0.07337127,-0.04082123,0.061987936,-0.012643542,-0.14160548,-0.018098366,0.077712156,-0.052647755,0.026787875,-0.0215616,0.013097388,-0.055843383,-0.01933739,0.012283906,0.044692963,0.050507255,-0.04057526,-0.024347972,0.11162689,-0.04904167,-0.03299802,0.0053173797,-0.17043373,-0.03928196,-0.02347804,0.046316683,0.03972064,-0.049242336,-0.046261113,0.02357424,0.08381811,-0.10299514,-0.046513677,0.0106747225,0.021368373,-0.007478066,-0.10579379,-0.020305265,0.009190808,-0.006916944,-0.010073215,-0.08407186,-0.03684077,-0.0052299984,0.031448115,0.07610091,-0.031615444,0.012627707,0.039578773,-0.018886913,0.059544742,-0.014376327,0.03228965,0.037403774,-0.04485661,0.06929065,0.0017795265,-0.044431314,-0.06709685,0.074782595,-0.08869248,-0.0045794547,-0.09728647,-0.0032494515,-0.012836882,0.044604264,0.11750643,-0.0698178,0.044622455,0.020962965,0.035758898,0.06507915,0.06889631,-0.012441874,0.1146068,0.07865273,0.039773397,-0.088596165,0.027279863,0.032179445,-0.03528688,0.011405058,0.0132111255,0.085633695,-0.024199437,0.0010862127,-0.10976873,-0.026414812,0.03594785,0.1876233,-0.04720281,0.029560957,0.04384236,-0.09441577,-0.00079704635,0.047890592,-0.004642058,0.053825647,-0.036615245,0.06474703,-0.1786603,-0.09063457,-0.04233798,0.048128877,-0.08738616,-0.16642967,-0.112008534,0.036331676,0.08284815,0.017842658,-0.052701436,0.017379813,-0.012304412,0.03197054,0.02071743,-0.022753414,-0.057446077,0.05044396,0.013906984,-0.054644,0.011530224,-0.025684051,0.090280816,-0.09565584,-0.141621,0.010183489,-0.0010024942,0.060057566,-0.05632202,-0.0903086,-0.008403365,0.008209527,-0.015859151,-0.089449614,-0.018751625,0.11865632,0.043532364,-0.021330662,-0.04870844,0.039309964,0.06993766,0.0697502,0.08732351,-0.040331412,-0.05203688,-0.035383843,-0.046365913,-0.0020676628,-0.11243779,0.034679256,0.037781972,0.09501282,0.114068106,0.08382177,-0.020296546,0.17250255,0.027983284,0.04144283,-0.10122127,-0.10601434,0.040009677,0.07727626,-0.02388092,-0.052874368,0.087197244,-0.03336716,0.11450461,-0.0015852675,0.03763499,-0.0625657,0.03500431,-0.07762241,-0.032154135,-0.010875575,0.011583131,0.05787383,0.052335624,-0.031126902,-0.0872625,-0.10024293,-0.019850867,-0.045781933,0.10299995,0.015184712,-0.0065369345,-0.01789881,0.11241686,-0.01593439,-0.023033611,0.0010563992,0.059804305,-0.0046962313,-0.020309556,0.015421612,-0.073089294,-0.11476382,0.01244415,0.04188814,0.008411419,-0.017012145,-0.05045813,-0.050363593,0.040988382,0.020566408,0.23891325,0.08965688,0.007238701,0.047733244,0.05509371,-0.009358961,0.014488269,-0.123516835,-0.11515427,0.046211995,-0.002729957,0.17645378,-0.0841468,-0.018198855,0.04640665,-0.022545367,0.00046839938,-0.014497774,-0.029007677,0.04683917,0.10758094,-0.08807886,-0.040221043,-0.0829177,-0.1243512,-0.059552882,-0.04204999,-0.030673184,-0.0063566105,0.0727912,-0.04863787,-0.06335941,0.014167214,-0.17917886
1,0.7219154,-0.7093963,0.63195115,0.25019073,0.11010153,0.67178804,-0.34388867,0.101063885,-0.5220076,-0.16500361,-0.020124398,0.4343887,-0.09380842,-0.71362025,0.41091937,0.20013155,0.17233667,0.52165586,0.3621537,-0.44114998,0.56068546,0.06189977,-0.7599867,0.21553148,0.35883483,-0.46110746,0.29111457,0.026343543,0.1701014,-0.26624006,0.15808979,-0.35884032,-0.10098663,0.3801336,-0.49552852,-0.05737367,0.42676672,-0.41025695,0.16389251,0.12846363,-0.7843483,-0.16242978,-0.33138502,-0.022702564,0.0015040487,0.17801079,-0.22326504,0.097954206,0.29526243,-0.43917722,-0.42952123,0.3489233,-0.20761171,0.027701903,-0.40314353,-0.092326775,0.1645048,-0.21315315,-0.40211985,-0.49724406,0.14211279,0.368142,0.08417332,0.39864704,0.17826146,-0.09432206,0.23994203,0.25166503,-0.024611488,0.12589777,0.041582815,0.52523917,-0.53611714,0.29345348,0.05777607,-0.04878101,-0.7185172,0.38493764,0.008214481,0.25859386,-0.4828422,0.43363494,-0.011512227,0.43899953,0.6416789,-0.29376844,0.35174114,0.33339348,-0.21937701,0.7181338,0.6066998,0.047633946,0.6049628,0.47046563,-0.06834761,-0.5545669,0.22801435,-0.2009362,-0.20320676,-0.23598635,0.11886987,0.31971252,-0.16411994,-0.22495241,-0.4828596,0.04436238,-0.06594135,1.0103625,-0.18592143,0.12629205,0.4446829,-0.43363664,-0.11429566,-0.1686235,0.10067779,0.35994864,-0.5133751,0.33841887,-0.94933665,-0.6196484,0.08481046,-0.038261596,-0.04340335,-0.6597953,-0.63208985,0.13822341,0.13203272,0.063816085,-0.11205648,0.14026527,0.16794927,0.22246996,0.4517582,-0.04521354,0.102928504,0.4685734,-0.0812075,-0.34473976,0.28533337,0.08493051,0.48407003,-0.11624725,-0.6134771,0.102395475,0.16578425,0.442472,-0.06623663,-0.490878,0.17378464,-0.0030605495,0.19444498,-0.48924035,0.20708214,0.66517127,-0.034909114,-0.52375233,-0.3216212,0.10443193,0.20453742,0.5186295,0.44605392,-0.30686748,-0.3397178,-0.39904475,-0.47919697,0.32914135,-0.41559637,-0.0413053,-0.064820945,0.4034812,0.6453127,0.2705607,-0.0014501549,0.88640547,-0.06572842,0.31502557,-0.5421259,-0.1164696,0.41905072,-0.076376036,0.14887922,0.10413977,0.31764406,0.18973565,0.4864856,0.024267077,-0.08862008,-0.17120142,0.2138917,-0.54148114,-0.46998116,-0.2976819,0.35303476,0.054462843,-0.09322453,0.09367141,-0.5982178,-0.4089031,-0.12422222,-0.4733797,0.57862216,-0.027692044,-0.3345365,-0.43991187,0.57840437,0.036453247,-0.35540128,0.0054511316,-0.004901912,0.099932246,0.30607194,-0.027676519,-0.00085307285,-0.7821828,-0.10299333,0.014038809,0.004234407,-0.15301423,-0.3471335,-0.501968,0.27357975,0.008413959,1.0498003,0.5114055,0.26929966,-0.06368464,0.42852205,0.001104427,0.27991554,-0.70850426,-0.23963542,0.15713322,-0.06549352,0.91822153,-0.65294,0.09870498,0.034692913,0.16384828,-0.085919626,-0.088975064,0.0216345,0.4285276,0.5222964,-0.2983985,-0.10656087,-0.35918495,-0.4923915,0.11692102,-0.15270172,0.10693137,0.093897335,0.4379467,-0.48302424,-0.21007863,0.0059541985,-0.9947496
1,0.81421596,-0.7993512,0.70509785,0.28436127,0.112913765,0.7517766,-0.38981915,0.11678605,-0.59241915,-0.18761162,-0.020151768,0.48429677,-0.10932719,-0.79483736,0.46569002,0.2289732,0.19326657,0.59286934,0.40411934,-0.4995338,0.63288325,0.07244231,-0.84943634,0.24785884,0.39964387,-0.52033377,0.3280916,0.033002883,0.19223161,-0.2974047,0.18407422,-0.4116952,-0.12204242,0.42711344,-0.5602713,-0.062586814,0.4719231,-0.46155956,0.19261114,0.14643858,-0.87232924,-0.18045133,-0.3756319,-0.03298812,-0.0041912347,0.21032743,-0.24865203,0.10837667,0.32581195,-0.48799932,-0.48472425,0.3987721,-0.23980731,0.032322887,-0.44657737,-0.10297698,0.18638846,-0.24236044,-0.4586201,-0.5562045,0.16763134,0.4214568,0.09112195,0.4461317,0.20767127,-0.109462,0.26916078,0.28898093,-0.038685806,0.1464507,0.044222463,0.59582955,-0.6068706,0.32577917,0.06652003,-0.04986242,-0.81205463,0.43016726,0.022072725,0.29608625,-0.5380014,0.49718845,-0.011980444,0.49586618,0.71695966,-0.32643113,0.39722145,0.37803423,-0.25580344,0.8123611,0.6840146,0.05642213,0.6750167,0.5271703,-0.08359472,-0.6215812,0.25538784,-0.23420516,-0.2278324,-0.2716142,0.13398442,0.35399663,-0.18420576,-0.25710222,-0.536678,0.055358857,-0.080241695,1.1286536,-0.20505148,0.13977045,0.50221735,-0.48279595,-0.13017802,-0.19965172,0.11590356,0.40394396,-0.58205837,0.37810498,-1.0613425,-0.6953492,0.10280477,-0.050028887,-0.037334815,-0.7315155,-0.7060276,0.15298836,0.1390154,0.07094355,-0.120547734,0.15748015,0.1930732,0.24926126,0.51273817,-0.048209984,0.12617782,0.52893084,-0.095599145,-0.38685274,0.32298183,0.10117218,0.540641,-0.119112596,-0.6820537,0.11541243,0.1891842,0.4968509,-0.068517074,-0.5478337,0.20029277,-0.0048249066,0.22413439,-0.5473765,0.23875149,0.7440543,-0.04593207,-0.59579253,-0.36090305,0.11372689,0.22365569,0.5842663,0.49767596,-0.34507194,-0.3804589,-0.45152283,-0.5415113,0.37735602,-0.4585289,-0.052005228,-0.079778716,0.4481576,0.7213836,0.29748783,0.0009816028,0.9884305,-0.07887354,0.35482964,-0.6053498,-0.11815968,0.47287127,-0.09802844,0.17314155,0.12734735,0.35101867,0.22230619,0.5403518,0.028601624,-0.10735853,-0.1870082,0.23964518,-0.60797894,-0.532324,-0.33919698,0.4015906,0.054825723,-0.11289989,0.11144248,-0.6727468,-0.45398602,-0.138841,-0.5355145,0.64742285,-0.03272242,-0.38241208,-0.5009269,0.6462342,0.04377307,-0.40321252,0.006454814,-0.014157783,0.11358643,0.35337585,-0.03324612,0.00948444,-0.8785179,-0.118695416,0.009876616,0.0036890768,-0.172626,-0.38853022,-0.5664588,0.30670175,0.0073425807,1.1658471,0.572739,0.30688962,-0.07903673,0.48233783,0.0019631027,0.318036,-0.7930368,-0.25814587,0.17229885,-0.07565488,1.0240271,-0.7358037,0.11414464,0.032839786,0.19102725,-0.09877532,-0.09869873,0.029072803,0.4841645,0.5823979,-0.32891843,-0.11702296,-0.3986589,-0.5454087,0.1424535,-0.16875604,0.12705027,0.108854234,0.48967218,-0.5450186,-0.23160297,0.0047563296,-1.1126264
1,-0.1493507,0.09402716,-0.04865234,-0.07266542,0.11485025,-0.023369279,0.058583483,-0.046284672,0.13855955,0.040636793,-0.02563043,-0.018457184,0.059938036,0.05167431,-0.13111693,-0.07455072,-0.04407706,-0.13330132,-0.04946059,0.0866068,-0.09585327,-0.0410307,0.04296547,-0.11775033,0.0015909704,0.08258819,-0.077151366,-0.07252348,-0.04922107,0.034662556,-0.084620714,0.1403758,0.09532249,-0.055465274,0.11580483,-0.021561457,0.0234052,0.09664284,-0.10992351,-0.03738928,0.009598564,-0.023784762,0.07948914,0.07759226,0.051179133,-0.140638,0.038701296,-0.01789392,0.024570277,0.0057514682,0.053722568,-0.09206776,0.1256602,0.000773225,-0.035142634,-0.02514122,-0.06625589,0.05433249,0.13451189,0.030781396,-0.103321224,-0.13454598,-0.0058321357,-0.0129790865,-0.11144228,0.07736905,-0.044498548,-0.13696292,0.11003012,-0.06305751,0.05352982,-0.11553922,0.11918275,-0.012209214,-0.01096624,-0.031508077,0.12488349,-0.05905603,-0.16550207,-0.08059481,0.021771044,-0.15819149,0.0033733062,-0.08729876,-0.02922007,0.007385336,-0.059977856,-0.110949375,0.13218692,-0.12573835,-0.095983654,-0.048430454,-0.03181613,-0.07743489,0.07415896,0.05319293,-0.05516629,0.13395849,0.025162874,0.130632,-0.03113945,0.026477974,0.035710298,0.08855015,0.00018317439,-0.0352181,0.11106427,-0.06382856,0.010600217,0.040358935,-0.08485034,0.017103143,0.05794105,0.13854122,-0.04593961,-0.060052253,0.12373274,-0.017304126,0.037403297,0.075808525,-0.100976884,0.07705899,-0.14217153,-0.023382599,0.05866399,-0.029331408,0.08180182,-0.036998663,-0.006785959,-0.028438434,-0.09522189,-0.07642555,-0.13503061,-0.01895094,-0.13137224,-0.061529756,0.05205094,0.047687475,-0.08491898,-0.06489219,-0.027943796,-0.10909271,-0.00793165,-0.03135929,-0.053212307,-0.04808125,-0.08373247,0.048133895,-0.08135904,-0.015483417,-0.09683925,0.041228738,-0.09859076,-0.04450645,0.061207376,0.15288986,0.042330958,0.004295811,0.049803678,-0.06575813,-0.032520406,0.060057424,0.06608456,0.069670826,0.115027055,-0.100694105,-0.029786825,0.06535127,0.09292023,-0.009258352,-0.05214731,0.01187633,-0.028673481,-0.06725265,0.06349692,-0.055077028,0.01744769,-0.1282227,-0.08436388,0.13549435,-0.08195267,-0.13054508,0.056928232,-0.110851094,0.016280213,0.002434887,0.06254296,-0.016317498,-0.061099842,0.06519364,0.107461475,0.0837075,-0.10786925,0.07395287,0.122754104,-0.07121631,0.05983796,0.0058649443,0.015320841,0.09151571,-0.027489694,0.056306444,0.12724751,0.12707525,-0.017990204,-0.02174612,0.0965414,-0.022067707,0.09984933,-0.09040001,-0.13917142,0.05380652,-0.12859976,0.07806031,0.08529056,0.06243597,0.0045627356,0.041567538,0.06616743,0.08723502,-0.04653822,0.027501842,0.007320117,-0.06645949,-0.09931692,0.1323315,-0.05710472,-0.016529463,-0.06421873,0.06212497,-0.11823624,-0.0058564134,0.024692457,-0.04751989,0.09683743,-0.07528037,0.0516909,-0.10088488,0.014439087,0.028173046,-0.05218965,-0.064005785,-0.041019045,-0.026304062,-0.028255954,0.0019789003,-0.018560573,-0.14017755,4.756078e-05,-0.09200895,-0.07129239,-0.030512758,0.08373098,-0.012078416,0.026068095,0.04369867
1,0.6155852,-0.6051128,0.5495154,0.21139933,0.10380779,0.5770381,-0.29042763,0.08219393,-0.44341198,-0.1380652,-0.01946104,0.37684828,-0.07507604,-0.6226303,0.3500753,0.16835463,0.14968498,0.4398644,0.31761852,-0.37383822,0.476748,0.04881992,-0.6557561,0.17842782,0.31000134,-0.39419177,0.24865022,0.021542832,0.14524096,-0.23186322,0.1285989,-0.29938012,-0.07688601,0.3272466,-0.42114604,-0.051570054,0.37455407,-0.35362425,0.13126226,0.106865615,-0.6844042,-0.14030978,-0.28216606,-0.011436623,0.009256557,0.14172022,-0.19792038,0.08496722,0.25905663,-0.38252574,-0.3638377,0.29197207,-0.17314976,0.02213056,-0.35243288,-0.07820639,0.14096697,-0.1788331,-0.3395443,-0.42758003,0.11315155,0.3086313,0.0786539,0.34326604,0.14527611,-0.07824848,0.20794651,0.20935777,-0.009356625,0.10298231,0.035930622,0.44424763,-0.45594877,0.25825852,0.04699309,-0.048977938,-0.60999817,0.33654428,-0.0035505742,0.21400554,-0.4182917,0.36244768,-0.012743473,0.3742007,0.5532744,-0.25785553,0.30052468,0.2847549,-0.17924727,0.6092274,0.5174497,0.039253652,0.52263653,0.4089422,-0.04976391,-0.4784299,0.19558084,-0.16406035,-0.17497991,-0.19822401,0.10284923,0.2806541,-0.14149107,-0.19018044,-0.41957143,0.03093192,-0.05284661,0.87370163,-0.16356209,0.10690452,0.3797233,-0.37668723,-0.097524405,-0.1332283,0.08204284,0.31106353,-0.4348621,0.29119697,-0.81985044,-0.531683,0.06581662,-0.024519611,-0.047031675,-0.5762793,-0.5476688,0.12368127,0.12211062,0.058552556,-0.10390598,0.120299816,0.1403328,0.19550279,0.3836151,-0.040714357,0.07823019,0.397191,-0.0640533,-0.2978669,0.24278066,0.068245634,0.41985255,-0.11147158,-0.53469366,0.08758178,0.13764705,0.37884194,-0.060383584,-0.4272154,0.14624019,0.0014717393,0.16157994,-0.42331564,0.17184316,0.57305,-0.023020357,-0.4418832,-0.27638188,0.096144654,0.18070056,0.4431472,0.38651133,-0.26466313,-0.2946667,-0.33898616,-0.41029224,0.27275923,-0.36518356,-0.031063732,-0.04959717,0.35410103,0.55855834,0.2395922,-0.004302066,0.7708429,-0.050484695,0.26990214,-0.4676351,-0.11285855,0.35723883,-0.052962236,0.12077813,0.08049863,0.2770841,0.15282503,0.42344558,0.018069662,-0.06445171,-0.15316018,0.18753128,-0.46463132,-0.3985993,-0.25092572,0.29728168,0.053797387,-0.07296645,0.073186606,-0.51111376,-0.35943946,-0.10724844,-0.40119213,0.4982265,-0.02393488,-0.28237835,-0.36932296,0.4998686,0.028430909,-0.30088502,0.005829368,0.0053277947,0.08836439,0.25393894,-0.02349234,-0.012515347,-0.6703556,-0.087571375,0.017212488,0.006570302,-0.13158171,-0.3013911,-0.42685094,0.23730971,0.011180181,0.91514266,0.44339845,0.22788385,-0.049786832,0.36576027,0.00089167757,0.23480967,-0.6123605,-0.21547487,0.1398175,-0.056899358,0.7963108,-0.55813634,0.07987237,0.037431926,0.13390458,-0.06986842,-0.07837993,0.013229128,0.3643805,0.4542092,-0.26187646,-0.09401851,-0.31243622,-0.43142188,0.08839719,-0.13430776,0.08562626,0.07976692,0.37878644,-0.41103423,-0.18448356,0.0066403784,-0.8573097
1,0.41118047,-0.41291043,0.3873474,0.13654189,0.09957019,0.41169462,-0.1940099,0.048510697,-0.28922048,-0.09196275,-0.020313174,0.27111402,-0.04108996,-0.44249955,0.225411,0.10335018,0.1024125,0.28234625,0.22358063,-0.25040007,0.3236102,0.025592756,-0.4656744,0.10352817,0.22580522,-0.26606965,0.16560528,0.0026377216,0.094487175,-0.16560605,0.07399939,-0.18104723,-0.03080846,0.22258425,-0.27846962,-0.041233037,0.2763504,-0.23704387,0.07202299,0.0697392,-0.4902324,-0.10461326,-0.18460928,0.009503614,0.0184808,0.0689989,-0.13756227,0.06282839,0.19474316,-0.27906203,-0.24824545,0.188382,-0.096756995,0.010704052,-0.26142114,-0.058405936,0.089673676,-0.11467393,-0.21476609,-0.3005204,0.05639357,0.1891404,0.05734569,0.24561603,0.076865464,-0.04231122,0.1432918,0.121814705,0.013824269,0.058930542,0.039268155,0.29193035,-0.3013815,0.18620847,0.031236209,-0.04535154,-0.40827176,0.23581769,-0.039655194,0.13336729,-0.2988707,0.22529891,-0.012629949,0.250466,0.39237505,-0.18670702,0.20457546,0.18261726,-0.09609817,0.40791878,0.349553,0.017133452,0.3715607,0.28315786,-0.017585479,-0.3320405,0.1309721,-0.089674234,-0.12311203,-0.116862915,0.067433186,0.20879462,-0.09693866,-0.11599611,-0.30564183,0.0107686445,-0.016175328,0.61848503,-0.11975516,0.07989447,0.25247458,-0.272048,-0.058872946,-0.064985916,0.05067786,0.21389435,-0.28696725,0.20871091,-0.58391106,-0.36822638,0.02460812,0.0028448813,-0.06581169,-0.42632464,-0.38382307,0.08789104,0.10876329,0.04102051,-0.08316402,0.08230294,0.08121207,0.13028644,0.24576832,-0.03507374,0.027049333,0.2694348,-0.037097532,-0.20581469,0.15312319,0.03112781,0.29625824,-0.1069905,-0.3893819,0.05701502,0.08588122,0.25992027,-0.06260583,-0.29855424,0.086260825,0.0016202778,0.09356564,-0.29875025,0.09867345,0.40613866,0.0034419186,-0.28396297,-0.19177479,0.07265905,0.1396909,0.30521262,0.27556324,-0.17913203,-0.20203991,-0.22573553,-0.2716334,0.17237636,-0.27115175,-0.004898187,-0.015259594,0.2566485,0.3917872,0.18216428,-0.010938775,0.5444125,-0.02000288,0.18465087,-0.332825,-0.111328885,0.23800227,-0.0028779805,0.06666373,0.02814652,0.20861797,0.08399558,0.30952147,0.01289437,-0.029193908,-0.11973864,0.1277787,-0.32084388,-0.2612786,-0.1610634,0.1901076,0.057299405,-0.021668606,0.033754006,-0.355628,-0.26165083,-0.074118614,-0.27075884,0.3526555,-0.0052273287,-0.1784736,-0.23841286,0.35569146,0.011514917,-0.19738844,0.0033021607,0.02550717,0.048836254,0.15056449,-0.0065828185,-0.035080973,-0.46465325,-0.046062104,0.027182564,0.0058917403,-0.08766633,-0.20390834,-0.28673604,0.16163594,0.014016788,0.6645592,0.31136605,0.14387515,-0.008424517,0.25056216,-0.0043121283,0.15398538,-0.42937675,-0.18146004,0.10315989,-0.034692593,0.5633719,-0.3830163,0.041991767,0.04001636,0.0746729,-0.04564923,-0.052046686,-0.0015927404,0.24693918,0.3243451,-0.1988548,-0.07572995,-0.22765063,-0.3159478,0.033438493,-0.10107741,0.040802043,0.046478387,0.26312354,-0.2766862,-0.14062163,0.009816067,-0.6081948
1,0.7180421,-0.7061253,0.6297496,0.24933644,0.108863026,0.66847783,-0.34218675,0.10042614,-0.5204526,-0.16408284,-0.02000631,0.43262625,-0.09292554,-0.71124893,0.40950233,0.19957925,0.17216744,0.5190291,0.36181897,-0.43888468,0.5581304,0.061630253,-0.7563576,0.21435513,0.35684475,-0.45948008,0.28989264,0.026990503,0.16945463,-0.2659413,0.15722004,-0.3570046,-0.10022704,0.3784038,-0.49311513,-0.057179835,0.42511287,-0.40919593,0.16333956,0.12750685,-0.7813325,-0.16144136,-0.33035356,-0.02258012,0.002258569,0.17712753,-0.22345608,0.09705434,0.29371628,-0.43733358,-0.4264659,0.3476964,-0.20675117,0.027033422,-0.40144706,-0.09121232,0.16435285,-0.21149483,-0.40065527,-0.4941774,0.14148673,0.36659008,0.08443598,0.3969035,0.17714696,-0.09418387,0.23951624,0.24999836,-0.025229804,0.12528755,0.040882505,0.523021,-0.5338424,0.2930019,0.056979932,-0.049047608,-0.71447307,0.38462752,0.008958571,0.2564792,-0.48057553,0.43241346,-0.011940464,0.43714005,0.63819087,-0.29343852,0.35107252,0.3323147,-0.21882844,0.71459115,0.60381335,0.04809831,0.6015237,0.46976495,-0.067345984,-0.5523185,0.22659038,-0.20002073,-0.20266093,-0.23589277,0.11846527,0.3183024,-0.16370638,-0.22430317,-0.4805851,0.04391581,-0.06667662,1.0057735,-0.18492255,0.12457952,0.44307864,-0.43190074,-0.11399345,-0.16774279,0.09996948,0.35904673,-0.5111522,0.33672923,-0.9450712,-0.61662775,0.08466794,-0.03737433,-0.042332653,-0.6567745,-0.62925303,0.1385261,0.13123837,0.06462604,-0.1124932,0.1395528,0.16743721,0.22267334,0.44987,-0.044638816,0.102500886,0.46588022,-0.080889285,-0.34394434,0.2837065,0.08472943,0.48209852,-0.11536236,-0.6109243,0.10206582,0.16436172,0.4399843,-0.06517427,-0.4890126,0.17347586,-0.0021841154,0.19352818,-0.4874882,0.20611148,0.66180086,-0.035007715,-0.5214153,-0.32043597,0.10481659,0.20358397,0.51615644,0.44436294,-0.30620098,-0.33904994,-0.3970369,-0.47780287,0.32730743,-0.4136429,-0.04154901,-0.06522666,0.40261546,0.6425756,0.27009666,-0.0015890263,0.88327384,-0.06486134,0.3136516,-0.53915036,-0.11559225,0.41712642,-0.07572357,0.1477357,0.10445919,0.31579405,0.18906435,0.48418498,0.023987532,-0.087669715,-0.17094013,0.21390592,-0.5387808,-0.4674532,-0.29649946,0.35109484,0.054400593,-0.09297191,0.09281176,-0.5951975,-0.40804225,-0.123688266,-0.4715934,0.5754371,-0.027918035,-0.33356375,-0.43771476,0.5756977,0.03592184,-0.35385475,0.0063792206,-0.004559513,0.10069258,0.30511206,-0.028232992,-0.0006925352,-0.7784773,-0.10302659,0.013428949,0.0049143843,-0.15268295,-0.34594652,-0.49922293,0.2728967,0.009173576,1.0451511,0.50998515,0.26821303,-0.064373866,0.42580542,0.0009994279,0.27817565,-0.70571214,-0.23821194,0.15668002,-0.06629561,0.9139706,-0.6505811,0.097654074,0.03487321,0.16380715,-0.08514165,-0.08869731,0.021377813,0.42618087,0.52063364,-0.29707348,-0.10619298,-0.3572817,-0.4905029,0.11651084,-0.15223826,0.10659023,0.094635375,0.43597344,-0.48031038,-0.20897418,0.0058923643,-0.9897185
1,0.7436707,-0.73458314,0.6493451,0.25896764,0.112207785,0.69671303,-0.35795417,0.10493208,-0.540141,-0.1717123,-0.020417772,0.44912046,-0.09777806,-0.7334725,0.4220913,0.20661883,0.17645639,0.53939134,0.37160417,-0.45763436,0.58080006,0.064487696,-0.785011,0.22157563,0.371232,-0.4765819,0.29919142,0.026019383,0.1745983,-0.2747076,0.16549897,-0.371077,-0.10649213,0.3918541,-0.5115795,-0.059609096,0.43880168,-0.42125425,0.1723419,0.13329512,-0.8067179,-0.16891035,-0.34184286,-0.025503319,-0.00075927004,0.18503307,-0.22755086,0.100263014,0.30388722,-0.45304376,-0.4457309,0.36441875,-0.21281043,0.028217029,-0.41678816,-0.09672219,0.16806448,-0.22048381,-0.41588184,-0.51310414,0.14803578,0.38072163,0.08289736,0.41367728,0.18374582,-0.09633418,0.2477382,0.25745067,-0.031271406,0.13152137,0.046162814,0.5441131,-0.5540416,0.30076772,0.06123922,-0.048806023,-0.7432349,0.39547062,0.009043954,0.2685396,-0.49715248,0.45114994,-0.012500837,0.45330834,0.6629866,-0.30273822,0.3648769,0.34272677,-0.22730121,0.7445226,0.62723505,0.049116887,0.6236522,0.48398337,-0.0724395,-0.5718735,0.2323736,-0.20752168,-0.21051376,-0.24247912,0.12113907,0.33017012,-0.1686882,-0.2310759,-0.49840373,0.048937246,-0.066458985,1.0417461,-0.18936238,0.13169804,0.45862216,-0.44682255,-0.11620748,-0.17543623,0.10495067,0.37098062,-0.5318961,0.35027587,-0.9820937,-0.63998973,0.087989174,-0.03998648,-0.044660218,-0.6813985,-0.6500597,0.14022252,0.1349106,0.06372118,-0.113245964,0.14425601,0.17244549,0.22577901,0.46544003,-0.046385463,0.10792486,0.48633492,-0.08691272,-0.35548264,0.2917409,0.088947356,0.49894822,-0.1179297,-0.6334084,0.104412675,0.17138006,0.45664436,-0.07028787,-0.50338125,0.17962566,-0.004888255,0.20048684,-0.5052071,0.21329965,0.68724686,-0.03705217,-0.5420632,-0.3321303,0.10567706,0.21025962,0.53752875,0.459757,-0.31592032,-0.34789157,-0.41351402,-0.49388787,0.34348917,-0.42669404,-0.042911332,-0.06771666,0.41493392,0.6650788,0.278162,-0.0011212789,0.9108937,-0.0682721,0.32589525,-0.55978125,-0.117869794,0.43183485,-0.08040221,0.15452664,0.10937228,0.32906228,0.19917317,0.50264263,0.027299829,-0.09555246,-0.17558704,0.21807066,-0.55903757,-0.48525366,-0.30869868,0.36488727,0.056594573,-0.09494435,0.0983168,-0.6204948,-0.4206966,-0.1271801,-0.49240124,0.59797275,-0.024614165,-0.34651777,-0.45644116,0.59842235,0.037976816,-0.36776474,0.005086202,-0.006529849,0.09839396,0.3182829,-0.026968922,0.0007235743,-0.8093551,-0.10379317,0.013269849,0.0039805733,-0.15722561,-0.35429302,-0.51898354,0.280398,0.009167556,1.0808474,0.52724767,0.27749398,-0.06402102,0.44297722,-0.0006226101,0.2910265,-0.73119855,-0.24733344,0.15872502,-0.06816525,0.94453114,-0.6767205,0.09976788,0.03343395,0.17132005,-0.09083497,-0.08911105,0.023998857,0.44512635,0.5381552,-0.30762568,-0.11102161,-0.3703188,-0.50643045,0.12342875,-0.15768169,0.11142306,0.096953444,0.45070058,-0.49943846,-0.21649107,0.006787859,-1.0290724
0,-0.12224293,0.07914254,-0.028899234,-0.059073135,0.10011998,-0.01126368,0.051900104,-0.039218906,0.11250215,0.032272324,-0.023713123,-0.004271349,0.052213,0.024750482,-0.105204634,-0.06620273,-0.028461857,-0.11735433,-0.026033813,0.067854375,-0.077813506,-0.036578916,0.023527678,-0.098280415,0.0069378084,0.06520312,-0.060820922,-0.05505883,-0.038093284,0.014733996,-0.07249893,0.12204849,0.086316615,-0.044589873,0.093047716,-0.020219125,0.027892644,0.072449185,-0.09796177,-0.027758546,-0.004057694,-0.016435903,0.06940765,0.06957726,0.04838869,-0.122953,0.024401478,-0.0048495308,0.02946343,-0.009823585,0.04886662,-0.081232786,0.10315542,-0.0087120645,-0.03505422,-0.016003251,-0.050555028,0.047946014,0.111695334,0.023091078,-0.09371994,-0.11635535,0.0039594434,-0.005360228,-0.10034882,0.060673483,-0.025588604,-0.11290858,0.09227604,-0.054908067,0.047050573,-0.09862072,0.098223016,-0.0011432152,-0.007980207,-0.037552852,0.10739297,-0.033243604,-0.14112431,-0.07402159,0.0096193105,-0.13561513,-0.0072764056,-0.0708496,-0.017423568,-0.0011972003,-0.045101542,-0.0840543,0.11792062,-0.11031757,-0.07982084,-0.038918838,-0.014527239,-0.050282232,0.068725735,0.04010325,-0.040344775,0.11345684,0.01606155,0.10332494,-0.021430863,0.030482667,0.022525663,0.076219514,-0.010930428,-0.038246218,0.09150176,-0.039257094,-0.00091551244,0.026382495,-0.072776295,0.002829968,0.04276067,0.120969705,-0.036543474,-0.043587416,0.10283108,-0.006335904,0.021993332,0.055500127,-0.090373866,0.07427333,-0.12511134,-0.038650796,0.03887684,-0.010596074,0.07712839,-0.018824805,-0.021447085,-0.021963345,-0.07848997,-0.047812317,-0.113921866,-0.01846977,-0.11554934,-0.05624444,0.042054504,0.032952264,-0.07426258,-0.05782081,-0.018534357,-0.102725424,-0.01911274,-0.021852378,-0.04775869,-0.03873796,-0.07306963,0.029503917,-0.069955684,-0.005492434,-0.08415195,0.024055295,-0.08958928,-0.026954524,0.06445821,0.12871435,0.030564247,0.010347486,0.04255438,-0.050393153,-0.017173389,0.04577073,0.047690153,0.061587103,0.08942139,-0.0909598,-0.033329405,0.062653325,0.07913379,0.0018732548,-0.03497776,0.024497809,-0.025242459,-0.038999815,0.056223046,-0.037889086,0.009706257,-0.11830024,-0.0712779,0.12799525,-0.0734094,-0.113087825,0.045414492,-0.100380495,0.022370424,1.3571233e-05,0.062523305,-0.026708616,-0.037329428,0.05184317,0.093524545,0.072031565,-0.08913359,0.06679818,0.1086025,-0.06471988,0.0450919,-0.0074240267,0.0112299025,0.073378764,-0.018953528,0.04516849,0.101580694,0.104038626,-0.007042972,-0.024975069,0.07678882,-0.013319634,0.086190514,-0.06698287,-0.12074028,0.0444876,-0.1100401,0.062605865,0.067639284,0.05849371,0.0040290495,0.029408246,0.049770135,0.073113345,-0.034350447,0.025253803,0.02175768,-0.04282983,-0.07861974,0.10784195,-0.044279363,-0.016408326,-0.05522794,0.04034976,-0.10426975,0.0048416983,0.018486205,-0.028191749,0.0750963,-0.06178163,0.04784887,-0.08623651,0.016080707,0.017772699,-0.046226345,-0.050991837,-0.016405456,-0.031612787,-0.02700803,-0.0082586715,-0.027016254,-0.12396175,-0.007098805,-0.07817586,-0.05355719,-0.027245171,0.07059729,-0.02359834,0.022111699,0.02998903
0,-0.040295407,0.014583491,0.039811697,-0.02987004,0.083327875,0.03306042,0.02134183,-0.029730033,0.04467666,0.01970271,-0.020651061,0.034138888,0.039614514,-0.053951208,-0.04269803,-0.034917127,-0.0015697423,-0.05711905,0.028030742,0.024996974,-0.026775219,-0.032360703,-0.04043884,-0.06190096,0.028313605,0.013839228,-0.023449223,-0.030785762,-0.0139524685,-0.017585374,-0.047708385,0.069125175,0.06839136,0.0022101975,0.036499284,-0.023370788,0.06294827,0.011389531,-0.0715932,-0.01579478,-0.078205116,-0.020864509,0.025796,0.057728462,0.049808607,-0.088954434,-0.017694103,0.0054709073,0.050020725,-0.046527762,0.016344208,-0.04524835,0.05584868,-0.005915638,-0.058349535,-0.0135599375,-0.021101285,0.026405834,0.05419565,-0.018574342,-0.06962345,-0.0629615,0.024152232,0.023317726,-0.06638638,0.034839958,0.006002428,-0.06862358,0.08141155,-0.037244085,0.029243428,-0.042063497,0.03628028,0.034121938,-0.0051585305,-0.046860736,0.036166087,0.021932531,-0.10532993,-0.046927404,-0.02992547,-0.07887755,-0.018327072,-0.023725135,0.03237274,-0.03325977,-0.008447769,-0.02877218,0.07679299,-0.04038767,-0.018226061,-0.023313997,0.035306,0.015217421,0.05897917,-0.017113332,-0.0128032295,0.07401544,-0.004274049,0.05532801,-0.0002056323,0.055178266,0.002963487,0.038515277,-0.045894854,-0.0377338,0.057388082,0.0542993,-0.020461814,0.014700167,-0.021885997,-0.036251713,0.018171659,0.09108944,-0.027437726,0.00085639395,0.044364527,0.017665133,-0.058921445,-0.0009143073,-0.06507607,0.06291947,-0.09724145,-0.087897584,-0.02764804,0.017849322,0.07411272,0.0046118535,-0.038047995,-0.0055996664,-0.043954752,0.0014911294,-0.04984449,-0.016901705,-0.08337952,-0.01808725,0.035202555,-0.0066912016,-0.032834504,-0.036879905,0.02950709,-0.0958716,-0.06996402,-0.0074416623,-0.03176838,-1.8637627e-05,-0.055417337,-0.031302292,-0.03490003,0.00741994,-0.048045892,-0.02482525,-0.054274358,0.029043816,0.055281572,0.0635818,-0.0020551719,0.029254317,0.044714753,0.00015783706,0.025305972,0.0044758357,-0.0007282235,0.0186863,0.022814559,-0.056416977,-0.063849725,0.044703215,0.05741315,0.04669433,0.03156811,0.045391925,-0.023732971,0.05461935,0.043307886,-0.0025593732,-0.03398923,-0.1091257,-0.023602493,0.09846858,-0.050739918,-0.07870937,0.054853983,-0.07311545,0.05748049,-0.0060676374,0.0635117,-0.04134485,0.0038331803,-0.0015403572,0.037047997,0.036030367,-0.04527207,0.060545422,0.073400766,-0.0491366,-0.005622182,-0.051684506,-0.0022261413,0.02889337,0.028815929,0.02333218,0.046227403,0.05500593,0.038084663,-0.017922398,0.034959022,-0.004984064,0.07299288,-0.025211476,-0.073155105,0.024985742,-0.096088454,-0.0074677486,0.034503594,0.047725283,0.0109848045,0.0061688796,-0.0008630492,0.023975842,0.003687351,0.026353171,0.107625626,0.019431515,-0.035845764,0.06859055,-0.0027660131,-0.008706488,-0.028355252,-0.030571599,-0.0969263,0.02360262,0.0025231484,0.05629482,0.010953758,-0.046582893,0.049057096,-0.057054594,0.014611224,0.00055776164,-0.038705908,-0.010582972,0.0377902,-0.04909876,-0.030333282,-0.03585376,-0.066448,-0.096435815,-0.022055585,-0.049976666,-0.026240548,0.016883045,0.021774616,-0.03909287,0.019350184,-0.05046458
1,0.5380281,-0.52934843,0.48880535,0.18308449,0.09996161,0.50929195,-0.25153297,0.06965258,-0.38516477,-0.11948381,-0.019369453,0.33492374,-0.06187351,-0.55462635,0.30505636,0.14487557,0.13340022,0.38007876,0.2831301,-0.3244077,0.41686606,0.040757235,-0.5804391,0.15175095,0.27562255,-0.3451214,0.21843559,0.01692997,0.12707563,-0.20672494,0.1068844,-0.25486854,-0.059026677,0.28694943,-0.3666904,-0.047015306,0.33618817,-0.31164858,0.10796954,0.091845825,-0.609386,-0.12486586,-0.24552743,-0.0031329058,0.014413029,0.11507346,-0.17816274,0.07649236,0.23294765,-0.34145612,-0.31630588,0.25061673,-0.14638305,0.017446984,-0.315486,-0.06813884,0.12380061,-0.15331554,-0.29228923,-0.37697187,0.09213658,0.2636714,0.07338907,0.3032692,0.12107381,-0.067084365,0.18384916,0.17843881,0.0005550608,0.085801125,0.03305353,0.38547105,-0.39669675,0.23189424,0.039212592,-0.048213985,-0.5308265,0.29992324,-0.014097922,0.18150671,-0.3724421,0.30997503,-0.011789836,0.32728416,0.488783,-0.23123932,0.2638079,0.24754128,-0.14955866,0.5294293,0.45240265,0.03288699,0.4624191,0.36220494,-0.036202602,-0.42164645,0.17316587,-0.13696045,-0.15514661,-0.16977742,0.09023359,0.2506824,-0.12529682,-0.16385175,-0.37391987,0.021723948,-0.043067038,0.7740187,-0.14749503,0.09428801,0.33212864,-0.33605862,-0.08443281,-0.1084704,0.06980269,0.27498168,-0.3773915,0.2575061,-0.7245448,-0.4675665,0.05119869,-0.014418837,-0.05017542,-0.5146449,-0.48487452,0.1126679,0.116091,0.05489302,-0.09770804,0.105626516,0.12013884,0.17405273,0.33258733,-0.03797194,0.059218228,0.34606075,-0.052316133,-0.26312733,0.21099871,0.05404392,0.37178975,-0.1075021,-0.4759286,0.07789391,0.11775783,0.33220232,-0.057848494,-0.37909698,0.12410708,0.004081428,0.13675596,-0.37451425,0.14565666,0.50567263,-0.01396697,-0.3815806,-0.243378,0.088742994,0.16497377,0.38755906,0.3434895,-0.23326413,-0.26194417,-0.29391342,-0.35862204,0.23251942,-0.32857475,-0.02221438,-0.03812742,0.31695676,0.49380898,0.21764964,-0.006496519,0.6859076,-0.03936097,0.23618075,-0.41309798,-0.11051971,0.3121207,-0.03487868,0.10004623,0.06239575,0.24778035,0.12609407,0.3771503,0.014142625,-0.04934095,-0.14042674,0.16744128,-0.40824804,-0.345764,-0.2160714,0.25598904,0.053123467,-0.056234196,0.05714248,-0.44802207,-0.32199344,-0.09549792,-0.34914315,0.43942592,-0.020442458,-0.24260797,-0.3184858,0.44229203,0.02127856,-0.26090977,0.0066465177,0.012992647,0.07808436,0.2144565,-0.019977298,-0.019653004,-0.58891547,-0.0753006,0.020175487,0.007273495,-0.11571431,-0.2674404,-0.37217027,0.20983866,0.0122188665,0.8164559,0.39266548,0.19672722,-0.03856329,0.3199068,0.00023408374,0.20201927,-0.5407543,-0.19920108,0.12820193,-0.04890107,0.7067444,-0.48863733,0.06784722,0.03941073,0.1122066,-0.058670394,-0.07058207,0.0066885687,0.3163773,0.4042209,-0.23663515,-0.085494556,-0.27886823,-0.38666162,0.06780855,-0.12105581,0.068844005,0.06847929,0.33476856,-0.35809806,-0.16621643,0.0070856865,-0.75622046
0,-0.12877743,0.08709939,-0.041202787,-0.06258836,0.10601857,-0.017354496,0.05749908,-0.039819,0.12411423,0.03244324,-0.02434586,-0.010109456,0.053342015,0.036328766,-0.1131961,-0.071285136,-0.032366633,-0.12769054,-0.035440914,0.072865896,-0.084719494,-0.037761874,0.031438973,-0.10324783,0.0056970124,0.074235044,-0.065692626,-0.0606933,-0.043287016,0.021364514,-0.07782038,0.13128048,0.09060179,-0.05226845,0.09875982,-0.018666327,0.02358478,0.083242886,-0.10010944,-0.030114595,0.0073734745,-0.01751566,0.078274526,0.07237959,0.046042345,-0.12771891,0.03281237,-0.0054207016,0.025040837,-0.004818842,0.051531807,-0.08718589,0.11317982,-0.009487782,-0.03219127,-0.0160231,-0.055614572,0.051346906,0.12111065,0.027421612,-0.09737499,-0.1237778,3.337115e-05,-0.010203855,-0.10623355,0.0669204,-0.03189142,-0.11676361,0.09427951,-0.05769543,0.051213644,-0.10828019,0.106491104,-0.0061686,-0.008379813,-0.03437068,0.11522147,-0.043084674,-0.1485829,-0.07781213,0.014542369,-0.14400315,-0.004238067,-0.077492386,-0.023475077,0.0051650107,-0.052095268,-0.094985105,0.12596619,-0.11823559,-0.090128504,-0.043906383,-0.017972097,-0.061585076,0.067913495,0.047785636,-0.043323115,0.11856994,0.019052101,0.1097777,-0.026752613,0.026732909,0.025952125,0.082059145,-0.0071563683,-0.039177507,0.098889105,-0.051454376,0.00080571696,0.030082252,-0.0821718,0.009524356,0.046723887,0.12602648,-0.03683976,-0.05021561,0.11145352,-0.008660897,0.032523178,0.059964754,-0.092343025,0.074467756,-0.1333082,-0.033287153,0.047058802,-0.01787952,0.07808815,-0.025408987,-0.01953316,-0.022993328,-0.08371139,-0.055699337,-0.123300865,-0.020414956,-0.12049799,-0.06228876,0.04285212,0.04028164,-0.0791478,-0.06204292,-0.02287691,-0.10545209,-0.011180691,-0.02585455,-0.04769665,-0.042493496,-0.07400757,0.039759263,-0.07761583,-0.008283064,-0.0910607,0.03063098,-0.0931188,-0.03297874,0.06711343,0.13848451,0.0357386,0.006683685,0.04295659,-0.057821937,-0.022824803,0.05261397,0.055003002,0.06827292,0.099695474,-0.096071705,-0.030958861,0.06509196,0.08322596,-0.004923694,-0.046264585,0.023275591,-0.025194533,-0.053004827,0.058876447,-0.04130877,0.015556147,-0.12051448,-0.078482896,0.13258922,-0.07753221,-0.121615045,0.04473657,-0.10366894,0.017593343,0.0029090159,0.061314918,-0.024433015,-0.04385432,0.057442147,0.10133394,0.07608494,-0.09400395,0.0684247,0.11574981,-0.06859889,0.051144004,0.0005590096,0.012363864,0.07912559,-0.024155084,0.051106974,0.11321515,0.112083636,-0.013554329,-0.025706602,0.079942524,-0.0137397535,0.087576106,-0.0746059,-0.12808579,0.049207553,-0.112172544,0.07038337,0.074825965,0.06066406,0.0003889529,0.033802956,0.05842917,0.07810789,-0.041135415,0.023848739,0.012492783,-0.052226324,-0.0844718,0.114911094,-0.049255665,-0.01698366,-0.059754353,0.050029557,-0.10674405,0.0026485901,0.021469776,-0.039508905,0.083989605,-0.060206875,0.04772938,-0.09150113,0.014884705,0.020277651,-0.045829415,-0.05632449,-0.025387503,-0.029226165,-0.025579596,-0.004519688,-0.021203471,-0.1275845,-0.0047731213,-0.08431484,-0.058379866,-0.03392996,0.075442284,-0.021737684,0.020741904,0.038694248
0,0.13066876,-0.13984348,0.17264849,0.03331635,0.08265295,0.16217193,-0.05426415,-0.0009923843,-0.08285529,-0.018631373,-0.018534187,0.11930496,0.009757409,-0.20279385,0.06510665,0.020481203,0.042011615,0.06972712,0.10718307,-0.07333185,0.09974054,-0.010413103,-0.19254899,0.0058349,0.096145995,-0.090560935,0.052282542,-0.009878016,0.029676646,-0.07460234,-0.0035875365,-0.02618026,0.031377785,0.085811876,-0.082397304,-0.028583176,0.14075154,-0.08918627,-0.017563049,0.013713981,-0.23030828,-0.047087595,-0.055165038,0.04012151,0.04079835,-0.027269125,-0.07087107,0.02700864,0.10056867,-0.12977631,-0.07444387,0.037882842,-0.008166712,-0.000831604,-0.12815118,-0.024327941,0.026713837,-0.024755545,-0.04943292,-0.118800625,-0.019757757,0.034390017,0.044176225,0.09954677,-0.009019215,-9.470526e-05,0.05952224,0.009196259,0.05850655,-0.0018585008,0.022881173,0.0809335,-0.09051953,0.09373534,0.0042611435,-0.04825183,-0.12443482,0.10775629,-0.07099153,0.01680401,-0.12883027,0.03636355,-0.017129753,0.07941069,0.15944529,-0.09229228,0.069640204,0.055874284,0.007089656,0.121392995,0.116310075,-0.0038539656,0.15562136,0.1207721,0.032212302,-0.13378382,0.04540918,0.008216478,-0.048404828,-0.01668781,0.027656594,0.107692026,-0.03623487,-0.024755474,-0.13786478,-0.024388632,0.01907485,0.260589,-0.059709035,0.03009114,0.0825369,-0.12229832,-0.015542185,0.030410677,-3.485009e-06,0.08395125,-0.0782465,0.08396669,-0.24576373,-0.13483724,-0.026452415,0.03852422,-0.07498134,-0.2053903,-0.16202042,0.049970094,0.08301346,0.025883514,-0.059252188,0.027935913,0.00905716,0.060243804,0.06576376,-0.021591723,-0.038638566,0.08222397,0.011335233,-0.08218649,0.042417083,-0.010414369,0.12918644,-0.09506309,-0.18336672,0.01904625,0.011382215,0.09372013,-0.048038315,-0.13488896,0.014480192,0.011789076,0.009586126,-0.12543997,0.007085439,0.16277233,0.034135804,-0.067785494,-0.07271825,0.05098688,0.07740186,0.10831684,0.11771463,-0.06843067,-0.083838366,-0.06992809,-0.09198956,0.023701992,-0.1395796,0.022167746,0.02525431,0.12785214,0.16573863,0.09737055,-0.019084448,0.24153951,0.019825296,0.06592779,-0.13936067,-0.104816884,0.07568986,0.056113824,-0.0071236193,-0.03383419,0.104271576,-0.014911283,0.14459379,-0.0041374825,0.03564521,-0.07114197,0.05843643,-0.11876334,-0.074813835,-0.037304144,0.043345165,0.054535016,0.029499913,-0.0190042,-0.12764846,-0.13184898,-0.030731745,-0.07851001,0.14233688,0.0032723197,-0.04049426,-0.05142876,0.14973046,-0.007975146,-0.051796213,0.0027915426,0.054141346,0.017513085,0.012315057,0.0053738733,-0.06886326,-0.17174399,-0.0054370947,0.03615749,0.012418762,-0.03150628,-0.08451152,-0.089221954,0.067272514,0.021836296,0.30950114,0.13030873,0.034980014,0.027843019,0.08747549,-0.004138675,0.035930958,-0.17711616,-0.118339345,0.057683345,-0.013398032,0.24426086,-0.13133723,-0.009212168,0.047680896,-0.0057643764,-0.0027156696,-0.02479115,-0.026004521,0.079106994,0.14512649,-0.10161775,-0.04332616,-0.10478515,-0.15687516,-0.044885732,-0.051697236,-0.013532143,0.0066775098,0.109715365,-0.08718319,-0.07369639,0.013582803,-0.2463849
1,0.31499258,-0.31347102,0.3137248,0.1010056,0.09103606,0.31700796,-0.1418404,0.031413507,-0.21712145,-0.06493178,-0.019195441,0.21530624,-0.022889517,-0.36017528,0.17352346,0.07601541,0.08357018,0.20817035,0.18469815,-0.18567759,0.24312192,0.013601057,-0.36638236,0.072823115,0.1773612,-0.20407069,0.12799722,0.002021147,0.07366878,-0.13345341,0.045614026,-0.12858653,-0.009066511,0.17467992,-0.21042153,-0.03499723,0.22711924,-0.18881181,0.0393423,0.048829477,-0.39854118,-0.081190735,-0.14017768,0.020365853,0.027804617,0.037340358,-0.118449606,0.050513472,0.1597147,-0.22452198,-0.18304785,0.1320211,-0.069906995,0.0069747046,-0.21084473,-0.043129183,0.0713943,-0.08274886,-0.15781584,-0.23426022,0.03082776,0.13591954,0.057414588,0.18991502,0.049335305,-0.030783929,0.1142179,0.087644584,0.03236228,0.037293117,0.027519736,0.21646109,-0.22808936,0.15555717,0.019575432,-0.04696264,-0.3060007,0.19329791,-0.04580189,0.090850115,-0.2389461,0.15845862,-0.012612991,0.19132887,0.30695772,-0.15325925,0.15586066,0.14157115,-0.062505916,0.3036326,0.26595092,0.011831947,0.29348537,0.22827621,0.0008068308,-0.26185396,0.105250366,-0.05793929,-0.096097164,-0.08649183,0.055521898,0.17033947,-0.07679922,-0.08768956,-0.24401273,-0.0041189007,-0.009619886,0.4905721,-0.10081185,0.05856042,0.19403705,-0.21827124,-0.04679653,-0.033566743,0.032784104,0.16978133,-0.21239159,0.16211304,-0.4585518,-0.2846661,0.008859016,0.013809126,-0.0633613,-0.34284097,-0.30715388,0.07771988,0.09787428,0.03958319,-0.07710739,0.0634134,0.058628507,0.111251175,0.18546876,-0.029854413,0.005700849,0.20007758,-0.017645825,-0.1630166,0.118815824,0.016476028,0.23692629,-0.10054892,-0.3127055,0.04625907,0.05979322,0.20071061,-0.051724043,-0.24370806,0.06264256,0.008230086,0.066333815,-0.2366692,0.06917985,0.31670713,0.012683645,-0.2083404,-0.14888676,0.06699191,0.117272615,0.23220335,0.21972236,-0.1420546,-0.16485566,-0.1685939,-0.21022889,0.11667405,-0.22398713,0.0026587434,-0.003295187,0.2114974,0.3113749,0.15251699,-0.013266902,0.44075784,-0.0069708005,0.14186202,-0.26105374,-0.10664477,0.18241955,0.015925873,0.04102601,0.00803379,0.16730438,0.04821382,0.24764429,0.0037870184,-0.0035536438,-0.10248792,0.10801192,-0.24859092,-0.19600302,-0.11718251,0.13882373,0.05319783,-0.008265149,0.01475656,-0.2701827,-0.2158854,-0.060316995,-0.19914992,0.27497202,-0.008328686,-0.13020223,-0.1713723,0.27958927,0.0042307973,-0.1463978,0.005085472,0.03452923,0.046194896,0.10237313,-0.006505012,-0.044316877,-0.3577898,-0.03705389,0.029203977,0.008889375,-0.06961416,-0.16720693,-0.2160747,0.13105099,0.015818585,0.5369588,0.24789304,0.10777378,-0.002180446,0.19144478,-0.002093975,0.11012212,-0.33877775,-0.15416168,0.090814784,-0.027857859,0.4515905,-0.29104912,0.028468993,0.043943893,0.04665295,-0.027674228,-0.0461113,-0.010876758,0.18383819,0.26122484,-0.16247138,-0.061658904,-0.18301421,-0.25901818,0.006521892,-0.08259493,0.022722919,0.034386918,0.20946054,-0.20820287,-0.115156345,0.009051374,-0.47351354
0,-0.16173269,0.103193834,-0.063543916,-0.080428585,0.12754911,-0.029966567,0.06528193,-0.051147405,0.1582719,0.044370588,-0.026397403,-0.029024595,0.06332846,0.069684654,-0.14931175,-0.08076355,-0.05458933,-0.14560722,-0.06488086,0.09612697,-0.106721096,-0.043842997,0.05399789,-0.12975657,-0.0014352552,0.09305709,-0.08571369,-0.08709451,-0.05975488,0.049192432,-0.0925179,0.15231244,0.10248201,-0.063486144,0.12913993,-0.022897428,0.019468531,0.11414484,-0.11733581,-0.043523233,0.018091388,-0.030529454,0.086801395,0.0819558,0.050479237,-0.15205164,0.049051195,-0.026111702,0.022751782,0.018023878,0.05469828,-0.10010917,0.14403443,0.008200731,-0.037346423,-0.028931383,-0.07653634,0.059644666,0.14966577,0.035693873,-0.11220068,-0.14830092,-0.013295725,-0.018514205,-0.119300395,0.0922186,-0.058660142,-0.15076357,0.12142763,-0.06900671,0.059245493,-0.12909213,0.1292542,-0.019297648,-0.013851973,-0.024959574,0.13365331,-0.07513165,-0.18454888,-0.0877595,0.026515752,-0.17347541,0.01190537,-0.09588805,-0.033441328,0.0133809,-0.070120245,-0.1321829,0.14257443,-0.1325222,-0.10764545,-0.05752402,-0.039983314,-0.09557885,0.07615946,0.057378795,-0.065998584,0.14774436,0.030515974,0.14582825,-0.039140604,0.022758339,0.044426925,0.09414598,0.009133862,-0.03488627,0.12433204,-0.07629868,0.018606972,0.050887708,-0.09165549,0.025745925,0.06810512,0.15057434,-0.052814305,-0.069349736,0.13681844,-0.024782125,0.044848498,0.08477926,-0.1062123,0.077498965,-0.15634465,-0.01435253,0.06989926,-0.044930287,0.08530918,-0.05155121,0.002139926,-0.03170479,-0.108447134,-0.095292225,-0.14938805,-0.023163568,-0.14296038,-0.06713408,0.060185984,0.056726083,-0.09178109,-0.07152907,-0.03043604,-0.1161076,-0.0012993738,-0.03945796,-0.055127416,-0.050812013,-0.08932461,0.062251873,-0.08848351,-0.024036214,-0.10655105,0.05165455,-0.10411607,-0.053399492,0.06105645,0.16859207,0.049354374,-0.0033771917,0.05718917,-0.07559642,-0.042615436,0.070302114,0.07987488,0.074539945,0.13295914,-0.108598694,-0.02806422,0.0644986,0.10205406,-0.015052851,-0.06474878,0.004586078,-0.030342925,-0.08454849,0.07007692,-0.06553875,0.022486376,-0.1361111,-0.09561649,0.14345178,-0.0871716,-0.14509207,0.06624278,-0.11768411,0.013585245,0.00757866,0.06291864,-0.010067683,-0.07650513,0.069917545,0.11410695,0.08922751,-0.11828117,0.080352135,0.13573161,-0.07683067,0.06764999,0.01378791,0.01767276,0.10231615,-0.031183595,0.06540521,0.1461312,0.14456566,-0.024034826,-0.018236924,0.10580394,-0.025495593,0.10991387,-0.11025412,-0.1517168,0.060744677,-0.13992396,0.084816165,0.10049786,0.06585243,0.0019398406,0.049758244,0.07849842,0.093552485,-0.055795077,0.027842563,0.0034122355,-0.08137548,-0.11351144,0.15230939,-0.063796684,-0.016808383,-0.072525084,0.074843384,-0.13069174,-0.013196394,0.028379675,-0.056686256,0.110029906,-0.08272833,0.054880276,-0.11200004,0.011563629,0.03578937,-0.055745203,-0.07109638,-0.05748727,-0.023326114,-0.029631259,0.007515788,-0.013784625,-0.15046844,0.0037906356,-0.102372035,-0.08245681,-0.033046354,0.09040114,-0.0054293387,0.025623955,0.049880125
1,0.025584225,-0.044172484,0.08716074,-0.003918795,0.08582486,0.08616583,-0.007828653,-0.01622773,-0.0022329185,0.001575131,-0.02066989,0.06732105,0.025787245,-0.10845193,-0.0029929616,-0.015649779,0.015409715,-0.0104554035,0.05360197,-0.013558622,0.02637586,-0.019899653,-0.099787,-0.034546807,0.057985645,-0.024827372,0.007352708,-0.024779815,0.0025267387,-0.039903518,-0.03125541,0.036141742,0.054430194,0.02945173,-0.009765595,-0.022468869,0.0907775,-0.023833374,-0.048377834,-0.0033328403,-0.13082835,-0.030940263,-0.002183007,0.05094351,0.043201767,-0.064809054,-0.03377507,0.017236417,0.06953724,-0.07970224,-0.020224275,-0.012719013,0.035573076,-0.0077325404,-0.085477665,-0.016702313,-0.0024155602,0.0068858042,0.016596582,-0.05623335,-0.049840022,-0.029630162,0.028611343,0.053448446,-0.046475805,0.021263607,0.025585063,-0.0376965,0.067699194,-0.024090286,0.031006217,0.004065167,-0.011648949,0.0545794,-0.0014755093,-0.04431759,-0.023502447,0.052821934,-0.095304295,-0.022360582,-0.07010213,-0.034307174,-0.014044615,0.016788036,0.0823014,-0.053913265,0.022324447,0.00029428682,0.053035736,0.02089744,0.03177312,-0.017055834,0.08221664,0.05256827,0.047100134,-0.057951912,0.012751276,0.0489628,-0.022420127,0.028568631,0.0075028557,0.071960755,-0.013536876,0.016465755,-0.083697885,-0.031593762,0.044159196,0.13206239,-0.037462436,0.023245621,0.015885547,-0.070160605,0.0066624368,0.06450152,-0.012950773,0.032346997,-0.0032937452,0.046036474,-0.12779918,-0.054292135,-0.051208213,0.05347681,-0.09115457,-0.13337362,-0.077415,0.028558407,0.07931354,0.012824662,-0.04751045,0.00821895,-0.025279358,0.019800175,-0.008126549,-0.020924106,-0.06794171,0.021634392,0.021717058,-0.034716472,-0.00622708,-0.03148266,0.06440206,-0.0954348,-0.110700384,0.003188368,-0.01356601,0.035375,-0.055008605,-0.06535448,-0.020441005,0.008216385,-0.02933873,-0.06274354,-0.03352498,0.0815896,0.04842309,0.01396928,-0.029499518,0.03473891,0.060137656,0.03973562,0.06229665,-0.021833766,-0.031474218,-0.01151371,-0.017231923,-0.025120072,-0.092095256,0.03910571,0.04540833,0.07422336,0.07897745,0.06978953,-0.021217335,0.12369479,0.034536146,0.023237795,-0.07251962,-0.106167436,0.014297208,0.08662419,-0.035026796,-0.064196825,0.07296318,-0.049545947,0.09009862,-0.003374368,0.047551587,-0.054498725,0.022599258,-0.045950104,-0.0027587414,0.00866653,-0.011924528,0.058143716,0.06138026,-0.03852623,-0.05283754,-0.07922882,-0.013085784,-0.015008407,0.071428396,0.01839958,0.015951993,0.011955053,0.080659375,-0.017735176,7.4442476e-05,-0.0007590838,0.064125255,-0.0114110075,-0.04215713,0.018879257,-0.080436304,-0.0698116,0.021224648,0.044025797,0.0090045575,-0.0076843267,-0.030132685,-0.01967667,0.025429439,0.022152618,0.18437009,0.060696397,-0.010365838,0.055762127,0.030565437,-0.009612225,-0.0032552779,-0.0842383,-0.10704297,0.037692484,0.00023311842,0.12660304,-0.04503599,-0.02759254,0.04700417,-0.03680374,0.0069499724,-0.008791694,-0.03284286,0.022224136,0.07885103,-0.07196319,-0.035632864,-0.06400456,-0.0997433,-0.073941775,-0.033894643,-0.03906089,-0.013916092,0.048700288,-0.019081,-0.053445034,0.015301061,-0.124645025
1,0.80059916,-0.7862322,0.69420195,0.27933946,0.11283742,0.74009615,-0.38308364,0.1144188,-0.58190984,-0.18418925,-0.0202252,0.47696763,-0.107132144,-0.78289276,0.4575174,0.22465576,0.18997681,0.5825191,0.39788154,-0.49093512,0.62205726,0.07100135,-0.83628833,0.24308775,0.393586,-0.5115844,0.32265013,0.03178568,0.18894134,-0.29272306,0.18013763,-0.40378666,-0.119034946,0.42030054,-0.5508036,-0.06181052,0.46535367,-0.4540585,0.18825443,0.14382029,-0.85950017,-0.17780443,-0.3689602,-0.03136084,-0.0030540638,0.20537512,-0.24451737,0.10682662,0.32134646,-0.48084587,-0.4764473,0.3913695,-0.2349245,0.031731185,-0.44027525,-0.10154201,0.18308148,-0.23800334,-0.4500825,-0.5476793,0.16391656,0.4137348,0.08986547,0.43908063,0.2033004,-0.10699082,0.2650022,0.28324482,-0.036443315,0.14332306,0.043849815,0.5854548,-0.5962017,0.32083276,0.06515481,-0.049554836,-0.798283,0.42329025,0.019822292,0.29053342,-0.52978456,0.48767143,-0.012014285,0.48726898,0.70601785,-0.32167175,0.39044476,0.37136206,-0.25048363,0.7985635,0.6727791,0.055226922,0.6648769,0.5186335,-0.081352614,-0.61160564,0.25139925,-0.22905135,-0.22412406,-0.26612866,0.13159831,0.34890914,-0.18127291,-0.2520686,-0.5287615,0.053731106,-0.077865474,1.1113324,-0.20208034,0.13817382,0.49370903,-0.47561416,-0.12785223,-0.19486451,0.11372769,0.39732635,-0.5719979,0.37236184,-1.0447948,-0.6843127,0.100087486,-0.04821876,-0.038441345,-0.72102743,-0.695332,0.15077084,0.13812321,0.06948629,-0.119239606,0.15499547,0.18934414,0.24520981,0.50379324,-0.047761302,0.122205526,0.52016515,-0.09356853,-0.38061005,0.3173918,0.09882331,0.5323343,-0.11887446,-0.6720041,0.113393664,0.18584716,0.48916274,-0.06850311,-0.5393981,0.19616802,-0.004838731,0.21964857,-0.53868574,0.23394386,0.7324331,-0.044417158,-0.5851823,-0.3554339,0.11228613,0.22082849,0.5744908,0.49000826,-0.33944377,-0.37423575,-0.44377124,-0.5321919,0.370339,-0.4524033,-0.050427612,-0.077445865,0.4415476,0.71017176,0.29351082,0.0005363412,0.9733312,-0.0768786,0.34892026,-0.59629214,-0.118083775,0.46490386,-0.094715774,0.16962902,0.12374913,0.34640807,0.21740276,0.5328202,0.028067313,-0.10455859,-0.1847039,0.23549445,-0.5982501,-0.52323043,-0.33304623,0.3944861,0.054657444,-0.110124044,0.10899754,-0.66179425,-0.44712618,-0.1366269,-0.5265175,0.63727844,-0.03184717,-0.37518233,-0.49184847,0.6363686,0.04271716,-0.39615378,0.006171096,-0.012608696,0.11134512,0.34636274,-0.032252926,0.007820699,-0.864451,-0.116256125,0.010559671,0.0038218945,-0.16960768,-0.38244882,-0.5571697,0.3016964,0.007606853,1.1488765,0.5633685,0.301121,-0.07667746,0.47424868,0.001714393,0.31257,-0.78070927,-0.25550148,0.16996709,-0.07398239,1.0084589,-0.7236972,0.11175309,0.032998964,0.1871618,-0.096873544,-0.09736977,0.028042395,0.47610387,0.57350147,-0.32440102,-0.1152066,-0.39303732,-0.53765136,0.1385547,-0.16644219,0.12397118,0.106476195,0.482108,-0.5360972,-0.22844478,0.005370807,-1.0953064
0,-0.009403113,-0.011864353,0.060342815,-0.017285295,0.084425494,0.056830924,0.00849871,-0.022673562,0.023298714,0.010446716,-0.020711876,0.050143033,0.032214798,-0.07876516,-0.023877993,-0.026270857,0.0077127777,-0.037154075,0.038911328,0.0071268342,-0.00101199,-0.024866933,-0.06717689,-0.047001306,0.042770058,-0.0038812011,-0.007137972,-0.02713162,-0.0059623597,-0.028722353,-0.040022332,0.05535234,0.06190183,0.013386758,0.014055271,-0.02141573,0.074711315,-0.0047796625,-0.05887002,-0.01011829,-0.099703595,-0.024796277,0.014265619,0.054661736,0.04543559,-0.07734796,-0.02418376,0.012597251,0.058891706,-0.062047407,-6.260909e-05,-0.030229643,0.04698222,-0.008656111,-0.07009426,-0.013616804,-0.011415235,0.017509125,0.03661621,-0.034804985,-0.05995945,-0.048631422,0.026445623,0.03658875,-0.058062997,0.028149884,0.015140687,-0.052775253,0.072828,-0.031339966,0.03040168,-0.02122501,0.014181893,0.0430716,-0.004249014,-0.044372834,0.010503821,0.036403533,-0.09997231,-0.036016986,-0.048930947,-0.057422504,-0.015692132,-0.004069153,0.05492597,-0.04226564,0.005610871,-0.015368579,0.066478595,-0.013292875,0.0034858547,-0.020466218,0.056869533,0.032754958,0.05260066,-0.034384347,0.00073035876,0.06154366,-0.012803046,0.04225928,0.002617482,0.061490893,-0.0055545066,0.028912392,-0.06356909,-0.035427902,0.050279588,0.08877736,-0.02947189,0.01770641,-0.005444156,-0.052047063,0.01248608,0.07755753,-0.0196503,0.016115164,0.021674342,0.031581007,-0.08940351,-0.026020925,-0.057767086,0.05806559,-0.09399694,-0.10854641,-0.05066849,0.023000257,0.07632992,0.009467363,-0.043705042,0.0014584018,-0.034724142,0.010139087,-0.03024995,-0.019326828,-0.07635688,-0.00041574985,0.02712639,-0.019343525,-0.021025736,-0.03624881,0.044309217,-0.09478225,-0.08701728,-0.0023484984,-0.022778068,0.0152808875,-0.054415572,-0.045274228,-0.029448226,0.00858397,-0.039583996,-0.041979145,-0.045135476,0.053107135,0.052683666,0.04073968,-0.015016243,0.03171983,0.052217964,0.017167496,0.04306052,-0.007747991,-0.015959796,0.0065219216,0.0049707275,-0.042137224,-0.07624389,0.042767882,0.05100064,0.058700465,0.052343618,0.05858452,-0.022779165,0.08629471,0.0395253,0.009293146,-0.050718307,-0.10616188,-0.005755311,0.09373599,-0.04391298,-0.072358884,0.061623074,-0.061335955,0.0710783,-0.0049892776,0.055577483,-0.04861241,0.013380008,-0.021519002,0.019761894,0.023466785,-0.029353248,0.0583921,0.0687795,-0.04436004,-0.026106104,-0.063455336,-0.0075043924,0.0073834974,0.047118567,0.020906927,0.03224216,0.034907755,0.056030743,-0.019834794,0.017773889,-0.0017587095,0.067466065,-0.017147042,-0.058868945,0.02168712,-0.085292816,-0.03499893,0.027872793,0.04568222,0.009859419,-0.00031401962,-0.01436648,0.0042626187,0.013166281,0.022834424,0.14220144,0.038977005,-0.023601465,0.062308267,0.01134824,-0.010225128,-0.016656902,-0.054108214,-0.10076846,0.030947903,0.002403385,0.0872879,-0.015174147,-0.035557386,0.047407947,-0.047007136,0.011724215,-0.0039492734,-0.035332285,0.0035250634,0.057116136,-0.060305152,-0.032343186,-0.0497623,-0.0807405,-0.08396965,-0.028172351,-0.045458227,-0.01917817,0.030184235,0.0034573004,-0.046290826,0.016823035,-0.082705736
0,-0.12938043,0.086942315,-0.041723628,-0.0626542,0.106906295,-0.01716264,0.056649975,-0.03948284,0.1255098,0.031502888,-0.024106968,-0.009824874,0.05331773,0.03706145,-0.113905065,-0.07074025,-0.033238098,-0.12820633,-0.03680162,0.07232195,-0.084360234,-0.037766036,0.03048554,-0.10314391,0.0074084336,0.07396478,-0.06581327,-0.060929462,-0.043487478,0.021536853,-0.07867169,0.13218975,0.090604976,-0.053495605,0.098093614,-0.017756872,0.022772638,0.08462501,-0.09990843,-0.0297626,0.007383898,-0.016869942,0.07945357,0.0716576,0.045346756,-0.12859324,0.03515145,-0.005671393,0.02466337,-0.004779909,0.051670447,-0.08728474,0.113608345,-0.009206329,-0.032410834,-0.017422423,-0.0551569,0.05098502,0.12217613,0.026654266,-0.09625677,-0.12299936,-0.000747174,-0.008947874,-0.107484825,0.06795315,-0.031782806,-0.11700971,0.093690224,-0.056946266,0.052918956,-0.10801087,0.10727379,-0.0066861287,-0.0075973235,-0.033668473,0.11481713,-0.043876283,-0.14909725,-0.078105815,0.014484849,-0.14402843,-0.0045500128,-0.0770063,-0.023374496,0.0064821467,-0.052859653,-0.09569513,0.1274118,-0.11832568,-0.09154875,-0.04417472,-0.016710263,-0.0624787,0.06757531,0.04884416,-0.043342598,0.11838204,0.019750526,0.110447295,-0.026688239,0.027094128,0.025596129,0.08295976,-0.0070663076,-0.039372034,0.1009649,-0.052313186,0.0004905462,0.030786145,-0.083949134,0.008965951,0.04609827,0.1256443,-0.035202127,-0.05036728,0.111488074,-0.0073186066,0.032121733,0.059736162,-0.09251019,0.073561914,-0.13451447,-0.034684367,0.046936892,-0.018592179,0.07781578,-0.025999088,-0.019672744,-0.022947593,-0.08508016,-0.056270633,-0.12343149,-0.020862749,-0.12102315,-0.06265604,0.041549653,0.040806398,-0.07950801,-0.062394753,-0.022417963,-0.105827,-0.011458518,-0.026624192,-0.047364168,-0.04093034,-0.075041875,0.04059484,-0.07761601,-0.00982311,-0.09108041,0.030784983,-0.09364639,-0.031817462,0.067057684,0.13911128,0.034961194,0.006480135,0.042545035,-0.058076825,-0.023142727,0.05318238,0.056346036,0.06964789,0.100326866,-0.09606373,-0.030714903,0.0654991,0.083322704,-0.0053873695,-0.04754972,0.023102615,-0.024959657,-0.054878976,0.058634274,-0.0403882,0.015905326,-0.12124796,-0.078633115,0.13336685,-0.07760691,-0.12276328,0.04550118,-0.103755414,0.018184839,0.0035972781,0.061241306,-0.024466734,-0.043300673,0.05747905,0.101457536,0.07613927,-0.09368898,0.068532065,0.11703459,-0.06820444,0.05055834,0.0004582815,0.011679202,0.079573594,-0.024309678,0.052965622,0.11420898,0.112332255,-0.0127807725,-0.02548288,0.079843484,-0.0131446235,0.086918786,-0.074831724,-0.12787826,0.050248943,-0.112223476,0.07074633,0.07708559,0.061439432,-0.0006495379,0.03444646,0.05942634,0.077927485,-0.04149765,0.02407838,0.011894856,-0.05278716,-0.084107146,0.11644231,-0.048900146,-0.01765329,-0.0600658,0.049439054,-0.10800135,0.0024399236,0.021225384,-0.040726807,0.08297643,-0.059655573,0.046288487,-0.092706546,0.013985325,0.02015634,-0.045644917,-0.055538587,-0.025192477,-0.0292948,-0.02522543,-0.0049630925,-0.021309515,-0.12797691,-0.0041451044,-0.08453314,-0.058528427,-0.034860976,0.07506426,-0.022653222,0.020401057,0.038805496
1,0.40846625,-0.4096104,0.3858454,0.13611649,0.09813157,0.40803185,-0.19206843,0.048356246,-0.28793716,-0.09132108,-0.019998439,0.26948944,-0.040731065,-0.4405537,0.22492594,0.10312821,0.10289012,0.28033164,0.22282235,-0.24787381,0.32175028,0.02597602,-0.4624194,0.10305001,0.22420187,-0.26446748,0.16506557,0.003423944,0.094323896,-0.16505486,0.07309025,-0.17990947,-0.029903624,0.22076826,-0.27680373,-0.04103945,0.27481773,-0.23631662,0.07141593,0.068501174,-0.48715967,-0.103701115,-0.18357357,0.009974524,0.01873596,0.068788484,-0.1385848,0.062240534,0.19319534,-0.27709788,-0.24554464,0.18689415,-0.09652355,0.009911377,-0.25985712,-0.05683072,0.09000386,-0.113284856,-0.21359503,-0.2977732,0.055886634,0.18758036,0.058297098,0.24382927,0.07672985,-0.042769767,0.14281656,0.121289454,0.013741221,0.058448542,0.037824236,0.2902489,-0.29974878,0.18595998,0.03013859,-0.04568379,-0.4044795,0.23603557,-0.0387353,0.13162903,-0.29752332,0.22414696,-0.012062404,0.24958004,0.3892368,-0.18629763,0.20394786,0.18199596,-0.096128464,0.40429777,0.3472156,0.017879121,0.36805427,0.2825361,-0.016591765,-0.33001515,0.13096197,-0.08918524,-0.12298308,-0.11701024,0.067246914,0.20678958,-0.096771196,-0.11612257,-0.30362308,0.010168739,-0.017527165,0.61406416,-0.11959291,0.07832691,0.25141522,-0.27042764,-0.058806375,-0.064782634,0.05016066,0.21359462,-0.28491887,0.20698147,-0.5790483,-0.36524037,0.024422579,0.003208857,-0.064336166,-0.42306566,-0.38132715,0.08862666,0.10813766,0.042278208,-0.083813354,0.081753895,0.08129577,0.1307311,0.24469776,-0.03497063,0.027111217,0.26714513,-0.036685776,-0.20519227,0.15263893,0.030355513,0.29434627,-0.10570322,-0.38614154,0.0573993,0.08493235,0.25742364,-0.060953323,-0.29678282,0.08610153,0.0031545833,0.093170494,-0.29690617,0.09849644,0.40269136,0.0030881278,-0.2819888,-0.19010629,0.07301345,0.13951953,0.30208623,0.2740436,-0.1787578,-0.20189776,-0.22355051,-0.2705594,0.17018965,-0.26926315,-0.0048925392,-0.015713166,0.255577,0.38911363,0.18166173,-0.010643091,0.5421901,-0.019814678,0.18303785,-0.32945043,-0.110217005,0.23683608,-0.0025966838,0.065632515,0.02867312,0.20643717,0.08353694,0.30656904,0.012334026,-0.028445646,-0.11968605,0.12827504,-0.31822154,-0.25906917,-0.15975672,0.18862568,0.056926556,-0.021607801,0.032781504,-0.3523786,-0.2606883,-0.07408102,-0.26878613,0.34954965,-0.005915241,-0.17704234,-0.23683667,0.3529744,0.010556579,-0.19612873,0.004152406,0.0258088,0.05013652,0.1493851,-0.007736958,-0.034612942,-0.46082336,-0.047015645,0.026718266,0.006556157,-0.08743243,-0.20363636,-0.28430045,0.1614144,0.013953287,0.66017675,0.31005722,0.14306583,-0.009680532,0.24826595,-0.0040753116,0.15197834,-0.42660522,-0.1799622,0.10353912,-0.03504436,0.5599686,-0.38005,0.042626563,0.04047393,0.07466585,-0.04466965,-0.052517675,-0.002389606,0.24415961,0.32265478,-0.19783801,-0.075387515,-0.22595944,-0.31427616,0.033205967,-0.10050772,0.04041056,0.047083713,0.26167524,-0.274145,-0.13947067,0.009236652,-0.6028962
1,0.64439565,-0.63113534,0.57234377,0.22196962,0.10350463,0.5994589,-0.3029327,0.08797038,-0.46458614,-0.14530936,-0.01948503,0.39081317,-0.07978346,-0.64676946,0.3684125,0.17765497,0.15731415,0.46147317,0.3303415,-0.3904309,0.49858373,0.05310558,-0.68173736,0.1898312,0.3218836,-0.41207138,0.26117975,0.024535667,0.15262084,-0.2416427,0.13580641,-0.31563526,-0.082992285,0.34030688,-0.4409829,-0.052527335,0.3877285,-0.3700637,0.1399472,0.11225713,-0.7098904,-0.14487776,-0.29594383,-0.014364518,0.007599011,0.15239348,-0.20692976,0.08849204,0.2677682,-0.39668828,-0.37907398,0.30578828,-0.18378024,0.023286704,-0.36411852,-0.08003976,0.14938791,-0.18721434,-0.35650182,-0.4442832,0.12139256,0.3243906,0.08238109,0.35617912,0.15546998,-0.08429348,0.21627516,0.22291204,-0.013004504,0.10867785,0.034909498,0.46571437,-0.47740036,0.26860383,0.048640057,-0.049194504,-0.6373956,0.35093677,0.0017022192,0.22489728,-0.43571195,0.38135928,-0.011189863,0.39231122,0.5744062,-0.26743487,0.31449395,0.2987297,-0.19133057,0.63597155,0.5403748,0.042577192,0.5427048,0.42628834,-0.05411789,-0.49805483,0.20614754,-0.1753085,-0.18258607,-0.21084446,0.107948415,0.2889392,-0.14823171,-0.2011729,-0.43512887,0.033639498,-0.059412673,0.90848583,-0.17035002,0.11010164,0.39790833,-0.3917908,-0.10310718,-0.14414337,0.08714771,0.3245906,-0.4551635,0.30260143,-0.8504692,-0.5538537,0.071722865,-0.028593075,-0.04316897,-0.5952269,-0.5695745,0.12935448,0.12397921,0.06259757,-0.10737641,0.12550753,0.14926593,0.20524801,0.40232766,-0.041532006,0.085567415,0.41432253,-0.06764729,-0.31081462,0.2554225,0.072100684,0.43585095,-0.111032724,-0.552928,0.09319766,0.1450839,0.3944281,-0.05916164,-0.44463882,0.15386973,0.0018776953,0.1711176,-0.43990695,0.18246156,0.5953076,-0.026992276,-0.4633615,-0.28783914,0.09930561,0.18715854,0.46120137,0.40238458,-0.27669078,-0.30881268,-0.35331327,-0.42959392,0.28623626,-0.3777577,-0.03416812,-0.055012543,0.36728492,0.5802964,0.24795014,-0.0035697035,0.80278254,-0.055062965,0.2811002,-0.48523012,-0.11231854,0.37399414,-0.059894517,0.12795335,0.08802348,0.284962,0.16234782,0.43769267,0.018313412,-0.070293084,-0.15819842,0.196758,-0.48374963,-0.41726437,-0.26287964,0.3117344,0.05253142,-0.07984995,0.07770412,-0.5319042,-0.37259397,-0.11271797,-0.41864353,0.5175341,-0.02805178,-0.29622203,-0.38776228,0.5183647,0.029558137,-0.31540054,0.0076170154,0.0022451766,0.09505593,0.2674559,-0.026543345,-0.007340919,-0.69774014,-0.093895815,0.01564736,0.006176181,-0.13802542,-0.31577265,-0.44575652,0.247877,0.009660732,0.9488857,0.46167877,0.23962739,-0.056605924,0.38112244,0.0020014397,0.24530894,-0.6364157,-0.21967149,0.14662096,-0.059741322,0.8282718,-0.5817036,0.087173864,0.03734155,0.14227828,-0.07304794,-0.082880266,0.014902804,0.3787667,0.4722634,-0.2710723,-0.096831314,-0.32372698,-0.44707364,0.096757025,-0.1386525,0.09157334,0.08475452,0.3942645,-0.42888433,-0.1907031,0.0050632395,-0.8892781
0,0.3691055,-0.36481234,0.35744765,0.1211682,0.09196154,0.3620847,-0.16776192,0.04033696,-0.2587554,-0.07713708,-0.019082224,0.2435032,-0.032155268,-0.4081642,0.2061581,0.09314248,0.09578362,0.2503047,0.21013862,-0.21909091,0.28387302,0.019358683,-0.417444,0.09165175,0.19989616,-0.23878783,0.14937247,0.007128941,0.087107375,-0.15124205,0.06057252,-0.16054109,-0.021738295,0.2031196,-0.24827772,-0.03825004,0.2539728,-0.21946302,0.05460699,0.059027605,-0.45106864,-0.09086135,-0.16623367,0.014520671,0.02562005,0.056806125,-0.13434741,0.056264617,0.17734659,-0.25225973,-0.21420102,0.1603468,-0.09045884,0.010239508,-0.23574486,-0.04883953,0.08452367,-0.09947586,-0.19139594,-0.2680262,0.045639127,0.16801944,0.06272271,0.21652792,0.06769055,-0.0400483,0.13167486,0.11011077,0.026030608,0.04899567,0.026775913,0.2574068,-0.2695079,0.17518707,0.024221532,-0.048491675,-0.3602566,0.22075717,-0.0361306,0.1126799,-0.2706879,0.1948337,-0.01347854,0.22363462,0.35048974,-0.17260718,0.18186726,0.1691333,-0.08497797,0.35740867,0.31137896,0.017690632,0.333792,0.26247066,-0.0076539293,-0.30126047,0.12136134,-0.07770875,-0.10980191,-0.10800918,0.0652745,0.19037637,-0.08861808,-0.10703695,-0.27455148,0.0013920739,-0.018855294,0.5589352,-0.111878574,0.066139534,0.22785035,-0.24645673,-0.057168104,-0.051555537,0.040823266,0.19500107,-0.25181025,0.18454912,-0.5222672,-0.32808405,0.019784272,0.0068795495,-0.05896274,-0.3839882,-0.35054854,0.08742043,0.10174894,0.043834813,-0.082593106,0.073485024,0.07423675,0.12895532,0.22197773,-0.031142626,0.01934328,0.23446538,-0.024826024,-0.18812019,0.1422602,0.027292058,0.26996946,-0.10207358,-0.3524376,0.05411036,0.07303452,0.23264131,-0.05164408,-0.27853942,0.07894908,0.008166932,0.08428629,-0.27023977,0.088342726,0.36189383,0.0057796612,-0.25014362,-0.17166473,0.07281982,0.12784904,0.26984227,0.24942833,-0.16438745,-0.18820728,-0.19954596,-0.24798372,0.14402327,-0.24895617,-0.004396584,-0.011990454,0.23746777,0.35612306,0.16714159,-0.011003271,0.5010035,-0.015098505,0.16503322,-0.2975402,-0.10725472,0.21398704,0.002787605,0.05567535,0.02265378,0.18578482,0.06654544,0.2788808,0.0060078725,-0.012854919,-0.11139762,0.12369105,-0.2870069,-0.23257592,-0.14141846,0.16735531,0.052682597,-0.022204094,0.025701188,-0.31259215,-0.24235928,-0.06868121,-0.23421526,0.31453648,-0.012721801,-0.15850998,-0.20680726,0.31839544,0.00939928,-0.17407414,0.005323652,0.028934497,0.055818997,0.13017717,-0.01038955,-0.038995296,-0.41299412,-0.047386713,0.026585184,0.0093192775,-0.08112198,-0.19283608,-0.2538903,0.15142442,0.015400317,0.60406125,0.28338444,0.13008475,-0.012842622,0.22252566,-0.0007803594,0.13213938,-0.38839045,-0.16381398,0.09984987,-0.03459291,0.5139267,-0.33850047,0.037310336,0.04327312,0.06259291,-0.034393698,-0.052506074,-0.006881904,0.21629712,0.29583094,-0.17881119,-0.06687379,-0.20552972,-0.29035476,0.020667564,-0.09145312,0.035136763,0.043745887,0.24020283,-0.24434236,-0.12735808,0.00848574,-0.5408574
0,-0.15903936,0.101754166,-0.06206352,-0.07867691,0.12592696,-0.028882489,0.064870566,-0.04974811,0.15561286,0.04297407,-0.026246144,-0.027141204,0.06277263,0.0671912,-0.14655331,-0.08027141,-0.052541547,-0.14385164,-0.062291548,0.09370096,-0.10450375,-0.04362066,0.052310437,-0.12760076,-0.00068505807,0.09141373,-0.08432523,-0.08486181,-0.058345206,0.046502914,-0.091598235,0.1508717,0.101545505,-0.06316741,0.12656352,-0.022291148,0.019666651,0.11190728,-0.11543209,-0.042613566,0.017563555,-0.029574644,0.0866365,0.08104332,0.050213836,-0.15051672,0.04796417,-0.024163084,0.02323664,0.015854958,0.05421654,-0.09877007,0.141775,0.006464191,-0.036906485,-0.027890451,-0.075243264,0.05855502,0.1474669,0.034913808,-0.11084615,-0.14641827,-0.012204286,-0.017572666,-0.11899613,0.090803236,-0.056539066,-0.14806369,0.118999824,-0.06784464,0.059136853,-0.12738422,0.12709092,-0.017823003,-0.012833996,-0.025753763,0.1319752,-0.072860375,-0.18175766,-0.08698462,0.025376447,-0.1711309,0.010454934,-0.09447707,-0.032425847,0.013088286,-0.068459876,-0.12941802,0.14167136,-0.13149613,-0.10635006,-0.056564815,-0.037202053,-0.092881724,0.07515507,0.05715283,-0.06395589,0.1451967,0.029718885,0.14242682,-0.038391843,0.023123391,0.042985678,0.09334174,0.007565478,-0.035187524,0.122729935,-0.07409542,0.017174702,0.049226705,-0.0910908,0.024520226,0.06595353,0.14807582,-0.051031947,-0.0679954,0.13494015,-0.022605166,0.04369814,0.08251881,-0.104891606,0.0768924,-0.15481222,-0.016387906,0.0680584,-0.042946182,0.08444302,-0.049576584,-0.00016352534,-0.030670717,-0.10688151,-0.092035845,-0.14744155,-0.023097578,-0.1411485,-0.06677524,0.05827237,0.055405013,-0.09081286,-0.07075825,-0.029709842,-0.11519043,-0.0019274894,-0.038153138,-0.05417058,-0.049623813,-0.088383675,0.060574442,-0.08805911,-0.023138225,-0.105383,0.05025784,-0.10342194,-0.051598158,0.061832905,0.16617852,0.048093557,-0.0024421588,0.05573226,-0.07382323,-0.040606216,0.06880108,0.0776581,0.0739511,0.13018759,-0.107509166,-0.028405178,0.06456372,0.10069196,-0.014362413,-0.06354445,0.0062691495,-0.030000962,-0.08218564,0.06907609,-0.063050106,0.0217723,-0.13460489,-0.0940866,0.14275089,-0.08623211,-0.14372417,0.0646007,-0.11608626,0.014128606,0.007531412,0.06263605,-0.01110876,-0.07397839,0.069031596,0.112756684,0.08802261,-0.116308615,0.07967386,0.13429889,-0.07626267,0.06617175,0.013195138,0.01730327,0.10032471,-0.030407693,0.064616814,0.14313759,0.14198774,-0.023097677,-0.018900575,0.10368491,-0.024015378,0.10802895,-0.10736928,-0.14994466,0.060476188,-0.13754584,0.08370807,0.09894196,0.065668926,0.0018005632,0.04841007,0.077095,0.09217481,-0.05506828,0.027633443,0.0040611103,-0.07894941,-0.1110407,0.14969319,-0.06273684,-0.017391568,-0.07151711,0.072680645,-0.12866342,-0.011667691,0.027874168,-0.05551057,0.10763849,-0.08028351,0.053694215,-0.11053785,0.011683568,0.03473939,-0.054817364,-0.06965466,-0.054491438,-0.023670562,-0.029453134,0.0064352397,-0.01444136,-0.14864136,0.0032327808,-0.10088745,-0.080802605,-0.033434343,0.08866303,-0.006845325,0.024878964,0.048703503
1,0.7219154,-0.7093963,0.63195133,0.25019076,0.110101566,0.67178804,-0.34388864,0.1010639,-0.5220076,-0.16500361,-0.020124417,0.43438876,-0.093808405,-0.71362025,0.41091937,0.2001316,0.1723367,0.52165586,0.36215374,-0.44114998,0.5606854,0.061899733,-0.75998664,0.21553145,0.3588348,-0.4611075,0.29111457,0.026343547,0.17010143,-0.26624006,0.15808973,-0.35884035,-0.100986645,0.3801336,-0.49552852,-0.05737373,0.42676678,-0.41025695,0.16389248,0.1284636,-0.7843483,-0.16242981,-0.33138496,-0.022702608,0.0015040487,0.1780108,-0.22326505,0.09795422,0.29526246,-0.43917727,-0.42952117,0.3489233,-0.20761171,0.02770194,-0.40314355,-0.09232675,0.1645048,-0.21315315,-0.40211985,-0.497244,0.14211278,0.368142,0.084173284,0.39864707,0.17826147,-0.09432202,0.23994203,0.25166503,-0.024611503,0.12589778,0.041582752,0.5252393,-0.53611714,0.29345348,0.057776146,-0.04878104,-0.7185172,0.3849377,0.008214496,0.25859386,-0.4828422,0.43363494,-0.011512198,0.43899947,0.641679,-0.29376838,0.35174114,0.3333935,-0.21937698,0.7181338,0.60669976,0.047633946,0.6049628,0.47046557,-0.06834764,-0.5545669,0.22801436,-0.2009362,-0.20320679,-0.23598641,0.118869856,0.31971255,-0.16411994,-0.22495238,-0.4828596,0.04436236,-0.06594135,1.0103625,-0.18592143,0.12629205,0.44468284,-0.43363667,-0.11429565,-0.1686235,0.10067777,0.35994864,-0.51337504,0.33841887,-0.94933665,-0.6196484,0.08481043,-0.03826159,-0.043403342,-0.6597953,-0.63208985,0.13822341,0.1320327,0.06381614,-0.112056434,0.14026524,0.1679493,0.22246997,0.45175827,-0.04521356,0.102928475,0.46857333,-0.081207454,-0.34473976,0.2853334,0.08493048,0.48407,-0.11624727,-0.6134771,0.10239552,0.16578427,0.442472,-0.066236615,-0.49087793,0.17378458,-0.0030605271,0.19444503,-0.48924035,0.20708214,0.6651712,-0.03490913,-0.52375233,-0.32162118,0.10443193,0.20453745,0.51862943,0.44605392,-0.30686748,-0.3397178,-0.39904475,-0.479197,0.32914138,-0.41559637,-0.041305315,-0.064821005,0.40348125,0.6453127,0.27056065,-0.001450222,0.88640547,-0.065728426,0.31502554,-0.54212594,-0.11646962,0.4190507,-0.076376036,0.14887924,0.10413972,0.31764406,0.18973565,0.48648566,0.0242671,-0.08862005,-0.17120145,0.21389171,-0.54148114,-0.46998116,-0.29768184,0.3530347,0.05446276,-0.0932245,0.09367135,-0.5982178,-0.4089031,-0.12422225,-0.47337964,0.57862216,-0.027692044,-0.3345365,-0.43991187,0.57840437,0.036453262,-0.3554013,0.0054511465,-0.0049018674,0.09993223,0.30607197,-0.027676541,-0.0008530952,-0.7821829,-0.10299338,0.014038794,0.0042343996,-0.15301418,-0.34713352,-0.5019681,0.27357975,0.008413989,1.0498003,0.5114055,0.26929966,-0.06368463,0.42852205,0.0011044568,0.27991557,-0.7085043,-0.23963548,0.15713325,-0.0654935,0.9182216,-0.65294,0.09870498,0.03469291,0.16384834,-0.085919626,-0.08897505,0.021634493,0.4285276,0.5222964,-0.29839852,-0.1065609,-0.35918492,-0.49239153,0.11692104,-0.1527017,0.10693137,0.09389734,0.43794674,-0.48302424,-0.21007866,0.005954208,-0.9947498
1,-0.13453993,0.089165434,-0.044189062,-0.06484725,0.109473616,-0.019116746,0.057178363,-0.041176032,0.12941127,0.033995405,-0.024495415,-0.011815028,0.054863796,0.041351166,-0.11889868,-0.07209486,-0.03617449,-0.12999386,-0.041190833,0.07628983,-0.0873188,-0.038381234,0.03410508,-0.106549874,0.006056574,0.07636691,-0.06847175,-0.06402693,-0.044892434,0.025403563,-0.08000329,0.13454095,0.09179838,-0.054455843,0.10267381,-0.018482536,0.022314506,0.088026516,-0.10294162,-0.03182069,0.008669876,-0.018785,0.07996566,0.073481,0.046310756,-0.13186076,0.036575153,-0.008525839,0.02462198,-0.0016058311,0.052210003,-0.08881237,0.11752781,-0.006841313,-0.032918017,-0.019478649,-0.058208622,0.05193682,0.12556095,0.027936969,-0.09833987,-0.12665227,-0.0022882596,-0.010317665,-0.10871218,0.070669256,-0.035246387,-0.12208744,0.09768716,-0.058753427,0.053389646,-0.11057207,0.110230505,-0.0085040815,-0.008534379,-0.03266554,0.11775802,-0.048736416,-0.15383586,-0.07865643,0.016397983,-0.14815362,-0.0021773428,-0.0800813,-0.02481334,0.0072538964,-0.055035163,-0.09983253,0.1283553,-0.120757565,-0.09288187,-0.04511742,-0.020293493,-0.06679484,0.06931584,0.05018197,-0.045953326,0.12297197,0.021041548,0.116168566,-0.028358618,0.026862625,0.028078796,0.08457264,-0.005002355,-0.038433935,0.10363062,-0.055342875,0.0031068549,0.033371832,-0.08414667,0.0115562575,0.04975517,0.12866768,-0.03813965,-0.052987702,0.11479707,-0.010322488,0.03381456,0.06386325,-0.09451467,0.07448734,-0.13670829,-0.031202484,0.050116803,-0.022066273,0.078424275,-0.02952015,-0.016410848,-0.024566732,-0.08809689,-0.062591314,-0.12696235,-0.020643577,-0.12382282,-0.06260763,0.043859728,0.042840645,-0.080906816,-0.06322237,-0.024181092,-0.10709493,-0.010393877,-0.027774233,-0.04881816,-0.042644374,-0.07739507,0.04306379,-0.07867108,-0.011314526,-0.09231016,0.03378656,-0.095124274,-0.035425395,0.06565974,0.14326069,0.03714768,0.005309589,0.044978954,-0.060481507,-0.025671048,0.055238783,0.059040606,0.069768414,0.105070084,-0.098003,-0.030370334,0.06559803,0.08588216,-0.0066537894,-0.048805635,0.020824596,-0.025744386,-0.058695976,0.059905298,-0.044325862,0.016375063,-0.12302832,-0.08023422,0.13448247,-0.0790273,-0.12553996,0.048504516,-0.10555814,0.017486164,0.003512919,0.061239697,-0.022831745,-0.048517674,0.060282122,0.10355102,0.07823624,-0.09764102,0.06992067,0.1188929,-0.06891748,0.053453356,0.00268187,0.012710175,0.08248079,-0.025738861,0.05382897,0.11835724,0.1165511,-0.014472762,-0.02494026,0.08445938,-0.015243042,0.090310976,-0.079356216,-0.13120802,0.05104985,-0.11618872,0.07290937,0.07959787,0.061858058,0.00046750158,0.035986733,0.061469737,0.0804651,-0.04317664,0.024717767,0.01069415,-0.056615636,-0.08832691,0.121153384,-0.051217437,-0.018153723,-0.06093464,0.053007495,-0.11071204,0.00032827258,0.022172967,-0.04254562,0.087142214,-0.06358804,0.04795654,-0.09514582,0.013780206,0.022569736,-0.04726562,-0.058130935,-0.029671468,-0.028447263,-0.025726633,-0.0035707,-0.020241762,-0.13155986,-0.0035152622,-0.08657771,-0.06225254,-0.034062114,0.07732355,-0.019719973,0.021820657,0.04039023
1,0.07665211,-0.09086619,0.12580033,0.014599526,0.08633823,0.12634952,-0.030235693,-0.0075152875,-0.038811594,-0.011478882,-0.020628195,0.09255417,0.017420016,-0.15164357,0.02839905,0.00034017488,0.02786283,0.02628608,0.07645364,-0.044243325,0.06443742,-0.014074016,-0.14713885,-0.01573852,0.07930906,-0.05586689,0.028704742,-0.020516634,0.014451732,-0.05687079,-0.017759852,0.008185923,0.043720964,0.053473588,-0.045301713,-0.02405063,0.11353354,-0.052318137,-0.031812783,0.0064483723,-0.17578,-0.03927483,-0.02615478,0.045310397,0.03917115,-0.047141902,-0.048191227,0.023719389,0.08519373,-0.10529174,-0.04861214,0.011661269,0.01765263,-0.005692452,-0.10655406,-0.021314997,0.011244482,-0.0082440525,-0.013605993,-0.086980365,-0.0355717,-0.0011398792,0.03316743,0.07751617,-0.030467566,0.012508984,0.040577732,-0.015244715,0.0600401,-0.013168039,0.031910993,0.04096451,-0.049345482,0.07231836,0.0027285889,-0.04452248,-0.07257483,0.07735957,-0.08712563,-0.003300555,-0.09966476,-0.00061596185,-0.013671346,0.048002012,0.12080759,-0.07068707,0.045248672,0.024522927,0.033830307,0.070296526,0.07168082,-0.012916978,0.11922254,0.08300171,0.03826081,-0.09295432,0.028931102,0.029331218,-0.03531298,0.0072974227,0.015673492,0.08853844,-0.024782278,-0.0021105558,-0.111873515,-0.027053565,0.034601532,0.1946684,-0.049569998,0.028311003,0.04629852,-0.096799344,-0.0030803028,0.04693383,-0.0042173304,0.056227863,-0.039966993,0.06682093,-0.18546009,-0.09460424,-0.040251143,0.045671195,-0.08672481,-0.17019197,-0.11714025,0.03692731,0.08236286,0.018216684,-0.05293268,0.018381706,-0.011337091,0.036143955,0.024998087,-0.023056325,-0.05440854,0.05189391,0.0138451755,-0.05713103,0.014559697,-0.02419623,0.094615966,-0.09654568,-0.14539869,0.010531811,-0.0003819391,0.06410477,-0.05441705,-0.095302925,-0.0062700175,0.007708639,-0.013182081,-0.09318576,-0.015880767,0.12323058,0.04291852,-0.024932913,-0.05049309,0.04013958,0.06949526,0.073273,0.0898411,-0.042640097,-0.054908395,-0.037941538,-0.050467025,-0.0005049296,-0.11463625,0.032980025,0.036446486,0.098210216,0.1179115,0.08457721,-0.020356935,0.17828338,0.027262127,0.04413615,-0.10456068,-0.10654496,0.043122217,0.07448987,-0.022274382,-0.052034438,0.08867048,-0.032533865,0.11697827,-0.0018646792,0.037700668,-0.06317644,0.03881994,-0.08192845,-0.036420785,-0.013620023,0.014813203,0.057426352,0.050850958,-0.029982578,-0.09104082,-0.10334703,-0.021837227,-0.047002323,0.10699256,0.014133943,-0.009446535,-0.01967619,0.11477681,-0.014363486,-0.026434615,0.0010308363,0.058117546,-0.0012676194,-0.016993165,0.0151985325,-0.07280831,-0.11950042,0.011674479,0.041182984,0.007769121,-0.018580996,-0.053349193,-0.05427362,0.043651763,0.02048541,0.24529365,0.09414681,0.010496736,0.045800846,0.05859675,-0.008666992,0.015431799,-0.12836148,-0.11534475,0.047429483,-0.0044831624,0.18198684,-0.08830777,-0.016270528,0.04602281,-0.02269075,0.0003585741,-0.01521541,-0.028231679,0.050057925,0.11115085,-0.08805012,-0.04001452,-0.0841508,-0.12671454,-0.058812603,-0.04258022,-0.02878547,-0.0046136477,0.07516147,-0.052047048,-0.06495466,0.013108861,-0.18507646
1,0.53779036,-0.52917105,0.48861194,0.18304832,0.099925876,0.50919706,-0.25149137,0.069588125,-0.38504744,-0.11945972,-0.019372903,0.33489326,-0.06176492,-0.5544068,0.30491,0.144834,0.1333475,0.37987974,0.28308293,-0.32422194,0.41671404,0.040650208,-0.5802358,0.15164378,0.275544,-0.34504244,0.21838826,0.01696555,0.12702392,-0.20670536,0.10679274,-0.25471532,-0.05895133,0.28687945,-0.3665751,-0.047059547,0.33614796,-0.31148025,0.10801323,0.091751546,-0.6092647,-0.12487553,-0.24537115,-0.0030625649,0.014424533,0.115006775,-0.17808972,0.07638614,0.2328965,-0.34133112,-0.31615087,0.25058952,-0.14625956,0.017425444,-0.3154341,-0.06812556,0.12372045,-0.1532245,-0.29220712,-0.37677482,0.09206377,0.26356852,0.07336167,0.3031754,0.120922625,-0.066964634,0.18373819,0.17822316,0.00049204007,0.08575703,0.033095665,0.38535678,-0.39659953,0.23185466,0.03916461,-0.048196916,-0.5305937,0.29986864,-0.0140811205,0.18140873,-0.37224892,0.3099668,-0.011917293,0.32712322,0.48864862,-0.23122445,0.26374924,0.2474171,-0.14952223,0.52928865,0.45220912,0.03282927,0.46226677,0.36218783,-0.036177516,-0.42156172,0.1730044,-0.13686998,-0.15510684,-0.16971526,0.090153195,0.25071824,-0.12524514,-0.16375397,-0.37376446,0.02171895,-0.042992875,0.7737134,-0.14741816,0.09423673,0.33201432,-0.33586234,-0.08435982,-0.10827375,0.06972421,0.27494013,-0.37726742,0.25745302,-0.7244455,-0.46739876,0.05121515,-0.01434404,-0.05018591,-0.5145841,-0.48470783,0.1125589,0.11602968,0.05483154,-0.09769086,0.105611734,0.1200719,0.1740251,0.33246619,-0.03798083,0.05917918,0.3459394,-0.052277263,-0.26307467,0.2108475,0.054064043,0.3717214,-0.10750684,-0.47584563,0.077769816,0.11765829,0.33208087,-0.05779167,-0.37903798,0.12411547,0.004049156,0.13673288,-0.37443575,0.1455622,0.50553316,-0.014021635,-0.38138616,-0.2433631,0.08872619,0.16493395,0.38746107,0.34342998,-0.23319224,-0.26182377,-0.2938367,-0.3585398,0.23243377,-0.3284637,-0.022176396,-0.038164433,0.31692263,0.49369165,0.21762949,-0.006501075,0.68567365,-0.03932178,0.23613544,-0.4130357,-0.11048248,0.3120013,-0.034867086,0.099977165,0.062351175,0.24772893,0.12606512,0.3770621,0.014182858,-0.049234897,-0.14045577,0.16731288,-0.40809458,-0.34561047,-0.2159644,0.25589737,0.05318796,-0.056207813,0.057128556,-0.44792905,-0.3219898,-0.09542982,-0.34916332,0.43926316,-0.02039926,-0.24254526,-0.3182726,0.44214055,0.021220237,-0.26086408,0.0067076124,0.013047446,0.07810165,0.2144129,-0.01994617,-0.019658111,-0.58877516,-0.07521284,0.020136535,0.0073465332,-0.115696445,-0.26727667,-0.37199754,0.20975648,0.012276437,0.81626916,0.39261717,0.19661307,-0.038501736,0.3197667,0.00018332107,0.20197237,-0.5405809,-0.19919722,0.1281004,-0.0489862,0.7064692,-0.48857695,0.06765002,0.039370373,0.11217383,-0.058661155,-0.070492476,0.0066651367,0.31625462,0.40408742,-0.23659053,-0.085543156,-0.27880204,-0.3865794,0.06777893,-0.121032655,0.06884773,0.06849908,0.3347019,-0.3579659,-0.16623509,0.007138569,-0.75605845
0,-0.1221322,0.08356981,-0.037400547,-0.059797987,0.10220599,-0.014399212,0.056250587,-0.037978444,0.118347846,0.029373825,-0.0238825,-0.0072621126,0.05099295,0.030176114,-0.10642079,-0.069340765,-0.02833538,-0.12482323,-0.029254762,0.06763443,-0.080957614,-0.036555044,0.026061334,-0.09833022,0.007117346,0.071022026,-0.061875686,-0.05630131,-0.041080195,0.015994672,-0.07521877,0.1277743,0.08866604,-0.05074235,0.09216955,-0.017781265,0.024018478,0.077849396,-0.09621582,-0.026833236,0.005127359,-0.014673211,0.07664013,0.07005893,0.044786997,-0.12287098,0.030508392,-0.0014757682,0.025325015,-0.009376381,0.051205583,-0.08513171,0.10741079,-0.012864955,-0.031124609,-0.013456985,-0.051055208,0.050186645,0.11596226,0.025678534,-0.09461073,-0.1186477,0.0020908415,-0.008622064,-0.10417089,0.06269825,-0.026932878,-0.109753855,0.088735946,-0.05555528,0.05008357,-0.10475914,0.102503106,-0.0039478056,-0.0074952208,-0.035681218,0.11160406,-0.036362343,-0.14187256,-0.077117786,0.012266848,-0.13826564,-0.0076000467,-0.073128864,-0.021632481,0.0038219988,-0.04906475,-0.08849077,0.12438454,-0.115059644,-0.08806817,-0.041990027,-0.013722632,-0.055009462,0.065956235,0.045536563,-0.039843645,0.11280831,0.016967,0.10201065,-0.0245432,0.02711631,0.022555823,0.07974805,-0.009927744,-0.040464517,0.09441082,-0.046974506,-0.0027349927,0.026599754,-0.081211224,0.0060144877,0.041973174,0.12207792,-0.03338879,-0.046501286,0.10652833,-0.0054449337,0.029922213,0.054500245,-0.08991273,0.073549934,-0.12976074,-0.038014688,0.042180028,-0.012525883,0.077140525,-0.020654622,-0.023471158,-0.021019686,-0.07910317,-0.047153484,-0.11840004,-0.020509064,-0.11679149,-0.062152673,0.039389182,0.037527815,-0.07714615,-0.060571007,-0.020786308,-0.10402863,-0.013144394,-0.024295706,-0.046059318,-0.04024265,-0.07091305,0.03590575,-0.07559811,-0.006121464,-0.08898771,0.0260595,-0.0911046,-0.028144691,0.06895726,0.13206494,0.032474708,0.008079901,0.03992686,-0.054692354,-0.019301748,0.04955439,0.050839424,0.06792104,0.093161196,-0.09337735,-0.03143525,0.06500031,0.079282984,-0.0031879544,-0.044238035,0.026820473,-0.024184806,-0.04704338,0.057186954,-0.036164105,0.014632871,-0.11856718,-0.076334454,0.13077858,-0.07532787,-0.1171727,0.040490158,-0.101261705,0.018612776,0.0021989346,0.061271742,-0.026867986,-0.03651844,0.05361473,0.098778054,0.073368974,-0.08848989,0.066318825,0.112991534,-0.06744585,0.04722074,-0.002584681,0.011261888,0.07478695,-0.022226123,0.049329802,0.107130095,0.10606025,-0.011232045,-0.026359173,0.07377711,-0.011506323,0.083114125,-0.06822448,-0.123237714,0.04750593,-0.10683109,0.067337625,0.07058642,0.05976872,-0.00089729764,0.031382624,0.055157427,0.07476133,-0.03888094,0.023000717,0.014356066,-0.046702154,-0.07870606,0.10835144,-0.046228163,-0.016674433,-0.058423698,0.04470652,-0.10269502,0.005692981,0.020320956,-0.03666724,0.07808411,-0.05565019,0.045570485,-0.08792643,0.015565604,0.017059574,-0.04376913,-0.052768737,-0.019262947,-0.030438531,-0.024553934,-0.006804226,-0.022584824,-0.12257813,-0.005972348,-0.08125529,-0.05280206,-0.034688562,0.072833665,-0.025395408,0.01980175,0.036569737
0,-0.10532196,0.062943466,-0.011980873,-0.05480159,0.09780893,-0.001788523,0.045251373,-0.039734803,0.09884359,0.03122611,-0.02358779,0.0027538147,0.051756777,0.007621981,-0.09268017,-0.05877734,-0.025016038,-0.1021384,-0.013665987,0.05982079,-0.06921394,-0.038993575,0.009737726,-0.094093814,0.010290947,0.053770967,-0.055841997,-0.052750662,-0.034301747,0.010908853,-0.06858857,0.107842684,0.083338484,-0.031946477,0.08243179,-0.022966312,0.037322048,0.059809912,-0.09521126,-0.02763078,-0.025684401,-0.019522667,0.056811295,0.06783601,0.050975747,-0.11765382,0.013105899,-0.007540768,0.035224803,-0.015686449,0.041137822,-0.073386036,0.09278445,-0.0024046078,-0.04251363,-0.018478334,-0.046398755,0.043074492,0.09920867,0.013014833,-0.08996515,-0.10420185,0.009019278,0.0009875027,-0.09255952,0.058942065,-0.021727687,-0.10671417,0.09697012,-0.05171394,0.042172078,-0.085746616,0.084146984,0.008427478,-0.007585177,-0.040155195,0.089693874,-0.021679565,-0.13623142,-0.06805524,0.0014199205,-0.12544002,-0.009014243,-0.061101165,-0.005183518,-0.009291552,-0.037887562,-0.07394562,0.10804738,-0.092293985,-0.06474236,-0.03697797,-0.004779814,-0.03612586,0.06838815,0.024340164,-0.037775025,0.10746422,0.013095105,0.09461796,-0.015724074,0.039007436,0.021290192,0.06601218,-0.017007023,-0.037671674,0.08632854,-0.015686499,-0.002727896,0.025043964,-0.05891921,-0.0049088607,0.038804814,0.118643984,-0.03796772,-0.034794703,0.09135974,-0.0028571477,0.000105333515,0.04492037,-0.085477546,0.07103809,-0.12044611,-0.04923714,0.023310155,-0.0065834485,0.076436125,-0.017473858,-0.02139743,-0.019345347,-0.073349714,-0.038476292,-0.09938599,-0.017672714,-0.10940295,-0.04728591,0.044767316,0.023611106,-0.06351842,-0.050960444,-0.005250143,-0.10324661,-0.032903936,-0.02014935,-0.045444816,-0.028348543,-0.06998483,0.013407936,-0.05962067,-0.0049957484,-0.07501978,0.0134697305,-0.07992092,-0.01443197,0.059931975,0.115668744,0.024034387,0.014607821,0.043774776,-0.03897363,-0.008843901,0.03635745,0.03817004,0.04921665,0.074652165,-0.08413972,-0.04168331,0.055952206,0.076996356,0.014330976,-0.018669654,0.024989042,-0.025771018,-0.016637292,0.054541074,-0.032003656,-0.0022610165,-0.11890332,-0.060711123,0.11965424,-0.0680737,-0.106960066,0.052493297,-0.09598586,0.032511633,-0.0014374778,0.06534093,-0.02705112,-0.030408345,0.038858026,0.078250736,0.063871495,-0.08124076,0.0675289,0.099912226,-0.06129951,0.032957282,-0.019079236,0.00829583,0.06697941,-0.0059435945,0.039942205,0.08962869,0.09690179,0.0038135848,-0.019272253,0.06994049,-0.013728134,0.08659344,-0.059739202,-0.11104937,0.040935796,-0.11373356,0.04534044,0.062218055,0.05532068,0.007974741,0.025742661,0.03805184,0.06210677,-0.024803732,0.027724193,0.04490573,-0.029469445,-0.07141245,0.102265775,-0.03486816,-0.012853384,-0.050462157,0.02249102,-0.10601984,0.007071752,0.01305908,-0.006692311,0.061783444,-0.06292641,0.049858622,-0.082674645,0.015452407,0.015198527,-0.04635074,-0.04053886,-0.005802691,-0.033282727,-0.028928418,-0.01265758,-0.03726318,-0.12190366,-0.008737637,-0.07143983,-0.04997115,-0.013287666,0.058711477,-0.024266358,0.022163756,0.008428321
0,0.222288,-0.22137372,0.2432844,0.067488864,0.08435628,0.2321395,-0.09382606,0.014851697,-0.14905971,-0.039674927,-0.01889342,0.16360247,-0.0061422735,-0.28164828,0.12195318,0.049166445,0.063819386,0.13740201,0.14772494,-0.12638855,0.16794568,0.002554547,-0.27421927,0.041087657,0.13312249,-0.14637077,0.08975214,-0.0012752247,0.05200539,-0.10319294,0.019443236,-0.077351026,0.011263091,0.13002591,-0.14576247,-0.030266222,0.18241905,-0.14045775,0.008928828,0.02963854,-0.31410092,-0.060845155,-0.09716518,0.030976806,0.035772238,0.0059945956,-0.09782112,0.0376296,0.12810725,-0.17419165,-0.12314634,0.08115568,-0.04212376,0.0030826703,-0.16593507,-0.030950554,0.051473685,-0.051883444,-0.103960276,-0.17229317,0.005786199,0.08549677,0.054689094,0.14011757,0.021353427,-0.015886985,0.08671079,0.051046573,0.04843941,0.016849536,0.019398721,0.1466652,-0.15889928,0.12596291,0.009362854,-0.04802545,-0.2104797,0.15363872,-0.0536806,0.05182577,-0.18153718,0.0955284,-0.014206298,0.1339934,0.22828434,-0.1218067,0.110868216,0.10118782,-0.029810082,0.20761329,0.18852724,0.0061170906,0.22110885,0.17694247,0.017141148,-0.19648886,0.07729067,-0.02610536,-0.07021145,-0.055221103,0.04356803,0.1361118,-0.05701682,-0.05789989,-0.18713461,-0.016405888,0.000712255,0.37035292,-0.08148998,0.040800083,0.13765396,-0.1684006,-0.033925578,-0.0021001473,0.015184095,0.12651949,-0.14287153,0.12015551,-0.3443132,-0.20614412,-0.0073984675,0.025895175,-0.065594025,-0.26839176,-0.23387909,0.066618085,0.08829145,0.035303015,-0.07076397,0.045858264,0.035248175,0.09052114,0.12689735,-0.024810906,-0.01643861,0.13680515,-0.0010503381,-0.123382814,0.08339836,0.0038960911,0.18125466,-0.09648372,-0.24324286,0.032993883,0.03451226,0.1454801,-0.0438607,-0.19066225,0.039232533,0.012817524,0.038750015,-0.17914881,0.039718937,0.23478177,0.021507565,-0.13580638,-0.10966538,0.060891204,0.09654397,0.16525456,0.16705479,-0.10634747,-0.1258809,-0.11681168,-0.1524229,0.06594527,-0.17988846,0.010773506,0.009398738,0.1690463,0.23581639,0.124430634,-0.015887454,0.34165576,0.0065972283,0.101994276,-0.1957325,-0.1030221,0.12931217,0.035640188,0.01609926,-0.011804596,0.13122883,0.014663901,0.19232665,-0.0019561835,0.01960808,-0.08677389,0.085995,-0.18074954,-0.13376758,-0.076807454,0.090458214,0.05074658,0.006124016,-0.0020367317,-0.19265157,-0.17331551,-0.04626493,-0.1340789,0.2046873,-0.007755903,-0.08453223,-0.10877493,0.20959626,-0.0019871145,-0.09860357,0.005786542,0.04336191,0.039280314,0.057135664,-0.0030320822,-0.054945517,-0.25910696,-0.024712607,0.031253554,0.0119914,-0.05084348,-0.12933186,-0.1506525,0.10124952,0.018894576,0.41871303,0.18797883,0.0722041,0.0074970797,0.13579477,-0.0013961797,0.07004861,-0.25543234,-0.13141991,0.075882345,-0.022595912,0.3465419,-0.20734721,0.0118054785,0.046511594,0.02045102,-0.01236314,-0.037530877,-0.019021142,0.12772727,0.20125821,-0.1284143,-0.049838975,-0.14088331,-0.20687018,-0.01970356,-0.06523384,0.004873071,0.022827504,0.15856601,-0.1443616,-0.09252033,0.009925336,-0.35145602
0,-0.07684923,0.039283823,0.010831974,-0.044714905,0.094720066,0.014964335,0.03396444,-0.035830356,0.0763011,0.026507528,-0.022252046,0.016216971,0.046014052,-0.018215872,-0.07166497,-0.047926374,-0.01621863,-0.08215833,0.0026120339,0.04517772,-0.049840003,-0.03521245,-0.013176251,-0.08073404,0.019208008,0.036416985,-0.04137838,-0.0460307,-0.02628227,0.00042124093,-0.06044308,0.09302333,0.07778025,-0.01653275,0.06304842,-0.02361029,0.051017452,0.039350193,-0.083952755,-0.02240932,-0.049836397,-0.022956952,0.042915426,0.06481287,0.050493177,-0.1067805,0.0015893541,-0.0038497765,0.042288303,-0.028532311,0.028622016,-0.061144788,0.079632185,-0.0031677298,-0.051161654,-0.018403575,-0.036650866,0.0356803,0.0810024,-0.0034958394,-0.08079115,-0.08617477,0.013687892,0.01112278,-0.08161558,0.050072204,-0.012136236,-0.091733634,0.09304825,-0.046218134,0.037514634,-0.06584143,0.06366421,0.01823154,-0.0071142754,-0.041064486,0.06421411,-0.004917115,-0.12656257,-0.05861287,-0.013004655,-0.10587299,-0.010869732,-0.044386532,0.012248791,-0.019754212,-0.025277656,-0.056520272,0.09510055,-0.06694661,-0.043444797,-0.031578112,0.013399066,-0.016015328,0.06410695,0.0054128775,-0.02756028,0.094979696,0.005341502,0.08091913,-0.010630581,0.045549594,0.014292257,0.055320226,-0.029723126,-0.036170017,0.07558357,0.016058752,-0.009668548,0.024305876,-0.041722886,-0.018752,0.031580623,0.1084266,-0.034596734,-0.019214144,0.07103157,0.005999797,-0.028029189,0.024640372,-0.07724078,0.06732974,-0.11329079,-0.06647913,0.00066082645,0.001419548,0.07704564,-0.010320995,-0.026112434,-0.013150852,-0.06137216,-0.025512796,-0.078537285,-0.017733842,-0.100679316,-0.0323184,0.04160049,0.011560035,-0.05013194,-0.047049034,0.011191564,-0.10077949,-0.049825016,-0.016293842,-0.038386323,-0.014978118,-0.06559296,-0.004882195,-0.05033438,-0.0015324727,-0.06404479,-0.0026815692,-0.068933226,0.0052122124,0.056688055,0.09299434,0.01215724,0.020675203,0.047013476,-0.021810338,0.00618924,0.022078939,0.021605644,0.035097864,0.053819146,-0.070809744,-0.05293417,0.051010408,0.06921755,0.028072808,0.004250847,0.033637397,-0.026087362,0.014779065,0.051137105,-0.021301316,-0.018020317,-0.11663663,-0.043376252,0.11050022,-0.06086777,-0.09602174,0.05751983,-0.08586007,0.044034667,-0.0028556436,0.06296398,-0.03289837,-0.018270928,0.019652579,0.059522312,0.051605895,-0.06611635,0.06517679,0.08948747,-0.056554794,0.01616697,-0.033359237,0.0031619705,0.049966574,0.010887485,0.033624917,0.07409841,0.08022307,0.019916313,-0.01849422,0.056099083,-0.011011597,0.08341571,-0.048099704,-0.09572239,0.034818035,-0.10734144,0.019977938,0.05178184,0.053077325,0.0090094805,0.018744998,0.02133818,0.0445265,-0.012920068,0.027027037,0.07609828,-0.009975917,-0.057653137,0.091889665,-0.020953594,-0.0107604135,-0.040332496,-0.0007829787,-0.10578889,0.013523225,0.009717575,0.023029374,0.03925557,-0.05685418,0.05003486,-0.071881086,0.014384847,0.009146646,-0.044057168,-0.02754494,0.011085225,-0.042238474,-0.030449793,-0.023455862,-0.051660534,-0.111067384,-0.014606893,-0.06474477,-0.04166629,0.0024455697,0.041726314,-0.02970993,0.022006629,-0.020157225
0,-0.17777511,0.10861827,-0.07336618,-0.087454624,0.13691962,-0.033964176,0.067877255,-0.055014804,0.17395967,0.047501877,-0.027062807,-0.037152067,0.06781588,0.084606454,-0.16579843,-0.085672885,-0.06451334,-0.15210009,-0.076871604,0.104270205,-0.1154921,-0.045978904,0.061614916,-0.14143316,-0.0037488132,0.10068382,-0.09544777,-0.09880736,-0.0666821,0.059384454,-0.09928353,0.16226408,0.10707232,-0.069927625,0.14101893,-0.024334615,0.016524483,0.12807156,-0.12340702,-0.048063293,0.021869097,-0.03507054,0.0907934,0.08449677,0.052474435,-0.16377895,0.05726032,-0.035128146,0.0223898,0.02691903,0.05685164,-0.10490421,0.15733974,0.014890697,-0.039127644,-0.035582297,-0.0857016,0.062236466,0.16291866,0.038546175,-0.117930755,-0.15740098,-0.020228088,-0.020422049,-0.12664036,0.10442306,-0.06974416,-0.165519,0.13312781,-0.07198332,0.06499028,-0.13671346,0.13968392,-0.024359677,-0.014850853,-0.020395707,0.14099708,-0.089428544,-0.20024902,-0.093907654,0.03235317,-0.18563735,0.017056014,-0.1030403,-0.03705973,0.01885707,-0.07805894,-0.14854401,0.15207587,-0.13805166,-0.116050586,-0.06349622,-0.04720414,-0.110406615,0.078605466,0.062039442,-0.076000996,0.1597385,0.036997102,0.15986544,-0.045067243,0.021099837,0.051796608,0.100189224,0.015266145,-0.03336466,0.13732308,-0.08681493,0.02570121,0.060911987,-0.09718733,0.031392347,0.07527534,0.16112292,-0.057935074,-0.07763175,0.14704604,-0.02962654,0.048914697,0.095344976,-0.11241103,0.077567905,-0.16777402,-0.010108773,0.0801432,-0.055643268,0.08784877,-0.063870475,0.011065781,-0.034869358,-0.12110363,-0.11099076,-0.16142842,-0.024463218,-0.15329139,-0.06923082,0.065084204,0.06334519,-0.09835858,-0.07534205,-0.033986926,-0.12184565,0.0025058351,-0.04623625,-0.05894659,-0.05198511,-0.097310275,0.07271693,-0.09399076,-0.033697516,-0.11349103,0.061215352,-0.11011863,-0.059894964,0.058969453,0.18049528,0.05346383,-0.0077023134,0.061864074,-0.08307569,-0.04959029,0.07803759,0.090510204,0.078559965,0.1468963,-0.11399825,-0.026444135,0.06552692,0.109684125,-0.019800384,-0.07403907,-0.004043065,-0.032339215,-0.09981382,0.07477884,-0.073292956,0.024671918,-0.14387164,-0.10356538,0.14875132,-0.08967908,-0.15601747,0.07629955,-0.12329514,0.013071572,0.009998292,0.06313307,-0.003883984,-0.08925074,0.07482315,0.118596345,0.094288066,-0.12819478,0.0854343,0.14536315,-0.08045487,0.07258761,0.018633965,0.019781215,0.112037055,-0.033422057,0.07312066,0.15838851,0.15814042,-0.026891906,-0.014383435,0.11640752,-0.029982075,0.11861319,-0.12602332,-0.16104096,0.06757509,-0.15168858,0.09119862,0.11323995,0.06879194,0.0016781371,0.05655578,0.0883234,0.09937859,-0.06320791,0.030871205,-0.0015522242,-0.094914,-0.12566894,0.17036355,-0.07029037,-0.017332332,-0.07853454,0.083556615,-0.14185733,-0.01971386,0.031837683,-0.06490119,0.11873916,-0.09185465,0.054317478,-0.12144528,0.010183644,0.042065784,-0.060092706,-0.07574469,-0.06974646,-0.020858606,-0.031491246,0.01212064,-0.011242118,-0.16053885,0.009589005,-0.11007066,-0.092983015,-0.034451045,0.09566483,0.0005499907,0.028289102,0.053852938
1,0.51974326,-0.5152544,0.47310373,0.17642365,0.10275612,0.5004769,-0.24580419,0.066727586,-0.3707105,-0.1166065,-0.019870602,0.32772267,-0.05935496,-0.5373372,0.29086894,0.13776411,0.12716852,0.36621064,0.2719213,-0.31540158,0.40549767,0.03831905,-0.5669047,0.14342889,0.27121344,-0.33368358,0.21002683,0.012162946,0.12151679,-0.20018426,0.10270821,-0.24351388,-0.055129085,0.27796113,-0.35437083,-0.04698154,0.32879326,-0.29809833,0.10342935,0.0892153,-0.59310275,-0.1244019,-0.23557942,-0.00096991286,0.013207123,0.1076342,-0.16899656,0.07455503,0.22894806,-0.3339548,-0.31023195,0.24359348,-0.13627656,0.016535226,-0.31036574,-0.06926173,0.11637773,-0.14895038,-0.2803523,-0.3682445,0.08641581,0.25189728,0.06802651,0.29774457,0.11303002,-0.061223038,0.17707069,0.16791937,0.0017277747,0.08208209,0.03801036,0.37285838,-0.383366,0.22389747,0.03945359,-0.047030378,-0.51546425,0.28824323,-0.021621726,0.17650609,-0.36280933,0.29825526,-0.011914194,0.31611925,0.4785636,-0.22426149,0.2554645,0.23593426,-0.14013837,0.5150069,0.43895036,0.028630398,0.45196664,0.3488342,-0.034687445,-0.4096901,0.16569784,-0.12835038,-0.15104942,-0.1586056,0.08545199,0.24678189,-0.12040864,-0.15481384,-0.36669537,0.021723077,-0.03479763,0.75379485,-0.14314964,0.09586379,0.3198713,-0.32710415,-0.078473575,-0.10091116,0.06733666,0.26555023,-0.36525193,0.25282466,-0.70942426,-0.45525554,0.045657165,-0.011493694,-0.056619916,-0.50601864,-0.47032973,0.10597732,0.11660604,0.04936119,-0.09381141,0.1023496,0.11254209,0.16344248,0.3183743,-0.03856266,0.053666443,0.33828816,-0.051344167,-0.2542502,0.20088995,0.050193816,0.36180657,-0.10941796,-0.4662757,0.073371276,0.11366205,0.3232427,-0.062051084,-0.36634502,0.11716905,0.0013260134,0.12951447,-0.3646777,0.13745685,0.49460465,-0.010808654,-0.3675173,-0.23626748,0.08448016,0.16300279,0.37807816,0.33466735,-0.22417405,-0.25083947,-0.2858202,-0.34453204,0.2257581,-0.3214535,-0.017883133,-0.033161625,0.30767384,0.4804405,0.21298674,-0.0069191717,0.66445416,-0.0363843,0.22956656,-0.4046387,-0.1122718,0.30139184,-0.029127508,0.09532943,0.055244364,0.24578293,0.12071411,0.3700238,0.015849657,-0.04885377,-0.13755023,0.15823194,-0.3969788,-0.33381125,-0.20828693,0.2469035,0.055571556,-0.04828456,0.054446854,-0.43850312,-0.31300038,-0.091901824,-0.34084952,0.42987105,-0.014215002,-0.23206349,-0.30803886,0.43266457,0.019937947,-0.25207654,0.0043450333,0.015388366,0.06852976,0.20462385,-0.015349645,-0.023273248,-0.5744589,-0.06758221,0.022204548,0.006172437,-0.11069466,-0.2551337,-0.36132288,0.20124371,0.012158569,0.79792964,0.3804628,0.18769193,-0.029404972,0.31193033,-0.0019776938,0.19737652,-0.5258769,-0.20049633,0.12270309,-0.045505676,0.6873118,-0.47555983,0.062354017,0.038490087,0.10591639,-0.058731064,-0.065845706,0.005708702,0.30897474,0.39276886,-0.23299491,-0.085972875,-0.2733436,-0.3774291,0.06238607,-0.11873965,0.06385887,0.06294897,0.32507268,-0.34787512,-0.16384801,0.008358702,-0.74097234
0,-0.16319536,0.103606105,-0.06492092,-0.08021388,0.1286946,-0.02996139,0.065968975,-0.050825715,0.1596984,0.044133566,-0.026393898,-0.029199624,0.06394522,0.071242064,-0.15123442,-0.08164589,-0.054965407,-0.1455151,-0.06551818,0.09568393,-0.10682051,-0.044271916,0.054868385,-0.13060571,-0.0013911021,0.09371765,-0.08682519,-0.08785663,-0.060349483,0.04937857,-0.09349615,0.15365328,0.10271938,-0.06487518,0.13008922,-0.022638118,0.019401405,0.115671836,-0.117282584,-0.0441843,0.018884346,-0.030981153,0.08801338,0.08172463,0.0507778,-0.15363017,0.050291806,-0.026661774,0.023490425,0.018713169,0.05433795,-0.099949375,0.14569044,0.008413326,-0.03757043,-0.029748742,-0.07829504,0.0593184,0.15127558,0.035709396,-0.112651,-0.14925897,-0.0141094625,-0.018512592,-0.12094493,0.0942436,-0.05973275,-0.15211219,0.12198685,-0.06898269,0.06077824,-0.12977624,0.12970433,-0.019077811,-0.012875526,-0.024643838,0.13386199,-0.07673849,-0.18591052,-0.088146366,0.02674925,-0.17473802,0.012195939,-0.09657164,-0.03318832,0.0142913535,-0.07016425,-0.13426173,0.14413774,-0.13322905,-0.1086411,-0.058443785,-0.039196547,-0.09708708,0.075867,0.058473025,-0.06650522,0.14848375,0.031310737,0.14619231,-0.03972725,0.022394907,0.04509797,0.09496373,0.009618713,-0.03433106,0.12624855,-0.07659769,0.019382603,0.05172384,-0.092545,0.026183221,0.06807082,0.15061784,-0.05255503,-0.070525326,0.13821007,-0.02356895,0.044797044,0.08549149,-0.10632042,0.07696819,-0.15773568,-0.014824465,0.07091178,-0.04620952,0.085158035,-0.052948948,0.0019822307,-0.031659037,-0.110402755,-0.09637369,-0.15075882,-0.02343569,-0.14396164,-0.067261726,0.059896182,0.05709526,-0.09242812,-0.07173164,-0.03029825,-0.11652605,-0.0008342769,-0.039643023,-0.054853275,-0.050111655,-0.09048246,0.0634125,-0.08970458,-0.025425225,-0.10722732,0.052890282,-0.10490476,-0.053733736,0.061221205,0.16993618,0.049370185,-0.0036570095,0.057141576,-0.07573494,-0.042701326,0.07087537,0.08069569,0.07490008,0.13401337,-0.10913201,-0.027928106,0.06449708,0.10301332,-0.015565436,-0.065823466,0.00400478,-0.030371577,-0.08617249,0.070419624,-0.065232724,0.022267425,-0.13640991,-0.095944315,0.1445394,-0.08733551,-0.14685443,0.06757564,-0.117694065,0.014188071,0.008241143,0.06288472,-0.009435032,-0.07772825,0.07009711,0.11442982,0.08957837,-0.11909738,0.08119036,0.13686141,-0.07701338,0.06776592,0.015286326,0.017898507,0.10298941,-0.03111988,0.06666191,0.14667574,0.14576599,-0.024292212,-0.018020809,0.10680992,-0.02497309,0.11055688,-0.11169184,-0.1527968,0.062484924,-0.14072302,0.08540674,0.10261853,0.06673779,0.0018066727,0.050181005,0.08011451,0.09398852,-0.05728324,0.028211892,0.0027890056,-0.082570314,-0.114600055,0.15445094,-0.06425676,-0.017823001,-0.07308228,0.07551714,-0.1315083,-0.013389427,0.028711297,-0.057481553,0.110262945,-0.0825237,0.053809583,-0.11298782,0.011120154,0.036638737,-0.056185875,-0.07143606,-0.058042422,-0.022689113,-0.030017145,0.0075417347,-0.013780255,-0.15117823,0.0046465397,-0.10285151,-0.08395658,-0.033653747,0.09016657,-0.005198531,0.025656994,0.050015643
1,0.6236777,-0.6142106,0.5564681,0.21490528,0.10391672,0.58613867,-0.29601604,0.084021814,-0.45048267,-0.14035524,-0.019482113,0.382111,-0.076779544,-0.62988216,0.35419,0.17062204,0.15147613,0.44699395,0.32143867,-0.3801737,0.48408312,0.049592737,-0.66572195,0.18058676,0.31476113,-0.40006799,0.2512915,0.021897335,0.14683191,-0.23512965,0.13151142,-0.30460826,-0.07933617,0.33147824,-0.4272585,-0.05269177,0.37885502,-0.35833672,0.13328905,0.10924078,-0.6923242,-0.14217891,-0.28616238,-0.012837615,0.008585677,0.14476834,-0.19940232,0.08614806,0.2627508,-0.38779914,-0.36995968,0.2976891,-0.17631985,0.022690874,-0.35751644,-0.07994954,0.14231707,-0.1815196,-0.34491378,-0.433776,0.11515243,0.31351775,0.07850704,0.34902075,0.14745653,-0.07948472,0.21155775,0.21173206,-0.011694588,0.10495809,0.037830092,0.4515232,-0.4628716,0.2609418,0.048706792,-0.049599033,-0.61915356,0.3410582,-0.0028921776,0.21805383,-0.4239605,0.36834067,-0.013437189,0.3797037,0.5614913,-0.2610419,0.30547872,0.2891347,-0.18279965,0.6187016,0.5255829,0.039992534,0.52962154,0.4138507,-0.051186472,-0.4845381,0.19747208,-0.16688405,-0.17777361,-0.20105678,0.10460589,0.2848364,-0.14310595,-0.19340385,-0.42514515,0.032582983,-0.053242102,0.88563156,-0.16496044,0.10856584,0.38491818,-0.38184512,-0.099164225,-0.13656291,0.0844755,0.31467348,-0.44114897,0.29551923,-0.8319088,-0.53894335,0.06714414,-0.025608715,-0.047296837,-0.5842279,-0.55421656,0.12508392,0.12347461,0.058953565,-0.10418481,0.121665105,0.14193721,0.19733916,0.38884532,-0.040827934,0.08087924,0.40353012,-0.066234976,-0.30191225,0.24508846,0.06981762,0.42523253,-0.112092,-0.54207045,0.08901057,0.13979161,0.3842418,-0.062382434,-0.43224657,0.14887273,0.00092349946,0.16429624,-0.42915305,0.1739527,0.5814611,-0.023215935,-0.44859087,-0.28014752,0.09636808,0.18220657,0.45041156,0.39123923,-0.26806915,-0.29766995,-0.34425187,-0.41610363,0.27810624,-0.36869872,-0.03184877,-0.050693717,0.3581126,0.565836,0.24196354,-0.0040357076,0.77965045,-0.05189918,0.27368903,-0.47427028,-0.113739885,0.36219952,-0.054923058,0.12322514,0.083116494,0.28092277,0.15610532,0.4293609,0.019355249,-0.06719847,-0.15467842,0.18973632,-0.47112566,-0.40473,-0.25471961,0.30162713,0.05460257,-0.074342616,0.07510933,-0.5199041,-0.36402643,-0.10843526,-0.40781224,0.50535923,-0.02337628,-0.2873482,-0.3762371,0.50731784,0.029200897,-0.30542022,0.005511407,0.004241865,0.08794125,0.2580157,-0.023053143,-0.011743013,-0.680206,-0.08798572,0.017094553,0.0061945915,-0.13358557,-0.3041413,-0.4331767,0.24028783,0.011365477,0.9259265,0.44941482,0.23086214,-0.05058818,0.37164545,0.00030242978,0.23892513,-0.62083066,-0.21779975,0.14057052,-0.05816819,0.8056935,-0.566544,0.08094175,0.03707633,0.13651565,-0.071520306,-0.07895271,0.014029991,0.37097618,0.46054757,-0.26520994,-0.095608965,-0.3164751,-0.43674436,0.0903257,-0.13627718,0.08819263,0.0808653,0.38323677,-0.41689175,-0.18742728,0.0067446753,-0.8695404
1,0.57315856,-0.56808203,0.5148588,0.1960936,0.10480571,0.548511,-0.27228296,0.0763061,-0.41072106,-0.13091365,-0.020394485,0.35623157,-0.0689428,-0.583716,0.32223418,0.15348126,0.13909313,0.40674913,0.29588217,-0.35049,0.44835413,0.045209695,-0.6198863,0.16165006,0.29577008,-0.36810634,0.23118614,0.014446303,0.13358024,-0.2186986,0.118117996,-0.27341557,-0.06726006,0.30400172,-0.391797,-0.049459722,0.3547875,-0.32715672,0.120786995,0.10090108,-0.64305353,-0.13491188,-0.26148257,-0.007700462,0.008971624,0.12598364,-0.18187515,0.081391856,0.24752691,-0.36300683,-0.3432811,0.27268302,-0.15400593,0.019003939,-0.33551446,-0.07580693,0.12872188,-0.16583557,-0.31248277,-0.4032035,0.10111804,0.2821564,0.070728764,0.32628852,0.12933734,-0.069095574,0.19364487,0.18929344,-0.007532321,0.09385911,0.04135226,0.41427162,-0.4238411,0.24212316,0.044958875,-0.04663069,-0.5702333,0.3139494,-0.015270248,0.19875671,-0.3954912,0.33412123,-0.011647396,0.3492251,0.5226861,-0.2427325,0.28209153,0.26072058,-0.16019124,0.5702683,0.48402166,0.032799743,0.49332532,0.38091812,-0.044486187,-0.4479001,0.18142901,-0.14798889,-0.16517718,-0.17945677,0.094083615,0.26635763,-0.13226204,-0.17280181,-0.39875376,0.028663278,-0.042047225,0.8232369,-0.1544666,0.103962004,0.35290605,-0.35717875,-0.087641224,-0.11974422,0.07752265,0.28999913,-0.405656,0.27714688,-0.7746802,-0.499918,0.05591309,-0.018438984,-0.054456122,-0.5489398,-0.51298934,0.11436163,0.121159285,0.053212952,-0.09850402,0.11285216,0.12615967,0.17814718,0.35296097,-0.040308263,0.066646054,0.37348306,-0.06119891,-0.2786764,0.22093993,0.058524452,0.393921,-0.111853674,-0.5064536,0.08061537,0.12764859,0.35502896,-0.06496503,-0.39778167,0.13156071,-0.0010239296,0.14562191,-0.3981968,0.15496655,0.5421608,-0.016427591,-0.4091205,-0.25993767,0.088878036,0.17340912,0.41671497,0.36498109,-0.24567707,-0.27382517,-0.31586468,-0.37987623,0.25473064,-0.34626615,-0.023735415,-0.041211117,0.33329937,0.5234366,0.22876549,-0.006092567,0.72248316,-0.04367601,0.25249493,-0.44219783,-0.1136601,0.3325313,-0.040592097,0.10948934,0.067779414,0.26531646,0.13965048,0.40188664,0.019431472,-0.061323017,-0.14705025,0.17260475,-0.43601152,-0.37012926,-0.2325967,0.275161,0.056258857,-0.058131374,0.06488077,-0.48290026,-0.3386282,-0.1002709,-0.37726158,0.47093764,-0.016456166,-0.26019812,-0.34434062,0.4719494,0.024168313,-0.28026167,0.0049308576,0.009375144,0.07492059,0.23165101,-0.017227758,-0.016379107,-0.6303479,-0.07505246,0.020236403,0.00455229,-0.121650875,-0.27809,-0.39911184,0.22000708,0.010885257,0.8658989,0.41629007,0.20912932,-0.036756344,0.34322566,-0.0016606678,0.21968481,-0.575201,-0.21245106,0.13125882,-0.05079675,0.74821424,-0.5248007,0.0720198,0.036993586,0.12173442,-0.06722546,-0.07106661,0.010868322,0.34181017,0.42793006,-0.2513838,-0.09209408,-0.2961674,-0.408011,0.0776775,-0.1280277,0.07498473,0.071719415,0.3536914,-0.38457668,-0.17728522,0.0074400194,-0.8103642
0,-0.12743,0.08552355,-0.04024758,-0.06228368,0.105304584,-0.016105834,0.056404334,-0.03946266,0.12326191,0.030854475,-0.024168735,-0.009481845,0.052335672,0.035090607,-0.111775726,-0.07011857,-0.032357745,-0.12748997,-0.034421757,0.070865266,-0.08362378,-0.037437543,0.029058635,-0.101926744,0.0072568264,0.07324952,-0.06447502,-0.059539214,-0.042854894,0.02000134,-0.07775803,0.13091394,0.08980907,-0.05239628,0.09610775,-0.01794,0.02295874,0.08262881,-0.09877841,-0.028449412,0.0064586066,-0.016062817,0.07809808,0.071390614,0.0449709,-0.12672262,0.033979855,-0.004436899,0.024964003,-0.00605659,0.051821828,-0.08693874,0.11191094,-0.010258496,-0.032002788,-0.016511418,-0.053535663,0.050920345,0.12033169,0.026346032,-0.09564082,-0.12176682,0.00014898926,-0.009045106,-0.10641747,0.06647973,-0.03028805,-0.11478043,0.092178166,-0.05684565,0.052025422,-0.10726332,0.105939046,-0.006133858,-0.0077430066,-0.034105875,0.11414031,-0.04142922,-0.14697173,-0.07836883,0.014046421,-0.14227524,-0.0053440407,-0.075585224,-0.023115853,0.0054894686,-0.052128416,-0.093364365,0.12688431,-0.11722199,-0.090780504,-0.043338746,-0.016302276,-0.06021283,0.0672171,0.047778524,-0.042539578,0.11712892,0.019026658,0.10827322,-0.026107237,0.02708016,0.02483865,0.08223726,-0.007717693,-0.03982971,0.09876763,-0.051007427,-0.0003496185,0.02976003,-0.083376475,0.007762051,0.04475858,0.12499323,-0.034900174,-0.049299702,0.109926835,-0.0070041306,0.031383414,0.058054194,-0.09199328,0.073621646,-0.1333114,-0.035849854,0.045330446,-0.016447816,0.07777653,-0.024440143,-0.020452738,-0.022437636,-0.083119065,-0.05337051,-0.12203351,-0.020943325,-0.12010404,-0.062708884,0.04075542,0.040121533,-0.07872124,-0.06177225,-0.022013364,-0.10574241,-0.011916893,-0.026380662,-0.04697086,-0.040823437,-0.07374439,0.039359592,-0.07686293,-0.008921217,-0.090493344,0.029222958,-0.09273851,-0.030471016,0.06764233,0.13665912,0.034018308,0.0067342743,0.04186587,-0.057581753,-0.022055225,0.05234447,0.05485396,0.069456756,0.098239884,-0.09523387,-0.031068332,0.06537142,0.081702664,-0.005008515,-0.04698896,0.024106627,-0.024950799,-0.05256973,0.058538027,-0.039420243,0.015417861,-0.12093533,-0.07805447,0.13243528,-0.076717325,-0.120747775,0.044106737,-0.1032971,0.018489877,0.002941683,0.061225213,-0.025137663,-0.041180357,0.055930007,0.10109718,0.075142026,-0.091887936,0.0674841,0.11613078,-0.06795175,0.049553968,-0.0006780736,0.011333942,0.078159995,-0.02350059,0.051938765,0.111973375,0.11032885,-0.012100918,-0.025022944,0.07788335,-0.013107862,0.08589676,-0.07295007,-0.1262272,0.04918552,-0.11074792,0.06982363,0.074963786,0.060672432,-0.00082492456,0.033874158,0.058149952,0.07685489,-0.040862802,0.023927148,0.012683306,-0.051027194,-0.08258627,0.11439735,-0.048237827,-0.017078742,-0.059667323,0.047761455,-0.10680294,0.003081197,0.021248735,-0.03943446,0.08128165,-0.058885127,0.04592248,-0.091279544,0.014670465,0.019264499,-0.045453805,-0.054407828,-0.023702703,-0.029673751,-0.024837289,-0.0055074114,-0.021517886,-0.1259749,-0.0047464855,-0.08388794,-0.05651927,-0.034820173,0.07497318,-0.023213632,0.020742826,0.038226776
0,-0.15115118,0.097949654,-0.056811992,-0.07450151,0.12086019,-0.025946416,0.06311752,-0.047107846,0.1476605,0.04009848,-0.025839671,-0.02291512,0.060347416,0.05931281,-0.13792732,-0.07793771,-0.047275178,-0.13981058,-0.05541654,0.088529706,-0.09943447,-0.042322703,0.04683058,-0.12162049,0.0010615936,0.08699135,-0.07967908,-0.07875299,-0.05463406,0.04011191,-0.08826261,0.14604509,0.09883714,-0.060389295,0.119370915,-0.021243367,0.02074004,0.10466166,-0.11128038,-0.03935568,0.015014339,-0.026418995,0.08457419,0.0788323,0.049191587,-0.14481054,0.044227056,-0.019458497,0.023585659,0.0106998645,0.053606346,-0.095999405,0.13443226,0.002659168,-0.035616662,-0.025152568,-0.07029248,0.056863748,0.14095736,0.033122793,-0.10732047,-0.14037798,-0.009341236,-0.015692638,-0.11563726,0.08461019,-0.050472036,-0.14004555,0.112704396,-0.065261155,0.057303865,-0.1223571,0.12176716,-0.014871735,-0.011759548,-0.027915401,0.12761827,-0.06537256,-0.1734994,-0.08468021,0.022655703,-0.16425845,0.006615257,-0.09014502,-0.030462326,0.011103682,-0.06447827,-0.12078776,0.13787526,-0.1279077,-0.10228715,-0.05339058,-0.03210862,-0.084973,0.07311328,0.0548236,-0.058793124,0.13819832,0.026962789,0.13409549,-0.035417527,0.024103649,0.038533084,0.09050787,0.003742205,-0.036307316,0.1167998,-0.06827245,0.012900494,0.044378627,-0.08917554,0.020621773,0.060943812,0.14242429,-0.047154985,-0.06368686,0.12902465,-0.01886987,0.040911864,0.07686578,-0.10159,0.07604895,-0.14947894,-0.020709146,0.06266808,-0.03676325,0.08277602,-0.0435963,-0.0051857308,-0.028703637,-0.10097064,-0.08278027,-0.14132842,-0.02232549,-0.13597357,-0.0657079,0.054380205,0.051671736,-0.08784926,-0.06868824,-0.02782909,-0.11278528,-0.0042054243,-0.03511725,-0.05245416,-0.04770332,-0.084726185,0.055333525,-0.08546378,-0.019419536,-0.10168112,0.04521733,-0.10079995,-0.046904225,0.06317848,0.15923628,0.044835858,-2.7861446e-05,0.052250966,-0.06972746,-0.036033154,0.06468776,0.07182978,0.072685614,0.12240243,-0.10450514,-0.029119723,0.06466785,0.096325174,-0.011912342,-0.059285607,0.010596022,-0.02866278,-0.07499874,0.066320695,-0.05732717,0.020346226,-0.13113609,-0.09008046,0.14003241,-0.08415346,-0.13824663,0.05954779,-0.11297816,0.015074364,0.0063530505,0.0622692,-0.014511462,-0.06614654,0.0658703,0.109989606,0.085079975,-0.11065623,0.07686206,0.12969756,-0.07442986,0.062295675,0.009992156,0.015834302,0.095189504,-0.02876654,0.061306454,0.13569242,0.13440008,-0.020738753,-0.020651022,0.09754393,-0.021216754,0.10280631,-0.09895934,-0.14427313,0.05791534,-0.13118449,0.08036633,0.093118764,0.06441423,0.0014188085,0.044877216,0.0725113,0.08856789,-0.051537976,0.026778072,0.0060190856,-0.07224575,-0.10440432,0.14081165,-0.059322152,-0.017285718,-0.0685853,0.06693599,-0.123137325,-0.0077791736,0.026176132,-0.051662486,0.10153231,-0.074839756,0.05199618,-0.10578449,0.012355268,0.031032832,-0.05235107,-0.06634756,-0.04720617,-0.02503572,-0.028294398,0.0037838947,-0.01616215,-0.14311293,0.0012631714,-0.09663862,-0.075103484,-0.03350215,0.08504887,-0.010820854,0.023733824,0.046175268
1,0.048319172,-0.064879596,0.10690212,0.004748592,0.08423568,0.10258898,-0.018041376,-0.012671476,-0.020436538,-0.0029182136,-0.020111632,0.07822836,0.022528326,-0.12909026,0.011890952,-0.0071178563,0.021305688,0.007341698,0.065493956,-0.02695353,0.042897515,-0.017720964,-0.12011844,-0.025761995,0.06666338,-0.039960735,0.0166631,-0.021104597,0.008631882,-0.048432376,-0.02524285,0.022146747,0.048905984,0.041791044,-0.02552867,-0.023790248,0.10148059,-0.03824554,-0.04209188,0.00097156875,-0.15291402,-0.03390842,-0.014335157,0.04795581,0.0424874,-0.056809843,-0.04218892,0.019055512,0.07667181,-0.090470165,-0.031357236,-0.0019182339,0.02571068,-0.006058406,-0.0948465,-0.019004203,0.00452445,7.60667e-05,0.0022945218,-0.06963841,-0.04280686,-0.015402522,0.03192661,0.06436367,-0.038152687,0.016227398,0.033179414,-0.028332306,0.06530198,-0.018953942,0.029357012,0.021448996,-0.02897102,0.063576534,0.00035629421,-0.04601133,-0.04554288,0.06531858,-0.08961751,-0.013981771,-0.08316082,-0.018754221,-0.014566424,0.030682653,0.09872494,-0.06230489,0.033239216,0.012712248,0.042593118,0.04258854,0.050760448,-0.013655823,0.09801841,0.06775935,0.04417634,-0.07462136,0.019856248,0.039705902,-0.028354507,0.01865698,0.012281828,0.079758614,-0.018592626,0.007349711,-0.09540491,-0.029892191,0.038402848,0.16010429,-0.042590525,0.02424584,0.030790314,-0.08241944,0.0012234319,0.056333326,-0.010033952,0.04340037,-0.019275732,0.054322585,-0.15382391,-0.07114357,-0.046306223,0.050305963,-0.08715138,-0.14862007,-0.09524918,0.03359458,0.079788,0.01649208,-0.050260063,0.012121049,-0.018266946,0.029101122,0.0074409433,-0.02102863,-0.061376136,0.034721013,0.019668438,-0.045340087,0.0040973835,-0.026539192,0.078518525,-0.09482345,-0.12652653,0.0071376264,-0.008596441,0.048111618,-0.05397789,-0.08094313,-0.012218647,0.009346046,-0.020488434,-0.07683734,-0.024714697,0.09904575,0.04493522,-0.003738895,-0.038876876,0.038546957,0.06427671,0.05510391,0.07431778,-0.032002196,-0.04259793,-0.024088502,-0.03378058,-0.014552776,-0.102227226,0.035290692,0.0408206,0.0859617,0.09780614,0.07551138,-0.020729449,0.14927119,0.031151898,0.032609373,-0.08638926,-0.106105216,0.027688814,0.08008161,-0.02882376,-0.056860216,0.07996279,-0.042357307,0.10183418,-0.0036501791,0.04451774,-0.05804055,0.03153023,-0.06144951,-0.018384375,-0.0014154799,0.0003131181,0.057136506,0.054460857,-0.03431188,-0.06921072,-0.09148138,-0.017424524,-0.028401827,0.08688022,0.015048368,0.0034679323,-0.0021951422,0.09607467,-0.015566908,-0.01091741,0.0005079098,0.061884046,-0.004861107,-0.030403305,0.016136635,-0.077869445,-0.09187965,0.015665978,0.042110465,0.009670045,-0.013256608,-0.042111263,-0.03474606,0.035216402,0.02246637,0.21102571,0.075924486,-0.00032301992,0.04931107,0.04321756,-0.008588221,0.0051046163,-0.104608394,-0.109668374,0.04234585,-0.003545546,0.15219635,-0.064136684,-0.023528952,0.047141425,-0.03022078,0.0043564886,-0.012549331,-0.031822123,0.034586295,0.09360895,-0.07846605,-0.037357207,-0.07246385,-0.11263695,-0.06771965,-0.038022216,-0.033318732,-0.009121032,0.061541043,-0.033685897,-0.05817038,0.01437076,-0.150616
0,-0.14905913,0.09503217,-0.050883684,-0.07329951,0.11607675,-0.024354924,0.061006017,-0.046201456,0.14098419,0.040397853,-0.026170397,-0.020752305,0.059503853,0.052966516,-0.13200778,-0.07642546,-0.04475157,-0.1348328,-0.04979904,0.08702099,-0.09719244,-0.041643284,0.04406266,-0.11964436,-4.7845766e-05,0.084347114,-0.07773192,-0.07441781,-0.051024444,0.036035273,-0.085516974,0.14212222,0.096808545,-0.05655821,0.117207415,-0.022067579,0.022814494,0.098594464,-0.10924421,-0.037515018,0.0114449,-0.024416186,0.08062444,0.07827416,0.051266108,-0.14103596,0.03840792,-0.018044164,0.024437292,0.0071730465,0.0537375,-0.09359852,0.1277733,3.9484352e-05,-0.034637265,-0.023473538,-0.06760236,0.055309147,0.13615103,0.03213231,-0.105370075,-0.13665068,-0.006809499,-0.0148601895,-0.1115841,0.07865439,-0.046338633,-0.13629371,0.11074868,-0.06408502,0.053423002,-0.117962316,0.11964755,-0.012682188,-0.011990743,-0.030490428,0.125782,-0.06014707,-0.16727695,-0.0821147,0.022781935,-0.16005741,0.0038801804,-0.08829471,-0.030049315,0.008188289,-0.0609597,-0.11342563,0.13421631,-0.12573946,-0.0970117,-0.04997303,-0.03303838,-0.07936731,0.073873766,0.05319403,-0.056270923,0.13431771,0.025170503,0.13005069,-0.032981522,0.02512694,0.03670726,0.088674456,0.0011028573,-0.035690196,0.111208886,-0.064702295,0.011460319,0.041159336,-0.085617155,0.01878943,0.058387414,0.13987723,-0.047033504,-0.060897864,0.124822125,-0.018211216,0.039636523,0.07614036,-0.10079405,0.07712391,-0.14355764,-0.023150358,0.06005994,-0.030309103,0.08257949,-0.038226712,-0.0060620606,-0.028213523,-0.0956807,-0.07699925,-0.13692929,-0.019813798,-0.13257107,-0.062857404,0.05348182,0.0483493,-0.086121134,-0.065961376,-0.028685825,-0.11022639,-0.006041616,-0.032237984,-0.05348681,-0.04860906,-0.08330402,0.05008015,-0.08354257,-0.0158348,-0.0990114,0.04242148,-0.09911251,-0.046050012,0.06210631,0.15381974,0.043280393,0.002516225,0.049345054,-0.06682175,-0.032926925,0.06154164,0.06643604,0.070852235,0.11667138,-0.10145931,-0.029713994,0.06565516,0.09348412,-0.010184843,-0.05417813,0.011568803,-0.028282825,-0.06885919,0.06455618,-0.05558103,0.018152384,-0.12898356,-0.08606623,0.13633478,-0.08173462,-0.13213006,0.05611632,-0.11080971,0.015083348,0.0033333674,0.062493913,-0.015623368,-0.062124446,0.06533638,0.10818931,0.084147476,-0.10901278,0.07472597,0.12452112,-0.07356216,0.06013839,0.007240046,0.016062992,0.092425175,-0.0278128,0.05697298,0.12889405,0.12879889,-0.019815039,-0.021530436,0.0962054,-0.022218969,0.10091855,-0.09243188,-0.14046007,0.054154348,-0.12921971,0.078234814,0.08590745,0.062897444,0.0036882218,0.04216003,0.06699474,0.08766925,-0.04844304,0.02721019,0.0070173554,-0.06793082,-0.10070956,0.13420033,-0.058628306,-0.015588179,-0.06580837,0.06332017,-0.11840941,-0.0056663267,0.025672682,-0.048183274,0.098433524,-0.074677914,0.05171481,-0.100633524,0.01498021,0.028585697,-0.051950134,-0.065303795,-0.04292635,-0.02636885,-0.028136317,0.0032052658,-0.017526649,-0.14028199,0.0004986115,-0.09317623,-0.072124936,-0.03158203,0.08427591,-0.011319894,0.02587601,0.043652754
0,-0.1787443,0.10880944,-0.07318808,-0.08813243,0.13683476,-0.034158565,0.06770611,-0.055418152,0.17416123,0.04806819,-0.027158719,-0.037658595,0.067940414,0.084899366,-0.16599709,-0.08562158,-0.0650405,-0.15217106,-0.07715352,0.105193466,-0.11600853,-0.045915768,0.061892636,-0.1420779,-0.0040537375,0.100997314,-0.09571867,-0.099063836,-0.0666021,0.060116332,-0.09926252,0.1623568,0.107270926,-0.06954177,0.14175858,-0.024567816,0.016529873,0.12827975,-0.12400781,-0.048273392,0.021559045,-0.035201844,0.09027504,0.084803104,0.052778114,-0.16395576,0.056778103,-0.035575867,0.022239782,0.027330384,0.057189748,-0.10509965,0.15732731,0.015216116,-0.039146952,-0.035626978,-0.08575626,0.062351093,0.16305201,0.03859888,-0.11824803,-0.15756044,-0.020286106,-0.020591162,-0.12636958,0.10434923,-0.069956146,-0.16623396,0.13401082,-0.072280005,0.064412445,-0.13692077,0.14033036,-0.02459827,-0.015408676,-0.020300929,0.14164639,-0.089700714,-0.2006348,-0.09393141,0.033052377,-0.18611318,0.017477363,-0.1032034,-0.03717421,0.018861491,-0.07832828,-0.14864188,0.15182981,-0.13813083,-0.115836486,-0.06342816,-0.04862408,-0.1106396,0.07929758,0.061853,-0.076424904,0.16020206,0.037254646,0.16071622,-0.044971712,0.021097865,0.052267306,0.10010432,0.01561437,-0.033273876,0.13709483,-0.087373026,0.026045047,0.06134868,-0.096883476,0.031611107,0.07581952,0.16192049,-0.058710806,-0.0773708,0.14722732,-0.030572362,0.049117994,0.095996216,-0.11289052,0.07779809,-0.1676399,-0.009680714,0.08062334,-0.055468135,0.08813469,-0.06393421,0.011943549,-0.035254866,-0.12120309,-0.11155027,-0.16161016,-0.024270702,-0.15332523,-0.06894094,0.06578049,0.06327037,-0.098623514,-0.07537702,-0.034319162,-0.12183039,0.002559524,-0.046330843,-0.059639752,-0.052396815,-0.09741075,0.07265187,-0.09395844,-0.033620425,-0.11342871,0.061664995,-0.10997945,-0.060537174,0.058514714,0.18068317,0.053970896,-0.0076718368,0.062089402,-0.08358307,-0.049838416,0.078296535,0.09062682,0.07862806,0.14713633,-0.114067584,-0.026182735,0.06565871,0.10980807,-0.020024527,-0.07389751,-0.0048232004,-0.032438584,-0.09999183,0.07512655,-0.074133456,0.024819532,-0.1441063,-0.10371342,0.14852558,-0.089652516,-0.15570119,0.076391466,-0.12362404,0.01266923,0.009730592,0.06316912,-0.0035607778,-0.08967735,0.0753925,0.11867595,0.09450668,-0.12893626,0.08526241,0.144932,-0.080649644,0.07285741,0.018322658,0.019951172,0.11241836,-0.033687547,0.0728459,0.15849905,0.1585587,-0.026968433,-0.0141658895,0.117004044,-0.030818578,0.11907326,-0.12626642,-0.16130227,0.067030914,-0.15243465,0.091541365,0.11269296,0.068837285,0.0020528175,0.056449804,0.08804315,0.0998947,-0.06306652,0.030960472,-0.0016745664,-0.09533377,-0.1261752,0.17050694,-0.0706922,-0.016876664,-0.07847743,0.08384984,-0.14200658,-0.020061955,0.032136794,-0.06495243,0.11930871,-0.09296095,0.05490123,-0.12140218,0.010448644,0.04214803,-0.06048782,-0.07602858,-0.07040888,-0.02071493,-0.031584207,0.01237479,-0.01119322,-0.16111036,0.009908453,-0.1102861,-0.093119845,-0.034174222,0.09624322,0.0012678392,0.02879624,0.054023825
0,-0.11424218,0.068166584,-0.019222233,-0.059185572,0.10289447,-0.0055952417,0.0480408,-0.04198417,0.108288385,0.033507768,-0.024067745,-0.0022587273,0.05398332,0.01712804,-0.10191504,-0.06198746,-0.030220391,-0.1079374,-0.021369861,0.065294385,-0.0751782,-0.040214933,0.016084986,-0.10030379,0.008355394,0.059459038,-0.061004475,-0.059090488,-0.03863019,0.017341051,-0.07257126,0.11431694,0.08645829,-0.036212713,0.08980832,-0.02351338,0.035224054,0.06830646,-0.09903815,-0.030303191,-0.020780094,-0.021922383,0.060529858,0.06996301,0.051440697,-0.123612285,0.018263798,-0.011699615,0.033812054,-0.010180101,0.042829573,-0.07719339,0.100878224,0.000485871,-0.04266172,-0.020847276,-0.051506776,0.045459874,0.10693976,0.015840448,-0.093663685,-0.11076233,0.005341321,-0.0016449308,-0.0966562,0.06522643,-0.028026225,-0.114481375,0.10230753,-0.05440799,0.044817917,-0.09204024,0.090816185,0.004404176,-0.008671802,-0.03772819,0.095638014,-0.030099332,-0.14459904,-0.07113762,0.0050559435,-0.1331663,-0.0055426005,-0.06629874,-0.008710154,-0.006047003,-0.042867545,-0.083567195,0.11336465,-0.097337574,-0.0706968,-0.040470444,-0.010166228,-0.045313224,0.069757536,0.028370969,-0.04302074,0.114302784,0.016073259,0.1031025,-0.019279264,0.03702446,0.025540272,0.06992399,-0.01274257,-0.036839217,0.0927888,-0.023928482,0.0012694225,0.029759217,-0.0630914,-0.00029429328,0.043549135,0.12439702,-0.040905796,-0.040227145,0.09837267,-0.0065325284,0.0053655077,0.051349424,-0.0891066,0.07191246,-0.12647414,-0.044294346,0.03012101,-0.012998853,0.07806988,-0.023657214,-0.016800858,-0.021209003,-0.07954496,-0.047858495,-0.10700182,-0.018519718,-0.11523113,-0.04965575,0.048093386,0.028350435,-0.06755483,-0.053784195,-0.008331571,-0.10575563,-0.02911229,-0.023600213,-0.046968877,-0.031018345,-0.073590204,0.02029468,-0.063591726,-0.008925408,-0.07980482,0.019235019,-0.083458945,-0.019992957,0.059520055,0.12383281,0.027722972,0.011861216,0.046314288,-0.044190306,-0.01399442,0.041448064,0.044909522,0.052186172,0.08353029,-0.08776459,-0.04006669,0.05667405,0.08120406,0.010415215,-0.025107395,0.020846982,-0.026681822,-0.026380237,0.05717903,-0.03744224,0.0008217897,-0.1223678,-0.06601885,0.12317252,-0.07069045,-0.11321288,0.056235798,-0.0995114,0.030515475,-0.00011054799,0.06529905,-0.023733463,-0.03806635,0.04288444,0.08273728,0.06775172,-0.08736755,0.0702623,0.10541741,-0.06364303,0.03763509,-0.0147716105,0.009781618,0.072704434,-0.008785423,0.043910157,0.09820823,0.10492851,0.00033317273,-0.018118778,0.07598873,-0.015979864,0.09117192,-0.06843663,-0.1174705,0.044229444,-0.1191885,0.050594293,0.068954915,0.056974538,0.0076282322,0.029737208,0.044170257,0.06669189,-0.029445097,0.028433401,0.04001396,-0.037628718,-0.07854147,0.11144473,-0.03914342,-0.013201591,-0.054150343,0.029702168,-0.111033835,0.0034391414,0.015108012,-0.013195869,0.068896495,-0.067089185,0.050671335,-0.087798074,0.014591154,0.018863307,-0.04837773,-0.04470584,-0.014086761,-0.03170216,-0.029682424,-0.009503189,-0.03449883,-0.12718254,-0.006387558,-0.07623155,-0.055744592,-0.015210121,0.063126594,-0.020898547,0.023047881,0.013161966
0,-0.15783812,0.10089412,-0.06058241,-0.07803286,0.12460111,-0.028451644,0.0643272,-0.0494523,0.15376276,0.04277143,-0.026251636,-0.026507484,0.062339287,0.06524186,-0.1444589,-0.07977332,-0.051732257,-0.14292295,-0.060779177,0.09338589,-0.103656545,-0.043367572,0.05103001,-0.12674862,-0.0006586402,0.090497,-0.083583795,-0.083559,-0.05741748,0.045388382,-0.09074721,0.14976901,0.10091977,-0.061963268,0.12534228,-0.02218213,0.020068835,0.11004804,-0.11477367,-0.041814473,0.016792927,-0.028676981,0.08556385,0.08088511,0.05038951,-0.14918928,0.04675676,-0.02339566,0.023151275,0.014962133,0.054343723,-0.09834257,0.13999169,0.005886402,-0.03666749,-0.027479704,-0.074064076,0.05838724,0.14608815,0.034639817,-0.11016994,-0.14502433,-0.011654008,-0.017347623,-0.117926076,0.088982895,-0.055430837,-0.14657861,0.11804847,-0.067428745,0.058239844,-0.12614843,0.12617677,-0.0172307,-0.0132223945,-0.026068725,0.13142525,-0.07125133,-0.18005091,-0.08653946,0.02532256,-0.16959223,0.009641413,-0.09351879,-0.032248072,0.012401521,-0.06796925,-0.12725659,0.14071259,-0.13058954,-0.10519424,-0.05556556,-0.03717438,-0.09111095,0.07504571,0.05650642,-0.063100435,0.1438878,0.029187975,0.14108425,-0.037652664,0.02346959,0.04208824,0.092825994,0.0069434363,-0.03540377,0.121144086,-0.073255464,0.01653114,0.048496608,-0.09051454,0.023915663,0.064950325,0.14731756,-0.05069145,-0.0669835,0.13349983,-0.022374392,0.043318696,0.08174252,-0.10449345,0.07683866,-0.15321888,-0.017231353,0.06705702,-0.041286565,0.084266916,-0.048312645,-0.0006359033,-0.030472033,-0.105415314,-0.09019542,-0.1460737,-0.022731584,-0.14014295,-0.06634869,0.057816226,0.05467824,-0.09012955,-0.07030786,-0.029535929,-0.11461502,-0.0023615398,-0.037610948,-0.054382402,-0.04951053,-0.08753973,0.059188984,-0.08742005,-0.022124507,-0.10440081,0.049235117,-0.102881394,-0.051024206,0.061505362,0.1646238,0.04746987,-0.002063755,0.054937296,-0.07306098,-0.039581716,0.068055175,0.07625082,0.07376115,0.12856352,-0.10691768,-0.028479807,0.06471422,0.099806026,-0.013912689,-0.062410492,0.0067409985,-0.029631922,-0.08065511,0.068580516,-0.062269464,0.021359416,-0.13409299,-0.09305319,0.14178428,-0.08579573,-0.14214197,0.06351376,-0.11561322,0.014102657,0.0068895817,0.062784895,-0.011709224,-0.07224248,0.06872155,0.11236504,0.08772977,-0.115526825,0.07885181,0.13293555,-0.07605511,0.06541483,0.012369718,0.01706611,0.09945692,-0.030217508,0.0636949,0.14149089,0.14022768,-0.02271421,-0.019196818,0.102688506,-0.02409181,0.10720806,-0.105470024,-0.14869073,0.05941447,-0.13651112,0.08306867,0.09705842,0.065335885,0.0020589419,0.04777634,0.07580815,0.09179034,-0.054301407,0.02772436,0.0044186004,-0.07762785,-0.10982425,0.1476906,-0.062346186,-0.01695742,-0.07083168,0.07141119,-0.12740734,-0.011056766,0.027554456,-0.05457587,0.106627315,-0.07992946,0.05358426,-0.109327875,0.012127828,0.03378979,-0.054474793,-0.06898508,-0.053276174,-0.023938805,-0.029050067,0.006042635,-0.014761806,-0.1475586,0.0028478242,-0.09992613,-0.079531096,-0.03314859,0.088230856,-0.007317286,0.025186792,0.04827644
1,0.16352294,-0.17499742,0.19915509,0.046138987,0.08754079,0.19606929,-0.07309561,0.0058312095,-0.106919184,-0.028640866,-0.01934482,0.13845934,0.003784692,-0.23028931,0.082342744,0.03067163,0.047698453,0.09725329,0.118630886,-0.09534033,0.12881029,-0.0060258955,-0.22802868,0.015834022,0.11372372,-0.11257754,0.06410159,-0.011298618,0.037492916,-0.08461635,0.004982695,-0.04454305,0.02416806,0.101670474,-0.10530465,-0.030616898,0.15845996,-0.10509965,-0.008009158,0.021121636,-0.26415113,-0.056146685,-0.070760936,0.036313817,0.038250294,-0.016707528,-0.07630443,0.03020192,0.11284164,-0.14849372,-0.097782746,0.057409815,-0.016754393,0.0011070147,-0.14729324,-0.0309152,0.03345374,-0.03621894,-0.06816766,-0.14283189,-0.010462396,0.05286579,0.04351218,0.11956481,0.0010230951,-0.0032181824,0.06869702,0.02016022,0.054462824,0.005421778,0.027190013,0.107715696,-0.11564326,0.10394636,0.0084753,-0.047051534,-0.16076425,0.12102091,-0.07123547,0.032299124,-0.15059575,0.059098862,-0.014399348,0.10001378,0.19016153,-0.10361349,0.08752044,0.069094695,-0.004827235,0.15813994,0.14694194,-0.0021235794,0.18302739,0.13794099,0.026874557,-0.15781492,0.054715738,-0.00135253,-0.0580094,-0.025417171,0.03196104,0.12072852,-0.042652443,-0.035010103,-0.15959133,-0.01824817,0.018447263,0.30551466,-0.06669621,0.04062735,0.10363765,-0.14094919,-0.019605497,0.019256547,0.006402867,0.09908753,-0.103523634,0.100222245,-0.28927997,-0.16398017,-0.022892443,0.034789488,-0.07672548,-0.23343149,-0.188482,0.052246682,0.08796977,0.024626607,-0.06000592,0.03404613,0.015397121,0.064726844,0.08600332,-0.023783762,-0.033188824,0.10763666,0.005805876,-0.097278535,0.055184264,-0.0059928447,0.14954679,-0.09720436,-0.20926067,0.024012947,0.021036062,0.11607391,-0.052803468,-0.15398428,0.02155913,0.008692004,0.018796168,-0.14619,0.01715913,0.19374174,0.029035814,-0.0933995,-0.08681445,0.052644502,0.08771935,0.13332042,0.13682018,-0.08090011,-0.095504045,-0.08940536,-0.11211856,0.04313704,-0.15641698,0.020460013,0.021525841,0.1423307,0.19366977,0.10693597,-0.016793802,0.2779955,0.014742117,0.07986353,-0.16451013,-0.10701845,0.09547671,0.04989912,0.0024622306,-0.027021743,0.12098645,-0.003182944,0.166901,-0.00090679154,0.024456158,-0.076500945,0.063592315,-0.14374125,-0.0978607,-0.051692467,0.060097832,0.05583515,0.024746407,-0.012736965,-0.15760493,-0.14777015,-0.03647881,-0.10239499,0.16952702,0.004491924,-0.054809902,-0.07474299,0.17828144,-0.005212553,-0.068431444,0.0012208261,0.05232613,0.016843379,0.02749578,0.006146914,-0.06671132,-0.20958173,-0.008096512,0.036050484,0.0112419,-0.037713055,-0.09720357,-0.11377275,0.07766548,0.021904979,0.3550112,0.1503099,0.04592719,0.02695471,0.10818294,-0.005133186,0.05124101,-0.20811346,-0.12997912,0.06289929,-0.015266445,0.28453037,-0.16300777,-0.004133433,0.046819225,0.0031452402,-0.009421255,-0.027532166,-0.023865236,0.10106202,0.16672993,-0.11487011,-0.048702523,-0.12097078,-0.17862368,-0.037128758,-0.056928065,-0.00856952,0.00885899,0.12942958,-0.11088449,-0.08193212,0.01315051,-0.29357266
1,0.17274378,-0.18389384,0.20514017,0.04859685,0.08936848,0.20386408,-0.077433,0.006466947,-0.11198993,-0.030631818,-0.01926843,0.14252503,0.0023301914,-0.23724525,0.086856976,0.032639723,0.049016744,0.10316776,0.121395074,-0.100296795,0.13513961,-0.005044427,-0.23652257,0.018070117,0.117723644,-0.11731028,0.06813012,-0.012291236,0.03838981,-0.08602722,0.006520085,-0.04853955,0.022710338,0.105695486,-0.111326896,-0.030713517,0.16251993,-0.10896433,-0.004394755,0.022049502,-0.27112946,-0.059070643,-0.075331435,0.03620961,0.037189938,-0.014144521,-0.07764391,0.030452276,0.11558554,-0.15245558,-0.1037662,0.0615096,-0.017532274,0.0024890564,-0.1512512,-0.03238932,0.034235813,-0.039190948,-0.072393365,-0.14883529,-0.008128695,0.056885377,0.043515377,0.12334923,0.0028468631,-0.0036379779,0.06936075,0.023661084,0.054361373,0.007264342,0.028650144,0.11358081,-0.122001916,0.10668652,0.008969337,-0.045665342,-0.17019305,0.12331438,-0.0715005,0.035065003,-0.15544379,0.063807316,-0.013544494,0.10561833,0.19775614,-0.10573707,0.09014553,0.071323745,-0.0066989735,0.16782354,0.15317717,-0.002972655,0.18997413,0.14139068,0.024893038,-0.16429974,0.056994077,-0.0039703324,-0.059597246,-0.027873032,0.03165564,0.123867474,-0.04425794,-0.03742153,-0.1647046,-0.017299347,0.017998006,0.3167733,-0.06785237,0.042722736,0.109327644,-0.14534831,-0.019541094,0.017255116,0.007558996,0.102844246,-0.10967419,0.10377541,-0.30056706,-0.17137747,-0.019950323,0.032968886,-0.07780659,-0.24100557,-0.19586037,0.05173921,0.08862737,0.023967417,-0.05969993,0.035858616,0.017132502,0.06495331,0.09118703,-0.024741832,-0.03122586,0.11367695,0.0044104867,-0.09998488,0.05871578,-0.0056432486,0.1551525,-0.09868479,-0.21607503,0.023859993,0.023568422,0.12113185,-0.05428848,-0.1582978,0.023452017,0.006722696,0.02043406,-0.15133052,0.019913998,0.2018001,0.028133005,-0.1002532,-0.091152474,0.05236262,0.08977765,0.13870052,0.1419657,-0.08429864,-0.099621736,-0.09431963,-0.11632867,0.047405716,-0.1615633,0.019329336,0.020929625,0.14650878,0.19998886,0.10990213,-0.017840551,0.28709266,0.0147243105,0.08305691,-0.17089772,-0.108974755,0.10048139,0.047748648,0.0045740977,-0.027124152,0.12498595,0.00016161054,0.17175947,-6.636232e-05,0.023158453,-0.07739553,0.064680636,-0.15071562,-0.10376372,-0.05570027,0.064707205,0.056809857,0.024728961,-0.011823177,-0.16418253,-0.15119511,-0.037010156,-0.108086415,0.17667818,0.004606223,-0.058099713,-0.07867205,0.18370035,-0.004091628,-0.07293799,0.00068685785,0.051849496,0.016609829,0.031194486,0.0057902564,-0.06628716,-0.21942283,-0.008062169,0.036113303,0.010919457,-0.03838246,-0.10074417,-0.120272905,0.07976923,0.020845424,0.36772215,0.15563685,0.04877092,0.027647566,0.11284308,-0.004783603,0.054713227,-0.21595919,-0.13317387,0.06377631,-0.014955479,0.29472172,-0.17073081,-0.0024826527,0.046370864,0.0046841837,-0.01050742,-0.028161013,-0.023209222,0.1055006,0.17148384,-0.11836259,-0.049458418,-0.124271266,-0.18275207,-0.035031512,-0.058953095,-0.0073995404,0.009224856,0.13470957,-0.11704907,-0.08345272,0.013758259,-0.30636853
0,-0.12743802,0.08587445,-0.039879065,-0.061290875,0.10507704,-0.016500067,0.055948876,-0.038832527,0.12281566,0.031138238,-0.02400228,-0.008440683,0.05249279,0.034889307,-0.11154819,-0.07015219,-0.031625092,-0.12639314,-0.035005398,0.07073554,-0.08304292,-0.037409067,0.029284045,-0.10088819,0.0075205895,0.07280152,-0.064223655,-0.058784872,-0.04191129,0.01963032,-0.0773213,0.13045724,0.08952048,-0.052495178,0.09610919,-0.017709285,0.022964198,0.08210563,-0.09922817,-0.028665561,0.006424535,-0.015994282,0.078511216,0.07119786,0.045002375,-0.12674628,0.033574626,-0.004257722,0.024828043,-0.0062978826,0.051629975,-0.08629706,0.11152594,-0.010832019,-0.03184492,-0.01625929,-0.053745024,0.050134864,0.1197014,0.026149437,-0.09550287,-0.12156469,0.00019580871,-0.008679993,-0.10609612,0.065796554,-0.029652366,-0.11447915,0.09188692,-0.05631697,0.051772766,-0.10705006,0.10575767,-0.0058139153,-0.007391352,-0.034326173,0.11380631,-0.041766234,-0.1461509,-0.07705442,0.013576385,-0.14212984,-0.005627794,-0.076105855,-0.022474078,0.0057535656,-0.051311005,-0.09266819,0.12555711,-0.11778301,-0.08993109,-0.042778246,-0.01580188,-0.05989214,0.06750625,0.047852606,-0.041715086,0.11668354,0.018568723,0.10826784,-0.025923388,0.02727134,0.024283098,0.082266055,-0.0079167485,-0.03945274,0.09852333,-0.05034135,-0.0005464852,0.029262248,-0.08235073,0.008317417,0.045038573,0.124058135,-0.034798764,-0.04887502,0.10969971,-0.006899046,0.031393867,0.058086775,-0.09176096,0.0738889,-0.1322532,-0.035544988,0.045435824,-0.016411714,0.07714191,-0.02404451,-0.020757586,-0.022437854,-0.08288491,-0.053749394,-0.121943906,-0.020307217,-0.11972192,-0.062088102,0.040483758,0.039310664,-0.07843655,-0.061025783,-0.022356685,-0.105035335,-0.012242984,-0.025422145,-0.04697843,-0.040682137,-0.0740527,0.03867627,-0.07663724,-0.0083942525,-0.089582205,0.029461209,-0.09278999,-0.030627664,0.0674639,0.13679746,0.03433877,0.0071866177,0.041925643,-0.057076056,-0.021762842,0.051978096,0.05449318,0.06881522,0.09802917,-0.09544866,-0.030964771,0.06591068,0.08188093,-0.0047760345,-0.045614477,0.024682906,-0.024424916,-0.05204973,0.057899717,-0.039020415,0.015009234,-0.12007146,-0.07737151,0.13249919,-0.0767998,-0.1207031,0.043912344,-0.10263677,0.018206997,0.0028505325,0.060830273,-0.025602262,-0.041548166,0.0570787,0.100811526,0.075524226,-0.09210225,0.067644835,0.11501675,-0.06756121,0.049659483,-0.0003584139,0.011693792,0.07759149,-0.024060804,0.051375907,0.111536145,0.10998841,-0.012201399,-0.025929196,0.07868098,-0.012797691,0.08552146,-0.072506584,-0.12662715,0.04856364,-0.11029343,0.069823794,0.07450272,0.06067553,-0.00027541164,0.03278658,0.057582546,0.07707972,-0.04051649,0.02363931,0.01257794,-0.050721828,-0.08215101,0.11357699,-0.04803966,-0.01771133,-0.058814187,0.047807235,-0.10593596,0.003583625,0.020916065,-0.03894276,0.08155588,-0.05877265,0.04632047,-0.090986684,0.014290534,0.019138897,-0.0453011,-0.054866765,-0.02318634,-0.029725166,-0.025017949,-0.00611051,-0.021508396,-0.12668975,-0.004874125,-0.08303155,-0.05689876,-0.034716677,0.07438561,-0.023283284,0.02052586,0.038052112
1,0.538028,-0.52934855,0.48880535,0.1830845,0.09996161,0.50929207,-0.25153297,0.0696526,-0.38516477,-0.119483784,-0.019369438,0.33492374,-0.061873473,-0.55462635,0.30505636,0.14487557,0.13340023,0.38007873,0.2831301,-0.3244077,0.4168661,0.040757295,-0.5804391,0.15175094,0.27562252,-0.3451214,0.2184356,0.016929958,0.12707563,-0.20672494,0.1068844,-0.25486854,-0.059026625,0.28694943,-0.36669037,-0.047015276,0.33618817,-0.31164858,0.10796955,0.091845825,-0.60938597,-0.12486587,-0.24552746,-0.0031329356,0.014413051,0.11507347,-0.17816272,0.076492354,0.23294759,-0.34145617,-0.31630585,0.25061676,-0.14638306,0.017446999,-0.315486,-0.06813883,0.12380061,-0.15331556,-0.29228923,-0.37697184,0.09213658,0.2636714,0.073389076,0.3032692,0.12107383,-0.067084365,0.18384917,0.17843881,0.0005550608,0.085801125,0.033053525,0.38547102,-0.39669672,0.23189424,0.039212562,-0.048213962,-0.5308265,0.29992318,-0.014097922,0.18150668,-0.37244207,0.30997506,-0.011789847,0.3272841,0.48878297,-0.23123932,0.26380786,0.24754123,-0.14955865,0.5294293,0.4524026,0.032886982,0.4624191,0.36220497,-0.036202595,-0.42164645,0.17316584,-0.13696046,-0.15514661,-0.16977742,0.09023359,0.25068244,-0.12529683,-0.16385177,-0.3739199,0.021723963,-0.043067068,0.77401876,-0.147495,0.09428801,0.33212867,-0.33605862,-0.084432796,-0.10847037,0.06980267,0.27498168,-0.3773915,0.25750613,-0.7245448,-0.4675665,0.051198646,-0.014418829,-0.05017542,-0.51464486,-0.48487452,0.11266789,0.11609102,0.054893006,-0.09770805,0.10562654,0.12013884,0.17405277,0.33258727,-0.03797191,0.059218213,0.34606075,-0.052316133,-0.2631273,0.21099877,0.05404392,0.37178975,-0.10750207,-0.4759286,0.0778939,0.11775783,0.33220235,-0.057848435,-0.37909698,0.12410705,0.004081443,0.13675597,-0.3745143,0.14565666,0.50567263,-0.013967007,-0.3815806,-0.243378,0.088743,0.16497383,0.38755906,0.3434895,-0.23326412,-0.26194423,-0.29391342,-0.35862204,0.23251939,-0.32857475,-0.022214424,-0.038127434,0.31695676,0.49380898,0.21764967,-0.0064965338,0.6859076,-0.039360948,0.23618077,-0.41309792,-0.11051968,0.31212065,-0.03487868,0.10004622,0.06239578,0.24778038,0.12609404,0.3771503,0.014142603,-0.049340934,-0.14042671,0.16744125,-0.40824807,-0.345764,-0.2160714,0.25598904,0.05312346,-0.05623418,0.05714245,-0.448022,-0.32199344,-0.095497936,-0.34914315,0.43942595,-0.020442436,-0.24260794,-0.31848583,0.4422921,0.02127859,-0.2609097,0.0066465177,0.012992661,0.07808438,0.2144565,-0.019977286,-0.019652992,-0.58891547,-0.0753006,0.02017548,0.0072734803,-0.1157143,-0.2674404,-0.37217027,0.20983866,0.0122188665,0.81645596,0.39266548,0.19672719,-0.03856328,0.31990677,0.00023409491,0.20201927,-0.5407544,-0.19920109,0.1282019,-0.048901055,0.70674443,-0.48863745,0.06784721,0.039410695,0.112206586,-0.058670394,-0.070582084,0.0066885613,0.3163773,0.40422094,-0.23663515,-0.08549454,-0.2788682,-0.38666162,0.06780855,-0.12105583,0.068844005,0.06847928,0.33476856,-0.35809806,-0.16621642,0.0070856847,-0.75622046
1,-0.13449538,0.08954516,-0.043767136,-0.06389102,0.10941774,-0.019280136,0.056737408,-0.04076281,0.12889804,0.034492396,-0.02438727,-0.01073155,0.05514759,0.04102589,-0.11879495,-0.07207002,-0.03568969,-0.129462,-0.04165384,0.07624624,-0.08668634,-0.03821996,0.034565374,-0.10588583,0.0063728774,0.0758369,-0.06828508,-0.0633943,-0.044270683,0.025279697,-0.07967374,0.13403195,0.09143164,-0.054309428,0.10293585,-0.018191459,0.022604167,0.08743051,-0.10365299,-0.032440417,0.008880347,-0.01873065,0.080197856,0.07322402,0.046373293,-0.13178283,0.036247954,-0.008439513,0.02458283,-0.0014462844,0.05171109,-0.0882038,0.11733639,-0.006994225,-0.03305134,-0.019253433,-0.05841949,0.05149685,0.12525216,0.027725026,-0.09819141,-0.12662263,-0.002072923,-0.009972836,-0.10849735,0.07040182,-0.034737483,-0.12234313,0.09749543,-0.058436986,0.053176533,-0.11019957,0.10981889,-0.00816457,-0.008230308,-0.032931484,0.11751941,-0.048813306,-0.15326887,-0.07752146,0.016007055,-0.14813262,-0.0019642524,-0.08051254,-0.02410513,0.0072530694,-0.05445119,-0.09918951,0.12703346,-0.12115963,-0.09219921,-0.044781294,-0.019953888,-0.06664264,0.06956077,0.05028361,-0.04500877,0.12292509,0.02098809,0.11637833,-0.027885659,0.026897239,0.027595857,0.08424325,-0.004843129,-0.03791337,0.10343554,-0.055088542,0.0030715168,0.032928858,-0.08343698,0.011591432,0.049973577,0.12762024,-0.037986927,-0.05266016,0.11473128,-0.010067075,0.033622943,0.0640809,-0.09424731,0.0746243,-0.13596153,-0.030739326,0.05036788,-0.022088103,0.07779311,-0.029070009,-0.016913388,-0.024813324,-0.0881026,-0.06319563,-0.12666188,-0.020425793,-0.12305081,-0.061961748,0.04370084,0.042161014,-0.08066894,-0.06284986,-0.024397917,-0.10628055,-0.010737913,-0.026747804,-0.04880203,-0.04247362,-0.07766548,0.042685434,-0.078430206,-0.010834955,-0.091605715,0.034042537,-0.09516512,-0.035807062,0.06530916,0.14374983,0.03741556,0.0055226684,0.04523803,-0.060009282,-0.025609678,0.054722715,0.058874205,0.06901027,0.10509919,-0.098144904,-0.030060291,0.065581486,0.08593953,-0.006431561,-0.047480058,0.020891437,-0.025501247,-0.058428723,0.059465062,-0.044313315,0.016307505,-0.122265354,-0.0794161,0.13474898,-0.07925831,-0.12565005,0.048397347,-0.10530571,0.017485399,0.003668785,0.061099727,-0.023201708,-0.048814416,0.061120983,0.10335316,0.078324825,-0.09805772,0.070053436,0.11798001,-0.06831254,0.053863376,0.0032715462,0.012928693,0.08209296,-0.026283227,0.053359285,0.11824693,0.116206944,-0.014527967,-0.025644924,0.08523379,-0.0147155,0.09018004,-0.07889289,-0.13146435,0.050720397,-0.1156639,0.07285628,0.07932726,0.06221443,0.0007445235,0.035280887,0.06121317,0.080739036,-0.04277032,0.02449138,0.010828469,-0.05640424,-0.08812614,0.12043673,-0.050927434,-0.018832589,-0.060164373,0.053045712,-0.11014663,0.00027980283,0.021785913,-0.042070348,0.08745098,-0.06343776,0.04857537,-0.09482862,0.013385743,0.022694858,-0.04732571,-0.058613352,-0.029287383,-0.028388605,-0.02605381,-0.0041162316,-0.020535918,-0.13202359,-0.0039697923,-0.08594517,-0.06264572,-0.033883896,0.077063635,-0.01982022,0.021774558,0.04034753
0,-0.112492174,0.07896579,-0.036874812,-0.060916714,0.10123773,-0.010792857,0.057532668,-0.03665627,0.11622326,0.0224347,-0.025437571,-0.008436428,0.048709236,0.025015641,-0.10022257,-0.067059524,-0.028149134,-0.12732841,-0.021405524,0.06265599,-0.078716725,-0.038845837,0.017968222,-0.09890228,0.009672379,0.06819257,-0.0607337,-0.05531685,-0.041686326,0.012570232,-0.07634942,0.12898019,0.08913886,-0.050632477,0.08459487,-0.017734597,0.026071602,0.07630337,-0.08839008,-0.023732558,0.004892487,-0.013166985,0.07527554,0.06857386,0.041775063,-0.12067318,0.028812833,0.003120171,0.026183559,-0.012966145,0.05010379,-0.08645443,0.10479942,-0.013621993,-0.031272776,-0.011327688,-0.046016548,0.051309966,0.114453934,0.022587609,-0.092762746,-0.11402318,0.0017534792,-0.0069766506,-0.10565878,0.063707985,-0.029003037,-0.10383981,0.08493787,-0.05467636,0.051841833,-0.10129824,0.099347994,-0.0017278492,-0.0076035,-0.03649596,0.10784811,-0.030292042,-0.14235543,-0.08151193,0.0103617795,-0.13531125,-0.008390699,-0.0659664,-0.021324918,0.0023554415,-0.050742663,-0.086356625,0.12963414,-0.10882288,-0.09104336,-0.044182077,-0.010387499,-0.048913628,0.060200606,0.04459624,-0.040378563,0.10858847,0.018434754,0.091736734,-0.023758842,0.025412453,0.02231221,0.07609024,-0.012332128,-0.041838396,0.09282169,-0.043966092,-0.005492449,0.02720682,-0.08538764,0.000912725,0.035607763,0.12309228,-0.0298782,-0.04306902,0.10258944,-0.00033314805,0.02688596,0.048486583,-0.08693277,0.0683388,-0.13241288,-0.046464637,0.037109137,-0.010440879,0.07851295,-0.019513432,-0.026302502,-0.018246932,-0.07740962,-0.04035462,-0.11348902,-0.02485644,-0.11620202,-0.06401493,0.036994614,0.037997108,-0.078151576,-0.06409149,-0.014046736,-0.10673161,-0.013256613,-0.026167508,-0.042164363,-0.034872573,-0.068194926,0.0368985,-0.07435416,-0.009799026,-0.090316474,0.0218633,-0.08888556,-0.02470329,0.071204305,0.12626241,0.027785877,0.008325983,0.035559066,-0.050399356,-0.017425915,0.048575446,0.049201414,0.07102952,0.089450136,-0.08765872,-0.03262389,0.06198516,0.076217264,-0.0009199865,-0.048400532,0.026856232,-0.025905408,-0.04316936,0.05593866,-0.03318356,0.014618186,-0.122573495,-0.07760235,0.12975174,-0.07394769,-0.11633303,0.038366787,-0.100294426,0.021793935,0.0034346133,0.06292898,-0.02754327,-0.029081956,0.044767547,0.0945825,0.068500295,-0.08289094,0.06658616,0.11808696,-0.070895754,0.04091089,-0.0072182566,0.008422524,0.07364941,-0.016672809,0.051574446,0.10501799,0.10332239,-0.009528777,-0.023823563,0.06473844,-0.008324306,0.08163098,-0.06325544,-0.117682196,0.052541986,-0.104418874,0.06401914,0.071284495,0.059596933,-0.006066354,0.03390323,0.056926604,0.069489464,-0.039051563,0.023305168,0.016800694,-0.040054485,-0.07457039,0.10679074,-0.043408483,-0.016264848,-0.062355362,0.038697753,-0.1027296,0.007535422,0.019334078,-0.03658989,0.07101838,-0.050203733,0.04270755,-0.08808819,0.015558425,0.017497936,-0.040301956,-0.04853901,-0.014948487,-0.030990245,-0.024546253,-0.005269888,-0.023543607,-0.11593863,-0.003944982,-0.08456655,-0.04411243,-0.03584077,0.071082994,-0.029418109,0.01849559,0.032866053
1,-0.10906698,0.070448086,-0.019550767,-0.05320441,0.091291204,-0.0043309834,0.049672958,-0.0350181,0.09955396,0.024724703,-0.023114134,0.0009976383,0.047963463,0.01191121,-0.09080897,-0.060712364,-0.020283563,-0.110708445,-0.011119427,0.05647458,-0.069753096,-0.035351217,0.012047041,-0.08926148,0.009751307,0.05691149,-0.05251512,-0.04526596,-0.03241066,0.0026065968,-0.067296244,0.11408448,0.0820137,-0.040802434,0.07869437,-0.019063296,0.029522112,0.060903866,-0.090636596,-0.02070659,-0.010678835,-0.010679487,0.06394278,0.06379017,0.0469305,-0.1136885,0.018188119,0.0028002579,0.030979767,-0.019436872,0.048350684,-0.07684332,0.09011535,-0.013622843,-0.03339804,-0.010663841,-0.040179987,0.04507055,0.10053226,0.019229405,-0.08716025,-0.10496101,0.008722473,-0.0010567782,-0.09524372,0.052661203,-0.014833061,-0.09942889,0.082537524,-0.050610267,0.04416103,-0.08955211,0.08952894,0.00464838,-0.005179908,-0.042027965,0.09926449,-0.018180326,-0.12781659,-0.073281616,0.0035075303,-0.12360127,-0.01374126,-0.060649857,-0.013488829,-0.005196251,-0.03843763,-0.0703754,0.11377044,-0.10242571,-0.0737159,-0.035045743,-0.0052801855,-0.035483457,0.064552344,0.034906063,-0.033692267,0.1008084,0.012630822,0.08634714,-0.01584842,0.03180939,0.015981367,0.070395395,-0.017238893,-0.04161252,0.082232006,-0.02824998,-0.0073884428,0.019248243,-0.0697857,-0.0063505443,0.03198724,0.11231814,-0.029728403,-0.035720527,0.09136805,0.0015888843,0.015402506,0.04453869,-0.085425265,0.07124837,-0.1175742,-0.048768997,0.028519895,0.0017180555,0.07562182,-0.008846138,-0.030258026,-0.017185565,-0.06951433,-0.028197203,-0.102883086,-0.018472912,-0.1084315,-0.055975594,0.03534131,0.025848057,-0.069627464,-0.0542385,-0.012921553,-0.09942652,-0.024192732,-0.018394861,-0.044141345,-0.032668177,-0.066854544,0.020782618,-0.0644037,-0.0022490472,-0.07897811,0.014961748,-0.08482173,-0.016544415,0.06795256,0.11443024,0.022857748,0.014854446,0.036235116,-0.043271843,-0.009398468,0.038849052,0.039375044,0.060029645,0.074168235,-0.085265994,-0.03504114,0.060753737,0.070984975,0.0070735402,-0.030656766,0.029763356,-0.023471631,-0.02496865,0.052194364,-0.027347036,0.008060686,-0.11460693,-0.06638425,0.12468198,-0.06819273,-0.10275524,0.037190586,-0.095742464,0.026397215,-0.001617033,0.062199675,-0.031002857,-0.021927282,0.04296688,0.08570905,0.06514111,-0.07794174,0.061748058,0.102096796,-0.06189528,0.03593466,-0.015919141,0.008156981,0.065847486,-0.013409714,0.04092238,0.086651586,0.091982655,-0.00040455954,-0.023909537,0.06428943,-0.008205067,0.07738209,-0.05297909,-0.1099648,0.041718718,-0.10054809,0.057007432,0.059477247,0.055601794,0.0018551312,0.024408426,0.041964848,0.064578295,-0.02780224,0.024554128,0.02536916,-0.030318808,-0.06701608,0.09454338,-0.037944905,-0.015492434,-0.05268508,0.027582679,-0.09752017,0.011124089,0.015380082,-0.020784147,0.061568115,-0.052652158,0.04319375,-0.07974306,0.016741678,0.010953618,-0.042126223,-0.04229626,-0.0027374625,-0.03316711,-0.024952555,-0.012512213,-0.031169942,-0.11394948,-0.0084695425,-0.07138242,-0.041187856,-0.027564656,0.0634855,-0.030518852,0.019828819,0.025100991
1,0.53647345,-0.53226143,0.48637393,0.18280058,0.103505954,0.51580775,-0.25441298,0.069487445,-0.3837886,-0.12085189,-0.019959435,0.33719397,-0.062344007,-0.5523525,0.30062944,0.14287922,0.13091043,0.3793357,0.2795451,-0.32629663,0.41902483,0.040461194,-0.5835314,0.14923991,0.27895266,-0.34459028,0.21667455,0.013086528,0.12548767,-0.20600587,0.107461624,-0.25313038,-0.059065674,0.28650072,-0.3663472,-0.04780623,0.3374368,-0.30726686,0.10893902,0.092258126,-0.6094859,-0.12799224,-0.24365912,-0.0029038042,0.012103848,0.113591835,-0.17328936,0.07627507,0.23462099,-0.34303266,-0.32061374,0.2531697,-0.14177376,0.01727968,-0.31865808,-0.07137162,0.120239355,-0.15434895,-0.2906829,-0.3791317,0.09108724,0.26159835,0.06898952,0.30679813,0.11823985,-0.063579924,0.18242578,0.17423111,-0.0011764094,0.085833326,0.038823836,0.3860853,-0.39640394,0.22991933,0.041045792,-0.047048155,-0.53262174,0.2965402,-0.019288585,0.18348284,-0.3729285,0.31033093,-0.012056846,0.32655293,0.49271944,-0.23051181,0.26415908,0.24392428,-0.14673333,0.53255224,0.45317888,0.030134216,0.46493158,0.35949507,-0.037598066,-0.42224357,0.17062257,-0.13413343,-0.15569565,-0.16494039,0.08801077,0.25325778,-0.12406867,-0.16042548,-0.37688684,0.023886964,-0.03700415,0.7756735,-0.14660603,0.09869465,0.33046994,-0.3362055,-0.08116329,-0.106488384,0.070129715,0.27362075,-0.37819085,0.2604423,-0.7305254,-0.4692669,0.048935607,-0.013268482,-0.055775046,-0.5198687,-0.4840191,0.1084732,0.11797376,0.05017846,-0.09537448,0.10553007,0.117057465,0.16813387,0.32955083,-0.039081696,0.057810068,0.34977567,-0.054332446,-0.26214224,0.20745555,0.05321295,0.37220523,-0.109965146,-0.47918928,0.07550387,0.11772956,0.33324343,-0.06262146,-0.3766216,0.12192789,0.00083105266,0.13470072,-0.37559882,0.1431344,0.5095157,-0.012970947,-0.38085192,-0.24378319,0.0861899,0.1666787,0.39040214,0.34439766,-0.23122089,-0.25822407,-0.29557657,-0.35590124,0.23480451,-0.32954288,-0.019914012,-0.035882544,0.31598458,0.49454644,0.21826139,-0.006485652,0.68330586,-0.03854774,0.2370603,-0.41663763,-0.112556666,0.31145194,-0.03282664,0.09975743,0.05937267,0.25228062,0.12695648,0.38020763,0.016884238,-0.052517578,-0.14054184,0.16258535,-0.40938348,-0.3451188,-0.21603665,0.25588787,0.055794597,-0.051482677,0.057937384,-0.45247734,-0.32117498,-0.09443556,-0.35289797,0.44271505,-0.014673362,-0.24091394,-0.31944114,0.44532064,0.021185368,-0.26103854,0.004320044,0.01361686,0.07079631,0.21352214,-0.016100574,-0.021439653,-0.5924767,-0.07020303,0.02134806,0.0061426833,-0.11410019,-0.2623564,-0.37333372,0.20732726,0.0120344795,0.819788,0.3917891,0.19443618,-0.031810153,0.32171923,-0.0020728786,0.20459577,-0.5417807,-0.20426662,0.12516826,-0.047554914,0.70690566,-0.49148554,0.0648137,0.03806906,0.11123853,-0.06120558,-0.06743603,0.0071721524,0.3194766,0.40389502,-0.23871964,-0.08794812,-0.28071472,-0.38741457,0.06716254,-0.121714875,0.0674558,0.065743186,0.33462232,-0.3593983,-0.16786583,0.008443652,-0.7633886
1,0.53779036,-0.52917105,0.48861194,0.18304831,0.099925876,0.50919706,-0.25149134,0.06958813,-0.38504744,-0.1194597,-0.019372873,0.3348933,-0.061764933,-0.5544068,0.30490994,0.14483398,0.1333475,0.3798797,0.28308296,-0.324222,0.41671407,0.040650193,-0.5802357,0.15164378,0.275544,-0.34504244,0.21838826,0.016965572,0.1270239,-0.20670538,0.10679274,-0.25471532,-0.05895135,0.28687948,-0.36657506,-0.047059547,0.33614796,-0.31148022,0.10801321,0.09175156,-0.6092647,-0.12487553,-0.24537112,-0.0030625723,0.014424551,0.11500679,-0.17808972,0.07638616,0.23289654,-0.34133112,-0.31615087,0.25058952,-0.14625955,0.01742543,-0.3154341,-0.068125546,0.12372044,-0.15322453,-0.29220715,-0.37677485,0.09206377,0.26356846,0.07336166,0.30317542,0.120922595,-0.066964634,0.18373819,0.17822316,0.00049204007,0.08575705,0.033095688,0.38535675,-0.39659953,0.23185468,0.039164595,-0.048196945,-0.5305937,0.29986858,-0.014081147,0.18140876,-0.37224892,0.3099668,-0.011917271,0.32712317,0.48864862,-0.23122439,0.2637493,0.2474171,-0.14952223,0.52928865,0.45220912,0.032829233,0.46226677,0.36218783,-0.03617751,-0.42156175,0.17300442,-0.13687001,-0.15510686,-0.16971529,0.090153225,0.25071827,-0.12524511,-0.163754,-0.37376446,0.02171895,-0.042992905,0.77371347,-0.14741817,0.0942367,0.33201432,-0.33586237,-0.08435981,-0.10827378,0.06972418,0.2749401,-0.37726742,0.25745305,-0.7244455,-0.46739876,0.05121517,-0.014344055,-0.050185878,-0.5145841,-0.48470786,0.11255889,0.11602968,0.054831572,-0.09769086,0.10561176,0.1200719,0.1740251,0.3324662,-0.037980814,0.059179187,0.3459394,-0.05227724,-0.26307464,0.2108475,0.05406405,0.37172145,-0.10750686,-0.47584563,0.0777698,0.11765832,0.33208087,-0.057791654,-0.379038,0.12411547,0.0040491596,0.13673288,-0.37443575,0.14556222,0.5055331,-0.01402165,-0.38138616,-0.24336313,0.08872619,0.16493392,0.3874611,0.34343,-0.23319225,-0.26182377,-0.29383677,-0.3585398,0.23243377,-0.32846373,-0.02217644,-0.038164433,0.31692263,0.49369165,0.21762949,-0.006501075,0.6856736,-0.039321788,0.23613542,-0.41303575,-0.110482484,0.31200126,-0.034867078,0.099977136,0.062351227,0.24772894,0.12606512,0.3770621,0.014182851,-0.049234897,-0.14045572,0.16731289,-0.40809464,-0.34561047,-0.2159644,0.25589737,0.05318796,-0.05620783,0.05712855,-0.44792902,-0.3219898,-0.09542981,-0.34916332,0.43926325,-0.020399274,-0.24254526,-0.31827265,0.44214055,0.021220237,-0.2608641,0.0067076273,0.013047427,0.07810164,0.2144129,-0.019946177,-0.019658115,-0.5887752,-0.075212784,0.020136528,0.0073465295,-0.115696445,-0.26727667,-0.3719975,0.20975652,0.012276422,0.81626916,0.39261717,0.19661307,-0.038501732,0.31976667,0.00018332107,0.20197234,-0.54058087,-0.1991972,0.1281004,-0.048986215,0.7064692,-0.48857695,0.06764999,0.039370388,0.11217385,-0.058661193,-0.07049247,0.006665144,0.31625468,0.40408742,-0.23659053,-0.08554315,-0.27880204,-0.38657936,0.06777896,-0.121032655,0.068847716,0.068499096,0.3347019,-0.3579659,-0.16623509,0.0071385596,-0.75605845
0,-0.10799395,0.07045773,-0.022369776,-0.05612404,0.09242566,-0.0048018172,0.05146633,-0.034520987,0.102448404,0.021003662,-0.023921218,-0.0023997333,0.047220133,0.013012458,-0.09082634,-0.060637258,-0.023947692,-0.11420306,-0.009611936,0.056431383,-0.071782716,-0.03766753,0.009504406,-0.0924322,0.011087807,0.057785183,-0.05553668,-0.04655205,-0.033780117,0.0035361238,-0.07057458,0.117626265,0.08364131,-0.04208454,0.07786727,-0.020216677,0.030606195,0.06439615,-0.088011235,-0.019135088,-0.009025248,-0.009941453,0.06550032,0.06368379,0.045688428,-0.11507271,0.019835725,0.004261259,0.03016216,-0.02001998,0.04935573,-0.07881514,0.090033576,-0.0138366595,-0.032715213,-0.011359092,-0.03930793,0.046621643,0.10326209,0.017875038,-0.08690542,-0.103791945,0.007790532,-0.0005365964,-0.097893775,0.05480437,-0.018803893,-0.09900743,0.083203204,-0.050453868,0.04591365,-0.089543864,0.0920493,0.0039334334,-0.00524682,-0.04217048,0.09936145,-0.018406734,-0.1309544,-0.0767355,0.004351698,-0.12565172,-0.014178194,-0.05980339,-0.015685009,-0.0044988543,-0.04233843,-0.07260242,0.11951481,-0.10174817,-0.07859132,-0.036512356,-0.0059488453,-0.035949178,0.061150845,0.03717025,-0.036565147,0.10176178,0.016226495,0.08373236,-0.015925827,0.030737333,0.017551089,0.07060726,-0.016970286,-0.04180416,0.085374296,-0.031376157,-0.0075524077,0.021511994,-0.07612008,-0.0062033553,0.029781364,0.1162438,-0.02784228,-0.03651496,0.09255399,0.0039556907,0.017220154,0.04481715,-0.08539295,0.06898012,-0.12251023,-0.052982427,0.029074725,0.0008696951,0.07727048,-0.0108871795,-0.029268194,-0.016202156,-0.07064792,-0.027353931,-0.10336447,-0.020405032,-0.1103139,-0.058429323,0.03538855,0.028821275,-0.0720371,-0.057472065,-0.010150479,-0.10252105,-0.021803178,-0.021171201,-0.04180383,-0.030004924,-0.06638171,0.023345368,-0.064789206,-0.0072481446,-0.081591725,0.014772822,-0.08499056,-0.016605094,0.069429606,0.11479127,0.021851841,0.013889439,0.032703295,-0.04213886,-0.011510255,0.04134062,0.042109504,0.06439983,0.07547191,-0.08259293,-0.03449598,0.0597386,0.07090603,0.0065166764,-0.035820518,0.027113184,-0.024337398,-0.027478177,0.051352784,-0.027931102,0.008136719,-0.118691675,-0.068994634,0.12463479,-0.06843335,-0.10480276,0.037293136,-0.09695442,0.027356192,0.00010403246,0.06435627,-0.029712776,-0.020903848,0.039467424,0.085130095,0.06388937,-0.076584205,0.06273757,0.10662718,-0.0650366,0.033041388,-0.016904533,0.006211728,0.06876672,-0.011892929,0.043973412,0.08933385,0.09280679,-0.0017763996,-0.02137971,0.062235482,-0.007812604,0.07802661,-0.0522182,-0.10851541,0.047115877,-0.10228368,0.058181785,0.0626008,0.05624698,-0.0019372031,0.027745776,0.046282347,0.062689796,-0.029384267,0.0258915,0.022765271,-0.030401923,-0.067160815,0.097007364,-0.037383746,-0.014310703,-0.056602664,0.027071612,-0.098689884,0.010437017,0.015321115,-0.024438813,0.06082908,-0.051246747,0.04157764,-0.0825148,0.017234989,0.013303334,-0.041187424,-0.041059416,-0.0037882105,-0.03244151,-0.026328644,-0.009653615,-0.030341659,-0.112772584,-0.003750328,-0.07575228,-0.037789196,-0.029528007,0.06497151,-0.031895954,0.02011104,0.02532484
0,-0.14088504,0.09296997,-0.049216647,-0.06891086,0.11377284,-0.022075322,0.06032054,-0.04390721,0.13647926,0.03709451,-0.024985388,-0.016710201,0.057082493,0.0484215,-0.12657839,-0.07487258,-0.04050447,-0.13382691,-0.046333566,0.08121874,-0.092439294,-0.040085,0.039920934,-0.112726964,0.0031712903,0.0809947,-0.0729528,-0.07003986,-0.049038894,0.031521153,-0.082998425,0.13874045,0.09482573,-0.056272004,0.11005348,-0.020107685,0.022026334,0.09434837,-0.106647134,-0.03502829,0.011355389,-0.022005282,0.0813497,0.076026455,0.047692526,-0.1364964,0.038716838,-0.012893142,0.02446891,0.0035298504,0.052631475,-0.09168859,0.124432236,-0.0031630583,-0.03414381,-0.02081339,-0.063550286,0.054197982,0.1313416,0.03053606,-0.102887884,-0.1327704,-0.0047170594,-0.013142241,-0.11114299,0.076108225,-0.041520186,-0.12906331,0.10387498,-0.061718866,0.05415647,-0.11588842,0.11439319,-0.0107411295,-0.010255126,-0.030954465,0.12198074,-0.055052668,-0.16142713,-0.08117807,0.018595036,-0.1548993,0.0015681274,-0.08421725,-0.02684125,0.008143261,-0.05847219,-0.10826,0.1318002,-0.123732015,-0.09632836,-0.04841721,-0.0260817,-0.07386509,0.07109837,0.051507812,-0.051326737,0.12945816,0.023151426,0.12291688,-0.031165523,0.02550746,0.032561786,0.08651921,-0.0011337455,-0.037519567,0.10810362,-0.060413577,0.007663563,0.037512254,-0.08527219,0.015781187,0.054620646,0.1345003,-0.04262074,-0.057357512,0.120657355,-0.0143128345,0.0371273,0.06901272,-0.09749683,0.07561805,-0.14150353,-0.026340488,0.05539127,-0.02764193,0.080496736,-0.03469866,-0.011738677,-0.026247565,-0.0926532,-0.070445046,-0.13285178,-0.021166507,-0.12877283,-0.063950375,0.049112476,0.04623875,-0.08358531,-0.06531588,-0.025877012,-0.1091581,-0.0076754764,-0.030250553,-0.05038099,-0.04549724,-0.07995975,0.04763233,-0.081448,-0.013986714,-0.09656444,0.038350277,-0.097175285,-0.040604558,0.06485263,0.14963192,0.040803388,0.002839554,0.048235945,-0.06404948,-0.03001905,0.059094146,0.06390953,0.07027221,0.11191347,-0.10079001,-0.029998343,0.06487675,0.09019548,-0.008614622,-0.05259702,0.016704716,-0.027019963,-0.06424299,0.06269201,-0.0501741,0.01772323,-0.12603456,-0.08437167,0.13662949,-0.081017256,-0.1305054,0.052601047,-0.10857013,0.01623355,0.0046080276,0.06201899,-0.019259136,-0.05582562,0.062397424,0.1059766,0.08115138,-0.103074476,0.07301165,0.122845426,-0.071444444,0.05719402,0.005826477,0.014527839,0.087491415,-0.02706791,0.0562337,0.12516044,0.123758525,-0.01776654,-0.023017332,0.08977325,-0.018020224,0.09592642,-0.087535016,-0.13695636,0.05324325,-0.122234166,0.07576245,0.084294565,0.062690265,0.0012901835,0.039526414,0.06550701,0.08396895,-0.046687126,0.025094476,0.009223711,-0.06269784,-0.09489454,0.12872726,-0.054675505,-0.017327588,-0.064272046,0.058842227,-0.11516024,-0.0029654205,0.02391411,-0.045557443,0.093606174,-0.06847762,0.050304946,-0.09901691,0.013782393,0.026268424,-0.049554028,-0.061698884,-0.03700193,-0.02701214,-0.0271857,-0.00031940453,-0.018421482,-0.13598594,-0.0018490069,-0.09049746,-0.06750738,-0.033493485,0.0809349,-0.015611131,0.022610027,0.04275562
0,-0.13977587,0.086701244,-0.037956733,-0.06716032,0.10652366,-0.017557869,0.055457786,-0.043514915,0.12536362,0.037269883,-0.024738818,-0.012308406,0.057032995,0.03955668,-0.11900879,-0.070139915,-0.037000343,-0.12405979,-0.03674215,0.07850802,-0.08909513,-0.039664973,0.03414814,-0.11001174,0.0026737642,0.07436392,-0.071484916,-0.06374877,-0.04318706,0.024937432,-0.07896498,0.13088131,0.09082025,-0.049512684,0.10658841,-0.02232268,0.026942773,0.084457144,-0.10597646,-0.032477636,0.001034759,-0.02034029,0.07295102,0.07335606,0.052175883,-0.13270204,0.030774951,-0.013199406,0.02707273,-0.0018913224,0.05249258,-0.08609834,0.11329886,-0.003156919,-0.035049047,-0.021390583,-0.05931726,0.050902687,0.12350704,0.02710225,-0.09889679,-0.12501529,-0.0006575361,-0.008923702,-0.10550727,0.06913165,-0.035098568,-0.12745002,0.10406392,-0.05931237,0.048810475,-0.10651408,0.11095831,-0.0064338,-0.008749558,-0.0360564,0.11693355,-0.046408087,-0.15364996,-0.07714254,0.016729282,-0.14788386,-0.0029361555,-0.08041694,-0.024581937,0.0022218674,-0.052154105,-0.097848006,0.12492995,-0.118911654,-0.08699358,-0.04329218,-0.025735784,-0.06412667,0.07279459,0.046951488,-0.049931955,0.12478571,0.021520047,0.1185111,-0.025264585,0.029317582,0.030452264,0.08272901,-0.0048637427,-0.035865996,0.10213362,-0.052672148,0.0060599707,0.03403752,-0.07823033,0.0107765095,0.050591476,0.13179336,-0.04264666,-0.05290863,0.11431497,-0.012444583,0.030386154,0.06830474,-0.097404286,0.07663807,-0.13321203,-0.030515835,0.050382238,-0.018820908,0.080088384,-0.028446343,-0.012095571,-0.025545672,-0.086797185,-0.061866093,-0.1253845,-0.016700808,-0.12466188,-0.05848612,0.04858503,0.04023518,-0.0802297,-0.059975166,-0.024143565,-0.105223745,-0.013763163,-0.026483897,-0.05148816,-0.044303715,-0.07938326,0.037718788,-0.075145066,-0.011005286,-0.090851545,0.03360799,-0.09427871,-0.036685597,0.062370203,0.1408827,0.03687466,0.008418705,0.045482375,-0.058448885,-0.025690695,0.052908868,0.0577927,0.06486128,0.10151939,-0.09543975,-0.03124521,0.063907936,0.0866587,-0.0039460547,-0.04336456,0.015385129,-0.026511947,-0.052761797,0.059692584,-0.04776668,0.0131014455,-0.123799115,-0.07806683,0.13070993,-0.07688366,-0.12019586,0.051925622,-0.10651247,0.019502025,9.30056e-05,0.063061625,-0.019875906,-0.050131768,0.059012555,0.10009643,0.0789025,-0.100155324,0.0702441,0.11366316,-0.06776335,0.052342474,-0.0013772883,0.013927847,0.08406896,-0.023382671,0.05004839,0.11343919,0.11623047,-0.01254745,-0.021629605,0.08905775,-0.019681878,0.094296485,-0.07898145,-0.13051471,0.049334608,-0.12197898,0.07163704,0.075699665,0.059781045,0.0056926087,0.03587945,0.05760945,0.08120774,-0.039981525,0.027725302,0.01261428,-0.055940792,-0.09027939,0.12021078,-0.051615916,-0.015091162,-0.05984416,0.051517706,-0.11112337,-0.0010262728,0.021553695,-0.038391303,0.08687265,-0.07130722,0.050017238,-0.093896784,0.016038906,0.023008784,-0.050456014,-0.057249166,-0.02933187,-0.028145054,-0.028202884,-0.002104938,-0.023480147,-0.13349834,-0.0016786605,-0.08461316,-0.06275988,-0.027672581,0.07759227,-0.016488545,0.026008442,0.03735452
1,0.62257695,-0.6109753,0.5551672,0.21409963,0.10324523,0.5815509,-0.29321453,0.083532214,-0.4486192,-0.13955763,-0.019364763,0.3799527,-0.076073416,-0.6286295,0.35501537,0.17103235,0.15183273,0.44477051,0.3210511,-0.377498,0.48183906,0.049884636,-0.6615577,0.18140408,0.31238663,-0.3984178,0.2519449,0.022660084,0.14712696,-0.23439395,0.1302883,-0.3029109,-0.07807955,0.33048275,-0.4258839,-0.051704776,0.37755844,-0.35816142,0.13361779,0.10796082,-0.6903323,-0.1412279,-0.28547502,-0.012056705,0.009191081,0.14425741,-0.20064007,0.08567988,0.2606184,-0.38563192,-0.366933,0.2951651,-0.17572671,0.022071648,-0.35491443,-0.07816695,0.1432759,-0.18042938,-0.3436204,-0.43118915,0.11537276,0.31259578,0.0796695,0.34592563,0.14785992,-0.08000318,0.21018758,0.21264422,-0.010417491,0.1043255,0.035040684,0.4493231,-0.46099252,0.26089245,0.047026075,-0.04917581,-0.6160425,0.3404839,-0.0018169619,0.21617834,-0.42229953,0.3672847,-0.012411408,0.37852818,0.55757964,-0.2605049,0.30394286,0.2882595,-0.18253574,0.61554646,0.5227066,0.040448636,0.52682877,0.41345033,-0.05062359,-0.48296967,0.19822754,-0.16687362,-0.17695741,-0.20180961,0.10398492,0.28206706,-0.14330173,-0.19298753,-0.422975,0.031494528,-0.05519639,0.8816337,-0.1651088,0.107087284,0.3841745,-0.380224,-0.0989573,-0.13585553,0.08308979,0.31467062,-0.4398068,0.29365894,-0.82651305,-0.5366629,0.06749616,-0.025341224,-0.045336973,-0.5801015,-0.5528686,0.12536776,0.12230529,0.060273524,-0.10515485,0.121662416,0.14278032,0.19826452,0.38835022,-0.04084276,0.07992208,0.40102237,-0.06492531,-0.30117685,0.24581778,0.06900523,0.4238543,-0.111005306,-0.53859687,0.088863626,0.13943906,0.38216603,-0.0595878,-0.4313437,0.14812793,0.0020631962,0.16393489,-0.4272007,0.17447501,0.57767415,-0.024251267,-0.4470786,-0.2790901,0.09729229,0.18225594,0.447013,0.39029884,-0.2679934,-0.29847038,-0.3422196,-0.4150575,0.27580371,-0.3678309,-0.032088976,-0.051484432,0.357577,0.5634755,0.24187529,-0.004160572,0.778713,-0.051332496,0.27249086,-0.47114328,-0.11231154,0.36121076,-0.05470805,0.12226145,0.08270752,0.27860504,0.15519781,0.4265131,0.0178999,-0.06555869,-0.15444185,0.19031511,-0.46905476,-0.40287462,-0.25387493,0.30050144,0.05326598,-0.07489396,0.07407093,-0.5154669,-0.3627754,-0.10862367,-0.40523875,0.5023549,-0.025076794,-0.2856918,-0.3734428,0.504065,0.028550148,-0.30434445,0.0069194473,0.0047762394,0.0906931,0.2572492,-0.024785828,-0.011018079,-0.67661524,-0.089614116,0.016500533,0.006853111,-0.13334106,-0.30526343,-0.43108994,0.24005717,0.011086222,0.922777,0.44805846,0.23081782,-0.052211333,0.3688295,0.0011151317,0.23700252,-0.61796296,-0.21591847,0.14172408,-0.057822857,0.80372477,-0.563679,0.08179399,0.03747239,0.13642973,-0.070327386,-0.07976594,0.013612669,0.36735338,0.45842952,-0.26399228,-0.09451594,-0.3149731,-0.4349768,0.09083006,-0.1353676,0.08705081,0.08152514,0.38246128,-0.41511884,-0.18568715,0.006317051,-0.8641574
1,0.3309436,-0.3368757,0.32560247,0.10628689,0.099454165,0.3421215,-0.15582114,0.034044564,-0.22843102,-0.06989747,-0.020526664,0.22773597,-0.02486125,-0.37251556,0.17607555,0.07913083,0.08241922,0.22268504,0.1864168,-0.1987547,0.25956592,0.013955992,-0.38875538,0.07293955,0.19013129,-0.21525645,0.13097121,-0.005021386,0.07473688,-0.13579108,0.050000496,-0.13632968,-0.012265544,0.184304,-0.22116038,-0.038475666,0.23941395,-0.19168049,0.043930948,0.052073434,-0.41889107,-0.091486834,-0.14690863,0.020273563,0.025788598,0.039232373,-0.11657689,0.049725533,0.16826844,-0.23557805,-0.20126316,0.14536834,-0.06788941,0.010899376,-0.22689328,-0.05191063,0.06864453,-0.089462966,-0.16548836,-0.25063044,0.033338264,0.14366607,0.051990688,0.20466177,0.051104505,-0.026649065,0.11632036,0.085842945,0.030923508,0.040995907,0.03633918,0.23159978,-0.2413081,0.15920909,0.023257695,-0.044946287,-0.32915178,0.19496699,-0.05399103,0.10079791,-0.25066793,0.16981977,-0.011051644,0.20100765,0.3285614,-0.15954825,0.16476342,0.14292453,-0.06588878,0.32854158,0.28387737,0.009231061,0.31110275,0.23313391,-0.0029870346,-0.27692837,0.10504584,-0.057871945,-0.10115171,-0.08338901,0.0546787,0.18198413,-0.07742523,-0.08940488,-0.25815207,0.0020899177,-0.0017321724,0.5182137,-0.101112835,0.07113165,0.20447537,-0.22776137,-0.04388167,-0.0346917,0.034496874,0.17562366,-0.2253643,0.17261101,-0.49130458,-0.30169573,0.008504093,0.012773745,-0.07295558,-0.36342552,-0.32066926,0.072112724,0.102925226,0.03132857,-0.072826505,0.065584674,0.057514742,0.10425012,0.19288729,-0.032149523,0.006067395,0.21883853,-0.020739,-0.16945668,0.122059286,0.018825024,0.25054508,-0.10591636,-0.3322538,0.04520948,0.06473143,0.21448827,-0.061002173,-0.2516798,0.06433962,0.0019970238,0.0689144,-0.2490487,0.07234685,0.33666375,0.010277353,-0.22021851,-0.15631205,0.06496533,0.12590957,0.24961308,0.22978346,-0.14604856,-0.16589408,-0.1828305,-0.21741639,0.13010156,-0.23556226,0.002620358,-0.0010029599,0.21937579,0.32862005,0.15644321,-0.013389867,0.45749256,-0.007852916,0.14928883,-0.2798565,-0.11264612,0.19170453,0.014017988,0.04498124,0.007148616,0.18476273,0.055084314,0.2645286,0.00899126,-0.011897236,-0.103976116,0.10318474,-0.26375887,-0.20835397,-0.1253608,0.14662379,0.058450915,-0.005193293,0.018173233,-0.29151887,-0.2236805,-0.061876338,-0.21524422,0.29455984,2.3266766e-05,-0.13427052,-0.18294299,0.29937103,0.0070319325,-0.15366131,0.00059647486,0.0367669,0.03420373,0.10897002,-0.000973662,-0.049496595,-0.38438773,-0.031001218,0.03091731,0.00799646,-0.07032357,-0.16814809,-0.2311863,0.13374138,0.016907047,0.56724596,0.25669563,0.109763384,0.007071696,0.20481302,-0.0048352187,0.12070572,-0.3571518,-0.1682906,0.08868848,-0.028326578,0.47489852,-0.309909,0.02514949,0.043573037,0.04921756,-0.034530327,-0.042308122,-0.010132097,0.19985536,0.27075168,-0.17129712,-0.0674552,-0.19295868,-0.2720647,0.007370025,-0.08638441,0.023199592,0.030375652,0.2222494,-0.22286013,-0.1200754,0.011584233,-0.5092078
1,0.622543,-0.6109704,0.55513525,0.2140981,0.10325302,0.5815495,-0.29320788,0.083530486,-0.44860643,-0.13955258,-0.01936604,0.37994048,-0.076055445,-0.6286052,0.35500196,0.17103207,0.15182954,0.44475156,0.3210484,-0.3774909,0.48183858,0.04987504,-0.66153973,0.181388,0.31238392,-0.3984104,0.25193864,0.022668317,0.14712104,-0.2343896,0.13028595,-0.3028848,-0.078085884,0.33047467,-0.42586443,-0.051694375,0.37755078,-0.3581545,0.13362631,0.10796428,-0.69031495,-0.1412305,-0.2854811,-0.012063455,0.009185072,0.14424954,-0.20062226,0.0856626,0.26061803,-0.3856365,-0.36689952,0.29517058,-0.17570677,0.022074323,-0.35490078,-0.0781665,0.14327705,-0.18042712,-0.34360382,-0.4311754,0.11537723,0.3125739,0.07966225,0.3459248,0.14784294,-0.07999862,0.21017994,0.21263364,-0.010438867,0.104322866,0.035034787,0.44929728,-0.46098554,0.26088518,0.047015198,-0.049183372,-0.61600584,0.3404765,-0.0018049441,0.2161733,-0.42228737,0.36728364,-0.0124125555,0.37852037,0.5575521,-0.2604967,0.3039539,0.28824273,-0.18253167,0.615533,0.5226742,0.0404514,0.5268125,0.41345766,-0.050624087,-0.48296368,0.1981937,-0.16687217,-0.17696318,-0.20182338,0.10398284,0.28207564,-0.14329205,-0.19297355,-0.4229668,0.031495698,-0.055201516,0.88162035,-0.16510484,0.10708043,0.38414705,-0.3802084,-0.098944746,-0.13584751,0.08309318,0.31466585,-0.43979606,0.29366294,-0.8265113,-0.5366537,0.06750471,-0.025336523,-0.04533052,-0.5800922,-0.55284965,0.12537107,0.12230162,0.060274336,-0.10515723,0.12165832,0.14276947,0.19826294,0.38832408,-0.040834773,0.07991786,0.4010027,-0.0649257,-0.30117297,0.24579984,0.06900234,0.42385766,-0.111001685,-0.5385978,0.08885346,0.13942191,0.3821591,-0.059583966,-0.43133855,0.14812736,0.002054751,0.16394266,-0.42719343,0.17445968,0.5776671,-0.024262518,-0.44706267,-0.2790961,0.09727962,0.1822532,0.44701508,0.3902948,-0.26797453,-0.29847473,-0.34221143,-0.41504976,0.27580303,-0.367826,-0.03208561,-0.051479552,0.3575692,0.56345516,0.24188107,-0.0041583963,0.7786953,-0.051314577,0.27247497,-0.47113675,-0.11231178,0.36120954,-0.054701872,0.1222496,0.08269534,0.27860504,0.1551961,0.4265077,0.017906964,-0.065558985,-0.15444481,0.19030076,-0.4690529,-0.4028559,-0.25387347,0.3004901,0.053267844,-0.07488825,0.074064,-0.5154547,-0.36277172,-0.10861538,-0.40523615,0.50235134,-0.025079438,-0.285676,-0.3734212,0.5040452,0.028551728,-0.30433995,0.0069215484,0.0047722496,0.09069828,0.25724003,-0.024788212,-0.011015218,-0.67660385,-0.089592226,0.01649674,0.0068556108,-0.13333617,-0.30524758,-0.43106946,0.24006207,0.011090826,0.92275935,0.44804686,0.23080903,-0.052199233,0.368816,0.0011031735,0.23700297,-0.61794674,-0.21591483,0.14171225,-0.057836164,0.8036901,-0.56367326,0.08176699,0.037474312,0.13642222,-0.07033179,-0.07974475,0.013615742,0.36732554,0.4584137,-0.26397505,-0.09451632,-0.3149642,-0.43495885,0.09082644,-0.1353628,0.087046325,0.08153265,0.38244748,-0.41509607,-0.18568233,0.0063101687,-0.8641353
0,-0.1290734,0.08697899,-0.041353296,-0.06268361,0.10620318,-0.01722622,0.05745977,-0.039836675,0.12444861,0.032219455,-0.024430957,-0.01015372,0.053578213,0.036622968,-0.11357653,-0.071369484,-0.032410502,-0.12763625,-0.035606675,0.07267968,-0.08476366,-0.03773471,0.0313801,-0.10339303,0.0055433856,0.07442504,-0.0660067,-0.06097906,-0.043462265,0.021369424,-0.07784763,0.13145842,0.09069516,-0.05272421,0.098808646,-0.01860087,0.02337439,0.0834557,-0.09998086,-0.029903986,0.0073879957,-0.017486077,0.07826749,0.07218835,0.0459351,-0.12801515,0.033096477,-0.005515646,0.024981136,-0.004825074,0.05155821,-0.08719511,0.113622576,-0.009556539,-0.03233423,-0.016156033,-0.05578345,0.05127447,0.12133787,0.027224004,-0.09742165,-0.123714685,-0.00028577447,-0.010039704,-0.10672766,0.0673228,-0.031994976,-0.11689473,0.09436621,-0.05756049,0.051495332,-0.10838487,0.10658499,-0.0060490407,-0.008194951,-0.03430696,0.115401834,-0.043342546,-0.14886528,-0.07817958,0.014716586,-0.14417553,-0.0044615967,-0.07742296,-0.023475835,0.005422946,-0.05230319,-0.09513646,0.12655322,-0.1183411,-0.09053447,-0.043951962,-0.01777291,-0.061797284,0.0677765,0.047896124,-0.043617524,0.11882843,0.019182274,0.10972882,-0.026894165,0.026734216,0.026078688,0.08233299,-0.007164495,-0.039210603,0.0992731,-0.051548935,0.0009724796,0.03032722,-0.08239047,0.009442112,0.046499796,0.12624738,-0.03677529,-0.050341897,0.11145794,-0.0085099405,0.032365005,0.059988536,-0.092401706,0.07430292,-0.13361567,-0.033573534,0.047017332,-0.018049076,0.078076445,-0.02570792,-0.019494293,-0.022912683,-0.084026344,-0.055860404,-0.123552516,-0.020501025,-0.12085604,-0.062280666,0.042508066,0.04057706,-0.07933867,-0.062076326,-0.022953374,-0.105795056,-0.01117014,-0.025886822,-0.047661766,-0.042258665,-0.074280925,0.040081896,-0.077787206,-0.008673415,-0.09118197,0.030874386,-0.09328924,-0.032707248,0.067228876,0.13843612,0.035476297,0.006620109,0.042961717,-0.057828378,-0.022702286,0.052608207,0.055081613,0.06832941,0.0999372,-0.0959211,-0.030945191,0.06526284,0.083255105,-0.0049813427,-0.046658125,0.023042556,-0.025236435,-0.053220924,0.059036754,-0.041182067,0.015422279,-0.12087354,-0.07870635,0.1327141,-0.077373415,-0.121918336,0.045151852,-0.10348499,0.017698135,0.0030286908,0.061260097,-0.02428614,-0.043811895,0.0572674,0.10125874,0.07601312,-0.093926415,0.06854971,0.115989946,-0.06882574,0.05115365,0.0005743988,0.012434531,0.07916629,-0.023952814,0.051456083,0.11324382,0.11228555,-0.013389617,-0.025448464,0.08001005,-0.013652388,0.08770411,-0.07495047,-0.12808287,0.04954936,-0.11230239,0.07047167,0.075286865,0.06082709,0.00024185888,0.033964198,0.058662873,0.07810651,-0.041516326,0.023970233,0.012537885,-0.052292906,-0.08469255,0.11535105,-0.04939205,-0.017333444,-0.05998703,0.049753103,-0.10703037,0.0026000664,0.021742292,-0.039729666,0.08395545,-0.060244165,0.0473228,-0.09159663,0.014836103,0.020371439,-0.045786284,-0.056090176,-0.025299564,-0.02920625,-0.025512887,-0.0045020916,-0.021214446,-0.12761745,-0.0046397634,-0.08444206,-0.058542494,-0.034175124,0.0753414,-0.021716332,0.020840991,0.038531072
1,0.6147098,-0.6071119,0.54884183,0.21165651,0.1046965,0.5812054,-0.29234427,0.08295368,-0.44359672,-0.1395381,-0.019769035,0.37859175,-0.07516379,-0.6214185,0.34815174,0.1678739,0.14936641,0.43958974,0.31599808,-0.3749802,0.47924513,0.04935736,-0.65806067,0.17721282,0.31234726,-0.3947231,0.2484056,0.019950181,0.14461625,-0.23256013,0.12924722,-0.29817244,-0.07673453,0.32623395,-0.42094666,-0.05214798,0.3749156,-0.35191137,0.13279915,0.10742554,-0.6834711,-0.14215092,-0.28150576,-0.01159412,0.008080773,0.14118193,-0.19634229,0.08523053,0.2598372,-0.38377666,-0.36583093,0.29445276,-0.17039743,0.021165166,-0.35442588,-0.07933624,0.13976595,-0.17855886,-0.33881631,-0.42817307,0.11291249,0.30717647,0.07616483,0.34580615,0.14390069,-0.07759289,0.20765111,0.2070229,-0.012654163,0.103204936,0.039379306,0.4453753,-0.45612985,0.2576857,0.047912195,-0.048460167,-0.61093915,0.3357569,-0.006073855,0.21439804,-0.41935262,0.36375928,-0.012369707,0.3747689,0.55487835,-0.25826478,0.3023904,0.28267112,-0.17830177,0.61107373,0.51823777,0.038493775,0.52312946,0.40794381,-0.049896322,-0.47835985,0.19438586,-0.16308965,-0.17636566,-0.19643089,0.101459645,0.28130725,-0.14136311,-0.18864174,-0.42129916,0.03254026,-0.05102869,0.87489784,-0.16289943,0.10860899,0.3794142,-0.37769118,-0.09556014,-0.13330889,0.08296113,0.31118792,-0.43576452,0.29295406,-0.8230445,-0.53256506,0.064680375,-0.023661602,-0.0489119,-0.5784937,-0.5464517,0.12230747,0.123349905,0.05787345,-0.10324569,0.11998096,0.13914637,0.19240962,0.38182363,-0.04133347,0.07780565,0.39946947,-0.06587827,-0.29792678,0.24026495,0.06710498,0.4197332,-0.11159496,-0.5359803,0.087381706,0.13759506,0.37873548,-0.06325412,-0.42529738,0.14490847,0.0004516095,0.16039477,-0.4242294,0.1705553,0.5746511,-0.022467278,-0.44176358,-0.27658856,0.094772235,0.18232468,0.44480607,0.38752216,-0.2640512,-0.29363352,-0.33929068,-0.40925494,0.27485117,-0.36529243,-0.029510539,-0.049177762,0.3538895,0.5584103,0.24067968,-0.0044216327,0.7700019,-0.04999716,0.27027303,-0.46859077,-0.11338108,0.35681695,-0.051720724,0.12025571,0.08001738,0.27905282,0.15411378,0.42472732,0.019677088,-0.06742148,-0.15381213,0.18591166,-0.4649825,-0.39787284,-0.25100398,0.29671395,0.05530496,-0.06951346,0.07249093,-0.51405275,-0.35954633,-0.10714929,-0.40404683,0.49965522,-0.020595266,-0.28173268,-0.3706384,0.50172925,0.02735047,-0.30121866,0.006007869,0.0057302453,0.08431643,0.2535492,-0.02201147,-0.012212452,-0.6726271,-0.0849655,0.01756256,0.006053705,-0.13118917,-0.29879367,-0.42727587,0.23590504,0.011300184,0.9162806,0.44376084,0.22678852,-0.046940837,0.36658657,-0.0006893282,0.23585305,-0.61261946,-0.21830505,0.13901371,-0.05644812,0.7959023,-0.5602441,0.07882996,0.036919475,0.13438722,-0.071313865,-0.07657771,0.013244029,0.36545274,0.45477524,-0.26388732,-0.09613245,-0.31344357,-0.43179023,0.08887927,-0.13510673,0.08483207,0.0791347,0.3781868,-0.41119087,-0.18548673,0.006925039,-0.86034083
1,0.035262603,-0.05287068,0.091481864,-0.0007089563,0.08716306,0.09491469,-0.010691069,-0.013718255,-0.006079981,-0.0037475098,-0.021123052,0.07118103,0.023928257,-0.11374638,0.0022362024,-0.01362228,0.017919308,-0.0066075698,0.0560631,-0.020429987,0.03399235,-0.018022118,-0.1098285,-0.031619,0.063300274,-0.02952341,0.011613296,-0.026375415,0.0032854518,-0.043294672,-0.02908317,0.0338301,0.053353153,0.0306628,-0.016785413,-0.021657985,0.0933532,-0.02700689,-0.04309816,-0.00010206457,-0.1352203,-0.03275637,-0.005509468,0.04998395,0.03980373,-0.06253037,-0.033372425,0.019760512,0.07237662,-0.08523648,-0.026154635,-0.00946423,0.035293676,-0.008648071,-0.08862503,-0.017832704,0.00018169126,0.004819438,0.012744417,-0.061902653,-0.04701232,-0.02600111,0.027416233,0.05860973,-0.045373004,0.02118431,0.027049687,-0.03330009,0.06365683,-0.02197364,0.035087775,0.010177288,-0.017357294,0.056585245,3.200583e-05,-0.04261382,-0.032216795,0.055456083,-0.09633367,-0.019708486,-0.07586891,-0.028803695,-0.012841648,0.023302265,0.08902639,-0.055243656,0.025718022,0.0022466881,0.05243733,0.030226752,0.03743989,-0.018395107,0.08984031,0.055634424,0.04394236,-0.06259494,0.015285553,0.044731185,-0.024817027,0.02463042,0.0073608793,0.07364893,-0.01589864,0.014209405,-0.08986063,-0.030782815,0.04393231,0.142971,-0.04081613,0.024691153,0.019825846,-0.07626353,0.005478992,0.060903475,-0.009738328,0.035730977,-0.010315411,0.051266752,-0.13800594,-0.06262353,-0.049152922,0.051090837,-0.09317645,-0.14131677,-0.08353104,0.028601786,0.08037698,0.013394531,-0.048318945,0.011151439,-0.02425393,0.020944051,-0.0043787546,-0.02239278,-0.066169746,0.026465815,0.018007018,-0.03789262,-0.0050835535,-0.032751076,0.06926246,-0.09665507,-0.11600159,0.003659701,-0.00974766,0.04066272,-0.05656593,-0.06704162,-0.020013688,0.0059547685,-0.028757412,-0.06782522,-0.031676393,0.090774514,0.04902181,0.0069833845,-0.03399413,0.03429601,0.061571598,0.045506995,0.0673168,-0.024402034,-0.034801774,-0.014401719,-0.02107456,-0.020282373,-0.09611317,0.03959522,0.04395342,0.077549994,0.08270624,0.07334324,-0.022039775,0.13139395,0.0334168,0.027088124,-0.07764174,-0.10754199,0.018118946,0.08599693,-0.03379392,-0.064121634,0.0753524,-0.04637706,0.0945262,-0.0018416215,0.04297127,-0.056611698,0.025489498,-0.05333164,-0.008238375,0.0043032393,-0.0062518697,0.058475368,0.063559934,-0.038444854,-0.060461897,-0.0828188,-0.015037781,-0.02135898,0.078287795,0.019515507,0.0129965115,0.006812278,0.08630384,-0.018071586,-0.0061900206,0.00021146983,0.06210959,-0.012180233,-0.03845935,0.020604039,-0.07685867,-0.07827643,0.021966666,0.04392447,0.0061301254,-0.008848153,-0.03203215,-0.02672939,0.026908685,0.020292394,0.19485989,0.06661954,-0.0071308464,0.056252502,0.03542993,-0.010457426,-0.0010029096,-0.09130982,-0.1102297,0.039720714,0.0012473343,0.13427848,-0.053718623,-0.023056205,0.045603123,-0.035214256,0.0042625368,-0.009316024,-0.030536173,0.026765667,0.08475188,-0.07636686,-0.03638064,-0.067346975,-0.10336368,-0.06965169,-0.035687473,-0.039321303,-0.011880297,0.050713025,-0.025313359,-0.05688806,0.013637528,-0.13583367
1,0.51974314,-0.51525444,0.47310376,0.17642367,0.10275614,0.5004769,-0.24580419,0.066727586,-0.3707105,-0.11660652,-0.019870616,0.32772264,-0.05935496,-0.5373372,0.2908689,0.13776408,0.12716846,0.36621064,0.27192128,-0.31540152,0.40549767,0.038319033,-0.5669047,0.14342892,0.2712134,-0.33368358,0.21002683,0.012162916,0.12151671,-0.20018423,0.10270824,-0.24351391,-0.055129062,0.27796116,-0.35437092,-0.046981525,0.3287932,-0.29809833,0.10342935,0.089215286,-0.5931028,-0.1244019,-0.23557942,-0.00096989423,0.013207126,0.10763417,-0.16899659,0.07455504,0.22894806,-0.3339548,-0.31023195,0.24359351,-0.13627654,0.016535204,-0.3103657,-0.069261745,0.11637773,-0.14895037,-0.28035232,-0.36824447,0.08641583,0.25189728,0.06802653,0.29774454,0.11302997,-0.061223082,0.17707066,0.1679194,0.0017277747,0.08208211,0.038010336,0.37285838,-0.38336605,0.22389744,0.039453585,-0.047030378,-0.5154643,0.28824317,-0.021621749,0.17650607,-0.36280927,0.29825526,-0.011914168,0.3161192,0.4785636,-0.22426149,0.25546443,0.23593426,-0.1401384,0.5150069,0.43895036,0.028630398,0.45196667,0.34883422,-0.034687445,-0.4096901,0.16569787,-0.12835036,-0.15104944,-0.1586056,0.08545194,0.24678189,-0.120408624,-0.15481387,-0.3666954,0.021723077,-0.03479761,0.7537949,-0.14314964,0.095863804,0.3198713,-0.32710412,-0.07847358,-0.10091119,0.06733665,0.26555023,-0.36525193,0.25282463,-0.70942426,-0.45525548,0.04565712,-0.011493731,-0.056619927,-0.50601864,-0.47032973,0.10597729,0.11660606,0.04936119,-0.09381142,0.102349564,0.11254211,0.16344249,0.31837434,-0.038562667,0.053666443,0.3382882,-0.051344175,-0.25425017,0.2008899,0.05019386,0.36180657,-0.10941799,-0.4662757,0.07337129,0.11366202,0.32324275,-0.062051047,-0.36634502,0.11716907,0.0013260171,0.1295145,-0.3646776,0.13745682,0.4946046,-0.0108086765,-0.36751723,-0.23626743,0.084480144,0.16300282,0.37807816,0.3346673,-0.22417407,-0.25083947,-0.28582013,-0.34453204,0.22575814,-0.32145363,-0.017883096,-0.03316162,0.3076738,0.48044053,0.21298674,-0.006919142,0.6644541,-0.036384277,0.22956654,-0.40463868,-0.11227181,0.30139172,-0.029127494,0.09532945,0.055244394,0.24578297,0.12071413,0.3700238,0.015849635,-0.048853785,-0.13755022,0.15823194,-0.39697877,-0.33381125,-0.20828694,0.2469035,0.05557157,-0.04828459,0.054446846,-0.43850315,-0.31300035,-0.091901824,-0.34084955,0.42987105,-0.014215019,-0.23206349,-0.3080389,0.4326645,0.019937932,-0.25207654,0.0043450333,0.01538837,0.06852974,0.20462385,-0.015349593,-0.023273211,-0.57445884,-0.06758225,0.02220451,0.006172497,-0.11069465,-0.25513372,-0.36132288,0.20124371,0.012158569,0.79792964,0.3804628,0.18769199,-0.029404987,0.3119303,-0.001977705,0.19737652,-0.52587694,-0.2004963,0.12270305,-0.045505676,0.68731177,-0.47555983,0.062354002,0.03849008,0.1059164,-0.05873104,-0.065845735,0.0057087056,0.30897468,0.39276883,-0.23299488,-0.08597293,-0.27334362,-0.3774291,0.0623861,-0.118739635,0.06385885,0.06294899,0.32507265,-0.34787518,-0.16384797,0.008358691,-0.74097234
1,0.5141217,-0.5108213,0.46984658,0.17481314,0.10133333,0.49724334,-0.24347743,0.06651347,-0.36810684,-0.115903154,-0.020204067,0.3249529,-0.058785222,-0.5335391,0.28807282,0.13566332,0.12673421,0.36276463,0.27089208,-0.3135468,0.40265363,0.03864363,-0.5630336,0.14084677,0.2692788,-0.3315175,0.20747262,0.011720344,0.12024746,-0.19996977,0.1020719,-0.24085048,-0.05475078,0.27461037,-0.3504312,-0.046854313,0.3260606,-0.29595286,0.10183069,0.08945646,-0.58748215,-0.12283022,-0.23410104,-0.001394406,0.013634235,0.10628553,-0.16796409,0.074835554,0.22801596,-0.3321228,-0.30732632,0.24185747,-0.13523245,0.01588874,-0.30827895,-0.06812421,0.115634836,-0.14705154,-0.27774808,-0.36517847,0.08501384,0.24904962,0.06762211,0.29618165,0.11166532,-0.061303888,0.17667368,0.16565675,0.0007125437,0.08111708,0.038312845,0.37019518,-0.37980258,0.22233005,0.039517555,-0.047519233,-0.51034206,0.28745192,-0.022158884,0.17426567,-0.36053038,0.29482928,-0.012183614,0.3139695,0.47427022,-0.22334263,0.25490367,0.23436414,-0.1384764,0.509634,0.43557298,0.028993342,0.4475148,0.34662333,-0.03373626,-0.405677,0.16409318,-0.1272524,-0.15045936,-0.15816396,0.0856299,0.24459097,-0.120081656,-0.15354599,-0.36392707,0.02165702,-0.034958795,0.74800545,-0.1416874,0.094198674,0.3174824,-0.3261147,-0.078608364,-0.100974,0.06782141,0.26281154,-0.3620022,0.25117669,-0.7029254,-0.45101783,0.044651978,-0.0106967725,-0.05611156,-0.5024383,-0.46612337,0.107024014,0.11646193,0.050719567,-0.09379187,0.10122275,0.11107273,0.16248466,0.31495303,-0.037655924,0.05254501,0.33514693,-0.05159815,-0.25268844,0.19743602,0.049253657,0.35803175,-0.108750194,-0.4628598,0.073838875,0.11217061,0.31983086,-0.06299229,-0.36258975,0.11630282,0.0016175881,0.12765595,-0.36183897,0.1351768,0.49078885,-0.009757318,-0.36389658,-0.23470813,0.08375241,0.16108154,0.37567475,0.3321025,-0.22233163,-0.24877109,-0.282606,-0.34164777,0.22409773,-0.31827852,-0.01758254,-0.032660607,0.30551922,0.4757933,0.21134505,-0.0072383024,0.6588449,-0.03587977,0.22742058,-0.40110338,-0.11217709,0.2985214,-0.027354449,0.093985066,0.055304483,0.24319896,0.1193538,0.36747098,0.016144663,-0.048621304,-0.13709724,0.1577184,-0.39321506,-0.3306246,-0.20635457,0.24398099,0.055797353,-0.046744056,0.053715482,-0.43528572,-0.31106082,-0.090750724,-0.33759856,0.4265164,-0.014296049,-0.23132996,-0.3063882,0.42971975,0.019150652,-0.24982467,0.0048212297,0.015293941,0.06724785,0.20232049,-0.014867019,-0.022808786,-0.5687405,-0.06681713,0.022740446,0.005835969,-0.10985498,-0.25291377,-0.3576659,0.19993119,0.012210377,0.79087126,0.37814024,0.18611479,-0.02905098,0.30907506,-0.002009802,0.1951392,-0.52213323,-0.19940369,0.12188415,-0.045921925,0.68117654,-0.4721315,0.06188697,0.03873072,0.105478264,-0.058222316,-0.065534756,0.005901929,0.306837,0.39077386,-0.23155695,-0.08538643,-0.2708341,-0.37491387,0.061490368,-0.11801283,0.063575685,0.06306642,0.32106295,-0.3444501,-0.16344401,0.008225173,-0.73402566
1,0.7496483,-0.7379429,0.6536687,0.26033324,0.11196809,0.6978458,-0.35881,0.10558214,-0.54311836,-0.17203195,-0.020337254,0.45009443,-0.09856533,-0.73804194,0.42635113,0.20832057,0.17782,0.5431469,0.37449676,-0.46000388,0.58294356,0.06449494,-0.78842664,0.2244937,0.37216428,-0.47918972,0.30160612,0.027232341,0.17627034,-0.2756324,0.16641715,-0.3745862,-0.10759388,0.39466867,-0.5149345,-0.05904105,0.4408154,-0.42507276,0.17285469,0.13443583,-0.811382,-0.16866985,-0.34464556,-0.026193146,-0.0004998334,0.18713398,-0.229479,0.10103273,0.30516347,-0.45465112,-0.4475385,0.36478338,-0.21631145,0.029532064,-0.41707522,-0.096917555,0.17003725,-0.22230706,-0.41884685,-0.5161516,0.14976698,0.38415223,0.084807865,0.4141707,0.18625621,-0.09798806,0.24864613,0.26169738,-0.029502891,0.13233893,0.044267002,0.5467957,-0.5574804,0.30284095,0.06131137,-0.048860896,-0.747949,0.39779633,0.0109569505,0.27059656,-0.49946895,0.45281672,-0.012296163,0.45590472,0.66563475,-0.30347466,0.36559278,0.3461775,-0.22953647,0.7481456,0.63044584,0.049450427,0.6273788,0.4871311,-0.0733766,-0.57526815,0.235244,-0.21045014,-0.210695,-0.24572954,0.12315812,0.33123046,-0.16985983,-0.23362948,-0.49987495,0.048349984,-0.06858024,1.0475982,-0.19124591,0.13123849,0.4615944,-0.44910166,-0.11844011,-0.17746723,0.105456024,0.3727773,-0.53457814,0.35143998,-0.9859192,-0.6432125,0.090019785,-0.041682843,-0.04315391,-0.6833612,-0.65478516,0.14153576,0.13451377,0.0647656,-0.113749385,0.14543182,0.17450824,0.22921367,0.46942288,-0.04631378,0.10980278,0.48796034,-0.08614588,-0.3572827,0.29562455,0.08990975,0.50172925,-0.11814533,-0.63593626,0.10546455,0.1728023,0.45966578,-0.06872207,-0.5080336,0.18154152,-0.004939273,0.20297164,-0.50759566,0.21578138,0.69066405,-0.03762772,-0.5455628,-0.33401874,0.10645655,0.21011198,0.54015493,0.46196765,-0.31807286,-0.3511135,-0.41574937,-0.4974738,0.34485096,-0.42903584,-0.044345748,-0.06855023,0.4171935,0.6689607,0.27877566,-0.0011267588,0.9166503,-0.069078736,0.3277406,-0.5627569,-0.11807517,0.4350831,-0.08259903,0.15629633,0.11035522,0.32948557,0.19977605,0.50432837,0.026532646,-0.09497751,-0.17586888,0.22071682,-0.5625074,-0.48911843,-0.3106364,0.36774507,0.055410147,-0.09786674,0.09946138,-0.62254775,-0.42250854,-0.12830555,-0.4930135,0.6009302,-0.027476171,-0.34916922,-0.45859045,0.6000067,0.039111868,-0.36993578,0.0050112344,-0.0077288337,0.10197026,0.3205066,-0.028066497,0.0014838167,-0.812906,-0.106032714,0.013140582,0.003662277,-0.15863235,-0.35833585,-0.5221389,0.28300917,0.008316372,1.0862694,0.5301393,0.28037688,-0.066326216,0.4457005,0.0007107924,0.29240477,-0.7350785,-0.24661195,0.16065833,-0.06844398,0.9505149,-0.67941225,0.10204837,0.033767022,0.17181176,-0.09058849,-0.09093724,0.02432407,0.4468357,0.5407971,-0.3080788,-0.110452205,-0.37167042,-0.5086144,0.12434147,-0.1580492,0.11305173,0.09782351,0.4533767,-0.5024396,-0.21733063,0.0062029622,-1.033165
1,0.530379,-0.53005165,0.48263377,0.17927355,0.10756558,0.5141046,-0.25365955,0.0677434,-0.37796354,-0.118427575,-0.020679154,0.33374667,-0.059456415,-0.546544,0.2937381,0.14065546,0.12662964,0.37713945,0.27513266,-0.32333776,0.41435677,0.038046096,-0.58074236,0.1430985,0.27738643,-0.34149113,0.21089102,0.0076174513,0.121981315,-0.20105991,0.10475529,-0.25003308,-0.05722941,0.28471473,-0.3606189,-0.049544018,0.33697975,-0.30167422,0.10400817,0.090873145,-0.6087462,-0.13026594,-0.24217449,-0.0012162998,0.013697751,0.10867433,-0.16974632,0.072303735,0.23470697,-0.33985186,-0.32066092,0.2508575,-0.13708326,0.021572728,-0.3204831,-0.07483266,0.11550601,-0.1532158,-0.28583828,-0.37891242,0.08772205,0.25823987,0.06689355,0.30591762,0.11521338,-0.058133665,0.17838846,0.16738793,0.004708547,0.08393721,0.041056596,0.38289437,-0.39270133,0.22761096,0.0412458,-0.046192747,-0.5305534,0.29038632,-0.026347026,0.18207316,-0.37061122,0.30409318,-0.009844482,0.32336503,0.4914844,-0.2288495,0.26097438,0.23773459,-0.14358035,0.53055227,0.4508015,0.027669474,0.46227518,0.3527761,-0.036142044,-0.42070612,0.16548008,-0.12854728,-0.15329263,-0.15866834,0.086833976,0.25412136,-0.12006682,-0.15889366,-0.37398338,0.025363296,-0.031139804,0.77242005,-0.14255846,0.102980584,0.32887763,-0.33341247,-0.07835227,-0.10158456,0.06752388,0.26923877,-0.3725281,0.2575648,-0.72961295,-0.46524134,0.04609885,-0.013261411,-0.061012805,-0.5169561,-0.48027343,0.10351213,0.11937995,0.044613183,-0.09053533,0.103399485,0.11149367,0.1607434,0.32451558,-0.038974185,0.053591773,0.3489933,-0.05077642,-0.2591224,0.20488736,0.05267586,0.37169123,-0.112932965,-0.47854555,0.07359275,0.116772264,0.33285868,-0.06653167,-0.37333745,0.120099664,-0.0028401017,0.13205698,-0.37205583,0.14102621,0.5063016,-0.013725758,-0.37521634,-0.24102359,0.08440154,0.1683654,0.38870993,0.3401401,-0.22782126,-0.2529717,-0.29533112,-0.35024467,0.23292819,-0.328997,-0.020236585,-0.03200173,0.31394622,0.49162462,0.21344894,-0.0076329224,0.677289,-0.037034728,0.23305027,-0.41633624,-0.11707097,0.3079749,-0.031439707,0.09812288,0.055189975,0.25717765,0.123875126,0.38063625,0.01804217,-0.05231241,-0.13705343,0.15666634,-0.4072722,-0.34357035,-0.21366611,0.25127947,0.058510356,-0.048549563,0.056658708,-0.4507044,-0.31904036,-0.093416244,-0.3477776,0.4426666,-0.012034265,-0.2354183,-0.31396827,0.44504416,0.023625508,-0.25599,0.001290936,0.01802583,0.06277396,0.20888269,-0.012621056,-0.028082792,-0.59066147,-0.064807564,0.023251258,0.0059063323,-0.11144221,-0.25820866,-0.37058443,0.20440115,0.013622515,0.8180747,0.38625684,0.18905294,-0.024836306,0.3200755,-0.0020697643,0.20215169,-0.5382125,-0.20882978,0.12197822,-0.04744065,0.7040652,-0.4863627,0.06050879,0.03939742,0.10664142,-0.062291212,-0.06454111,0.0054675974,0.3186334,0.3987739,-0.23707476,-0.08840686,-0.2781833,-0.38695943,0.061389934,-0.11980669,0.064890146,0.060173836,0.33470377,-0.35717937,-0.16547894,0.009460121,-0.7622643
1,0.47724023,-0.47329536,0.4410353,0.16123644,0.09876953,0.46141976,-0.22399765,0.059423838,-0.34042424,-0.10576366,-0.01947198,0.3046395,-0.051653385,-0.5018434,0.26775062,0.12582733,0.11921597,0.33381355,0.25555918,-0.28819552,0.37200564,0.03351781,-0.5247537,0.12906195,0.25104198,-0.30760983,0.19362369,0.011422008,0.11201103,-0.18737616,0.09097981,-0.21998757,-0.045462657,0.25665244,-0.32468247,-0.044518363,0.30759212,-0.27699167,0.09079957,0.080455236,-0.5528235,-0.11484507,-0.21659325,0.0032805987,0.017287929,0.09352817,-0.16061836,0.069407694,0.21389356,-0.31119078,-0.28256735,0.2210966,-0.123460755,0.013857208,-0.2896794,-0.062462837,0.1081684,-0.13436961,-0.25588375,-0.339471,0.07524537,0.22863524,0.06671746,0.27520245,0.10054134,-0.056125343,0.16521354,0.15143755,0.0066173375,0.073069096,0.034519605,0.3408752,-0.35144317,0.21071531,0.034599714,-0.04749899,-0.4714717,0.27055782,-0.024678752,0.15760861,-0.33703643,0.27064717,-0.012479402,0.29077244,0.44197774,-0.2109586,0.23612754,0.21742368,-0.1251135,0.47089627,0.40331537,0.026585236,0.41782874,0.3255554,-0.02646108,-0.37895632,0.15312336,-0.11431047,-0.14026801,-0.14512709,0.079388805,0.23030955,-0.11195675,-0.14172347,-0.34068435,0.016113818,-0.031740203,0.6989292,-0.13403189,0.086605,0.29467946,-0.3048422,-0.07247137,-0.087647654,0.060122207,0.2468935,-0.33417392,0.23331109,-0.65633935,-0.41957036,0.03875663,-0.005782116,-0.0560141,-0.471365,-0.4365373,0.10186417,0.112237886,0.049306754,-0.091578886,0.09420173,0.102537274,0.15429698,0.29201496,-0.03634971,0.044144943,0.3090654,-0.04467432,-0.23626038,0.18413067,0.043656573,0.33592108,-0.10618591,-0.43399072,0.06839709,0.102163926,0.29715428,-0.058784354,-0.34116113,0.10680388,0.004402563,0.11669502,-0.33841062,0.12389569,0.45660648,-0.0064138994,-0.3352362,-0.21835078,0.082051545,0.15319255,0.347453,0.31090182,-0.20822442,-0.23411627,-0.26115656,-0.3179612,0.2032871,-0.30087352,-0.014499877,-0.028122578,0.28857237,0.44539967,0.20098186,-0.0082444735,0.6192435,-0.030284725,0.21144658,-0.373555,-0.109992675,0.27672246,-0.020067766,0.08395441,0.04741343,0.22840929,0.10634227,0.3442205,0.012844905,-0.038873255,-0.13066018,0.14938681,-0.36592233,-0.30517745,-0.18982774,0.2243614,0.054783173,-0.040849,0.0456149,-0.4029199,-0.29381642,-0.085396305,-0.311875,0.39668995,-0.0137061905,-0.21214603,-0.2800203,0.40089256,0.01621455,-0.23044825,0.0057598315,0.01937563,0.06560777,0.184439,-0.014894765,-0.027046807,-0.5291908,-0.0627796,0.022895135,0.0077193268,-0.10269283,-0.2380575,-0.33094275,0.18738271,0.013855565,0.7429935,0.35411114,0.17175703,-0.026003662,0.28605878,-0.0018410017,0.17853528,-0.4874423,-0.1896316,0.116627306,-0.042936537,0.63814306,-0.43778956,0.055301774,0.040006675,0.09518749,-0.051684402,-0.062254436,0.0022556596,0.2825983,0.36616963,-0.21824968,-0.08061721,-0.25418216,-0.35300502,0.05161273,-0.11155732,0.055757847,0.05872005,0.3011571,-0.31857628,-0.15326196,0.008491293,-0.6840599
0,-0.15066586,0.09380436,-0.047502737,-0.07409252,0.11360918,-0.023603158,0.059504516,-0.04688039,0.13862464,0.04102681,-0.026588552,-0.020316498,0.059406623,0.050512712,-0.12968111,-0.07539289,-0.0441171,-0.13174483,-0.04729937,0.08732863,-0.097645536,-0.041695803,0.043124117,-0.120262496,-0.0014173216,0.083531745,-0.07850996,-0.07315281,-0.049947247,0.034800794,-0.08468049,0.14023659,0.09608047,-0.05429082,0.11784465,-0.022801133,0.02423327,0.09587913,-0.109142974,-0.037219368,0.00865237,-0.024283957,0.07787795,0.07774541,0.053070176,-0.13979912,0.035123914,-0.0188263,0.024506807,0.0057443306,0.054166086,-0.09205721,0.12441705,-0.000531327,-0.0342891,-0.023405012,-0.06649656,0.054875508,0.13402367,0.031728067,-0.10472754,-0.13461608,-0.0056916885,-0.014755521,-0.10899614,0.07607721,-0.044701695,-0.13628837,0.111802384,-0.0637853,0.05108197,-0.11571582,0.120208666,-0.0116669275,-0.012068058,-0.032349266,0.12524357,-0.05801501,-0.16463128,-0.0803608,0.023851227,-0.15927538,0.002695609,-0.08872005,-0.03020277,0.0062798634,-0.058995638,-0.11037662,0.13268518,-0.12507814,-0.09408083,-0.04860389,-0.035681397,-0.07708643,0.07553452,0.052158166,-0.05729361,0.13368261,0.024561757,0.12973177,-0.031631067,0.025915932,0.037087508,0.0878776,0.00068913586,-0.034278676,0.1094193,-0.063819535,0.011508785,0.039682616,-0.083441265,0.018174011,0.05831553,0.14082122,-0.0483337,-0.05957868,0.12332247,-0.019141458,0.038983125,0.077343315,-0.101702675,0.07831125,-0.14059232,-0.023956314,0.059534255,-0.027070068,0.08303383,-0.036003772,-0.0045182966,-0.028737366,-0.0932467,-0.07503706,-0.13515098,-0.017775076,-0.13158362,-0.06082683,0.05427164,0.04643406,-0.085644946,-0.06387507,-0.02960867,-0.10896863,-0.0069563612,-0.03138844,-0.054425858,-0.04986442,-0.083101824,0.046841003,-0.08230031,-0.014712751,-0.09802842,0.041969694,-0.098189324,-0.04558026,0.06115942,0.15156019,0.043069586,0.00457561,0.047448218,-0.06612995,-0.03225954,0.05980794,0.06487195,0.06941034,0.11395514,-0.09950155,-0.029692588,0.066866845,0.09278475,-0.009207781,-0.051668834,0.010523684,-0.028050518,-0.06555426,0.06381084,-0.055610936,0.01694127,-0.1287089,-0.08450137,0.13353479,-0.08036558,-0.12836877,0.055144086,-0.11014872,0.015094001,0.0011985395,0.063027814,-0.015187547,-0.061155483,0.06496869,0.10719385,0.084745854,-0.109222755,0.0742003,0.121477015,-0.07311535,0.059100598,0.0050169937,0.0167935,0.09239037,-0.027037505,0.054384895,0.12539363,0.12713124,-0.019540409,-0.021105554,0.09690616,-0.024495833,0.10062465,-0.08973919,-0.13888961,0.052262437,-0.1302037,0.07772502,0.082097225,0.061569106,0.0056830756,0.041556478,0.06449987,0.08854216,-0.047019754,0.027735807,0.00738582,-0.06641665,-0.09985048,0.1310541,-0.058882557,-0.013879627,-0.06477373,0.06207432,-0.116356775,-0.0054372624,0.025632866,-0.04748119,0.09739189,-0.077199355,0.052318033,-0.098183885,0.01662113,0.02730328,-0.05225323,-0.06508682,-0.041477002,-0.026899453,-0.028696176,0.0033302922,-0.01825079,-0.13980272,0.0013117604,-0.091174304,-0.07082497,-0.029836703,0.084840685,-0.010494627,0.027933756,0.042136863
1,-0.13564357,0.09051335,-0.045681935,-0.066029884,0.1103816,-0.020178668,0.059072435,-0.04199857,0.13105963,0.035063967,-0.024631444,-0.013719348,0.055546403,0.043259215,-0.12081991,-0.07337974,-0.036980167,-0.13100544,-0.04163316,0.0775172,-0.088961944,-0.039114453,0.036260232,-0.10847865,0.004348302,0.07798411,-0.069794424,-0.06585158,-0.04635408,0.027033087,-0.080764785,0.13539723,0.09291689,-0.05449779,0.105237156,-0.019553494,0.022674896,0.08947232,-0.10389106,-0.032967772,0.009628098,-0.020031432,0.08005199,0.074468225,0.04700329,-0.1326964,0.03619601,-0.009599702,0.024725506,-0.00019510835,0.05210732,-0.08964619,0.11957115,-0.0059939213,-0.033291273,-0.01868561,-0.060114443,0.052887652,0.1268496,0.029143676,-0.1004709,-0.12896508,-0.002504062,-0.011785442,-0.10903476,0.07206418,-0.037230693,-0.12365679,0.099582545,-0.059814423,0.052884288,-0.11252529,0.11086428,-0.00860313,-0.009283741,-0.032465294,0.119022295,-0.04993888,-0.1556884,-0.07956748,0.016709901,-0.15007907,-0.0010209717,-0.08137466,-0.025321294,0.006857045,-0.055656914,-0.10233373,0.12919544,-0.12142391,-0.093503654,-0.04629315,-0.022434603,-0.06852261,0.06970124,0.04990217,-0.047721766,0.124740094,0.02135331,0.117227264,-0.029247256,0.026186727,0.029594535,0.084708735,-0.0037943516,-0.038280077,0.10415394,-0.056572452,0.004700061,0.034213502,-0.083830655,0.013200219,0.05112357,0.1306313,-0.04006406,-0.05427134,0.116655424,-0.011806269,0.035138924,0.06506785,-0.09526375,0.07525201,-0.13786906,-0.029381001,0.051767863,-0.023409553,0.079356164,-0.030549277,-0.015133467,-0.024789233,-0.08875444,-0.06405762,-0.12868774,-0.020745404,-0.1251387,-0.063146695,0.04634726,0.043632682,-0.08162925,-0.0638034,-0.02466011,-0.107463166,-0.009144895,-0.028249856,-0.04912048,-0.044273045,-0.07736547,0.04408104,-0.07973491,-0.01152876,-0.09418464,0.03509142,-0.09543221,-0.037204362,0.06588249,0.14472303,0.03871248,0.004548561,0.0459616,-0.061258856,-0.02684321,0.056313142,0.059980057,0.069254294,0.10665572,-0.0987958,-0.030478593,0.065026574,0.087227955,-0.0069716834,-0.04965772,0.019692957,-0.026247624,-0.059303503,0.06090476,-0.046295825,0.016595645,-0.12350902,-0.081671484,0.13486584,-0.07942684,-0.1266593,0.049182758,-0.10634145,0.016858792,0.003966242,0.061590746,-0.021585915,-0.050715618,0.060302153,0.10389861,0.07897982,-0.099095404,0.07097321,0.11972729,-0.07015235,0.054546934,0.0036948137,0.013596803,0.08378909,-0.02588112,0.05401154,0.11989938,0.11859839,-0.015921885,-0.024206227,0.085632145,-0.016193029,0.092281036,-0.08191169,-0.13311993,0.051481042,-0.117833644,0.073465936,0.080052875,0.061775804,0.00090860575,0.03690133,0.0623567,0.08138648,-0.044238295,0.024507178,0.010616306,-0.05812405,-0.09025659,0.12271303,-0.052313678,-0.017181385,-0.062164254,0.05499229,-0.111425385,-0.0005009547,0.022938397,-0.042838436,0.089375705,-0.064894564,0.049164824,-0.09572093,0.014278095,0.023711601,-0.047931246,-0.059351444,-0.031864084,-0.028040787,-0.026537191,-0.00215042,-0.019667502,-0.13239142,-0.003185846,-0.08774845,-0.06363157,-0.033677477,0.07852024,-0.0182678,0.021709366,0.04085887
1,-0.13376316,0.08472033,-0.03702982,-0.06416153,0.105234236,-0.016206903,0.054812975,-0.041257847,0.12277724,0.034003317,-0.024186213,-0.010074509,0.055117227,0.035776425,-0.114768334,-0.06875278,-0.034694865,-0.12371671,-0.034743734,0.07437003,-0.08585869,-0.03903188,0.030631956,-0.10572481,0.0051762597,0.07212101,-0.06769914,-0.06086467,-0.041762352,0.02176762,-0.077510655,0.12906243,0.08983691,-0.049613863,0.10069131,-0.020579752,0.02562106,0.0824668,-0.103214055,-0.030225262,0.0008421615,-0.018055271,0.073859446,0.07153863,0.04941075,-0.12975284,0.0311369,-0.009471739,0.026408985,-0.0044941716,0.051989887,-0.08560162,0.1104555,-0.0053470284,-0.033949837,-0.019864272,-0.05570613,0.049993083,0.12043159,0.025782857,-0.09632945,-0.121620856,0.0003378205,-0.0078895055,-0.10455391,0.06720454,-0.03160973,-0.1216228,0.09930472,-0.057379324,0.04945918,-0.10512157,0.10757533,-0.00570542,-0.008077395,-0.03595405,0.11395134,-0.04311429,-0.14976558,-0.07657968,0.014312297,-0.14438364,-0.004595869,-0.077559106,-0.023014212,0.0028737113,-0.051408317,-0.09427587,0.12399787,-0.1168786,-0.086543955,-0.042319834,-0.020046335,-0.06090021,0.07057266,0.045981467,-0.046239182,0.12059695,0.020215293,0.11323112,-0.024430117,0.029714052,0.02737018,0.08145888,-0.0068168994,-0.037883006,0.10034058,-0.04969886,0.002831038,0.031514276,-0.0793092,0.008465539,0.047536887,0.1278697,-0.038914837,-0.05052922,0.11095687,-0.009386682,0.028784767,0.063158385,-0.09503852,0.074848965,-0.132231,-0.03351808,0.04657044,-0.016692333,0.07867709,-0.026199494,-0.016132053,-0.024038818,-0.08460288,-0.05667528,-0.12227455,-0.018100865,-0.12167293,-0.05966702,0.045022562,0.03886274,-0.07838035,-0.05965716,-0.02185089,-0.10508093,-0.014812697,-0.025788803,-0.049430452,-0.04108265,-0.0767241,0.036352314,-0.07421222,-0.009802308,-0.08873511,0.03051987,-0.0927881,-0.032688968,0.064122915,0.13787723,0.03489182,0.008594118,0.043695882,-0.05648912,-0.023578228,0.051780164,0.0559149,0.06573574,0.0980795,-0.09499591,-0.031680346,0.06381476,0.08422386,-0.002802465,-0.042723563,0.018925268,-0.025583448,-0.050516527,0.058250092,-0.04294251,0.013075249,-0.12223032,-0.07710184,0.13096702,-0.076406196,-0.119416095,0.048890293,-0.10490613,0.020359725,0.001104217,0.06269028,-0.02230586,-0.04525581,0.0571065,0.098977745,0.076447204,-0.0952934,0.06876081,0.11308872,-0.06672591,0.049839936,-0.0024715327,0.011916714,0.081387624,-0.022555027,0.050081708,0.11107358,0.11269136,-0.010852298,-0.022658465,0.084037594,-0.016309094,0.09023112,-0.07492538,-0.12729067,0.049033973,-0.11763188,0.06996974,0.07517004,0.05992058,0.0033768062,0.034083605,0.05637708,0.07795484,-0.038730994,0.026520288,0.013819162,-0.052564472,-0.0860431,0.11653745,-0.048732508,-0.016158942,-0.058928445,0.047923874,-0.1093736,0.0011163652,0.02003997,-0.03691924,0.08329519,-0.066211924,0.04846522,-0.09287065,0.014881171,0.021077925,-0.048099644,-0.05468455,-0.025278203,-0.028438218,-0.026871167,-0.00434196,-0.023853501,-0.13071555,-0.0029294826,-0.08297458,-0.059394687,-0.02952591,0.074955344,-0.019779727,0.023430638,0.03635703
1,-0.057894096,0.030539399,0.020976316,-0.034898616,0.08756184,0.023747306,0.02895269,-0.029753156,0.061034307,0.019653734,-0.021674097,0.026652467,0.04003784,-0.03477174,-0.056464557,-0.043359563,-0.005473649,-0.07354177,0.013221497,0.03366623,-0.034877084,-0.029739471,-0.025824437,-0.066856615,0.02586906,0.026384369,-0.02861792,-0.035622817,-0.01905831,-0.012240043,-0.05303779,0.084264055,0.07244775,-0.012655828,0.0475197,-0.019305771,0.052247483,0.026262619,-0.07367908,-0.017447,-0.054675497,-0.018532503,0.0384562,0.060153104,0.046252176,-0.09542433,-0.0050939936,0.0075919926,0.0449598,-0.0395885,0.02355371,-0.053186543,0.068743244,-0.011225726,-0.051541813,-0.011742808,-0.02618644,0.031521685,0.06764774,-0.0075853756,-0.07395189,-0.077919096,0.018259084,0.016478239,-0.07589215,0.039104432,-0.00080890395,-0.075573325,0.07775117,-0.041263,0.036075056,-0.056229852,0.050904125,0.024455357,-0.006138646,-0.042085107,0.05520538,0.008891925,-0.112916954,-0.053475644,-0.022081992,-0.090273075,-0.014065822,-0.032935407,0.020945294,-0.024229595,-0.01623427,-0.042210534,0.0884858,-0.058296226,-0.03478997,-0.027338415,0.024582136,-0.00045639835,0.05945206,-0.00015101675,-0.015445413,0.081157476,-0.0006984854,0.064741895,-0.0073167672,0.046195544,0.005268974,0.04853953,-0.03951339,-0.038178883,0.06395657,0.030952213,-0.018545508,0.016741041,-0.035708193,-0.028122902,0.023778059,0.094203055,-0.025826972,-0.008518835,0.056289904,0.0145632345,-0.037188552,0.009972508,-0.06970317,0.0648985,-0.1035511,-0.076966,-0.01175771,0.011590973,0.075174235,0.001448907,-0.03681571,-0.007885997,-0.051494934,-0.01041678,-0.065350726,-0.018707503,-0.09073341,-0.027431367,0.031994887,0.0030416502,-0.044047743,-0.04566599,0.015374949,-0.096149445,-0.055110186,-0.010218624,-0.033777043,-0.01035936,-0.059675004,-0.012976223,-0.046069227,0.005141966,-0.05825566,-0.013412087,-0.06426124,0.017153474,0.059365988,0.077961,0.004542305,0.023559242,0.044600636,-0.013092282,0.017196177,0.0145858,0.009350192,0.032442704,0.040220402,-0.06414589,-0.055546775,0.05130516,0.06111246,0.03402386,0.012928899,0.04548283,-0.023941094,0.031647623,0.046326507,-0.009984222,-0.021739999,-0.10873573,-0.034367323,0.10776225,-0.05686881,-0.08760812,0.04916738,-0.077430174,0.04723002,-0.0040491577,0.060214236,-0.040317714,-0.004714828,0.011284061,0.052626632,0.044612586,-0.05429054,0.060889225,0.084469296,-0.053408608,0.0068141613,-0.039023638,0.00088489056,0.036111046,0.015709639,0.029147087,0.059091274,0.06423414,0.025765171,-0.023490407,0.04180853,-0.0046954155,0.072858244,-0.033659957,-0.084381774,0.029323082,-0.092080325,0.01019932,0.041814715,0.05002036,0.007549558,0.011097891,0.011875764,0.03554027,-0.0069572413,0.023000367,0.0860564,0.0059727645,-0.0450764,0.077209175,-0.0138816815,-0.013090085,-0.034113355,-0.01220983,-0.09743501,0.021076694,0.009051657,0.03386343,0.024007,-0.044932317,0.04694345,-0.062179167,0.015272832,0.004035739,-0.038596895,-0.021534342,0.026576478,-0.047251523,-0.029076453,-0.031435378,-0.055008437,-0.098399855,-0.019862562,-0.057797298,-0.030183582,0.002745213,0.033776775,-0.03730572,0.018277602,-0.02919516
1,-0.12973994,0.08676176,-0.040879,-0.062578425,0.106067985,-0.017343719,0.056292944,-0.03999121,0.1244465,0.032498784,-0.02412153,-0.009662678,0.052908733,0.03672952,-0.113841385,-0.07045047,-0.033332303,-0.12764724,-0.036786117,0.07266757,-0.084562555,-0.037640736,0.030965306,-0.10263176,0.0070431707,0.074047476,-0.065304294,-0.060296472,-0.04297149,0.021694,-0.07820379,0.13150123,0.08998647,-0.052675176,0.098304525,-0.018076127,0.022773629,0.0836753,-0.10066217,-0.029532637,0.0069352537,-0.016641574,0.078463286,0.07215428,0.045432948,-0.12788674,0.034533918,-0.005666552,0.024782924,-0.0045495555,0.051846042,-0.08727343,0.113362044,-0.009540718,-0.032277152,-0.017367493,-0.055005312,0.050855692,0.12129842,0.026752628,-0.0964063,-0.12328441,-0.00036197528,-0.009362815,-0.106548816,0.0670949,-0.0311794,-0.116874434,0.09347063,-0.057326093,0.05186422,-0.10832304,0.10703549,-0.006832201,-0.008027482,-0.033701405,0.115146644,-0.043543987,-0.14817256,-0.077661976,0.014649203,-0.14380148,-0.0044308174,-0.07712766,-0.023195358,0.005837336,-0.052587043,-0.0945858,0.12630711,-0.11855495,-0.09065734,-0.043448403,-0.01777155,-0.062023416,0.06845662,0.04820213,-0.043033943,0.118801095,0.019213596,0.11121968,-0.026587179,0.02720133,0.025390355,0.08297162,-0.006593313,-0.039092734,0.09970234,-0.052129813,0.000740055,0.030536685,-0.08275965,0.009200123,0.04657991,0.12557477,-0.036219403,-0.050259843,0.1113562,-0.0083358,0.03207591,0.059762992,-0.092798196,0.07428689,-0.13348055,-0.034072623,0.04691894,-0.017819166,0.077619806,-0.02542242,-0.01914068,-0.023306366,-0.0841597,-0.056373436,-0.123358026,-0.02033625,-0.12083156,-0.062194485,0.041720852,0.04040567,-0.07904599,-0.061585214,-0.02309053,-0.10560778,-0.011706598,-0.026362263,-0.04768146,-0.041631047,-0.07502739,0.039942496,-0.077093124,-0.008746751,-0.09039062,0.030638035,-0.09320013,-0.032209545,0.0667741,0.13872233,0.035394967,0.006220486,0.043020085,-0.05850021,-0.023199154,0.05310964,0.056089282,0.06910791,0.10015717,-0.0962605,-0.03072022,0.06571188,0.08275224,-0.0055631176,-0.046371635,0.023346318,-0.024889769,-0.053901915,0.058948405,-0.041144505,0.015376044,-0.1210089,-0.07810593,0.13290359,-0.077417955,-0.12164864,0.045191437,-0.10381361,0.017905671,0.002889175,0.06105974,-0.024804426,-0.043520506,0.058080718,0.102087304,0.07641776,-0.09364657,0.067961685,0.115939446,-0.06779471,0.051028952,0.00069594756,0.012010019,0.07883737,-0.024715014,0.051885083,0.11360647,0.11185907,-0.013023224,-0.025271684,0.080521986,-0.014111094,0.08708754,-0.07465189,-0.1280766,0.048757173,-0.11208531,0.07059921,0.07559755,0.061036415,8.91462e-05,0.033902854,0.058500145,0.07822968,-0.041357536,0.02381251,0.01215158,-0.052698802,-0.08407532,0.11580846,-0.049134064,-0.017574608,-0.059215046,0.0493817,-0.1074854,0.002285814,0.021429086,-0.03981832,0.08339369,-0.06062979,0.047154423,-0.091982886,0.0143953,0.020173939,-0.046356,-0.055842675,-0.025567427,-0.029427674,-0.025017194,-0.0053670537,-0.02102153,-0.12785812,-0.004809413,-0.0841209,-0.05849046,-0.034263242,0.07592582,-0.022102203,0.021394536,0.038873885
1,0.083669126,-0.09805535,0.13108782,0.016867364,0.087273285,0.13256717,-0.0336316,-0.0063090106,-0.04347399,-0.013390623,-0.020349275,0.09629959,0.016027251,-0.15721238,0.032347426,0.0025746673,0.02938996,0.031218044,0.079218954,-0.048714925,0.06963682,-0.013092806,-0.15370844,-0.013392895,0.08230869,-0.060224526,0.031976722,-0.020512614,0.016107876,-0.058962815,-0.016139954,0.0049791113,0.04226934,0.0567397,-0.050215557,-0.024561312,0.117019325,-0.05598126,-0.029254917,0.008035478,-0.18193062,-0.041098658,-0.029458905,0.044918872,0.038527936,-0.045078024,-0.04902703,0.024464348,0.08730393,-0.10895653,-0.05275032,0.015185572,0.016235068,-0.0055608414,-0.10971038,-0.02206476,0.01260519,-0.010518972,-0.017182134,-0.091659345,-0.033200707,0.0029578581,0.03334318,0.08108698,-0.028241327,0.011449688,0.042552456,-0.012402967,0.059220247,-0.011653914,0.032531083,0.0460583,-0.054008994,0.07396282,0.0031361915,-0.04402047,-0.079798855,0.07977782,-0.08664031,-0.00049581006,-0.10379837,0.0040365234,-0.013342103,0.05222182,0.12655123,-0.07280594,0.048450544,0.027160423,0.031615954,0.077536345,0.077590466,-0.012549382,0.124753326,0.086121045,0.037145123,-0.09754039,0.030729046,0.02686921,-0.037217684,0.005407762,0.016124023,0.090688124,-0.026392443,-0.0036423393,-0.11618715,-0.026562452,0.033938035,0.20315571,-0.05081048,0.030183066,0.050700866,-0.10057709,-0.0037661009,0.04477485,-0.0031321626,0.059363455,-0.045400478,0.06992032,-0.19359398,-0.100738935,-0.038967527,0.04489176,-0.08682954,-0.1757091,-0.1226321,0.03758961,0.08298332,0.018165309,-0.053391315,0.019923564,-0.009049113,0.03740752,0.02927002,-0.023136623,-0.053526588,0.056411352,0.012738291,-0.05968521,0.017129164,-0.023357008,0.098682016,-0.096794635,-0.15031792,0.0111873485,0.0019767955,0.06841852,-0.05522951,-0.09896808,-0.0047805235,0.0070247687,-0.011439003,-0.097200334,-0.013795722,0.12913263,0.042120732,-0.030581772,-0.053792894,0.040607065,0.07115983,0.077955134,0.09361053,-0.04533553,-0.057807058,-0.041684523,-0.054628182,0.0032545067,-0.11849732,0.032775134,0.03541106,0.1012709,0.123467684,0.08672027,-0.020268217,0.18572679,0.026413105,0.047069717,-0.10950706,-0.1071526,0.04678075,0.073145166,-0.020404004,-0.050719894,0.09139831,-0.030072257,0.12103304,-0.0014480967,0.035944298,-0.06446714,0.04013165,-0.08675505,-0.041178048,-0.016692068,0.018909756,0.057197154,0.049790297,-0.028986096,-0.09634057,-0.10641876,-0.022815175,-0.051783815,0.11202764,0.013953451,-0.012368098,-0.023789916,0.120008245,-0.013777249,-0.03006512,0.0011078063,0.057803173,-0.0010978505,-0.013846468,0.015078345,-0.07189659,-0.12680532,0.010764845,0.04123345,0.0074852146,-0.019572504,-0.05638742,-0.05927351,0.045570333,0.020057682,0.2540387,0.098208174,0.013115659,0.045131523,0.06249514,-0.008614797,0.018667411,-0.13457428,-0.1172151,0.04869762,-0.0043385336,0.18990551,-0.09467524,-0.014960781,0.045615323,-0.02083154,-0.00078220665,-0.016268965,-0.027598852,0.05404017,0.115474194,-0.09099706,-0.040716164,-0.08744476,-0.13076766,-0.056770787,-0.043931615,-0.027920917,-0.003765293,0.07919985,-0.057133224,-0.06662591,0.013272749,-0.19405313
1,0.5225041,-0.5190127,0.4758747,0.17764826,0.102369815,0.50354433,-0.24780351,0.06707052,-0.37388566,-0.117328614,-0.019870397,0.32980737,-0.05958397,-0.5406903,0.2927009,0.13889433,0.12801783,0.36865073,0.2743723,-0.31806532,0.40809193,0.038219005,-0.5704435,0.14411743,0.27268484,-0.33629003,0.21099651,0.012622789,0.122137,-0.20194276,0.10396431,-0.24538237,-0.055973124,0.2798216,-0.3563884,-0.047211718,0.33039337,-0.30036667,0.104890704,0.089902036,-0.59640914,-0.12500623,-0.23753999,-0.0017992072,0.013514437,0.10853852,-0.17021458,0.07460109,0.2299802,-0.3359406,-0.31198984,0.24611339,-0.1374115,0.016719867,-0.31214115,-0.069794364,0.11710567,-0.14958751,-0.2826165,-0.37019047,0.08747496,0.25409967,0.067982525,0.2999019,0.11370559,-0.061815046,0.17867553,0.16842362,-4.467368e-05,0.0831276,0.03856732,0.3755977,-0.3859937,0.22548257,0.040002186,-0.04733399,-0.51885486,0.29059225,-0.020770513,0.1774637,-0.36438012,0.3011745,-0.012791753,0.3181284,0.4809923,-0.22604212,0.25779796,0.23774526,-0.14149319,0.5189165,0.44168997,0.029176407,0.45427036,0.35168806,-0.03493523,-0.41226858,0.16578852,-0.1295858,-0.15218973,-0.16037667,0.08614615,0.24845564,-0.121146835,-0.15585242,-0.36842653,0.02233991,-0.03559602,0.7585555,-0.14326254,0.095528826,0.32193154,-0.3293508,-0.07908423,-0.101967745,0.067913234,0.2673821,-0.3680736,0.25440803,-0.714508,-0.45782372,0.046728827,-0.011604365,-0.05604537,-0.5090486,-0.47306755,0.106771715,0.11656737,0.05012084,-0.09422614,0.102749884,0.113263845,0.16475132,0.32054025,-0.03844398,0.054851145,0.34045967,-0.052289087,-0.2561858,0.20149961,0.05119261,0.36410916,-0.109392,-0.46953908,0.07361618,0.11399974,0.32506156,-0.06243633,-0.36860383,0.11865254,0.0012920871,0.13051924,-0.3674252,0.13825196,0.4976544,-0.011064976,-0.3702575,-0.23801936,0.08503957,0.16307637,0.38129961,0.3366094,-0.2259477,-0.25243843,-0.28793854,-0.34710637,0.2281009,-0.32280388,-0.018795382,-0.033930425,0.3099779,0.48342824,0.21418887,-0.0072300173,0.6681397,-0.036268838,0.23146018,-0.4069052,-0.112419195,0.30302235,-0.029958308,0.09605275,0.056709588,0.24734455,0.12223415,0.37253487,0.016289454,-0.049408942,-0.13817829,0.15971217,-0.39963394,-0.33600464,-0.21023545,0.24836142,0.055943683,-0.048625395,0.055041164,-0.44177094,-0.3151764,-0.09224233,-0.34345847,0.43252987,-0.01383343,-0.23467813,-0.31025314,0.43542433,0.020315751,-0.25389466,0.0047068484,0.014922641,0.068978876,0.20698652,-0.015481975,-0.023073133,-0.57843524,-0.067843646,0.021766804,0.006502468,-0.11156863,-0.25627986,-0.3635746,0.20252153,0.0129147805,0.80205923,0.38348562,0.18925881,-0.030083265,0.3138092,-0.0022881334,0.19874492,-0.529638,-0.20110418,0.12285077,-0.04678184,0.69074136,-0.47958493,0.06183799,0.038452424,0.107472025,-0.059254438,-0.06578412,0.0062503032,0.31154063,0.39554754,-0.23403302,-0.08668106,-0.27458268,-0.37931448,0.06347324,-0.11971888,0.06505887,0.064209685,0.3265196,-0.34999582,-0.16478723,0.008605674,-0.7457287
0,-0.1770054,0.10833819,-0.073236465,-0.086685106,0.13668074,-0.033622894,0.06791029,-0.054595582,0.17339592,0.047083445,-0.027081642,-0.036556453,0.06774702,0.084123924,-0.16544265,-0.08563805,-0.063896775,-0.15164086,-0.07631749,0.10336079,-0.11480399,-0.045925952,0.061330207,-0.14083089,-0.0036625103,0.100341655,-0.095120244,-0.09826163,-0.066503175,0.058585238,-0.099120155,0.16204648,0.106779754,-0.07012874,0.14034393,-0.02412964,0.01668816,0.12763837,-0.122846395,-0.047821973,0.021920096,-0.03485813,0.09108217,0.08409421,0.0523002,-0.1635491,0.057283767,-0.03473664,0.022616927,0.026426688,0.05647038,-0.10444973,0.15702267,0.014548261,-0.03908102,-0.03560406,-0.08573914,0.061927576,0.16261008,0.03826753,-0.11775281,-0.15704511,-0.020166125,-0.020180264,-0.1268587,0.1043576,-0.06931244,-0.16485456,0.13235787,-0.07161978,0.06541264,-0.13633902,0.13909265,-0.023859661,-0.0142983515,-0.0206078,0.14036763,-0.089042574,-0.19965366,-0.09375004,0.03192018,-0.18508717,0.016574949,-0.10280649,-0.03676783,0.018850215,-0.07761189,-0.14814289,0.1521811,-0.13794419,-0.11599917,-0.063502796,-0.046009887,-0.10997378,0.07798146,0.06222738,-0.07536408,0.15919566,0.036877967,0.15896809,-0.044956803,0.021085057,0.051402032,0.10018315,0.01487566,-0.033330634,0.13730854,-0.08606515,0.025327452,0.060428727,-0.097381026,0.03099044,0.07466184,0.16031209,-0.057298653,-0.07761333,0.14672159,-0.028641194,0.04855653,0.09485673,-0.11182975,0.0773491,-0.16757895,-0.01075124,0.07972775,-0.055402987,0.0875175,-0.063671604,0.010186195,-0.034525964,-0.12096748,-0.110159084,-0.16098839,-0.024519958,-0.15292713,-0.0691594,0.06429289,0.06313113,-0.09810069,-0.07508789,-0.033578448,-0.12180126,0.002322808,-0.04590712,-0.058398575,-0.051627964,-0.09722285,0.072568394,-0.09414831,-0.033479095,-0.113356926,0.060923275,-0.11011849,-0.05931431,0.059304424,0.1801392,0.052948847,-0.0074841157,0.061553862,-0.082548104,-0.049131908,0.077572644,0.090066075,0.07839391,0.14637694,-0.11377935,-0.026541844,0.06554007,0.1094078,-0.019578401,-0.07378018,-0.0035565086,-0.032207917,-0.09939137,0.0745506,-0.07237102,0.024411878,-0.14347088,-0.10318254,0.14894888,-0.08951378,-0.15603696,0.07617923,-0.122921586,0.013489082,0.010073114,0.063043855,-0.0041340105,-0.088779494,0.0743763,0.11852244,0.09399681,-0.12757254,0.08540556,0.1452161,-0.08023684,0.0723363,0.018889908,0.019678663,0.11149441,-0.03310697,0.07317055,0.15776186,0.15755762,-0.026678931,-0.014656279,0.11597938,-0.02921664,0.11811711,-0.12546077,-0.16070619,0.06792161,-0.15100773,0.090867676,0.11336403,0.06892215,0.0015668869,0.056331914,0.08839433,0.098948136,-0.06320182,0.030959431,-0.0014902614,-0.094365455,-0.12519358,0.16992728,-0.06995629,-0.01785715,-0.078377455,0.08307763,-0.14147288,-0.01935558,0.03168492,-0.06461319,0.11811277,-0.090813175,0.053689297,-0.12109246,0.010045953,0.041917503,-0.059869565,-0.075481735,-0.068971865,-0.0207718,-0.031407546,0.0117604025,-0.0115613565,-0.16005215,0.009471487,-0.10974592,-0.092912816,-0.03470854,0.0949962,-4.7091395e-05,0.028110132,0.05352425
1,0.31499258,-0.31347102,0.3137248,0.10100561,0.09103607,0.31700796,-0.1418404,0.031413503,-0.21712142,-0.06493179,-0.019195404,0.21530622,-0.022889521,-0.3601753,0.17352346,0.0760154,0.08357017,0.20817041,0.18469816,-0.18567762,0.24312192,0.013601098,-0.36638242,0.07282313,0.1773612,-0.20407069,0.12799725,0.00202116,0.07366882,-0.13345341,0.045614056,-0.12858653,-0.009066541,0.1746799,-0.2104215,-0.03499726,0.22711924,-0.18881182,0.03934229,0.048829466,-0.39854118,-0.08119072,-0.14017771,0.02036586,0.027804594,0.037340328,-0.11844961,0.050513454,0.1597147,-0.22452196,-0.18304785,0.13202113,-0.069906995,0.0069747157,-0.21084471,-0.04312916,0.07139432,-0.082748845,-0.15781586,-0.2342602,0.030827768,0.13591956,0.057414584,0.18991502,0.049335305,-0.030783948,0.11421793,0.08764457,0.032362297,0.03729311,0.027519764,0.21646109,-0.22808939,0.15555717,0.019575443,-0.04696263,-0.3060007,0.1932979,-0.04580193,0.0908501,-0.23894608,0.15845865,-0.01261298,0.19132891,0.30695772,-0.15325928,0.15586065,0.14157113,-0.062505946,0.3036326,0.26595092,0.011831932,0.2934854,0.22827621,0.0008068457,-0.26185396,0.10525038,-0.057939306,-0.09609718,-0.08649183,0.055521928,0.1703394,-0.07679922,-0.08768964,-0.24401276,-0.0041189007,-0.009619908,0.49057212,-0.10081182,0.058560435,0.19403711,-0.21827126,-0.0467965,-0.033566758,0.03278411,0.16978133,-0.21239161,0.16211303,-0.4585518,-0.28466612,0.008859016,0.013809122,-0.0633613,-0.342841,-0.3071539,0.07771988,0.097874254,0.03958319,-0.07710739,0.06341338,0.05862853,0.111251205,0.18546878,-0.029854417,0.005700819,0.20007758,-0.017645862,-0.16301657,0.11881581,0.016476043,0.23692626,-0.10054892,-0.31270552,0.04625911,0.05979322,0.20071064,-0.05172402,-0.24370804,0.06264256,0.008230105,0.0663338,-0.23666918,0.06917985,0.3167071,0.012683682,-0.20834044,-0.14888678,0.06699192,0.117272645,0.23220333,0.21972236,-0.1420546,-0.16485566,-0.16859391,-0.21022892,0.116674036,-0.22398713,0.0026587434,-0.003295187,0.21149743,0.3113749,0.15251702,-0.013266919,0.44075784,-0.006970808,0.14186202,-0.26105374,-0.10664477,0.18241954,0.015925854,0.041026026,0.008033771,0.1673044,0.048213813,0.24764432,0.0037870184,-0.0035536438,-0.10248794,0.10801194,-0.24859095,-0.19600308,-0.11718249,0.13882372,0.05319781,-0.008265138,0.01475662,-0.27018267,-0.2158854,-0.060317,-0.19914995,0.27497202,-0.008328704,-0.13020223,-0.17137226,0.27958927,0.004230812,-0.14639783,0.005085461,0.03452924,0.046194896,0.1023731,-0.0065050307,-0.04431687,-0.35778978,-0.037053876,0.029203974,0.008889396,-0.06961417,-0.16720691,-0.2160747,0.13105096,0.015818574,0.5369588,0.24789307,0.107773796,-0.002180446,0.19144478,-0.0020939563,0.11012212,-0.33877778,-0.15416165,0.09081477,-0.027857829,0.4515905,-0.29104912,0.028469015,0.043943893,0.046652935,-0.027674243,-0.0461113,-0.010876771,0.18383819,0.2612248,-0.16247135,-0.061658885,-0.1830142,-0.25901818,0.0065218844,-0.082594976,0.022722933,0.034386937,0.20946056,-0.20820287,-0.11515634,0.009051364,-0.4735135
1,-0.13496584,0.089043066,-0.04512125,-0.06618103,0.109948486,-0.019106781,0.057913132,-0.0418024,0.13049722,0.033548784,-0.024681777,-0.013349427,0.054817416,0.042249795,-0.119538285,-0.07223868,-0.036987424,-0.13103698,-0.04105103,0.07668009,-0.08843162,-0.038675793,0.033978082,-0.10780497,0.0055635516,0.077311695,-0.06905317,-0.0651973,-0.045869205,0.02595983,-0.08060869,0.13546893,0.092482716,-0.054865476,0.10280717,-0.018913165,0.022023162,0.089199625,-0.10240775,-0.03147581,0.008736156,-0.019059785,0.07985052,0.07382755,0.046255738,-0.13235843,0.037100717,-0.008923562,0.024493156,-0.0014336109,0.05275587,-0.08977178,0.11825843,-0.0062771477,-0.03287146,-0.019885443,-0.0582388,0.052638575,0.1263976,0.028307658,-0.09870773,-0.1270043,-0.0027262345,-0.010921342,-0.10918631,0.0714673,-0.036344208,-0.12242737,0.098429665,-0.059276503,0.05376186,-0.11139287,0.111022934,-0.009048227,-0.008984402,-0.03224123,0.11836341,-0.049031876,-0.15515746,-0.08014022,0.01711084,-0.1486166,-0.0019802563,-0.07987638,-0.025830058,0.007378835,-0.05606468,-0.1012072,0.1301191,-0.12055023,-0.09405185,-0.045875713,-0.020988528,-0.0675228,0.06909012,0.05023803,-0.0473561,0.12347902,0.02132797,0.11642392,-0.029016556,0.026649969,0.028946003,0.08502185,-0.0049676523,-0.039005205,0.10422038,-0.056122623,0.003320381,0.03416202,-0.08524307,0.011686717,0.049771443,0.1302582,-0.03859229,-0.05365803,0.115353055,-0.010891306,0.034162503,0.06395893,-0.095034815,0.07424924,-0.13800745,-0.03126965,0.050194554,-0.022617012,0.07925772,-0.030481089,-0.015578669,-0.024419822,-0.08849624,-0.062447187,-0.12762949,-0.02110925,-0.12488432,-0.063468136,0.044385616,0.04393,-0.08138625,-0.063847184,-0.02390194,-0.10810836,-0.009869935,-0.02908817,-0.048922718,-0.04294865,-0.07715508,0.04394885,-0.079204276,-0.012058742,-0.093454644,0.033798646,-0.09519805,-0.03539771,0.06593725,0.14320692,0.037124984,0.005002998,0.044980906,-0.06126282,-0.026037598,0.05599411,0.05962812,0.07073607,0.1054886,-0.097995825,-0.030663595,0.06545961,0.08614556,-0.007132888,-0.05066311,0.020351112,-0.026176468,-0.059537474,0.060592882,-0.04474493,0.01677472,-0.12408917,-0.08153267,0.13439023,-0.07898968,-0.12579781,0.0489783,-0.1061834,0.017445685,0.0034230128,0.061353415,-0.022134915,-0.04859115,0.059467856,0.10398246,0.078223415,-0.09752536,0.069930404,0.12023187,-0.069778375,0.053360563,0.0022402778,0.0124698505,0.08335481,-0.025123095,0.05458945,0.11908968,0.117446505,-0.014491692,-0.024058776,0.08389714,-0.015823752,0.09080745,-0.08034149,-0.13125148,0.051797334,-0.11723627,0.07322381,0.080309145,0.061545823,0.000113030896,0.037117984,0.06224187,0.08041452,-0.0437618,0.02507281,0.010403801,-0.057286926,-0.08911948,0.122412175,-0.051655676,-0.017363876,-0.06208376,0.05346394,-0.11176862,6.60643e-05,0.022681374,-0.043421913,0.08724986,-0.06396966,0.04749407,-0.095864214,0.014043527,0.022642406,-0.047313273,-0.057868842,-0.030617252,-0.028333012,-0.02543716,-0.0026309444,-0.019902106,-0.1314222,-0.0029303953,-0.08774999,-0.06205039,-0.034294765,0.07782607,-0.019316107,0.021757301,0.040670514
1,-0.10812649,0.07040222,-0.020423304,-0.053604968,0.091655746,-0.004043335,0.05027064,-0.034816984,0.10017805,0.023668928,-0.023287471,0.00041881762,0.047797613,0.011911597,-0.090471126,-0.06106142,-0.020313332,-0.1118569,-0.0106583405,0.055939406,-0.069822624,-0.03532727,0.011439687,-0.089602366,0.009870473,0.05731841,-0.05261623,-0.04566935,-0.033085454,0.0024277195,-0.067646995,0.11481212,0.08238586,-0.041345697,0.07800456,-0.018865705,0.029344134,0.06149504,-0.089435965,-0.020288296,-0.0098053925,-0.010608837,0.0645589,0.06368536,0.046351615,-0.1135802,0.018684931,0.0034649093,0.030831639,-0.01976252,0.048466854,-0.07731088,0.090443194,-0.013877897,-0.033209197,-0.010297,-0.03982199,0.045632783,0.10119067,0.019323774,-0.087151125,-0.10483062,0.0085844975,-0.0013118936,-0.09587524,0.053218953,-0.015375858,-0.09871757,0.08205533,-0.05069286,0.04489189,-0.08972685,0.08961785,0.0046429783,-0.0052106604,-0.041844595,0.0993661,-0.017974023,-0.1282683,-0.07437283,0.003654126,-0.12372613,-0.0137974145,-0.06028084,-0.014008843,-0.0048776194,-0.039029296,-0.070930734,0.1152076,-0.10215613,-0.07505654,-0.035634074,-0.0048730467,-0.03555975,0.0635553,0.03539542,-0.03396938,0.10055917,0.013029439,0.08515078,-0.016190136,0.031300873,0.016184246,0.070420176,-0.017486667,-0.0419609,0.08250083,-0.028744964,-0.0077819284,0.019301977,-0.07126571,-0.0067265914,0.031331375,0.11268024,-0.028985487,-0.035724856,0.09136751,0.0022376366,0.01579016,0.04399261,-0.08505525,0.07072294,-0.118632525,-0.049460836,0.028311014,0.0016114451,0.07596564,-0.009059388,-0.0306414,-0.016850848,-0.069632,-0.027506351,-0.10299249,-0.01930685,-0.108591735,-0.056825034,0.03490499,0.02664128,-0.07002673,-0.05516141,-0.0125047155,-0.10007061,-0.02342663,-0.018886836,-0.04362808,-0.03250262,-0.06623031,0.021709492,-0.0649422,-0.0029545315,-0.07983895,0.014696666,-0.08491264,-0.01608852,0.06863392,0.11423371,0.02239653,0.014655933,0.03560666,-0.043237437,-0.009191958,0.03918217,0.03935504,0.061018027,0.07433642,-0.08488092,-0.035047106,0.060637012,0.070748836,0.0069334023,-0.03232066,0.029884107,-0.023766778,-0.025585141,0.052242167,-0.026735745,0.008558055,-0.1151714,-0.067139246,0.1248209,-0.06830112,-0.103277415,0.036827855,-0.09578374,0.026408533,-0.0012189932,0.06239696,-0.030902153,-0.021139719,0.041806944,0.08579673,0.064607695,-0.077372834,0.061923325,0.10353519,-0.06260075,0.035567053,-0.016072696,0.0077495575,0.06615636,-0.013019555,0.041783154,0.087087736,0.09190619,-0.00050700177,-0.023817642,0.0628726,-0.0075989254,0.07707411,-0.052912883,-0.109404355,0.042778578,-0.10009174,0.05707574,0.060102962,0.055670217,0.00077291764,0.025145192,0.042870272,0.064142965,-0.02834941,0.024556544,0.025115145,-0.03006491,-0.06679799,0.09469415,-0.037841886,-0.015247764,-0.05376204,0.027546745,-0.097604856,0.011311799,0.015556591,-0.021713834,0.061073814,-0.051516764,0.042451184,-0.08002113,0.016749792,0.010991462,-0.041467607,-0.041945808,-0.0025794245,-0.033079457,-0.024840944,-0.012137536,-0.030982237,-0.112943634,-0.008146975,-0.07220307,-0.04041965,-0.028560918,0.06352045,-0.030985434,0.019324921,0.025405388
0,0.09754051,-0.1071613,0.14509925,0.022000575,0.08332091,0.1349828,-0.037696905,-0.005968098,-0.056153007,-0.011657029,-0.019394517,0.10119255,0.015039785,-0.17280476,0.044452958,0.009130299,0.033737697,0.043042585,0.09051064,-0.053498697,0.07542349,-0.012959939,-0.16134301,-0.0061457157,0.083120935,-0.06920622,0.03755015,-0.013937648,0.020847015,-0.062717065,-0.013177857,-0.0061812475,0.03852058,0.06773344,-0.059433915,-0.025653653,0.123727575,-0.068563364,-0.028099798,0.00752809,-0.19841163,-0.040314075,-0.037689395,0.043992773,0.0415281,-0.0387666,-0.059710413,0.023374476,0.08996532,-0.11269653,-0.0548973,0.019861937,0.0047441386,-0.0027574524,-0.11292784,-0.021002784,0.018456805,-0.013933852,-0.028307348,-0.09703484,-0.029204782,0.013951041,0.04060501,0.08306389,-0.021056157,0.0071824053,0.04829164,-0.004359808,0.06246845,-0.008991733,0.023751078,0.05548616,-0.065723,0.08174904,0.0014846455,-0.04655191,-0.09017105,0.09157443,-0.076964356,0.003437765,-0.1091152,0.013097301,-0.015398595,0.05930838,0.13330731,-0.07915529,0.05323499,0.03930894,0.021419793,0.08775887,0.08800602,-0.0074456334,0.13126828,0.09984993,0.036734708,-0.10893992,0.036295507,0.02079738,-0.03890167,-0.0037618913,0.022205016,0.09534876,-0.029210355,-0.012038272,-0.11919553,-0.027815027,0.025999743,0.21747552,-0.05379758,0.02648129,0.060615912,-0.10507749,-0.009790624,0.040979408,-0.0041037668,0.067338884,-0.053636707,0.07111955,-0.20532629,-0.10804002,-0.033700638,0.04286552,-0.07941711,-0.1804865,-0.13514332,0.0439504,0.080855615,0.022569638,-0.056722958,0.021768497,-0.0020096498,0.04902262,0.042945955,-0.021391377,-0.047920473,0.061295312,0.014896799,-0.06749771,0.028110351,-0.017124172,0.107702136,-0.095191434,-0.15816504,0.013751823,0.0032490827,0.07490657,-0.047895614,-0.11309329,0.0033584535,0.011384983,-0.0027456582,-0.10502847,-0.005536098,0.13515475,0.0377498,-0.04064516,-0.058337644,0.045993056,0.07205157,0.084146015,0.09952896,-0.054064915,-0.06761062,-0.04995334,-0.068036065,0.0061868243,-0.12363015,0.027222645,0.031133935,0.109984994,0.13649586,0.088788204,-0.019794045,0.20419848,0.024579376,0.05146682,-0.11601983,-0.10438023,0.05641503,0.066243455,-0.01639656,-0.04388559,0.092781976,-0.027126841,0.12599668,-0.0042635202,0.04053437,-0.06606435,0.048216827,-0.09442894,-0.051096722,-0.022825446,0.025926393,0.054054674,0.038381964,-0.025100917,-0.10110009,-0.11464441,-0.025673697,-0.056049317,0.118467964,0.0061126784,-0.021537494,-0.029949855,0.12591873,-0.011249915,-0.035698734,0.0022301823,0.056301877,0.011409533,-0.0051786304,0.009236939,-0.071295574,-0.13701811,0.0021629594,0.038339585,0.011479918,-0.023640059,-0.06850837,-0.06666158,0.054807562,0.021736987,0.26808876,0.10767646,0.021038458,0.03487559,0.0678684,-0.0053579365,0.022263374,-0.1465641,-0.113110125,0.05193033,-0.009728664,0.20647609,-0.102725744,-0.013520487,0.047525503,-0.016093524,0.0016367882,-0.02052464,-0.028138392,0.059855327,0.12340584,-0.09067039,-0.039655797,-0.090587415,-0.13840023,-0.054520287,-0.04529068,-0.02200709,0.0008455212,0.08933097,-0.06372741,-0.06684065,0.013160842,-0.2044072
1,0.74012214,-0.73060966,0.6467106,0.25756067,0.111474544,0.69284946,-0.35588926,0.10428746,-0.5375537,-0.17076932,-0.020286694,0.44706023,-0.09694838,-0.73039955,0.42030096,0.20571439,0.17600282,0.53642726,0.37036687,-0.45515028,0.57785517,0.06377694,-0.78117615,0.22035365,0.36939657,-0.47436497,0.29785827,0.02632559,0.17387132,-0.27361566,0.16454065,-0.36917233,-0.105528995,0.3900168,-0.50895876,-0.059454065,0.43679968,-0.41945383,0.1713373,0.13249032,-0.8030522,-0.16799146,-0.34025183,-0.025158782,-0.0005792603,0.18397991,-0.22733833,0.09988898,0.30251086,-0.45091093,-0.4432755,0.3623385,-0.21203241,0.02803706,-0.41475984,-0.09593202,0.16747594,-0.2192201,-0.41400364,-0.51039416,0.14697945,0.3786645,0.08316766,0.41155547,0.18283616,-0.0962301,0.24652013,0.25637433,-0.030895442,0.13085873,0.0456405,0.54119414,-0.5514495,0.29983014,0.060861565,-0.049014833,-0.7393945,0.39419973,0.00921493,0.26682556,-0.4948208,0.44877845,-0.012597755,0.45126957,0.6595549,-0.30150935,0.36314946,0.34135896,-0.22601435,0.7404659,0.6239046,0.048884884,0.6204724,0.48218903,-0.07163683,-0.5692369,0.23127401,-0.2066418,-0.20956863,-0.2415939,0.120831124,0.32879403,-0.16794933,-0.23024224,-0.4958822,0.04833913,-0.066607386,1.0367692,-0.18870437,0.13038445,0.4564805,-0.44470686,-0.11577609,-0.1743758,0.104185656,0.36951917,-0.5290986,0.3483034,-0.9773237,-0.6366243,0.08759808,-0.039655928,-0.044284195,-0.67818224,-0.6470203,0.14002523,0.13430658,0.06423813,-0.113107294,0.14350566,0.17171659,0.22529942,0.4632799,-0.04624133,0.10761285,0.48350698,-0.086082235,-0.35391906,0.29047585,0.08844064,0.4966997,-0.117469564,-0.6304246,0.10406658,0.17029884,0.4540763,-0.0696142,-0.5014403,0.17908582,-0.0043379813,0.19963384,-0.5029645,0.21231721,0.68374336,-0.036602803,-0.5391914,-0.3302692,0.105583064,0.2092353,0.53489774,0.45764604,-0.3145057,-0.3466125,-0.41129225,-0.4917679,0.34140304,-0.42469177,-0.04261897,-0.0674316,0.41332203,0.66197973,0.27696025,-0.0011963584,0.9070175,-0.06792738,0.32438987,-0.5567882,-0.11755799,0.42966536,-0.07994042,0.15352465,0.1089242,0.32711327,0.19791332,0.49995667,0.026813466,-0.09440519,-0.17498037,0.21772577,-0.5562242,-0.48277125,-0.3070622,0.3629124,0.056572795,-0.09435407,0.09736088,-0.6172173,-0.41929033,-0.12664382,-0.48949504,0.5950027,-0.024881164,-0.34504744,-0.45388716,0.59544486,0.037656546,-0.3658963,0.0053563155,-0.006356042,0.09855533,0.31658956,-0.027195688,0.00047877058,-0.8051797,-0.10368676,0.013283558,0.004144866,-0.15672438,-0.35300294,-0.51609087,0.27932215,0.009202067,1.0757769,0.5253311,0.27644518,-0.06398822,0.44091833,-0.0003977348,0.28914493,-0.7276656,-0.24615137,0.1583629,-0.06813621,0.9401698,-0.67318237,0.09927806,0.03370569,0.17017618,-0.090084754,-0.0887774,0.023613494,0.44263712,0.53576165,-0.30627698,-0.11072775,-0.3684694,-0.5041836,0.122564256,-0.1570128,0.110957354,0.09678949,0.44859594,-0.49669433,-0.21561155,0.006437134,-1.0237949
0,-0.14162947,0.093641095,-0.050375793,-0.06963969,0.11467086,-0.022783607,0.061118376,-0.0438642,0.13755564,0.037339855,-0.025369436,-0.017293105,0.057934918,0.04986762,-0.12748939,-0.07501939,-0.040708497,-0.13489649,-0.04720661,0.08242716,-0.09319834,-0.04063357,0.041046496,-0.114034325,0.0029244772,0.0818134,-0.07388556,-0.070929,-0.04942906,0.03253973,-0.08384892,0.1398792,0.095557734,-0.056980964,0.110936135,-0.020071771,0.022212671,0.09566051,-0.106726736,-0.036217093,0.012051877,-0.022940984,0.08192288,0.076746896,0.047972765,-0.13798654,0.038904503,-0.013349591,0.024077225,0.0041205063,0.052498326,-0.09234792,0.12562375,-0.0023443513,-0.034332085,-0.021130934,-0.064500384,0.054463517,0.13246599,0.030659147,-0.103261545,-0.13363865,-0.0050842687,-0.013523152,-0.1118456,0.07735013,-0.042961597,-0.13066903,0.10524654,-0.062313836,0.05441029,-0.11648418,0.11530529,-0.01105779,-0.010371533,-0.03091282,0.1229409,-0.056529164,-0.16327704,-0.0812395,0.01951643,-0.15566936,0.0026035868,-0.08493808,-0.02763925,0.008460324,-0.059456285,-0.11000642,0.1324941,-0.12422956,-0.09706018,-0.04952399,-0.026401725,-0.07498027,0.07096437,0.052314267,-0.051996704,0.12993641,0.023694431,0.12420886,-0.031684294,0.025221072,0.033563033,0.08680493,-0.0012816992,-0.037606787,0.10923451,-0.061384313,0.0076644644,0.03842398,-0.08624772,0.016265802,0.05511672,0.13546258,-0.043094866,-0.05797203,0.12182209,-0.014654108,0.037386123,0.06992626,-0.09769408,0.07517783,-0.14256155,-0.02539045,0.056213062,-0.029058024,0.080772296,-0.036084417,-0.011456363,-0.026282974,-0.09368298,-0.07185227,-0.13355586,-0.021263827,-0.12924919,-0.06413764,0.049628012,0.04710621,-0.08406553,-0.06596448,-0.025670897,-0.109185606,-0.0067941137,-0.030634988,-0.050393566,-0.046081305,-0.07999458,0.048795305,-0.08262232,-0.014014497,-0.097112805,0.039440926,-0.097191654,-0.04188471,0.06466223,0.15084967,0.041598342,0.0032913014,0.04883367,-0.06463134,-0.030420797,0.059600934,0.064431556,0.07041857,0.11284953,-0.1009676,-0.030097425,0.06479353,0.09125514,-0.008954868,-0.05358013,0.015747044,-0.027372435,-0.06566049,0.063177414,-0.051036116,0.018465815,-0.12619075,-0.08503102,0.13669737,-0.08160689,-0.13126764,0.05341465,-0.10889065,0.015942719,0.0047297142,0.061718103,-0.018683728,-0.057126597,0.06297454,0.10633449,0.08126795,-0.1040436,0.07321131,0.12347712,-0.072191626,0.058063943,0.0065348037,0.014335284,0.08852001,-0.026950847,0.056921504,0.12660329,0.12521105,-0.017972507,-0.023080783,0.09034787,-0.018061887,0.09668881,-0.08849394,-0.13776866,0.054543618,-0.123420954,0.07639816,0.08509701,0.062846854,0.0013723336,0.040099945,0.06631747,0.084466256,-0.047067434,0.02533429,0.008478995,-0.06365085,-0.09623381,0.12958196,-0.05520189,-0.017494278,-0.064609095,0.060116034,-0.1160344,-0.0032223798,0.024421047,-0.04665873,0.094705716,-0.06860255,0.050861422,-0.09982093,0.013382448,0.02682023,-0.049684238,-0.062308446,-0.038103923,-0.026540805,-0.027055012,0.00048351102,-0.01827864,-0.1366377,-0.0015275218,-0.09169969,-0.06823906,-0.03339834,0.08084058,-0.014930662,0.022204116,0.04320723
0,-0.049691953,0.019912854,0.030502498,-0.03414607,0.089362934,0.029980201,0.024469957,-0.030981265,0.055204727,0.02008779,-0.021647818,0.029243477,0.041182753,-0.042688116,-0.05231876,-0.038746834,-0.006237684,-0.06505038,0.017894877,0.030833244,-0.030818366,-0.031428214,-0.034020144,-0.06707904,0.028407643,0.020287387,-0.027652552,-0.03763136,-0.017817615,-0.01167962,-0.052117273,0.078210905,0.0718112,-0.0049113207,0.043484814,-0.022009255,0.059287477,0.021334566,-0.073377535,-0.018102026,-0.06951916,-0.023117263,0.03144995,0.0602592,0.048849687,-0.095292084,-0.010141026,0.0032351334,0.04878331,-0.04164065,0.018011287,-0.04935181,0.06584527,-0.0044040307,-0.058007486,-0.016568772,-0.025880307,0.028866649,0.06290891,-0.015045852,-0.07212203,-0.07135104,0.019408379,0.020865103,-0.072380796,0.041084763,-0.0014521014,-0.07621309,0.08475802,-0.040433224,0.034029394,-0.048662588,0.043877408,0.029027611,-0.006002699,-0.04299167,0.04408803,0.012299031,-0.11552697,-0.05054768,-0.026494484,-0.08614832,-0.013060952,-0.028102748,0.027880989,-0.029034892,-0.013355391,-0.039768327,0.083837,-0.04648849,-0.025634807,-0.027152086,0.02988404,0.0046129394,0.059589516,-0.009884252,-0.016360655,0.0806063,-0.0015135305,0.06436914,-0.005092281,0.051522695,0.0065226685,0.04404725,-0.042690802,-0.036616072,0.06440428,0.044682175,-0.017866693,0.020049024,-0.027736498,-0.03227455,0.02340926,0.09573832,-0.02832717,-0.0047252914,0.05141259,0.015646871,-0.052264664,0.0055265166,-0.06855076,0.06295403,-0.10453996,-0.08247394,-0.020049099,0.0105878115,0.076245554,-0.0012348332,-0.03404218,-0.007132929,-0.0511885,-0.009963449,-0.058619976,-0.018755006,-0.09010117,-0.020386837,0.03570247,-0.0010356465,-0.03806502,-0.042854115,0.024821568,-0.09795599,-0.06416631,-0.011083525,-0.032731384,-0.0035615042,-0.060218047,-0.021222357,-0.040938105,0.0028371885,-0.053491194,-0.018513653,-0.059221722,0.023423506,0.055149343,0.072516695,0.0014443016,0.025604608,0.048364002,-0.006505008,0.021293752,0.010149239,0.0059222244,0.024279268,0.03390698,-0.059895195,-0.061691195,0.046643227,0.061723463,0.040706035,0.022222936,0.04315012,-0.025242476,0.04298881,0.046462573,-0.008858914,-0.029406786,-0.11206274,-0.02878452,0.10369162,-0.054477736,-0.08636406,0.058230527,-0.07616916,0.05442167,-0.0044804774,0.061226808,-0.038826082,-0.0040276907,0.0032180864,0.043415785,0.040096052,-0.051871207,0.062465176,0.081249535,-0.051751513,0.00012222305,-0.045779753,-0.0010933168,0.0340389,0.024937827,0.028177967,0.05607695,0.063172154,0.034084033,-0.019023031,0.040750977,-0.0061994176,0.076365784,-0.033772677,-0.080272526,0.02923902,-0.09866424,-0.0007427782,0.041931815,0.04928881,0.0098779425,0.011026282,0.006208971,0.028753234,-0.0017110733,0.025665615,0.10139159,0.010923493,-0.043538544,0.07937047,-0.008486567,-0.0106829405,-0.03190005,-0.02178888,-0.10331464,0.020945411,0.006150008,0.04756724,0.01758908,-0.048418153,0.049021363,-0.062478915,0.01335448,0.003992159,-0.0402172,-0.015520085,0.02956117,-0.048344977,-0.030688493,-0.033280257,-0.06269343,-0.09996916,-0.01985573,-0.056543447,-0.031580705,0.013035386,0.026533056,-0.036123775,0.019133922,-0.04362327
1,0.47712305,-0.4732221,0.4409432,0.16122521,0.09875825,0.4613775,-0.22399098,0.05940767,-0.3403812,-0.105756536,-0.019466419,0.30461594,-0.051599324,-0.5017489,0.26768494,0.12581207,0.11919912,0.3337404,0.2555357,-0.28811142,0.37195894,0.03346161,-0.52466226,0.12902461,0.25101054,-0.30756906,0.19361255,0.011453949,0.11199809,-0.18736175,0.09093768,-0.21991429,-0.04542282,0.25661686,-0.3246361,-0.04452556,0.30756953,-0.2769129,0.090824634,0.0804263,-0.5527653,-0.114839464,-0.2165413,0.0033034384,0.017293617,0.09350614,-0.1605804,0.06935504,0.21387306,-0.31114537,-0.28249398,0.22108886,-0.12341431,0.013847638,-0.28965455,-0.062440597,0.10814231,-0.13434282,-0.2558484,-0.33939004,0.07521961,0.22858395,0.066706955,0.27517414,0.10046069,-0.056093216,0.16516972,0.15135077,0.006567411,0.07306202,0.03453453,0.34081364,-0.35140717,0.21070878,0.03456755,-0.047492046,-0.47136,0.27052408,-0.024652876,0.15756284,-0.33696964,0.27065104,-0.012517262,0.29071933,0.4419218,-0.2109533,0.2361116,0.21737157,-0.12509127,0.4708375,0.40321285,0.02657105,0.41776365,0.32554525,-0.026454337,-0.37892118,0.15304765,-0.11426872,-0.14025828,-0.14511478,0.07935632,0.23033562,-0.11193026,-0.14168505,-0.3406219,0.016106855,-0.0317154,0.69879967,-0.13400313,0.0865777,0.29462776,-0.30474275,-0.072436914,-0.08756823,0.060094953,0.24688827,-0.3341178,0.23329604,-0.6562894,-0.41951904,0.038764916,-0.0057596825,-0.056006953,-0.47133902,-0.43646085,0.10183398,0.112209536,0.04929878,-0.09158533,0.09418654,0.10250966,0.15429394,0.29196417,-0.036355335,0.04413438,0.30900145,-0.04466598,-0.23624085,0.18407537,0.04365705,0.33589557,-0.10617822,-0.43396845,0.068353236,0.1021314,0.29710144,-0.058747057,-0.34114248,0.10681677,0.0043975636,0.11669813,-0.3383764,0.12385465,0.4565531,-0.006448999,-0.3351577,-0.21833609,0.08203599,0.15318573,0.34741688,0.31087726,-0.2081836,-0.23407593,-0.26111507,-0.3179284,0.20325711,-0.30082864,-0.014484901,-0.028133817,0.2885481,0.44535473,0.2009893,-0.0082316585,0.6191541,-0.030266367,0.21142308,-0.3735251,-0.10997878,0.27667734,-0.020052984,0.083930254,0.04739099,0.22839245,0.10634485,0.34417477,0.0128671825,-0.038835436,-0.1306712,0.14932813,-0.36585915,-0.3051026,-0.18978782,0.22432812,0.054808393,-0.0408367,0.04558997,-0.4028768,-0.29382014,-0.08537111,-0.31189075,0.39661452,-0.013688659,-0.21211036,-0.2799327,0.40082872,0.016193554,-0.23042107,0.00578003,0.019389875,0.065623105,0.1844168,-0.014890652,-0.027050085,-0.5291309,-0.06274392,0.02288305,0.007747609,-0.102699354,-0.23798649,-0.33085543,0.18735991,0.013884392,0.7429106,0.3540977,0.17170939,-0.02598514,0.2859958,-0.001865082,0.1785084,-0.48736233,-0.18963222,0.11659224,-0.042968098,0.63802326,-0.4377619,0.055224393,0.03999406,0.09516435,-0.05167783,-0.062211707,0.0022397898,0.28252897,0.36611396,-0.21822992,-0.080639504,-0.25414917,-0.3529665,0.05159544,-0.11153889,0.055748176,0.05872668,0.30112603,-0.31851006,-0.15326074,0.008502409,-0.6839897
1,0.49149176,-0.48793003,0.45240274,0.16660407,0.09905028,0.4748452,-0.23183733,0.06167567,-0.35185805,-0.10928358,-0.019436754,0.3129734,-0.054034933,-0.51468647,0.27583325,0.13018133,0.12233089,0.34482324,0.26236948,-0.29799208,0.3835828,0.034699913,-0.5395572,0.13371404,0.25789073,-0.31696352,0.19887185,0.012275286,0.115201704,-0.19249392,0.0954263,-0.22841889,-0.04895856,0.2644414,-0.33484676,-0.045970615,0.31500736,-0.2847358,0.09538394,0.08333981,-0.56688875,-0.118021965,-0.22343384,0.0015241466,0.015940696,0.09858747,-0.16434474,0.070943706,0.21924335,-0.31908834,-0.29186928,0.22956064,-0.12841916,0.01475222,-0.29698113,-0.06480589,0.11094857,-0.13899475,-0.26504114,-0.34905055,0.078897074,0.23707254,0.06749859,0.2834229,0.10466826,-0.058117874,0.16990949,0.15656197,0.0039322153,0.07638332,0.035883855,0.35240525,-0.36309052,0.21580827,0.03660695,-0.048094865,-0.48649773,0.2778762,-0.022844866,0.16381253,-0.34555122,0.28086504,-0.013240747,0.29988426,0.45431954,-0.21612811,0.24340531,0.22444552,-0.13074246,0.4863486,0.41559374,0.027601734,0.42912444,0.33474118,-0.029133528,-0.3900112,0.15670878,-0.11939062,-0.1443295,-0.15046981,0.08197897,0.23662001,-0.11477556,-0.1466202,-0.34949926,0.018131591,-0.03340567,0.7179765,-0.13689439,0.08852029,0.3033772,-0.3127507,-0.07482478,-0.092144005,0.062452734,0.2536712,-0.34504414,0.2399905,-0.6757338,-0.4314575,0.0414828,-0.0076349713,-0.055708617,-0.48370385,-0.44813344,0.10389467,0.11324239,0.05012239,-0.09255939,0.09670974,0.10600102,0.15827261,0.30132642,-0.036907937,0.048435926,0.31896502,-0.04719645,-0.24293755,0.18936466,0.04650356,0.34522477,-0.10701008,-0.44569916,0.06994744,0.105575904,0.3055522,-0.059560288,-0.35026166,0.11122167,0.0039767846,0.12151864,-0.34823245,0.12857202,0.46959886,-0.007825375,-0.34644398,-0.22440702,0.08325029,0.156069,0.35876483,0.31914353,-0.21428326,-0.24013586,-0.27010334,-0.3279195,0.21124086,-0.307454,-0.016079169,-0.030362986,0.29577553,0.45789757,0.20507482,-0.007947426,0.63494235,-0.032103308,0.21802677,-0.38408554,-0.11057708,0.2851397,-0.023635425,0.08760741,0.051133983,0.23433691,0.111543864,0.35314196,0.013978869,-0.04193513,-0.13332772,0.15332931,-0.37663138,-0.31498384,-0.1965754,0.232015,0.055378273,-0.04337661,0.04871051,-0.41560557,-0.30123344,-0.08761951,-0.32203177,0.40835437,-0.013811566,-0.2200521,-0.28993398,0.41211873,0.017606243,-0.23810148,0.0055946223,0.017762247,0.06704411,0.19202176,-0.015147094,-0.025868878,-0.5450493,-0.06457761,0.022366546,0.007645864,-0.10571338,-0.24367218,-0.34111786,0.1926061,0.013826851,0.76161355,0.36426213,0.17760135,-0.027790058,0.29512006,-0.001991928,0.18496844,-0.50130373,-0.19305077,0.118367665,-0.045082796,0.6546583,-0.45143792,0.056966383,0.039539427,0.09921702,-0.054018088,-0.06315087,0.0035352074,0.29230565,0.375912,-0.22313303,-0.082907185,-0.26048723,-0.3615448,0.05561251,-0.1144086,0.059343528,0.061035726,0.3092277,-0.32830033,-0.15719172,0.008470673,-0.7038102
0,-0.13974586,0.09215993,-0.049639124,-0.06916812,0.11376308,-0.021001957,0.0608112,-0.043720353,0.13679975,0.035245784,-0.024946013,-0.017293466,0.0564467,0.048285525,-0.12569925,-0.07478009,-0.0401012,-0.1342549,-0.044826083,0.080046855,-0.09251064,-0.040041216,0.038222905,-0.112817034,0.0032703602,0.08095323,-0.0728884,-0.07040296,-0.049907565,0.03052112,-0.083183534,0.13910961,0.09522469,-0.056968067,0.10849254,-0.020094406,0.021670436,0.094677694,-0.104936756,-0.034047484,0.011092525,-0.02188574,0.08157453,0.07521048,0.047337517,-0.13627385,0.039214984,-0.0123851765,0.024376176,0.0026208237,0.052977577,-0.0919312,0.124083,-0.003516931,-0.033631615,-0.020666983,-0.062638886,0.054578375,0.13145423,0.030415498,-0.10240563,-0.13180177,-0.005075872,-0.012952419,-0.11155455,0.076287664,-0.041510418,-0.12798351,0.103311256,-0.061422158,0.05488634,-0.11561167,0.11441438,-0.010748185,-0.009878092,-0.03089826,0.12129848,-0.053947516,-0.16149187,-0.082563445,0.018722527,-0.1541284,0.00075647235,-0.08316812,-0.027392082,0.008503873,-0.058552496,-0.10870444,0.13359015,-0.12269803,-0.09733252,-0.049138658,-0.024619061,-0.07338048,0.07000741,0.051113132,-0.051904682,0.12827785,0.023114132,0.1210465,-0.031441204,0.025273807,0.03251052,0.086433485,-0.0017964002,-0.038335077,0.10841566,-0.059980415,0.00678245,0.037591193,-0.08657951,0.01481915,0.053329132,0.13496518,-0.041598886,-0.05719673,0.12022416,-0.013568674,0.0367339,0.0679647,-0.09716611,0.07496993,-0.14235647,-0.028015105,0.054501973,-0.02735348,0.08083239,-0.034858044,-0.012234621,-0.025482096,-0.09264949,-0.06835176,-0.1326667,-0.021875277,-0.12894738,-0.06481495,0.048464257,0.046517827,-0.08385384,-0.065756015,-0.024878506,-0.109960005,-0.007624576,-0.03156461,-0.04990617,-0.044561356,-0.079236045,0.047987804,-0.081772745,-0.014943317,-0.09734217,0.03748496,-0.097091034,-0.039126053,0.06592502,0.14825357,0.039607212,0.0029048882,0.04724427,-0.064074695,-0.029545965,0.058901988,0.063781574,0.071294084,0.1109374,-0.100215085,-0.030133558,0.06478843,0.08972187,-0.008536931,-0.05444209,0.017084144,-0.02701186,-0.06435038,0.06283214,-0.048788156,0.018312542,-0.12667896,-0.08538371,0.13655812,-0.08048223,-0.13036558,0.052025676,-0.108591884,0.016632305,0.0048827343,0.06192827,-0.019155275,-0.054293267,0.060430814,0.105483904,0.08033346,-0.10165846,0.07272596,0.12402233,-0.07195376,0.05589119,0.0046738125,0.013970293,0.087535605,-0.02574946,0.057029076,0.12452115,0.12360056,-0.016925288,-0.022444818,0.08760271,-0.01738907,0.095051736,-0.087278835,-0.13572638,0.05429858,-0.12189241,0.07536663,0.084792875,0.06247716,1.8630177e-05,0.039998937,0.066073135,0.08278966,-0.04684155,0.025434982,0.009202395,-0.062383607,-0.094329774,0.12880738,-0.05416342,-0.016689233,-0.06523129,0.058026724,-0.115474865,-0.00248681,0.023987953,-0.046177674,0.09194529,-0.06715626,0.048690684,-0.09918559,0.013886942,0.025426077,-0.04873082,-0.06060247,-0.036268882,-0.027329016,-0.026774755,-4.9084425e-05,-0.01867555,-0.13498777,-0.0011991002,-0.09090315,-0.066128045,-0.034231566,0.08024834,-0.016688533,0.022059716,0.042356446
0,-0.16469547,0.10444392,-0.06610389,-0.08154445,0.13025224,-0.031215288,0.06613656,-0.051685426,0.1615887,0.045187443,-0.026205864,-0.030296715,0.064458534,0.073353186,-0.15336765,-0.08165312,-0.056571126,-0.14775282,-0.06808917,0.09758645,-0.108178556,-0.044352747,0.056221038,-0.1318371,-0.00078465,0.09487971,-0.08755038,-0.089145824,-0.060726777,0.05154049,-0.09400183,0.15458867,0.10324034,-0.06485315,0.13136277,-0.022605542,0.018823188,0.11749288,-0.119228475,-0.04554505,0.019353893,-0.03137006,0.08837267,0.08302347,0.050359644,-0.15493609,0.05163397,-0.02763244,0.023018029,0.019939918,0.054977044,-0.101009786,0.14729162,0.010096524,-0.038025588,-0.030903477,-0.07884448,0.0600173,0.15298057,0.036523968,-0.11290686,-0.15036497,-0.014242712,-0.018399836,-0.1212973,0.09561133,-0.06093975,-0.15440106,0.12338456,-0.069821596,0.061104797,-0.13065174,0.13126874,-0.020159006,-0.013582848,-0.024169927,0.1355342,-0.07908079,-0.18835276,-0.08842681,0.027239379,-0.17601225,0.013675556,-0.097230226,-0.03421238,0.014839269,-0.07179458,-0.13599123,0.14413653,-0.13426284,-0.109682284,-0.0586828,-0.041055616,-0.09885385,0.07662101,0.059357334,-0.06727658,0.15037085,0.032272786,0.14923799,-0.040152416,0.022700645,0.046015732,0.09548758,0.009798529,-0.034933083,0.12795198,-0.07882944,0.019605294,0.05300941,-0.0936071,0.026877876,0.069594674,0.15183496,-0.05308207,-0.07168019,0.13947809,-0.025137275,0.045408394,0.08682076,-0.10763323,0.077249035,-0.15951782,-0.013055373,0.07224101,-0.04772315,0.085558176,-0.054522093,0.003118433,-0.03260266,-0.11170542,-0.099026516,-0.15208922,-0.023184348,-0.14494552,-0.06801653,0.060511746,0.058277227,-0.09283491,-0.072344,-0.030812092,-0.1169686,-0.00031550974,-0.04045373,-0.05596836,-0.05109314,-0.091127604,0.06458071,-0.089720696,-0.026146576,-0.1076865,0.05343851,-0.105244584,-0.055214666,0.06035412,0.17208993,0.051009692,-0.004004225,0.05907878,-0.07720663,-0.04429332,0.07238631,0.08226235,0.07561811,0.13604306,-0.110055216,-0.028132536,0.064043164,0.10451317,-0.016258363,-0.06692152,0.0031315945,-0.030804254,-0.088671595,0.070663154,-0.06732687,0.023072368,-0.13716899,-0.09702791,0.14487362,-0.08828819,-0.14841405,0.06869789,-0.11930433,0.014022432,0.008388981,0.062672466,-0.009157829,-0.07928973,0.07143392,0.1152992,0.0899294,-0.12059477,0.08138898,0.13827989,-0.07690855,0.06905616,0.015801672,0.017589739,0.10438018,-0.03237401,0.067790486,0.1497246,0.14740254,-0.02488984,-0.017660303,0.10832888,-0.025930732,0.11151154,-0.113218226,-0.15387568,0.06313144,-0.14236684,0.086678505,0.104070805,0.06654792,0.0018304158,0.051173877,0.08092192,0.094766125,-0.057102304,0.027823374,0.0019593276,-0.08446725,-0.11579206,0.15635344,-0.064644784,-0.017487437,-0.073402524,0.07716013,-0.13323002,-0.014269203,0.028890278,-0.05889677,0.111888364,-0.083882995,0.054941915,-0.11484042,0.010662533,0.03784059,-0.05665689,-0.07229738,-0.06015464,-0.022338608,-0.029948942,0.008159125,-0.013234336,-0.15255164,0.0047774054,-0.10418072,-0.08510443,-0.03343751,0.09134187,-0.004115753,0.025447786,0.051363345
1,0.6997655,-0.687678,0.6150047,0.2420655,0.108421445,0.65152174,-0.3325767,0.097032316,-0.5057082,-0.15917306,-0.020037733,0.42202553,-0.08970879,-0.6947753,0.39854237,0.1936141,0.16772644,0.5044299,0.3534842,-0.42718324,0.54286915,0.058813084,-0.7381568,0.20794159,0.34841362,-0.44731387,0.2823112,0.025639527,0.16496986,-0.25928402,0.15194944,-0.3465215,-0.095982224,0.3691934,-0.47985333,-0.05587503,0.41589877,-0.39892426,0.1572509,0.12411398,-0.76364034,-0.15761378,-0.32146734,-0.020686056,0.003392063,0.17049219,-0.21809958,0.09498099,0.28763652,-0.4271934,-0.41535732,0.33686963,-0.20064564,0.026757594,-0.3920316,-0.0894613,0.15980282,-0.20579118,-0.38911408,-0.4825281,0.13636708,0.35596025,0.083196975,0.38677734,0.17126806,-0.09107848,0.23313169,0.24298346,-0.021502256,0.12113598,0.040223252,0.50827926,-0.5194189,0.28647703,0.055450566,-0.048757944,-0.6959029,0.37515348,0.0061777905,0.24918173,-0.4690191,0.41876218,-0.012079373,0.42530298,0.62276506,-0.28622672,0.34106714,0.32346636,-0.21119511,0.69548213,0.5878236,0.04579804,0.58776474,0.4581962,-0.06446125,-0.53885984,0.22115503,-0.19365112,-0.19715685,-0.22887209,0.115873754,0.31156045,-0.15950744,-0.2177868,-0.46926832,0.04143417,-0.0637207,0.9821103,-0.18125513,0.121493354,0.43115163,-0.42194286,-0.11109571,-0.1613262,0.096710324,0.3497309,-0.49693224,0.32860792,-0.9226296,-0.6010743,0.081457786,-0.035469946,-0.043667108,-0.642185,-0.6146851,0.13520837,0.12954962,0.06307367,-0.110372454,0.13617438,0.16220717,0.21762857,0.4375127,-0.0440499,0.098172456,0.45333493,-0.077412724,-0.33514267,0.27644706,0.08153544,0.47076985,-0.11524226,-0.59718335,0.09917872,0.15958937,0.42921877,-0.06459859,-0.47823584,0.16830586,-0.0023100972,0.18781817,-0.47573367,0.19974099,0.6460935,-0.03249199,-0.50657785,-0.3124697,0.10279308,0.19903617,0.5031913,0.43378255,-0.29832956,-0.33087105,-0.38651234,-0.46510163,0.31739905,-0.40506145,-0.039615463,-0.061936285,0.39364588,0.6273414,0.26422477,-0.0023225844,0.862427,-0.062021643,0.305817,-0.5267082,-0.11571289,0.40625632,-0.071819246,0.14303286,0.0993517,0.30903405,0.18199937,0.4732436,0.022998203,-0.08334316,-0.16746093,0.2089683,-0.5255941,-0.45518315,-0.28808898,0.3413522,0.054205477,-0.08923922,0.089432284,-0.57997555,-0.3987647,-0.12073773,-0.4580168,0.5618229,-0.027353564,-0.3240539,-0.42483523,0.5614186,0.034968153,-0.34404486,0.005862076,-0.0030194856,0.098413356,0.29543734,-0.026977267,-0.0030048676,-0.7588653,-0.09977697,0.014436044,0.0047676153,-0.14876537,-0.33781457,-0.48618358,0.26628676,0.00908551,1.0218003,0.49757853,0.2609558,-0.061064642,0.4153052,0.0011794339,0.27050564,-0.6886433,-0.23423123,0.15366155,-0.06417892,0.89275104,-0.63353384,0.09456901,0.035275333,0.15765718,-0.08241961,-0.08684505,0.019987237,0.41495383,0.5082841,-0.2905634,-0.10400168,-0.34910718,-0.47950548,0.11104357,-0.14897637,0.1028883,0.09141714,0.4253742,-0.4678318,-0.20484677,0.006010402,-0.96597666
0,-0.020229325,-0.011161987,0.057306208,-0.02264261,0.091320455,0.05631159,0.0074146483,-0.026086766,0.031119535,0.014467567,-0.02136689,0.046174414,0.03718971,-0.07024548,-0.034862246,-0.028101455,-0.0006407779,-0.037198033,0.031106498,0.0129052885,-0.008178696,-0.028922938,-0.06425585,-0.056640256,0.041433375,-0.00055939704,-0.016049314,-0.035793655,-0.0104662245,-0.020614684,-0.04501927,0.05878282,0.06442885,0.012775706,0.022862757,-0.025313277,0.07675736,0.0036282544,-0.066037014,-0.013496379,-0.10346277,-0.0299838,0.015490797,0.057074197,0.04910186,-0.08598005,-0.01923438,0.0032285992,0.059025202,-0.056770004,-0.00023006834,-0.032041036,0.054650865,-0.0019500963,-0.07479939,-0.022068217,-0.018478125,0.018406264,0.044406593,-0.03570102,-0.06326868,-0.051549822,0.022175007,0.037494965,-0.06259674,0.037227616,0.008227728,-0.06584937,0.08402605,-0.032965027,0.033555485,-0.02319752,0.020699546,0.040432286,-0.0038602557,-0.043395344,0.011214927,0.02601917,-0.11107543,-0.03713213,-0.045022488,-0.06507359,-0.013532594,-0.010543246,0.054357875,-0.040707685,0.0018066815,-0.0258595,0.070229694,-0.014139209,0.0019166991,-0.023387007,0.05379802,0.022795307,0.055955987,-0.03417326,-0.00809986,0.07168302,-0.00904733,0.05524631,0.0004415065,0.064732604,0.0008557532,0.03266889,-0.06013792,-0.032220855,0.06115117,0.08558088,-0.023123488,0.026547905,-0.0066155903,-0.047469158,0.017867899,0.08717547,-0.025606448,0.009843925,0.029775009,0.027408503,-0.09192529,-0.019157568,-0.06332707,0.059077673,-0.10239513,-0.10654106,-0.04500711,0.013758423,0.07823867,-0.0016050152,-0.034274846,-0.0023566075,-0.04278643,-0.0022540353,-0.037525464,-0.018209603,-0.08403805,0.0012639724,0.033609495,-0.015522102,-0.023759682,-0.035182435,0.044992376,-0.09961279,-0.088925004,-0.006371213,-0.025547434,0.016371477,-0.06099244,-0.042488232,-0.031427246,0.0015717596,-0.042165816,-0.036875967,-0.047365624,0.049328737,0.049024947,0.04813623,-0.012401527,0.030493332,0.05607655,0.015192117,0.037182212,-0.0031859037,-0.0077086743,0.004662581,0.012363803,-0.043902777,-0.07788385,0.042638157,0.05710744,0.05735798,0.050848875,0.050594218,-0.023453882,0.07829874,0.042071175,0.003569018,-0.053271413,-0.11338812,-0.009636152,0.09406356,-0.04502977,-0.078615956,0.07328273,-0.06556534,0.07301264,-0.0037996173,0.055814385,-0.04295974,0.0026101721,-0.018919501,0.021154374,0.026982306,-0.03649801,0.06253747,0.07217299,-0.04562881,-0.02533986,-0.0621451,-0.0067615015,0.0134551115,0.047766462,0.02617527,0.041632857,0.043723293,0.05733119,-0.015670523,0.027380291,-0.0073142275,0.07571506,-0.029198997,-0.06473841,0.026732542,-0.09868248,-0.03471251,0.03685151,0.04732582,0.01131808,0.0042699277,-0.008072489,0.007673539,0.009707094,0.02761837,0.14228927,0.0288557,-0.032115716,0.075088024,0.009039313,-0.00965834,-0.018960893,-0.05033003,-0.109724864,0.025270993,0.0022084555,0.08518639,-0.008988876,-0.045974024,0.049056064,-0.053832404,0.009755213,0.0009526368,-0.04005635,0.002559334,0.049118005,-0.058402993,-0.03458526,-0.046434462,-0.08195439,-0.0942574,-0.024340834,-0.05002747,-0.028978689,0.033978213,0.0055388957,-0.041832484,0.020455645,-0.08542577
