{
  "dataset": "MUTAG",
  "embedding_dim": 128,
  "epochs": 100,
  "lr": 0.0005,
  "dropout": 0.0,
  "batch_size": 64,
  "num_layers": 5,
  "pooling": "mean",
  "train_time_sec": 6.754444122314453,
  "embed_time_sec": 0.05822944641113281,
  "total_time_sec": 6.812673568725586,
  "val_best_acc": 0.9473684210526315,
  "train_acc": 0.9266666666666666,
  "val_acc": 0.9473684210526315,
  "test_acc": 0.9473684210526315,
  "peak_tracemalloc_mb": 0.2609214782714844,
  "rss_before_mb": 1445.40234375,
  "rss_after_mb": 1445.4140625,
  "device": "cuda"
}