label,dim0,dim1,dim2,dim3,dim4,dim5,dim6,dim7,dim8,dim9,dim10,dim11,dim12,dim13,dim14,dim15,dim16,dim17,dim18,dim19,dim20,dim21,dim22,dim23,dim24,dim25,dim26,dim27,dim28,dim29,dim30,dim31,dim32,dim33,dim34,dim35,dim36,dim37,dim38,dim39,dim40,dim41,dim42,dim43,dim44,dim45,dim46,dim47,dim48,dim49,dim50,dim51,dim52,dim53,dim54,dim55,dim56,dim57,dim58,dim59,dim60,dim61,dim62,dim63,dim64,dim65,dim66,dim67,dim68,dim69,dim70,dim71,dim72,dim73,dim74,dim75,dim76,dim77,dim78,dim79,dim80,dim81,dim82,dim83,dim84,dim85,dim86,dim87,dim88,dim89,dim90,dim91,dim92,dim93,dim94,dim95,dim96,dim97,dim98,dim99,dim100,dim101,dim102,dim103,dim104,dim105,dim106,dim107,dim108,dim109,dim110,dim111,dim112,dim113,dim114,dim115,dim116,dim117,dim118,dim119,dim120,dim121,dim122,dim123,dim124,dim125,dim126,dim127
1,0.49762195348739624,0.7070028781890869,0.5194790959358215,0.24269813299179077,1.635608434677124,0.550083577632904,0.8159113526344299,0.9797137379646301,1.09915292263031,0.8734091520309448,0.6410475969314575,0.1862342357635498,0.0006138720200397074,0.40566134452819824,0.0,0.027575550600886345,0.2268318086862564,0.6808147430419922,0.9709893465042114,0.026072515174746513,0.03507499396800995,0.35457152128219604,0.0076446435414254665,0.9480218887329102,0.1343112587928772,0.5204153060913086,0.2876451015472412,0.2101077288389206,0.43941229581832886,0.5508195757865906,0.40909093618392944,0.0,0.7858699560165405,0.29174259305000305,0.059900376945734024,0.22785870730876923,0.0,0.042364612221717834,0.9814543128013611,0.9413661956787109,0.8299896121025085,0.8397396802902222,0.01740707829594612,0.7199182510375977,0.9918928146362305,0.4267665147781372,0.11449597775936127,0.12654024362564087,0.8670405745506287,0.8050751686096191,0.9055541157722473,0.5021026730537415,0.3047218322753906,0.03863224759697914,0.17746742069721222,0.846504807472229,0.33262455463409424,1.036589503288269,0.004897548817098141,1.3040566444396973,0.22013479471206665,0.0058682262897491455,0.36900684237480164,0.2627164125442505,0.5968843102455139,0.5241125226020813,0.8902920484542847,0.7604746222496033,0.3543742597103119,0.17415009438991547,0.40556371212005615,0.21078042685985565,0.8025870323181152,0.6562447547912598,0.15432195365428925,0.49017006158828735,0.3410504162311554,0.01323087140917778,1.329762578010559,0.3308091163635254,0.28024590015411377,0.3869472146034241,0.17560096085071564,0.17268408834934235,0.0,1.5329720973968506,0.16124717891216278,0.0,0.271324098110199,0.9394980669021606,0.7013822793960571,0.13016611337661743,0.19865219295024872,0.298582524061203,0.9819721579551697,0.15033017098903656,0.49295008182525635,0.036461710929870605,0.6685757040977478,0.7369426488876343,0.30179280042648315,0.9885886311531067,0.2334207147359848,0.45656538009643555,0.8878071904182434,1.1907544136047363,0.18477381765842438,0.9572598338127136,0.448694109916687,0.33646273612976074,0.007970786653459072,0.48253118991851807,0.43367090821266174,0.9048933386802673,0.15004181861877441,1.1099188327789307,0.040476661175489426,0.02241595834493637,0.34564393758773804,0.1946275681257248,0.6059065461158752,0.5159637331962585,0.6527488231658936,0.43745550513267517,0.09767080098390579,1.521477222442627,0.45364394783973694,0.04448142647743225
0,0.274943470954895,0.4828447103500366,0.14532510936260223,0.45881175994873047,0.7951884865760803,0.46850350499153137,0.24828068912029266,0.8452040553092957,0.11437540501356125,0.23057785630226135,0.2090493142604828,0.8225587010383606,0.014843633398413658,0.8300541639328003,0.0,0.06383851915597916,0.32532376050949097,1.2252634763717651,0.5844669938087463,0.0,0.2298290878534317,0.9957384467124939,0.0,0.1367124617099762,0.20756269991397858,0.8493309617042542,0.14050118625164032,0.6415811777114868,0.058062709867954254,0.11924441158771515,0.2894023358821869,0.0,0.2991176247596741,0.3122890889644623,0.6057218909263611,0.6615173816680908,0.0073305112309753895,0.0,0.06280212849378586,0.48599526286125183,0.47029754519462585,0.30028069019317627,0.028401795774698257,0.11501022428274155,0.1032273918390274,0.0,0.6343259215354919,0.016460252925753593,0.36846572160720825,0.21356455981731415,0.6153069734573364,0.20752757787704468,0.69499671459198,0.38509809970855713,0.005903423763811588,0.21873489022254944,0.33689528703689575,0.6576377153396606,0.0,0.5118190050125122,0.2180291712284088,9.980676259147003e-05,0.7900103330612183,0.0,0.6188514232635498,0.2535485327243805,0.23306605219841003,0.10349999368190765,0.0,0.23639637231826782,0.49056175351142883,0.30969589948654175,0.999207079410553,1.6181105375289917,0.5750772953033447,0.24637478590011597,0.4953445792198181,0.31302326917648315,0.19248999655246735,0.030004816129803658,0.383576899766922,0.26507923007011414,0.0,0.1989506185054779,0.0,0.8541160821914673,0.0,0.0,0.38723284006118774,0.5817233324050903,0.6161000728607178,0.21932825446128845,0.25882768630981445,0.0,0.11111199110746384,0.12686020135879517,0.1607881337404251,0.009809489361941814,0.38272178173065186,0.15789882838726044,0.0980321541428566,0.6878756284713745,0.4714805483818054,0.5462038516998291,0.6807453632354736,0.2059883326292038,0.1751297116279602,0.21274429559707642,0.13210143148899078,0.06498565524816513,0.0,0.2377701848745346,1.14365816116333,0.006794230081140995,0.006777514703571796,0.3128895163536072,0.005029819905757904,0.0,0.028989268466830254,0.5380830764770508,0.6935641169548035,0.11855611205101013,0.4792058765888214,0.4673953056335449,0.15798355638980865,0.7980374693870544,0.03415008634328842,0.0
1,0.030252916738390923,0.20542703568935394,0.15400803089141846,0.6179522275924683,0.915850043296814,0.35857850313186646,0.14371225237846375,0.49386709928512573,0.5357560515403748,0.3306914269924164,0.23455989360809326,0.46857747435569763,0.0,0.8316860198974609,0.005698809865862131,0.0844646692276001,0.6163726449012756,0.6511788964271545,0.38825899362564087,0.019277453422546387,0.03083469159901142,0.6503554582595825,0.0,0.18585465848445892,0.1537865251302719,0.5265746712684631,0.10534153878688812,0.5867723226547241,0.0034219648223370314,0.12555043399333954,0.06695683300495148,0.0,0.1718859225511551,0.41424134373664856,0.2407560795545578,0.2807658612728119,0.0058553582057356834,0.029540754854679108,0.21570774912834167,0.08792458474636078,0.4166223406791687,0.14899353682994843,0.049806639552116394,0.05424027889966965,0.22070710361003876,0.1335417628288269,0.3642657697200775,0.0680813416838646,0.24792630970478058,0.13387925922870636,0.49003854393959045,0.18824131786823273,0.4429630935192108,0.17869354784488678,0.08129715919494629,0.44999340176582336,0.507574200630188,0.34608352184295654,0.002405939158052206,0.5139887928962708,0.14985321462154388,0.0019274719525128603,0.3291887640953064,0.011011858470737934,0.5027768015861511,0.13288910686969757,0.06205025315284729,0.09396884590387344,0.14133770763874054,0.4998845160007477,0.34379684925079346,0.13659386336803436,0.7070214748382568,1.0294134616851807,0.4397684335708618,0.5667766332626343,0.4505805969238281,0.10934337973594666,0.16738221049308777,0.10506194084882736,0.39670631289482117,0.04701101407408714,0.005645503289997578,0.4571927487850189,0.0,0.9413379430770874,0.055315785109996796,0.014211524277925491,0.3954387903213501,0.16458706557750702,0.4242126941680908,0.19998638331890106,0.48032039403915405,0.05017693713307381,0.1426321268081665,0.3611032962799072,0.06689534336328506,0.07318445295095444,0.03763195127248764,0.1301754117012024,0.08721514046192169,0.3562895357608795,0.39787256717681885,0.5217897295951843,0.3747102916240692,0.35609355568885803,0.45956721901893616,0.14268897473812103,0.48714637756347656,0.08598300814628601,0.0,0.3663039803504944,0.8658697009086609,0.05457185581326485,0.04089297726750374,0.1700303852558136,0.0034302419517189264,0.0,0.045604366809129715,0.2512912452220917,0.34410032629966736,0.08343454450368881,0.3813537061214447,0.3463803827762604,0.2471897453069687,0.6595553159713745,0.06696717441082001,0.0004504694079514593
1,0.006502519361674786,0.1328209489583969,0.10217923671007156,0.313489705324173,0.8403262495994568,0.7292348742485046,0.06986768543720245,0.15965746343135834,1.5084452629089355,0.26557111740112305,0.16825158894062042,0.1648782342672348,0.07823976874351501,0.7216951251029968,0.0,0.04799460247159004,0.43645936250686646,0.2650224566459656,0.13170763850212097,0.12930883467197418,0.007720122113823891,0.38810351490974426,0.036787163466215134,0.18492308259010315,0.2988685369491577,0.6327089071273804,0.43711310625076294,0.3122451603412628,0.0,0.13021069765090942,0.0,0.03318466991186142,0.10929650813341141,0.5572962760925293,0.040007077157497406,0.11426756531000137,0.0,0.15061183273792267,0.7774536609649658,0.0,0.22146081924438477,0.18383494019508362,0.04137212410569191,0.04103980213403702,0.624565064907074,0.5981131792068481,0.11972954124212265,0.35049721598625183,0.16951711475849152,0.21126168966293335,0.29124459624290466,0.613764226436615,0.29821494221687317,0.0,0.22886472940444946,1.2280293703079224,0.48618125915527344,0.4151000678539276,0.0,0.5849080681800842,0.2814745306968689,0.02564380317926407,0.4785327613353729,0.09489879757165909,0.7397521734237671,0.07205160707235336,0.05217374488711357,0.1281651109457016,0.5731878876686096,0.29664549231529236,0.7159549593925476,0.3829459846019745,0.3883223831653595,0.7355367541313171,0.20187228918075562,0.731587827205658,0.5029537081718445,0.051190949976444244,0.3442324101924896,0.5958945751190186,0.45003560185432434,0.015785178169608116,0.37013742327690125,0.26014989614486694,0.0,1.4899494647979736,0.33747732639312744,0.0,0.5227587223052979,0.5287097692489624,0.27627065777778625,0.19959083199501038,0.2733776867389679,0.5125226974487305,0.2543836534023285,0.2479734569787979,0.06761424988508224,0.032752882689237595,0.0,0.11670186370611191,0.4314356744289398,0.6478599905967712,0.4779571294784546,0.5984009504318237,0.1865285038948059,0.46749675273895264,0.32843703031539917,0.1527809351682663,0.6620386242866516,0.5749488472938538,0.17884153127670288,0.6121415495872498,0.7528101205825806,0.32100921869277954,0.3270590901374817,0.2738514542579651,0.15292631089687347,0.11787435412406921,0.3778340518474579,0.18474340438842773,0.6852717399597168,0.06140957027673721,0.9127343893051147,0.17635270953178406,0.15588726103305817,1.1789993047714233,0.9249595403671265,0.020754221826791763
0,0.6860194802284241,0.3506356477737427,0.7222541570663452,1.0991675853729248,0.20873437821865082,0.5601054430007935,0.3259386420249939,0.7415059208869934,0.004953702911734581,0.9655771851539612,0.29542726278305054,0.16311034560203552,0.03092966414988041,0.5113657712936401,0.0,0.13905560970306396,0.3902212977409363,1.2769355773925781,0.03783179074525833,0.0,1.3253144025802612,0.6446875929832458,0.010529370047152042,0.09567565470933914,0.01567172072827816,0.42648422718048096,0.06918478012084961,0.6106829643249512,0.49670857191085815,0.8961378931999207,0.669925332069397,0.028175532817840576,0.7870543599128723,0.3185250163078308,0.4195995628833771,0.7896825075149536,0.0,0.0,0.23908379673957825,0.14016497135162354,0.9814466834068298,0.6347450613975525,1.1543457508087158,0.5332607626914978,0.2800581157207489,0.0,1.3571614027023315,0.0008658244041725993,0.671471893787384,0.4631505608558655,0.6399085521697998,0.04091886058449745,0.37613826990127563,0.24385929107666016,0.0,0.068776935338974,0.3201272189617157,0.060014285147190094,0.0,0.7416019439697266,0.07312729209661484,0.0,0.607004702091217,0.40447160601615906,0.6363585591316223,0.7213624715805054,0.2590007185935974,0.7595357894897461,0.0,0.25704681873321533,0.08062494546175003,0.27909180521965027,0.7840654850006104,1.303078532218933,0.2983017563819885,0.1410866528749466,0.43502724170684814,0.003704178612679243,0.048367179930210114,0.0062765274196863174,0.07261358946561813,0.5335172414779663,0.0,0.23440106213092804,0.0,0.8887903690338135,0.0012612619902938604,0.0136031499132514,0.22064784169197083,0.14651824533939362,1.616867184638977,0.24092546105384827,0.2874350845813751,0.0,0.07501936703920364,0.3383616805076599,0.8911204934120178,0.01159890927374363,0.5987051129341125,0.04068591073155403,0.08528147637844086,1.0966382026672363,0.36558181047439575,0.4591808319091797,0.18253697454929352,0.4415806233882904,0.42670100927352905,0.27423298358917236,0.15145228803157806,0.21041062474250793,0.0,0.07193376123905182,1.6773076057434082,0.20963850617408752,0.004883666522800922,0.6347987055778503,0.0,0.019876910373568535,0.0035023908130824566,0.3053584396839142,0.3004414141178131,0.41643813252449036,0.13820141553878784,0.23026880621910095,0.19432242214679718,0.657433271408081,0.0,0.593514084815979
0,0.6543452739715576,1.1161061525344849,0.8788226842880249,0.41988614201545715,1.6949900388717651,0.010796941816806793,1.0879868268966675,1.7659558057785034,0.0,1.5262607336044312,1.385945439338684,0.015098799020051956,0.0,0.3045017123222351,0.0,0.052812013775110245,0.342915415763855,1.6128238439559937,1.7273129224777222,0.0,0.21759401261806488,1.2135802507400513,0.0,1.209722638130188,0.0,0.1874074935913086,0.0,0.221310555934906,0.8754640817642212,1.284125804901123,1.4187897443771362,0.0,1.8171615600585938,0.0,0.20197433233261108,1.1486809253692627,0.0,0.0,0.2483481913805008,1.9084817171096802,1.837368130683899,1.3006021976470947,0.030917178839445114,1.2198702096939087,0.8604097962379456,0.0,0.1487240195274353,0.0,1.558761715888977,1.1321696043014526,1.9414539337158203,0.0,0.06391849368810654,0.03355010971426964,0.0,0.0,0.025673456490039825,1.6555293798446655,0.0,1.9408246278762817,0.0,0.0,0.04589838907122612,0.5927437543869019,0.11212962120771408,1.521417498588562,1.2245160341262817,1.4862017631530762,0.0,0.21996189653873444,0.07056016474962234,0.0018066101474687457,2.0442187786102295,0.4454762637615204,0.2584143579006195,0.0,0.08263511955738068,0.0,1.407447338104248,0.0,0.0,0.7334669232368469,0.0,0.2665592432022095,0.0,1.2802704572677612,0.0,0.0026499179657548666,0.011973578482866287,0.930079996585846,1.2962170839309692,0.0,0.5172721743583679,0.0,1.2066737413406372,0.12733684480190277,0.9428201913833618,0.0,1.4820549488067627,1.4525465965270996,0.014809111133217812,0.6780798435211182,0.0,0.01779615879058838,1.8249748945236206,1.6893566846847534,0.14024771749973297,1.421321153640747,0.14104913175106049,0.0,0.0,0.0,0.5510265827178955,0.5890242457389832,0.0016703889705240726,1.129197359085083,0.0,0.0,0.0,0.00987484771758318,0.09126392006874084,0.8333596587181091,0.0,1.2677842378616333,0.17637108266353607,1.4715553522109985,0.0,0.098378486931324
1,0.0,0.1539381593465805,0.1145513579249382,0.45984914898872375,0.8423370718955994,0.6807225942611694,0.06286806613206863,0.23893257975578308,1.037335991859436,0.253716379404068,0.18360969424247742,0.31555628776550293,0.0,0.6645218729972839,0.0,0.05224841460585594,0.42978668212890625,0.44701695442199707,0.23525305092334747,0.036147311329841614,0.008170902729034424,0.48271459341049194,0.011551904492080212,0.1922820806503296,0.18032868206501007,0.7786104679107666,0.32860642671585083,0.39809876680374146,0.0,0.10202909260988235,0.012981146574020386,0.0,0.1278599351644516,0.5158653855323792,0.11349546164274216,0.1591288298368454,0.0,0.08257085829973221,0.6330009698867798,0.0035742688924074173,0.2644963264465332,0.16643011569976807,0.032981861382722855,0.04461246728897095,0.44832631945610046,0.45786401629447937,0.15126898884773254,0.20540568232536316,0.1701717972755432,0.11786260455846786,0.33149948716163635,0.6217491030693054,0.49242350459098816,0.07319793105125427,0.2152273803949356,0.9516293406486511,0.6157600283622742,0.39042651653289795,0.015804816037416458,0.5820375680923462,0.3190028667449951,0.014335955493152142,0.49790045619010925,0.06326238811016083,0.7474992275238037,0.10266231745481491,0.014822402969002724,0.08368545770645142,0.38944315910339355,0.3299686312675476,0.5265125036239624,0.36556634306907654,0.4945741593837738,0.9633690714836121,0.29239943623542786,0.6815719604492188,0.5413658618927002,0.025068996474146843,0.3025166988372803,0.42839381098747253,0.45693713426589966,0.012546557933092117,0.17504124343395233,0.32719096541404724,0.0,1.209072470664978,0.21657279133796692,0.0,0.4498275816440582,0.46986955404281616,0.3254104554653168,0.2462497055530548,0.3290401101112366,0.30112001299858093,0.16741235554218292,0.28483614325523376,0.06507912278175354,0.06908538192510605,0.0010324770119041204,0.09944956004619598,0.38584795594215393,0.663260281085968,0.3798789978027344,0.6512622237205505,0.23345425724983215,0.45853278040885925,0.3501587212085724,0.15468983352184296,0.6442814469337463,0.3782697319984436,0.012384866364300251,0.634739100933075,0.786710262298584,0.2716432511806488,0.24463967978954315,0.35145071148872375,0.07210563123226166,0.016656149178743362,0.3173532783985138,0.33369630575180054,0.7701679468154907,0.05650123208761215,0.8618828654289246,0.19683007895946503,0.16392509639263153,0.8721646666526794,0.5707002282142639,0.0
1,0.18680928647518158,0.18407514691352844,0.21688823401927948,0.5895531177520752,1.1604948043823242,0.6177729964256287,0.26071658730506897,0.9364489316940308,0.7534393668174744,0.4744556248188019,0.1904301941394806,0.6065455079078674,0.0,0.9170409440994263,0.0,0.05609565228223801,0.43072324991226196,0.8408048152923584,0.6414587497711182,0.0,0.011060955002903938,0.6381707191467285,0.0,0.2583070993423462,0.02935931459069252,0.6796952486038208,0.1421288251876831,0.5389444828033447,0.0161433145403862,0.09942582994699478,0.08115970343351364,0.0,0.18342512845993042,0.22152096033096313,0.29317572712898254,0.263839453458786,0.0,0.0,0.20517216622829437,0.24950231611728668,0.3527275025844574,0.16639453172683716,0.02529328502714634,0.10291591286659241,0.26931366324424744,0.13013802468776703,0.525617778301239,0.002915913937613368,0.4432092607021332,0.2826394736766815,0.43807920813560486,0.22751232981681824,0.3621678948402405,0.2151193916797638,0.03452529385685921,0.553672730922699,0.2779069244861603,0.46293318271636963,0.0,0.7726892232894897,0.11012008041143417,0.0,0.4448446035385132,0.0,0.545771598815918,0.14949290454387665,0.14487580955028534,0.07952570915222168,0.13962528109550476,0.30578047037124634,0.3066629469394684,0.04676161706447601,0.6691291332244873,1.2179667949676514,0.46322038769721985,0.5479493737220764,0.4598032534122467,0.03420563042163849,0.348685085773468,0.060305580496788025,0.2734464108943939,0.09047593176364899,0.02418678067624569,0.34423157572746277,0.0,1.107682704925537,0.0,0.0004989567678421736,0.14767926931381226,0.30842116475105286,0.6138937473297119,0.09888523817062378,0.37145888805389404,0.03157458081841469,0.12284199148416519,0.19488149881362915,0.07015357911586761,0.004752639215439558,0.091330386698246,0.0968363881111145,0.07934524118900299,0.673595130443573,0.26394665241241455,0.5107706785202026,0.42138734459877014,0.44272029399871826,0.2774119973182678,0.09102675318717957,0.4531989097595215,0.258151650428772,0.0,0.37431252002716064,0.6288663744926453,0.19403666257858276,0.005567786283791065,0.4908693730831146,0.0,0.0,0.18083049356937408,0.33189910650253296,0.5050962567329407,0.05884767323732376,0.4853884279727936,0.2534072995185852,0.1644541174173355,0.7904784679412842,0.0,0.0
0,1.9693862199783325,0.7787267565727234,0.5355525016784668,0.5581725835800171,2.085129737854004,0.0,0.8663601279258728,1.3279579877853394,0.0023853806778788567,1.278438687324524,1.137871265411377,0.0,0.0,0.08834084868431091,0.0,0.06594004482030869,0.40364906191825867,1.731968641281128,1.3270264863967896,0.0,0.14551497995853424,0.7958640456199646,0.0,1.4625929594039917,0.0,0.05083990469574928,0.0,0.2725430727005005,0.37555181980133057,0.6631599068641663,0.8536664843559265,0.0,1.737707257270813,0.0,0.3170729875564575,0.6827545762062073,0.0,0.0,0.11912509799003601,1.5311789512634277,1.8795613050460815,0.5929725766181946,0.5693725943565369,0.773451030254364,0.5950249433517456,0.0,0.0921507328748703,0.0,0.9110373854637146,0.743175745010376,1.2533360719680786,0.0,0.0,0.0,0.0,0.0,0.05688736215233803,1.0200469493865967,0.0,0.6014829277992249,0.0,0.0,0.10174883157014847,1.0120625495910645,0.004383091349154711,1.8180904388427734,1.312954068183899,1.3334673643112183,0.0,0.2327703982591629,0.0,0.0,1.5260246992111206,0.12490452080965042,0.20718158781528473,0.0,0.06574773043394089,0.013580303639173508,0.9094032049179077,0.0,0.0,0.8221372365951538,0.0,0.28296616673469543,0.01965525560081005,0.23587870597839355,0.0,0.002101941965520382,0.0,0.5117467641830444,1.0666418075561523,0.0,0.5631018877029419,0.0,1.0358868837356567,0.14211462438106537,0.992504894733429,0.0,0.899905800819397,0.9517269730567932,0.0,1.2959834337234497,0.0,0.0,1.2393009662628174,0.879317045211792,0.13186869025230408,1.7161015272140503,0.15625642240047455,0.021558662876486778,0.0,0.0,0.5619350075721741,0.7354938387870789,0.011404046788811684,1.4316048622131348,0.0,0.0,0.0,0.010725308209657669,0.1983352154493332,1.1670608520507812,0.0,1.490454912185669,0.20339876413345337,0.321443110704422,0.0,0.34468671679496765
1,0.01787365972995758,0.1582428216934204,0.10993141680955887,0.3809930980205536,1.0457137823104858,0.51227205991745,0.14192424714565277,0.3078135550022125,1.0658175945281982,0.26477476954460144,0.17954067885875702,0.21456708014011383,0.03663157671689987,0.5735284686088562,0.0,0.07117369025945663,0.4828536808490753,0.373445600271225,0.28013932704925537,0.10277272760868073,0.004085454158484936,0.44880786538124084,0.0172022245824337,0.12982651591300964,0.31201839447021484,0.5558528900146484,0.3649578392505646,0.36666175723075867,0.00493098609149456,0.07490387558937073,0.006490552332252264,0.007164632901549339,0.11064956337213516,0.4854736924171448,0.1804179549217224,0.1595603972673416,0.00969824381172657,0.134649857878685,0.5669673085212708,0.04088085517287254,0.24558085203170776,0.17915956676006317,0.056812845170497894,0.05587022006511688,0.47952139377593994,0.43853071331977844,0.15881992876529694,0.28772807121276855,0.1957336664199829,0.1775367707014084,0.3788076341152191,0.487556517124176,0.40385687351226807,0.07228227704763412,0.251813679933548,0.8891380429267883,0.5787112712860107,0.3979974687099457,0.04693569988012314,0.5459558367729187,0.24569599330425262,0.04709374159574509,0.45817506313323975,0.1330193281173706,0.7042226791381836,0.06389213353395462,0.09782417118549347,0.09126946330070496,0.39114221930503845,0.3984670639038086,0.5516214370727539,0.3276078701019287,0.4453637897968292,0.8617016673088074,0.2635558843612671,0.5732779502868652,0.5188882350921631,0.0404181107878685,0.35063865780830383,0.4413556456565857,0.5379441976547241,0.0192039106041193,0.18333353102207184,0.30686020851135254,0.00018016161629930139,1.2806141376495361,0.24954593181610107,0.0044415355660021305,0.6189802289009094,0.4626254439353943,0.2909714877605438,0.15851211547851562,0.31915855407714844,0.3279911279678345,0.21125474572181702,0.258995920419693,0.04048392176628113,0.03833119943737984,0.02306545525789261,0.1171533465385437,0.3352349102497101,0.6245441436767578,0.44176241755485535,0.6257293820381165,0.25783076882362366,0.3851450979709625,0.3228558599948883,0.211319699883461,0.6514976620674133,0.30030542612075806,0.06095466390252113,0.5297427773475647,0.7049036622047424,0.27273282408714294,0.21162675321102142,0.35659104585647583,0.14331652224063873,0.03679446876049042,0.22608797252178192,0.128402978181839,0.4414620101451874,0.0718115046620369,0.6585416793823242,0.2935130000114441,0.20376726984977722,0.9562144875526428,0.7038002610206604,0.0418703630566597
0,0.7286593317985535,0.9827178120613098,0.671242892742157,0.3643740117549896,1.4496004581451416,0.1391819417476654,0.9292165040969849,1.41465425491333,0.08011950552463531,0.8969724774360657,0.7587332129478455,0.1949654221534729,0.0,0.3093363046646118,0.0,0.03307275101542473,0.2870434820652008,1.3168865442276,1.1577218770980835,0.0,0.29755184054374695,1.004776954650879,0.0,0.7693864107131958,0.05327748507261276,0.37463313341140747,0.012253986671566963,0.37710243463516235,0.5208701491355896,0.7968819737434387,0.8500282168388367,0.0,1.1623669862747192,0.1254098117351532,0.2812008261680603,0.7274802327156067,0.0,0.0,0.269998162984848,1.3530336618423462,1.2791751623153687,1.022413969039917,0.044407110661268234,0.7636270523071289,0.6022183895111084,0.0,0.44914090633392334,0.0,1.1016241312026978,0.8246766328811646,1.4423766136169434,0.04013431817293167,0.28555628657341003,0.10660719871520996,0.0,0.10455112159252167,0.05845385417342186,1.1704059839248657,0.0,1.3778138160705566,0.022611204534769058,0.0,0.29657772183418274,0.18130192160606384,0.37796735763549805,0.771507978439331,1.1212695837020874,0.907447874546051,0.0,0.26014626026153564,0.18394620716571808,0.03743325546383858,1.5453531742095947,0.791628897190094,0.20461292564868927,0.06083264201879501,0.14224041998386383,0.022156808525323868,1.065243124961853,0.011976895853877068,0.06696062535047531,0.6577478647232056,0.0,0.18040558695793152,0.0,1.1290760040283203,0.0,0.0138785345479846,0.17832274734973907,0.8202559351921082,1.0516127347946167,0.05378054082393646,0.32475540041923523,0.0,0.8138125538825989,0.18116521835327148,0.7830737829208374,0.0,1.1305030584335327,0.8476551175117493,0.01690656691789627,0.8462349772453308,0.13083429634571075,0.2153797298669815,1.3174998760223389,0.957800030708313,0.1543605923652649,0.9505663514137268,0.12933920323848724,0.034457121044397354,0.0,0.05887070670723915,0.8416841626167297,0.5376161336898804,0.0031584836542606354,0.978813111782074,0.0,0.0,0.011518492363393307,0.2222670018672943,0.29742464423179626,0.45448818802833557,0.24991708993911743,0.7828658223152161,0.17837709188461304,1.1513727903366089,0.0,0.04467230290174484
0,0.34886524081230164,0.24134419858455658,0.49288085103034973,0.34674403071403503,1.6654460430145264,0.6442362070083618,0.6272080540657043,1.3110922574996948,1.253389596939087,0.7002643346786499,0.15753889083862305,0.6074333786964417,0.0,0.8280826807022095,0.0,0.03818153589963913,0.30851200222969055,0.7717322707176208,0.9457072019577026,0.0,0.00597104849293828,0.44394394755363464,0.0,0.5918950438499451,0.02242523618042469,0.4823618233203888,0.12619902193546295,0.3428298830986023,0.17501090466976166,0.149917334318161,0.05841841176152229,0.0,0.16684940457344055,0.16096584498882294,0.15960976481437683,0.16948795318603516,0.0,0.0,0.45221030712127686,0.5016883611679077,0.2921631336212158,0.3481139540672302,0.024102123454213142,0.37467142939567566,0.5833443403244019,0.1680554300546646,0.5394670963287354,0.004427178762853146,0.7841142416000366,0.7071627974510193,0.47997602820396423,0.17795990407466888,0.2115159034729004,0.15952469408512115,0.03138548880815506,0.7659645080566406,0.19551564753055573,0.743777334690094,0.0,1.0233291387557983,0.08443236351013184,0.0,0.3434920012950897,0.0,0.5527233481407166,0.08191445469856262,0.49544671177864075,0.10208281129598618,0.13039442896842957,0.21932333707809448,0.24603578448295593,0.010278387926518917,0.6310380697250366,1.23433256149292,0.28328078985214233,0.5927194356918335,0.2813953161239624,0.016775356605648994,0.9078730344772339,0.04463781788945198,0.16497427225112915,0.2714190185070038,0.030917424708604813,0.23341399431228638,0.0,1.4516541957855225,0.0,0.0,0.062107689678668976,0.6869706511497498,0.6719052195549011,0.055512066930532455,0.2404523640871048,0.042794130742549896,0.3980509042739868,0.15846146643161774,0.049356184899806976,0.014799226075410843,0.2677643597126007,0.29350948333740234,0.03329060971736908,0.9420789480209351,0.1267532855272293,0.3707417845726013,0.600240170955658,0.7532317042350769,0.2073623239994049,0.16553713381290436,0.36548811197280884,0.42242738604545593,0.0,0.29684892296791077,0.426770955324173,0.5208257436752319,0.006664146203547716,1.008086085319519,0.0,0.0,0.29488804936408997,0.2625772953033447,0.640840470790863,0.08871416747570038,0.4301832914352417,0.19292579591274261,0.11979138851165771,1.2649481296539307,0.0,0.0
0,0.8067628145217896,1.0317820310592651,0.5318436026573181,0.44374728202819824,1.417215347290039,0.19133113324642181,0.7531607747077942,1.2655726671218872,0.005091709550470114,1.0925785303115845,0.9799731373786926,0.24245993793010712,0.0,0.478989839553833,0.0,0.035454269498586655,0.29962295293807983,1.4145548343658447,1.4962928295135498,0.003083396004512906,0.3195009231567383,1.354812502861023,0.0,0.8840680718421936,0.059825267642736435,0.5123342871665955,0.03408591076731682,0.3142337501049042,0.537100613117218,1.1327004432678223,1.1120413541793823,0.0,1.1931921243667603,0.1641824096441269,0.31120893359184265,0.7873820662498474,0.0,0.0006446067127399147,0.4521002769470215,1.3845751285552979,1.3296459913253784,1.2944726943969727,0.02873953804373741,0.8925041556358337,0.5772315263748169,0.0,0.40047186613082886,0.0,1.2614825963974,0.754766047000885,1.6226627826690674,0.0912453904747963,0.4082914888858795,0.17563192546367645,0.0,0.0071188886649906635,0.2240745574235916,1.2575455904006958,0.0,1.4551407098770142,0.10918436199426651,0.0,0.5047845840454102,0.34615734219551086,0.34978151321411133,1.102774739265442,0.9663810133934021,1.476213812828064,0.0,0.19891607761383057,0.27821677923202515,0.13018560409545898,1.679308533668518,0.9708458781242371,0.21912623941898346,0.18775701522827148,0.1604907363653183,0.06774115562438965,0.9607654213905334,0.0036159404553472996,0.24291184544563293,0.5878809690475464,0.0,0.21019288897514343,0.0,1.3576595783233643,0.0,0.005367383826524019,0.1621047705411911,0.639999270439148,1.10148024559021,0.11127480119466782,0.305746853351593,0.0,0.97391277551651,0.15422677993774414,1.0186468362808228,0.024259021505713463,1.0542271137237549,0.9454153180122375,0.0504467748105526,0.6596779823303223,0.17459546029567719,0.2839433550834656,1.5913231372833252,1.0063440799713135,0.12855710089206696,1.2479631900787354,0.11533848941326141,0.014154096134006977,0.0,0.14183984696865082,0.9004613757133484,0.5927903056144714,0.006188146770000458,0.8405467867851257,0.0,0.0,0.0015620571793988347,0.2034386396408081,0.3445034623146057,0.4937036335468292,0.1919802576303482,0.8819206953048706,0.1337198168039322,1.0880744457244873,0.0,0.02561412937939167
0,0.6543818116188049,0.47064656019210815,0.38155892491340637,0.8769716620445251,0.5493288040161133,0.2364749014377594,0.02001105435192585,0.589590311050415,0.012568533420562744,0.3175387978553772,0.3324129283428192,0.08727867156267166,0.0,0.4941316843032837,0.0,0.025098245590925217,0.46696415543556213,1.3248047828674316,0.197722926735878,0.0,0.677177906036377,1.1734415292739868,0.0,0.09026318788528442,0.0,0.8764328360557556,0.0,0.45889127254486084,0.31609052419662476,0.3793305456638336,0.8194944262504578,0.0,0.7104775905609131,0.1332235336303711,0.4035039246082306,0.8864458203315735,0.0,0.0,0.11904117465019226,0.3021589517593384,1.0870112180709839,0.3391833007335663,0.06017336994409561,0.3572308421134949,0.06619725376367569,0.0,0.3245335519313812,0.0,0.625626266002655,0.17054007947444916,0.5003299713134766,0.06527631729841232,0.3184911906719208,0.21658764779567719,0.0,0.018101410940289497,0.28646937012672424,0.21864205598831177,0.0,0.29266220331192017,0.01821649633347988,0.0,0.7046678066253662,0.15397049486637115,0.4989219903945923,0.7710646986961365,0.3134481906890869,0.34377244114875793,0.0,0.4680035412311554,0.1006525307893753,0.13329868018627167,1.1861581802368164,1.2997208833694458,0.16895513236522675,0.012790247797966003,0.27812206745147705,0.009188623167574406,0.14347757399082184,0.0,0.0,0.27476581931114197,0.0,0.26301464438438416,0.0,0.9542520642280579,0.0,0.0,0.1031656563282013,0.08617091178894043,0.9190953969955444,0.0,0.5084778666496277,0.0,0.12312114238739014,0.3339184522628784,0.6954658031463623,0.0,0.4693634808063507,0.057057738304138184,0.030880562961101532,0.6293229460716248,0.15382800996303558,0.2572179138660431,0.43436670303344727,0.641234815120697,0.21536515653133392,0.5399922132492065,0.19556337594985962,0.003981578629463911,0.0,0.0,1.4445315599441528,0.04694223776459694,0.0035076262429356575,0.7833399176597595,0.0,0.0,0.0,0.404678076505661,0.7296243906021118,0.183147132396698,0.09927380084991455,0.8678001761436462,0.23850379884243011,0.43925949931144714,0.0,0.15763746201992035
1,0.19129806756973267,0.1367901861667633,0.10941026359796524,0.5107759237289429,0.24048013985157013,1.3151171207427979,0.12188331037759781,0.5536235570907593,0.006439732853323221,0.14568576216697693,0.15903764963150024,0.6996825933456421,0.5708728432655334,1.4007813930511475,0.0,0.790472149848938,0.3854186236858368,0.8263249397277832,0.05141635984182358,0.0,0.3611975312232971,0.4990096986293793,0.10099178552627563,0.08064925670623779,0.02159780263900757,1.0421510934829712,0.5880002379417419,1.138676404953003,0.10460641235113144,0.08119243383407593,0.14340360462665558,0.3420194089412689,0.48601779341697693,0.8171383738517761,0.9207395315170288,0.4511258006095886,0.0,0.0,0.08204484730958939,0.18102975189685822,0.4305002689361572,0.07030914723873138,0.037045445293188095,0.03141072019934654,0.0,0.0,0.4713371694087982,0.0,0.12740643322467804,0.05446568876504898,0.3113345503807068,0.2072800099849701,0.6628321409225464,0.8337932825088501,0.0,0.4073548913002014,0.2639221251010895,0.21019712090492249,0.0,0.18438692390918732,0.5113807320594788,0.0,0.4868963360786438,0.0,0.7039580941200256,0.2676485478878021,0.0055233812890946865,0.13442623615264893,0.08752609044313431,0.268108069896698,0.2403726577758789,0.6959136724472046,0.545379638671875,1.803375482559204,0.8610719442367554,0.16982832551002502,0.44120723009109497,0.06467671692371368,0.0406358428299427,0.10165350139141083,0.11792638152837753,0.015440260991454124,0.15386556088924408,0.28919336199760437,0.0,0.19589176774024963,0.0,0.01768406108021736,0.3668394684791565,1.2604091167449951,0.25079986453056335,0.5509653091430664,0.31980371475219727,0.0,0.06746204942464828,0.4612850248813629,0.08609718084335327,0.01596626453101635,0.11489950120449066,0.05289174243807793,0.13201750814914703,0.7155210971832275,0.9612280130386353,1.037655234336853,0.17103369534015656,0.18130216002464294,0.4422839283943176,0.07626302540302277,0.18048140406608582,0.709016740322113,0.0,0.09430072456598282,1.405300498008728,0.0,0.041259776800870895,0.06881013512611389,0.0,0.2137114554643631,0.14648377895355225,0.3936350345611572,0.8584917187690735,0.04859378933906555,0.2985038161277771,0.24699799716472626,0.16116032004356384,0.22386591136455536,0.19851799309253693,0.0
1,0.2553555965423584,0.32461145520210266,0.2075851708650589,0.3135487139225006,1.2560018301010132,0.2861264944076538,0.3961741626262665,0.5067636966705322,1.2016173601150513,0.44776082038879395,0.1336669921875,0.18429410457611084,0.056672729551792145,0.5471345782279968,0.0,0.02919762209057808,0.28991222381591797,0.50247722864151,0.5362967252731323,0.14925552904605865,0.003473676508292556,0.5365599393844604,0.05210712179541588,0.45687466859817505,0.29204311966896057,0.4769645035266876,0.2516932785511017,0.2028193175792694,0.06598144769668579,0.057963140308856964,0.01193972397595644,0.0,0.16672734916210175,0.43035775423049927,0.11019845306873322,0.09361720085144043,0.0,0.18381334841251373,0.735877513885498,0.2718925178050995,0.21791377663612366,0.38073045015335083,0.018038107082247734,0.16407091915607452,0.6203758716583252,0.45325738191604614,0.19430223107337952,0.245086669921875,0.44863635301589966,0.5153297185897827,0.3746485114097595,0.4900986850261688,0.47554028034210205,0.1464138776063919,0.30494675040245056,0.6991611123085022,0.481067419052124,0.3229672908782959,0.001881128060631454,0.6510259509086609,0.2109864205121994,0.026140987873077393,0.5421379804611206,0.12102057039737701,0.5637604594230652,0.08163770288228989,0.451270192861557,0.21341893076896667,0.30220964550971985,0.23017266392707825,0.4275399148464203,0.17986081540584564,0.47725600004196167,1.3600717782974243,0.15348383784294128,0.6655125617980957,0.48812490701675415,0.0063216807320714,0.7239270210266113,0.35117825865745544,0.5878297686576843,0.20825207233428955,0.12387773394584656,0.1950448602437973,0.0,1.6081589460372925,0.32144954800605774,0.0,0.8214556574821472,0.5694332122802734,0.35596129298210144,0.21023772656917572,0.20082056522369385,0.28453952074050903,0.3973371386528015,0.19205152988433838,0.07879196107387543,0.054193105548620224,0.1125003919005394,0.10716826468706131,0.3240784704685211,0.8358815908432007,0.4974808990955353,0.7722284197807312,0.5010849833488464,0.449294775724411,0.19287432730197906,0.4492228031158447,0.26317429542541504,0.1942039132118225,0.007031633984297514,0.6612837314605713,0.738381028175354,0.4365491569042206,0.06287913024425507,0.7292333245277405,0.133697971701622,0.10850376635789871,0.21006309986114502,0.08446682244539261,0.4064004123210907,0.23920796811580658,0.41720050573349,0.3052300810813904,0.09369947761297226,1.017549991607666,0.6028555631637573,0.06524140387773514
0,1.159253478050232,0.8963569402694702,0.9022139310836792,0.6200550198554993,1.1351182460784912,0.0,0.9262502789497375,1.0304102897644043,0.015583899803459644,1.4612027406692505,0.31747299432754517,0.0,0.0,0.0,0.0,0.05816527456045151,0.3906192183494568,1.4141051769256592,1.0538221597671509,0.0,0.07460872828960419,0.6919771432876587,0.0,1.090828776359558,0.0,0.07056434452533722,0.0,0.20480847358703613,0.3056070804595947,0.5946434736251831,0.3737395107746124,0.0,1.5421292781829834,0.0,0.11955621093511581,0.6724514961242676,0.0,0.0,0.9611708521842957,1.088517427444458,1.1025887727737427,0.703269362449646,0.0,0.8130513429641724,0.5109524130821228,0.0,0.34685802459716797,0.0,0.6956872940063477,0.6124956011772156,1.6178295612335205,0.0,0.0,0.0001369852398056537,0.0,0.0,0.046184830367565155,0.6056506633758545,0.0,1.349202036857605,0.0,0.036339033395051956,0.10867881774902344,0.21304380893707275,0.16658003628253937,0.8734097480773926,0.997017502784729,1.0649936199188232,0.0,0.30628544092178345,0.0,0.0,0.7233716249465942,0.15962304174900055,0.4966079294681549,0.0,0.2273872196674347,0.03383558616042137,1.1604622602462769,0.0,0.0,0.9116290211677551,0.0,0.2701924443244934,0.0,0.7466913461685181,0.0,0.0,0.04239538684487343,0.3316640257835388,0.6484596133232117,0.0,0.5930050015449524,0.0,1.2570935487747192,0.10419037193059921,0.7465033531188965,0.0,0.7495301365852356,0.5226817727088928,0.0,1.0354282855987549,0.0,0.002872597426176071,0.6342226266860962,0.7887634038925171,0.12710456550121307,1.0942765474319458,0.1461496651172638,0.0,0.0,0.0,0.8195348978042603,0.586588978767395,0.020473845303058624,0.9496847987174988,0.0,0.0,0.0,0.07522720098495483,0.0,0.15261714160442352,0.005423889495432377,0.9321578145027161,0.15941640734672546,1.418216347694397,0.0,0.5415834784507751
1,0.7218201756477356,0.18882742524147034,0.6920528411865234,1.220430612564087,0.5442570447921753,0.086489237844944,0.3254688084125519,0.7554922103881836,0.016772685572504997,0.7513942122459412,0.22636426985263824,0.19948475062847137,0.0,0.32423684000968933,0.0,0.08002392202615738,0.46606966853141785,1.1136263608932495,0.0995040312409401,0.0,1.125304937362671,0.9780651926994324,0.0,0.04811463877558708,0.09517579525709152,0.24195948243141174,0.018867414444684982,0.3864128291606903,0.49666351079940796,0.8065509796142578,0.2932825982570648,0.0,0.650790274143219,0.21181312203407288,0.5223454236984253,0.7017585039138794,0.0,0.0,0.39012643694877625,0.29459911584854126,0.6865434646606445,0.6276158094406128,0.7107924818992615,0.3477437198162079,0.12159723788499832,0.0,1.3365172147750854,0.0,0.5516419410705566,0.4405681788921356,0.7210571765899658,0.04395307973027229,0.30978310108184814,0.21492907404899597,0.010921037755906582,0.02550201490521431,0.3508898913860321,0.04082989692687988,0.0,0.621927797794342,0.029424455016851425,0.0,0.7865346074104309,0.35558608174324036,0.32191339135169983,0.7801068425178528,0.3757074475288391,0.7719870805740356,0.0,0.4549953043460846,0.2800487279891968,0.06222695857286453,0.8256056308746338,0.7277308106422424,0.29254111647605896,0.14752036333084106,0.21528738737106323,0.03550291806459427,0.012075240723788738,0.035467106848955154,0.12775291502475739,0.7157230973243713,0.0,0.2695428729057312,0.0,0.9935294389724731,0.034952253103256226,0.025429468601942062,0.42126601934432983,0.05833440274000168,1.667704701423645,0.0907115489244461,0.31394723057746887,0.0,0.04125633463263512,0.27032873034477234,0.7481448650360107,0.008610060438513756,0.4296654164791107,0.016776613891124725,0.04754305258393288,1.0247361660003662,0.16649341583251953,0.35794591903686523,0.25854966044425964,0.3446880578994751,0.2749941051006317,0.4540766477584839,0.2167154997587204,0.10171135514974594,0.0,0.08280818909406662,1.257257342338562,0.31240272521972656,0.00555532518774271,0.6915560960769653,0.0,0.06370732933282852,0.018750539049506187,0.22992032766342163,0.10943365842103958,0.4280441403388977,0.1186680793762207,0.1352623999118805,0.4621308445930481,0.5796170830726624,0.0,0.922788679599762
0,1.3677024841308594,0.8507466316223145,2.244986057281494,1.7552703619003296,0.946100652217865,0.0,1.4425811767578125,1.424247145652771,0.13341526687145233,1.9727277755737305,0.9638811945915222,0.0,0.04375050961971283,0.0,0.0,0.011869850568473339,0.5402750372886658,1.875589370727539,0.2808447778224945,0.0,2.6562387943267822,0.2554548680782318,0.0,0.7955765724182129,0.0,0.0,0.0,0.1669234037399292,1.5162510871887207,2.388908624649048,1.5264307260513306,0.0,1.8373535871505737,0.016750860959291458,0.22636717557907104,0.9439430236816406,0.0,0.0,1.1056286096572876,0.7780855298042297,1.0851300954818726,1.7672820091247559,2.5163204669952393,1.4811382293701172,1.316604733467102,0.0,2.7143821716308594,0.0,1.698859691619873,1.5025334358215332,1.3210716247558594,0.0,0.0,0.0,0.0,0.0,0.43216970562934875,0.28763216733932495,0.0,1.7070034742355347,0.0,0.0,1.1843816041946411,1.3199416399002075,0.6794520020484924,1.943526268005371,1.15382981300354,2.3400275707244873,0.0,0.2957620322704315,0.005375582259148359,0.005861507263034582,1.0804589986801147,0.4124561846256256,0.07328469306230545,0.0,0.055026520043611526,0.034335315227508545,0.43867552280426025,0.0,0.0,1.7224668264389038,0.0,0.16585727035999298,0.0,2.0036814212799072,0.037684936076402664,0.0,0.0,0.08736535161733627,3.6228268146514893,0.0,0.3659891188144684,0.0,0.5215493440628052,0.1910739541053772,2.221709966659546,0.0,1.3205534219741821,0.44593510031700134,0.0,1.9316891431808472,0.0,0.0,0.9121567606925964,1.3892111778259277,0.13703246414661407,1.1572061777114868,0.19368934631347656,0.07554533332586288,0.0,0.0,0.3775474727153778,1.3111790418624878,0.0,1.50714111328125,0.0,0.16242824494838715,0.0,0.0,0.00413704477250576,1.379811406135559,0.0,0.17152555286884308,0.9954099655151367,1.2543582916259766,0.0,1.975435733795166
1,0.030927693471312523,0.11575735360383987,0.10895182937383652,0.1271001100540161,1.1083658933639526,0.8088313341140747,0.20267458260059357,0.3590184450149536,2.295551061630249,0.28009846806526184,0.07128093391656876,0.09684858471155167,0.3519163131713867,0.5732405781745911,0.0,0.03716687485575676,0.2332400232553482,0.20072835683822632,0.30192819237709045,0.3382032811641693,0.0,0.13445474207401276,0.16389143466949463,0.15465830266475677,0.5785102248191833,0.4525156319141388,0.6644811630249023,0.1573696732521057,0.0227301474660635,0.009986137971282005,0.0,0.12829075753688812,0.05009420961141586,0.6301166415214539,0.08256742358207703,0.05451477691531181,0.05558982118964195,0.25524193048477173,0.8491346836090088,0.09532000869512558,0.0918525829911232,0.13586099445819855,0.07271086424589157,0.09584353119134903,1.0219916105270386,0.7355990409851074,0.15851682424545288,0.5663047432899475,0.3190038502216339,0.47306549549102783,0.1960856020450592,0.5706204771995544,0.07197947800159454,0.018289975821971893,0.47553494572639465,1.2484791278839111,0.2216208130121231,0.3684097230434418,0.009477982297539711,0.6016095876693726,0.2517932057380676,0.0831364095211029,0.5142689347267151,0.055812813341617584,0.939704954624176,0.0066214255057275295,0.14926546812057495,0.22303953766822815,0.8508737683296204,0.22245310246944427,0.9932229518890381,0.3823390305042267,0.1484338343143463,0.5124186873435974,0.1414121687412262,0.5986229777336121,0.508213460445404,0.08905299752950668,0.5964851975440979,0.7843966484069824,0.42937520146369934,0.034757498651742935,0.6678507328033447,0.12153536081314087,0.0,1.918169379234314,0.4531172513961792,0.00523355882614851,0.8405834436416626,0.5417857766151428,0.2026163637638092,0.16095848381519318,0.12539301812648773,0.7281836867332458,0.3883781433105469,0.12509506940841675,0.006562730763107538,0.020508253946900368,0.051487699151039124,0.06772207468748093,0.6158157587051392,0.7778692841529846,0.6621766686439514,0.5294547080993652,0.12596812844276428,0.42115840315818787,0.1685662716627121,0.08109961450099945,0.5723153948783875,0.7631805539131165,0.45193004608154297,0.6031093001365662,0.6180386543273926,0.6252837181091309,0.29673266410827637,0.49329978227615356,0.3142199218273163,0.35027846693992615,0.7335441708564758,0.01760598085820675,0.399882972240448,0.033259470015764236,0.8081920742988586,0.12971031665802002,0.09994811564683914,1.3671493530273438,1.1466144323349,0.18767563998699188
1,0.2935737073421478,0.4452661871910095,0.2728811502456665,0.14426210522651672,1.4930131435394287,0.5550898909568787,0.5449846386909485,0.5494210720062256,1.653194785118103,0.517996609210968,0.3284676969051361,0.13990023732185364,0.09645970165729523,0.5512955188751221,0.0,0.038234077394008636,0.2593609392642975,0.3727038502693176,0.5879226326942444,0.11650247871875763,0.0,0.25143861770629883,0.04069996997714043,0.5626543760299683,0.30165794491767883,0.35655346512794495,0.42858177423477173,0.14035268127918243,0.2381899654865265,0.2551734447479248,0.16553568840026855,0.025648334994912148,0.33540967106819153,0.42415720224380493,0.04613061249256134,0.09497938305139542,0.004708751104772091,0.2123742550611496,0.8185803294181824,0.45824700593948364,0.4411678910255432,0.5014574527740479,0.016490066424012184,0.3391343355178833,0.8315653800964355,0.6235886812210083,0.17563435435295105,0.3483045995235443,0.5598281621932983,0.5608614087104797,0.5279642343521118,0.4576534628868103,0.1591631919145584,0.004686609376221895,0.315716952085495,0.9785282015800476,0.34388989210128784,0.71059250831604,0.0009620323544368148,0.8310308456420898,0.20314541459083557,0.022974876686930656,0.39432889223098755,0.14997366070747375,0.5679610371589661,0.19228495657444,0.49423733353614807,0.4542933404445648,0.5919374227523804,0.2302844226360321,0.6769027709960938,0.28291332721710205,0.44140252470970154,0.5179425477981567,0.1112603172659874,0.5438712239265442,0.35803064703941345,0.058146633207798004,0.877009391784668,0.5491074919700623,0.46573764085769653,0.22206933796405792,0.3721436858177185,0.13172253966331482,0.0033857692033052444,1.6460638046264648,0.38068196177482605,0.0035036758054047823,0.6150738000869751,0.6050376296043396,0.4311373829841614,0.13786044716835022,0.16662351787090302,0.5530351400375366,0.676018238067627,0.1108878031373024,0.2222593128681183,0.03793960437178612,0.29025113582611084,0.34419265389442444,0.38839203119277954,0.7426785230636597,0.5549092292785645,0.5010782480239868,0.49218353629112244,0.6995296478271484,0.19133321940898895,0.5497449636459351,0.4538884162902832,0.49852409958839417,0.16352903842926025,0.5381054282188416,0.520772397518158,0.6585573554039001,0.2512364685535431,0.6846132874488831,0.15719816088676453,0.16591309010982513,0.38739728927612305,0.03461163863539696,0.2807581126689911,0.3680810034275055,0.6184657216072083,0.3130672872066498,0.11195261776447296,1.4483972787857056,0.767148494720459,0.1031041294336319
0,0.7310677170753479,0.7951399683952332,0.49158719182014465,0.2778221666812897,1.6826272010803223,0.0026589184999465942,0.8441804051399231,0.783008873462677,0.10411907732486725,0.5509161353111267,0.691990852355957,0.1414497196674347,0.0,0.20528268814086914,0.0,0.0588216558098793,0.37077394127845764,1.0594438314437866,1.1759765148162842,0.0,0.34912317991256714,0.7486876249313354,0.0,0.740696370601654,0.10121966898441315,0.3581918179988861,0.0,0.20034432411193848,0.43393582105636597,0.5731059312820435,0.7327788472175598,0.0,0.5790495276451111,0.014966114424169064,0.18377932906150818,0.7715476751327515,0.007244232576340437,0.0,0.11516697704792023,0.6697709560394287,0.9517421722412109,0.9729822874069214,0.08360794186592102,0.43977928161621094,0.3474312424659729,0.014778816141188145,0.3335645794868469,0.0,0.9826287627220154,0.6139636635780334,1.4417794942855835,0.0,0.21976059675216675,0.08744236081838608,0.0,0.04593736678361893,0.04105701670050621,1.4246540069580078,0.0,0.9089186787605286,0.004735074006021023,0.002017221413552761,0.38183099031448364,0.03720574826002121,0.24827709794044495,0.28789520263671875,0.9611219167709351,0.714483916759491,0.0,0.24119554460048676,0.16045254468917847,0.0,1.177004098892212,0.7354696989059448,0.19749689102172852,0.10932689160108566,0.09559932351112366,0.01758469268679619,0.9516277313232422,0.0005585031467489898,0.1686975657939911,0.619621217250824,0.0,0.19562329351902008,0.0,1.3244961500167847,0.0,0.0030402406118810177,0.19268901646137238,0.4589938521385193,0.708873987197876,0.005076655186712742,0.32509878277778625,0.0,0.6178869009017944,0.10352243483066559,0.4755663275718689,0.0,0.7613171935081482,0.6964197158813477,0.0,0.5214412808418274,0.1168002188205719,0.14660528302192688,1.2482097148895264,0.8129453063011169,0.12430839985609055,1.0987262725830078,0.11203108727931976,0.011651844717562199,0.0,0.024647412821650505,0.8330193161964417,0.36836057901382446,0.006150841247290373,0.9187306761741638,0.0,0.0,0.009807785972952843,0.09895671159029007,0.14771361649036407,0.6149049401283264,0.14164945483207703,0.7268242239952087,0.16928015649318695,1.3995540142059326,0.005910106003284454,0.17281189560890198
0,0.989313542842865,0.22492434084415436,0.7201055884361267,1.192798376083374,0.4486648142337799,0.15590634942054749,0.32617729902267456,0.6178821921348572,0.00548337958753109,0.8643046021461487,0.3331592381000519,0.2390642762184143,0.0,0.41955676674842834,0.0,0.038181520998477936,0.39272505044937134,1.3780708312988281,0.08498939871788025,0.0,1.1846004724502563,0.8421593904495239,0.0,0.11833205819129944,0.011026015505194664,0.3943304419517517,0.014592638239264488,0.41645142436027527,0.5702865123748779,0.935506284236908,0.7017414569854736,0.0,0.7242552042007446,0.17897605895996094,0.3132905960083008,0.8661642670631409,0.0,0.0,0.3838924169540405,0.29528215527534485,0.9209744334220886,0.7290772199630737,1.0137698650360107,0.46177932620048523,0.14889605343341827,0.0,1.3114153146743774,0.0,0.8352509140968323,0.47555726766586304,0.7043954133987427,0.05210026726126671,0.33600857853889465,0.18047088384628296,0.0,0.04802003130316734,0.35453861951828003,0.1372002363204956,0.0,0.659972608089447,0.04928876832127571,0.0,0.8089929223060608,0.31788304448127747,0.4622745215892792,0.8418646454811096,0.36332380771636963,0.8201779723167419,0.0,0.3483548164367676,0.09761694818735123,0.09703899919986725,0.9772024750709534,1.0884835720062256,0.27909284830093384,0.21610623598098755,0.25893309712409973,0.06244645640254021,0.04528631642460823,0.0,0.061202242970466614,0.6932591795921326,0.0,0.2445448338985443,0.0,0.9890658855438232,0.016216520220041275,0.0036111383233219385,0.20611336827278137,0.008243485353887081,1.8505115509033203,0.14591535925865173,0.33911576867103577,0.0,0.09399330615997314,0.25104525685310364,0.7801918387413025,0.010709689930081367,0.48816102743148804,0.07069582492113113,0.03781731054186821,1.0066235065460205,0.15102235972881317,0.3278340697288513,0.2847521901130676,0.5296898484230042,0.26027730107307434,0.4752873182296753,0.12421067804098129,0.06187316030263901,0.0,0.1027972623705864,1.3301721811294556,0.2925439774990082,0.006664157845079899,0.8091301321983337,0.0,0.06564578413963318,0.0,0.4099809229373932,0.24040691554546356,0.44749516248703003,0.11918031424283981,0.2190285474061966,0.31983837485313416,0.6879177689552307,0.0,0.8630256652832031
1,0.7675281763076782,0.8618134260177612,0.6523985266685486,0.38853612542152405,2.2338435649871826,0.0701674222946167,1.17604660987854,1.4187264442443848,0.738558292388916,1.0374747514724731,0.3959317207336426,0.09833842515945435,0.0,0.41062116622924805,0.0,0.03102249838411808,0.24780899286270142,0.9409517645835876,1.2172847986221313,0.006254500709474087,0.010577629320323467,0.9416249990463257,0.0,1.0905710458755493,0.02793249487876892,0.17426550388336182,0.0266340970993042,0.22175255417823792,0.3330642282962799,0.08859681338071823,0.3408188223838806,0.0,0.6245169043540955,0.13194411993026733,0.2104426920413971,0.12677407264709473,0.0,0.002523210598155856,0.590006411075592,1.21365225315094,0.5913549661636353,0.8343667984008789,0.018949901685118675,0.5071320533752441,0.8204297423362732,0.12097504734992981,0.608377993106842,0.017370644956827164,1.370322346687317,1.1110600233078003,0.8891084790229797,0.049252137541770935,0.2007862627506256,0.32715797424316406,0.17984840273857117,0.17159710824489594,0.15223407745361328,0.6807824969291687,0.0,1.2302930355072021,0.034564223140478134,0.0,0.23267078399658203,0.0430697500705719,0.5515936613082886,0.689605176448822,0.9499577283859253,0.5966083407402039,0.0,0.17706561088562012,0.07865757495164871,0.0011199626605957747,1.055983304977417,1.3267582654953003,0.34431159496307373,0.3306137025356293,0.250882089138031,0.0038197077810764313,1.3486347198486328,0.009209910407662392,0.17633020877838135,0.6406356692314148,0.06175502389669418,0.18522287905216217,0.0,1.2924995422363281,0.044798556715250015,0.0063275680877268314,0.1872331202030182,0.6457536220550537,0.7133120894432068,0.08129452168941498,0.20434699952602386,0.0,0.726564884185791,0.15150022506713867,0.1791604608297348,0.003650696948170662,0.5882389545440674,0.7000517249107361,0.09244544804096222,1.1099728345870972,0.18089914321899414,0.32147693634033203,1.1932268142700195,0.7934747338294983,0.12183532118797302,0.8484838008880615,0.12148462235927582,0.17802396416664124,0.0,0.1595536172389984,0.4661790430545807,0.5505347847938538,0.005414608400315046,1.0685720443725586,0.002568070078268647,0.0,0.2284231185913086,0.008337419480085373,0.16006115078926086,0.887649416923523,0.039441391825675964,0.6269559860229492,0.10322393476963043,1.098379135131836,0.0,0.05230734497308731
1,0.3740398585796356,0.18188266456127167,0.2613671123981476,0.37636762857437134,1.3891671895980835,0.7534358501434326,0.3680732250213623,1.023329496383667,0.7392606139183044,0.4858406186103821,0.1332845389842987,0.7502683401107788,0.0,0.911785364151001,0.0,0.0320851132273674,0.23607398569583893,1.0455857515335083,1.0404374599456787,0.0,0.08614809811115265,0.5816932916641235,0.0,0.460247278213501,0.010285223834216595,0.9566936492919922,0.15481723845005035,0.49698376655578613,0.14161737263202667,0.1492643803358078,0.2508746385574341,0.0,0.2705997824668884,0.13548310101032257,0.2665562927722931,0.4290761649608612,0.0,0.0,0.15675389766693115,0.5470181703567505,0.46367570757865906,0.1689714938402176,0.012199152261018753,0.2785838842391968,0.4311229884624481,0.15714016556739807,0.5765856504440308,0.003280410310253501,0.6002675294876099,0.3992350697517395,0.5488641262054443,0.2150568962097168,0.22221490740776062,0.18893472850322723,0.03121718391776085,0.5939581990242004,0.17932721972465515,0.7218610048294067,0.0,0.8464730978012085,0.13425549864768982,0.0,0.5488165020942688,0.0,0.419316828250885,0.19030992686748505,0.373044490814209,0.13428746163845062,0.16080443561077118,0.20683513581752777,0.37886810302734375,0.07615306228399277,0.7921478152275085,1.2939887046813965,0.29386645555496216,0.43788617849349976,0.33892950415611267,0.03180861473083496,0.5557059645652771,0.05057492479681969,0.17903052270412445,0.21598641574382782,0.039070166647434235,0.20624250173568726,0.0,1.2878918647766113,0.0,0.0005613210960291326,0.06862671673297882,0.5119863748550415,0.6326494216918945,0.053297847509384155,0.2523290514945984,0.042282748967409134,0.1157938614487648,0.1075960248708725,0.12869000434875488,0.00534671638160944,0.314269483089447,0.21339234709739685,0.06803799420595169,0.7722583413124084,0.1547623723745346,0.44096237421035767,0.5796701908111572,0.7283737659454346,0.17265665531158447,0.1931253969669342,0.28607699275016785,0.2655060887336731,0.0,0.3008044362068176,0.6074872612953186,0.27577894926071167,0.0008491405751556158,0.8888649344444275,0.0,0.0,0.22928883135318756,0.5070261359214783,0.7920212745666504,0.0317109040915966,0.5375648140907288,0.3663136065006256,0.08752678334712982,0.976048469543457,0.0,0.0
1,0.30238428711891174,0.45135584473609924,0.2766394019126892,0.14426210522651672,1.5007561445236206,0.5487560629844666,0.5360580682754517,0.5357736349105835,1.6721359491348267,0.5223082304000854,0.3284676671028137,0.1246410459280014,0.09634140133857727,0.5595875978469849,0.0,0.038234077394008636,0.25717368721961975,0.3799540400505066,0.5891896486282349,0.10714437812566757,0.0,0.2514386475086212,0.04016179218888283,0.5551033020019531,0.29433000087738037,0.36117011308670044,0.4241677224636078,0.14035268127918243,0.23817074298858643,0.2549164891242981,0.16553571820259094,0.025648344308137894,0.33392637968063354,0.42218413949012756,0.04613061994314194,0.09497933089733124,0.004708751104772091,0.21053893864154816,0.817740261554718,0.45677152276039124,0.4411678910255432,0.503670334815979,0.016490066424012184,0.3347455561161041,0.8460356593132019,0.6239835023880005,0.17166149616241455,0.3445592522621155,0.5524849891662598,0.5624388456344604,0.5267220139503479,0.45566996932029724,0.14915938675403595,0.004686609376221895,0.3158006966114044,0.9820336103439331,0.3487563133239746,0.7230589389801025,0.0019480787450447679,0.8366307020187378,0.20862536132335663,0.02270319312810898,0.3972828984260559,0.14054051041603088,0.566900372505188,0.19228495657444,0.49480995535850525,0.45463722944259644,0.5929045677185059,0.22495520114898682,0.6745966076850891,0.2862228751182556,0.44140252470970154,0.5238621830940247,0.1112603098154068,0.5470733046531677,0.3680092990398407,0.06390953809022903,0.8770860433578491,0.5534734725952148,0.47104138135910034,0.220595121383667,0.3711419999599457,0.13172253966331482,0.0,1.640146255493164,0.37887609004974365,0.0035036758054047823,0.6157337427139282,0.6112691164016724,0.4434781074523926,0.12837788462638855,0.16662351787090302,0.5544666051864624,0.6817063093185425,0.10918958485126495,0.2215329110622406,0.03063107095658779,0.2886383533477783,0.34419265389442444,0.3888893723487854,0.7560611963272095,0.5743571519851685,0.4959976077079773,0.4977485239505768,0.6989887356758118,0.18765313923358917,0.5488932728767395,0.4600432813167572,0.5056885480880737,0.1623360812664032,0.5387506484985352,0.5354223847389221,0.6544727087020874,0.25168412923812866,0.6797052025794983,0.14910651743412018,0.16541926562786102,0.38255414366722107,0.03177544102072716,0.27811309695243835,0.3675200045108795,0.6228290796279907,0.3113950192928314,0.11195261776447296,1.450559377670288,0.7658897042274475,0.0987309068441391
0,0.953174352645874,0.17920653522014618,0.630180299282074,1.2361829280853271,0.391146183013916,0.24223484098911285,0.3037777543067932,0.5860491991043091,0.00548337958753109,0.7934877872467041,0.2608160376548767,0.304451584815979,0.0,0.5633832216262817,0.0,0.038181520998477936,0.391574889421463,1.3132946491241455,0.09543049335479736,0.0,1.1647146940231323,0.8762143850326538,0.0,0.10118445008993149,0.011194705963134766,0.49210935831069946,0.012429633177816868,0.4413623511791229,0.4826377034187317,0.7766509652137756,0.6046513319015503,0.0,0.6047518253326416,0.25032609701156616,0.43275386095046997,0.9282158613204956,0.0,0.008422071114182472,0.3822299838066101,0.27468082308769226,0.8098539113998413,0.5452553033828735,0.8531504273414612,0.34921249747276306,0.12640264630317688,0.0,1.3833726644515991,0.0,0.718261182308197,0.3896053731441498,0.6191492080688477,0.08416255563497543,0.4286102056503296,0.2115754336118698,0.0,0.027472974732518196,0.5672829151153564,0.139390766620636,0.0,0.49888136982917786,0.06641120463609695,0.0,0.9131689667701721,0.30369293689727783,0.44141244888305664,0.8241935968399048,0.29585227370262146,0.6875373125076294,0.0,0.34949353337287903,0.22419419884681702,0.19183629751205444,0.9036975502967834,1.3014819622039795,0.2701459527015686,0.22137966752052307,0.24832633137702942,0.09665118902921677,0.04213738813996315,0.0,0.08830779045820236,0.654725968837738,0.0,0.25801050662994385,0.0,0.908319890499115,0.03863370046019554,0.0036111383233219385,0.25356796383857727,0.004961075726896524,1.7967517375946045,0.17017918825149536,0.3014882206916809,0.0,0.07358001172542572,0.2474650740623474,0.6307733058929443,0.00651292921975255,0.4481223523616791,0.07069582492113113,0.0738745853304863,0.9876031875610352,0.21833845973014832,0.384658545255661,0.25835686922073364,0.48863357305526733,0.23731079697608948,0.3596035838127136,0.12421067804098129,0.13647803664207458,0.0,0.09990104287862778,1.36110520362854,0.21700014173984528,0.006664157845079899,0.7032580971717834,0.0,0.05765847489237785,0.0,0.40204906463623047,0.2936179041862488,0.41838547587394714,0.13454172015190125,0.249221071600914,0.3285491168498993,0.6451340913772583,0.0,0.9302679896354675
1,0.0002609118528198451,0.1762714385986328,0.10851850360631943,0.3496286869049072,0.8616616129875183,0.43777966499328613,0.05145760625600815,0.09828219562768936,1.3134514093399048,0.2015879601240158,0.20680823922157288,0.2421700805425644,0.1729924976825714,0.5381314754486084,0.03425617143511772,0.09285135567188263,0.6400547027587891,0.16761235892772675,0.1727951616048813,0.2632823884487152,0.0,0.4333946704864502,0.04954395443201065,0.12351199239492416,0.5645540356636047,0.23428523540496826,0.4894130229949951,0.3416712284088135,0.007190868724137545,0.06918182969093323,0.0,0.04213135316967964,0.08449401706457138,0.7120758891105652,0.16454368829727173,0.15864409506320953,0.033215537667274475,0.28128355741500854,0.5902356505393982,0.0,0.27132120728492737,0.1731126755475998,0.06216956302523613,0.052516136318445206,0.5397800803184509,0.5369086265563965,0.13104332983493805,0.5296068787574768,0.13245688378810883,0.07121321558952332,0.4069758653640747,0.36790838837623596,0.27786576747894287,0.003749292576685548,0.31465408205986023,0.7402225732803345,0.7074285745620728,0.2612670660018921,0.05257340893149376,0.3188321888446808,0.21343965828418732,0.05742505192756653,0.44058504700660706,0.07999429106712341,0.723360002040863,0.043891530483961105,0.02554161101579666,0.17661051452159882,0.5169124007225037,0.7107735276222229,0.7567988634109497,0.434113472700119,0.40736159682273865,0.4642890691757202,0.28798332810401917,0.5094940662384033,0.4418661594390869,0.10783662647008896,0.18314088881015778,0.5346282720565796,0.574385404586792,0.008821168914437294,0.2772248387336731,0.3360910713672638,0.002645932137966156,1.2666195631027222,0.47332316637039185,0.007133492734283209,1.0001449584960938,0.27573955059051514,0.14012020826339722,0.2598511576652527,0.35544291138648987,0.524369478225708,0.24744254350662231,0.33185750246047974,0.0331585556268692,0.14739085733890533,0.0,0.16326092183589935,0.44277122616767883,0.3479023277759552,0.5544049739837646,0.6195477843284607,0.17454694211483002,0.261646568775177,0.49304500222206116,0.21048717200756073,0.6474290490150452,0.2140444964170456,0.1923007071018219,0.452724426984787,0.8738601207733154,0.2841354012489319,0.3515540063381195,0.11208978295326233,0.2601494789123535,0.15528909862041473,0.23786109685897827,0.03410583361983299,0.11682868003845215,0.1029011607170105,0.5237603187561035,0.3113011121749878,0.26785778999328613,0.8937846422195435,0.8342033624649048,0.2666037082672119
0,0.42403537034988403,0.6769815683364868,0.6843099594116211,0.4870372712612152,1.6381683349609375,0.209278866648674,1.0207371711730957,1.3936512470245361,0.23056945204734802,0.9159268736839294,0.6376856565475464,0.24930238723754883,0.0,0.6158990859985352,0.0,0.046669233590364456,0.3434937298297882,1.0377259254455566,1.308699131011963,0.0,0.017972489818930626,0.5199887156486511,0.0,0.873226523399353,0.013944177888333797,0.4088631570339203,0.0031513606663793325,0.4407792389392853,0.4770098030567169,0.4705093204975128,0.6021550297737122,0.0,0.8933145999908447,0.112563855946064,0.2913109362125397,0.5363276600837708,0.0,0.0,0.33602291345596313,1.1534130573272705,1.0968044996261597,0.7223859429359436,0.017744218930602074,0.6849303245544434,0.694131076335907,0.0,0.559718668460846,0.0,1.1299664974212646,0.854314386844635,1.2586356401443481,0.034390997141599655,0.19862313568592072,0.1959567666053772,0.0,0.15337972342967987,0.17646826803684235,1.2703003883361816,0.0,1.3298933506011963,0.034704722464084625,0.0,0.21369704604148865,0.07271306961774826,0.47248125076293945,0.4241560995578766,1.0571906566619873,0.5691937208175659,0.0,0.24087263643741608,0.1067608892917633,0.04407038912177086,1.1548000574111938,0.9794885516166687,0.4304570257663727,0.2465081810951233,0.24138574302196503,0.037682030349969864,1.2681256532669067,0.0,0.11463657021522522,0.45076629519462585,0.02272656559944153,0.28687405586242676,0.0,1.1255570650100708,0.0,0.0008165210019797087,0.08914712071418762,0.8783844113349915,0.8441205620765686,0.035285405814647675,0.342975378036499,0.0,0.7717145681381226,0.14635223150253296,0.3389991521835327,0.0,0.7945118546485901,0.8602864742279053,0.0012265044497326016,0.7757448554039001,0.10722079128026962,0.1818734109401703,1.1880806684494019,0.9811607599258423,0.17614656686782837,0.7747300863265991,0.16944481432437897,0.10355162620544434,0.0,0.07250282168388367,0.5596991181373596,0.4715684652328491,0.001235098810866475,1.0106663703918457,0.0,0.0,0.007863778620958328,0.1022220328450203,0.3245851695537567,0.49454984068870544,0.16830676794052124,0.7377941608428955,0.12731172144412994,1.2697252035140991,0.0,0.0
0,0.3984505534172058,0.287294864654541,0.3511689603328705,0.3862864077091217,1.4771018028259277,0.5538009405136108,0.5372404456138611,1.1073968410491943,0.748828649520874,0.5871584415435791,0.1702168732881546,0.5684139132499695,0.0,0.8171888589859009,0.0,0.03102249652147293,0.2577418088912964,1.0920491218566895,1.09169340133667,0.0,0.08081905543804169,0.6121635437011719,0.0,0.52108234167099,0.022744016721844673,0.745036244392395,0.0933486595749855,0.36282968521118164,0.14387007057666779,0.17962799966335297,0.28121328353881836,0.0,0.3049113154411316,0.10875125229358673,0.26322513818740845,0.4170447587966919,0.0,0.0,0.18074725568294525,0.6919371485710144,0.49209022521972656,0.32644885778427124,0.016255777329206467,0.33558574318885803,0.4581618010997772,0.09775345027446747,0.6035447716712952,0.0,0.7283141016960144,0.5245652794837952,0.6744740009307861,0.14522507786750793,0.24334107339382172,0.1829606592655182,0.01548036839812994,0.5220993757247925,0.14351563155651093,0.8303622007369995,0.0,0.9318978786468506,0.07281035929918289,0.0,0.5098153948783875,0.0,0.4724598526954651,0.2006198912858963,0.5027176737785339,0.1558476984500885,0.11560243368148804,0.19417539238929749,0.30435991287231445,0.014719368889927864,0.9002077579498291,1.2996619939804077,0.29466164112091064,0.42154738306999207,0.2862494885921478,0.01954330876469612,0.6880807280540466,0.018704721704125404,0.16283364593982697,0.32868969440460205,0.0012150108814239502,0.19027480483055115,0.0,1.3432731628417969,0.0,0.0,0.09751255065202713,0.5944962501525879,0.7675867080688477,0.0553780198097229,0.24205537140369415,0.017413605004549026,0.21436011791229248,0.11164578050374985,0.1869463324546814,0.0,0.45383673906326294,0.26907598972320557,0.019889535382390022,0.8624761700630188,0.16058702766895294,0.3851034641265869,0.7005705833435059,0.664462149143219,0.1383342444896698,0.2282174527645111,0.23906657099723816,0.2035183161497116,0.0,0.24687446653842926,0.6483697295188904,0.2874683737754822,0.005414598621428013,0.9178757071495056,0.0,0.0,0.16743198037147522,0.3258333206176758,0.710168719291687,0.054053910076618195,0.4373076856136322,0.4200620949268341,0.09748416393995285,1.0727896690368652,0.0,0.0
0,1.406437873840332,0.48653313517570496,0.9373537302017212,0.8433468341827393,1.3242168426513672,0.0,0.4770197570323944,1.2588204145431519,0.0,1.7233871221542358,0.6005640029907227,0.0,0.0,0.0,0.0,0.05583176761865616,0.3831705152988434,1.2723459005355835,0.8311391472816467,0.0,0.18347406387329102,1.0670822858810425,0.0,1.3738268613815308,0.0,0.032089244574308395,0.0,0.1912892758846283,0.48525962233543396,0.7356427907943726,0.18479059636592865,0.0,1.2497390508651733,0.0,0.05597907304763794,0.3563556373119354,0.0,0.0,1.6462123394012451,0.7580869793891907,0.797960638999939,0.6300203800201416,0.05698614940047264,0.6812719702720642,0.6580566763877869,0.0,0.1782316267490387,0.0,0.14558717608451843,0.3516465425491333,0.990479052066803,0.0,0.0,0.0,0.0,0.21827663481235504,0.04051638022065163,0.05848915874958038,0.0,0.5579256415367126,0.0,0.04486110061407089,0.0012249875580891967,0.9089189767837524,0.0,0.7234038710594177,0.9953622221946716,1.0052199363708496,0.0,0.28723248839378357,0.0,0.0,0.2556157112121582,0.0,0.4606971740722656,0.0,0.18541191518306732,0.04527226835489273,0.8425247669219971,0.0,0.0,1.0854430198669434,0.0,0.23203076422214508,0.0,0.2915651500225067,0.0,0.0,0.016489267349243164,0.09034813195466995,0.24443988502025604,0.0,0.7491300702095032,0.0,1.1826462745666504,0.09739680588245392,1.3689143657684326,0.0,0.21642985939979553,0.11733578890562057,0.0,1.352070689201355,0.0,0.0,0.2860448956489563,0.17267665266990662,0.1607496738433838,0.6886060237884521,0.1267901360988617,0.0,0.0,0.0,0.5560408234596252,0.8409536480903625,0.07240761816501617,1.3029595613479614,0.0,0.0,0.0,0.1891251504421234,0.0,0.4782133400440216,0.017363185063004494,0.6733883023262024,0.16102343797683716,1.1073013544082642,0.0,1.4144049882888794
1,0.0,0.21815741062164307,0.185826376080513,0.9675477147102356,0.4309818744659424,0.3713190257549286,0.033329278230667114,0.3387566804885864,0.012691824696958065,0.29178330302238464,0.27600929141044617,0.30839335918426514,0.0,0.9100022912025452,0.0,0.08896815776824951,0.622829020023346,0.8665583729743958,0.23177196085453033,0.0,0.0668511763215065,0.8544643521308899,0.042657043784856796,0.12244196981191635,0.12312442064285278,0.5792551040649414,0.10421743243932724,0.701590359210968,0.013340371660888195,0.11476091295480728,0.2672661542892456,0.0,0.28682661056518555,0.3922729790210724,0.5449853539466858,0.4948883354663849,0.0,0.0,0.1295420080423355,0.13472799956798553,0.7615998387336731,0.09718623012304306,0.046100959181785583,0.06742129474878311,0.0,0.0,0.22370974719524384,0.0,0.2231249064207077,0.011783969588577747,0.5008506178855896,0.08487411588430405,0.5754550099372864,0.42420852184295654,0.0,0.0,0.6259332299232483,0.27427610754966736,0.0,0.46694669127464294,0.1591976433992386,0.0,0.28449252247810364,0.0,0.6121798157691956,0.30742189288139343,0.0,0.0990065336227417,0.0,0.48907527327537537,0.1760336011648178,0.3402576744556427,0.9115638136863708,1.284521222114563,0.7066720128059387,0.4083353579044342,0.542822003364563,0.09088142961263657,0.08986371010541916,0.0,0.2627342641353607,0.021539779379963875,0.0,0.5540071129798889,0.0,0.36329206824302673,0.0,0.012344864197075367,0.4306274950504303,0.0,0.5879415273666382,0.2540005147457123,0.6913256645202637,0.0,0.10569401830434799,0.4040283262729645,0.07744377851486206,0.002837436506524682,0.0,0.10719788819551468,0.2716350853443146,0.40107548236846924,0.32800400257110596,0.3835836350917816,0.36972081661224365,0.30706092715263367,0.35830602049827576,0.09879844635725021,0.3115053176879883,0.0,0.0,0.18824535608291626,1.1671464443206787,0.0,0.002264374867081642,0.05049460008740425,0.0,0.0,0.0003739475505426526,0.1299847811460495,0.2823081314563751,0.08525215834379196,0.08963166922330856,0.5224730372428894,0.24449598789215088,0.35824835300445557,0.0,0.0
1,0.2402568757534027,0.6691935062408447,0.4668029248714447,0.13677796721458435,1.6108957529067993,0.5773407220840454,0.6421159505844116,0.7502811551094055,1.5965893268585205,0.7117633819580078,0.4802645742893219,0.06793886423110962,0.09824474155902863,0.4780806303024292,0.0,0.037754494696855545,0.2498980611562729,0.49186718463897705,0.894889235496521,0.13126888871192932,0.05424250289797783,0.37825489044189453,0.05787564441561699,0.7011459469795227,0.2751050591468811,0.2858481705188751,0.40072813630104065,0.08345706760883331,0.36284077167510986,0.49639320373535156,0.4476853311061859,0.031106794252991676,0.5872403383255005,0.38346630334854126,0.03277274966239929,0.288175106048584,0.002642082516103983,0.17327705025672913,0.8082506656646729,0.6279367208480835,0.5808424353599548,0.7818036079406738,0.026520291343331337,0.5473179817199707,1.0571668148040771,0.5511783957481384,0.12293076515197754,0.29211193323135376,0.7442862391471863,0.7418978214263916,0.9785013794898987,0.39922547340393066,0.0836365669965744,0.008720744401216507,0.3237299621105194,0.8071470856666565,0.24140584468841553,0.8252398371696472,0.003782628569751978,1.1366504430770874,0.17425480484962463,0.02011532336473465,0.40722137689590454,0.1879260390996933,0.5845282673835754,0.32323703169822693,0.6844287514686584,0.6903200745582581,0.5361443161964417,0.1964482069015503,0.6127804517745972,0.21792882680892944,0.6567160487174988,0.5604169964790344,0.08229920268058777,0.4679652154445648,0.3139882981777191,0.024331562221050262,1.1173393726348877,0.47096413373947144,0.38589295744895935,0.40892741084098816,0.3596360683441162,0.11687315255403519,0.0011519939871504903,1.910447120666504,0.3374389111995697,0.008066671900451183,0.5934070348739624,0.5976308584213257,0.5696439743041992,0.06390705704689026,0.21526050567626953,0.4837501347064972,0.8659328818321228,0.06534293293952942,0.49255695939064026,0.0063698370940983295,0.5567813515663147,0.5806712508201599,0.38530978560447693,0.826684296131134,0.41194629669189453,0.3990449011325836,0.7895722389221191,0.906462550163269,0.0910651907324791,0.8514446020126343,0.43992727994918823,0.4778235852718353,0.15606370568275452,0.49030062556266785,0.4921865165233612,0.8298369646072388,0.16777513921260834,0.888898491859436,0.12700659036636353,0.1602669060230255,0.4105626940727234,0.002406962215900421,0.3160164952278137,0.4385072588920593,0.5271930694580078,0.5064615607261658,0.18609116971492767,1.5177017450332642,0.6523533463478088,0.2441091686487198
1,0.29629072546958923,0.18468429148197174,0.3904498517513275,0.3756393492221832,1.5772829055786133,0.728980541229248,0.527566134929657,1.1817744970321655,1.2811414003372192,0.6172971129417419,0.14535769820213318,0.6801974177360535,0.0,0.8772878646850586,0.0,0.04136333242058754,0.33422133326530457,0.7435462474822998,0.8599738478660583,0.0,0.006468635518103838,0.4067646563053131,0.0,0.5209800601005554,0.024294033646583557,0.5177563428878784,0.16215647757053375,0.37139901518821716,0.09683334082365036,0.134536013007164,0.04189407825469971,0.0,0.1053636446595192,0.17437970638275146,0.11968693137168884,0.14542211592197418,0.0,0.0,0.3753257691860199,0.3568606674671173,0.25017139315605164,0.3230728209018707,0.026110634207725525,0.2899327576160431,0.498677521944046,0.23786230385303497,0.5070527195930481,0.004796115215867758,0.6641868948936462,0.5782644748687744,0.4428410530090332,0.2122081071138382,0.23141299188137054,0.12286654859781265,0.03559904173016548,0.8068201541900635,0.21180857717990875,0.7113223075866699,0.0,0.939922571182251,0.0927700325846672,0.0,0.36088860034942627,0.0,0.5144115686416626,0.08525752276182175,0.3826104700565338,0.0702117457985878,0.181160569190979,0.23760031163692474,0.28760406374931335,0.011134888976812363,0.6069188117980957,1.1611932516098022,0.2796132266521454,0.6393277049064636,0.2554708421230316,0.018173299729824066,0.7581868171691895,0.05068795382976532,0.18389172852039337,0.20961983501911163,0.033505283296108246,0.25286516547203064,0.0,1.4359965324401855,0.0,0.0,0.06728334724903107,0.5338160395622253,0.6507826447486877,0.060138072818517685,0.2604900598526001,0.07469410449266434,0.33229926228523254,0.17166660726070404,0.05346919596195221,0.016032496467232704,0.19086074829101562,0.23564521968364716,0.03606479987502098,0.8177009224891663,0.14010192453861237,0.4177516996860504,0.5433124899864197,0.6897547841072083,0.22464250028133392,0.12485430389642715,0.47247111797332764,0.37990179657936096,0.0,0.3613763153553009,0.44501641392707825,0.482420951128006,0.0072194915264844894,0.9128624796867371,0.0,0.0,0.2916148602962494,0.3099638521671295,0.6144880652427673,0.10567616671323776,0.5363293290138245,0.1527106761932373,0.12977400422096252,1.218529462814331,0.0,0.0
1,0.1120564267039299,0.22981616854667664,0.1801205426454544,0.6696961522102356,1.006805181503296,0.42530813813209534,0.18979746103286743,0.5763583779335022,0.6191094517707825,0.3381672203540802,0.22277167439460754,0.4600047171115875,0.010475777089595795,0.8210846185684204,0.0,0.06807278096675873,0.6485037803649902,0.6412274241447449,0.37222597002983093,0.0036173213738948107,0.053768549114465714,0.5720385313034058,0.0,0.20708361268043518,0.11365097016096115,0.44342195987701416,0.09983209520578384,0.615868091583252,0.0,0.12042596191167831,0.06815243512392044,0.0,0.13974851369857788,0.4653163254261017,0.325876921415329,0.2569943964481354,0.0,0.005770380608737469,0.2644965648651123,0.14219467341899872,0.3909696340560913,0.1599612534046173,0.09746427834033966,0.06193867325782776,0.2139335423707962,0.14429938793182373,0.3883476257324219,0.032555464655160904,0.2868516445159912,0.17698724567890167,0.4924456775188446,0.1973034143447876,0.43312540650367737,0.20440803468227386,0.05579713359475136,0.4420302212238312,0.48133572936058044,0.3223455548286438,0.0,0.5182236433029175,0.1097966805100441,0.0,0.3254368007183075,0.0,0.5920650959014893,0.2038908451795578,0.104871466755867,0.09618333727121353,0.12136036902666092,0.5897301435470581,0.3493741750717163,0.11717180162668228,0.7206500768661499,1.0707637071609497,0.37649214267730713,0.49498680233955383,0.38582301139831543,0.06354888528585434,0.1947409063577652,0.09532065689563751,0.31179338693618774,0.06452260911464691,0.004856638144701719,0.4600955843925476,0.003395055653527379,0.9333752989768982,0.04759475588798523,0.04959533363580704,0.31850677728652954,0.2014809399843216,0.5195164084434509,0.14064134657382965,0.47156786918640137,0.026552632451057434,0.10740188509225845,0.48345762491226196,0.0875718966126442,0.03786511719226837,0.0652318000793457,0.08639617264270782,0.08732742071151733,0.45002883672714233,0.25589436292648315,0.47077324986457825,0.43038350343704224,0.36927828192710876,0.4221804440021515,0.15879729390144348,0.4740440845489502,0.16188746690750122,0.0,0.31344515085220337,0.7487536072731018,0.10628578811883926,0.02947882004082203,0.2637927234172821,0.0,0.0,0.10609406232833862,0.2825368046760559,0.41949668526649475,0.05399998649954796,0.383652001619339,0.3446972370147705,0.33524370193481445,0.6643662452697754,0.02774529717862606,0.0
1,0.019661735743284225,0.2000490427017212,0.14304563403129578,0.3907957971096039,0.7242627143859863,0.40961506962776184,0.10629087686538696,0.21814687550067902,1.499240756034851,0.2048480212688446,0.16902250051498413,0.18498840928077698,0.42427536845207214,0.3877318501472473,0.00650337478145957,0.11813586205244064,0.6676456928253174,0.20986558496952057,0.20439521968364716,0.4669357240200043,0.008084711618721485,0.3350178897380829,0.13915444910526276,0.1334904432296753,0.6583916544914246,0.24713051319122314,0.4754447638988495,0.5207222104072571,0.016038881614804268,0.060420259833335876,0.0,0.17702911794185638,0.08573625236749649,0.8703188896179199,0.2945276200771332,0.14168429374694824,0.10911212861537933,0.24062654376029968,0.7323954701423645,0.06691570580005646,0.2602907419204712,0.15628528594970703,0.11039318889379501,0.08115174621343613,0.5299621820449829,0.473806768655777,0.1798444390296936,0.5518156290054321,0.2470400631427765,0.24334268271923065,0.3769614100456238,0.3746386766433716,0.19426856935024261,0.09246332943439484,0.39448994398117065,0.7098103165626526,0.4627399444580078,0.16938915848731995,0.015505376271903515,0.3459782302379608,0.21636249125003815,0.12411557137966156,0.43222329020500183,0.010005834512412548,0.9162051677703857,0.05275353789329529,0.1087040901184082,0.17967352271080017,0.5429109930992126,0.7171394228935242,0.7325322031974792,0.3926561772823334,0.40069901943206787,0.4443204402923584,0.29398006200790405,0.4021345376968384,0.5039178729057312,0.056113019585609436,0.2791735827922821,0.5317202210426331,0.3920629024505615,0.038325414061546326,0.40745940804481506,0.39016637206077576,0.0003861715958919376,1.3005136251449585,0.41461381316185,0.06150633841753006,0.9769306182861328,0.37382054328918457,0.15133965015411377,0.20209260284900665,0.3596940338611603,0.41526177525520325,0.2675224244594574,0.4557873010635376,0.04084000736474991,0.08775325864553452,0.0369066447019577,0.11792367696762085,0.4811439514160156,0.3785834014415741,0.40174296498298645,0.5442030429840088,0.19903045892715454,0.25516676902770996,0.5341843962669373,0.20773592591285706,0.5784956216812134,0.2722553610801697,0.3456548750400543,0.3846021294593811,0.7768224477767944,0.39173373579978943,0.2121996432542801,0.21428830921649933,0.29371488094329834,0.2605961859226227,0.3795938789844513,0.05243738740682602,0.1655849814414978,0.05548657849431038,0.5137973427772522,0.26200011372566223,0.2958642244338989,0.8074092864990234,0.9135516285896301,0.2541328966617584
1,0.22581316530704498,0.1909174919128418,0.2844274044036865,0.25631439685821533,1.4861644506454468,0.8260018825531006,0.4378875195980072,0.8625614643096924,1.793041467666626,0.498494416475296,0.1026054322719574,0.3674604892730713,0.0,0.7760830521583557,0.0,0.02919764257967472,0.2371515929698944,0.49385732412338257,0.6750435829162598,0.0,0.004566095769405365,0.3094063699245453,0.0,0.4896291196346283,0.03442985191941261,0.6159526705741882,0.2959047257900238,0.22655101120471954,0.05818680301308632,0.056969624012708664,0.013082398101687431,0.0,0.10700171440839767,0.2797727882862091,0.10091667622327805,0.10436771810054779,0.0,0.03477993234992027,0.6847178339958191,0.23200656473636627,0.1717795729637146,0.2753956913948059,0.01843102276325226,0.223619282245636,0.6959438323974609,0.4890362322330475,0.2468787133693695,0.061017632484436035,0.4634590446949005,0.5518288612365723,0.28914231061935425,0.50789475440979,0.22039365768432617,0.07607060670852661,0.24837373197078705,0.9793480038642883,0.2888459861278534,0.6637953519821167,0.0,0.9195271134376526,0.20817714929580688,0.0,0.4520331025123596,0.0038774381391704082,0.6581481099128723,0.056896571069955826,0.2577615976333618,0.07092192769050598,0.45021432638168335,0.18314547836780548,0.5110483169555664,0.13460209965705872,0.35025981068611145,1.0532615184783936,0.17383138835430145,0.7147672176361084,0.3408880829811096,0.016371792182326317,0.7948217391967773,0.32387229800224304,0.2654426097869873,0.15116561949253082,0.17181138694286346,0.1816326528787613,0.0,1.549767255783081,0.12983429431915283,0.0,0.2064632922410965,0.6865478754043579,0.5274331569671631,0.1229124367237091,0.18387533724308014,0.2668360769748688,0.35908767580986023,0.1497601419687271,0.03636777400970459,0.034094493836164474,0.09960506111383438,0.12821203470230103,0.21856683492660522,0.9420689940452576,0.30179306864738464,0.5258212089538574,0.3389585614204407,0.7770360112190247,0.19582927227020264,0.12836381793022156,0.5500061511993408,0.6035360097885132,0.0,0.5275222063064575,0.40515637397766113,0.5797911286354065,0.11382106691598892,0.9003729224205017,0.007066825870424509,0.0045272307470440865,0.5024203658103943,0.22454921901226044,0.8541831374168396,0.053793713450431824,0.7266100645065308,0.14098094403743744,0.09160514920949936,1.3518333435058594,0.258689820766449,0.001428794115781784
1,0.04675976186990738,0.1100141629576683,0.11620106548070908,0.20858228206634521,0.8968127369880676,0.7578860521316528,0.16542479395866394,0.3500194251537323,1.97889244556427,0.3062562942504883,0.08908921480178833,0.11339268088340759,0.24322497844696045,0.6133830547332764,0.0,0.02612420916557312,0.23653188347816467,0.28550705313682556,0.23428788781166077,0.3200298845767975,0.0031080145854502916,0.1944640576839447,0.18476887047290802,0.17185594141483307,0.47219863533973694,0.6596164703369141,0.6060023307800293,0.19925923645496368,0.0,0.04561488702893257,0.0020408506970852613,0.09203054010868073,0.09910179674625397,0.5350301265716553,0.045174259692430496,0.07119937986135483,0.0,0.21798214316368103,0.7916498780250549,0.062387723475694656,0.13150164484977722,0.14077366888523102,0.01613934338092804,0.09672036021947861,0.8624841570854187,0.6648749113082886,0.1557510793209076,0.5286505818367004,0.2619672417640686,0.47105276584625244,0.1910671889781952,0.6416681408882141,0.23828375339508057,0.029925035312771797,0.4415276050567627,1.26938796043396,0.2129601240158081,0.305308997631073,0.0004951767041347921,0.6614934206008911,0.29432106018066406,0.11785060167312622,0.42389237880706787,0.1322709619998932,0.8976731300354004,0.04561815783381462,0.12015819549560547,0.18340417742729187,0.7758036255836487,0.1899663805961609,0.7931208610534668,0.4049223065376282,0.24071826040744781,0.6893300414085388,0.13009999692440033,0.7776731848716736,0.6193204522132874,0.12236107140779495,0.5398091077804565,0.7496282458305359,0.44965898990631104,0.028157362714409828,0.6452307105064392,0.16362549364566803,0.004883136600255966,1.8672094345092773,0.34798121452331543,0.0,0.671338677406311,0.6078932881355286,0.25330662727355957,0.24967911839485168,0.16524676978588104,0.6278584003448486,0.3404178321361542,0.18566520512104034,0.03029128722846508,0.05357928201556206,0.04447673633694649,0.0458289310336113,0.5421109795570374,0.7807807922363281,0.6643449664115906,0.6465257406234741,0.15066318213939667,0.4398806095123291,0.2237805873155594,0.06249775364995003,0.5541669726371765,0.8279216885566711,0.3623642027378082,0.67097008228302,0.6928079724311829,0.5185627937316895,0.28175392746925354,0.4149891138076782,0.32664382457733154,0.2834451198577881,0.6424369812011719,0.11481951177120209,0.5889917016029358,0.031124068424105644,0.9407268166542053,0.10128496587276459,0.08383633196353912,1.22223961353302,1.1034263372421265,0.0658104345202446
1,0.3789612948894501,0.24020923674106598,0.3295764625072479,0.38419556617736816,1.4115204811096191,0.6487311124801636,0.4701785445213318,1.085030198097229,0.7509750127792358,0.537930428981781,0.159584641456604,0.6589668989181519,0.0,0.8386470079421997,0.0,0.0320851132273674,0.24532614648342133,1.0719401836395264,1.057724118232727,0.0,0.08196495473384857,0.5830393433570862,0.0,0.49792248010635376,0.010285223834216595,0.8276727199554443,0.1268058866262436,0.4122258424758911,0.16040919721126556,0.17375653982162476,0.27456241846084595,0.0,0.30298230051994324,0.13651113212108612,0.2623363137245178,0.430871844291687,0.0,0.0,0.15806083381175995,0.6199864745140076,0.49518120288848877,0.2514551281929016,0.012199152261018753,0.3354088068008423,0.4441608190536499,0.12540364265441895,0.5942045450210571,0.003280410310253501,0.6649339199066162,0.4884762465953827,0.6095318794250488,0.17897891998291016,0.23224446177482605,0.19667530059814453,0.019791588187217712,0.5515706539154053,0.18707770109176636,0.7738319039344788,0.0,0.9086139798164368,0.11814050376415253,0.0,0.5115931034088135,0.0,0.44609981775283813,0.194662943482399,0.4394994378089905,0.1458565890789032,0.14233967661857605,0.20651082694530487,0.3217262625694275,0.054910942912101746,0.8470855951309204,1.2885202169418335,0.31169065833091736,0.43317216634750366,0.32280153036117554,0.0417013093829155,0.6291415095329285,0.04102408140897751,0.18861538171768188,0.2897070050239563,0.020346160978078842,0.2044731229543686,0.0,1.2983412742614746,0.0,0.0005613210960291326,0.06862671673297882,0.5444806218147278,0.7120382785797119,0.058177098631858826,0.25377917289733887,0.029391953721642494,0.18697716295719147,0.1075960248708725,0.16354167461395264,0.00534671638160944,0.39195629954338074,0.257252037525177,0.06158817186951637,0.816676676273346,0.17468905448913574,0.4244462251663208,0.6328040361404419,0.6898408532142639,0.17372457683086395,0.2120775580406189,0.2868376076221466,0.2263628989458084,0.0,0.28322866559028625,0.626359760761261,0.29225555062294006,0.0008491405751556158,0.8846530318260193,0.0,0.0,0.19411686062812805,0.39276573061943054,0.708756148815155,0.05458618700504303,0.4794914722442627,0.3698064982891083,0.08752678334712982,1.0001016855239868,0.0,0.0
1,0.316529244184494,0.373088538646698,0.7653700113296509,0.33098000288009644,1.9728355407714844,0.5165997743606567,0.9723469018936157,1.7348815202713013,1.0184208154678345,0.9471849799156189,0.2680255174636841,0.5150494575500488,0.0,1.0435625314712524,0.0,0.03019775077700615,0.22218726575374603,0.873227059841156,1.3624837398529053,0.0,0.005020568612962961,0.5836666226387024,0.0,0.7491791248321533,0.009022671729326248,0.41440829634666443,0.05227379500865936,0.36123859882354736,0.3383970856666565,0.2407105416059494,0.2301177978515625,0.0,0.4141923189163208,0.08905380964279175,0.376461386680603,0.2734876275062561,0.0,0.0,0.6169428825378418,0.842190682888031,0.4544431269168854,0.4404744803905487,0.011481577530503273,0.6741504073143005,1.0898489952087402,0.024982403963804245,0.7281527519226074,0.0,1.2507696151733398,1.1262359619140625,0.754725992679596,0.06716417521238327,0.18842583894729614,0.3868640065193176,0.0,0.5526928901672363,0.14004209637641907,0.9659835696220398,0.0,1.298851728439331,0.06530874222517014,0.0,0.39233264327049255,0.0,0.8611311912536621,0.20533335208892822,0.9349884986877441,0.2200460135936737,0.02552742511034012,0.15585875511169434,0.133769690990448,0.04032837599515915,0.7530101537704468,1.6861658096313477,0.49228501319885254,0.5167145729064941,0.32175254821777344,0.043468546122312546,1.41178297996521,0.0,0.18159133195877075,0.4106854200363159,0.11867248266935349,0.1856243759393692,0.0,1.6058743000030518,0.0,0.0005283022182993591,0.07159775495529175,1.14008367061615,0.7093760371208191,0.03284458443522453,0.2056339979171753,0.004878198727965355,0.6133107542991638,0.0946984812617302,0.05242275446653366,0.0,0.5561316013336182,0.5913875699043274,0.013886453583836555,1.3247640132904053,0.14313676953315735,0.2050309181213379,0.9241924285888672,0.813173770904541,0.12088575214147568,0.27822402119636536,0.20212729275226593,0.5440775156021118,0.0,0.1343754380941391,0.35751259326934814,0.6275860071182251,0.0007991911261342466,1.3844878673553467,0.0,0.0,0.25468161702156067,0.17134855687618256,0.6124097108840942,0.20876659452915192,0.24077863991260529,0.25809207558631897,0.08237814903259277,1.4152805805206299,0.0,0.0
1,0.18043836951255798,0.14386950433254242,0.24897633492946625,0.12857288122177124,1.322819471359253,0.8080069422721863,0.3382999897003174,0.5824846029281616,2.017585515975952,0.3971567153930664,0.0850316658616066,0.21554318070411682,0.14785799384117126,0.4590957462787628,0.0013371133245527744,0.036565035581588745,0.24565139412879944,0.22643867135047913,0.4749460518360138,0.24753735959529877,0.0,0.19732029736042023,0.09784837067127228,0.3809823989868164,0.42371103167533875,0.41974297165870667,0.6145039200782776,0.10484502464532852,0.09269541501998901,0.08392306417226791,0.007053506560623646,0.07266400009393692,0.06876561045646667,0.3300631046295166,0.06811518222093582,0.07268740981817245,0.005173782352358103,0.1745620220899582,0.9221042394638062,0.20710980892181396,0.14387910068035126,0.23112276196479797,0.03395954519510269,0.2637196481227875,0.9319854378700256,0.6900517344474792,0.1548093557357788,0.44616934657096863,0.4206766188144684,0.5723350644111633,0.2619539499282837,0.6302876472473145,0.20442554354667664,0.026273559778928757,0.3486465513706207,1.2807420492172241,0.3225706219673157,0.5061726570129395,0.054799884557724,0.7285714149475098,0.232071653008461,0.14261095225811005,0.4733664095401764,0.14134249091148376,0.8458078503608704,0.013288349844515324,0.2987191677093506,0.13156862556934357,0.7572357058525085,0.21231336891651154,0.6477904319763184,0.27589380741119385,0.20885229110717773,0.6176462769508362,0.095337875187397,0.6212205290794373,0.4464922845363617,0.0729268491268158,0.8612136244773865,0.56577068567276,0.4076746106147766,0.1212565153837204,0.4962863028049469,0.11711901426315308,0.0,1.9012624025344849,0.31832355260849,0.002492584055289626,0.4996722340583801,0.7800933122634888,0.28112441301345825,0.11097690463066101,0.12570370733737946,0.5863549709320068,0.4802134931087494,0.10578105598688126,0.013781112618744373,0.01705712080001831,0.10400610417127609,0.14538638293743134,0.515796422958374,0.9100407361984253,0.3278592824935913,0.4870443642139435,0.24950632452964783,0.7167912125587463,0.13697613775730133,0.22305309772491455,0.5846096873283386,0.6522258520126343,0.24146610498428345,0.557627260684967,0.4430132210254669,0.7580873370170593,0.2959252893924713,0.8787649273872375,0.2556898593902588,0.17814746499061584,0.627650260925293,0.08004491776227951,0.5494787096977234,0.06721541285514832,0.827216625213623,0.13534687459468842,0.09949726611375809,1.4880726337432861,0.9853155016899109,0.12637034058570862
0,0.7362568378448486,1.32151460647583,0.9616854190826416,0.28756967186927795,2.1680397987365723,0.0,1.5114837884902954,1.8511195182800293,0.09056289494037628,1.4464325904846191,1.2472964525222778,0.003380795707926154,0.0,0.1791154146194458,0.0,0.08584007620811462,0.3790854215621948,1.218031644821167,1.742902398109436,0.0,0.06585833430290222,1.036273717880249,0.0,1.2861212491989136,0.02598807029426098,0.11367823928594589,0.0,0.18457220494747162,0.8279853463172913,1.0183120965957642,1.0497628450393677,0.0,1.5524711608886719,0.0,0.22622066736221313,0.8506099581718445,0.0014388671843335032,0.0,0.38789063692092896,1.737114429473877,1.45032799243927,1.3835539817810059,0.03571952134370804,1.12931227684021,0.9076690673828125,0.0,0.42356377840042114,0.0,1.64594566822052,1.2639323472976685,1.9395564794540405,0.0,0.051031533628702164,0.11677071452140808,0.0,0.06164726987481117,0.004724513739347458,1.6476421356201172,0.0,1.9112721681594849,0.0,0.0,0.02408198080956936,0.283645361661911,0.2952028810977936,1.2305363416671753,1.6613823175430298,1.3746432065963745,0.0,0.19951248168945312,0.033619221299886703,0.0,1.7663460969924927,0.6061448454856873,0.35276851058006287,0.051457036286592484,0.14914727210998535,0.005849259905517101,1.8521350622177124,0.0,0.019052647054195404,0.7821193337440491,0.0,0.22670556604862213,0.0,1.5220692157745361,0.0,0.0,0.06020750105381012,1.1340728998184204,1.1945099830627441,0.0,0.3270407021045685,0.0,1.3571631908416748,0.11194675415754318,0.8124083876609802,0.0,1.441175937652588,1.3953770399093628,0.0,0.8689912557601929,0.04792904853820801,0.038922667503356934,1.9226094484329224,1.5248512029647827,0.10524087399244308,1.4214063882827759,0.11779917031526566,0.04801175743341446,0.0,0.0,0.3340083062648773,0.7967248558998108,0.0,1.1984732151031494,0.0,0.0,0.04140419140458107,0.0,0.0870918333530426,0.7303442358970642,0.0,1.241667628288269,0.24425339698791504,1.686069130897522,0.0,0.02638974040746689
0,0.7480030655860901,1.3996349573135376,1.0543485879898071,0.44285932183265686,1.8483896255493164,0.07131776958703995,1.5962108373641968,1.76556396484375,0.0063458760268986225,1.4341710805892944,1.1776621341705322,0.13106656074523926,0.00501630362123251,0.367466002702713,0.0,0.04278014972805977,0.3147653043270111,1.294580340385437,1.6658782958984375,0.0,0.14385922253131866,0.5531390309333801,0.0,1.4377022981643677,0.02333168499171734,0.3043290674686432,0.0,0.3378318250179291,1.0919779539108276,0.9765728116035461,1.2686774730682373,0.0,1.780691146850586,0.08781065791845322,0.2275725156068802,0.7607126832008362,0.0,0.0,0.6245561838150024,1.8743058443069458,1.6691008806228638,1.4053277969360352,0.016265535727143288,1.2498372793197632,1.244572639465332,0.0,0.5621413588523865,0.0,1.5726474523544312,1.3591724634170532,1.8780351877212524,0.02071424014866352,0.1868753880262375,0.12618660926818848,0.0,0.04777127876877785,0.15725024044513702,1.733361840248108,0.0,1.949133038520813,0.02475849539041519,0.0,0.1307213455438614,0.5678332448005676,0.3789525330066681,1.1116327047348022,1.7601035833358765,1.500045657157898,0.0,0.21842414140701294,0.07703093439340591,0.033934082835912704,1.5489076375961304,0.6608747839927673,0.35282066464424133,0.16914892196655273,0.18374653160572052,0.007223144173622131,1.953959345817566,0.0,0.09462067484855652,0.8290075659751892,0.0,0.2614925801753998,0.0,1.4168177843093872,0.0,0.0007484281086362898,0.09108472615480423,1.0187588930130005,1.2028254270553589,0.0550139956176281,0.3422459661960602,0.0,1.5074777603149414,0.13415616750717163,0.9496164917945862,0.0,1.3920302391052246,1.4010461568832397,0.012574299238622189,0.8700127601623535,0.10486454516649246,0.1639486402273178,1.9285978078842163,1.6780357360839844,0.15763908624649048,1.6583194732666016,0.13599437475204468,0.021584808826446533,0.0,0.05936161056160927,0.5205122232437134,0.95125812292099,0.001132187433540821,1.3036439418792725,0.0,0.0,0.0,0.042516980320215225,0.11933325976133347,0.9468579292297363,0.07669735699892044,1.0950440168380737,0.12614589929580688,1.5654077529907227,0.0,0.19438083469867706
1,0.35064634680747986,0.3024711310863495,0.2331673800945282,0.2861814498901367,1.2754809856414795,0.6817400455474854,0.36018189787864685,0.39532673358917236,1.1927943229675293,0.39701688289642334,0.2616836130619049,0.16247110068798065,0.0,0.46201813220977783,0.0,0.027575552463531494,0.2661842107772827,0.5810247659683228,0.6811732649803162,0.025186577811837196,0.06038998067378998,0.31654030084609985,0.025950683280825615,0.5907365083694458,0.14293287694454193,0.6748740673065186,0.3472730219364166,0.23383855819702148,0.09380816668272018,0.2294209599494934,0.19393287599086761,0.0,0.29575255513191223,0.2982199788093567,0.059900376945734024,0.17052724957466125,0.0,0.04309539496898651,0.7728805541992188,0.2722199559211731,0.46284395456314087,0.4576471149921417,0.01740710623562336,0.31903401017189026,0.588570237159729,0.5170556306838989,0.18103179335594177,0.13901349902153015,0.4152778685092926,0.3886648118495941,0.5390315055847168,0.5825983285903931,0.2940555214881897,0.0389079675078392,0.1929594874382019,0.9399796724319458,0.36922788619995117,0.82096928358078,0.012315812520682812,0.7573886513710022,0.2421058863401413,0.012166242115199566,0.4594956636428833,0.044968362897634506,0.6238788366317749,0.1488543003797531,0.428928405046463,0.28376641869544983,0.44381338357925415,0.19611649215221405,0.4761543869972229,0.2480406016111374,0.5469583868980408,0.7230063080787659,0.15432192385196686,0.5617693066596985,0.3259161710739136,0.013230855576694012,0.7846278548240662,0.3753581941127777,0.300313264131546,0.19040635228157043,0.22292762994766235,0.17618781328201294,0.0,1.4633909463882446,0.1774379163980484,0.0,0.27853816747665405,0.6901362538337708,0.38272130489349365,0.12909498810768127,0.22654172778129578,0.3440925180912018,0.46734121441841125,0.15033020079135895,0.22253362834453583,0.0364617183804512,0.19689135253429413,0.3458787798881531,0.31452301144599915,0.7731221914291382,0.2490472048521042,0.47192472219467163,0.4749695062637329,0.779424250125885,0.18400897085666656,0.5707205533981323,0.4814697802066803,0.4362166225910187,0.01946427673101425,0.5433209538459778,0.6451630592346191,0.5957279205322266,0.2041492611169815,0.8738157749176025,0.05860792100429535,0.0337909534573555,0.3886471092700958,0.2649095356464386,0.6977327466011047,0.2966683506965637,0.8024342060089111,0.22535350918769836,0.08651603758335114,1.2838267087936401,0.5334069132804871,0.028865810483694077
0,0.7591762542724609,0.22738315165042877,0.8317019939422607,1.1747751235961914,0.6957105994224548,0.061309702694416046,0.38073158264160156,0.8458829522132874,0.024433951824903488,0.8387235999107361,0.31308066844940186,0.15569636225700378,0.0,0.2207169234752655,0.0,0.08343951404094696,0.5292235612869263,1.2095093727111816,0.10617335885763168,0.0,1.1806007623672485,0.931392252445221,0.0,0.051868222653865814,0.06451241672039032,0.20286057889461517,0.01577349752187729,0.35692471265792847,0.6198663711547852,0.9547977447509766,0.3854573965072632,0.0,0.7606736421585083,0.14066368341445923,0.4379342198371887,0.6325362324714661,0.0,0.0,0.3971039652824402,0.29494595527648926,0.7611197829246521,0.7799780368804932,0.8141888976097107,0.4643740653991699,0.13891981542110443,0.0,1.3014181852340698,0.00014268327504396439,0.5924673676490784,0.5192598104476929,0.728789210319519,0.033596426248550415,0.22552970051765442,0.1375008225440979,0.006846056319773197,0.04462394490838051,0.2531792223453522,0.041370220482349396,0.0,0.752536416053772,0.02502063289284706,0.0,0.7031679153442383,0.42633646726608276,0.3114749491214752,0.8084761500358582,0.4724128544330597,0.91378253698349,0.0,0.4581139385700226,0.2338247150182724,0.036147590726614,0.8228211998939514,0.4887390732765198,0.27013108134269714,0.14616161584854126,0.2201087772846222,0.03766447678208351,0.007822724059224129,0.043633367866277695,0.0963963121175766,0.7785157561302185,0.0,0.23436638712882996,0.0,1.1335499286651611,0.006208351813256741,0.017805758863687515,0.33876335620880127,0.0585760660469532,1.7475237846374512,0.09160804748535156,0.3573472201824188,0.0,0.09812448918819427,0.2704315781593323,0.9494303464889526,0.007952218875288963,0.4898373484611511,0.014674322679638863,0.04834819585084915,1.062923789024353,0.1339508593082428,0.2537722587585449,0.2800925076007843,0.3890227675437927,0.2699934244155884,0.5952422618865967,0.24676711857318878,0.0826164186000824,0.0,0.08911916613578796,1.2457343339920044,0.45886701345443726,0.011192312464118004,0.7633998394012451,0.009815406054258347,0.05975619703531265,0.022255249321460724,0.19940680265426636,0.08212295919656754,0.38228845596313477,0.1230708509683609,0.15452195703983307,0.47287386655807495,0.59581059217453,0.0,0.9256311655044556
0,0.07751014083623886,0.33834344148635864,0.32527852058410645,0.4306633472442627,1.3404604196548462,0.19962041079998016,0.471831738948822,0.7371759414672852,0.8531592488288879,0.5298330783843994,0.22140972316265106,0.3185448944568634,0.0,0.6954588890075684,0.013607940636575222,0.07662395387887955,0.616487979888916,0.5453065633773804,0.6072707176208496,0.04862316697835922,0.02426992356777191,0.6549830436706543,0.0,0.41520237922668457,0.2141473889350891,0.25683310627937317,0.06336534023284912,0.43167129158973694,0.05584040284156799,0.1570509821176529,0.04149676859378815,0.0,0.17296206951141357,0.35399556159973145,0.13241839408874512,0.20825223624706268,0.007685157936066389,0.0019513986771926284,0.3874751031398773,0.29022371768951416,0.37685972452163696,0.3446338474750519,0.07081542164087296,0.18197038769721985,0.4857524335384369,0.13469219207763672,0.3460918962955475,0.06909698992967606,0.5078395009040833,0.4554205536842346,0.6324266195297241,0.07794123142957687,0.2992383539676666,0.09704406559467316,0.057825930416584015,0.5827215313911438,0.34907662868499756,0.5514236688613892,0.0071899257600307465,0.6568865180015564,0.06638233363628387,0.002529806923121214,0.22598834335803986,0.016548514366149902,0.4911784529685974,0.08436732739210129,0.3678376078605652,0.13138769567012787,0.09741250425577164,0.4847687780857086,0.2924242913722992,0.017995139583945274,0.7168869972229004,0.9825385808944702,0.3075807988643646,0.5560150146484375,0.2985761761665344,0.0647183358669281,0.594271183013916,0.08076541870832443,0.25442415475845337,0.21794570982456207,0.0,0.37802523374557495,0.0,1.2445372343063354,0.0673394426703453,0.00855601392686367,0.33488500118255615,0.4475513696670532,0.4636770486831665,0.12916333973407745,0.38823169469833374,0.08102094382047653,0.3789384365081787,0.3577685058116913,0.06368038058280945,0.08114595711231232,0.21137291193008423,0.25315719842910767,0.03755665943026543,0.5313094854354858,0.27910783886909485,0.3633500933647156,0.5331633687019348,0.5024721622467041,0.39711666107177734,0.20455040037631989,0.416409432888031,0.1518467217683792,0.0,0.2405255287885666,0.7562443017959595,0.23963314294815063,0.05622995272278786,0.5208346247673035,0.009915716014802456,0.0,0.06812415271997452,0.11038749665021896,0.32620105147361755,0.09197133779525757,0.2737796902656555,0.3921310305595398,0.24377509951591492,1.09565269947052,0.09187225252389908,0.0005260194884613156
1,0.10918394476175308,0.21285390853881836,0.2001851499080658,0.19714513421058655,1.4359227418899536,0.5451969504356384,0.41979849338531494,0.6140033602714539,1.9205924272537231,0.4688020646572113,0.11657002568244934,0.25916802883148193,0.02330281399190426,0.7990627288818359,0.0,0.05606633797287941,0.3710481524467468,0.31516942381858826,0.4892096221446991,0.02972240559756756,0.0,0.23843401670455933,0.0037324249278753996,0.32738780975341797,0.257218599319458,0.29617246985435486,0.39717575907707214,0.16076233983039856,0.007765701971948147,0.04917144775390625,0.0,0.0,0.04939915984869003,0.2982149124145508,0.06668807566165924,0.08560921996831894,0.00793311558663845,0.13237294554710388,0.61773282289505,0.1506170928478241,0.1458427459001541,0.24527867138385773,0.04816436767578125,0.1595809906721115,0.8167533278465271,0.5298591256141663,0.19988848268985748,0.23462112247943878,0.4124982953071594,0.5290659070014954,0.3564230799674988,0.4063047468662262,0.17666523158550262,0.015192925930023193,0.35998186469078064,1.0660736560821533,0.42435142397880554,0.6252824068069458,0.022597650066018105,0.6894900798797607,0.18546897172927856,0.04110855981707573,0.4201262891292572,0.2078971266746521,0.5834963917732239,0.02001209184527397,0.2633129954338074,0.06754443794488907,0.47060200572013855,0.29939794540405273,0.5299700498580933,0.21219418942928314,0.2438223510980606,0.9375973343849182,0.1278030425310135,0.6822934746742249,0.403065025806427,0.08278593420982361,0.7155423760414124,0.3834642171859741,0.413965106010437,0.11235532909631729,0.17736513912677765,0.17796196043491364,0.0,1.6387516260147095,0.2536007761955261,0.0038219343405216932,0.40480849146842957,0.7181532382965088,0.4813583195209503,0.07605485618114471,0.19274568557739258,0.44789138436317444,0.4452361464500427,0.15213997662067413,0.01733080856502056,0.01662622205913067,0.12625303864479065,0.13241009414196014,0.23796820640563965,0.8701173663139343,0.5597360134124756,0.5640944838523865,0.24165956676006317,0.5412074327468872,0.20641975104808807,0.16922220587730408,0.6642118096351624,0.5568506121635437,0.05293907970190048,0.48595526814460754,0.364947110414505,0.4889310896396637,0.14901870489120483,0.7181211709976196,0.0966404378414154,0.017486609518527985,0.34165632724761963,0.014875194989144802,0.48939430713653564,0.08317134529352188,0.6311684250831604,0.16659784317016602,0.1525624841451645,1.44701087474823,0.6287038922309875,0.0919308140873909
1,0.7207863330841064,0.351955384016037,0.23631331324577332,0.9748727083206177,1.0912708044052124,0.025689341127872467,0.15576694905757904,0.6042541861534119,0.009253472089767456,0.4950523376464844,0.47318747639656067,0.0,0.0,0.426449179649353,0.0,0.09680064022541046,0.6645631790161133,1.0794841051101685,0.47512388229370117,0.0,0.15812867879867554,0.8759307861328125,0.0,0.36290794610977173,0.026636842638254166,0.3279246687889099,0.0,0.5899972915649414,0.08709061145782471,0.32887670397758484,0.48163753747940063,0.0,0.8902919292449951,0.20694026350975037,0.45878711342811584,0.5962235331535339,0.0,0.0,0.20301541686058044,0.38596099615097046,1.1628975868225098,0.21055983006954193,0.21653474867343903,0.15901128947734833,0.04243350028991699,0.0,0.18607185781002045,0.0,0.4427836239337921,0.08504930883646011,0.7430137395858765,0.0,0.21550028026103973,0.1467907726764679,0.0,0.0,0.28525739908218384,0.4597304165363312,0.0,0.3759341537952423,0.00013667858729604632,0.0,0.19294987618923187,0.26932528614997864,0.43719401955604553,0.8927707672119141,0.33246204257011414,0.4937896132469177,0.0,0.4552188217639923,0.034089140594005585,0.05141528695821762,1.1310712099075317,0.7007216215133667,0.4206957221031189,0.09380428493022919,0.16133517026901245,0.0010295092361047864,0.21036332845687866,0.0,0.023105772212147713,0.2326764166355133,0.0,0.6028534770011902,0.020660577341914177,0.4965667426586151,0.0,0.039321258664131165,0.2064107358455658,0.10691244900226593,0.7591689825057983,0.06376146525144577,0.7825464606285095,0.0,0.3002423644065857,0.3801305592060089,0.4551529884338379,0.0,0.22900334000587463,0.18790079653263092,0.015732642263174057,0.583430826663971,0.049231283366680145,0.06492163985967636,0.6320546865463257,0.5107244849205017,0.2969430983066559,0.6337398886680603,0.30188077688217163,0.013469817116856575,0.0,0.005567882675677538,0.9244142770767212,0.09320075809955597,0.009836510755121708,0.5354092717170715,0.0,0.0,0.0,0.08636745810508728,0.3898535370826721,0.28303831815719604,0.0,0.9654695987701416,0.3071635365486145,0.33017319440841675,0.0,0.0075947316363453865
1,0.40511006116867065,0.6800341010093689,0.4225383996963501,0.12902751564979553,1.3440907001495361,0.6301357746124268,0.6334633231163025,0.6704516410827637,1.5529158115386963,0.6881873607635498,0.5105389952659607,0.0967109426856041,0.18475982546806335,0.3491688072681427,0.0,0.030587267130613327,0.20776157081127167,0.4079707860946655,0.692488431930542,0.22019325196743011,0.011558406054973602,0.23656311631202698,0.10709919780492783,0.6686314344406128,0.4222976565361023,0.386842280626297,0.5019333362579346,0.1186707392334938,0.4209170937538147,0.42070141434669495,0.3695642948150635,0.07860409468412399,0.6682946085929871,0.4960429072380066,0.036904476583004,0.1506686955690384,0.005935402121394873,0.26864928007125854,1.0745304822921753,0.6765393018722534,0.6546507477760315,0.686204195022583,0.013192045502364635,0.5547055602073669,1.1275626420974731,0.6618022322654724,0.1467505395412445,0.5012991428375244,0.680739164352417,0.6889103055000305,0.7668081521987915,0.53304123878479,0.16494376957416534,0.0037492914125323296,0.3266424238681793,1.0669903755187988,0.32670310139656067,0.84716796875,0.01450150366872549,1.0538212060928345,0.23742099106311798,0.07354594022035599,0.4036101996898651,0.33670395612716675,0.6688549518585205,0.4067820608615875,0.7120678424835205,0.812546968460083,0.6832743883132935,0.1858460009098053,0.7061389684677124,0.32967251539230347,0.5224179625511169,0.335526704788208,0.1089797243475914,0.46495720744132996,0.42527011036872864,0.04749131575226784,1.1024255752563477,0.6296447515487671,0.4774971008300781,0.34473007917404175,0.49088814854621887,0.10537802428007126,0.0,1.773431658744812,0.42836445569992065,0.0028029405511915684,0.6814806461334229,0.800041675567627,0.41068172454833984,0.15220187604427338,0.14909803867340088,0.6177419424057007,0.9805379509925842,0.09092563390731812,0.4546339511871338,0.02482070028781891,0.5142527222633362,0.5462970733642578,0.5204532146453857,0.778078556060791,0.46168220043182373,0.4633527398109436,0.6508017182350159,0.8976702094078064,0.16100271046161652,0.8588314056396484,0.4574820399284363,0.4764333963394165,0.25597336888313293,0.5475918650627136,0.5953154563903809,0.8394519090652466,0.3159607946872711,0.8041833639144897,0.24747878313064575,0.25331711769104004,0.4747515618801117,0.04430503025650978,0.26142632961273193,0.4380509853363037,0.6858776211738586,0.44455403089523315,0.08956208825111389,1.5448135137557983,0.9895103573799133,0.17363964021205902
1,0.14730599522590637,0.15795443952083588,0.054184168577194214,0.4450206160545349,0.18514730036258698,1.4861876964569092,0.11182767897844315,0.9632003903388977,0.03765226528048515,0.07081255316734314,0.06887227296829224,0.9567140936851501,0.6597879528999329,1.4913434982299805,0.0,1.023050308227539,0.2418690323829651,0.7701138257980347,0.0888623520731926,0.0,0.29152747988700867,0.7985552549362183,0.04681522026658058,0.01836431957781315,0.07236439734697342,1.2867231369018555,0.8075852394104004,1.2424733638763428,0.2091716080904007,0.04932857304811478,0.05261918157339096,0.3867376446723938,0.4650728702545166,0.9803692102432251,1.1956957578659058,0.46853235363960266,0.0157377477735281,0.0022516970057040453,0.06214915215969086,0.4181482493877411,0.3309570550918579,0.043720025569200516,0.011558383703231812,0.01413362380117178,0.04625994339585304,0.0,0.5960525870323181,0.0068495990708470345,0.09899474680423737,0.21736489236354828,0.2248983532190323,0.2135903537273407,0.7237996459007263,1.1232765913009644,0.05540613830089569,0.4297040104866028,0.14663973450660706,0.16525602340698242,0.0,0.25050896406173706,0.5422337055206299,0.0,0.6862139701843262,0.0,0.8873028755187988,0.22149953246116638,0.039529070258140564,0.05444281920790672,0.08015210926532745,0.23629054427146912,0.575114905834198,0.7245445251464844,0.3343001902103424,2.0387301445007324,1.1466625928878784,0.1811552345752716,0.5523419380187988,0.21925866603851318,0.048130616545677185,0.1571236103773117,0.13500972092151642,0.01714147813618183,0.22003068029880524,0.15820404887199402,0.0,0.2051866501569748,0.0,0.010584515519440174,0.43733087182044983,1.6298635005950928,0.19755199551582336,0.48215267062187195,0.17828932404518127,0.0,0.03580203652381897,0.28956103324890137,0.07706452161073685,0.010775051079690456,0.23552443087100983,0.014997636899352074,0.3072373867034912,1.0699459314346313,0.9366106986999512,1.1687389612197876,0.13320423662662506,0.0899248868227005,0.40044814348220825,0.042049191892147064,0.15290558338165283,0.961910605430603,0.0,0.05540075898170471,1.309358835220337,0.026214199140667915,0.10445182025432587,0.11321712285280228,0.031011776998639107,0.22869782149791718,0.34518447518348694,0.25815263390541077,1.1357002258300781,0.026207871735095978,0.42799192667007446,0.08618656545877457,0.12356680631637573,0.16203972697257996,0.26682546734809875,0.0
0,0.017945261672139168,0.3584989905357361,0.22889749705791473,0.5092372298240662,1.0595976114273071,0.16905896365642548,0.31971073150634766,0.44340255856513977,0.39567095041275024,0.34429576992988586,0.25001493096351624,0.3844478726387024,0.03390057384967804,0.6692913770675659,0.013136996887624264,0.09771605581045151,0.6443396210670471,0.5240029692649841,0.45178714394569397,0.04044134169816971,0.02511913701891899,0.7109763026237488,0.0,0.19587650895118713,0.3361389935016632,0.28335195779800415,0.08696024864912033,0.4761887490749359,0.024640604853630066,0.13008365035057068,0.0625801533460617,0.0,0.21291396021842957,0.39889585971832275,0.31445765495300293,0.3829560875892639,0.010339847765862942,0.10909978300333023,0.2230692207813263,0.15018202364444733,0.4001518785953522,0.2811758816242218,0.05342285335063934,0.0736943930387497,0.31727278232574463,0.1415707916021347,0.3463728725910187,0.11991836875677109,0.33622586727142334,0.1976986825466156,0.6702316999435425,0.11136935651302338,0.48379161953926086,0.18414120376110077,0.0738573968410492,0.3241827189922333,0.5227112770080566,0.44279295206069946,0.018112381920218468,0.5180889964103699,0.10462923347949982,0.003176252357661724,0.346483439207077,0.0708487406373024,0.5362453460693359,0.11610056459903717,0.19758960604667664,0.14921335875988007,0.08717010170221329,0.551241397857666,0.38618963956832886,0.2100544422864914,0.73326575756073,1.0107336044311523,0.40897396206855774,0.4630056619644165,0.3662230670452118,0.13876736164093018,0.3522983193397522,0.10602525621652603,0.4327985644340515,0.140278622508049,0.0,0.42549964785575867,0.0,0.9638541340827942,0.11714953184127808,0.017846480011940002,0.6752358078956604,0.2461804896593094,0.3670376241207123,0.21772482991218567,0.4579177498817444,0.07722023874521255,0.24315030872821808,0.36064884066581726,0.06807667016983032,0.1521279662847519,0.1278715431690216,0.1776595413684845,0.057043563574552536,0.3547949194908142,0.4911658465862274,0.4977838099002838,0.5334517955780029,0.3110017478466034,0.4788849353790283,0.2096482664346695,0.36170992255210876,0.03960214927792549,0.0,0.2139512300491333,0.9371595978736877,0.05678438022732735,0.0667511522769928,0.20731127262115479,0.03702697530388832,0.0,0.026236001402139664,0.09334972500801086,0.18368618190288544,0.09170035272836685,0.19335858523845673,0.5061887502670288,0.287777841091156,0.8149632215499878,0.1398085355758667,0.07431484013795853
0,0.4920630156993866,0.4680464565753937,0.6098825931549072,0.9334140419960022,0.5754715800285339,0.20894862711429596,0.11968855559825897,0.7634291052818298,0.0,0.3259740471839905,0.441926509141922,0.1619061529636383,0.0,0.3632679283618927,0.0,0.018945153802633286,0.5272096991539001,1.2678524255752563,0.11490119248628616,0.0,0.7056725025177002,1.1959470510482788,0.0,0.08435619622468948,0.011775416322052479,0.5004769563674927,0.004725914914160967,0.37764036655426025,0.5746785402297974,0.5732343196868896,0.8808937668800354,0.0,0.8955172896385193,0.10770639777183533,0.4315127432346344,0.7708381414413452,0.0,0.0,0.2128930240869522,0.39304205775260925,1.0637354850769043,0.5330151319503784,0.04005331173539162,0.443769633769989,0.10119204223155975,0.0,0.40611523389816284,0.0,0.6406592130661011,0.35200464725494385,0.59285968542099,0.012066403403878212,0.3497692942619324,0.2067410796880722,0.0,0.009107682853937149,0.1643848866224289,0.05919789895415306,0.0,0.5681045651435852,0.029037145897746086,0.0,0.5391960144042969,0.2769879102706909,0.5395106673240662,0.8034414052963257,0.4493118226528168,0.4682181179523468,0.0,0.4855225682258606,0.17388802766799927,0.03173810616135597,1.2170372009277344,0.9270187020301819,0.2280503213405609,0.06316867470741272,0.3012315034866333,0.03635857254266739,0.24699126183986664,0.0,0.049028180539608,0.2600467801094055,0.0,0.2408505380153656,0.0,1.142096996307373,0.0,0.0,0.3832065463066101,0.07786330580711365,1.0298256874084473,0.027642959728837013,0.5273823142051697,0.0,0.23821717500686646,0.3064543902873993,0.6796837449073792,0.0,0.43850353360176086,0.04888589307665825,0.11163954436779022,0.7050838470458984,0.09790809452533722,0.23701781034469604,0.4374689757823944,0.6095807552337646,0.22586359083652496,0.6125543117523193,0.2292373776435852,0.00722832977771759,0.0,0.038219522684812546,1.4059853553771973,0.18731123208999634,0.0,0.6168559193611145,0.0,0.0,0.0,0.2403663992881775,0.3854396939277649,0.27420178055763245,0.06894766539335251,0.5609372854232788,0.319928914308548,0.4334337115287781,0.0,0.3093317151069641
0,0.9588391184806824,0.24122606217861176,0.7636369466781616,1.2262686491012573,0.42618846893310547,0.13117384910583496,0.342257022857666,0.693905234336853,0.00495359068736434,0.9264796376228333,0.3523068130016327,0.19610264897346497,0.0,0.3838267922401428,0.0,0.04387708753347397,0.3854416608810425,1.3766862154006958,0.08157400041818619,0.0007121134549379349,1.2050166130065918,0.7868680953979492,0.0,0.10430801659822464,0.011907319538295269,0.32367900013923645,0.015758676454424858,0.39691564440727234,0.621180534362793,1.0052142143249512,0.7458947896957397,0.0,0.7599301934242249,0.17433783411979675,0.307392418384552,0.8632212281227112,0.0,0.00041146998410113156,0.398678719997406,0.2777436077594757,0.9134402871131897,0.8171440362930298,1.0066379308700562,0.49591970443725586,0.15963241457939148,0.0,1.3404924869537354,0.0,0.8405032753944397,0.5207427740097046,0.7489818930625916,0.06851721554994583,0.31741392612457275,0.16062727570533752,0.0,0.025147417560219765,0.33987393975257874,0.08918483555316925,0.0,0.7140766978263855,0.03970403969287872,0.0,0.8386876583099365,0.3585072159767151,0.42465177178382874,0.8615013957023621,0.43895408511161804,0.8688977360725403,0.0,0.3515343964099884,0.09151595085859299,0.08967769891023636,0.9326762557029724,0.9421223998069763,0.27377989888191223,0.18749016523361206,0.22916434705257416,0.027621446177363396,0.06533853709697723,0.0016191154718399048,0.08418533205986023,0.7122339010238647,0.0,0.26155999302864075,0.0,1.0831239223480225,0.01353980228304863,0.01337147131562233,0.20350947976112366,0.02219020016491413,1.8899744749069214,0.11554522812366486,0.3663804233074188,0.0,0.07773034274578094,0.2536190152168274,0.887843668460846,0.014200334437191486,0.5183287858963013,0.04202079772949219,0.034566041082143784,1.0556633472442627,0.14618542790412903,0.2923191785812378,0.324665904045105,0.5474905371665955,0.2898199260234833,0.5014688968658447,0.1474473625421524,0.035287223756313324,0.0,0.1047944650053978,1.3101674318313599,0.32816842198371887,0.0021642083302140236,0.8826871514320374,0.0,0.07276342064142227,0.0,0.40665963292121887,0.1858978271484375,0.48443615436553955,0.11277776211500168,0.17284418642520905,0.32999593019485474,0.712767481803894,0.0,0.9136765003204346
1,0.25730305910110474,0.45381268858909607,0.23142698407173157,0.1652434915304184,1.562086820602417,0.6025751829147339,0.515967607498169,0.576330304145813,1.7497873306274414,0.5353679060935974,0.3592129647731781,0.07127474248409271,0.09162864089012146,0.5501144528388977,0.0,0.04256623983383179,0.26005664467811584,0.3746454119682312,0.6685158014297485,0.11117245256900787,0.0022976002655923367,0.35438400506973267,0.062192272394895554,0.5138322114944458,0.30212029814720154,0.3046445846557617,0.42568594217300415,0.09280472993850708,0.17385372519493103,0.2659865915775299,0.1648973971605301,0.02857380174100399,0.31729719042778015,0.33810099959373474,0.03423764929175377,0.11225605010986328,0.0030383949633687735,0.15750959515571594,0.8605389595031738,0.37544241547584534,0.3779110610485077,0.5434364080429077,0.02869933284819126,0.3128105103969574,0.7771942615509033,0.5912863612174988,0.1809484213590622,0.2730996012687683,0.6114314794540405,0.5968194007873535,0.5629078149795532,0.42673492431640625,0.05408061668276787,0.005122235976159573,0.3137330412864685,0.9356584548950195,0.18806414306163788,0.6906092762947083,0.007283777929842472,0.8818762898445129,0.1680944561958313,0.021074868738651276,0.40529561042785645,0.07220879197120667,0.5846010446548462,0.21767087280750275,0.5117481350898743,0.4666667878627777,0.5844541788101196,0.18478205800056458,0.6491803526878357,0.21255524456501007,0.4635741114616394,0.552889347076416,0.09302176535129547,0.5076836347579956,0.2934952974319458,0.026532048359513283,0.9719520807266235,0.49868670105934143,0.3668854534626007,0.2182554006576538,0.3753218948841095,0.1319623440504074,0.00132479309104383,1.82270085811615,0.31960737705230713,0.007840996608138084,0.5525034666061401,0.6747754812240601,0.46543455123901367,0.06667985022068024,0.16870149970054626,0.5308319330215454,0.6843658685684204,0.06670118123292923,0.23083961009979248,0.007325316313654184,0.26578062772750854,0.34072819352149963,0.37289339303970337,0.7768819332122803,0.47141894698143005,0.40555500984191895,0.5283761620521545,0.7472834587097168,0.08924496173858643,0.5402589440345764,0.4896280765533447,0.5687493681907654,0.16362378001213074,0.498152494430542,0.45986801385879517,0.7172195315361023,0.1696784943342209,0.7690408229827881,0.12662695348262787,0.1628667265176773,0.4378678798675537,0.002768011298030615,0.3570524752140045,0.33900755643844604,0.5858026742935181,0.3611467480659485,0.14426806569099426,1.5265514850616455,0.7067936062812805,0.0984446257352829
0,0.3876075744628906,0.22297629714012146,0.2840520441532135,0.37858957052230835,1.4586946964263916,0.6554393768310547,0.434848427772522,1.0511034727096558,0.7459820508956909,0.5364125370979309,0.14391672611236572,0.660331666469574,0.0,0.885595977306366,0.0,0.03102249838411808,0.24848967790603638,1.0667250156402588,1.0749094486236572,0.0,0.08358833938837051,0.6042866110801697,0.0,0.4845741391181946,0.022743994370102882,0.8697231411933899,0.12080418318510056,0.4478569030761719,0.1288003921508789,0.15668123960494995,0.2586173117160797,0.0,0.2728224992752075,0.11065293103456497,0.26935964822769165,0.41372615098953247,0.0,0.0,0.1845753937959671,0.6182065010070801,0.4631913900375366,0.24790126085281372,0.016255822032690048,0.28673192858695984,0.4431259334087372,0.12863408029079437,0.5807367563247681,0.0,0.6665195226669312,0.43950018286705017,0.6138051152229309,0.17854073643684387,0.22665932774543762,0.17785023152828217,0.026078732684254646,0.5652797818183899,0.13794070482254028,0.778525710105896,0.0,0.8712216019630432,0.08950295299291611,0.0,0.539490818977356,0.0,0.44134312868118286,0.1962667852640152,0.4364978075027466,0.14628320932388306,0.13754555583000183,0.1944996863603592,0.35849279165267944,0.035961441695690155,0.8451237082481384,1.2998050451278687,0.27549222111701965,0.426239550113678,0.304130494594574,0.008185997605323792,0.6157676577568054,0.027876518666744232,0.15491335093975067,0.2539222240447998,0.020910173654556274,0.19204413890838623,0.0,1.333328127861023,0.0,0.0,0.09751256555318832,0.5632960796356201,0.6912778615951538,0.05306876450777054,0.24060525000095367,0.029596760869026184,0.14576458930969238,0.11164575070142746,0.1524961292743683,0.0,0.37680289149284363,0.2292301505804062,0.022654764354228973,0.8176977634429932,0.1392570286989212,0.3997746706008911,0.6420290470123291,0.7023892998695374,0.13836395740509033,0.21374563872814178,0.24052953720092773,0.23979787528514862,0.0,0.2627106010913849,0.627716064453125,0.2733505368232727,0.005414608400315046,0.9255959987640381,0.0,0.0,0.2039370834827423,0.44205665588378906,0.7859034538269043,0.03628414496779442,0.4898730218410492,0.41355738043785095,0.09748416393995285,1.0457274913787842,0.0,0.0
0,0.41471344232559204,0.4987170100212097,0.6086414456367493,0.33221253752708435,1.7586398124694824,0.4723155200481415,0.9464830160140991,1.3909775018692017,0.994469940662384,0.7467460036277771,0.4472339153289795,0.3964475095272064,0.0,0.5902929902076721,0.0,0.032085102051496506,0.25054654479026794,0.9115097522735596,1.1463311910629272,0.0,0.015976933762431145,0.40506452322006226,0.0,0.9399371147155762,0.01028525736182928,0.49368274211883545,0.09056467562913895,0.30414876341819763,0.36191004514694214,0.453477680683136,0.34121155738830566,0.0,0.4743305444717407,0.15458059310913086,0.17069599032402039,0.24355392158031464,0.0,0.0,0.6081205010414124,0.8973504304885864,0.6385452151298523,0.5653499960899353,0.012199249118566513,0.6441774964332581,0.6790673732757568,0.1603277325630188,0.38311368227005005,0.006970664486289024,1.0377659797668457,0.8873298764228821,0.6968787312507629,0.17029567062854767,0.22837461531162262,0.13834518194198608,0.035586148500442505,0.5324236154556274,0.20079949498176575,0.9212501049041748,0.0,1.1162116527557373,0.10802781581878662,0.0,0.26035916805267334,0.008320069871842861,0.4130152463912964,0.21578162908554077,0.8505914807319641,0.5142730474472046,0.13032680749893188,0.1828376054763794,0.22534973919391632,0.05175386369228363,0.8639488816261292,0.9582949876785278,0.2579343020915985,0.42191821336746216,0.28763800859451294,0.0326937697827816,1.2053378820419312,0.06067972630262375,0.16571028530597687,0.4314027726650238,0.027994677424430847,0.20485104620456696,0.0,1.431313395500183,0.003087126649916172,0.0005613688263110816,0.09662743657827377,0.7482311725616455,0.7893295884132385,0.07792789489030838,0.22005698084831238,0.07225391268730164,0.6970116496086121,0.1139850839972496,0.20162369310855865,0.009836784563958645,0.5401175022125244,0.6557804346084595,0.0813804417848587,0.9126162528991699,0.17807307839393616,0.3546769320964813,0.9059903621673584,1.1049377918243408,0.17966338992118835,0.5673470497131348,0.29969415068626404,0.2795349061489105,0.0,0.2709351181983948,0.4568449854850769,0.7579134106636047,0.002552386373281479,1.1636877059936523,0.0,0.0,0.2732378840446472,0.20782768726348877,0.5357743501663208,0.5922855138778687,0.3403477668762207,0.33558326959609985,0.08752681314945221,1.3513367176055908,0.0,0.0
0,1.5413743257522583,1.2970584630966187,0.9380139708518982,0.7856636643409729,1.0321208238601685,0.0,0.8833665251731873,0.9326005578041077,0.0,1.8551299571990967,0.6553934812545776,0.0,0.0,0.0,0.0,0.05287725850939751,0.3428284227848053,1.6356415748596191,1.2169257402420044,0.0,0.15597976744174957,0.8732296228408813,0.0,1.8508734703063965,0.0,0.00600716145709157,0.0,0.19213269650936127,0.42802026867866516,1.3222395181655884,0.6259731650352478,0.0,1.7515007257461548,0.0,0.0,0.5993802547454834,0.0,0.0,1.6929137706756592,1.1978315114974976,1.307564616203308,1.0440949201583862,0.0,0.8589534163475037,0.7540083527565002,0.0,0.13181008398532867,0.0,0.6062872409820557,0.5539464950561523,1.6725562810897827,0.0,0.0,0.0,0.0,0.0064828116446733475,0.03955147787928581,0.23900996148586273,0.0,1.0414518117904663,0.0,0.03690293803811073,0.014661412686109543,0.6551384329795837,0.0,1.1907196044921875,1.1883248090744019,1.7989379167556763,0.0,0.27584603428840637,0.0,0.0,0.506436288356781,0.0,0.2243572622537613,0.0,0.06759827584028244,0.030343014746904373,1.1907885074615479,0.0,0.0,1.2054684162139893,0.0,0.24788956344127655,0.0,0.43860700726509094,0.0,0.0,0.013900797814130783,0.22516940534114838,0.3764326274394989,0.0,0.7149629592895508,0.0,1.788417935371399,0.09106134623289108,1.4625564813613892,0.0,0.5182633399963379,0.630672812461853,0.0,0.9717710614204407,0.0,0.0,0.6734755039215088,0.5248785614967346,0.11118297278881073,1.5695984363555908,0.1322011649608612,0.0,0.0,0.0,0.8533377051353455,0.9332190155982971,0.018156565725803375,1.1722975969314575,0.0,0.0,0.0,0.3298785388469696,0.0,0.12412581592798233,0.0,1.040663242340088,0.15586452186107635,1.3671213388442993,0.0,0.7756524682044983
1,0.000232957027037628,0.09482035785913467,0.0587158165872097,0.20744802057743073,0.800692617893219,0.907584547996521,0.09436119347810745,0.10644353926181793,2.056363582611084,0.16584454476833344,0.12194149941205978,0.17465297877788544,0.4721483886241913,0.6250225901603699,0.0005612794193439186,0.0578400082886219,0.38426658511161804,0.11275871098041534,0.14903640747070312,0.4050959646701813,0.0,0.20829877257347107,0.12384187430143356,0.10995817184448242,0.7172663807868958,0.31095626950263977,0.6779760122299194,0.2702712118625641,0.07060996443033218,0.03250749036669731,0.0,0.1791648417711258,0.04954329878091812,0.8592690825462341,0.08972233533859253,0.09484588354825974,0.1310419887304306,0.3512263596057892,0.8196420073509216,0.0,0.1557382196187973,0.11124950647354126,0.10387478023767471,0.031386904418468475,0.9056888222694397,0.8007546067237854,0.13059639930725098,0.6921029686927795,0.22739985585212708,0.20133240520954132,0.2331468164920807,0.553368330001831,0.1459396928548813,0.0003012757806573063,0.39069288969039917,1.1778186559677124,0.4273475706577301,0.2836911976337433,0.021723788231611252,0.36441460251808167,0.2956703007221222,0.07781358063220978,0.5838841199874878,0.027608592063188553,0.9087759256362915,0.0210812259465456,0.0126187177374959,0.270364373922348,0.8861772418022156,0.36372265219688416,1.112633466720581,0.4882945418357849,0.2134556919336319,0.38510754704475403,0.29991382360458374,0.48997536301612854,0.48463454842567444,0.08880995959043503,0.28640779852867126,0.8047080039978027,0.5387920141220093,0.029083941131830215,0.6391077637672424,0.19503124058246613,0.0072295526042580605,1.7128989696502686,0.6083870530128479,0.006801638286560774,1.031121015548706,0.2746112644672394,0.12481845170259476,0.23522470891475677,0.2101755142211914,0.8188942670822144,0.313078910112381,0.20002539455890656,0.016409315168857574,0.05748135969042778,0.0,0.09138034284114838,0.7217386960983276,0.5074257850646973,0.66640704870224,0.5475261807441711,0.09394095093011856,0.2936759293079376,0.2934388220310211,0.11950194835662842,0.6173117756843567,0.47611239552497864,0.5402976274490356,0.6297889947891235,0.7937435507774353,0.5408959984779358,0.36377400159835815,0.2211277186870575,0.32403892278671265,0.4408417344093323,0.6995264291763306,0.03397317975759506,0.24107761681079865,0.05490952730178833,0.732977032661438,0.1891665756702423,0.16206638514995575,1.1510803699493408,1.190609097480774,0.23456157743930817
0,1.1965845823287964,0.679131269454956,0.40120261907577515,0.6307932734489441,1.7477257251739502,0.016282591968774796,0.7962762117385864,1.1740577220916748,0.007615137845277786,0.8913313150405884,0.6762310266494751,0.0,0.015130892395973206,0.35323530435562134,0.0,0.05316281318664551,0.3735099732875824,1.4851982593536377,1.0609290599822998,0.0,0.11005425453186035,0.9734646081924438,0.0,0.8917437791824341,0.008583531714975834,0.20293636620044708,0.0,0.31895017623901367,0.2778800427913666,0.4021817743778229,0.7882631421089172,0.0,1.483516812324524,0.030678097158670425,0.4512561857700348,0.48278293013572693,0.0,0.0,0.10129232704639435,1.3101568222045898,1.507649540901184,0.5827985405921936,0.13975000381469727,0.49404898285865784,0.3710594177246094,0.0,0.2453046292066574,0.0,0.8670107126235962,0.6176941394805908,1.1331065893173218,0.0,0.13903364539146423,0.06019579619169235,0.0,0.0,0.057442545890808105,1.0098992586135864,0.0,0.8567689657211304,0.0,0.0,0.101418636739254,0.4780680239200592,0.41818028688430786,1.3693058490753174,1.0320556163787842,0.8593775629997253,0.0,0.2611928880214691,0.04137113690376282,0.02616184949874878,1.3955824375152588,0.7368494272232056,0.38432765007019043,0.023959670215845108,0.13857048749923706,0.008543695323169231,0.8908668756484985,0.0,0.016730155795812607,0.5551633834838867,0.0,0.30467453598976135,0.0,0.5207017660140991,0.0,0.006972272880375385,0.12454547733068466,0.5947586297988892,1.0240294933319092,0.040261410176754,0.4502714276313782,0.0,0.5529602766036987,0.17625652253627777,0.6225136518478394,0.0,0.8852931261062622,0.599854588508606,0.03551102057099342,1.1000851392745972,0.039629172533750534,0.03945242613554001,1.1269279718399048,0.5957149267196655,0.18418577313423157,1.132521390914917,0.16319327056407928,0.0,0.0,0.0,0.7598935961723328,0.44914722442626953,0.001358624896965921,0.994003415107727,0.0,0.0,0.0,0.0,0.08349104225635529,0.6987855434417725,0.0,1.2186602354049683,0.14864662289619446,0.4583102762699127,0.0,0.12895467877388
0,0.3981238305568695,0.3314850628376007,0.6455833911895752,0.9783661365509033,0.21752269566059113,0.4741063416004181,0.240504190325737,0.7644191384315491,0.0053663901053369045,0.6857523918151855,0.2156296819448471,0.16193586587905884,0.01520137581974268,0.4350799024105072,0.0,0.08535090833902359,0.42745909094810486,1.1506856679916382,0.04019415006041527,0.0,1.1382761001586914,0.5269435048103333,0.005001681391149759,0.15927687287330627,0.010894599370658398,0.3545341193675995,0.04720670357346535,0.48712775111198425,0.5043955445289612,0.6966343522071838,0.4777836799621582,0.013844321481883526,0.7459703087806702,0.276099294424057,0.37316831946372986,0.768399178981781,0.0,0.0,0.16395048797130585,0.13572819530963898,0.9862790107727051,0.5463518500328064,0.7624225616455078,0.3775404691696167,0.15915946662425995,0.0,0.9650741219520569,0.0,0.5628819465637207,0.38397660851478577,0.6104431748390198,0.024579979479312897,0.40790092945098877,0.2640499770641327,0.0,0.01172002125531435,0.45420029759407043,0.05929674580693245,0.0,0.6864861845970154,0.06077384948730469,0.0,0.2961220443248749,0.39923176169395447,0.4258424937725067,0.6483234167098999,0.342484712600708,0.7913856506347656,0.0,0.24382086098194122,0.052140623331069946,0.15911144018173218,0.7945207953453064,0.9644940495491028,0.274282842874527,0.16572687029838562,0.4701650142669678,0.002950327703729272,0.04143887013196945,0.0005796506884507835,0.06683873385190964,0.3279547393321991,0.0,0.25989022850990295,0.0,0.6575973629951477,0.01209836546331644,0.014736724086105824,0.29881182312965393,0.05750136077404022,1.420888066291809,0.20603634417057037,0.3592754602432251,0.0,0.18582284450531006,0.3704608380794525,0.8106278777122498,0.01051812618970871,0.4621061086654663,0.044076431542634964,0.10496572405099869,0.7216420769691467,0.23380021750926971,0.4580880105495453,0.22164826095104218,0.4119572639465332,0.481374055147171,0.4309734106063843,0.1572343111038208,0.06125018373131752,0.0,0.07484517246484756,1.7759848833084106,0.10658375173807144,0.002344558946788311,0.6380614638328552,0.0,0.010705341584980488,0.007297629956156015,0.3331216871738434,0.38429734110832214,0.35098323225975037,0.059964533895254135,0.26465126872062683,0.204698383808136,0.5133375525474548,0.0,0.5160319209098816
0,0.22696846723556519,0.2751635015010834,0.15888521075248718,0.46879494190216064,0.7252084016799927,0.3879937529563904,0.28359419107437134,0.8286313414573669,0.2585006356239319,0.2172960340976715,0.1448964923620224,0.5907384157180786,0.0,0.8169024586677551,0.0,0.05818094313144684,0.3129079043865204,1.063449740409851,0.4667815864086151,0.0,0.2190612256526947,0.9156275391578674,0.0,0.09473565965890884,0.1538386046886444,0.7138192653656006,0.10607704520225525,0.6217120885848999,0.058952681720256805,0.10555665194988251,0.23225164413452148,0.0,0.3294352889060974,0.3240314722061157,0.5361531972885132,0.5686116814613342,0.0,0.002111585345119238,0.08017121255397797,0.43261972069740295,0.5536491274833679,0.22803936898708344,0.03175099566578865,0.11328200250864029,0.3004290759563446,0.0,0.5729761123657227,0.0016276935348287225,0.374670147895813,0.301658034324646,0.6179123520851135,0.1329246610403061,0.6162125468254089,0.33955398201942444,0.055607881397008896,0.2237527072429657,0.27169257402420044,0.4491330683231354,0.0,0.528799831867218,0.11597894132137299,0.0,0.557475209236145,0.0,0.5832183957099915,0.1687021553516388,0.31589892506599426,0.09020965546369553,0.002267390489578247,0.32807794213294983,0.4599848985671997,0.16631685197353363,0.9422388672828674,1.4258332252502441,0.41319161653518677,0.3172954320907593,0.4418497085571289,0.1736619621515274,0.24677984416484833,0.08376352488994598,0.2650604546070099,0.24252930283546448,0.0,0.20706182718276978,0.0,0.7957996726036072,0.0,0.017272217199206352,0.5234366059303284,0.5195794105529785,0.6131353378295898,0.17422956228256226,0.29133906960487366,0.0,0.07299339026212692,0.26401516795158386,0.19161456823349,0.01289216335862875,0.4124371111392975,0.08401687443256378,0.09043571352958679,0.7883780598640442,0.37041619420051575,0.5523697733879089,0.4830569922924042,0.21560849249362946,0.28548696637153625,0.1801028996706009,0.22244209051132202,0.12032083421945572,0.0,0.18954412639141083,1.1776407957077026,0.03414526581764221,0.008902198635041714,0.4765603244304657,0.002404456026852131,0.0,0.050248268991708755,0.4804360568523407,0.5659690499305725,0.08883971720933914,0.4782484769821167,0.3945731818675995,0.15746504068374634,0.6328246593475342,0.009549509733915329,0.0
0,2.3981051445007324,1.367084264755249,1.0862181186676025,0.8754162788391113,1.4650932550430298,0.04384070262312889,1.3526686429977417,2.0004992485046387,0.01297673862427473,2.5693628787994385,1.129435420036316,0.0,0.0,0.0028638325165957212,0.0,0.020097818225622177,0.18780429661273956,1.7928837537765503,1.7822623252868652,0.0,0.15321418642997742,1.0780165195465088,0.0680055245757103,2.3640148639678955,0.0,0.010525234043598175,0.0,0.08868523687124252,0.8478153944015503,1.0648317337036133,0.9644797444343567,0.0,2.2379796504974365,0.0,0.00654226541519165,0.21184968948364258,0.003936273977160454,0.0,2.4581973552703857,1.7300989627838135,1.545170783996582,1.6960240602493286,0.027070272713899612,1.3527519702911377,1.4836419820785522,0.0,0.44481760263442993,0.0,0.7851900458335876,1.3016669750213623,1.2786524295806885,0.0,0.0,0.0,0.0,0.2164098471403122,0.024338461458683014,0.5638547539710999,0.0027087342459708452,1.4538660049438477,0.0,0.04576946422457695,0.11039300262928009,2.010920286178589,0.0,1.6158689260482788,2.0547597408294678,2.3793580532073975,0.0,0.19253647327423096,0.0,0.0,0.3429104685783386,0.0,0.45853790640830994,0.0,0.034735389053821564,0.022978296503424644,1.6939680576324463,0.0,0.0,1.705443024635315,0.0,0.12201622873544693,0.0,0.6285056471824646,0.0,0.0,0.004841520916670561,0.8996292352676392,0.3360432982444763,0.0,0.5031207203865051,0.0,2.0871400833129883,0.03777729719877243,2.3162288665771484,0.0,0.8270254731178284,0.646136999130249,0.0,1.7055306434631348,0.0,0.0,1.4163591861724854,0.5842248797416687,0.0994177982211113,1.6937906742095947,0.07258699834346771,0.0,0.0,0.0,0.5702952146530151,1.5786548852920532,0.03263775631785393,1.8765909671783447,0.0,0.0,0.0,0.08669304102659225,0.0,0.7427655458450317,0.0,0.9343121647834778,0.0923960879445076,1.519740104675293,0.0,1.3342024087905884
1,0.4932864010334015,0.6708071827888489,0.4512573778629303,0.256974458694458,1.5637985467910767,0.5577942132949829,0.7732017636299133,0.927663266658783,1.1028519868850708,0.8038424849510193,0.5541792511940002,0.193168044090271,0.0006499988958239555,0.41534876823425293,0.0,0.029197635129094124,0.24017490446567535,0.6523371338844299,0.8903549909591675,0.02542724460363388,0.004566083196550608,0.33296525478363037,0.006338778883218765,0.8925695419311523,0.1322857290506363,0.5203289985656738,0.2821449041366577,0.22246699035167694,0.39084136486053467,0.46418192982673645,0.3137092888355255,0.0,0.6766846179962158,0.29923903942108154,0.06342388689517975,0.16277910768985748,0.0,0.044262997806072235,1.0388312339782715,0.8621571063995361,0.7683390974998474,0.790878415107727,0.018431050702929497,0.6233627200126648,0.8797001242637634,0.43085914850234985,0.11626879870891571,0.12318038940429688,0.7975834608078003,0.739746630191803,0.754396378993988,0.5018128156661987,0.3115307092666626,0.04090471938252449,0.16224417090415955,0.8654518127441406,0.34502243995666504,1.0227065086364746,0.004974672105163336,1.2087321281433105,0.21676196157932281,0.004220717120915651,0.37707072496414185,0.2677902281284332,0.6034279465675354,0.4558056592941284,0.7773230075836182,0.7152804136276245,0.35875454545021057,0.1843942403793335,0.41295552253723145,0.20064760744571686,0.7093505859375,0.6504666805267334,0.16339972615242004,0.4945971965789795,0.3252243101596832,0.014009134843945503,1.266005277633667,0.3267950415611267,0.2723065912723541,0.34864914417266846,0.17167054116725922,0.1828419715166092,0.0,1.4401944875717163,0.14978685975074768,0.0,0.26812130212783813,0.9088226556777954,0.6516436338424683,0.1378229856491089,0.19738812744617462,0.2969096601009369,0.9611273407936096,0.1591731458902359,0.4274129867553711,0.038606539368629456,0.5542640089988708,0.624088704586029,0.29340678453445435,0.9103365540504456,0.23209980130195618,0.4573759436607361,0.7864461541175842,1.0912009477615356,0.19483309984207153,0.8770616054534912,0.45133817195892334,0.33470988273620605,0.005900029558688402,0.48354989290237427,0.4559519290924072,0.848500669002533,0.14964289963245392,1.0609780550003052,0.0410662405192852,0.019474271684885025,0.3407079577445984,0.2039124220609665,0.6065163612365723,0.46490681171417236,0.6699848771095276,0.4371573030948639,0.09160517901182175,1.5159473419189453,0.46283695101737976,0.0
1,0.05221131443977356,0.15281450748443604,0.13233208656311035,0.1556408852338791,1.2911005020141602,0.7523842453956604,0.30924710631370544,0.4730122685432434,2.155677080154419,0.3577638566493988,0.09202895313501358,0.15753455460071564,0.09963167458772659,0.764411211013794,0.0,0.04426296800374985,0.29429891705513,0.23507188260555267,0.3956352174282074,0.13080783188343048,0.0,0.1810794323682785,0.05254019796848297,0.26770830154418945,0.3577713668346405,0.376083642244339,0.5411510467529297,0.12936358153820038,0.005878971423953772,0.036555394530296326,0.0,0.03472210094332695,0.03899938240647316,0.4225725829601288,0.05230315774679184,0.06758621335029602,0.006262986455112696,0.16144797205924988,0.7161394953727722,0.09031378477811813,0.11513904482126236,0.19046160578727722,0.038624346256256104,0.10061482340097427,0.9063915610313416,0.6594668030738831,0.1834595650434494,0.3693852722644806,0.33877697587013245,0.4820985794067383,0.26122933626174927,0.5094025135040283,0.11725614219903946,0.01199441496282816,0.35973334312438965,1.2395278215408325,0.3115440309047699,0.5066895484924316,0.013274325989186764,0.6564651727676392,0.22088582813739777,0.054964203387498856,0.4663981795310974,0.12272798269987106,0.7389657497406006,0.01579902693629265,0.18767504394054413,0.10261561721563339,0.660226047039032,0.2487621009349823,0.7553897500038147,0.3002566695213318,0.18228821456432343,0.7653273344039917,0.1008971706032753,0.6872251629829407,0.41031140089035034,0.10679454356431961,0.6480556130409241,0.5837565064430237,0.4163465201854706,0.05872195586562157,0.4316582977771759,0.14243550598621368,0.0,1.7547603845596313,0.34861063957214355,0.0030173298437148333,0.5234588384628296,0.6115863919258118,0.31775617599487305,0.10298996418714523,0.1521676480770111,0.6158242225646973,0.43117737770080566,0.12542857229709625,0.013682208955287933,0.015797585248947144,0.06248731538653374,0.09428804367780685,0.4347154200077057,0.8448113799095154,0.5834967494010925,0.5233142375946045,0.17758339643478394,0.4954570531845093,0.16992348432540894,0.12783968448638916,0.6663433909416199,0.7379721999168396,0.21994315087795258,0.5582464337348938,0.4397924244403839,0.5438128709793091,0.2442517727613449,0.5873422622680664,0.16814802587032318,0.15055900812149048,0.5094316005706787,0.012840799055993557,0.4991042912006378,0.06173434481024742,0.7833974361419678,0.13034576177597046,0.12044402211904526,1.4755269289016724,0.8413792848587036,0.08201521635055542
1,0.2697383165359497,0.16725324094295502,0.10873955488204956,0.3015403747558594,1.0925986766815186,0.7531946897506714,0.16727541387081146,0.3294333219528198,1.0993036031723022,0.24900302290916443,0.13968461751937866,0.3487037122249603,0.0,0.619385302066803,0.0,0.02919764444231987,0.2516670823097229,0.6659848093986511,0.5449492335319519,0.019611209630966187,0.0788700208067894,0.4021379351615906,0.007119931746274233,0.3247504234313965,0.13057264685630798,0.959774374961853,0.32820311188697815,0.324566125869751,0.017874743789434433,0.08857394009828568,0.1471855789422989,0.0,0.19598890841007233,0.3451864719390869,0.10454010218381882,0.22381366789340973,0.0,0.05456547439098358,0.6154494285583496,0.22985287010669708,0.33578139543533325,0.21603898704051971,0.018431030213832855,0.1612604409456253,0.5356714725494385,0.46700185537338257,0.1511952430009842,0.13792216777801514,0.258645623922348,0.24172233045101166,0.35924696922302246,0.654883861541748,0.3806808590888977,0.06920230388641357,0.2279619723558426,0.9762428402900696,0.47816601395606995,0.6704285144805908,0.014649894088506699,0.6326448321342468,0.32570958137512207,0.007501442451030016,0.6521924734115601,0.06295046955347061,0.6578909754753113,0.1224517822265625,0.19650688767433167,0.10817401856184006,0.43083667755126953,0.21021190285682678,0.5578120946884155,0.2990261912345886,0.5558000206947327,1.0303349494934082,0.17233414947986603,0.5863471031188965,0.411194771528244,0.016803467646241188,0.48717689514160156,0.3863696753978729,0.39410409331321716,0.09497532248497009,0.18388940393924713,0.1854115128517151,0.0,1.4001442193984985,0.178492933511734,0.0,0.334308385848999,0.6701299548149109,0.4226934611797333,0.15001776814460754,0.21842944622039795,0.30282890796661377,0.18032103776931763,0.1591731756925583,0.1517418473958969,0.03860655054450035,0.15550057590007782,0.12319772690534592,0.3094126582145691,0.8094784021377563,0.34264758229255676,0.6048877239227295,0.32594841718673706,0.6611838936805725,0.19483302533626556,0.272019624710083,0.4777405261993408,0.3865235149860382,0.009929986670613289,0.597078800201416,0.7348805665969849,0.3718058168888092,0.20671740174293518,0.6903500556945801,0.05694207176566124,0.01399810891598463,0.3507281541824341,0.46364468336105347,1.0204201936721802,0.04962679743766785,0.9091401100158691,0.28060513734817505,0.09160521626472473,1.0748661756515503,0.5686599016189575,0.0
1,0.006502510514110327,0.1328209787607193,0.10217924416065216,0.313489705324173,0.8403262495994568,0.729235053062439,0.06986768543720245,0.15965743362903595,1.5084452629089355,0.26557108759880066,0.1682516485452652,0.16487814486026764,0.0782397910952568,0.7216949462890625,0.0,0.047994598746299744,0.43645933270454407,0.26502248644828796,0.13170768320560455,0.12930884957313538,0.007720127701759338,0.3881034851074219,0.03678714111447334,0.18492311239242554,0.29886847734451294,0.6327087879180908,0.4371131658554077,0.31224510073661804,0.0,0.1302107274532318,0.0,0.033184703439474106,0.1092965304851532,0.5572962164878845,0.040007054805755615,0.11426758766174316,0.0,0.15061183273792267,0.7774537801742554,0.0,0.22146083414554596,0.1838350147008896,0.04137212038040161,0.041039809584617615,0.624565064907074,0.5981132984161377,0.11972952634096146,0.35049721598625183,0.16951718926429749,0.21126170456409454,0.29124462604522705,0.613764226436615,0.2982150614261627,0.0,0.22886468470096588,1.2280291318893433,0.48618125915527344,0.41510009765625,0.0,0.584908127784729,0.2814745604991913,0.025643818080425262,0.47853270173072815,0.0948987677693367,0.7397519946098328,0.07205162197351456,0.052173733711242676,0.128165140748024,0.5731878280639648,0.2966454327106476,0.7159549593925476,0.38294610381126404,0.3883223533630371,0.7355367541313171,0.20187225937843323,0.731587827205658,0.5029535889625549,0.05119089037179947,0.344232439994812,0.5958946347236633,0.4500356614589691,0.015785181894898415,0.370137482881546,0.26014986634254456,0.0,1.4899497032165527,0.337477445602417,0.0,0.5227587819099426,0.5287096500396729,0.2762707471847534,0.19959090650081635,0.2733776867389679,0.5125226974487305,0.2543836534023285,0.24797344207763672,0.06761425733566284,0.0327528640627861,0.0,0.1167018935084343,0.4314357042312622,0.6478599905967712,0.477957159280777,0.598400890827179,0.1865285485982895,0.4674968719482422,0.328436940908432,0.15278102457523346,0.6620383858680725,0.5749489665031433,0.17884153127670288,0.6121416091918945,0.7528102993965149,0.32100918889045715,0.3270590901374817,0.2738514840602875,0.15292632579803467,0.11787436157464981,0.37783411145210266,0.18474338948726654,0.685271680355072,0.06140962615609169,0.9127342700958252,0.17635269463062286,0.15588726103305817,1.1789993047714233,0.9249594211578369,0.02075423114001751
1,0.060589857399463654,0.16299916803836823,0.13454669713974,0.19234946370124817,1.396400809288025,0.6827471852302551,0.33132585883140564,0.5076824426651001,1.8956167697906494,0.40305641293525696,0.11832670867443085,0.3285580277442932,0.016164489090442657,0.8526224493980408,0.0,0.05097876861691475,0.3414155840873718,0.2727552354335785,0.47121402621269226,0.003851007204502821,0.0,0.24153108894824982,0.0,0.3058817684650421,0.16248725354671478,0.44448724389076233,0.3911379873752594,0.18385635316371918,0.011368331499397755,0.04863390699028969,0.0,0.0,0.06002384424209595,0.27481621503829956,0.0648215115070343,0.09345638006925583,0.006278335116803646,0.09955228865146637,0.5658444762229919,0.07212326675653458,0.14987076818943024,0.22748608887195587,0.02198675461113453,0.10288582742214203,0.7552481293678284,0.6010212302207947,0.16960076987743378,0.18024173378944397,0.30026406049728394,0.43770697712898254,0.30250778794288635,0.49298152327537537,0.18964184820652008,0.016107436269521713,0.35992035269737244,1.0867846012115479,0.43215516209602356,0.6528140306472778,0.0,0.7050489783287048,0.22115400433540344,0.009121334180235863,0.44868212938308716,0.10897428542375565,0.5524409413337708,0.029198791831731796,0.17498160898685455,0.05299966409802437,0.5508369207382202,0.26995211839675903,0.6331952810287476,0.18901053071022034,0.2574346959590912,0.8521835207939148,0.14684365689754486,0.7505462765693665,0.3583885133266449,0.0928550735116005,0.6491270065307617,0.4277966320514679,0.45323941111564636,0.061021167784929276,0.20636598765850067,0.17563004791736603,0.0,1.6051075458526611,0.24748751521110535,0.004671567585319281,0.37196409702301025,0.6598236560821533,0.4800876975059509,0.07809659838676453,0.20005832612514496,0.4409385323524475,0.36147889494895935,0.13939043879508972,0.0205678753554821,0.02372761256992817,0.06363683193922043,0.11121691018342972,0.20687668025493622,0.7642253041267395,0.5928573608398438,0.6133337616920471,0.2160477638244629,0.6397004723548889,0.22292348742485046,0.14531773328781128,0.6445527672767639,0.5234044194221497,0.04597938060760498,0.5775490403175354,0.3350394368171692,0.4381538927555084,0.16227364540100098,0.6523234248161316,0.04666779935359955,0.008443469181656837,0.39514485001564026,0.07675127685070038,0.600928008556366,0.06258043646812439,0.7193624973297119,0.19129589200019836,0.14927014708518982,1.4271199703216553,0.551171600818634,0.05269701033830643
0,0.2869202792644501,0.2753462791442871,0.1806529462337494,0.2678048610687256,0.8659518361091614,0.873968243598938,0.5531887412071228,1.025152325630188,1.0743733644485474,0.22990179061889648,0.10956591367721558,1.2882968187332153,0.12828482687473297,1.4943467378616333,0.0,0.03102249838411808,0.24863290786743164,1.0638922452926636,0.40568843483924866,0.0,0.13964636623859406,0.816322386264801,0.0,0.1758904904127121,0.05253478139638901,0.6864522099494934,0.36843904852867126,0.5637319684028625,0.06255944818258286,0.063448466360569,0.09719865769147873,0.0,0.3111635148525238,0.36338621377944946,0.7057803273200989,0.32793331146240234,0.0,0.02720477804541588,0.06532054394483566,0.40601807832717896,0.2081770896911621,0.1209716647863388,0.02598206326365471,0.07217542827129364,0.6829589605331421,0.10747328400611877,0.8106449842453003,0.03675776347517967,0.37112537026405334,0.563814640045166,0.3418085277080536,0.39266419410705566,0.7267557382583618,0.4188343584537506,0.06008043512701988,0.7043414115905762,0.35262924432754517,0.7339852452278137,0.0,0.4632176458835602,0.4432218372821808,0.0,0.9208922982215881,0.0,1.1005520820617676,0.12288377434015274,0.289812833070755,0.10927172750234604,0.27451175451278687,0.18839916586875916,0.7445816397666931,0.5787464380264282,0.7241665124893188,1.8425886631011963,0.6304806470870972,0.4670374393463135,0.6304358839988708,0.5418116450309753,0.33409661054611206,0.12062670290470123,0.5556062459945679,0.30746200680732727,0.0802614688873291,0.1808474361896515,0.0,0.7997336983680725,0.0,0.0018177941674366593,0.3652516007423401,1.0285216569900513,0.36619386076927185,0.4145151376724243,0.19357609748840332,0.0,0.1166287213563919,0.16281014680862427,0.04262566566467285,0.057807426899671555,0.2769882082939148,0.08156372606754303,0.09062454849481583,1.0407053232192993,1.053826928138733,0.7565079927444458,0.4398871958255768,0.20710565149784088,0.2322772592306137,0.062985859811306,0.12880685925483704,0.1821802705526352,0.0,0.2258899211883545,0.8257564902305603,0.19804401695728302,0.026219448074698448,0.3592644929885864,0.0008669985691085458,0.0,0.23912721872329712,0.4975062608718872,0.8954905867576599,0.03210733085870743,0.6324957609176636,0.1760123372077942,0.10081057250499725,0.9065588712692261,0.19894267618656158,0.0
0,0.5693984627723694,0.4641130864620209,0.4924986660480499,0.8616092801094055,1.2907893657684326,0.011639982461929321,0.27126652002334595,0.7374447584152222,0.01315837912261486,0.5946168899536133,0.8810825943946838,0.20508956909179688,0.0,0.41589686274528503,0.0,0.05692330375313759,0.7164801955223083,1.0010091066360474,0.5038569569587708,0.0,0.5194736123085022,1.0547618865966797,0.0,0.5935178995132446,0.0,0.31264758110046387,0.0,0.47209134697914124,0.15468423068523407,0.6882494688034058,0.767105221748352,0.0,0.5930392146110535,0.18372496962547302,0.2546136975288391,0.5450459718704224,0.0,0.0,0.3568896949291229,0.4099561274051666,1.159489393234253,0.7107415795326233,0.12810377776622772,0.5534300208091736,0.287138432264328,0.0,0.2780790328979492,0.0,1.1016374826431274,0.4040681719779968,1.0485049486160278,0.0,0.344623327255249,0.13128294050693512,0.0,0.017392760142683983,0.24279555678367615,0.32245734333992004,0.0,0.5694515109062195,0.005460244137793779,0.0,0.4783878028392792,0.023340463638305664,0.2833698093891144,0.8783020973205566,0.4137742817401886,0.6794003844261169,0.0,0.48996156454086304,0.0076733119785785675,0.027738358825445175,1.4336721897125244,0.9228715896606445,0.3013027608394623,0.10091156512498856,0.06227157264947891,0.0,0.5993582010269165,0.0,0.0030838230159133673,0.24515113234519958,0.0,0.4474059045314789,0.0,1.0993235111236572,0.0,0.014279244467616081,0.03376848250627518,0.23691974580287933,0.9313406348228455,0.007186816539615393,0.6233564615249634,0.0,0.30759891867637634,0.32403692603111267,0.6519323587417603,0.0,0.4954414963722229,0.481931209564209,0.0,0.4370732009410858,0.0,0.032130587846040726,0.8429657220840454,0.8218240141868591,0.26737353205680847,0.7371325492858887,0.25936105847358704,0.0029159074183553457,0.0,0.0,0.7896983027458191,0.1388571411371231,0.003436696482822299,0.7088962197303772,0.0,0.0,0.0,0.06035047024488449,0.5054489970207214,0.6627716422080994,6.506015051854774e-05,0.518165111541748,0.33650490641593933,0.8397876024246216,0.0,0.05042032524943352
1,0.5682703852653503,0.3633183538913727,0.20483975112438202,0.2605222165584564,1.424513816833496,0.5919873714447021,0.332965612411499,0.4240308701992035,0.9809806942939758,0.4298139810562134,0.4468533992767334,0.1768660992383957,0.0,0.4027239680290222,0.0,0.02919764630496502,0.26042500138282776,0.677886962890625,0.7374353408813477,0.017954418435692787,0.06765984743833542,0.2697522044181824,0.0035914939362555742,0.7095078229904175,0.08702534437179565,0.7477803230285645,0.2883208990097046,0.26108407974243164,0.14260131120681763,0.11175340414047241,0.29903000593185425,0.0,0.3992987275123596,0.27550581097602844,0.06342393159866333,0.25823405385017395,0.0,0.037927865982055664,0.5380929708480835,0.4068744480609894,0.619530200958252,0.5718298554420471,0.018431030213832855,0.27492502331733704,0.5037741661071777,0.4270693361759186,0.09719082713127136,0.09860432893037796,0.43778684735298157,0.40447673201560974,0.5578704476356506,0.5416303277015686,0.2677738666534424,0.040904730558395386,0.14473292231559753,0.843619704246521,0.3507385849952698,0.9400423169136047,0.008406160399317741,0.6742649674415588,0.22692006826400757,0.0028686176519840956,0.39533326029777527,0.06148354336619377,0.5535356402397156,0.28576362133026123,0.54484623670578,0.3290502727031708,0.3957759439945221,0.19283664226531982,0.3791505992412567,0.18333983421325684,0.5985170602798462,0.6132063269615173,0.16339972615242004,0.5032923221588135,0.2931268513202667,0.014009187929332256,0.803771436214447,0.3123021721839905,0.26157549023628235,0.13548828661441803,0.18738576769828796,0.1828419715166092,0.023646211251616478,1.2635747194290161,0.13888972997665405,0.0,0.22659122943878174,0.6248927116394043,0.40334877371788025,0.13089366257190704,0.2401447296142578,0.2562066316604614,0.4883244037628174,0.15917310118675232,0.32852452993392944,0.03860650956630707,0.2634426951408386,0.45899295806884766,0.24180084466934204,0.6741561889648438,0.2227170318365097,0.4337586760520935,0.49636852741241455,0.8758866190910339,0.19483302533626556,0.7686934471130371,0.4018566608428955,0.35812580585479736,0.004792121704667807,0.4599618911743164,0.49054381251335144,0.45937028527259827,0.1571255624294281,0.9684099555015564,0.03206219524145126,0.007190914824604988,0.34645259380340576,0.2689955234527588,0.8332585692405701,0.4908224046230316,0.7142111659049988,0.5560638904571533,0.09160517156124115,1.0959978103637695,0.4489262104034424,0.06183554232120514
1,0.21733614802360535,0.1791546493768692,0.06435900926589966,0.4388018846511841,0.20908823609352112,1.5953940153121948,0.19597865641117096,1.0051780939102173,0.03090943582355976,0.08951723575592041,0.09355153888463974,0.8874479532241821,0.6415985226631165,1.606202483177185,0.0,0.8757861256599426,0.22671683132648468,0.9983454346656799,0.1133594736456871,0.0,0.35208964347839355,0.6843433380126953,0.09201366454362869,0.04744073748588562,0.040120650082826614,1.37117338180542,0.7743139863014221,1.2728972434997559,0.15794287621974945,0.0477602481842041,0.14136628806591034,0.3326270580291748,0.5963256359100342,0.9283178448677063,1.1610403060913086,0.4481517970561981,0.0,0.0,0.04826165363192558,0.431965172290802,0.30328017473220825,0.04135832190513611,0.021791428327560425,0.018476882949471474,0.04625996574759483,0.0,0.6057419776916504,0.0,0.1368725597858429,0.23249733448028564,0.2312176376581192,0.2360103279352188,0.8295149803161621,0.9936755895614624,0.056910041719675064,0.4133865535259247,0.15524834394454956,0.3020149767398834,0.0,0.2729690372943878,0.5948051810264587,0.0,0.648566484451294,0.0,1.0097084045410156,0.35348090529441833,0.02576805092394352,0.0778399109840393,0.06558412313461304,0.15771061182022095,0.36318129301071167,0.8173530697822571,0.41865596175193787,2.286365509033203,1.0516142845153809,0.16508494317531586,0.647408127784729,0.15935875475406647,0.06501305103302002,0.11085101217031479,0.13096852600574493,0.020220616832375526,0.2749023735523224,0.1701137125492096,0.0,0.23320358991622925,0.0,0.010402393527328968,0.3376466631889343,1.7207077741622925,0.22291643917560577,0.5965972542762756,0.18811984360218048,0.0,0.03968358784914017,0.2888931632041931,0.05064539238810539,0.009391927160322666,0.24950678646564484,0.031112775206565857,0.26312026381492615,1.0885611772537231,1.1022069454193115,1.1601563692092896,0.17273911833763123,0.10664835572242737,0.27811601758003235,0.044860608875751495,0.11055205762386322,0.9984859228134155,0.0,0.06589023023843765,1.2791531085968018,0.003037415910512209,0.03322003781795502,0.11314099282026291,0.0,0.2837401032447815,0.2998692989349365,0.35949602723121643,1.1505601406097412,0.028584584593772888,0.45629382133483887,0.1452929526567459,0.09480020403862,0.176972895860672,0.2278195172548294,0.0
1,0.2232528179883957,0.592300534248352,0.40229663252830505,0.18662503361701965,1.5364476442337036,0.46504512429237366,0.567490816116333,0.7530637979507446,1.7929788827896118,0.6330648064613342,0.4256802201271057,0.011505946516990662,0.24549594521522522,0.2911222577095032,0.0,0.04105754941701889,0.24052610993385315,0.4513362944126129,0.7163581252098083,0.2908846139907837,0.012143679894506931,0.2780188024044037,0.15421313047409058,0.5143114924430847,0.497288316488266,0.3021596074104309,0.4762656092643738,0.07946266233921051,0.29128363728523254,0.3735581934452057,0.20517992973327637,0.08652783185243607,0.5019739866256714,0.37719807028770447,0.027530794963240623,0.16673977673053741,0.017289306968450546,0.16233040392398834,0.9600825309753418,0.5134491920471191,0.4272404611110687,0.637733519077301,0.07673432677984238,0.44709262251853943,0.9571965932846069,0.5342882871627808,0.23115113377571106,0.39572399854660034,0.7425726652145386,0.8154718279838562,0.7473653554916382,0.4119053781032562,0.01946476474404335,0.022066282108426094,0.44098544120788574,0.9064410328865051,0.008065680041909218,0.7161245942115784,0.057345759123563766,1.0420186519622803,0.15115754306316376,0.10754595696926117,0.37618207931518555,0.11036697775125504,0.7855931520462036,0.2435850352048874,0.6488381624221802,0.635655403137207,0.6187014579772949,0.10390681028366089,0.6577689051628113,0.21200338006019592,0.4593049883842468,0.4050690233707428,0.08175419270992279,0.42752009630203247,0.34158623218536377,0.04820471256971359,1.1587992906570435,0.5573738813400269,0.28795963525772095,0.29142048954963684,0.5265898704528809,0.09536173939704895,0.0,2.051510810852051,0.3047906160354614,0.006283559836447239,0.6214858889579773,0.7624171376228333,0.4631872773170471,0.08376450836658478,0.19012445211410522,0.4907890260219574,0.8717217445373535,0.04418705776333809,0.31426092982292175,0.0,0.4045025408267975,0.4766944944858551,0.4039943218231201,0.7798687219619751,0.4389936029911041,0.35451698303222656,0.5714012384414673,0.8981998562812805,0.06059972569346428,0.6146243214607239,0.3633975088596344,0.5605947971343994,0.33966225385665894,0.416682630777359,0.4448798596858978,0.8291410207748413,0.15255269408226013,0.7702171802520752,0.26012539863586426,0.2550814151763916,0.5240416526794434,0.0034281485714018345,0.2679242491722107,0.3596256375312805,0.5696307420730591,0.41412290930747986,0.1651185154914856,1.5657517910003662,0.9284518361091614,0.2227274477481842
1,0.24944950640201569,0.21195395290851593,0.3326095640659332,0.2569745182991028,1.5339444875717163,0.6634405255317688,0.543393075466156,0.9463245272636414,1.0930954217910767,0.530799388885498,0.3944215178489685,0.2931734621524811,0.0,0.5474889874458313,0.0,0.02919764630496502,0.24083134531974792,0.5203862190246582,0.7489657402038574,0.018283704295754433,0.01003678422421217,0.3396727442741394,0.007043070159852505,0.7327354550361633,0.09793873131275177,0.5423830151557922,0.3011147677898407,0.22246696054935455,0.18307346105575562,0.2939126789569855,0.19385111331939697,0.0,0.3352976441383362,0.28577911853790283,0.06342390179634094,0.08892496675252914,0.0,0.039055921137332916,0.8528571128845215,0.5731652975082397,0.611668586730957,0.6026506423950195,0.018431035801768303,0.5809312462806702,0.8342293500900269,0.44922366738319397,0.08689814805984497,0.1141250729560852,0.8466172814369202,0.606736421585083,0.5122342109680176,0.5088497400283813,0.31570497155189514,0.04090471938252449,0.1429656594991684,0.957568347454071,0.34021592140197754,0.6467912197113037,0.006133548449724913,0.967941164970398,0.22034282982349396,0.003058234229683876,0.4149593114852905,0.08549829572439194,0.5447916388511658,0.24984318017959595,0.5415796637535095,0.432547003030777,0.3683195114135742,0.1843942552804947,0.4182550609111786,0.1881275475025177,0.6691569089889526,0.6485852003097534,0.16532807052135468,0.515778660774231,0.3089052140712738,0.01400919072329998,1.0269569158554077,0.3133715093135834,0.25901976227760315,0.16453827917575836,0.16497324407100677,0.1828419715166092,0.0,1.359035849571228,0.12715257704257965,0.0,0.23608656227588654,0.6521574258804321,0.7147392630577087,0.13264112174510956,0.19901973009109497,0.3277451992034912,0.5961765646934509,0.15917310118675232,0.19597429037094116,0.038606517016887665,0.45113223791122437,0.42775648832321167,0.3060259521007538,0.9222856760025024,0.2189241647720337,0.4147317111492157,0.6148021221160889,1.1535446643829346,0.19483299553394318,0.45360997319221497,0.4931398332118988,0.36000365018844604,0.0060774944722652435,0.47558897733688354,0.4441257119178772,0.7259541153907776,0.1478174924850464,1.0215998888015747,0.03749246522784233,0.009669560939073563,0.419848769903183,0.2217329740524292,0.647648811340332,0.46856892108917236,0.6898491978645325,0.1428276002407074,0.09160517901182175,1.327894687652588,0.42928028106689453,0.0
1,0.04231420159339905,0.11325857788324356,0.12007727473974228,0.18149405717849731,1.17133629322052,0.9366578459739685,0.22503386437892914,0.4109255075454712,2.0904457569122314,0.34430354833602905,0.09740886092185974,0.1704084724187851,0.07373226433992386,0.8118666410446167,0.0,0.02778635546565056,0.252687007188797,0.2583492696285248,0.3278330862522125,0.09971117973327637,0.0044695474207401276,0.2246914952993393,0.03661084920167923,0.30067503452301025,0.23894016444683075,0.608635663986206,0.5031618475914001,0.18077342212200165,0.0,0.07538517564535141,0.0,0.03424561768770218,0.06327695399522781,0.42319196462631226,0.02336781844496727,0.06615491956472397,0.0,0.10602468997240067,0.8264203071594238,0.060720399022102356,0.12821416556835175,0.19594331085681915,0.02395228110253811,0.09165606647729874,0.8566907644271851,0.6967083215713501,0.15920744836330414,0.2850518226623535,0.29242607951164246,0.42928871512413025,0.208072230219841,0.6456823945045471,0.17285387217998505,0.0053918189369142056,0.31103619933128357,1.3608121871948242,0.31704190373420715,0.5630502104759216,0.0,0.762413740158081,0.2723737061023712,0.026926087215542793,0.5086267590522766,0.07099279761314392,0.7548953294754028,0.041714102029800415,0.1272537261247635,0.08877211809158325,0.7067475318908691,0.17174208164215088,0.7837634682655334,0.2950415313243866,0.2450309544801712,0.755694568157196,0.12561213970184326,0.7819746732711792,0.40640440583229065,0.05600297451019287,0.6232706308364868,0.6063297390937805,0.364266037940979,0.04520466923713684,0.4643498957157135,0.15061308443546295,0.0,1.741339087486267,0.3020855784416199,0.0,0.38521334528923035,0.6454449892044067,0.344542533159256,0.1239074245095253,0.15827126801013947,0.5772979855537415,0.3730911314487457,0.14356355369091034,0.039145082235336304,0.018962174654006958,0.03251982107758522,0.0811157077550888,0.4378027021884918,0.849611759185791,0.4692170023918152,0.5209717154502869,0.17555229365825653,0.6597933769226074,0.19292740523815155,0.10574819147586823,0.6933474540710449,0.8013516068458557,0.20054593682289124,0.6407192945480347,0.46951064467430115,0.5316474437713623,0.2731650769710541,0.5806054472923279,0.1100856140255928,0.12345730513334274,0.5780526995658875,0.12317219376564026,0.8072289228439331,0.047708045691251755,0.9531311988830566,0.10209888964891434,0.09025051444768906,1.4796197414398193,0.8315452933311462,0.01696016453206539
1,0.021082187071442604,0.17931784689426422,0.1292949616909027,0.30862972140312195,0.8854873776435852,0.4767470359802246,0.13505686819553375,0.29416802525520325,1.7635948657989502,0.24008479714393616,0.11468538641929626,0.15879130363464355,0.3943946659564972,0.4694025218486786,0.0061465073376894,0.08485278487205505,0.5295290350914001,0.1917291283607483,0.20938028395175934,0.34094950556755066,0.006792695727199316,0.2282286137342453,0.16805683076381683,0.11965146660804749,0.5876767635345459,0.295859694480896,0.5470026135444641,0.4191128611564636,0.0129166841506958,0.010257723741233349,0.0,0.1430797129869461,0.04711172357201576,0.7168030738830566,0.2668556869029999,0.10996754467487335,0.048093829303979874,0.22231316566467285,0.7353021502494812,0.0836578756570816,0.18516802787780762,0.13468191027641296,0.06366467475891113,0.08881086856126785,0.755910336971283,0.5330889225006104,0.17863519489765167,0.507172703742981,0.2411075234413147,0.3821401298046112,0.30011022090911865,0.4032018482685089,0.12558846175670624,0.10297467559576035,0.448554128408432,0.8331441283226013,0.39062032103538513,0.19988813996315002,0.004263592883944511,0.4391835927963257,0.19010235369205475,0.1318187713623047,0.403592973947525,0.05883089452981949,0.8992711901664734,0.03340201452374458,0.14346762001514435,0.169205442070961,0.654384434223175,0.6307443380355835,0.7775288224220276,0.38393986225128174,0.2767592668533325,0.400163859128952,0.21313589811325073,0.4241931736469269,0.5069795250892639,0.12392181903123856,0.4159476161003113,0.60012286901474,0.37319791316986084,0.032318707555532455,0.49121710658073425,0.31414029002189636,0.0,1.534114122390747,0.3985060751438141,0.023488493636250496,0.8567869663238525,0.4325222074985504,0.16607016324996948,0.15268239378929138,0.2728399336338043,0.5217980742454529,0.31414443254470825,0.3744172751903534,0.018166741356253624,0.023247824981808662,0.049900613725185394,0.08064420521259308,0.44610512256622314,0.5473189353942871,0.5074625611305237,0.4882897436618805,0.17023073136806488,0.3333265781402588,0.39606431126594543,0.18694418668746948,0.5577426552772522,0.5106627345085144,0.3755418658256531,0.4145200550556183,0.6962416172027588,0.44483616948127747,0.21950411796569824,0.336549311876297,0.28685668110847473,0.2835271954536438,0.5233981609344482,0.004871822893619537,0.22732990980148315,0.03886643424630165,0.5765933394432068,0.21320824325084686,0.2407386302947998,1.018794059753418,0.94877028465271,0.28154879808425903
0,0.41316846013069153,0.23932819068431854,0.5585659742355347,0.3525468409061432,1.7071678638458252,0.6718485951423645,0.6854295134544373,1.4539982080459595,1.2221580743789673,0.7453050017356873,0.16787123680114746,0.5821365118026733,0.0,0.8628013730049133,0.0,0.034224119037389755,0.25181224942207336,0.8161686062812805,1.017957329750061,0.0,0.008001805283129215,0.5360751748085022,0.0,0.6287854909896851,0.010970905423164368,0.5421788096427917,0.13432660698890686,0.3584757149219513,0.26267188787460327,0.15316489338874817,0.10529108345508575,0.0,0.26817458868026733,0.14315693080425262,0.2544897794723511,0.22725196182727814,0.0,0.0,0.5070921778678894,0.6258550882339478,0.3715254068374634,0.28392454981803894,0.013012428767979145,0.47261494398117065,0.6879604458808899,0.14648813009262085,0.5895997285842896,0.0034991044085472822,0.895592451095581,0.8243462443351746,0.4722744822502136,0.1845237761735916,0.2142077088356018,0.25731149315834045,0.03532572463154793,0.7186385989189148,0.1855534166097641,0.7490389943122864,0.0,1.1246048212051392,0.10286960750818253,0.0,0.3522537350654602,0.0,0.6604203581809998,0.1571352481842041,0.5685121417045593,0.13424240052700043,0.13506922125816345,0.19004718959331512,0.22664283215999603,0.049492474645376205,0.6118807196617126,1.3819125890731812,0.38630691170692444,0.5453127026557922,0.3720226287841797,0.033929187804460526,1.020681619644165,0.04357314109802246,0.17016340792179108,0.3136356770992279,0.06531805545091629,0.21411141753196716,0.0,1.4641140699386597,0.0,0.0005987425101920962,0.07320182770490646,0.7995046973228455,0.6618734002113342,0.056851036846637726,0.22912804782390594,0.04111205413937569,0.4454028010368347,0.1147691011428833,0.035517822951078415,0.005703164264559746,0.33300700783729553,0.3293873071670532,0.07067044824361801,1.0834542512893677,0.1512029767036438,0.34960314631462097,0.6262853741645813,0.8197703957557678,0.18416711688041687,0.2285631150007248,0.3404318690299988,0.47701218724250793,0.0,0.28246644139289856,0.3865707814693451,0.5566945672035217,0.0009057499701157212,1.1039055585861206,0.0,0.0,0.33206573128700256,0.23533080518245697,0.6283479928970337,0.1391485631465912,0.38956329226493835,0.22067804634571075,0.09336189925670624,1.209160566329956,0.0,0.0
1,0.09278904646635056,0.063583143055439,0.09474606812000275,0.3009026050567627,1.018182635307312,0.6651133894920349,0.055910419672727585,0.29355278611183167,0.9245487451553345,0.25790074467658997,0.13709698617458344,0.33188101649284363,0.03145493194460869,0.547530472278595,0.0,0.47739654779434204,0.3607972264289856,0.5055848956108093,0.4667033851146698,0.01647142507135868,0.07840855419635773,0.2610311806201935,0.08585606515407562,0.22405394911766052,0.0940510630607605,0.7956672310829163,0.3069404065608978,0.40964359045028687,0.03548624366521835,0.04772474616765976,0.034960173070430756,0.0,0.0852532684803009,0.34460684657096863,0.21421603858470917,0.2819017767906189,0.23135490715503693,0.0623348131775856,0.44182685017585754,0.06772484630346298,0.2470192313194275,0.09411533176898956,0.18539784848690033,0.06913228332996368,0.4824651777744293,0.376478910446167,0.31628480553627014,0.12489482760429382,0.07028833776712418,0.12240849435329437,0.3260320723056793,0.5807661414146423,0.3781360685825348,0.15501227974891663,0.20436981320381165,0.8882976174354553,0.7559693455696106,0.5329113602638245,0.17888793349266052,0.4987466633319855,0.3111296594142914,0.012372996658086777,0.5031614303588867,0.1603769063949585,0.614912211894989,0.04401451721787453,0.13748593628406525,0.08861803263425827,0.3601688742637634,0.34717822074890137,0.47392040491104126,0.3703370690345764,0.3998221457004547,0.7732452750205994,0.26648572087287903,0.5236852765083313,0.5058693885803223,0.2609257400035858,0.28707775473594666,0.3432832658290863,0.40283602476119995,0.05213480070233345,0.15122126042842865,0.21448910236358643,0.0,0.8803603053092957,0.13980445265769958,0.0,0.3209386169910431,0.49305248260498047,0.2521485984325409,0.2176016867160797,0.34191399812698364,0.2226473093032837,0.1571538895368576,0.1282249540090561,0.0944301038980484,0.04137047380208969,0.012209458276629448,0.06848663091659546,0.29658299684524536,0.6192818284034729,0.41203004121780396,0.5492358207702637,0.3454453945159912,0.3469052016735077,0.3184504210948944,0.11644500494003296,0.5829104781150818,0.5259125828742981,0.017026711255311966,0.5426824688911438,0.543908953666687,0.24640800058841705,0.3471539616584778,0.5140606164932251,0.0637417882680893,0.00976819358766079,0.3055962026119232,0.33997663855552673,0.7188006639480591,0.09629236161708832,0.7894442081451416,0.1994299739599228,0.09183666110038757,0.6581367254257202,0.45447033643722534,0.1539485901594162
0,0.6201388835906982,0.7086256742477417,0.7459250092506409,0.18987147510051727,2.172213077545166,0.4068129062652588,1.1406347751617432,1.5333677530288696,1.0967038869857788,0.9790863394737244,0.5112923979759216,0.350766122341156,0.0,0.4667868912220001,0.0,0.03573523089289665,0.26191067695617676,0.908934473991394,1.4372891187667847,0.0,0.0697903260588646,0.5339072346687317,0.0,1.1095517873764038,0.0,0.2880830466747284,0.059271059930324554,0.11180369555950165,0.5553373694419861,0.5115985870361328,0.4365479350090027,0.0,0.5604870915412903,0.0010322508169338107,0.09738918393850327,0.417775958776474,0.002533750142902136,0.0,0.6018725633621216,1.0587687492370605,0.675359845161438,0.8906767964363098,0.0030859874095767736,0.7779150605201721,0.81512850522995,0.1651798039674759,0.520656943321228,0.0,1.314733862876892,1.1525663137435913,1.0107672214508057,0.08300326764583588,0.05299840122461319,0.12038388848304749,0.03061704710125923,0.6023719310760498,0.0009533666307106614,1.369352102279663,0.0,1.4187041521072388,0.03415362164378166,0.0,0.203993022441864,0.054478179663419724,0.44041818380355835,0.32294762134552,1.07186758518219,0.5962110757827759,0.132876455783844,0.13101255893707275,0.20490413904190063,0.0,0.9869542121887207,0.9380420446395874,0.1999688297510147,0.34154579043388367,0.10224701464176178,0.0,1.5223209857940674,0.014463003724813461,0.042327895760536194,0.6128256916999817,0.047854289412498474,0.12680049240589142,0.0,1.8341925144195557,0.0,0.0,0.017028873786330223,1.0014350414276123,0.8890421986579895,0.0,0.19995689392089844,0.05575478821992874,0.8683411478996277,0.07353512197732925,0.33858945965766907,0.00046915386337786913,0.7707838416099548,0.82923424243927,0.0,0.97386634349823,0.014449373818933964,0.16778038442134857,1.1753119230270386,1.3497142791748047,0.07428397238254547,0.8083184957504272,0.16619783639907837,0.3558305501937866,0.0,0.13669458031654358,0.27640631794929504,0.8008701801300049,0.0,1.4555872678756714,0.0,0.0,0.2677561342716217,0.06404878199100494,0.4413791298866272,0.5022680163383484,0.21963025629520416,0.5241626501083374,0.13731180131435394,1.6976062059402466,0.0,0.0
1,0.0,0.21094390749931335,0.1223992258310318,0.41824814677238464,0.7497168779373169,0.3143138289451599,0.030371954664587975,0.07136140018701553,1.1142817735671997,0.19336624443531036,0.24252180755138397,0.26110199093818665,0.21019378304481506,0.41453424096107483,0.0611717514693737,0.11118584871292114,0.7769089937210083,0.1525636613368988,0.13925430178642273,0.3448813855648041,0.0,0.5179233551025391,0.049767859280109406,0.12513525784015656,0.67613685131073,0.07248131185770035,0.47281694412231445,0.40962332487106323,0.0006605013622902334,0.07302767783403397,0.0,0.0564124770462513,0.08765534311532974,0.7981632947921753,0.2411540001630783,0.18316125869750977,0.06391317397356033,0.2818288505077362,0.6130021214485168,0.0,0.32392629981040955,0.19355738162994385,0.11762387305498123,0.06430090963840485,0.41931360960006714,0.4477550983428955,0.14200620353221893,0.5543757677078247,0.12796162068843842,0.008370314724743366,0.47652295231819153,0.2519131302833557,0.29652222990989685,0.0,0.2852948009967804,0.5084492564201355,0.8486191630363464,0.17070405185222626,0.09197746217250824,0.21606770157814026,0.1652052402496338,0.07402360439300537,0.4103597104549408,0.05840721353888512,0.737244188785553,0.047093361616134644,0.022087309509515762,0.22609834372997284,0.42800357937812805,0.9666392207145691,0.7251294851303101,0.45041653513908386,0.4881105124950409,0.3105468153953552,0.34662458300590515,0.38723093271255493,0.37570837140083313,0.09138353168964386,0.10888292640447617,0.4662209451198578,0.520673930644989,0.008758564479649067,0.2215883731842041,0.4119875431060791,0.0006440248689614236,1.1066757440567017,0.4935489296913147,0.007733155507594347,1.1437299251556396,0.15258614718914032,0.07914694398641586,0.29902568459510803,0.4203712046146393,0.4629514217376709,0.2645757794380188,0.44361838698387146,0.037174712866544724,0.23082958161830902,0.0,0.19016794860363007,0.45085805654525757,0.2049938589334488,0.4111911356449127,0.5683964490890503,0.18490992486476898,0.2218572050333023,0.61892169713974,0.241639643907547,0.6838002800941467,0.05812440067529678,0.18632158637046814,0.34890982508659363,0.9979535341262817,0.2779478132724762,0.3525426387786865,0.03804294392466545,0.278658926486969,0.13825830817222595,0.15859881043434143,0.013997524976730347,0.0036430172622203827,0.12542270123958588,0.3685978353023529,0.3555781841278076,0.3183852732181549,0.7309477925300598,0.7490816712379456,0.37483423948287964
1,0.03440658748149872,0.24201127886772156,0.17780272662639618,0.618118405342102,0.9540896415710449,0.3035086393356323,0.18794849514961243,0.500089168548584,0.5089026689529419,0.360599547624588,0.24266065657138824,0.4220363199710846,0.0,0.8125317096710205,0.0056988028809428215,0.08365503698587418,0.6256876587867737,0.6414042711257935,0.3980977237224579,0.021111413836479187,0.02888435497879982,0.6933304667472839,0.0,0.1933320164680481,0.17748181521892548,0.46012434363365173,0.09097679704427719,0.550953209400177,0.003421979723498225,0.13353432714939117,0.07181796431541443,0.0,0.1754331737756729,0.4042527675628662,0.25615963339805603,0.2710748612880707,0.005855340510606766,0.03780491650104523,0.2359878271818161,0.12404467910528183,0.4174995422363281,0.20568668842315674,0.05289740860462189,0.05841492861509323,0.2257930487394333,0.12006627768278122,0.3715622127056122,0.07907123118638992,0.30508288741111755,0.15078787505626678,0.5298125147819519,0.16057538986206055,0.4746999144554138,0.1766030639410019,0.061547085642814636,0.4214542806148529,0.48741355538368225,0.3623274862766266,0.0024059421848505735,0.5344527363777161,0.11688796430826187,0.0019274767255410552,0.3589119613170624,0.0181413684040308,0.5126814842224121,0.13624803721904755,0.09822697937488556,0.10310842841863632,0.10959456861019135,0.49409034848213196,0.337543249130249,0.12117801606655121,0.745916485786438,1.062560796737671,0.43427804112434387,0.5608362555503845,0.4253872334957123,0.08708951622247696,0.217720627784729,0.09564969688653946,0.3838143050670624,0.060920994728803635,0.0,0.44569534063339233,0.0,0.9600377678871155,0.06309135258197784,0.013783840462565422,0.43010467290878296,0.20125320553779602,0.47388404607772827,0.20420260727405548,0.4702649414539337,0.05166659876704216,0.16023430228233337,0.36493200063705444,0.08516892790794373,0.07911846786737442,0.07389868050813675,0.14236795902252197,0.0618467777967453,0.39374232292175293,0.4024541974067688,0.5103810429573059,0.42410093545913696,0.3275761902332306,0.4448944330215454,0.15839962661266327,0.45684581995010376,0.0748438611626625,0.0,0.3318825364112854,0.8867385387420654,0.05881030857563019,0.05191025137901306,0.1967681646347046,0.004548173863440752,0.0,0.029391152784228325,0.2097676396369934,0.34010329842567444,0.08747432380914688,0.335120290517807,0.3774847686290741,0.254776269197464,0.7117124199867249,0.08221102505922318,0.0003031829546671361
1,1.259891390800476,1.1085882186889648,0.3926355838775635,0.7744737267494202,1.74790620803833,0.12706241011619568,1.3648908138275146,1.689188838005066,0.6162754893302917,1.183888554573059,0.2210657000541687,0.0,0.0,1.3400770425796509,0.0,0.034172456711530685,0.22343043982982635,1.112062931060791,1.5407365560531616,0.0,0.018902353942394257,1.4085685014724731,0.006443962454795837,0.9968622922897339,0.006581069435924292,0.5017929673194885,0.0,0.7615042328834534,0.47747236490249634,0.11061248928308487,0.33906829357147217,0.0,1.1910415887832642,0.027784070000052452,0.5655014514923096,0.6756607294082642,0.0,0.0,0.27717310190200806,1.642270803451538,1.422947883605957,0.08162296563386917,0.07428949326276779,0.9549399018287659,1.2526021003723145,0.0,1.0269784927368164,0.0,1.7919386625289917,1.198630452156067,1.038082242012024,0.0,0.06242543086409569,0.12104037404060364,0.2356242835521698,0.014197861775755882,0.05743976682424545,1.2410995960235596,0.0,1.4059629440307617,0.0,0.0,0.11220334470272064,0.5209062099456787,0.934355616569519,1.6286218166351318,0.7927947044372559,0.9948702454566956,0.0,0.14115723967552185,0.0027741955127567053,0.03273412585258484,1.1447755098342896,1.3541169166564941,1.0641831159591675,0.04184981808066368,0.27174443006515503,0.15646955370903015,0.9214138984680176,0.0,0.09257978945970535,0.8963222503662109,0.36493992805480957,0.23240384459495544,0.0,0.8464431762695312,0.0,0.0054488894529640675,0.2083655446767807,0.25111714005470276,0.666769802570343,0.009166096337139606,0.2445434182882309,0.0,1.2369611263275146,0.08243990689516068,0.13078716397285461,0.0,1.2227635383605957,1.1070647239685059,0.48299986124038696,1.6139874458312988,0.0984087809920311,0.008092168718576431,1.698531150817871,0.6534613370895386,0.09562040120363235,1.196915864944458,0.09126708656549454,0.45622316002845764,0.0,0.0031157650519162416,0.3021014928817749,0.23753990232944489,0.0010808493243530393,0.8964662551879883,0.0,0.0,0.3367258906364441,0.0,0.5250359773635864,0.5189514756202698,0.0,1.2910022735595703,0.09558910131454468,0.5856623649597168,0.0,0.0
1,0.06837984174489975,0.23212042450904846,0.10808108001947403,0.546866774559021,0.7963029742240906,0.3800119459629059,0.10343991219997406,0.1547659933567047,0.7812699675559998,0.252080500125885,0.20055627822875977,0.2442062646150589,0.09335877001285553,0.6295629143714905,0.0,0.04963599517941475,0.45670294761657715,0.4284220337867737,0.17819061875343323,0.21871590614318848,0.006654143333435059,0.6392934918403625,0.08135036379098892,0.22777020931243896,0.38313546776771545,0.6017858386039734,0.27696576714515686,0.3354699909687042,0.011378224939107895,0.09089618921279907,0.026120822876691818,0.0,0.13388989865779877,0.7379447221755981,0.11812947690486908,0.1435631513595581,0.0,0.31080538034439087,0.7076722383499146,0.03659779950976372,0.2955804765224457,0.2648140788078308,0.027813304215669632,0.06148974969983101,0.38969534635543823,0.46180886030197144,0.13779424130916595,0.38710707426071167,0.22299909591674805,0.14858607947826385,0.36722326278686523,0.5530892014503479,0.686111330986023,0.1302693784236908,0.23567652702331543,0.6150786280632019,0.8439348936080933,0.16629299521446228,0.023456379771232605,0.4142991602420807,0.2692449688911438,0.005875020287930965,0.5571426153182983,0.12785623967647552,0.6592274904251099,0.10888844728469849,0.1508532166481018,0.2025030553340912,0.2940097451210022,0.36883142590522766,0.5204476118087769,0.303209125995636,0.5941919088363647,1.3268131017684937,0.264980286359787,0.7302607297897339,0.5393947958946228,0.012611026875674725,0.2839478850364685,0.4228734076023102,0.7234002351760864,0.07621266692876816,0.0890686959028244,0.32188680768013,0.013299509882926941,1.3231052160263062,0.41502848267555237,0.0030872742645442486,1.0246225595474243,0.24226561188697815,0.22048330307006836,0.38432419300079346,0.3266634941101074,0.31723546981811523,0.20728304982185364,0.3077089190483093,0.08701179921627045,0.10549304634332657,0.02065460756421089,0.0947299599647522,0.44125133752822876,0.5414292812347412,0.5943062901496887,0.8551362752914429,0.3487784266471863,0.22596442699432373,0.3262370526790619,0.3315655589103699,0.3783281743526459,0.10643665492534637,0.0,0.7367463707923889,1.1018245220184326,0.19538986682891846,0.13743536174297333,0.3329262137413025,0.22575326263904572,0.12932364642620087,0.11965347826480865,0.12569282948970795,0.43285155296325684,0.16131645441055298,0.5172439813613892,0.3136174976825714,0.16119131445884705,0.6635454893112183,0.6589087247848511,0.03874453157186508
0,0.44000720977783203,0.5838634967803955,0.4727288484573364,0.3508411943912506,1.628409504890442,0.29815107583999634,0.9326252341270447,1.2073683738708496,0.6758133769035339,0.6732096672058105,0.3665851652622223,0.3679153621196747,0.0,0.6882877349853516,0.0,0.03102249465882778,0.2646368741989136,1.1697012186050415,1.1644742488861084,0.0,0.11065854132175446,0.5915394425392151,0.0,0.7139846086502075,0.040170930325984955,0.5173465013504028,0.046590059995651245,0.2846067547798157,0.3637908101081848,0.3280504643917084,0.4630403220653534,0.0,0.5506159067153931,0.10877139866352081,0.24365298449993134,0.5066655874252319,0.0,0.0,0.2189011573791504,0.8917992115020752,0.5526333451271057,0.5574004650115967,0.016255773603916168,0.41986215114593506,0.6898452639579773,0.04031561315059662,0.643317699432373,0.0,0.9099233746528625,0.8299756646156311,0.9100176692008972,0.08758282661437988,0.24649867415428162,0.18039992451667786,0.013902349397540092,0.42433664202690125,0.14144887030124664,1.0707871913909912,0.0,0.9901528358459473,0.06455428153276443,0.0,0.4309670329093933,0.027713993564248085,0.5817519426345825,0.24541284143924713,0.8616139888763428,0.39117559790611267,0.05998853221535683,0.1848495900630951,0.306809663772583,0.007324987091124058,1.0294958353042603,1.3471920490264893,0.28066137433052063,0.3593634068965912,0.2653200626373291,0.02822295017540455,0.9981048703193665,0.011991803534328938,0.21457381546497345,0.5912513732910156,0.0,0.18496960401535034,0.0,1.465133786201477,0.0,0.0,0.11752189695835114,0.8180577158927917,0.8184049129486084,0.06272200495004654,0.23060601949691772,0.0,0.4860854744911194,0.11174942553043365,0.2540413439273834,0.0,0.6404404640197754,0.45234277844429016,0.012645058333873749,0.9392132759094238,0.2960253655910492,0.3195035755634308,0.9987205266952515,0.6731950044631958,0.12948308885097504,0.39434054493904114,0.19345441460609436,0.08348093181848526,0.0,0.1897190660238266,0.7191851139068604,0.4306533932685852,0.005414618644863367,1.0107669830322266,0.0,0.0,0.06768041104078293,0.19775593280792236,0.6263076663017273,0.2759833037853241,0.3092043697834015,0.5309689044952393,0.09748408943414688,1.3512444496154785,0.0060524363070726395,0.0
0,2.3408710956573486,1.3702747821807861,0.941299319267273,0.8105079531669617,1.5190284252166748,0.03929414600133896,1.466651201248169,1.8358004093170166,0.01911279186606407,2.220646858215332,0.9550279378890991,0.0,0.0,0.16392025351524353,0.0,0.029703497886657715,0.21233168244361877,1.788294792175293,1.8793913125991821,0.0,0.08718890696763992,1.1829683780670166,0.004513596184551716,2.163388729095459,0.0,0.013644722290337086,0.0,0.10485348850488663,0.621337890625,0.8991997838020325,0.8284077644348145,0.0,2.1435043811798096,0.0,0.09693548828363419,0.3208535611629486,0.0,0.0,1.9345245361328125,1.852805495262146,1.812835931777954,1.5187662839889526,0.022425079718232155,1.3501406908035278,1.2571899890899658,0.0,0.6277015209197998,0.0,1.1863352060317993,1.2619839906692505,1.4627418518066406,0.0,0.0,0.0,0.0,0.1959562599658966,0.026668230071663857,0.8218482732772827,0.002844195580109954,1.6526273488998413,0.0,0.01949770376086235,0.15547099709510803,1.5742285251617432,0.0313810333609581,1.7690356969833374,1.7347843647003174,2.1839404106140137,0.0,0.17244952917099,0.0,0.0,0.7656126022338867,0.0985562801361084,0.6130016446113586,0.0,0.03958648443222046,0.015071481466293335,1.537050724029541,0.0,0.0,1.4687368869781494,0.000188754202099517,0.138626366853714,0.0,0.5485931634902954,0.0,0.0,0.007460678927600384,0.7215389013290405,0.5083072781562805,0.0,0.4710787236690521,0.0,1.9787304401397705,0.047604672610759735,1.8713147640228271,0.0,1.0214128494262695,0.9859131574630737,0.014321604743599892,1.5683525800704956,0.0,0.0,1.577388048171997,0.8260083198547363,0.08995737135410309,1.7548272609710693,0.07042115181684494,0.0,0.0,0.0,0.5954257845878601,1.290061593055725,0.025516832247376442,1.579999566078186,0.0,0.0,0.0,0.09397054463624954,0.028157439082860947,0.8059166669845581,0.0,1.0356887578964233,0.08328600227832794,1.456159234046936,0.0,0.7698262929916382
1,1.897786021232605,1.1483707427978516,0.6608298420906067,0.8502365946769714,1.6032428741455078,0.08763957023620605,1.2480838298797607,1.8968919515609741,0.11338367313146591,1.8478050231933594,0.6805532574653625,0.0,0.0,0.708964467048645,0.0,0.030575376003980637,0.20760858058929443,1.537839651107788,1.6418613195419312,0.0,0.04988020285964012,1.4349141120910645,0.007343928329646587,1.5569450855255127,0.00588830653578043,0.2645232081413269,0.0,0.38279685378074646,0.523311972618103,0.5749727487564087,0.6154957413673401,0.0,1.6263291835784912,0.02485940046608448,0.32122984528541565,0.3233173191547394,0.0,0.0,1.3064820766448975,1.5797898769378662,1.5387247800827026,0.9581285715103149,0.037738651037216187,1.0278630256652832,1.1424633264541626,0.0,0.698763370513916,0.0,1.2385849952697754,1.0727999210357666,1.047021746635437,0.0,0.05585432052612305,0.03660710155963898,0.06999975442886353,0.20033863186836243,0.05139339342713356,0.7965315580368042,0.002993883565068245,1.3543201684951782,0.0,0.0,0.16240420937538147,1.3515247106552124,0.4023585021495819,1.6654353141784668,1.3146421909332275,1.6441453695297241,0.0,0.14130061864852905,0.0024821616243571043,0.029288416728377342,0.8172591328620911,0.71388840675354,0.826721727848053,0.03744453936815262,0.17357268929481506,0.01973137818276882,1.121151328086853,0.0,0.07706008851528168,1.1572518348693848,0.09117598086595535,0.20794029533863068,0.0,0.5389970541000366,0.0,0.004875318147242069,0.0973777174949646,0.5316739082336426,0.6001186370849609,0.00820123590528965,0.366894006729126,0.0,1.5169271230697632,0.07376202940940857,1.3254276514053345,0.0,0.9458082318305969,0.7569060921669006,0.2356404811143875,1.64254629611969,0.07859737426042557,0.007240355014801025,1.4878069162368774,0.5409004092216492,0.11683033406734467,1.28278386592865,0.08166002482175827,0.13827309012413025,0.0,0.0027877986431121826,0.4220212996006012,0.915488064289093,0.018498504534363747,1.3134222030639648,0.0,0.0,0.04456159844994545,0.08140642940998077,0.21409888565540314,0.6157585978507996,0.0,1.0266894102096558,0.08552710711956024,0.9630739092826843,0.0,0.6386023759841919
1,0.04807674139738083,0.09991320222616196,0.09348278492689133,0.1540960818529129,1.0979222059249878,0.678737223148346,0.20353546738624573,0.3796798288822174,2.118506669998169,0.2516603469848633,0.08719056099653244,0.06665224581956863,0.3095270097255707,0.5155094265937805,0.0,0.045561283826828,0.2692377269268036,0.24594856798648834,0.2892519533634186,0.34004345536231995,0.0,0.18026943504810333,0.17413102090358734,0.13825078308582306,0.588369607925415,0.4638122618198395,0.6222620010375977,0.17499060928821564,0.0015388503670692444,0.017348049208521843,0.0,0.1227298378944397,0.043998029083013535,0.5902909636497498,0.11476729810237885,0.07088954001665115,0.030407560989260674,0.24508479237556458,0.7616624236106873,0.07213342189788818,0.11277936398983002,0.13343186676502228,0.1022660955786705,0.07649793475866318,0.9076903462409973,0.6557162404060364,0.14866161346435547,0.5418481230735779,0.2499699890613556,0.44834277033805847,0.23242884874343872,0.5281442403793335,0.1226443350315094,0.028442537412047386,0.5454133749008179,1.1362117528915405,0.18187932670116425,0.3304790258407593,0.02927558682858944,0.5766622424125671,0.21911713480949402,0.09149395674467087,0.44288167357444763,0.04019493609666824,0.9274020195007324,0.009975478984415531,0.13885827362537384,0.19837580621242523,0.7511489987373352,0.2650728225708008,0.9240109324455261,0.3664095997810364,0.19669918715953827,0.5426723957061768,0.1062278002500534,0.6255333423614502,0.5183011889457703,0.08500895649194717,0.5757903456687927,0.7630261778831482,0.46880415081977844,0.02527816779911518,0.6158258318901062,0.14459167420864105,0.0,1.84357750415802,0.39907971024513245,0.0051918840035796165,0.925915539264679,0.527770459651947,0.21745820343494415,0.15769842267036438,0.15394166111946106,0.6363165974617004,0.35599327087402344,0.13322201371192932,0.00794435665011406,0.0,0.03872619941830635,0.06550583988428116,0.5109238624572754,0.7154806852340698,0.68077552318573,0.5830523371696472,0.1512291133403778,0.38579171895980835,0.16798746585845947,0.08128553628921509,0.5897253155708313,0.6797639727592468,0.3936249017715454,0.5904727578163147,0.7211735248565674,0.5484222769737244,0.22052885591983795,0.4479442536830902,0.3313235640525818,0.3036634922027588,0.6353283524513245,0.006735509727150202,0.36114412546157837,0.04328181967139244,0.7987728118896484,0.17838126420974731,0.12350933253765106,1.2686280012130737,1.124987006187439,0.21647325158119202
0,0.4964272677898407,0.8210154175758362,0.7390018701553345,0.20817551016807556,2.223705768585205,0.33136388659477234,1.1903209686279297,1.3796977996826172,1.0823695659637451,0.9910188913345337,0.5842465162277222,0.3061425983905792,0.0,0.39702701568603516,0.0,0.039825189858675,0.3152877688407898,0.8480421900749207,1.4608030319213867,0.0,0.07710041850805283,0.49998265504837036,0.0,1.1753032207489014,0.006634831428527832,0.18399067223072052,0.03811376169323921,0.10863344371318817,0.5619021654129028,0.6179863214492798,0.41794711351394653,0.0,0.489743709564209,0.0,0.05660078302025795,0.4145033061504364,0.003170372685417533,0.0,0.5636090040206909,0.9736550450325012,0.6760693192481995,1.0146631002426147,0.0021733748726546764,0.7778688669204712,0.7423880696296692,0.1824820190668106,0.5223949551582336,0.0,1.324152946472168,1.1041498184204102,1.1666308641433716,0.06101815775036812,0.013823694549500942,0.04913156479597092,0.02628786861896515,0.548049807548523,0.0,1.4369856119155884,0.0,1.3998377323150635,0.0261075459420681,0.0,0.17463766038417816,0.03686337545514107,0.3219313621520996,0.26693257689476013,1.1325089931488037,0.6819680333137512,0.12146557122468948,0.1482728272676468,0.18573249876499176,0.0,1.0052143335342407,0.7450942993164062,0.13835899531841278,0.31024423241615295,0.06617800146341324,0.0,1.5444490909576416,0.005367928184568882,0.03274833410978317,0.6441929936408997,0.017293307930231094,0.14610862731933594,0.0,1.923819661140442,0.0,0.0,0.014700712636113167,0.9197103381156921,0.9292172193527222,0.0,0.22372189164161682,0.06710845232009888,0.9408839344978333,0.08216624706983566,0.3814753592014313,0.0,0.7793642282485962,0.9094043374061584,0.0,0.8408857583999634,0.017299192026257515,0.11924958229064941,1.2177488803863525,1.4088213443756104,0.08212806284427643,0.9208064675331116,0.15499864518642426,0.292234867811203,0.0,0.10941671580076218,0.2647119164466858,0.8630660176277161,0.0,1.4455026388168335,0.0,0.0,0.2206781655550003,0.017588093876838684,0.35824254155158997,0.607738196849823,0.17492496967315674,0.5280886888504028,0.18396484851837158,1.8228514194488525,0.004856772255152464,0.00022274353250395507
0,0.40872347354888916,0.3455502986907959,0.13841061294078827,0.4971857964992523,1.0691779851913452,0.4559922516345978,0.2237018495798111,0.6332640051841736,0.06065182760357857,0.21673214435577393,0.26207447052001953,0.7972807288169861,0.0011285293148830533,0.9558839201927185,0.0,0.04136333242058754,0.33101117610931396,1.4067130088806152,0.6869654059410095,0.0,0.3589731454849243,0.7889184355735779,0.0,0.2147895097732544,0.01428510993719101,0.9824082255363464,0.04715948924422264,0.7914891242980957,0.11337662488222122,0.1333508938550949,0.45695188641548157,0.0,0.37326085567474365,0.24780704081058502,0.5275356769561768,0.710290253162384,0.0,0.0,0.0805823877453804,0.5397405624389648,0.5353662371635437,0.26956549286842346,0.03324297070503235,0.0932767316699028,0.20343352854251862,0.0,0.6187426447868347,0.0,0.46897149085998535,0.17504745721817017,0.5925113558769226,0.24762718379497528,0.6212844252586365,0.27512478828430176,0.0,0.1241832971572876,0.4077915847301483,0.8671216368675232,0.0,0.49764713644981384,0.3024889826774597,0.0,0.852013111114502,0.0,0.621017575263977,0.33989906311035156,0.27286675572395325,0.1484878808259964,0.0,0.22106404602527618,0.3927406370639801,0.345816045999527,1.0717122554779053,1.7776994705200195,0.4650329649448395,0.2363603562116623,0.418765664100647,0.3436610996723175,0.2414766103029251,0.0,0.3313005268573761,0.3144714832305908,0.0,0.2412586212158203,0.0,0.747417688369751,0.0,0.0014224537881091237,0.2410074919462204,0.49657997488975525,0.60194331407547,0.18315263092517853,0.2778606712818146,0.0,0.09354927390813828,0.18425214290618896,0.20742379128932953,0.006594905164092779,0.3837958872318268,0.10790237039327621,0.08844083547592163,0.6142701506614685,0.4389430284500122,0.4249661862850189,0.7065608501434326,0.21415655314922333,0.16690416634082794,0.2034064531326294,0.13456149399280548,0.040759723633527756,0.0,0.1767105907201767,1.0848199129104614,0.0,0.0072194915264844894,0.4554448425769806,0.0,0.0,0.0031944492366164923,0.6973060965538025,0.9717230200767517,0.1168866828083992,0.49047401547431946,0.5449773669242859,0.13229431211948395,0.8396695256233215,0.026007836684584618,0.0
0,0.8413316011428833,0.5289759039878845,0.2526901960372925,0.8820475935935974,1.3864648342132568,0.011341853998601437,0.3627980053424835,0.7228890061378479,0.041458819061517715,0.4757137894630432,0.568284273147583,0.0,0.035336051136255264,0.30587053298950195,0.0,0.07782304286956787,0.7277161478996277,1.0505309104919434,0.5341337323188782,0.0,0.27417489886283875,0.7671250700950623,0.0,0.45599791407585144,0.07235393673181534,0.06757798045873642,0.0,0.5569629669189453,0.0977715402841568,0.38578084111213684,0.5921878218650818,0.0,0.9204310178756714,0.43393123149871826,0.547012209892273,0.4452233910560608,0.0,0.0,0.2695353329181671,0.5818434953689575,1.1803607940673828,0.33559542894363403,0.28374436497688293,0.23551712930202484,0.10031677782535553,0.0,0.18935944139957428,0.0,0.40408197045326233,0.24621738493442535,0.8273390531539917,0.0,0.22820326685905457,0.13070417940616608,0.0,0.0,0.3156900107860565,0.5388756990432739,0.0,0.3556804060935974,0.0,0.0,0.0843098983168602,0.23806044459342957,0.5840020179748535,1.0399748086929321,0.5539267063140869,0.6168420314788818,0.0,0.5747480988502502,0.057853639125823975,0.04593528062105179,1.1735860109329224,0.6453567147254944,0.2577630281448364,0.012439732439815998,0.08298720419406891,0.0,0.3643646836280823,0.0,0.03021991439163685,0.3067917227745056,0.0,0.48988839983940125,0.0,0.46826204657554626,0.0,0.1621212363243103,0.29021120071411133,0.2733447551727295,0.8205163478851318,0.04223940148949623,0.6227511167526245,0.0,0.3334825932979584,0.5660651326179504,0.5527385473251343,0.0,0.3429575562477112,0.23913246393203735,0.0,0.6052297949790955,0.029121551662683487,0.04856713116168976,0.8885948657989502,0.5029311776161194,0.27434030175209045,0.8672431707382202,0.27489691972732544,0.007347759325057268,0.0,0.0,0.8997727036476135,0.24709312617778778,0.0024092472158372402,0.4823291599750519,0.0,0.0,0.0,0.04424513131380081,0.2506004571914673,0.3138083219528198,0.0,1.0291988849639893,0.5078465938568115,0.34583765268325806,0.0,0.03891094774007797
1,0.3207373023033142,0.26559415459632874,0.13280950486660004,0.2589765787124634,0.6143505573272705,0.4770984649658203,0.1426193118095398,0.515568733215332,0.4210590124130249,0.21929924190044403,0.16784188151359558,1.1474252939224243,0.026225654408335686,0.8197441101074219,0.0,0.17261666059494019,0.28201770782470703,0.7937577366828918,0.4078201353549957,0.0029948547016829252,0.11996670067310333,1.1492295265197754,0.0,0.0994073897600174,0.1902559995651245,0.6976531744003296,0.2643495202064514,0.6560689210891724,0.04639545455574989,0.09318235516548157,0.22346524894237518,0.050926756113767624,0.17357945442199707,0.4462718069553375,0.5606867074966431,0.6749757528305054,0.024156603962183,0.11792556196451187,0.048398494720458984,0.29741573333740234,0.5037739276885986,0.27210962772369385,0.034911882132291794,0.15241141617298126,0.12481684982776642,0.05054182559251785,0.5481401681900024,0.17023728787899017,0.3859184980392456,0.12047777324914932,0.4897998869419098,0.210198312997818,0.564227283000946,0.37105658650398254,0.0770602822303772,0.55132657289505,0.27997836470603943,0.48320987820625305,0.0,0.3460887372493744,0.19207274913787842,0.00012109658564440906,0.6754747629165649,0.0,0.49605968594551086,0.09492617845535278,0.20633070170879364,0.08144481480121613,0.16859517991542816,0.32999664545059204,0.6086398959159851,0.3049658238887787,1.0133771896362305,1.2711726427078247,0.47765877842903137,0.16276271641254425,0.2492251694202423,0.3635360896587372,0.18137302994728088,0.11493860930204391,0.23527128994464874,0.24262583255767822,0.0,0.15472903847694397,0.0,0.7652766108512878,0.006465011741966009,0.0030525047332048416,0.2923102378845215,0.39940154552459717,0.38167545199394226,0.19202956557273865,0.23878657817840576,0.009772317484021187,0.1014566570520401,0.15756772458553314,0.16309119760990143,0.14037947356700897,0.3920426368713379,0.1344216912984848,0.06669194996356964,0.6949824094772339,0.5575775504112244,0.653051495552063,0.37978771328926086,0.18975861370563507,0.4073781967163086,0.2178746908903122,0.11925923079252243,0.07921487838029861,0.0,0.18101607263088226,1.2948039770126343,0.037237897515296936,0.0559898242354393,0.3424254357814789,0.022169718518853188,0.0,0.09769498556852341,0.5755634307861328,0.31422725319862366,0.13176840543746948,0.4857322573661804,0.37100809812545776,0.1290789693593979,0.6275803446769714,0.08137418329715729,0.0
1,0.03070204332470894,0.053793713450431824,0.031208418309688568,0.10952506959438324,0.8728200197219849,1.2626147270202637,0.10481663793325424,0.13285240530967712,2.4860029220581055,0.1819247305393219,0.06476112455129623,0.12221404165029526,0.5720080137252808,0.6770930886268616,0.0,0.031147973611950874,0.20718373358249664,0.05277033522725105,0.1652737259864807,0.432699978351593,0.0,0.12754616141319275,0.12830369174480438,0.12878622114658356,0.7547654509544373,0.33993151783943176,0.8053123354911804,0.2484312802553177,0.13671210408210754,0.026672689244151115,0.0,0.21438197791576385,0.026881687343120575,0.8449355363845825,0.040826085954904556,0.047560662031173706,0.15874773263931274,0.3348083198070526,1.0665967464447021,0.0,0.08102374523878098,0.1070886105298996,0.03995887562632561,0.02526414394378662,1.1590516567230225,0.9923144578933716,0.13692595064640045,0.7290001511573792,0.3413340151309967,0.2986343502998352,0.125543475151062,0.6610055565834045,0.07753482460975647,0.0,0.3858679234981537,1.565710186958313,0.35250338912010193,0.3342212438583374,0.008221792057156563,0.4317479431629181,0.3173225522041321,0.0634031742811203,0.714676558971405,0.03040403500199318,0.9932863712310791,0.011117824353277683,0.015136148780584335,0.3084675371646881,1.1390421390533447,0.20227816700935364,1.224634051322937,0.4341296851634979,0.1024213507771492,0.37656980752944946,0.3158329725265503,0.5076345801353455,0.49610435962677,0.06887176632881165,0.4159945845603943,0.9130906462669373,0.46742764115333557,0.08143936842679977,0.8822325468063354,0.09940608590841293,0.0017278725281357765,2.0172603130340576,0.6921553611755371,0.026477960869669914,0.8891386389732361,0.32769083976745605,0.12590251863002777,0.1419615000486374,0.10708092153072357,1.0041741132736206,0.42764899134635925,0.0953858494758606,0.00962823536247015,0.025535129010677338,0.0,0.05144648998975754,0.9269832372665405,0.7384852766990662,0.5854580402374268,0.38575828075408936,0.0518774576485157,0.3486095070838928,0.15237587690353394,0.09746352583169937,0.6006680727005005,0.7299534678459167,0.7221989035606384,0.7190043330192566,0.633080005645752,0.7241603136062622,0.39580491185188293,0.35428163409233093,0.2835029363632202,0.5839829444885254,0.988987386226654,0.043317168951034546,0.3486931622028351,0.03823244199156761,0.857326865196228,0.09172476828098297,0.08475693315267563,1.3970428705215454,1.3221096992492676,0.19365842640399933
1,0.5952427983283997,0.28883078694343567,0.4885155260562897,1.1058582067489624,0.5364406704902649,0.05994739010930061,0.12971800565719604,0.5410885214805603,0.008627008646726608,0.3819604814052582,0.2630806863307953,0.1920933723449707,0.0,0.3086271286010742,0.0,0.04703506827354431,0.5279858708381653,0.9733130931854248,0.1267094910144806,0.0,0.827461302280426,0.9874462485313416,0.0,0.08708585053682327,0.1426437646150589,0.22696779668331146,0.009921564720571041,0.3718588054180145,0.42193472385406494,0.6087510585784912,0.28327396512031555,0.0,0.6025280356407166,0.24139171838760376,0.5067833065986633,0.5964137315750122,0.0,0.0,0.37523412704467773,0.12219373136758804,0.8314921855926514,0.6133993268013,0.39746764302253723,0.27048417925834656,0.032107844948768616,0.0,0.9102016091346741,0.001207291497848928,0.538230836391449,0.3162347078323364,0.7735404968261719,0.038156911730766296,0.33229860663414,0.2184501737356186,0.00111034803558141,0.024086231365799904,0.38960957527160645,0.06101624295115471,0.0,0.48440468311309814,0.027311498299241066,0.0,0.6087415814399719,0.20838229358196259,0.2623470425605774,0.5132571458816528,0.46298858523368835,0.6672301292419434,0.0,0.4869503080844879,0.2570013105869293,0.04259824752807617,0.8216022849082947,0.6381823420524597,0.2999844253063202,0.19344092905521393,0.197901651263237,0.031121447682380676,0.07156873494386673,0.03147400543093681,0.12545478343963623,0.39529094099998474,0.0,0.27150797843933105,0.0,0.8352877497673035,0.053767938166856766,0.027812331914901733,0.56122225522995,0.07388237863779068,1.1734758615493774,0.09987316280603409,0.3984348773956299,0.0,0.13914157450199127,0.3056706488132477,0.6046063899993896,0.009493368677794933,0.23144133388996124,0.01817464269697666,0.04046785831451416,0.5930538177490234,0.16145019233226776,0.28926265239715576,0.3859025537967682,0.3044698238372803,0.29841694235801697,0.586631178855896,0.20638613402843475,0.08462769538164139,0.0,0.09433475136756897,1.5290433168411255,0.23460577428340912,0.006018242333084345,0.5221797823905945,0.0,0.0015226355753839016,0.009995539672672749,0.35230687260627747,0.12171965092420578,0.35391828417778015,0.11215201765298843,0.18917959928512573,0.4002922475337982,0.530275285243988,0.0,0.5322104096412659
1,0.4356028437614441,0.18065334856510162,0.37675705552101135,0.26598769426345825,1.6639831066131592,0.9237673282623291,0.5376796722412109,1.1819688081741333,1.4904868602752686,0.594355046749115,0.11479237675666809,0.6823711395263672,0.0,0.7927334308624268,0.0,0.02919764630496502,0.23592093586921692,0.5592947602272034,0.8633592128753662,0.0,0.004566095769405365,0.437161386013031,0.0,0.5969724655151367,0.02072257734835148,0.6316177845001221,0.22459322214126587,0.24457721412181854,0.14259234070777893,0.18715552985668182,0.022151917219161987,0.0,0.11766242980957031,0.21074654161930084,0.10705500841140747,0.12007390707731247,0.0,0.0,0.764765202999115,0.35149067640304565,0.21854370832443237,0.3400547504425049,0.018431028351187706,0.35392817854881287,0.6303858160972595,0.42411649227142334,0.3005208373069763,0.01319948025047779,0.669939398765564,0.6113002300262451,0.3270552158355713,0.46027520298957825,0.2150341272354126,0.08691910654306412,0.06517288088798523,1.0021369457244873,0.20391881465911865,0.7134366631507874,0.0,0.9818131923675537,0.11433761566877365,0.0,0.4730236828327179,0.0,0.591051459312439,0.06134394183754921,0.3679487109184265,0.07708325237035751,0.39160364866256714,0.17038476467132568,0.4012291729450226,0.018432600423693657,0.4145366847515106,1.0526529550552368,0.20124658942222595,0.5814224481582642,0.22086650133132935,0.011718695983290672,0.9212422370910645,0.15542398393154144,0.17196039855480194,0.18678730726242065,0.08492930978536606,0.1804129034280777,0.0,1.6191129684448242,0.027410641312599182,0.0,0.055278874933719635,0.6600806713104248,0.5767680406570435,0.06199885904788971,0.18387533724308014,0.1923922300338745,0.42512276768684387,0.12866142392158508,0.04597482830286026,0.02032332867383957,0.1355346441268921,0.17132173478603363,0.18100152909755707,0.9615454077720642,0.07903829216957092,0.39885151386260986,0.5038606524467468,0.9672492742538452,0.1682826429605484,0.24453960359096527,0.4884539246559143,0.4971450865268707,0.0,0.4473329484462738,0.34630051255226135,0.6881140470504761,0.047524768859148026,1.139491081237793,0.0,0.0,0.4555934965610504,0.30850857496261597,0.8073275685310364,0.06492909789085388,0.6497174501419067,0.14580431580543518,0.09160517156124115,1.4413714408874512,0.10876959562301636,0.0
1,0.006502524483948946,0.1328209787607193,0.10217925906181335,0.313489705324173,0.8403263092041016,0.7292349338531494,0.06986773014068604,0.15965750813484192,1.5084452629089355,0.26557108759880066,0.1682516485452652,0.1648782193660736,0.078239805996418,0.7216949462890625,0.0,0.04799458757042885,0.43645942211151123,0.2650224566459656,0.13170765340328217,0.1293088048696518,0.0077201128005981445,0.38810357451438904,0.03678718954324722,0.18492311239242554,0.2988685369491577,0.632708728313446,0.43711310625076294,0.31224510073661804,0.0,0.130210742354393,0.0,0.03318469598889351,0.1092965304851532,0.5572962164878845,0.04000704362988472,0.11426756531000137,0.0,0.15061171352863312,0.7774537801742554,0.0,0.22146081924438477,0.18383502960205078,0.04137210547924042,0.0410398468375206,0.6245651245117188,0.5981132984161377,0.11972954124212265,0.35049721598625183,0.16951721906661987,0.21126170456409454,0.29124462604522705,0.6137641072273254,0.29821494221687317,0.0,0.2288646101951599,1.2280291318893433,0.4861811399459839,0.41510021686553955,0.0,0.5849080085754395,0.2814745008945465,0.025643790140748024,0.47853267192840576,0.09489873051643372,0.7397521734237671,0.07205160707235336,0.052173759788274765,0.12816520035266876,0.5731878876686096,0.2966454327106476,0.7159547805786133,0.3829458951950073,0.3883223831653595,0.7355366349220276,0.20187225937843323,0.7315877676010132,0.5029535889625549,0.05119089037179947,0.34423255920410156,0.595894455909729,0.4500354528427124,0.01578519120812416,0.3701375126838684,0.26014986634254456,0.0,1.4899494647979736,0.33747726678848267,0.0,0.5227585434913635,0.5287096500396729,0.27627071738243103,0.1995907872915268,0.2733776867389679,0.5125227570533752,0.2543836832046509,0.24797344207763672,0.06761424988508224,0.0327528677880764,0.0,0.11670190840959549,0.43143561482429504,0.6478599309921265,0.47795698046684265,0.5984007120132446,0.1865285336971283,0.467496782541275,0.3284369707107544,0.15278096497058868,0.6620386242866516,0.5749490261077881,0.17884153127670288,0.612141489982605,0.7528101205825806,0.3210093379020691,0.32705914974212646,0.273851603269577,0.15292634069919586,0.11787433177232742,0.37783411145210266,0.18474341928958893,0.6852715611457825,0.06140962615609169,0.9127343893051147,0.17635264992713928,0.15588726103305817,1.1789991855621338,0.9249593615531921,0.020754192024469376
1,0.010707015171647072,0.3290668725967407,0.18927916884422302,0.38312381505966187,1.1490484476089478,0.14633986353874207,0.3295654058456421,0.5677910447120667,0.7900558710098267,0.32834503054618835,0.2102249711751938,0.4327905476093292,0.019451037049293518,0.6768975853919983,0.00553105166181922,0.10402577370405197,0.5874361991882324,0.4413166046142578,0.49794039130210876,0.03699026256799698,0.0,0.72417151927948,0.0,0.14533597230911255,0.4655042886734009,0.21541965007781982,0.1232219859957695,0.39902085065841675,0.010822235606610775,0.061975207179784775,0.0013017762685194612,0.0,0.10178177058696747,0.37662380933761597,0.37475985288619995,0.3052442669868469,0.02212435007095337,0.04156486690044403,0.2726875841617584,0.09836144000291824,0.27125033736228943,0.22701558470726013,0.036724772304296494,0.051205746829509735,0.40714091062545776,0.1570456326007843,0.4042145311832428,0.13869157433509827,0.27868127822875977,0.27063366770744324,0.6007333993911743,0.06419400125741959,0.388212114572525,0.18275690078735352,0.19239620864391327,0.4044204652309418,0.4400315284729004,0.4002331793308258,0.0214402936398983,0.4792531132698059,0.0438181534409523,0.009537230245769024,0.33983659744262695,0.0045698839239776134,0.5370736122131348,0.03245749697089195,0.1806974560022354,0.09848632663488388,0.11804334819316864,0.6189936995506287,0.5995199680328369,0.11057719588279724,0.5900934934616089,0.8604292273521423,0.3824852705001831,0.4618147015571594,0.3436968922615051,0.19247359037399292,0.324585884809494,0.2067985236644745,0.46966099739074707,0.11994533985853195,0.0,0.33028367161750793,0.0,1.1052911281585693,0.13776366412639618,0.010726500302553177,0.8312264680862427,0.21742472052574158,0.3516607880592346,0.1393035650253296,0.36410513520240784,0.0954713523387909,0.21697857975959778,0.2741662561893463,0.03750910237431526,0.08672790974378586,0.0868280678987503,0.1635282337665558,0.03765718638896942,0.43556299805641174,0.4788341820240021,0.5004100799560547,0.4670292139053345,0.2544322907924652,0.4426557421684265,0.18025146424770355,0.4478932321071625,0.12724202871322632,0.00018959974113386124,0.2815919518470764,0.8550503253936768,0.13675525784492493,0.043529607355594635,0.2598249018192291,0.028207119554281235,0.0,0.07806245237588882,0.024108096957206726,0.07067061960697174,0.06206135451793671,0.27496272325515747,0.4540751278400421,0.28617042303085327,0.916156530380249,0.12839801609516144,0.11605957895517349
0,1.0540159940719604,0.8692256808280945,0.6058632135391235,0.9072019457817078,0.9968629479408264,0.0429237000644207,0.4780978262424469,0.7394041419029236,0.0004184752469882369,1.0111806392669678,0.5298126935958862,0.0,0.0,0.08572769910097122,0.0,0.026477694511413574,0.4445757567882538,1.5272120237350464,0.6209955215454102,0.0,0.3992561399936676,0.946646511554718,0.0,0.6395807862281799,0.0,0.3221533000469208,0.0,0.3748469352722168,0.17906451225280762,0.7729765176773071,0.7615137100219727,0.0,1.029684066772461,0.050270866602659225,0.13400723040103912,0.738771378993988,0.0,0.0,0.6663933992385864,0.6592699289321899,1.1145986318588257,0.7058045268058777,0.028362102806568146,0.6281875967979431,0.1675257831811905,0.0,0.23136143386363983,0.0,0.7589454054832458,0.3379988372325897,1.0320045948028564,0.01603364571928978,0.07697846740484238,0.01783761940896511,0.0,0.01578698307275772,0.13569855690002441,0.3734724223613739,0.0,0.8053637146949768,0.0,0.0,0.3628711998462677,0.060843922197818756,0.22279256582260132,0.7969387173652649,0.6174964308738708,0.7608524560928345,0.0,0.4553479254245758,0.014550714753568172,0.023233579471707344,1.1069382429122925,0.47163107991218567,0.25814005732536316,0.0066633764654397964,0.11692062020301819,0.0,0.540960431098938,0.0,0.0,0.6340548992156982,0.0,0.2705880105495453,0.0,0.8466949462890625,0.0,0.0,0.043117232620716095,0.09894312173128128,0.8916877508163452,0.0,0.6931516528129578,0.0,0.7316869497299194,0.18999578058719635,0.9882971048355103,0.0,0.4352854788303375,0.39411118626594543,0.0,0.7569002509117126,0.006741536781191826,0.07197597622871399,0.5663968920707703,0.5672821402549744,0.17491985857486725,0.8965944647789001,0.1832476705312729,0.0,0.0,0.0,1.1247111558914185,0.29064878821372986,0.002028048736974597,0.7584488391876221,0.0,0.0,0.0,0.4383874833583832,0.3446742594242096,0.16144336760044098,0.04213731363415718,0.8663235306739807,0.25693386793136597,0.9514545202255249,0.0,0.35353341698646545
1,0.10934387147426605,0.1577252894639969,0.1955031305551529,0.12939146161079407,1.203675627708435,0.7337051630020142,0.3030639886856079,0.5231364369392395,2.1954102516174316,0.3830873966217041,0.07479950785636902,0.10830722749233246,0.19645236432552338,0.45572537183761597,0.005283410660922527,0.03780633583664894,0.2461836040019989,0.23526786267757416,0.424276739358902,0.30854302644729614,0.0,0.15327833592891693,0.15149614214897156,0.31376180052757263,0.5352010726928711,0.4098100960254669,0.6404771208763123,0.1047283336520195,0.04157993942499161,0.023200880736112595,0.0024525211192667484,0.11268308758735657,0.058564092963933945,0.4335010349750519,0.07096613943576813,0.06301429122686386,0.005173777230083942,0.2318134307861328,0.887813925743103,0.16681349277496338,0.11146966367959976,0.20978884398937225,0.04678168520331383,0.1775396764278412,0.9596229195594788,0.6977186799049377,0.15288887917995453,0.5144155025482178,0.3536734879016876,0.5716854929924011,0.25402119755744934,0.590074360370636,0.17824073135852814,0.03214022144675255,0.4579605758190155,1.2517861127853394,0.2519962787628174,0.45137423276901245,0.032380618155002594,0.7000842690467834,0.2522381842136383,0.16631798446178436,0.4417882263660431,0.124966099858284,0.8792041540145874,0.011378033086657524,0.247757688164711,0.14198213815689087,0.7740326523780823,0.22628042101860046,0.6987338066101074,0.2959437370300293,0.17581655085086823,0.6167367696762085,0.08463884145021439,0.6942504644393921,0.5128715634346008,0.0659031942486763,0.7655472159385681,0.6310688257217407,0.41191068291664124,0.09990061074495316,0.5555033087730408,0.12366299331188202,0.0,1.9156205654144287,0.4117553234100342,0.002829525154083967,0.6002674102783203,0.7421800494194031,0.2750642001628876,0.17061224579811096,0.12476997077465057,0.664420485496521,0.43941113352775574,0.11622518301010132,0.010731463320553303,0.02574453130364418,0.09781762957572937,0.11554448306560516,0.5172083973884583,0.8664478063583374,0.4523163139820099,0.5503376126289368,0.2005077451467514,0.5886658430099487,0.15258871018886566,0.14042797684669495,0.5768083930015564,0.7631909847259521,0.3057693541049957,0.5593098998069763,0.5347980260848999,0.7059686183929443,0.3051076829433441,0.7114898562431335,0.3081284463405609,0.25933438539505005,0.6659159064292908,0.0500558502972126,0.5232251882553101,0.05834902822971344,0.8186808824539185,0.1291671097278595,0.09767288714647293,1.4224518537521362,1.0230674743652344,0.17308840155601501
1,0.017412329092621803,0.19815729558467865,0.13745436072349548,0.37520313262939453,0.7673879861831665,0.41492363810539246,0.10581838339567184,0.21683818101882935,1.5828590393066406,0.1833936870098114,0.1677859127521515,0.2849794030189514,0.4898209869861603,0.45636799931526184,0.03985759988427162,0.1462622433900833,0.6484976410865784,0.19510798156261444,0.21953478455543518,0.4277799725532532,0.00567396217957139,0.3051897883415222,0.11695142835378647,0.1184203252196312,0.6721502542495728,0.1989460587501526,0.5204759836196899,0.47926098108291626,0.02275945618748665,0.033558592200279236,0.0,0.19822898507118225,0.07126900553703308,0.8856971859931946,0.3650795817375183,0.14973485469818115,0.16793423891067505,0.26916804909706116,0.6634564995765686,0.0678994432091713,0.251770555973053,0.14295996725559235,0.10446524620056152,0.0821448490023613,0.5626092553138733,0.4789295494556427,0.1935546100139618,0.5472029447555542,0.22493791580200195,0.22288593649864197,0.3844347894191742,0.33331602811813354,0.1725732386112213,0.11178655922412872,0.4153828024864197,0.5955955982208252,0.5727608799934387,0.1773431897163391,0.0629906877875328,0.34066149592399597,0.19304165244102478,0.10071281343698502,0.4829104542732239,0.02590360678732395,0.8866972327232361,0.03605814278125763,0.10141019523143768,0.20060954988002777,0.5829344391822815,0.8049511909484863,0.837360680103302,0.48670709133148193,0.36836516857147217,0.3743989169597626,0.31276005506515503,0.3450861871242523,0.4314793348312378,0.11990168690681458,0.2664256989955902,0.5230973362922668,0.4163336455821991,0.035740967839956284,0.41308483481407166,0.39936429262161255,0.012115341611206532,1.1862311363220215,0.43173748254776,0.07676449418067932,1.0896586179733276,0.33764225244522095,0.1376572847366333,0.22070740163326263,0.35795116424560547,0.42331263422966003,0.2724658250808716,0.4372767210006714,0.025184284895658493,0.1315678060054779,0.036906614899635315,0.12655045092105865,0.46946460008621216,0.3369322121143341,0.4570562243461609,0.5464285612106323,0.19260857999324799,0.266568124294281,0.5088394284248352,0.2097090780735016,0.5566250085830688,0.26495063304901123,0.37799587845802307,0.36642444133758545,0.7648770213127136,0.398810476064682,0.23034395277500153,0.212874636054039,0.29502788186073303,0.24052689969539642,0.3692760765552521,0.011081021279096603,0.12694305181503296,0.05809100717306137,0.44927364587783813,0.29094016551971436,0.3140493631362915,0.7977823615074158,0.8871332406997681,0.3405516445636749
1,0.038581740111112595,0.11275201290845871,0.11401194334030151,0.15185484290122986,1.2761788368225098,0.8666287660598755,0.23172388970851898,0.3899451792240143,2.119891405105591,0.31752634048461914,0.09341584891080856,0.2021806687116623,0.09897638112306595,0.7983470559120178,0.0,0.040246397256851196,0.2707091271877289,0.2137254923582077,0.370540589094162,0.10916366428136826,0.0,0.18862834572792053,0.04102372005581856,0.25753310322761536,0.2958838939666748,0.5087984204292297,0.5400454998016357,0.14773966372013092,0.008975006639957428,0.03721889480948448,0.0,0.03479112312197685,0.046588219702243805,0.43978971242904663,0.048764411360025406,0.07378134876489639,0.004956573713570833,0.184661403298378,0.7064893841743469,0.06072034314274788,0.11831901222467422,0.1731448620557785,0.01735793799161911,0.08781145513057709,0.883969247341156,0.7269830107688904,0.17671829462051392,0.3615221679210663,0.26082417368888855,0.4046572148799896,0.22382916510105133,0.5873761177062988,0.1436433643102646,0.010325118899345398,0.3697502017021179,1.2623685598373413,0.3527287542819977,0.5313429832458496,0.0033101702574640512,0.7017437815666199,0.2661057710647583,0.03186047822237015,0.5016294121742249,0.09577661007642746,0.725801944732666,0.023051677271723747,0.11475702375173569,0.08348261564970016,0.7384390830993652,0.23331230878829956,0.8355758786201477,0.31716039776802063,0.19655433297157288,0.7171717882156372,0.12224021553993225,0.7462402582168579,0.40862464904785156,0.09443096071481705,0.5889471769332886,0.6246536374092102,0.4719553589820862,0.03904567286372185,0.45743951201438904,0.13865527510643005,0.0,1.7461799383163452,0.36484187841415405,0.0036880753468722105,0.5459602475166321,0.59550541639328,0.31740468740463257,0.1275348961353302,0.1579407900571823,0.6258963346481323,0.36759886145591736,0.11493636667728424,0.01623780094087124,0.03128165751695633,0.03043917566537857,0.08824466913938522,0.43365734815597534,0.7873533964157104,0.6148877739906311,0.5720175504684448,0.1611674726009369,0.5558697581291199,0.20066773891448975,0.11428409814834595,0.6704623699188232,0.7363045811653137,0.21371464431285858,0.622784435749054,0.4461086094379425,0.5151267051696777,0.2885250151157379,0.5440999865531921,0.1538257598876953,0.14985422790050507,0.5384009480476379,0.04365845024585724,0.5811120867729187,0.05513472482562065,0.8473198413848877,0.14760170876979828,0.11784487217664719,1.447062611579895,0.8415890336036682,0.06629998981952667
1,0.6186109185218811,0.5065682530403137,0.4564772844314575,1.1038620471954346,0.6360176801681519,0.07184363156557083,0.2070302665233612,0.34973156452178955,0.004953640513122082,0.8267431855201721,0.3504600524902344,0.0,0.0,0.17820589244365692,0.0,0.08125249296426773,0.6500374674797058,1.0639615058898926,0.3937317430973053,0.0,0.14777053892612457,0.8839525580406189,0.0,0.5524736642837524,0.0,0.26329678297042847,0.0,0.5088937282562256,0.024791132658720016,0.5238006711006165,0.336204469203949,0.0,0.8836721181869507,0.18024370074272156,0.18007317185401917,0.5455865263938904,0.0,0.0,0.7636989951133728,0.3496125340461731,0.9700652360916138,0.4491751790046692,0.027987657114863396,0.36337539553642273,0.05972038954496384,0.0,0.25818097591400146,0.0,0.3708854913711548,0.07149165123701096,1.0296574831008911,0.015259348787367344,0.12894636392593384,0.04312646761536598,0.0,0.0015406336169689894,0.18890731036663055,0.12742462754249573,0.0,0.6807667016983032,0.0041349767707288265,0.02305145189166069,0.22548562288284302,0.07879266142845154,0.2282436490058899,0.5983335971832275,0.2784769833087921,0.5704830884933472,0.0,0.5728576183319092,0.02893659472465515,0.04069734364748001,0.7759227156639099,0.3630286455154419,0.46721571683883667,0.0690554827451706,0.18099020421504974,0.023113442584872246,0.3155922293663025,0.0,0.04042492434382439,0.36661064624786377,0.0,0.5417478680610657,0.0,0.6660851836204529,0.0,0.015450384467840195,0.08796998113393784,0.004936330486088991,0.5282050371170044,0.004208334255963564,0.9049699306488037,0.0,0.5203608870506287,0.23252303898334503,0.6277691721916199,0.0,0.07874324917793274,0.2251739203929901,0.0026757509913295507,0.48293477296829224,0.0,0.09137158840894699,0.40741676092147827,0.3853968381881714,0.2777555584907532,0.5725468397140503,0.26556235551834106,0.0,0.0,0.023277511820197105,1.226888656616211,0.2166401594877243,0.013702793046832085,0.39405834674835205,0.0,0.0,0.0,0.22834278643131256,0.2184634506702423,0.1604171097278595,0.05256900563836098,0.6966444253921509,0.27583616971969604,0.8268252611160278,0.0018701457884162664,0.2381889820098877
0,0.7709141373634338,1.1148332357406616,0.9072545766830444,0.5830972194671631,1.635477066040039,0.02554846554994583,1.1927562952041626,1.816212773323059,0.006922852713614702,1.429243803024292,1.0260710716247559,0.0,0.0,0.41134312748908997,0.0,0.046669233590364456,0.3378926217556,1.3471074104309082,1.3150787353515625,0.0,0.12649224698543549,1.0937753915786743,0.021767370402812958,1.046061635017395,0.01515253446996212,0.1916579306125641,0.0,0.3218693435192108,0.7737497687339783,0.954254150390625,1.0257166624069214,0.0,1.807280421257019,0.034397296607494354,0.2728046178817749,0.7305364608764648,0.0,0.0,0.5100496411323547,1.8037352561950684,1.8039103746414185,1.0673158168792725,0.016114257276058197,1.0882223844528198,0.8808825016021729,0.0,0.36390963196754456,0.0,1.3793590068817139,1.0782570838928223,1.7231101989746094,0.0,0.09768453240394592,0.06602789461612701,0.0,0.0,0.07727081328630447,1.4333372116088867,0.0,1.9244273900985718,0.00482902443036437,0.0,0.04493099823594093,0.44356003403663635,0.5563768148422241,1.3467869758605957,1.316716194152832,1.2842212915420532,0.0,0.23372095823287964,0.023535501211881638,0.05145366117358208,1.6707756519317627,0.667963981628418,0.5156246423721313,0.05004175752401352,0.2501499354839325,0.007766996044665575,1.4459607601165771,0.0,0.03079591877758503,0.7728644013404846,0.0,0.28465327620506287,0.0,1.0938793420791626,0.0,0.007115361280739307,0.022452490404248238,0.7857416272163391,1.224293828010559,0.014425691217184067,0.4344891607761383,0.0,1.2543448209762573,0.13910329341888428,0.8977432250976562,0.0,1.4384485483169556,1.1282312870025635,0.11527378857135773,1.0305867195129395,0.08400824666023254,0.05698937177658081,1.592168927192688,1.3033415079116821,0.167417511343956,1.2090649604797363,0.14835752546787262,0.0,0.0,0.0,0.5664139986038208,0.6807575821876526,0.0012351135956123471,1.0681483745574951,0.0,0.0,0.0,0.0,0.017363673076033592,0.6448200345039368,0.0,1.1424870491027832,0.1518557220697403,1.184407114982605,0.0,0.08531218022108078
0,0.4397953450679779,0.30240142345428467,0.13157372176647186,0.5493288040161133,1.0192629098892212,0.4588492810726166,0.23511891067028046,0.68067866563797,0.09763046354055405,0.21821923553943634,0.24179314076900482,0.7452268600463867,0.0,0.901287853717804,0.0,0.044885605573654175,0.3196127414703369,1.3402957916259766,0.6184605360031128,0.0,0.3647037446498871,0.814331591129303,0.0,0.19627302885055542,0.027076661586761475,0.9564465880393982,0.05262597277760506,0.8217058181762695,0.0971873477101326,0.14024193584918976,0.44399890303611755,0.0,0.40264376997947693,0.2683732807636261,0.4981505870819092,0.6355089545249939,0.0,0.0,0.07405329495668411,0.5123145580291748,0.6057422757148743,0.25406911969184875,0.025845782831311226,0.10653183609247208,0.24903221428394318,0.0,0.6085439324378967,0.0,0.47215214371681213,0.20716990530490875,0.6102606654167175,0.20188379287719727,0.5617825388908386,0.2610492408275604,0.0,0.1848297119140625,0.354510635137558,0.6845064759254456,0.0,0.4852207899093628,0.20388616621494293,0.0,0.755241870880127,0.0,0.6032677292823792,0.31803691387176514,0.3170258402824402,0.12704694271087646,0.0,0.2487902045249939,0.3239578306674957,0.2771592438220978,1.0692428350448608,1.63477623462677,0.4464836120605469,0.2558659315109253,0.4848496913909912,0.17693442106246948,0.24117130041122437,0.0069542559795081615,0.2674212157726288,0.3139684498310089,0.0,0.23805351555347443,0.0,0.7892952561378479,0.0,0.010875475592911243,0.2523607611656189,0.48963165283203125,0.6067546606063843,0.1874375343322754,0.2856496274471283,0.0,0.08443212509155273,0.23479367792606354,0.2018788605928421,0.004421217832714319,0.4035872220993042,0.08823477476835251,0.10126151889562607,0.6779608726501465,0.37886226177215576,0.434025377035141,0.6123790144920349,0.2416270226240158,0.23886089026927948,0.18518078327178955,0.16784681379795074,0.06930508464574814,0.0,0.17865373194217682,1.0997378826141357,0.017535580322146416,0.002344532171264291,0.5670540928840637,0.0,0.0,0.0,0.6590949892997742,0.898421049118042,0.12750642001628876,0.4816305339336395,0.46745598316192627,0.13012486696243286,0.7481775879859924,0.01356209721416235,0.0
1,0.08830095827579498,0.15871937572956085,0.15901261568069458,0.19234944880008698,1.4037264585494995,0.6911868453025818,0.33289605379104614,0.520505964756012,1.9164012670516968,0.41611939668655396,0.11832671612501144,0.31443673372268677,0.019092543050646782,0.8397625684738159,0.0,0.05097876861691475,0.3416489064693451,0.29222822189331055,0.48208513855934143,0.0186361912637949,0.0,0.24377551674842834,0.0,0.30461999773979187,0.16926494240760803,0.44965997338294983,0.39781174063682556,0.1822666972875595,0.011368334293365479,0.048654936254024506,0.0,0.0,0.05901172012090683,0.30540457367897034,0.062176235020160675,0.09345636516809464,0.0062783267349004745,0.13618773221969604,0.6081991195678711,0.10134898871183395,0.14987078309059143,0.22077040374279022,0.021986790001392365,0.1316695362329483,0.7648683190345764,0.6022698283195496,0.1925531029701233,0.20847639441490173,0.30037984251976013,0.443935364484787,0.2981373369693756,0.49507033824920654,0.18783709406852722,0.013078472577035427,0.38306668400764465,1.0819376707077026,0.4580106735229492,0.669815182685852,0.005584249272942543,0.7428461909294128,0.22970034182071686,0.015146072953939438,0.46062707901000977,0.11899126321077347,0.5726011991500854,0.029198776930570602,0.17801666259765625,0.052182577550411224,0.5569450259208679,0.27838656306266785,0.6250494718551636,0.20992836356163025,0.2563379406929016,0.8824981451034546,0.14616459608078003,0.7585604190826416,0.3857472538948059,0.07799991965293884,0.6519848108291626,0.4300324320793152,0.4703899323940277,0.07119274139404297,0.21070171892642975,0.17563001811504364,0.0,1.631822943687439,0.2670372724533081,0.004671551287174225,0.41765376925468445,0.6975232362747192,0.47628670930862427,0.08644936978816986,0.20005832612514496,0.44147881865501404,0.3620176315307617,0.13936671614646912,0.020567866042256355,0.029660645872354507,0.06434592604637146,0.11856471747159958,0.2174842804670334,0.7817262411117554,0.5771759748458862,0.6210883259773254,0.22490215301513672,0.6348592638969421,0.23595045506954193,0.16238372027873993,0.6699072122573853,0.5443292856216431,0.044998183846473694,0.5743779540061951,0.36681807041168213,0.4623070955276489,0.17378096282482147,0.6589394807815552,0.06864141672849655,0.016944941133260727,0.3806050717830658,0.066457599401474,0.5971031188964844,0.06814821064472198,0.7140341401100159,0.19034647941589355,0.14927014708518982,1.422230839729309,0.5995156764984131,0.07233746349811554
1,0.01957252249121666,0.21012121438980103,0.1489027887582779,0.39496585726737976,0.7083240747451782,0.4050389230251312,0.11157101392745972,0.23429375886917114,1.4334378242492676,0.24085628986358643,0.1703840047121048,0.17672094702720642,0.4033520519733429,0.38472020626068115,0.03521263971924782,0.10432787239551544,0.6780458092689514,0.20659871399402618,0.17446689307689667,0.43276336789131165,0.009815438650548458,0.31811338663101196,0.1609562337398529,0.15199977159500122,0.6864561438560486,0.1976759135723114,0.4707975685596466,0.49909481406211853,0.017017336562275887,0.052019376307725906,0.0,0.17290787398815155,0.08031222969293594,0.8420630693435669,0.24236449599266052,0.14649753272533417,0.043263014405965805,0.2705075144767761,0.7544071078300476,0.06922496110200882,0.2592976689338684,0.16130173206329346,0.10300824046134949,0.09134844690561295,0.56501704454422,0.45421209931373596,0.18836252391338348,0.5448735952377319,0.22783319652080536,0.27149179577827454,0.37594422698020935,0.3648763597011566,0.22922545671463013,0.1022249385714531,0.3573812246322632,0.742036759853363,0.4925876557826996,0.1783071756362915,0.018082672730088234,0.36942577362060547,0.2138608694076538,0.17231690883636475,0.3292391300201416,0.04002070054411888,0.8360718488693237,0.05623357743024826,0.10586418956518173,0.18098489940166473,0.5059959888458252,0.727367639541626,0.6568034291267395,0.3983093202114105,0.3996503949165344,0.4180721044540405,0.26549145579338074,0.4088435769081116,0.5498648285865784,0.0757547914981842,0.2967159152030945,0.5133795142173767,0.357207328081131,0.03434928134083748,0.3751829266548157,0.40979743003845215,0.002800274407491088,1.3028820753097534,0.4371225833892822,0.022203927859663963,0.888224720954895,0.35100746154785156,0.15567819774150848,0.25199177861213684,0.3594534397125244,0.48745647072792053,0.29122477769851685,0.4904594421386719,0.0444108285009861,0.11088183522224426,0.03659394383430481,0.11906693130731583,0.48401448130607605,0.38281211256980896,0.4094470143318176,0.526421308517456,0.20231902599334717,0.2921237349510193,0.5341850519180298,0.22131182253360748,0.5956441164016724,0.34508463740348816,0.3277946710586548,0.37633979320526123,0.8451864123344421,0.3964504301548004,0.24370193481445312,0.2230599969625473,0.3111046850681305,0.2719956934452057,0.41837790608406067,0.018984023481607437,0.17370577156543732,0.06087808310985565,0.50350421667099,0.26434558629989624,0.2792015075683594,0.8349072337150574,0.8521777391433716,0.2537030279636383
1,0.205896258354187,0.19057266414165497,0.07703644037246704,0.16613727807998657,1.2180836200714111,0.7045975923538208,0.2722708284854889,0.2591109573841095,1.6128355264663696,0.2221711426973343,0.19631560146808624,0.29624027013778687,0.12336879968643188,0.7610304355621338,0.0,0.03823408484458923,0.2809477746486664,0.40185222029685974,0.43273431062698364,0.10469379276037216,0.05967434495687485,0.22057101130485535,0.03081919625401497,0.23922939598560333,0.37181124091148376,0.6060608625411987,0.4722359776496887,0.1830979883670807,0.08904164284467697,0.05604013055562973,0.14637772738933563,0.016226788982748985,0.14750106632709503,0.4498078227043152,0.07359477132558823,0.1706983745098114,0.004708745051175356,0.22500339150428772,0.5844186544418335,0.16026011109352112,0.24283166229724884,0.23621132969856262,0.016490023583173752,0.12155451625585556,0.7612906694412231,0.6394771337509155,0.1608406901359558,0.37912458181381226,0.27909260988235474,0.3399814963340759,0.2989825904369354,0.5403135418891907,0.21048188209533691,0.004686625208705664,0.31106308102607727,1.1103417873382568,0.3617858588695526,0.6247433423995972,0.009827638044953346,0.5037162899971008,0.2756054997444153,0.01720966026186943,0.6157910227775574,0.17074637115001678,0.674513578414917,0.05818360298871994,0.22843226790428162,0.20766429603099823,0.6790539622306824,0.2484816014766693,0.8640782237052917,0.3655428886413574,0.3660845160484314,0.7769026756286621,0.12528854608535767,0.6030491590499878,0.3541977107524872,0.10347499698400497,0.4922623634338379,0.5492433309555054,0.5847119092941284,0.12220720201730728,0.35974839329719543,0.13172249495983124,0.0,1.6694437265396118,0.3400605022907257,0.0035036634653806686,0.6420851945877075,0.6052950024604797,0.3344598412513733,0.17540831863880157,0.1718156635761261,0.5563580393791199,0.3372003138065338,0.10918954759836197,0.10585121810436249,0.03589372709393501,0.10542391240596771,0.14485611021518707,0.34673210978507996,0.6951282024383545,0.7556855082511902,0.6343053579330444,0.2685268521308899,0.47027236223220825,0.20117422938346863,0.23635339736938477,0.45802411437034607,0.4684322476387024,0.19313493371009827,0.5317603945732117,0.6798515915870667,0.4335978925228119,0.2895478904247284,0.5001876354217529,0.19856096804141998,0.14275434613227844,0.3672632873058319,0.19654211401939392,0.5518598556518555,0.15349605679512024,0.7469096183776855,0.27582311630249023,0.11195261776447296,1.362818956375122,0.8860054016113281,0.1182691901922226
1,0.12605024874210358,0.1884821206331253,0.24783648550510406,0.13159748911857605,1.223323941230774,0.7227914929389954,0.36064690351486206,0.5694766640663147,2.1700940132141113,0.41467389464378357,0.07527332007884979,0.06804174184799194,0.2744084298610687,0.33200716972351074,0.005319134797900915,0.037724439054727554,0.24718740582466125,0.2803589701652527,0.47514641284942627,0.3527616858482361,0.0,0.17518016695976257,0.16514259576797485,0.3561250567436218,0.632125973701477,0.32459717988967896,0.614575982093811,0.10628946870565414,0.06301169097423553,0.02117912471294403,0.00262825028039515,0.1519692987203598,0.07717159390449524,0.5450915098190308,0.09282466769218445,0.06801097095012665,0.013766023330390453,0.2691645324230194,1.036601185798645,0.2373134344816208,0.12464895099401474,0.23116376996040344,0.11243448406457901,0.2134365439414978,1.015612244606018,0.6720829010009766,0.16302356123924255,0.574733316898346,0.4370056986808777,0.6061739325523376,0.2810446619987488,0.5744182467460632,0.15939511358737946,0.04607054591178894,0.4489743709564209,1.2291456460952759,0.23999525606632233,0.4675803482532501,0.061750028282403946,0.7131858468055725,0.2675386965274811,0.16228054463863373,0.45218342542648315,0.05381416901946068,0.9241346120834351,0.010989189147949219,0.29330185055732727,0.17633278667926788,0.7412935495376587,0.25405123829841614,0.6858205795288086,0.2685506343841553,0.1907244324684143,0.5987318158149719,0.09462762624025345,0.5840640068054199,0.5427163243293762,0.018944619223475456,0.831595242023468,0.610256552696228,0.37911882996559143,0.11321756988763809,0.5456929206848145,0.12771403789520264,0.0,1.8918286561965942,0.4556185305118561,0.001984614646062255,0.6736661195755005,0.7749745845794678,0.30604201555252075,0.17823803424835205,0.12294547259807587,0.6684463620185852,0.491178423166275,0.1197534129023552,0.010385401546955109,0.03173869475722313,0.12413149327039719,0.13548295199871063,0.6015704870223999,0.9015078544616699,0.3532447814941406,0.48346516489982605,0.23892779648303986,0.579805850982666,0.1559116393327713,0.18552058935165405,0.5455241203308105,0.7271534204483032,0.34976309537887573,0.5060939192771912,0.5277508497238159,0.7849214673042297,0.28492480516433716,0.7478721737861633,0.318945974111557,0.3189292550086975,0.7161988615989685,0.028826288878917694,0.508561372756958,0.05791395530104637,0.7351995706558228,0.15115854144096375,0.09726279973983765,1.409355878829956,1.0451796054840088,0.20467206835746765
1,0.02368846721947193,0.1863732933998108,0.16393707692623138,0.27632907032966614,0.7334403991699219,0.4724947214126587,0.1388290524482727,0.2590775489807129,1.5453834533691406,0.2903859615325928,0.16030873358249664,0.11603360623121262,0.27874505519866943,0.43400946259498596,0.020571500062942505,0.059262968599796295,0.4949490427970886,0.2269574999809265,0.2095012217760086,0.41567546129226685,0.004361211322247982,0.3062213659286499,0.16996867954730988,0.1840648651123047,0.621225893497467,0.35022786259651184,0.5381688475608826,0.27551016211509705,0.010873658582568169,0.07711097598075867,0.0,0.1200159564614296,0.11141721904277802,0.7093043327331543,0.0776648297905922,0.12090862542390823,0.012406066060066223,0.3100203275680542,0.7827504873275757,0.08016365021467209,0.21053099632263184,0.18811769783496857,0.06667181849479675,0.1018029972910881,0.6849358677864075,0.5228753685951233,0.13544930517673492,0.6049339771270752,0.2527354061603546,0.3114950358867645,0.3354306221008301,0.492803692817688,0.3027811646461487,0.02169428952038288,0.36619898676872253,0.9830251932144165,0.3934800922870636,0.23973625898361206,0.0224310215562582,0.4671975076198578,0.2695230543613434,0.1799226850271225,0.35417425632476807,0.07777702808380127,0.8343044519424438,0.05108993127942085,0.12114261835813522,0.2087099552154541,0.5691884160041809,0.4287891685962677,0.7126137018203735,0.4550800323486328,0.35830309987068176,0.5929486751556396,0.19147738814353943,0.6401888132095337,0.6452447772026062,0.1369541436433792,0.3825511038303375,0.6503295302391052,0.46350380778312683,0.04204108938574791,0.46662160754203796,0.25556573271751404,0.015102792531251907,1.5559875965118408,0.4573630392551422,0.0025189886800944805,0.90655517578125,0.4691155254840851,0.18376022577285767,0.34516653418540955,0.2724376916885376,0.5988852977752686,0.3048354387283325,0.30420202016830444,0.04612722620368004,0.1384894996881485,0.04235738888382912,0.13625076413154602,0.5282273292541504,0.5096432566642761,0.6058204770088196,0.6722765564918518,0.1957719773054123,0.32727935910224915,0.40664777159690857,0.1570095270872116,0.4882652461528778,0.475342720746994,0.33256566524505615,0.5150322914123535,0.8857370615005493,0.43271878361701965,0.34252485632896423,0.25328803062438965,0.39193639159202576,0.29555633664131165,0.4848790168762207,0.03365118429064751,0.2692151665687561,0.06875315308570862,0.7038179636001587,0.2271283119916916,0.18237566947937012,1.003751516342163,1.0474839210510254,0.15591295063495636
1,0.17496080696582794,0.1475474238395691,0.19896312057971954,0.5875780582427979,1.1031243801116943,0.7078575491905212,0.19913792610168457,0.9125900268554688,0.7457463145256042,0.42849433422088623,0.18097931146621704,0.688537061214447,0.0,0.9374927878379822,0.0,0.057040195912122726,0.4196871221065521,0.8222532272338867,0.6125067472457886,0.0,0.013336341828107834,0.619143009185791,0.0,0.2375268191099167,0.018284872174263,0.7544052600860596,0.1744290441274643,0.5847547054290771,0.02770572528243065,0.09039381891489029,0.07436147332191467,0.0,0.17922112345695496,0.24085882306098938,0.29117846488952637,0.2786579728126526,0.0,0.0,0.17951324582099915,0.18335308134555817,0.34962213039398193,0.09169647097587585,0.021687468513846397,0.09279102087020874,0.2516499161720276,0.15611758828163147,0.5254669189453125,0.005831846036016941,0.38143929839134216,0.24528664350509644,0.38247740268707275,0.2590445280075073,0.3570128381252289,0.22612813115119934,0.03545999154448509,0.5819010734558105,0.3092557489871979,0.41362708806991577,0.0,0.7515102028846741,0.14807990193367004,0.0,0.45405688881874084,0.0,0.5225862264633179,0.1441977471113205,0.08913803845643997,0.06886282563209534,0.1573353111743927,0.3167453408241272,0.3276212215423584,0.08248744159936905,0.6242372393608093,1.2120401859283447,0.48004642128944397,0.5550336837768555,0.4873521625995636,0.05654862895607948,0.29492080211639404,0.07937160134315491,0.2919815480709076,0.061244528740644455,0.03926427289843559,0.35685238242149353,0.0,1.0673854351043701,0.0,0.000997946597635746,0.12200304120779037,0.26467326283454895,0.5607633590698242,0.0947517454624176,0.3818800747394562,0.04426579177379608,0.09379579871892929,0.19128187000751495,0.04899263754487038,0.00950528122484684,0.033346027135849,0.08341084420681,0.1209564357995987,0.6329634785652161,0.2678977847099304,0.543613076210022,0.3668905198574066,0.4649290442466736,0.306945264339447,0.07269762456417084,0.4939984679222107,0.27873367071151733,0.0,0.4050680696964264,0.6080528497695923,0.200212299823761,0.0015095652779564261,0.4622582197189331,0.0,0.0,0.20133580267429352,0.3887944519519806,0.5113434195518494,0.05413459241390228,0.5245603919029236,0.2114129215478897,0.15560320019721985,0.7308180332183838,0.0,0.0
1,0.03282928839325905,0.164808988571167,0.13050390779972076,0.26615792512893677,1.089614748954773,0.6174253821372986,0.16628117859363556,0.27799418568611145,1.7485873699188232,0.28482791781425476,0.15433207154273987,0.1880454123020172,0.14964671432971954,0.5804728865623474,0.038927480578422546,0.07075461745262146,0.48676297068595886,0.18849100172519684,0.3065406084060669,0.24029946327209473,0.0,0.3295876383781433,0.0494062639772892,0.2189747393131256,0.4915527403354645,0.2660127878189087,0.5240961909294128,0.26066944003105164,0.0011519095860421658,0.046472158282995224,0.0,0.047549497336149216,0.05578065291047096,0.5994570255279541,0.13323822617530823,0.11655714362859726,0.03098473697900772,0.2127668261528015,0.7034505605697632,0.052440300583839417,0.20613493025302887,0.1931796669960022,0.036913689225912094,0.09104041755199432,0.7030251026153564,0.5947064757347107,0.16383862495422363,0.44679194688796997,0.2293928563594818,0.2690293788909912,0.33731839060783386,0.4044497609138489,0.17090822756290436,0.0046565779484808445,0.3410567045211792,0.9233850836753845,0.5433212518692017,0.3827892243862152,0.0484514944255352,0.49372929334640503,0.20079955458641052,0.06255929917097092,0.4384324252605438,0.03214198723435402,0.739950954914093,0.02996850572526455,0.0997135117650032,0.14238177239894867,0.5904014110565186,0.5766326785087585,0.766705334186554,0.31517085433006287,0.3280722498893738,0.5164994597434998,0.21521688997745514,0.5642573237419128,0.378354549407959,0.057614292949438095,0.4232639968395233,0.5391677618026733,0.44304028153419495,0.03395599499344826,0.3620379567146301,0.26217392086982727,0.0,1.4894485473632812,0.41416823863983154,0.0049211084842681885,0.8148929476737976,0.4101267158985138,0.21652518212795258,0.16983048617839813,0.26750898361206055,0.552125871181488,0.36016350984573364,0.2723180055618286,0.023656634613871574,0.12065409868955612,0.026288367807865143,0.1327194720506668,0.47633683681488037,0.556041419506073,0.46946296095848083,0.5131492018699646,0.17478333413600922,0.41982972621917725,0.37929975986480713,0.16045574843883514,0.7062723636627197,0.4595315754413605,0.20297345519065857,0.4793224334716797,0.6831886768341064,0.46090009808540344,0.3046095073223114,0.41131627559661865,0.2146131545305252,0.15205758810043335,0.3974984288215637,0.01274222694337368,0.305010586977005,0.09031208604574203,0.6040133833885193,0.22627700865268707,0.20260877907276154,1.1589213609695435,0.7597525119781494,0.22007760405540466
1,0.3980693519115448,0.7135671973228455,0.4464111328125,0.11540970206260681,1.3873960971832275,0.5952877998352051,0.6805155873298645,0.7040050625801086,1.5846508741378784,0.7456637024879456,0.5489997267723083,0.09671091288328171,0.19081011414527893,0.34698376059532166,0.0,0.03058728016912937,0.206795334815979,0.43623363971710205,0.724775493144989,0.23031656444072723,0.010389617644250393,0.2162441462278366,0.0949830561876297,0.7217608690261841,0.40702733397483826,0.3892594277858734,0.48891255259513855,0.11781279742717743,0.45538195967674255,0.4735361337661743,0.4208853542804718,0.07169763743877411,0.7402363419532776,0.47787797451019287,0.036904484033584595,0.17664092779159546,0.004689278546720743,0.26608404517173767,1.0863322019577026,0.7488904595375061,0.6758179664611816,0.749118983745575,0.013192081823945045,0.609880268573761,1.1851398944854736,0.6632523536682129,0.14907197654247284,0.4942959249019623,0.7122176885604858,0.7705079913139343,0.8203719854354858,0.5420334339141846,0.16012199223041534,0.0037493002600967884,0.3354845941066742,1.0516233444213867,0.30291417241096497,0.9120407104492188,0.00896187499165535,1.1243886947631836,0.2407863289117813,0.06917833536863327,0.400349885225296,0.41332757472991943,0.695700466632843,0.4489317834377289,0.7802323698997498,0.8788326382637024,0.6890149712562561,0.18177297711372375,0.699805736541748,0.33106085658073425,0.5438217520713806,0.32706356048583984,0.10896322131156921,0.4863027334213257,0.4027058482170105,0.04975176975131035,1.1916823387145996,0.6155968308448792,0.47551771998405457,0.3729104697704315,0.49910303950309753,0.10537801682949066,0.0,1.8357428312301636,0.4118494689464569,0.0028029372915625572,0.6835173964500427,0.8636894226074219,0.4559328854084015,0.15535642206668854,0.14901576936244965,0.6128820180892944,1.0407915115356445,0.08735165745019913,0.4978938698768616,0.02482070028781891,0.5775219798088074,0.6113385558128357,0.48421284556388855,0.8200934529304504,0.48060673475265503,0.4693697690963745,0.7133103013038635,0.9186182618141174,0.15990868210792542,0.9197677373886108,0.4251488745212555,0.4602928161621094,0.2619529664516449,0.5453673005104065,0.5796035528182983,0.8979383707046509,0.3094307482242584,0.8420810103416443,0.2687821686267853,0.24982206523418427,0.45263299345970154,0.0422256737947464,0.2527172565460205,0.48056021332740784,0.6852104663848877,0.47251656651496887,0.0895620733499527,1.5954835414886475,1.0112212896347046,0.19036021828651428
1,0.09341728687286377,0.14404898881912231,0.09211307764053345,0.5171059370040894,0.19978050887584686,1.1460860967636108,0.011327316053211689,0.48788556456565857,0.014717754907906055,0.11140000820159912,0.11708279699087143,0.8460996747016907,0.6148490905761719,1.1727464199066162,0.0,1.0177733898162842,0.41117730736732483,0.5012000203132629,0.01333326380699873,0.02353883907198906,0.26398545503616333,0.7376877069473267,0.03712506592273712,0.031219303607940674,0.0764123871922493,0.8792643547058105,0.6452236771583557,1.0886414051055908,0.17344236373901367,0.0837528258562088,0.006519034504890442,0.4108397960662842,0.2525326609611511,0.9046674966812134,1.008469581604004,0.4620486795902252,0.08040498197078705,0.0038278792053461075,0.10565359890460968,0.18334215879440308,0.4790896475315094,0.07432403415441513,0.019649330526590347,0.02402716502547264,0.0,0.0,0.46736806631088257,0.01868077553808689,0.06418479233980179,0.04446757584810257,0.296246737241745,0.17650191485881805,0.5097811818122864,1.0802419185638428,0.0,0.40029844641685486,0.24928760528564453,0.024776484817266464,0.0,0.1435442864894867,0.4418967664241791,0.0,0.5732623934745789,0.0,0.5101504921913147,0.10558454692363739,0.028917094692587852,0.08555800467729568,0.09195812791585922,0.43354520201683044,0.6184216737747192,0.5645676255226135,0.40350788831710815,1.4034966230392456,1.030090093612671,0.2001878023147583,0.3519214987754822,0.16137073934078217,0.011935675516724586,0.1664908230304718,0.12696737051010132,0.010205721482634544,0.09027022868394852,0.2687798738479614,0.0,0.14594031870365143,0.0,0.017993701621890068,0.5368688702583313,1.0729011297225952,0.20744602382183075,0.3647218346595764,0.303091824054718,0.0,0.06086341291666031,0.46091118454933167,0.14979799091815948,0.018317585811018944,0.08393683284521103,0.025495916604995728,0.20676672458648682,0.6688647866249084,0.6527894735336304,1.055249571800232,0.10634598881006241,0.1528722047805786,0.6304287314414978,0.07148357480764389,0.2576500177383423,0.5991913676261902,0.016011502593755722,0.07646861672401428,1.3886802196502686,0.04109882935881615,0.17875128984451294,0.0653645247220993,0.053337812423706055,0.12381210178136826,0.24234025180339813,0.24991293251514435,0.8821407556533813,0.044553373008966446,0.26463860273361206,0.14651711285114288,0.2100636512041092,0.19442467391490936,0.2606877088546753,0.0
1,0.1373254507780075,0.1404196321964264,0.10076169669628143,0.5158008337020874,0.22013035416603088,1.2261443138122559,0.04561562091112137,0.5152356624603271,0.010578697547316551,0.12978671491146088,0.13806025683879852,0.7671141624450684,0.5873467326164246,1.301813006401062,0.0,0.9153221845626831,0.3982979655265808,0.6324466466903687,0.03237484022974968,0.0,0.30932217836380005,0.6013584733009338,0.06636963784694672,0.055934298783540726,0.049005068838596344,0.9731540679931641,0.6170309782028198,1.1195255517959595,0.14332744479179382,0.08252550661563873,0.07044307887554169,0.3904033899307251,0.37266308069229126,0.8606263399124146,0.951917827129364,0.4711051881313324,0.013714438304305077,0.0019139423966407776,0.09384918212890625,0.17277804017066956,0.46139970421791077,0.07231660187244415,0.02834733948111534,0.027718927711248398,0.0,0.0,0.4705966114997864,0.005822156555950642,0.09579567611217499,0.04695550352334976,0.30596309900283813,0.19321154057979584,0.5666062235832214,0.9443200826644897,0.0,0.41969242691993713,0.25531208515167236,0.09282977133989334,0.0,0.16672250628471375,0.4697740972042084,0.0,0.52815842628479,0.0,0.5988838076591492,0.16522185504436493,0.01722022518515587,0.11069834232330322,0.09500117599964142,0.33490094542503357,0.4231652617454529,0.6226916313171387,0.4736647605895996,1.594420075416565,0.9491307139396667,0.18248972296714783,0.37533706426620483,0.11391588300466537,0.02628575824201107,0.14049620926380157,0.1205628365278244,0.012822994962334633,0.107146717607975,0.27907007932662964,0.0,0.17091602087020874,0.0,0.017838865518569946,0.45363694429397583,1.1794579029083252,0.23067471385002136,0.4484383165836334,0.3114478290081024,0.0,0.06416277587413788,0.4649731516838074,0.10855339467525482,0.017141923308372498,0.10516315698623657,0.03919385001063347,0.16766300797462463,0.700210452079773,0.8221908807754517,1.0409791469573975,0.1386898308992386,0.16708724200725555,0.550398051738739,0.07387332618236542,0.21648184955120087,0.6767634749412537,0.0,0.08420774340629578,1.4245504140853882,0.015991875901818275,0.11571377515792847,0.06887483596801758,0.02636001445353031,0.1631554514169693,0.19084835052490234,0.31258171796798706,0.8536547422409058,0.04657360166311264,0.2755952477455139,0.19675756990909576,0.18561196327209473,0.2100491225719452,0.23506148159503937,0.0
1,0.02515443228185177,0.15152087807655334,0.14553415775299072,0.15185484290122986,1.0145646333694458,0.5662821531295776,0.2016046643257141,0.34849339723587036,2.0077598094940186,0.32200226187705994,0.09341582655906677,0.08999314904212952,0.25678902864456177,0.5581056475639343,0.00013959217176306993,0.04024640470743179,0.2810564637184143,0.22566799819469452,0.27298232913017273,0.3007994592189789,0.0,0.19443722069263458,0.17669568955898285,0.16350559890270233,0.5094068050384521,0.47483137249946594,0.6210359334945679,0.14242149889469147,0.013826815411448479,0.03468834608793259,0.0,0.08944838494062424,0.08030611276626587,0.5200013518333435,0.0691380649805069,0.0737813264131546,0.011345610953867435,0.24888098239898682,0.752339780330658,0.1029190644621849,0.11831901967525482,0.17715196311473846,0.022517099976539612,0.10400185734033585,0.9495376944541931,0.6233903169631958,0.12372372299432755,0.5370725393295288,0.28021058440208435,0.47884389758110046,0.253289133310318,0.5629716515541077,0.18462075293064117,0.024555254727602005,0.4782348573207855,1.1414448022842407,0.26139435172080994,0.3124052584171295,0.02077116072177887,0.5972537994384766,0.24225756525993347,0.1261441558599472,0.46087735891342163,0.13926208019256592,0.8917379975318909,0.023051666095852852,0.18560989201068878,0.2079717367887497,0.7618457674980164,0.23209428787231445,0.8329117894172668,0.43938878178596497,0.204632967710495,0.6002195477485657,0.12195130437612534,0.6922545433044434,0.5946967005729675,0.19622831046581268,0.5945886373519897,0.7455796599388123,0.49280524253845215,0.044989198446273804,0.6168026924133301,0.13865529000759125,0.010392841883003712,1.8463867902755737,0.40902599692344666,0.0036880753468722105,0.8231493234634399,0.617448627948761,0.22452716529369354,0.21871398389339447,0.15794076025485992,0.6508407592773438,0.3602190613746643,0.1344108134508133,0.0162377767264843,0.040878210216760635,0.0624815933406353,0.0969732254743576,0.4761536121368408,0.7453395128250122,0.7511982321739197,0.6320257782936096,0.17054787278175354,0.39775681495666504,0.1969039887189865,0.1120108813047409,0.43669217824935913,0.708077609539032,0.3859995901584625,0.5839225053787231,0.6760081052780151,0.5036477446556091,0.3059996962547302,0.4184685945510864,0.35082492232322693,0.2968982458114624,0.6073319911956787,0.013279538601636887,0.37544485926628113,0.046215929090976715,0.8104382157325745,0.17208832502365112,0.1178448349237442,1.2789397239685059,1.1923449039459229,0.19005636870861053
1,0.29629066586494446,0.18468435108661652,0.39044979214668274,0.375639408826828,1.577282428741455,0.7289807200431824,0.527566134929657,1.1817744970321655,1.2811414003372192,0.6172971129417419,0.14535769820213318,0.680197536945343,0.0,0.8772879242897034,0.0,0.04136333242058754,0.33422133326530457,0.743546187877655,0.8599738478660583,0.0,0.006468635518103838,0.4067646563053131,0.0,0.5209798812866211,0.024294033646583557,0.5177562832832336,0.16215649247169495,0.37139904499053955,0.09683335572481155,0.134536013007164,0.04189406707882881,0.0,0.10536361485719681,0.17437975108623505,0.11968692392110825,0.14542211592197418,0.0,0.0,0.3753257095813751,0.3568607270717621,0.25017133355140686,0.3230728507041931,0.026110634207725525,0.28993281722068787,0.498677521944046,0.23786233365535736,0.5070526003837585,0.004796115215867758,0.6641868948936462,0.5782644748687744,0.4428410530090332,0.21220813691616058,0.23141305148601532,0.12286657094955444,0.0355989933013916,0.8068200945854187,0.21180860698223114,0.7113221287727356,0.0,0.9399225115776062,0.0927700474858284,0.0,0.36088868975639343,0.0,0.5144115090370178,0.08525750041007996,0.38261041045188904,0.0702117383480072,0.18116050958633423,0.23760032653808594,0.28760406374931335,0.011134888976812363,0.6069187521934509,1.1611932516098022,0.2796132564544678,0.6393276453018188,0.2554709017276764,0.01817331276834011,0.7581868767738342,0.050687920302152634,0.18389181792736053,0.20961980521678925,0.03350527212023735,0.25286516547203064,0.0,1.435996651649475,0.0,0.0,0.06728335469961166,0.5338159203529358,0.6507827639579773,0.06013806536793709,0.2604900598526001,0.07469416409730911,0.3322993516921997,0.17166657745838165,0.0534692108631134,0.016032496467232704,0.19086074829101562,0.23564524948596954,0.03606480360031128,0.8177010416984558,0.14010204374790192,0.4177517592906952,0.5433124899864197,0.6897547841072083,0.22464247047901154,0.12485431879758835,0.47247114777565,0.3799017369747162,0.0,0.36137640476226807,0.44501638412475586,0.4824209213256836,0.0072194915264844894,0.9128623604774475,0.0,0.0,0.2916147708892822,0.30996403098106384,0.6144880652427673,0.10567615181207657,0.5363293886184692,0.1527106910943985,0.12977400422096252,1.2185295820236206,0.0,0.0
1,0.0005929706967435777,0.13214299082756042,0.09085214883089066,0.262294739484787,1.0019227266311646,0.6211157441139221,0.08936020731925964,0.1653907150030136,1.5603420734405518,0.21459169685840607,0.16135463118553162,0.24330352246761322,0.1294196993112564,0.7033743262290955,0.0,0.06951649487018585,0.4735099971294403,0.18664906919002533,0.21065324544906616,0.16017566621303558,0.0,0.3258126974105835,0.04470279440283775,0.13354922831058502,0.41529738903045654,0.4442670941352844,0.5025623440742493,0.25518667697906494,0.0155022656545043,0.06428715586662292,0.0,0.027719806879758835,0.0804705023765564,0.5882999897003174,0.08677011728286743,0.12744048237800598,0.008561360649764538,0.2723199725151062,0.5761813521385193,0.0,0.2043692022562027,0.1526077836751938,0.0299819465726614,0.042510632425546646,0.669316828250885,0.646274983882904,0.13565592467784882,0.4747304916381836,0.14522406458854675,0.15997178852558136,0.31846120953559875,0.5197266340255737,0.2654881775379181,0.008521148934960365,0.3406847417354584,1.022296667098999,0.5379273891448975,0.3664516508579254,0.012082552537322044,0.46829307079315186,0.2742752134799957,0.03511648625135422,0.4830906093120575,0.13173013925552368,0.7105559706687927,0.03981652110815048,0.02979976497590542,0.11909088492393494,0.6293248534202576,0.41907432675361633,0.805907666683197,0.4423893094062805,0.304590106010437,0.6402091979980469,0.2091846615076065,0.6595262885093689,0.4895811378955841,0.1354905217885971,0.2848880887031555,0.6140994429588318,0.6230072975158691,0.008900826796889305,0.35308611392974854,0.23949550092220306,0.005603695288300514,1.466036319732666,0.4453783929347992,0.006370300427079201,0.7991693615913391,0.4212993383407593,0.2115601897239685,0.2301439642906189,0.2728068232536316,0.5883290767669678,0.2394362837076187,0.2001725733280182,0.02804710902273655,0.0677749440073967,0.0,0.12901557981967926,0.4115370512008667,0.5263156294822693,0.6973251700401306,0.6850563287734985,0.16259241104125977,0.33088573813438416,0.34802117943763733,0.17599426209926605,0.6068214774131775,0.4216969311237335,0.19996599853038788,0.5743467807769775,0.699265718460083,0.3043590486049652,0.3472003638744354,0.19191692769527435,0.2257484495639801,0.16357260942459106,0.3388487994670868,0.06426175683736801,0.3003997206687927,0.0742374137043953,0.7259839177131653,0.2549484074115753,0.20355023443698883,1.1064119338989258,0.9211286306381226,0.13511492311954498
1,0.03383452817797661,0.12857204675674438,0.12855194509029388,0.12544530630111694,1.0207152366638184,0.7492135167121887,0.20703883469104767,0.33718037605285645,2.1868598461151123,0.31158962845802307,0.07716957479715347,0.07816344499588013,0.3133164346218109,0.5739192366600037,0.0001153260309365578,0.03324703499674797,0.23221302032470703,0.20476321876049042,0.28096991777420044,0.3240833282470703,0.0,0.16367052495479584,0.18240924179553986,0.17554426193237305,0.5530678629875183,0.47978153824806213,0.6633724570274353,0.13639745116233826,0.020077088847756386,0.029588190838694572,0.0,0.11106638610363007,0.06395301967859268,0.5823615789413452,0.057052385061979294,0.060949791222810745,0.02927405759692192,0.28106528520584106,0.860604465007782,0.09962813556194305,0.09774179756641388,0.15349622070789337,0.02308550663292408,0.10421515256166458,1.0214771032333374,0.7110228538513184,0.15142279863357544,0.588961660861969,0.3022712469100952,0.47494176030158997,0.20382101833820343,0.5985643267631531,0.12795916199684143,0.018786054104566574,0.4612668454647064,1.2633248567581177,0.23444020748138428,0.342196524143219,0.014853408560156822,0.6039124131202698,0.26428213715553284,0.11511148512363434,0.4987325966358185,0.10077956318855286,0.9138563275337219,0.019042665138840675,0.1580827236175537,0.22555923461914062,0.8568869233131409,0.2101486474275589,0.929669201374054,0.4259091317653656,0.16825571656227112,0.56195467710495,0.14473746716976166,0.6723546385765076,0.5767646431922913,0.1460527777671814,0.5952500104904175,0.7987096905708313,0.4662890136241913,0.039053287357091904,0.6925780177116394,0.11484937369823456,0.009358753450214863,1.9377686977386475,0.4505528211593628,0.0030466821044683456,0.8212758898735046,0.5954377055168152,0.21955566108226776,0.21646711230278015,0.1304728090763092,0.7453363537788391,0.3829304575920105,0.11474792659282684,0.013413800857961178,0.04448524862527847,0.051777128130197525,0.07821359485387802,0.5833621025085449,0.7753912806510925,0.7174091935157776,0.5786336660385132,0.14785096049308777,0.41705748438835144,0.17578814923763275,0.09676332771778107,0.4811616837978363,0.7920935153961182,0.45390138030052185,0.6234651207923889,0.6525484323501587,0.5895724296569824,0.3284049332141876,0.4465985596179962,0.34743189811706543,0.35702696442604065,0.7144614458084106,0.01314701046794653,0.3960648775100708,0.0386023223400116,0.8455049395561218,0.138519749045372,0.09735007584095001,1.3566203117370605,1.219267725944519,0.17381063103675842
1,0.14291036128997803,0.2350173443555832,0.2787391245365143,0.1411494016647339,1.4678900241851807,0.5797351002693176,0.4521409571170807,0.7049927711486816,2.0543909072875977,0.5014435052871704,0.08374463766813278,0.10214649140834808,0.04543669521808624,0.56355220079422,0.002774252090603113,0.03978750854730606,0.269623339176178,0.32831496000289917,0.5857436060905457,0.12172673642635345,0.0,0.2327181100845337,0.07292236387729645,0.4041688144207001,0.30474653840065,0.39599478244781494,0.4682020843029022,0.11233478784561157,0.0592101626098156,0.03524018079042435,0.007603976875543594,0.0403922013938427,0.09770302474498749,0.27261367440223694,0.08998480439186096,0.0828603133559227,0.005666511598974466,0.15540118515491486,0.7908533811569214,0.26999059319496155,0.12908725440502167,0.2893224060535431,0.029729047790169716,0.21855923533439636,0.9017434120178223,0.5648350119590759,0.19945767521858215,0.29348745942115784,0.47264307737350464,0.6533008813858032,0.33956989645957947,0.499514639377594,0.15562619268894196,0.05807776749134064,0.3913286626338959,1.0926003456115723,0.26730701327323914,0.6187591552734375,0.032644860446453094,0.8196104764938354,0.20582692325115204,0.08686155825853348,0.4106651842594147,0.16840659081935883,0.7272757291793823,0.014884315431118011,0.3496173024177551,0.10650339722633362,0.5673635601997375,0.22434502840042114,0.5422946214675903,0.2308301478624344,0.24025417864322662,0.9234917759895325,0.09134238213300705,0.6772962212562561,0.46261727809906006,0.059480875730514526,0.9096782207489014,0.4829786717891693,0.35853835940361023,0.16433905065059662,0.3291625380516052,0.12626822292804718,0.0,1.7857586145401,0.30084559321403503,0.003091077785938978,0.4568326473236084,0.8710901141166687,0.40387222170829773,0.10033845901489258,0.1378168761730194,0.4751649498939514,0.48004722595214844,0.1176953911781311,0.013466338627040386,0.026560256257653236,0.16110089421272278,0.16340285539627075,0.3469753861427307,1.000946283340454,0.4385818839073181,0.5549986958503723,0.29253992438316345,0.6491478681564331,0.144524946808815,0.2053106427192688,0.503381609916687,0.7036138772964478,0.10759498924016953,0.46505701541900635,0.43449005484580994,0.6519404649734497,0.20745493471622467,0.9068213701248169,0.17535218596458435,0.09946144372224808,0.514441192150116,0.021554086357355118,0.6085907816886902,0.06768454611301422,0.6625217199325562,0.17973420023918152,0.10794275999069214,1.497877597808838,0.7329480051994324,0.11613939702510834
0,0.44376903772354126,0.5169146656990051,0.4498775899410248,0.3497779667377472,1.5619621276855469,0.37828248739242554,0.8680217862129211,1.187722086906433,0.6949577331542969,0.6268327236175537,0.36159056425094604,0.4457828402519226,0.0,0.7141106128692627,0.0,0.0320851132273674,0.2522212266921997,1.1789393424987793,1.1443610191345215,0.0,0.11036048829555511,0.5533879995346069,0.0,0.7005109190940857,0.010285223834216595,0.615874707698822,0.07216403633356094,0.3306939899921417,0.3772265315055847,0.32488468289375305,0.4606861174106598,0.0,0.5464143753051758,0.13274061679840088,0.24175255000591278,0.5084511041641235,0.0,0.0,0.20323553681373596,0.8406765460968018,0.5605971217155457,0.46307680010795593,0.012199152261018753,0.41892552375793457,0.6810416579246521,0.06827741116285324,0.6311050057411194,0.0018155078869313002,0.8414703011512756,0.8007462620735168,0.8517661094665527,0.12709946930408478,0.21989735960960388,0.18199767172336578,0.029644036665558815,0.466439813375473,0.18179497122764587,1.028926968574524,0.0,0.9609174132347107,0.10763517767190933,0.0,0.4025373160839081,0.02589094266295433,0.565794825553894,0.24264530837535858,0.8152880072593689,0.37588387727737427,0.09908146411180496,0.19776245951652527,0.3148878514766693,0.05029886215925217,0.9868786931037903,1.3156015872955322,0.2917655110359192,0.3700447380542755,0.3069015145301819,0.052227750420570374,0.9287106990814209,0.030227143317461014,0.2435058206319809,0.5650504231452942,0.0054215253330767155,0.20043793320655823,0.0,1.4335581064224243,0.0,0.0005613210960291326,0.10706143826246262,0.7740214467048645,0.7445415258407593,0.0723482146859169,0.24380381405353546,0.003200947307050228,0.4513390064239502,0.11031635850667953,0.23054362833499908,0.005577037110924721,0.5861799716949463,0.444673091173172,0.045487046241760254,0.8970860838890076,0.3038426637649536,0.35608071088790894,0.9315812587738037,0.704330325126648,0.1530529409646988,0.3796060383319855,0.232070654630661,0.10458756238222122,0.0,0.2315579652786255,0.695543646812439,0.4395458400249481,0.0008491405751556158,0.9781272411346436,0.0,0.0,0.09323771297931671,0.25962206721305847,0.6258397102355957,0.2860679626464844,0.3666801154613495,0.4818820655345917,0.08752678334712982,1.2632864713668823,0.0,0.0
0,0.7490684390068054,0.8847635984420776,0.9859269857406616,0.2864733934402466,2.2989206314086914,0.1801174432039261,1.5054454803466797,1.9899131059646606,0.6009221076965332,1.2998837232589722,0.7415934205055237,0.22410432994365692,0.0016432133270427585,0.6890465617179871,0.0,0.027019042521715164,0.19879913330078125,1.0456500053405762,1.710260272026062,0.0,0.005529108922928572,0.7136152386665344,0.0,1.2879024744033813,0.020296311005949974,0.2845340669155121,0.006009664386510849,0.2567914128303528,0.7106980085372925,0.6234583258628845,0.6328318119049072,0.0,1.011700987815857,0.06962653249502182,0.28124237060546875,0.40596476197242737,0.0,0.0,0.7399529814720154,1.6131559610366821,1.0444053411483765,0.9233613014221191,0.010273002088069916,1.0307778120040894,1.2647714614868164,0.0,0.6501979827880859,0.0,1.6451702117919922,1.40687096118927,1.2657736539840698,0.02171226032078266,0.15104086697101593,0.2564837634563446,0.0,0.31605827808380127,0.11325643211603165,1.4152541160583496,0.0,1.6774448156356812,0.019928183406591415,0.0,0.19687630236148834,0.13114751875400543,0.679779052734375,0.6559087634086609,1.5247780084609985,0.8311613202095032,0.0,0.13795210421085358,0.06954596191644669,0.021977005526423454,1.1633366346359253,1.2481437921524048,0.40841835737228394,0.3283766210079193,0.20524044334888458,0.006439824588596821,1.9056247472763062,0.0,0.08280771970748901,0.6991334557533264,0.10240470618009567,0.16515320539474487,0.0,1.3694734573364258,0.0,0.00047268698108382523,0.07301049679517746,1.3196393251419067,0.9694178700447083,0.04635249450802803,0.1943875402212143,0.0,1.1687984466552734,0.08473021537065506,0.3786675035953522,0.0,1.0355165004730225,1.0635302066802979,0.016395870596170425,1.302769660949707,0.09596984833478928,0.14040929079055786,1.5418312549591064,1.270479440689087,0.09956151247024536,0.9696961641311646,0.08867425471544266,0.34194493293762207,0.0,0.04684682935476303,0.3719382882118225,0.8257285952568054,0.0007150488090701401,1.5201865434646606,0.0,0.0,0.12953975796699524,0.0367109477519989,0.3988041877746582,0.582692563533783,0.07812430709600449,0.6778658032417297,0.07370676845312119,1.61750066280365,0.0,0.0
0,1.056303858757019,1.5890522003173828,1.373603343963623,0.34672415256500244,2.1030044555664062,0.0,1.821900486946106,2.3683645725250244,0.05073663219809532,1.946140170097351,1.4222688674926758,0.0,0.0,0.2681020498275757,0.0,0.07698362320661545,0.2939472496509552,1.5329707860946655,1.8706368207931519,0.0,0.23839785158634186,1.074446678161621,0.0,1.6596951484680176,0.0,0.06274156272411346,0.0,0.19241392612457275,1.1256029605865479,1.4567012786865234,1.3397560119628906,0.0,2.2866415977478027,0.0,0.1517159342765808,0.9869742393493652,0.0,0.0,0.6923294067382812,2.3410091400146484,2.120149850845337,1.5980490446090698,0.0,1.6829739809036255,1.4724935293197632,0.0,0.5550488233566284,0.0,2.163402795791626,1.739320158958435,2.4612081050872803,0.0,0.0,0.0638786256313324,0.0,0.039099376648664474,0.0,1.94064199924469,0.0,2.594470500946045,0.0,0.0010854415595531464,0.007855991832911968,0.6503813862800598,0.2866324186325073,1.7144922018051147,1.789712905883789,1.872022271156311,0.0,0.1420116424560547,0.0,0.0,2.0531527996063232,0.4339616298675537,0.5688593983650208,0.01055900752544403,0.17794770002365112,0.0,2.1546921730041504,0.0,0.0,1.154700756072998,0.0,0.18350762128829956,0.0,1.4889930486679077,0.0,0.0,0.020956089720129967,1.1785122156143188,1.5173296928405762,0.0,0.33125075697898865,0.0,1.900991439819336,0.0702495351433754,1.1144399642944336,0.0,2.0163795948028564,1.9473992586135864,0.011607476510107517,1.1785255670547485,0.013562441803514957,0.0,2.1318516731262207,1.9936140775680542,0.09371467679738998,1.8234871625900269,0.10479167848825455,0.025483638048171997,0.0,0.0,0.2371639609336853,0.9372950196266174,0.0,1.4916529655456543,0.0,0.0,0.01654677838087082,0.0,0.026444926857948303,1.0850731134414673,0.0,1.1956900358200073,0.2533397078514099,1.9156936407089233,0.0,0.16258899867534637
1,0.6396422386169434,0.36230918765068054,0.2639943063259125,0.2587659955024719,1.615779995918274,0.5807754993438721,0.5311510562896729,0.49017974734306335,1.0833162069320679,0.5765334367752075,0.42539656162261963,0.17675304412841797,0.007437886670231819,0.4388214945793152,0.0,0.02919764444231987,0.24017490446567535,0.6186923980712891,0.7981054186820984,0.023679571226239204,0.02392490580677986,0.2927762567996979,0.031097829341888428,0.8179973363876343,0.11671285331249237,0.5861227512359619,0.31582164764404297,0.22642183303833008,0.09109342843294144,0.18530753254890442,0.2717951238155365,0.0,0.49341005086898804,0.29600557684898376,0.07132461667060852,0.10258820652961731,0.0,0.04612055420875549,0.7344189882278442,0.5309810638427734,0.6261343359947205,0.535614013671875,0.02170894853770733,0.40167585015296936,0.7155497074127197,0.5328457355499268,0.15582378208637238,0.11757359653711319,0.4993288516998291,0.5943824052810669,0.5763218402862549,0.5445297360420227,0.3055572211742401,0.0409046970307827,0.2200039029121399,0.8190281987190247,0.3491564989089966,0.8655816316604614,0.004467497579753399,0.6596076488494873,0.2516576945781708,0.004261155147105455,0.3945171535015106,0.17458206415176392,0.5906996130943298,0.36527901887893677,0.625674307346344,0.4130396842956543,0.4230428636074066,0.18439418077468872,0.4526399075984955,0.2219802290201187,0.5835741758346558,0.6744097471237183,0.16339968144893646,0.5439229011535645,0.31774386763572693,0.014009149745106697,0.9547344446182251,0.39376744627952576,0.29819855093955994,0.23101189732551575,0.2182983160018921,0.18284200131893158,0.00572741124778986,1.2109590768814087,0.19807599484920502,0.0,0.3242417275905609,0.8862649202346802,0.47967708110809326,0.1434658020734787,0.19808900356292725,0.3076246678829193,0.5292858481407166,0.1591731309890747,0.27389633655548096,0.03860652446746826,0.25783276557922363,0.49088630080223083,0.29910653829574585,0.9814485907554626,0.30177929997444153,0.49009525775909424,0.529160737991333,0.7565473914146423,0.19483304023742676,0.8112100958824158,0.40692877769470215,0.4123954474925995,0.006660830695182085,0.49812114238739014,0.5693459510803223,0.7449711561203003,0.17178356647491455,1.0484646558761597,0.05877818167209625,0.04187927395105362,0.44532209634780884,0.20518384873867035,0.6589875221252441,0.5526156425476074,0.7088451385498047,0.40080776810646057,0.09160521626472473,1.1027460098266602,0.4824318587779999,0.11716557294130325
1,0.09421326965093613,0.15321150422096252,0.18882720172405243,0.12939150631427765,1.2420307397842407,0.8015052676200867,0.30393025279045105,0.517662525177002,2.193084478378296,0.37408384680747986,0.07479949295520782,0.11497074365615845,0.2133391797542572,0.49335384368896484,0.004377478267997503,0.03780631348490715,0.2438918799161911,0.23285368084907532,0.43293023109436035,0.27940833568573,0.0,0.15085098147392273,0.12557299435138702,0.3080170452594757,0.5388012528419495,0.3796273469924927,0.6279839873313904,0.10565736889839172,0.051981471478939056,0.023200884461402893,0.0024525211192667484,0.10818254202604294,0.055563658475875854,0.48553210496902466,0.07121799886226654,0.0608457587659359,0.009112576022744179,0.22782239317893982,0.8982645273208618,0.15689413249492645,0.10847216844558716,0.20181052386760712,0.05185011029243469,0.16507874429225922,0.9841480851173401,0.7056443691253662,0.16130204498767853,0.48875245451927185,0.37229037284851074,0.5439764261245728,0.25303614139556885,0.5890653729438782,0.13190965354442596,0.030441144481301308,0.4182514250278473,1.2666083574295044,0.2799752354621887,0.4903828501701355,0.03243303671479225,0.6720215082168579,0.24233922362327576,0.14298437535762787,0.47363799810409546,0.0737353190779686,0.8638139963150024,0.011378033086657524,0.23954249918460846,0.1419684886932373,0.7484351992607117,0.22680839896202087,0.7656792402267456,0.2996024191379547,0.1694001704454422,0.6083065271377563,0.09596263617277145,0.6226181983947754,0.4754960834980011,0.06095298379659653,0.7570830583572388,0.6275535821914673,0.3941696882247925,0.08865842968225479,0.5276836156845093,0.1283542960882187,0.0,1.8875313997268677,0.413432240486145,0.002829517936334014,0.6358131170272827,0.6939230561256409,0.2696894705295563,0.1470256745815277,0.12476995587348938,0.6767110824584961,0.47248736023902893,0.11665087938308716,0.010731472633779049,0.02391025237739086,0.08862008899450302,0.10931116342544556,0.5523030757904053,0.8871433138847351,0.45644184947013855,0.49144089221954346,0.1988787055015564,0.5803950428962708,0.13855639100074768,0.15390796959400177,0.5990300178527832,0.7212931513786316,0.3244166672229767,0.5633839964866638,0.5210546255111694,0.7157875299453735,0.28604596853256226,0.7120628952980042,0.2775830626487732,0.27002114057540894,0.6837906837463379,0.031543780118227005,0.5274386405944824,0.05536072328686714,0.7997295260429382,0.12804213166236877,0.09767286479473114,1.4612782001495361,1.0075418949127197,0.17532740533351898
1,0.08830093592405319,0.1587192714214325,0.1590126007795334,0.19234946370124817,1.403726577758789,0.6911869049072266,0.332895964384079,0.5205059051513672,1.9164012670516968,0.4161193072795868,0.11832667887210846,0.31443658471107483,0.019092591479420662,0.8397625684738159,0.0,0.05097876116633415,0.3416488766670227,0.29222819209098816,0.4820852279663086,0.018636222928762436,0.0,0.24377530813217163,0.0,0.30461999773979187,0.16926489770412445,0.44966018199920654,0.3978118598461151,0.1822667419910431,0.011368310078978539,0.048654887825250626,0.0,0.0,0.059011705219745636,0.3054046332836151,0.06217623129487038,0.09345639497041702,0.0062783267349004745,0.1361878216266632,0.6081988215446472,0.10134897381067276,0.14987076818943024,0.2207701951265335,0.021986765787005424,0.13166947662830353,0.7648681402206421,0.6022698879241943,0.19255317747592926,0.2084764689207077,0.3003796935081482,0.4439353346824646,0.2981373071670532,0.4950703978538513,0.18783704936504364,0.013078485615551472,0.38306674361228943,1.0819377899169922,0.45801079273223877,0.6698153018951416,0.00558425160124898,0.7428462505340576,0.22970043122768402,0.01514605712145567,0.4606269299983978,0.11899123340845108,0.5726013779640198,0.029198771342635155,0.17801666259765625,0.05218254774808884,0.5569452047348022,0.27838659286499023,0.6250494718551636,0.20992843806743622,0.25633785128593445,0.8824979662895203,0.14616459608078003,0.7585604190826416,0.3857470452785492,0.07799991220235825,0.6519846320152283,0.4300325810909271,0.4703899919986725,0.07119276374578476,0.2107018083333969,0.17563004791736603,0.0,1.6318227052688599,0.2670373320579529,0.004671567585319281,0.4176538288593292,0.6975232362747192,0.476286381483078,0.08644941449165344,0.20005832612514496,0.4414787292480469,0.3620176911354065,0.1393667608499527,0.020567845553159714,0.02966069057583809,0.06434598565101624,0.11856473237276077,0.2174842357635498,0.781726062297821,0.5771759152412415,0.6210883259773254,0.22490204870700836,0.6348592638969421,0.23595060408115387,0.1623838096857071,0.6699071526527405,0.5443292260169983,0.044998206198215485,0.5743778944015503,0.36681801080703735,0.462306946516037,0.17378105223178864,0.6589392423629761,0.06864142417907715,0.01694496162235737,0.3806050419807434,0.06645753979682922,0.5971031188964844,0.06814829260110855,0.7140341401100159,0.19034649431705475,0.14927011728286743,1.42223060131073,0.5995157361030579,0.07233751565217972
1,0.07738612592220306,0.12868140637874603,0.1545242816209793,0.12544529139995575,1.1933737993240356,0.8940647840499878,0.23850350081920624,0.38481467962265015,2.079050064086914,0.3112971782684326,0.07716958224773407,0.13877888023853302,0.19090521335601807,0.5402709245681763,0.0,0.03324704244732857,0.2281888723373413,0.20582431554794312,0.3617726266384125,0.2326834499835968,0.0,0.1861530989408493,0.10240059345960617,0.260502427816391,0.4283801019191742,0.5451350212097168,0.6303789019584656,0.12560923397541046,0.037154413759708405,0.030745981261134148,0.0013141188537701964,0.08118248730897903,0.06601203233003616,0.5038852691650391,0.06220744922757149,0.06930914521217346,0.0045634363777935505,0.2504499554634094,0.9067413210868835,0.12167829275131226,0.11344938725233078,0.1868905872106552,0.014339255169034004,0.14797842502593994,0.9703970551490784,0.7689614295959473,0.1562787890434265,0.5000671148300171,0.298297643661499,0.43590718507766724,0.22236604988574982,0.6918888092041016,0.1593017727136612,0.027110589668154716,0.3745684027671814,1.3412694931030273,0.3242206871509552,0.48012852668762207,0.014908158220350742,0.688652753829956,0.2992977201938629,0.08395608514547348,0.5390706062316895,0.09631077200174332,0.8850788474082947,0.01904267631471157,0.1710919439792633,0.1446201652288437,0.8216519355773926,0.19886896014213562,0.8685561418533325,0.3855319321155548,0.18918323516845703,0.5929580330848694,0.12298841774463654,0.6895909309387207,0.4873395264148712,0.07019871473312378,0.6773428320884705,0.7193143367767334,0.487665057182312,0.06299009174108505,0.5846914052963257,0.11454132199287415,0.006792544852942228,1.8636598587036133,0.4309990108013153,0.0030466746538877487,0.6529273390769958,0.6942632794380188,0.2656942307949066,0.17568233609199524,0.1304728090763092,0.6965290307998657,0.38645660877227783,0.09753222018480301,0.013413810171186924,0.03177599981427193,0.0635666623711586,0.10317238420248032,0.5717483758926392,0.8667901754379272,0.5285595059394836,0.5539242625236511,0.16958166658878326,0.5536900162696838,0.17195159196853638,0.15748004615306854,0.5762753486633301,0.7492108345031738,0.30495360493659973,0.6287463903427124,0.5587932467460632,0.6407058835029602,0.36424776911735535,0.6174233555793762,0.26857125759124756,0.24453967809677124,0.6783484816551208,0.0645701065659523,0.583229660987854,0.043420661240816116,0.9074477553367615,0.14471934735774994,0.09735006839036942,1.4385744333267212,1.1015596389770508,0.1100827232003212
1,0.05529095605015755,0.18541815876960754,0.19642393290996552,0.1887172907590866,1.051177740097046,0.5657076239585876,0.2401910126209259,0.5177835822105408,2.011052131652832,0.41108304262161255,0.08060451596975327,0.08035272359848022,0.10653340071439743,0.5629334449768066,0.0,0.023636188358068466,0.21266451478004456,0.3602290749549866,0.3460330367088318,0.1948574334383011,0.0028120079077780247,0.2211296707391739,0.15958082675933838,0.2634581923484802,0.32416749000549316,0.6282684206962585,0.5465210676193237,0.17760410904884338,0.008779497817158699,0.04127058386802673,0.0018464702880010009,0.042274124920368195,0.11841203272342682,0.37261176109313965,0.08321865648031235,0.06441844254732132,0.0,0.12140730768442154,0.7914314270019531,0.17714574933052063,0.11897765100002289,0.19225962460041046,0.01460228767246008,0.15077058970928192,0.8841423988342285,0.5274723172187805,0.11523277312517166,0.3628544509410858,0.3375803530216217,0.5721450448036194,0.2484562247991562,0.6161492466926575,0.23783965408802032,0.0682254210114479,0.41392654180526733,1.1103757619857788,0.18834134936332703,0.39157363772392273,0.0,0.7828322649002075,0.2612174451351166,0.12469099462032318,0.4673217236995697,0.15174591541290283,0.8734880089759827,0.04127354919910431,0.23127524554729462,0.12826305627822876,0.6702525615692139,0.16988907754421234,0.6415963768959045,0.3468601107597351,0.2580398619174957,0.8339365720748901,0.11380571126937866,0.7402045130729675,0.6329312324523926,0.1819256991147995,0.703278660774231,0.6207269430160522,0.3528871238231659,0.06663714349269867,0.532203197479248,0.14804215729236603,0.0028862948529422283,1.798763632774353,0.24836406111717224,0.0,0.5246849656105042,0.7629590630531311,0.2925197184085846,0.20912030339241028,0.149508997797966,0.4610437750816345,0.3601144254207611,0.16363760828971863,0.02740640938282013,0.04674406722187996,0.11709956079721451,0.08042127639055252,0.4502679407596588,0.9305239319801331,0.5153215527534485,0.6197130084037781,0.21179091930389404,0.5685335397720337,0.19966615736484528,0.08345180004835129,0.4513930380344391,0.8015797734260559,0.2726403772830963,0.5553115606307983,0.5149040818214417,0.5670967698097229,0.26284709572792053,0.6113061308860779,0.24850620329380035,0.20860590040683746,0.621498167514801,0.0913170799612999,0.6995560526847839,0.03325805068016052,0.841087818145752,0.13307633996009827,0.07585195451974869,1.2846044301986694,0.9781327247619629,0.03166760876774788
1,0.015360342338681221,0.13284863531589508,0.10247532278299332,0.22486943006515503,0.9524796009063721,0.668677031993866,0.133708193898201,0.23440797626972198,1.9891825914382935,0.20164169371128082,0.12611238658428192,0.15743368864059448,0.39188152551651,0.5372654795646667,0.0,0.06575682014226913,0.41265541315078735,0.1853235512971878,0.2383134365081787,0.3766290545463562,0.0,0.2201523631811142,0.12325145304203033,0.11395741999149323,0.656871497631073,0.317207008600235,0.6157799959182739,0.2595825791358948,0.029246078804135323,0.017667772248387337,0.0,0.15158623456954956,0.059442006051540375,0.7917454242706299,0.13412976264953613,0.09644922614097595,0.09804798662662506,0.2882334589958191,0.717063844203949,0.0622127503156662,0.16250839829444885,0.12238205224275589,0.1670941412448883,0.06670377403497696,0.8385308980941772,0.6718435287475586,0.13802874088287354,0.61122727394104,0.2503184974193573,0.2845100164413452,0.286091148853302,0.4710348844528198,0.11811430007219315,0.015740765258669853,0.4457722008228302,0.9848340153694153,0.3747125267982483,0.2984701693058014,0.024097301065921783,0.42828065156936646,0.24710576236248016,0.07009018212556839,0.5101861953735352,0.024756548926234245,0.9090349674224854,0.011714817024767399,0.09048230946063995,0.22835344076156616,0.7269313335418701,0.403425008058548,0.9895009398460388,0.42814257740974426,0.23371556401252747,0.42551389336586,0.21939554810523987,0.4673800468444824,0.4797164499759674,0.08517630398273468,0.3602970242500305,0.7112852334976196,0.5024374723434448,0.026748763397336006,0.5146526098251343,0.2150241583585739,0.0,1.6214263439178467,0.5081371665000916,0.009259415790438652,1.03083336353302,0.3667003810405731,0.14156177639961243,0.1955743134021759,0.2218492031097412,0.648296058177948,0.30556243658065796,0.22132207453250885,0.011610970832407475,0.03628384694457054,0.035884685814380646,0.10408331453800201,0.6059800386428833,0.5434685945510864,0.6294212341308594,0.57486492395401,0.13122397661209106,0.30754944682121277,0.29752638936042786,0.11723318696022034,0.6300472617149353,0.43143683671951294,0.40978267788887024,0.5324186086654663,0.7704370021820068,0.5081204175949097,0.30309414863586426,0.3029800355434418,0.3189889192581177,0.3341262638568878,0.5692875385284424,0.025610975921154022,0.23759053647518158,0.05572853609919548,0.6476680040359497,0.21275311708450317,0.17683127522468567,1.1108171939849854,1.0732115507125854,0.2532772123813629
1,0.0,0.24445122480392456,0.17151878774166107,0.6182473301887512,0.7567222714424133,0.22091126441955566,0.05784514546394348,0.15332354605197906,0.2598646879196167,0.23079697787761688,0.27245116233825684,0.46131622791290283,0.04442397132515907,0.7103473544120789,0.022989721968770027,0.10727962851524353,0.7596723437309265,0.44579002261161804,0.2103748321533203,0.07568088918924332,0.04395845904946327,0.641913115978241,0.0,0.1547681838274002,0.3243427574634552,0.3132689893245697,0.09845167398452759,0.5963777899742126,0.004527348093688488,0.13567699491977692,0.06421572715044022,0.0,0.16658072173595428,0.5858117938041687,0.2994341552257538,0.33152350783348083,0.01024684589356184,0.13801835477352142,0.263396292924881,0.0009058685973286629,0.46652233600616455,0.18662957847118378,0.0712256208062172,0.06269056349992752,0.14163245260715485,0.16674832999706268,0.243769109249115,0.16576065123081207,0.18828408420085907,0.0,0.5426313877105713,0.15379302203655243,0.5352087616920471,0.1473400592803955,0.060444097965955734,0.3010323643684387,0.7613747715950012,0.20912553369998932,0.02936248667538166,0.31368210911750793,0.15289293229579926,0.0033730759751051664,0.305682510137558,0.06325183808803558,0.5175971388816833,0.12098266929388046,0.01420526672154665,0.13117149472236633,0.09760313481092453,0.692192792892456,0.4101960361003876,0.2944503724575043,0.7817153334617615,0.8897884488105774,0.42095303535461426,0.5283651351928711,0.3739987909793854,0.12405975908041,0.0924779549241066,0.13578484952449799,0.4405754506587982,0.013911925256252289,0.0,0.5287537574768066,0.0,0.747310221195221,0.16129404306411743,0.02839926816523075,0.7564076781272888,0.04444984719157219,0.27078184485435486,0.33788061141967773,0.5510285496711731,0.08507754653692245,0.17502529919147491,0.5120834708213806,0.08168172091245651,0.23874956369400024,0.0,0.1587872952222824,0.1052660122513771,0.16402259469032288,0.4654788076877594,0.528279721736908,0.35697105526924133,0.28044968843460083,0.6626748442649841,0.1939871460199356,0.4761940538883209,0.0,0.0,0.2719813287258148,1.0726842880249023,0.010145190171897411,0.11447004228830338,0.04375343397259712,0.05493306741118431,0.0,0.0,0.1499301791191101,0.2381022721529007,0.0986182913184166,0.21086759865283966,0.4215521812438965,0.315508633852005,0.506868839263916,0.13403353095054626,0.05516858398914337
1,0.02735908143222332,0.1616031527519226,0.126386359333992,0.22681140899658203,1.0208077430725098,0.6176509857177734,0.17209431529045105,0.2962775230407715,2.0400824546813965,0.2732456624507904,0.12586380541324615,0.12430955469608307,0.36353275179862976,0.4567826986312866,0.03348954766988754,0.06251338869333267,0.41865792870521545,0.1948554515838623,0.2861563265323639,0.3928501307964325,0.0,0.2560928165912628,0.140343576669693,0.15081368386745453,0.6650087833404541,0.2876911759376526,0.6001890301704407,0.24760514497756958,0.01886148564517498,0.02038339525461197,0.0,0.1425442397594452,0.060858067125082016,0.7394154667854309,0.17563249170780182,0.09267835319042206,0.1288275271654129,0.26649191975593567,0.8306636214256287,0.0843215137720108,0.1686803549528122,0.15800923109054565,0.1479026973247528,0.09682274609804153,0.8566962480545044,0.618512749671936,0.1665523797273636,0.5730066895484924,0.2759563624858856,0.3615122139453888,0.29965925216674805,0.4209289252758026,0.08607935160398483,0.015855155885219574,0.46866142749786377,0.9459752440452576,0.4110339283943176,0.2956990897655487,0.05901074782013893,0.4822586178779602,0.19692362844944,0.07832594960927963,0.5105013251304626,0.04258901625871658,0.9211114048957825,0.016843602061271667,0.13677383959293365,0.2633424997329712,0.72635418176651,0.5017427802085876,0.9267962574958801,0.3554215729236603,0.26265648007392883,0.39759957790374756,0.24238808453083038,0.4444158375263214,0.42965617775917053,0.08440534770488739,0.4708721339702606,0.6586822867393494,0.4053645730018616,0.04994817450642586,0.556253969669342,0.24811257421970367,0.0,1.6786651611328125,0.4675515592098236,0.007251452188938856,1.0061675310134888,0.4254589378833771,0.1716618686914444,0.17865270376205444,0.22098204493522644,0.6246812343597412,0.4013862609863281,0.23718973994255066,0.016135595738887787,0.0782470777630806,0.04554680734872818,0.10816271603107452,0.5860233306884766,0.5881317853927612,0.5268039107322693,0.4669603705406189,0.1574619561433792,0.3566509485244751,0.2986561954021454,0.13639160990715027,0.6089285016059875,0.5279718041419983,0.4210126996040344,0.49306491017341614,0.7682717442512512,0.5660218596458435,0.27688857913017273,0.39195722341537476,0.30669084191322327,0.28849121928215027,0.5692614316940308,0.0033844520803540945,0.25233855843544006,0.06609901785850525,0.6010453104972839,0.2118229866027832,0.1725883185863495,1.1509894132614136,1.0144906044006348,0.3158556818962097
1,0.5642030239105225,0.5777971148490906,0.20923377573490143,0.30782389640808105,1.1366444826126099,0.6317343711853027,0.4688483476638794,0.49506473541259766,1.0788605213165283,0.4858001172542572,0.19172881543636322,0.16858609020709991,0.0004895004094578326,0.37823107838630676,0.0,0.029197635129094124,0.24157866835594177,0.7042860984802246,0.6143455505371094,0.019618626683950424,0.006886078976094723,0.31199291348457336,0.009771899320185184,0.6570500731468201,0.11033940315246582,0.5694664120674133,0.26695847511291504,0.23508504033088684,0.06979981809854507,0.2999700605869293,0.07560472935438156,0.0,0.32622551918029785,0.31874507665634155,0.06342390924692154,0.11035817861557007,0.0,0.053669411689043045,1.1149863004684448,0.41068390011787415,0.4024163484573364,0.62101149559021,0.018431056290864944,0.32620254158973694,0.5756072998046875,0.458530992269516,0.08453266322612762,0.10997509211301804,0.41216444969177246,0.33000627160072327,0.45422232151031494,0.5940093398094177,0.3123025894165039,0.040904704481363297,0.13520820438861847,0.8579091429710388,0.333918035030365,0.554309070110321,0.02015017345547676,0.79530930519104,0.2277383655309677,0.0021215807646512985,0.4584512710571289,0.13316865265369415,0.5568840503692627,0.19495658576488495,0.42842432856559753,0.46144190430641174,0.383775919675827,0.18482719361782074,0.3752380311489105,0.20030321180820465,0.40656423568725586,0.621746301651001,0.17921684682369232,0.48594069480895996,0.30768194794654846,0.014009139500558376,0.8423681855201721,0.3483600914478302,0.2516035735607147,0.27933835983276367,0.16319070756435394,0.1852746605873108,0.0,1.2685298919677734,0.1671026200056076,0.0,0.2624909281730652,0.736251175403595,0.542453408241272,0.13686199486255646,0.2190583348274231,0.3073900043964386,0.7156988382339478,0.1591731309890747,0.38840416073799133,0.038606561720371246,0.26204609870910645,0.24340994656085968,0.2848129868507385,0.9223683476448059,0.2760350704193115,0.48061975836753845,0.30556461215019226,0.6439303755760193,0.19483307003974915,0.6439544558525085,0.439563512802124,0.34919503331184387,0.0042128730565309525,0.5116026997566223,0.5510806441307068,0.7042095065116882,0.16972202062606812,0.919658362865448,0.05341247096657753,0.01651720330119133,0.4009042978286743,0.46826794743537903,0.6740270853042603,0.12438583374023438,0.7392777800559998,0.3227348029613495,0.09160517901182175,1.2201412916183472,0.4554620683193207,0.055386655032634735
1,0.15920668840408325,0.19256363809108734,0.2396717518568039,0.2730354070663452,1.3282136917114258,0.775923490524292,0.3446411192417145,0.644709050655365,1.6163346767425537,0.4351004958152771,0.1090182363986969,0.2701851725578308,0.0,0.6306049227714539,0.0,0.03102249652147293,0.2551858425140381,0.43908676505088806,0.5554089546203613,0.019551385194063187,0.004851470235735178,0.33021071553230286,0.004419860430061817,0.4268181324005127,0.10134187340736389,0.66365647315979,0.35826075077056885,0.23637115955352783,0.03970034793019295,0.060579776763916016,0.009596595540642738,0.0,0.11166924238204956,0.3324088454246521,0.09914787858724594,0.10649926215410233,0.0,0.04364587366580963,0.7997086644172668,0.1866144835948944,0.17962434887886047,0.26339849829673767,0.01958298683166504,0.2078026533126831,0.7197694182395935,0.4985162615776062,0.16342777013778687,0.11661404371261597,0.39107179641723633,0.46935340762138367,0.2975369393825531,0.6115069389343262,0.2916852831840515,0.07657445222139359,0.23937176167964935,1.0553303956985474,0.3681950271129608,0.5903969407081604,0.0044325911439955235,0.832351803779602,0.2592206597328186,0.0028587074484676123,0.5000838041305542,0.026559747755527496,0.7623817920684814,0.06095573678612709,0.24311457574367523,0.07501629739999771,0.4573999047279358,0.19591882824897766,0.5244865417480469,0.2152273952960968,0.35619863867759705,0.9863567352294922,0.177257239818573,0.6798779368400574,0.4234327971935272,0.014884722419083118,0.7803452014923096,0.38694778084754944,0.3040071725845337,0.11395962536334991,0.21512828767299652,0.19426962733268738,0.0,1.5371297597885132,0.16467136144638062,0.0,0.27469149231910706,0.7464458346366882,0.45032358169555664,0.14231792092323303,0.19536757469177246,0.32330408692359924,0.3566455841064453,0.16912145912647247,0.038640737533569336,0.04101944714784622,0.09568917751312256,0.11866024881601334,0.3199002742767334,0.9605466723442078,0.28510963916778564,0.53098064661026,0.2857471704483032,0.73634272813797,0.20701009035110474,0.18921449780464172,0.574133038520813,0.5721454620361328,0.013604537583887577,0.5659400224685669,0.4903983175754547,0.5787199139595032,0.17440664768218994,0.8489997982978821,0.03487022966146469,0.009671547450125217,0.512401819229126,0.22015659511089325,0.8999443650245667,0.044926609843969345,0.8133488893508911,0.14962491393089294,0.09733054786920547,1.2988218069076538,0.49389296770095825,0.0009155173902399838
1,0.016061482951045036,0.14555960893630981,0.11781447380781174,0.22340558469295502,0.8884680271148682,0.6134155988693237,0.137876957654953,0.2131199687719345,1.8714468479156494,0.22241619229316711,0.13132160902023315,0.13391175866127014,0.35463353991508484,0.5286190509796143,0.0001020156269078143,0.06228923425078392,0.41174694895744324,0.18870632350444794,0.21414393186569214,0.3631031811237335,0.0,0.2459971010684967,0.13944540917873383,0.12405168265104294,0.6300852298736572,0.34454792737960815,0.6118314266204834,0.2366916984319687,0.026446716859936714,0.03500807657837868,0.0,0.13788150250911713,0.07714792340993881,0.7473242878913879,0.10875628888607025,0.10214175283908844,0.07247985154390335,0.32168132066726685,0.7278709411621094,0.06528791785240173,0.1677180975675583,0.13818010687828064,0.10407789796590805,0.07423181086778641,0.8311158418655396,0.6536548137664795,0.13110719621181488,0.632416844367981,0.23782750964164734,0.2849486172199249,0.2929340600967407,0.4981638491153717,0.16600768268108368,0.01617959886789322,0.4311079978942871,1.0103596448898315,0.3764546811580658,0.2706758677959442,0.022086910903453827,0.434780478477478,0.2588401436805725,0.10304299741983414,0.4928447902202606,0.06562824547290802,0.8880147337913513,0.02270285040140152,0.0974569171667099,0.2316187173128128,0.7301569581031799,0.38541173934936523,0.9301422834396362,0.47279179096221924,0.25125035643577576,0.48399144411087036,0.22019018232822418,0.5336538553237915,0.5499228239059448,0.12280244380235672,0.3597645163536072,0.7261638045310974,0.5352076292037964,0.031136326491832733,0.5356086492538452,0.20910955965518951,0.008278911001980305,1.6485289335250854,0.5035876631736755,0.007324828766286373,1.0086206197738647,0.41712215542793274,0.1576828956604004,0.24646225571632385,0.22634288668632507,0.6690288186073303,0.3044798672199249,0.2122231125831604,0.01767156459391117,0.05821481719613075,0.035487134009599686,0.1133643090724945,0.5800127387046814,0.549239993095398,0.6871863603591919,0.614664614200592,0.1514645665884018,0.2879089117050171,0.30260854959487915,0.13216494023799896,0.5525330305099487,0.4663952589035034,0.41108813881874084,0.5505185723304749,0.8086861371994019,0.4748634099960327,0.33450639247894287,0.26785892248153687,0.35570842027664185,0.3326253294944763,0.5431549549102783,0.02036108449101448,0.22023703157901764,0.060454919934272766,0.6846989393234253,0.22054609656333923,0.17453303933143616,1.1053723096847534,1.1446210145950317,0.24248896539211273
0,0.14348047971725464,0.47967249155044556,0.5113486051559448,0.2395731508731842,1.8423714637756348,0.2504981458187103,0.9106937646865845,1.3396732807159424,1.2322628498077393,0.7546224594116211,0.1768621802330017,0.37340813875198364,0.0,0.6693601608276367,0.0,0.05882169306278229,0.3434526026248932,0.7549362182617188,1.080564260482788,0.0,0.0,0.5037795305252075,0.0,0.6201801300048828,0.11903011798858643,0.25357937812805176,0.06890343874692917,0.21084818243980408,0.17124104499816895,0.1407661885023117,0.05560125783085823,0.0,0.23349325358867645,0.04111931845545769,0.18123111128807068,0.260958731174469,0.007244232576340437,0.0,0.322486937046051,0.6175734996795654,0.24772867560386658,0.5154807567596436,0.018825288861989975,0.320523738861084,0.7914193868637085,0.09335067868232727,0.5689454674720764,0.0,0.8535826206207275,0.8573944568634033,0.8503194451332092,0.04489836469292641,0.15592671930789948,0.15821577608585358,0.05391581356525421,0.6296025514602661,0.0422004833817482,0.9276984333992004,0.0,1.0557948350906372,0.024317888543009758,0.002017237013205886,0.23574884235858917,0.0,0.48718011379241943,0.04855766519904137,0.7508089542388916,0.1584177315235138,0.1052461788058281,0.23083709180355072,0.278076708316803,0.0,0.6528193950653076,1.1328284740447998,0.22262372076511383,0.4792378544807434,0.2428974062204361,0.05338113009929657,1.1164404153823853,0.030163973569869995,0.23369024693965912,0.4173654317855835,0.0053680092096328735,0.20061904191970825,0.0,1.6118581295013428,0.0,0.0,0.17579896748065948,0.7990166544914246,0.6740996837615967,0.0073476689867675304,0.2322797179222107,0.04524574801325798,0.5143710374832153,0.10850998014211655,0.03872495889663696,0.0,0.43505147099494934,0.3704087436199188,0.0,0.8987604975700378,0.2513785660266876,0.33193060755729675,0.8086486458778381,0.6815019249916077,0.12823563814163208,0.22646808624267578,0.25015875697135925,0.2316991239786148,0.0,0.2270468771457672,0.46025335788726807,0.48270055651664734,0.0061508659273386,0.9976249933242798,0.0,0.0,0.17341941595077515,0.017898093909025192,0.3326859474182129,0.09829847514629364,0.29505425691604614,0.40486568212509155,0.16887617111206055,1.5374342203140259,0.034283168613910675,0.0
1,0.02777622826397419,0.1869531273841858,0.16849225759506226,0.29782700538635254,0.6833934783935547,0.4913814663887024,0.13466744124889374,0.26115182042121887,1.5021010637283325,0.3013496994972229,0.1613529771566391,0.06149037927389145,0.2631377577781677,0.40684083104133606,0.0,0.04799460247159004,0.4945869445800781,0.2574060261249542,0.1960880160331726,0.45415136218070984,0.006653778720647097,0.3460802137851715,0.19950756430625916,0.19782619178295135,0.6299905776977539,0.4720058739185333,0.5026655793190002,0.3134203553199768,0.00419020839035511,0.11534726619720459,0.0,0.11370394378900528,0.15904127061367035,0.6921481490135193,0.048203371465206146,0.10974263399839401,0.0,0.2635205388069153,0.8647724390029907,0.07866484671831131,0.21786446869373322,0.20406703650951385,0.0437108650803566,0.10154588520526886,0.6504427194595337,0.5109909772872925,0.12940150499343872,0.5913315415382385,0.27103158831596375,0.3408505618572235,0.32628875970840454,0.5322717428207397,0.3135611116886139,0.01963995024561882,0.3293699026107788,1.107590913772583,0.326113224029541,0.22358885407447815,0.011165647767484188,0.49978649616241455,0.2832704782485962,0.16808739304542542,0.3363729417324066,0.08818432688713074,0.8749830722808838,0.06968271732330322,0.13891665637493134,0.19889317452907562,0.5364894270896912,0.34752002358436584,0.6074823141098022,0.3893132209777832,0.38792893290519714,0.6709452867507935,0.1789505034685135,0.6984703540802002,0.7241290211677551,0.05581393092870712,0.41645175218582153,0.643953263759613,0.411897212266922,0.04518214613199234,0.47080135345458984,0.26429083943367004,0.001526731182821095,1.641730546951294,0.4084220230579376,0.0,0.7729397416114807,0.5521613359451294,0.205339252948761,0.30446523427963257,0.27421867847442627,0.5669469237327576,0.2941244840621948,0.31641075015068054,0.06288637220859528,0.09077098965644836,0.04799748957157135,0.1273677945137024,0.530075192451477,0.5782239437103271,0.5350879430770874,0.6739556789398193,0.20306767523288727,0.31049731373786926,0.4037848711013794,0.15311609208583832,0.5189415216445923,0.5452215671539307,0.3115132749080658,0.5382137894630432,0.8821291327476501,0.42796334624290466,0.30353495478630066,0.257201611995697,0.37865784764289856,0.31066885590553284,0.49252527952194214,0.1045004203915596,0.4057530164718628,0.06765515357255936,0.7647878527641296,0.19201773405075073,0.15931487083435059,1.0316743850708008,1.105978012084961,0.07902742922306061
1,0.021427787840366364,0.17964114248752594,0.13587628304958344,0.2705739736557007,0.7295558452606201,0.4864405393600464,0.12156927585601807,0.2529032826423645,1.701308012008667,0.23412452638149261,0.14500384032726288,0.23745311796665192,0.3334897756576538,0.48910486698150635,0.03443295881152153,0.08454634994268417,0.4980582296848297,0.1993880271911621,0.20901256799697876,0.395989328622818,0.0,0.29288890957832336,0.14557944238185883,0.1319427639245987,0.6418201923370361,0.33534687757492065,0.5829446315765381,0.27726417779922485,0.004817575216293335,0.024442849680781364,0.0,0.14521345496177673,0.07451517879962921,0.7909941077232361,0.2031552642583847,0.12676633894443512,0.08915678411722183,0.31411540508270264,0.7329317331314087,0.0816623643040657,0.1857042759656906,0.16107381880283356,0.08123213797807693,0.09691586345434189,0.678020715713501,0.5419285297393799,0.17159521579742432,0.582118034362793,0.2212507575750351,0.2950696051120758,0.3274643123149872,0.4634471833705902,0.18808889389038086,0.043073005974292755,0.4312446415424347,0.8225431442260742,0.4999469816684723,0.21374577283859253,0.07656298577785492,0.4213932752609253,0.2379550039768219,0.16534994542598724,0.46690165996551514,0.06272975355386734,0.8978899121284485,0.014605027623474598,0.11616761982440948,0.21667395532131195,0.647223711013794,0.5632311701774597,0.887625515460968,0.5541226267814636,0.302646666765213,0.4338811933994293,0.266670286655426,0.49360859394073486,0.5125389695167542,0.2139720320701599,0.3325662314891815,0.6653717756271362,0.4864761233329773,0.03437138721346855,0.5104019641876221,0.28014707565307617,0.021265702322125435,1.4378999471664429,0.48040780425071716,0.00924215093255043,1.0543373823165894,0.42131662368774414,0.13513825833797455,0.3357200026512146,0.25890782475471497,0.5592033863067627,0.2939737141132355,0.29629507660865784,0.019640646874904633,0.1711048036813736,0.042944978922605515,0.12870703637599945,0.5377069115638733,0.4882446229457855,0.6418928503990173,0.6492014527320862,0.17108885943889618,0.3063490688800812,0.4317518174648285,0.1542760133743286,0.47236502170562744,0.4755028784275055,0.3652113080024719,0.4953724145889282,0.8289013504981995,0.47484782338142395,0.35016724467277527,0.24576696753501892,0.3587380051612854,0.2687399685382843,0.4783272445201874,0.010322380810976028,0.20122207701206207,0.04845238849520683,0.6363615393638611,0.2504461109638214,0.20208224654197693,0.932794988155365,1.0053434371948242,0.2686556577682495
0,0.1736072599887848,0.3337993323802948,0.12451674789190292,0.38204070925712585,0.6097573637962341,0.7123362421989441,0.2536642849445343,0.9210030436515808,0.30435633659362793,0.1764172464609146,0.1264411062002182,0.8630748987197876,0.07984934747219086,1.0822688341140747,0.0,0.1429019421339035,0.29328304529190063,1.1622074842453003,0.455373615026474,0.0,0.28750038146972656,1.0104044675827026,0.0,0.09445782005786896,0.1397552192211151,0.8487721681594849,0.20502521097660065,0.7735301852226257,0.1451747715473175,0.10043452680110931,0.25586599111557007,0.019667472690343857,0.3911131024360657,0.40032434463500977,0.6840043663978577,0.6224120259284973,0.0,0.0,0.06875274330377579,0.5052878856658936,0.5303142666816711,0.14105629920959473,0.03066314198076725,0.10437508672475815,0.34461766481399536,0.0031955146696418524,0.5860928297042847,0.006641161162406206,0.2953977584838867,0.31566572189331055,0.4757736325263977,0.15047217905521393,0.649002730846405,0.4686213433742523,0.08585929870605469,0.26838454604148865,0.271628201007843,0.47663378715515137,0.0,0.43629190325737,0.20672324299812317,0.0,0.5971328616142273,0.0,0.7173487544059753,0.2373524010181427,0.24013686180114746,0.08969808369874954,0.05097213387489319,0.3074361979961395,0.6010226011276245,0.338591068983078,0.8969635963439941,1.5805507898330688,0.5253941416740417,0.31091898679733276,0.5570300817489624,0.30157968401908875,0.16497354209423065,0.10845045000314713,0.28469786047935486,0.23199264705181122,0.0,0.1947900354862213,0.0,0.6021280884742737,0.0,0.01922043040394783,0.48324283957481384,0.7311213612556458,0.4350648522377014,0.22143743932247162,0.25146642327308655,0.0,0.06735912710428238,0.2711445987224579,0.12960733473300934,0.01916550286114216,0.44354143738746643,0.05052845552563667,0.13206782937049866,0.8503754734992981,0.535071849822998,0.6956672668457031,0.4524584412574768,0.19738446176052094,0.26565656065940857,0.09042972326278687,0.2176843136548996,0.17866766452789307,0.0,0.17273461818695068,1.2528294324874878,0.03697100281715393,0.008266338147222996,0.43008166551589966,0.009709660895168781,0.0,0.0952959656715393,0.501295268535614,0.7434914708137512,0.08626604080200195,0.5018239617347717,0.4364106059074402,0.1436559408903122,0.5962285995483398,0.020608097314834595,0.0
1,0.042314186692237854,0.11325858533382416,0.12007729709148407,0.18149404227733612,1.17133629322052,0.9366579651832581,0.22503383457660675,0.4109255373477936,2.0904457569122314,0.3443033695220947,0.09740888327360153,0.17040841281414032,0.07373229414224625,0.8118665814399719,0.0,0.027786336839199066,0.252687007188797,0.25834929943084717,0.3278330862522125,0.09971119463443756,0.004469535779207945,0.22469154000282288,0.03661080449819565,0.30067500472068787,0.23894013464450836,0.6086355447769165,0.5031619071960449,0.18077345192432404,0.0,0.0753851905465126,0.0,0.03424561023712158,0.06327695399522781,0.4231918752193451,0.02336783893406391,0.06615491956472397,0.0,0.10602468252182007,0.8264203667640686,0.060720354318618774,0.12821416556835175,0.19594325125217438,0.02395225688815117,0.09165605902671814,0.8566908836364746,0.6967083811759949,0.15920738875865936,0.28505176305770874,0.29242607951164246,0.42928871512413025,0.2080722451210022,0.6456823348999023,0.17285384237766266,0.005391827318817377,0.3110361099243164,1.3608121871948242,0.3170418441295624,0.5630500912666321,0.0,0.7624138593673706,0.2723737061023712,0.026926077902317047,0.5086270570755005,0.07099268585443497,0.7548953890800476,0.04171409830451012,0.12725365161895752,0.08877211809158325,0.7067475318908691,0.17174206674098969,0.7837634086608887,0.295041561126709,0.2450309544801712,0.7556946277618408,0.12561212480068207,0.781974732875824,0.40640440583229065,0.05600294843316078,0.623270571231842,0.6063296794891357,0.364266037940979,0.04520461708307266,0.46435004472732544,0.15061308443546295,0.0,1.741339087486267,0.3020855486392975,0.0,0.38521334528923035,0.645444929599762,0.3445424735546112,0.12390738725662231,0.15827128291130066,0.5772979259490967,0.37309110164642334,0.14356353878974915,0.039145100861787796,0.01896216906607151,0.03251979500055313,0.08111568540334702,0.43780288100242615,0.8496116995811462,0.4692169427871704,0.5209717154502869,0.17555224895477295,0.6597933173179626,0.19292737543582916,0.10574813932180405,0.6933473944664001,0.8013516068458557,0.20054590702056885,0.6407192945480347,0.46951067447662354,0.5316475033760071,0.2731650471687317,0.5806055068969727,0.1100856363773346,0.12345733493566513,0.5780526995658875,0.12317228317260742,0.8072288036346436,0.04770809784531593,0.9531313180923462,0.10209888964891434,0.09025051444768906,1.4796198606491089,0.8315451741218567,0.016960201784968376
1,0.04231419786810875,0.11325858533382416,0.12007728219032288,0.18149404227733612,1.1713365316390991,0.9366581439971924,0.22503380477428436,0.4109255373477936,2.0904457569122314,0.3443033993244171,0.09740886837244034,0.1704084426164627,0.07373231649398804,0.8118664622306824,0.0,0.027786336839199066,0.252687007188797,0.25834929943084717,0.3278330862522125,0.09971123188734055,0.00446954183280468,0.2246915102005005,0.03661079332232475,0.3006749749183655,0.23894008994102478,0.6086355447769165,0.5031619071960449,0.18077345192432404,0.0,0.07538516074419022,0.0,0.03424561768770218,0.06327694654464722,0.4231918752193451,0.02336784265935421,0.06615491956472397,0.0,0.10602470487356186,0.8264203071594238,0.060720350593328476,0.12821416556835175,0.19594329595565796,0.023952262476086617,0.09165605157613754,0.8566906452178955,0.6967084407806396,0.1592072993516922,0.28505179286003113,0.29242613911628723,0.4292886555194855,0.208072230219841,0.6456825137138367,0.17285390198230743,0.005391827318817377,0.3110361099243164,1.3608121871948242,0.31704181432724,0.5630502104759216,0.0,0.7624137997627258,0.2723737061023712,0.026926128193736076,0.5086269974708557,0.07099265605211258,0.7548953890800476,0.04171409830451012,0.1272536814212799,0.08877207338809967,0.7067475914955139,0.17174206674098969,0.7837634682655334,0.2950415015220642,0.2450309842824936,0.7556946873664856,0.12561210989952087,0.7819747924804688,0.4064043462276459,0.05600292608141899,0.6232708096504211,0.6063297390937805,0.364266037940979,0.04520462453365326,0.46435004472732544,0.15061308443546295,0.0,1.741339087486267,0.30208560824394226,0.0,0.38521337509155273,0.6454448699951172,0.3445424735546112,0.12390737980604172,0.15827128291130066,0.5772979259490967,0.3730911314487457,0.14356352388858795,0.0391450896859169,0.018962174654006958,0.032519787549972534,0.0811157077550888,0.43780291080474854,0.849611759185791,0.46921685338020325,0.5209717750549316,0.17555224895477295,0.6597933769226074,0.19292733073234558,0.10574819147586823,0.6933474540710449,0.8013516664505005,0.20054590702056885,0.6407192945480347,0.46951064467430115,0.5316475033760071,0.2731650769710541,0.580605685710907,0.110085628926754,0.12345732003450394,0.5780526995658875,0.12317228317260742,0.8072288036346436,0.04770810902118683,0.9531311988830566,0.10209890455007553,0.09025051444768906,1.4796198606491089,0.8315451741218567,0.016960225999355316
0,0.22673878073692322,0.28961965441703796,0.3208630681037903,0.9832736253738403,0.4646947681903839,0.22298596799373627,0.024378595873713493,0.3439251184463501,0.020456446334719658,0.23686181008815765,0.28573065996170044,0.11554928869009018,0.01292407512664795,0.5289015173912048,0.0,0.06745901703834534,0.7105696201324463,0.823183000087738,0.048294272273778915,0.0029325843788683414,0.4438534379005432,0.7437821626663208,0.0,0.12967154383659363,0.01661265455186367,0.42853593826293945,0.007163241971284151,0.6087568998336792,0.10728002339601517,0.28217536211013794,0.4544053077697754,0.0,0.43912121653556824,0.4176751673221588,0.3984155058860779,0.5583887100219727,0.0,0.025229673832654953,0.16855427622795105,0.07440745830535889,0.906571090221405,0.23638685047626495,0.05412977933883667,0.11744260787963867,0.04736042767763138,0.0,0.25702306628227234,0.0,0.3339051604270935,0.052643537521362305,0.5419043302536011,0.06058027595281601,0.4764052927494049,0.37485936284065247,0.0,0.012673977762460709,0.5700163841247559,0.058922179043293,0.0,0.29362842440605164,0.04771186783909798,0.0,0.3347235918045044,0.03916110470890999,0.498445063829422,0.5231788158416748,0.13195882737636566,0.23969484865665436,0.0,0.6134116053581238,0.09648485481739044,0.1470106989145279,0.9989343285560608,1.0148284435272217,0.3204241394996643,0.2150370478630066,0.29670628905296326,0.01107427105307579,0.07242326438426971,0.0,0.09104322642087936,0.04526415839791298,0.0,0.5251035690307617,0.00783427245914936,0.6837469339370728,0.0,0.01998707465827465,0.37176305055618286,0.0018764056731015444,0.6653792262077332,0.12990595400333405,0.6472689509391785,0.0,0.127413809299469,0.610441267490387,0.39939820766448975,0.0,0.07464037835597992,0.07311522215604782,0.09179262816905975,0.32514718174934387,0.17225059866905212,0.3123167157173157,0.32576149702072144,0.4213738441467285,0.45603978633880615,0.3436081111431122,0.3434068262577057,0.0017668067011982203,0.0,0.07007502764463425,1.3388524055480957,0.010166266933083534,0.005132181569933891,0.372625470161438,0.0,0.0,0.0,0.2582048177719116,0.4207005500793457,0.11275263130664825,0.05341328680515289,0.6115432381629944,0.3278850018978119,0.3695821762084961,0.0,0.053430162370204926
1,0.0338345430791378,0.12857210636138916,0.12855200469493866,0.12544530630111694,1.020715355873108,0.7492135763168335,0.20703892409801483,0.33718040585517883,2.1868603229522705,0.31158962845802307,0.07716957479715347,0.07816348969936371,0.31331637501716614,0.5739193558692932,0.00011531124619068578,0.03324701637029648,0.23221302032470703,0.204763263463974,0.28096985816955566,0.324083149433136,0.0,0.16367045044898987,0.1824091374874115,0.17554421722888947,0.5530675649642944,0.47978153824806213,0.6633723974227905,0.13639749586582184,0.020077088847756386,0.029588183388113976,0.0,0.11106634885072708,0.0639529749751091,0.58236163854599,0.05705231800675392,0.060949817299842834,0.02927406132221222,0.2810652554035187,0.8606044054031372,0.09962805360555649,0.09774179756641388,0.15349622070789337,0.023085422813892365,0.1042151004076004,1.021477460861206,0.7110228538513184,0.15142279863357544,0.5889615416526794,0.30227118730545044,0.47494176030158997,0.20382101833820343,0.5985643267631531,0.12795913219451904,0.018786074593663216,0.46126672625541687,1.2633247375488281,0.2344401776790619,0.34219664335250854,0.014853387139737606,0.6039125323295593,0.26428210735321045,0.1151113286614418,0.49873286485671997,0.10077966004610062,0.9138565063476562,0.01904267631471157,0.1580827534198761,0.22555921971797943,0.8568869233131409,0.2101486623287201,0.929669201374054,0.42590925097465515,0.1682557463645935,0.56195467710495,0.14473754167556763,0.6723544597625732,0.5767645835876465,0.14605294167995453,0.5952499508857727,0.7987096905708313,0.46628910303115845,0.0390532910823822,0.692578136920929,0.11484937369823456,0.009358772076666355,1.937768816947937,0.45055273175239563,0.003046678379178047,0.8212757706642151,0.59543776512146,0.2195555865764618,0.21646715700626373,0.1304728239774704,0.7453363537788391,0.3829304575920105,0.11474791914224625,0.0134138073772192,0.044485267251729965,0.05177713558077812,0.078213632106781,0.5833621025085449,0.7753912806510925,0.7174094915390015,0.578633725643158,0.14785094559192657,0.41705748438835144,0.17578814923763275,0.09676336497068405,0.4811616539955139,0.7920938730239868,0.4539012908935547,0.6234650611877441,0.6525484323501587,0.5895721912384033,0.3284049928188324,0.4465985894203186,0.3474317491054535,0.3570268750190735,0.7144613862037659,0.013147014193236828,0.3960649371147156,0.0386023223400116,0.8455049395561218,0.13851973414421082,0.09735007584095001,1.3566206693649292,1.2192676067352295,0.17381052672863007
1,0.0,0.24033023416996002,0.160805344581604,0.6783962249755859,0.7899118065834045,0.25150617957115173,0.07988031953573227,0.22281630337238312,0.3717685639858246,0.2192503958940506,0.25734245777130127,0.4150151014328003,0.01002108957618475,0.7645416855812073,0.004986465442925692,0.09139849990606308,0.7844464778900146,0.4683050811290741,0.17533119022846222,0.022035138681530952,0.06789032369852066,0.618798553943634,0.0,0.14562761783599854,0.23702873289585114,0.34831929206848145,0.09358096122741699,0.6468449234962463,0.00299421907402575,0.1451379656791687,0.06221938133239746,0.0,0.13511137664318085,0.6124207973480225,0.30621984601020813,0.277286559343338,0.0051234387792646885,0.07815520465373993,0.27242380380630493,0.0037199275102466345,0.4443225860595703,0.15661922097206116,0.10989215224981308,0.05058598145842552,0.16163089871406555,0.15899978578090668,0.27129217982292175,0.12326812744140625,0.161964550614357,0.042927250266075134,0.5228174924850464,0.1756732314825058,0.501171886920929,0.17867542803287506,0.06703930348157883,0.35670873522758484,0.705102264881134,0.205977201461792,0.002105192979797721,0.3218939006328583,0.1501617729663849,0.0016865379875525832,0.2716980576515198,0.030673330649733543,0.5412986874580383,0.18171079456806183,0.03276596590876579,0.1067388653755188,0.11761780828237534,0.7303623557090759,0.39397677779197693,0.2505353093147278,0.7551960349082947,0.9403350949287415,0.3711993396282196,0.5152503252029419,0.3753634989261627,0.13366086781024933,0.07664492726325989,0.13602207601070404,0.40775787830352783,0.013125077821314335,0.0,0.5423968434333801,0.003529331646859646,0.7922291159629822,0.10428331047296524,0.05545680224895477,0.5701852440834045,0.07961653918027878,0.3604308068752289,0.24282477796077728,0.553365170955658,0.05689204856753349,0.13057135045528412,0.5937780737876892,0.08254369348287582,0.12105361372232437,0.008875484578311443,0.11784445494413376,0.09893106669187546,0.1990116685628891,0.36337319016456604,0.51108717918396,0.37791740894317627,0.30565452575683594,0.598728597164154,0.19553036987781525,0.4870477616786957,0.030258415266871452,0.0,0.29329466819763184,0.9596559405326843,0.013311970978975296,0.07955937832593918,0.04599088057875633,0.012671693228185177,0.0,0.010361782275140285,0.2122497409582138,0.30001506209373474,0.07611947506666183,0.2812207043170929,0.40933963656425476,0.38673266768455505,0.5412898659706116,0.11541852355003357,0.0
1,0.030203280970454216,0.17239932715892792,0.12741032242774963,0.2951726019382477,0.9423751831054688,0.5084167718887329,0.14951516687870026,0.32024919986724854,1.9021480083465576,0.21874652802944183,0.11139453202486038,0.1678619235754013,0.4152807295322418,0.4775548279285431,0.0,0.10931673645973206,0.5104789137840271,0.2072693407535553,0.27045348286628723,0.3725300133228302,0.005860278382897377,0.22020870447158813,0.1495847851037979,0.10940611362457275,0.5739588141441345,0.3071659505367279,0.5538713932037354,0.43633291125297546,0.014271396212279797,0.010985753498971462,0.0,0.16152465343475342,0.044191766530275345,0.7478626370429993,0.31129029393196106,0.1055617406964302,0.1216290295124054,0.1840870976448059,0.7234269380569458,0.09375178813934326,0.18685269355773926,0.1340920478105545,0.06842935085296631,0.09278243035078049,0.7303273677825928,0.54802006483078,0.17601262032985687,0.4940756857395172,0.28473028540611267,0.3878345489501953,0.3017826974391937,0.40061530470848083,0.07404512912034988,0.1030348464846611,0.47895383834838867,0.8059031963348389,0.35778719186782837,0.23000773787498474,0.002156610134989023,0.4590269923210144,0.18354973196983337,0.09101462364196777,0.5078132152557373,0.028700025752186775,0.948324978351593,0.025105858221650124,0.1559796780347824,0.17682424187660217,0.6955715417861938,0.6264896988868713,0.8588704466819763,0.3696326017379761,0.264859139919281,0.4206341803073883,0.24489034712314606,0.396283894777298,0.4272819757461548,0.09268700331449509,0.42306283116340637,0.5932822823524475,0.36492064595222473,0.037619978189468384,0.5231688022613525,0.3076745867729187,0.0,1.5082978010177612,0.36214664578437805,0.06710048019886017,0.9219681024551392,0.47686225175857544,0.1773013472557068,0.10527932643890381,0.2719586193561554,0.4505199193954468,0.32194846868515015,0.35056349635124207,0.014965918846428394,0.020415039733052254,0.05681338533759117,0.0763104110956192,0.45927372574806213,0.5644978880882263,0.4662427008152008,0.46344539523124695,0.16975419223308563,0.332328736782074,0.38552990555763245,0.16896353662014008,0.5776097774505615,0.4751395881175995,0.3888208270072937,0.4073324203491211,0.6021510362625122,0.4776366949081421,0.1940009742975235,0.3833268880844116,0.2610096335411072,0.2554471790790558,0.4928325414657593,0.01993277296423912,0.22434401512145996,0.030622851103544235,0.571293830871582,0.2112671434879303,0.25756099820137024,1.0289497375488281,0.9573392271995544,0.26959335803985596
1,0.03092767857015133,0.11575736105442047,0.10895179957151413,0.1271001398563385,1.1083658933639526,0.8088313937187195,0.20267459750175476,0.3590184152126312,2.295551300048828,0.28009840846061707,0.07128090411424637,0.09684861451387405,0.3519163429737091,0.5732407569885254,0.0,0.03716689720749855,0.2332400232553482,0.20072835683822632,0.30192819237709045,0.33820322155952454,0.0,0.13445468246936798,0.16389137506484985,0.15465831756591797,0.5785102248191833,0.4525156319141388,0.6644811630249023,0.1573697328567505,0.02273016981780529,0.009986120276153088,0.0,0.12829077243804932,0.05009416863322258,0.6301167011260986,0.08256743848323822,0.05451478809118271,0.05558985099196434,0.25524193048477173,0.849134624004364,0.09532003104686737,0.091852568089962,0.13586097955703735,0.0727107897400856,0.09584356099367142,1.0219916105270386,0.7355991005897522,0.1585167944431305,0.5663047432899475,0.3190039098262787,0.47306546568870544,0.19608557224273682,0.5706204771995544,0.07197951525449753,0.01828998513519764,0.47553494572639465,1.2484790086746216,0.2216208428144455,0.3684096932411194,0.009477969259023666,0.6016095280647278,0.25179317593574524,0.08313644677400589,0.5142689347267151,0.0558127835392952,0.9397048950195312,0.00662141153588891,0.14926548302173615,0.2230394184589386,0.8508740067481995,0.22245313227176666,0.9932231307029724,0.3823390603065491,0.1484338343143463,0.5124185681343079,0.1414121389389038,0.5986227989196777,0.5082135200500488,0.0890529602766037,0.5964851379394531,0.7843966484069824,0.4293753206729889,0.034757476300001144,0.6678508520126343,0.12153540551662445,0.0,1.9181692600250244,0.4531171917915344,0.005233576986938715,0.8405834436416626,0.541785717010498,0.20261633396148682,0.1609584093093872,0.12539301812648773,0.7281835675239563,0.38837796449661255,0.12509509921073914,0.006562718190252781,0.02050825022161007,0.05148771405220032,0.06772203743457794,0.6158157587051392,0.7778692841529846,0.6621764898300171,0.5294548273086548,0.12596812844276428,0.42115846276283264,0.1685662567615509,0.08109959959983826,0.5723153352737427,0.7631805539131165,0.45193013548851013,0.6031093001365662,0.6180385947227478,0.6252837181091309,0.2967327833175659,0.4932998716831207,0.3142198920249939,0.3502785265445709,0.7335441708564758,0.017605992034077644,0.39988282322883606,0.03325945511460304,0.8081920742988586,0.129710391163826,0.09994811564683914,1.3671492338180542,1.1466144323349,0.18767553567886353
1,0.04095146059989929,0.23490186035633087,0.1502690464258194,0.7284968495368958,0.8475901484489441,0.3461587727069855,0.0901532769203186,0.2927332818508148,0.5129136443138123,0.2026880532503128,0.23993957042694092,0.41138920187950134,0.01833265833556652,0.7613652348518372,0.0,0.07776401937007904,0.8035621643066406,0.4806967079639435,0.1482452005147934,0.0063303387723863125,0.08750582486391068,0.5024756789207458,0.0,0.15563710033893585,0.17043375968933105,0.32139286398887634,0.0925958976149559,0.7075509428977966,0.0,0.13485489785671234,0.056020379066467285,0.0,0.10383817553520203,0.6608833074569702,0.3513786792755127,0.2629745304584503,0.0,0.01663585565984249,0.2930004596710205,0.01616317220032215,0.41930344700813293,0.1183714047074318,0.14888809621334076,0.03848138824105263,0.16289077699184418,0.17352570593357086,0.28887680172920227,0.06382258981466293,0.12547391653060913,0.07246502488851547,0.49137941002845764,0.19726411998271942,0.46809646487236023,0.20751668512821198,0.07026202231645584,0.38353919982910156,0.6757299900054932,0.1801079511642456,0.0,0.31388625502586365,0.13907256722450256,0.0,0.23777778446674347,0.0,0.607360303401947,0.24071796238422394,0.03853553906083107,0.1006794199347496,0.12163124233484268,0.8109159469604492,0.39467644691467285,0.21068596839904785,0.7289021611213684,0.9520033001899719,0.32227179408073425,0.4607703685760498,0.3538467586040497,0.11000550538301468,0.040816765278577805,0.1361027956008911,0.3527672290802002,0.02193927951157093,0.001908605103380978,0.5564591884613037,0.005941362585872412,0.7743673324584961,0.08853718638420105,0.08679179102182388,0.43904611468315125,0.08711496740579605,0.41142967343330383,0.18025563657283783,0.5544654726982117,0.03006172738969326,0.08589896559715271,0.6971898674964905,0.08476496487855911,0.06626391410827637,0.004286725074052811,0.06762173026800156,0.12767523527145386,0.2549465596675873,0.24863898754119873,0.46147170662879944,0.39592698216438293,0.3304309844970703,0.5606212019920349,0.19587837159633636,0.5258817672729492,0.10425344109535217,0.0,0.28829988837242126,0.8353686928749084,0.044164061546325684,0.04955959692597389,0.07421161234378815,0.0,0.0,0.0696185752749443,0.28465741872787476,0.35451674461364746,0.04682941362261772,0.33362284302711487,0.3816687762737274,0.4566976726055145,0.5193914771080017,0.048600032925605774,0.0
0,0.40691453218460083,1.0349061489105225,0.8020639419555664,0.7264279723167419,1.3129085302352905,0.033347439020872116,0.8030816912651062,1.3278906345367432,0.004599851556122303,1.2742788791656494,1.0343304872512817,0.0,0.0,0.43213313817977905,0.0,0.10925574600696564,0.5561698079109192,1.2110569477081299,1.0797220468521118,0.0,0.2036704272031784,1.0433399677276611,0.014505078084766865,0.8942496180534363,0.022756507620215416,0.1722072809934616,0.0,0.35243985056877136,0.5719543099403381,1.0535398721694946,0.9677869081497192,0.0,1.4469550848007202,0.11947309225797653,0.1745559424161911,0.7628478407859802,0.0,0.0,0.5393125414848328,1.1679190397262573,1.5549945831298828,1.085110068321228,0.03301401436328888,0.8930439352989197,0.6196356415748596,0.0,0.2586512863636017,0.0,1.3193269968032837,0.7626543045043945,1.7410556077957153,0.0,0.1259818822145462,0.06842733174562454,0.0,0.0,0.11706104129552841,1.0594422817230225,0.0,1.6244592666625977,0.007124681491404772,0.00035145110450685024,0.030031980946660042,0.3600611388683319,0.2969614863395691,1.157377004623413,0.844796359539032,1.2334010601043701,0.0,0.321043998003006,0.02638823166489601,0.03428017348051071,1.7238781452178955,0.48106902837753296,0.3832578659057617,0.07846377789974213,0.13155341148376465,0.000955961353611201,1.0657246112823486,0.0,0.035572491586208344,0.5342976450920105,0.0,0.45778584480285645,0.0,1.1519259214401245,0.0,0.018855974078178406,0.06554345786571503,0.477161705493927,1.111518144607544,0.025460045784711838,0.671663761138916,0.0,1.0328007936477661,0.20944249629974365,0.7933841943740845,0.0,0.9881488680839539,1.1297715902328491,0.027669280767440796,0.546396791934967,0.020961342379450798,0.04443233832716942,1.3706142902374268,1.2467104196548462,0.2171943634748459,1.0892298221588135,0.22188445925712585,0.0,0.0,0.00648850342258811,0.6958926916122437,0.5167307257652283,0.0020096334628760815,0.7566474676132202,0.0,0.0,0.0,0.0,0.0877939835190773,0.6653480529785156,0.0,0.9455916285514832,0.32955124974250793,1.1718800067901611,0.0,0.06055540591478348
1,0.04708210751414299,0.2441217601299286,0.1219945028424263,0.5456932783126831,0.7645939588546753,0.22578425705432892,0.08262025564908981,0.12068409472703934,0.6981198787689209,0.2103426605463028,0.23868675529956818,0.21684756875038147,0.18582141399383545,0.4357803463935852,0.039844632148742676,0.07964964210987091,0.7003062963485718,0.3016676604747772,0.1753237098455429,0.3739228844642639,0.02063230238854885,0.6019672155380249,0.08304910361766815,0.18415747582912445,0.5447750687599182,0.24396590888500214,0.2582162022590637,0.43995022773742676,0.010462217964231968,0.08901309967041016,0.025578638538718224,0.0,0.11816692352294922,0.8915078639984131,0.24247826635837555,0.16704359650611877,0.010587373748421669,0.32502108812332153,0.8075635433197021,0.024596387520432472,0.35755783319473267,0.23392942547798157,0.12377847731113434,0.06286652386188507,0.2833172082901001,0.3957422077655792,0.15690773725509644,0.4485603868961334,0.1975828856229782,0.08054337650537491,0.44636422395706177,0.35026636719703674,0.5706335306167603,0.08827302604913712,0.26111292839050293,0.39818495512008667,1.018675446510315,0.12094105780124664,0.0894450917840004,0.2857653498649597,0.1940518468618393,0.020291117951273918,0.4585118889808655,0.04484325274825096,0.7034294009208679,0.09317010641098022,0.11132627725601196,0.264091432094574,0.25218167901039124,0.6896356344223022,0.5339568853378296,0.2647457718849182,0.6700106263160706,0.9634907841682434,0.2923627197742462,0.5373217463493347,0.3929898738861084,0.024810029193758965,0.21512898802757263,0.3458832800388336,0.6359476447105408,0.054968949407339096,0.06332708150148392,0.43134474754333496,0.015186315402388573,1.1929504871368408,0.494914710521698,0.014652138575911522,1.2222466468811035,0.1556830257177353,0.1605832278728485,0.3603731095790863,0.41007670760154724,0.3221491873264313,0.22012345492839813,0.43660691380500793,0.08271899074316025,0.1634083390235901,0.016673248261213303,0.1288415491580963,0.41586247086524963,0.30932605266571045,0.40837711095809937,0.6968259215354919,0.312546968460083,0.2328641563653946,0.46770179271698,0.3761177361011505,0.5121341347694397,0.02167506143450737,0.05370931699872017,0.536516547203064,1.1139576435089111,0.1937289834022522,0.12511657178401947,0.15444965660572052,0.2554963529109955,0.11847194284200668,0.05303006246685982,0.05050582066178322,0.14504432678222656,0.1435248851776123,0.27927926182746887,0.4167812168598175,0.24683991074562073,0.5353734493255615,0.6198984980583191,0.1484222561120987
0,0.22570215165615082,0.28762468695640564,0.4862803816795349,1.1545016765594482,0.404355525970459,0.20846346020698547,0.018083197996020317,0.2916557490825653,0.04504542797803879,0.25838449597358704,0.28504401445388794,0.07477931678295135,0.1004728302359581,0.3372507095336914,0.0,0.06431429088115692,0.7331721186637878,0.72632896900177,0.0390867181122303,0.00920858420431614,0.6764608025550842,0.40564221143722534,0.0,0.12154977768659592,0.046735912561416626,0.1556445211172104,0.002577548148110509,0.5296956896781921,0.17822380363941193,0.37910982966423035,0.3007872700691223,0.0,0.42600658535957336,0.4213801324367523,0.3383607268333435,0.42587342858314514,0.0,0.008983303792774677,0.2802678048610687,0.062345582991838455,0.8906431794166565,0.3539940416812897,0.11100949347019196,0.08257286995649338,0.09792882949113846,0.0,0.3403906226158142,0.0,0.2821635901927948,0.10594116151332855,0.6155580878257751,0.01578715071082115,0.3943786025047302,0.3481059670448303,0.0,0.0,0.6296440362930298,0.03186057135462761,0.0,0.34577032923698425,0.03851371631026268,0.0,0.24152301251888275,0.14892981946468353,0.40998807549476624,0.48909637331962585,0.2274939864873886,0.3547263443470001,0.0,0.6102627515792847,0.0387611947953701,0.0751277357339859,0.8954566717147827,0.6603469848632812,0.27763041853904724,0.2687194049358368,0.28738832473754883,0.007429462857544422,0.05373286455869675,0.0,0.061010606586933136,0.116077721118927,0.0,0.5404693484306335,0.030025789514183998,0.5900300741195679,0.06442487984895706,0.04154517874121666,0.4686846137046814,0.0,0.792624831199646,0.13316811621189117,0.6513314247131348,0.0,0.1748327910900116,0.7196574807167053,0.4879639744758606,0.017659546807408333,0.059527333825826645,0.05709207057952881,0.0677892416715622,0.24676980078220367,0.10874305665493011,0.27291062474250793,0.24600228667259216,0.37038883566856384,0.5656018853187561,0.4567677974700928,0.38914650678634644,0.0,0.0,0.06753214448690414,1.575112223625183,0.024499746039509773,0.0020096104126423597,0.3264870047569275,0.0,0.0,0.0,0.2963123917579651,0.22668401896953583,0.1648862361907959,0.012969791889190674,0.34829097986221313,0.4160219132900238,0.34915831685066223,0.0,0.2962406277656555
1,0.19181939959526062,0.14469383656978607,0.2491982877254486,0.1309494823217392,1.3335978984832764,0.8203616738319397,0.34352046251296997,0.6130235195159912,2.021932601928711,0.4091733992099762,0.0853673666715622,0.205730602145195,0.16509364545345306,0.4527111053466797,0.0,0.037239376455545425,0.24718214571475983,0.2411402463912964,0.4833070635795593,0.25499868392944336,0.0,0.1964162290096283,0.11056267470121384,0.3808629810810089,0.4471285045146942,0.401189923286438,0.6141526103019714,0.107304148375988,0.09240454435348511,0.08179792761802673,0.007053506560623646,0.0796986073255539,0.06377705186605453,0.3677108883857727,0.06978267431259155,0.07035927474498749,0.005173771176487207,0.19448614120483398,0.9648642539978027,0.21641689538955688,0.14223693311214447,0.22801584005355835,0.047816142439842224,0.2691170275211334,0.9262321591377258,0.691550612449646,0.16024555265903473,0.4712871015071869,0.4261481761932373,0.5819989442825317,0.2531270682811737,0.6120237112045288,0.18211565911769867,0.024774868041276932,0.3551986813545227,1.3024996519088745,0.3011210858821869,0.5140671730041504,0.06665968149900436,0.7269546389579773,0.23518133163452148,0.14441567659378052,0.4655909836292267,0.15568631887435913,0.8434157967567444,0.012124196626245975,0.2967800796031952,0.13121788203716278,0.7514392137527466,0.23321235179901123,0.6400380730628967,0.25985535979270935,0.20350870490074158,0.6166879534721375,0.0945555567741394,0.6026851534843445,0.4405208230018616,0.05934743955731392,0.8473832607269287,0.5592851042747498,0.385379821062088,0.12095918506383896,0.49654442071914673,0.11706230044364929,0.0,1.9006792306900024,0.3276469111442566,0.0011157066328451037,0.48554152250289917,0.7740969657897949,0.2938939929008484,0.11792095750570297,0.1240713819861412,0.5982375741004944,0.5015879273414612,0.10735718160867691,0.012863809242844582,0.017553072422742844,0.10967984050512314,0.14142154157161713,0.5336768627166748,0.9224839210510254,0.28918081521987915,0.47160670161247253,0.25526466965675354,0.7063746452331543,0.14801307022571564,0.21653150022029877,0.6146498322486877,0.6901028752326965,0.2561185956001282,0.5373314023017883,0.44341376423835754,0.7756924033164978,0.29535916447639465,0.8763511776924133,0.26002660393714905,0.20623235404491425,0.6247084140777588,0.06580347567796707,0.5291392803192139,0.07259299606084824,0.8066058158874512,0.13422244787216187,0.09847139567136765,1.49272882938385,0.9739698171615601,0.12307623028755188
1,0.00320526584982872,0.13362808525562286,0.08626259118318558,0.264230340719223,0.8064830303192139,0.45495083928108215,0.11569290608167648,0.17515692114830017,1.6131638288497925,0.17215412855148315,0.1559782475233078,0.11516653746366501,0.32024046778678894,0.4671180546283722,0.00012056811829097569,0.07410664856433868,0.47676363587379456,0.2055581659078598,0.16486650705337524,0.3842827081680298,0.0,0.3026578426361084,0.15915624797344208,0.0911720022559166,0.6755769848823547,0.33696138858795166,0.5658113956451416,0.27439749240875244,0.009080138057470322,0.044940534979104996,0.0,0.1301841139793396,0.08238979429006577,0.733908474445343,0.14189302921295166,0.12494302541017532,0.045526012778282166,0.3188016712665558,0.6264113783836365,0.015167713165283203,0.19958500564098358,0.1374177634716034,0.1461966186761856,0.03381922468543053,0.6847760677337646,0.5760513544082642,0.11716378480195999,0.6192125678062439,0.15655562281608582,0.2116449922323227,0.34295839071273804,0.45267656445503235,0.24231557548046112,0.025790279731154442,0.4790320098400116,0.8786841034889221,0.3828715980052948,0.20647577941417694,0.048819538205862045,0.360504150390625,0.22307363152503967,0.10784658789634705,0.4228858947753906,0.034748516976833344,0.8762961030006409,0.02852344512939453,0.07195957750082016,0.21935534477233887,0.6166850924491882,0.439168244600296,0.8847239017486572,0.480118066072464,0.3128954768180847,0.49412500858306885,0.19547869265079498,0.5475938320159912,0.5600030422210693,0.11665892601013184,0.3015442192554474,0.7161554098129272,0.601607084274292,0.012631997466087341,0.46898746490478516,0.2446223795413971,0.007962054572999477,1.5293693542480469,0.4902353286743164,0.007669068407267332,1.1391527652740479,0.3554452061653137,0.1517818123102188,0.24219413101673126,0.2693530321121216,0.6021050810813904,0.2390119880437851,0.23467154800891876,0.020884579047560692,0.03627602756023407,0.015000657178461552,0.12172967940568924,0.48024672269821167,0.43926942348480225,0.7394605278968811,0.6882659196853638,0.1689547449350357,0.20519113540649414,0.31698110699653625,0.14394834637641907,0.5528924465179443,0.3265767991542816,0.3502176105976105,0.5464025139808655,0.9455663561820984,0.3669448792934418,0.27496424317359924,0.15806536376476288,0.38032329082489014,0.30815136432647705,0.44794461131095886,0.01292614545673132,0.12207069993019104,0.07377485930919647,0.6623253226280212,0.28290125727653503,0.20844225585460663,0.9711503982543945,1.1448237895965576,0.2837565839290619
0,0.9230302572250366,0.17333415150642395,0.6579543352127075,1.2782809734344482,0.36237141489982605,0.20472057163715363,0.3047981560230255,0.6431094408035278,0.004953702911734581,0.8207629919052124,0.25426384806632996,0.21805712580680847,0.0,0.4875304400920868,0.0,0.04292064905166626,0.3880861699581146,1.2886314392089844,0.08013656735420227,0.0005475569050759077,1.1579053401947021,0.7661320567131042,0.0,0.08534889668226242,0.022601187229156494,0.4181814193725586,0.012721612118184566,0.43997102975845337,0.5064671039581299,0.8096900582313538,0.60826575756073,0.0,0.6530977487564087,0.2478577047586441,0.3867493271827698,0.8946114778518677,0.0,0.004826806951314211,0.38889041543006897,0.25845009088516235,0.8189778923988342,0.6168301701545715,0.8783436417579651,0.3806413412094116,0.14530745148658752,0.0,1.3541711568832397,0.004228773061186075,0.7394968271255493,0.42613378167152405,0.6811376810073853,0.08730903267860413,0.4143878221511841,0.22434449195861816,0.0,0.015230163931846619,0.5642110705375671,0.09084009379148483,0.0,0.5658144950866699,0.059561748057603836,0.0,0.8810475468635559,0.30519768595695496,0.42226770520210266,0.8381925225257874,0.3461924195289612,0.7116286158561707,0.0,0.37443673610687256,0.12516477704048157,0.15950153768062592,0.8591722249984741,1.1602195501327515,0.2596191167831421,0.20107601583003998,0.2338504195213318,0.03705047443509102,0.03681889921426773,0.0,0.10297536849975586,0.6519118547439575,0.0,0.28544631600379944,0.0,0.9798691272735596,0.04070473462343216,0.013439234346151352,0.2205212265253067,0.02859090082347393,1.813374400138855,0.14159999787807465,0.3345642685890198,0.0,0.05534907057881355,0.2655459940433502,0.6996586918830872,0.012780828401446342,0.45564839243888855,0.0435018353164196,0.03490050509572029,1.043237566947937,0.18629877269268036,0.36328616738319397,0.26844522356987,0.5027891397476196,0.285534530878067,0.3964075446128845,0.14668747782707214,0.08975105732679367,0.0,0.10357744991779327,1.3167507648468018,0.22472073137760162,0.00216419599018991,0.7920264005661011,0.0,0.06302648782730103,0.0,0.39879652857780457,0.2173439860343933,0.4398227035999298,0.11964242160320282,0.17044761776924133,0.3367448151111603,0.6455323696136475,0.0,0.9513665437698364
1,0.10033486783504486,0.197464257478714,0.161231130361557,0.6690255403518677,0.9595943689346313,0.5005207061767578,0.13999755680561066,0.5630378127098083,0.6206415891647339,0.3010655641555786,0.2146708369255066,0.5313506722450256,0.010475757531821728,0.8351489305496216,0.0,0.06888237595558167,0.6383919715881348,0.6268402934074402,0.34762510657310486,0.003617310430854559,0.05571883171796799,0.5432988405227661,0.0,0.1903485357761383,0.10326429456472397,0.5036517381668091,0.1262252926826477,0.6551271677017212,0.002756451489403844,0.11093366891145706,0.062273696064949036,0.0,0.1361452043056488,0.4809023141860962,0.3226885199546814,0.269695907831192,0.0,0.003909590654075146,0.24296648800373077,0.08805488049983978,0.38944000005722046,0.10018335282802582,0.0943736657500267,0.05197345092892647,0.2040211409330368,0.16406866908073425,0.3865903317928314,0.03266642242670059,0.23101316392421722,0.14891700446605682,0.4443131387233734,0.22114451229572296,0.4176551401615143,0.21592891216278076,0.055856022983789444,0.47034958004951477,0.5006338953971863,0.27903661131858826,0.0,0.5015490055084229,0.1415853053331375,0.0,0.32726842164993286,0.0,0.5711009502410889,0.19935213029384613,0.05571742728352547,0.08704368025064468,0.13796819746494293,0.5981793403625488,0.36338359117507935,0.13854463398456573,0.6834640502929688,1.0624873638153076,0.38947051763534546,0.5009165406227112,0.41240039467811584,0.06840284913778305,0.14474964141845703,0.11201313883066177,0.32498201727867126,0.03959893435239792,0.018884535878896713,0.47091352939605713,0.003395062405616045,0.8989583253860474,0.04762202128767967,0.05002305656671524,0.2894609868526459,0.16456115245819092,0.47628673911094666,0.13501286506652832,0.48050037026405334,0.03590082749724388,0.08376538753509521,0.48013001680374146,0.06943393498659134,0.039787501096725464,0.017287850379943848,0.070784792304039,0.1261335164308548,0.4166257083415985,0.2610521614551544,0.4967046082019806,0.3813842535018921,0.38800638914108276,0.4477778971195221,0.14308655261993408,0.5170403718948364,0.17796394228935242,0.0,0.3383294939994812,0.7310764789581299,0.10707151144742966,0.02385818585753441,0.2374372035264969,0.0,0.0,0.1258387416601181,0.3279253840446472,0.4197559356689453,0.04996021091938019,0.4161917269229889,0.3087020218372345,0.32765716314315796,0.6110620498657227,0.020323466509580612,0.0
